scenario_point,algorithm_name,metric,mean,std,p95,ci95,n
"scenario_label=clustered,ber=0.0",DQTA(k_max=3),total_protocol_time_ms,16110.655850,83.839367,16255.942000,23.239087,50
"scenario_label=clustered,ber=0.0",DQTA(k_max=3),throughput_tags_per_sec,620.723660,3.228641,625.618128,0.894934,50
"scenario_label=clustered,ber=0.0",DQTA(k_max=3),system_efficiency,0.330644,0.001994,0.333803,0.000553,50
"scenario_label=clustered,ber=0.0",DQTA(k_max=3),collision_slots,9284.680000,56.183896,9385.600000,15.573382,50
"scenario_label=clustered,ber=0.0",DQTA(k_max=3),idle_slots,10960.420000,161.721616,11250.650000,44.826945,50
"scenario_label=clustered,ber=0.0",DQTA(k_max=3),total_energy_uj,8069284.677650,45199.903448,8123636.675444,12528.774029,50
"scenario_label=clustered,ber=0.0",DQTA(k_max=3),total_listening_energy_uj,8064905.121760,45211.616795,8119231.864269,12532.020803,50
"scenario_label=clustered,ber=0.0",DQTA(k_max=3),total_transmission_energy_uj,4379.555890,170.202873,4616.528925,47.177830,50
"scenario_label=clustered,ber=0.0",DQTA(k_max=3),total_bits,6047845.340000,341731.386313,6519284.850000,94723.107598,50
"scenario_label=clustered,ber=0.0",DQTA(k_max=3),avg_tag_bits,514.408986,34.235465,561.596135,9.489587,50
"scenario_label=clustered,ber=0.0",DQTA(k_max=3),avg_reader_bits,90.375548,0.558884,91.374920,0.154915,50
"scenario_label=clustered,ber=0.0",DQTA(k_max=3),avg_total_bits,604.784534,34.173139,651.928485,9.472311,50
"scenario_label=clustered,ber=0.0",DQTA(k_max=3),avg_query_efficiency,1.077082,0.006515,1.086886,0.001806,50
"scenario_label=clustered,ber=0.0",DQTA(k_max=3),peak_stack_depth,25.580000,1.341489,28.000000,0.371842,50
"scenario_label=clustered,ber=0.0",DQTA(k_max=3),avg_tag_responses,5.782494,0.189838,6.043345,0.052620,50
"scenario_label=clustered,ber=0.0",DRCT,total_protocol_time_ms,23157.086300,134.045605,23367.351125,37.155546,50
"scenario_label=clustered,ber=0.0",DRCT,throughput_tags_per_sec,431.847440,2.500287,435.608180,0.693044,50
"scenario_label=clustered,ber=0.0",DRCT,system_efficiency,0.335633,0.002003,0.338692,0.000555,50
"scenario_label=clustered,ber=0.0",DRCT,collision_slots,14896.740000,88.858707,15043.100000,24.630377,50
"scenario_label=clustered,ber=0.0",DRCT,idle_slots,4898.740000,88.858707,5045.100000,24.630377,50
"scenario_label=clustered,ber=0.0",DRCT,total_energy_uj,11617510.618735,73429.374251,11727704.294300,20353.584121,50
"scenario_label=clustered,ber=0.0",DRCT,energy_per_tag_uj,1161.751062,7.342937,1172.770429,2.035358,50
"scenario_label=clustered,ber=0.0",DRCT,total_reader_tx_energy_uj,3056.353200,19.208541,3086.467700,5.324336,50
"scenario_label=clustered,ber=0.0",DRCT,total_tag_tx_energy_uj,1623.936590,0.540766,1624.870625,0.149893,50
"scenario_label=clustered,ber=0.0",DRCT,total_listening_energy_uj,11612830.328945,73413.404432,11722994.514925,20349.157513,50
"scenario_label=clustered,ber=0.0",DRCT,total_transmission_energy_uj,4680.289790,19.519994,4710.924325,5.410666,50
"scenario_label=clustered,ber=0.0",DRCT,total_bits,4776049.780000,10255.799320,4792262.300000,2842.762536,50
"scenario_label=clustered,ber=0.0",DRCT,avg_tag_bits,324.787318,0.108153,324.974125,0.029979,50
"scenario_label=clustered,ber=0.0",DRCT,avg_reader_bits,152.817660,0.960427,154.323385,0.266217,50
"scenario_label=clustered,ber=0.0",DRCT,avg_total_bits,477.604978,1.025580,479.226230,0.284276,50
"scenario_label=clustered,ber=0.0",DRCT,avg_query_efficiency,0.671311,0.004006,0.677429,0.001111,50
"scenario_label=clustered,ber=0.0",DRCT,peak_stack_depth,13.260000,0.828325,14.550000,0.229600,50
"scenario_label=clustered,ber=0.0",DRCT,avg_tag_responses,75.617252,0.019375,75.651775,0.005371,50
"scenario_label=clustered,ber=0.0",EAQ_CBB,total_protocol_time_ms,26328.782550,541.201789,27332.855812,150.013482,50
"scenario_label=clustered,ber=0.0",EAQ_CBB,throughput_tags_per_sec,379.969365,7.791050,392.796258,2.159569,50
"scenario_label=clustered,ber=0.0",EAQ_CBB,system_efficiency,0.490145,0.015507,0.517395,0.004298,50
"scenario_label=clustered,ber=0.0",EAQ_CBB,collision_slots,10422.240000,648.694216,11589.400000,179.808863,50
"scenario_label=clustered,ber=0.0",EAQ_CBB,idle_slots,0.000000,0.000000,0.000000,0.000000,50
"scenario_label=clustered,ber=0.0",EAQ_CBB,total_energy_uj,13167448.726587,281911.498081,13652726.967062,78141.880539,50
"scenario_label=clustered,ber=0.0",EAQ_CBB,total_listening_energy_uj,13163192.506068,281820.694917,13648297.610962,78116.711186,50
"scenario_label=clustered,ber=0.0",EAQ_CBB,total_transmission_energy_uj,4256.220520,91.459559,4429.356100,25.351296,50
"scenario_label=clustered,ber=0.0",EAQ_CBB,total_bits,3193076.720000,111403.855947,3398975.300000,30879.573420,50
"scenario_label=clustered,ber=0.0",EAQ_CBB,avg_tag_bits,141.995528,8.796038,157.906300,2.438137,50
"scenario_label=clustered,ber=0.0",EAQ_CBB,avg_reader_bits,177.312144,2.419919,181.943490,0.670767,50
"scenario_label=clustered,ber=0.0",EAQ_CBB,avg_total_bits,319.307672,11.140386,339.897530,3.087957,50
"scenario_label=clustered,ber=0.0",EAQ_CBB,avg_query_efficiency,0.963120,0.059780,1.072087,0.016570,50
"scenario_label=clustered,ber=0.0",EAQ_CBB,peak_stack_depth,2456.800000,7.356796,2468.650000,2.039200,50
"scenario_label=clustered,ber=0.0",EAQ_CBB,avg_tag_responses,4.356904,0.191297,4.718720,0.053025,50
"scenario_label=clustered,ber=0.0",EMDT,total_protocol_time_ms,13669.552950,104.252623,13836.664125,28.897353,50
"scenario_label=clustered,ber=0.0",EMDT,throughput_tags_per_sec,731.594479,5.574157,740.494387,1.545077,50
"scenario_label=clustered,ber=0.0",EMDT,system_efficiency,0.502015,0.005810,0.509958,0.001610,50
"scenario_label=clustered,ber=0.0",EMDT,collision_slots,5934.460000,105.736718,6100.300000,29.308723,50
"scenario_label=clustered,ber=0.0",EMDT,idle_slots,3987.880000,140.070775,4229.750000,38.825638,50
"scenario_label=clustered,ber=0.0",EMDT,total_energy_uj,6838264.217900,59181.111046,6924314.198913,16404.167056,50
"scenario_label=clustered,ber=0.0",EMDT,total_listening_energy_uj,6837039.123260,59181.503671,6923094.699113,16404.275886,50
"scenario_label=clustered,ber=0.0",EMDT,total_transmission_energy_uj,1225.094640,7.128027,1235.668400,1.975788,50
"scenario_label=clustered,ber=0.0",EMDT,total_bits,1720053.720000,6153.659101,1729714.600000,1705.707279,50
"scenario_label=clustered,ber=0.0",EMDT,avg_tag_bits,147.667520,0.376753,148.250720,0.104431,50
"scenario_label=clustered,ber=0.0",EMDT,avg_reader_bits,24.337852,0.280398,24.742520,0.077722,50
"scenario_label=clustered,ber=0.0",EMDT,avg_total_bits,172.005372,0.615366,172.971460,0.170571,50
"scenario_label=clustered,ber=0.0",EMDT,avg_query_efficiency,1.685597,0.030006,1.734636,0.008317,50
"scenario_label=clustered,ber=0.0",EMDT,peak_stack_depth,46.900000,1.693324,50.000000,0.469366,50
"scenario_label=clustered,ber=0.0",EMDT,avg_tag_responses,5.311094,0.021750,5.343495,0.006029,50
"scenario_label=clustered,ber=0.0",HT_EEAC,total_protocol_time_ms,79526.313750,1623.093626,82703.232000,449.898600,50
"scenario_label=clustered,ber=0.0",HT_EEAC,throughput_tags_per_sec,125.795484,2.547802,129.849752,0.706215,50
"scenario_label=clustered,ber=0.0",HT_EEAC,system_efficiency,0.061655,0.001334,0.063786,0.000370,50
"scenario_label=clustered,ber=0.0",HT_EEAC,collision_slots,146342.500000,3570.817281,153269.400000,989.780052,50
"scenario_label=clustered,ber=0.0",HT_EEAC,idle_slots,5924.800000,144.235352,6188.750000,39.980000,50
"scenario_label=clustered,ber=0.0",HT_EEAC,total_energy_uj,46807438.952710,1108998.876583,49011993.230895,307398.805376,50
"scenario_label=clustered,ber=0.0",HT_EEAC,total_listening_energy_uj,46798568.451510,1108817.570968,49002761.469295,307348.550024,50
"scenario_label=clustered,ber=0.0",HT_EEAC,total_transmission_energy_uj,8870.501200,184.319748,9231.761600,51.090828,50
"scenario_label=clustered,ber=0.0",HT_EEAC,total_bits,7031360.600000,134993.263085,7295080.000000,37418.223483,50
"scenario_label=clustered,ber=0.0",HT_EEAC,avg_tag_bits,346.148000,5.713308,357.231040,1.583648,50
"scenario_label=clustered,ber=0.0",HT_EEAC,avg_reader_bits,356.988060,7.788609,372.282240,2.158892,50
"scenario_label=clustered,ber=0.0",HT_EEAC,avg_total_bits,703.136060,13.499326,729.508000,3.741822,50
"scenario_label=clustered,ber=0.0",HT_EEAC,avg_query_efficiency,0.068372,0.001653,0.071003,0.000458,50
"scenario_label=clustered,ber=0.0",HT_EEAC,avg_tag_responses,254.679438,12.442840,277.047485,3.448979,50
"scenario_label=clustered,ber=0.0",LAPCT,total_protocol_time_ms,29658.296825,11.494194,29678.405250,3.186028,50
"scenario_label=clustered,ber=0.0",LAPCT,throughput_tags_per_sec,337.173828,0.130656,337.341019,0.036216,50
"scenario_label=clustered,ber=0.0",LAPCT,system_efficiency,0.498019,0.000248,0.498449,0.000069,50
"scenario_label=clustered,ber=0.0",LAPCT,collision_slots,10073.760000,10.742933,10088.100000,2.977789,50
"scenario_label=clustered,ber=0.0",LAPCT,idle_slots,5.780000,2.169266,8.000000,0.601290,50
"scenario_label=clustered,ber=0.0",LAPCT,total_energy_uj,14844270.014165,6864.067744,14857051.535150,1902.622509,50
"scenario_label=clustered,ber=0.0",LAPCT,total_listening_energy_uj,14837873.984195,6768.397980,14850511.882150,1876.104203,50
"scenario_label=clustered,ber=0.0",LAPCT,total_transmission_energy_uj,6396.029970,118.642420,6635.756975,32.886001,50
"scenario_label=clustered,ber=0.0",LAPCT,total_bits,6416035.860000,234553.909980,6890470.150000,65015.026838,50
"scenario_label=clustered,ber=0.0",LAPCT,avg_tag_bits,429.069450,23.364536,476.345555,6.476319,50
"scenario_label=clustered,ber=0.0",LAPCT,avg_reader_bits,212.534136,0.101700,212.713180,0.028190,50
"scenario_label=clustered,ber=0.0",LAPCT,avg_total_bits,641.603586,23.455391,689.047015,6.501503,50
"scenario_label=clustered,ber=0.0",LAPCT,avg_query_efficiency,0.992679,0.001059,0.994441,0.000294,50
"scenario_label=clustered,ber=0.0",LAPCT,peak_stack_depth,17.720000,0.881557,19.000000,0.244355,50
"scenario_label=clustered,ber=0.0",LAPCT,avg_tag_responses,11.909184,0.368887,12.618020,0.102250,50
"scenario_label=clustered,ber=0.0",NLHQT(n=2),total_protocol_time_ms,25144.637625,140.228196,25314.096250,38.869273,50
"scenario_label=clustered,ber=0.0",NLHQT(n=2),throughput_tags_per_sec,397.711304,2.231194,402.429159,0.618456,50
"scenario_label=clustered,ber=0.0",NLHQT(n=2),system_efficiency,0.348752,0.000988,0.350114,0.000274,50
"scenario_label=clustered,ber=0.0",NLHQT(n=2),collision_slots,18673.920000,81.246121,18813.850000,22.520276,50
"scenario_label=clustered,ber=0.0",NLHQT(n=2),idle_slots,0.000000,0.000000,0.000000,0.000000,50
"scenario_label=clustered,ber=0.0",NLHQT(n=2),total_energy_uj,12600692.449845,78923.444647,12702966.872012,21876.462738,50
"scenario_label=clustered,ber=0.0",NLHQT(n=2),total_listening_energy_uj,12595929.890305,78896.896845,12698173.841212,21869.104063,50
"scenario_label=clustered,ber=0.0",NLHQT(n=2),total_transmission_energy_uj,4762.559540,27.924173,4794.628550,7.740186,50
"scenario_label=clustered,ber=0.0",NLHQT(n=2),total_bits,4398322.180000,23344.772242,4423293.100000,6470.840729,50
"scenario_label=clustered,ber=0.0",NLHQT(n=2),avg_tag_bits,268.938988,1.300594,270.132010,0.360506,50
"scenario_label=clustered,ber=0.0",NLHQT(n=2),avg_reader_bits,170.893230,1.097948,172.198800,0.304336,50
"scenario_label=clustered,ber=0.0",NLHQT(n=2),avg_total_bits,439.832218,2.334477,442.329310,0.647084,50
"scenario_label=clustered,ber=0.0",NLHQT(n=2),avg_query_efficiency,0.535516,0.002329,0.538731,0.000645,50
"scenario_label=clustered,ber=0.0",NLHQT(n=2),peak_stack_depth,20.360000,1.138563,22.000000,0.315594,50
"scenario_label=clustered,ber=0.0",NLHQT(n=2),avg_tag_responses,39.769494,0.318911,40.066005,0.088398,50
"scenario_label=clustered,ber=0.0",SGCT,total_protocol_time_ms,10166.953775,90.870545,10322.864687,25.188030,50
"scenario_label=clustered,ber=0.0",SGCT,throughput_tags_per_sec,983.655678,8.779597,995.716731,2.433580,50
"scenario_label=clustered,ber=0.0",SGCT,system_efficiency,0.782056,0.003363,0.786711,0.000932,50
"scenario_label=clustered,ber=0.0",SGCT,collision_slots,2787.040000,55.032814,2883.600000,15.254318,50
"scenario_label=clustered,ber=0.0",SGCT,idle_slots,0.000000,0.000000,0.000000,0.000000,50
"scenario_label=clustered,ber=0.0",SGCT,total_energy_uj,5081159.010180,43861.854376,5137831.552687,12157.885749,50
"scenario_label=clustered,ber=0.0",SGCT,total_listening_energy_uj,5079562.524700,43850.434097,5136228.608812,12154.720209,50
"scenario_label=clustered,ber=0.0",SGCT,total_transmission_energy_uj,1596.485480,17.997006,1632.197725,4.988515,50
"scenario_label=clustered,ber=0.0",SGCT,total_bits,1548189.520000,22837.838053,1607896.550000,6330.325741,50
"scenario_label=clustered,ber=0.0",SGCT,avg_tag_bits,99.992904,2.070175,105.559495,0.573823,50
"scenario_label=clustered,ber=0.0",SGCT,avg_reader_bits,54.826048,0.642255,55.933055,0.178024,50
"scenario_label=clustered,ber=0.0",SGCT,avg_total_bits,154.818952,2.283784,160.789655,0.633033,50
"scenario_label=clustered,ber=0.0",SGCT,avg_query_efficiency,3.589403,0.070671,3.688478,0.019589,50
"scenario_label=clustered,ber=0.0",SGCT,peak_stack_depth,34.920000,1.664025,37.550000,0.461244,50
"scenario_label=clustered,ber=0.0",SGCT,progressive_probe_count,1395.860000,27.688508,1444.400000,7.674863,50
"scenario_label=clustered,ber=0.0",SGCT,signature_grouping_trigger_count,1390.680000,27.202521,1436.650000,7.540154,50
"scenario_label=clustered,ber=0.0",SGCT,local_short_id_trigger_count,129.000000,0.000000,129.000000,0.000000,50
"scenario_label=clustered,ber=0.0",SGCT,signature_groups_pruned,41822.700000,408.180945,42514.300000,113.141985,50
"scenario_label=clustered,ber=0.0",SGCT,sparse_signature_groups,11388.180000,27.092954,11432.100000,7.509784,50
"scenario_label=clustered,ber=0.0",SGCT,signature_marker_bits,32939.940000,831.371977,35180.000000,230.444555,50
"scenario_label=clustered,ber=0.0",SGCT,signature_marker_tag_bits,32939.940000,831.371977,35180.000000,230.444555,50
"scenario_label=clustered,ber=0.0",SGCT,signature_non_idle_marker_count,11388.180000,27.092954,11432.100000,7.509784,50
"scenario_label=clustered,ber=0.0",SGCT,signature_collision_groups,1391.180000,27.374716,1439.200000,7.587884,50
"scenario_label=clustered,ber=0.0",SGCT,signature_singleton_groups,9997.000000,2.626397,10000.000000,0.728000,50
"scenario_label=clustered,ber=0.0",SGCT,low_d_fallback_count,1.500000,1.313198,4.000000,0.364000,50
"scenario_label=clustered,ber=0.0",SGCT,suffix_signature_trigger_count,0.000000,0.000000,0.000000,0.000000,50
"scenario_label=clustered,ber=0.0",SGCT,hash_short_id_round_count,0.000000,0.000000,0.000000,0.000000,50
"scenario_label=clustered,ber=0.0",SGCT,hash_short_id_split_count,0.000000,0.000000,0.000000,0.000000,50
"scenario_label=clustered,ber=0.0",SGCT,hash_short_id_collision_groups,0.000000,0.000000,0.000000,0.000000,50
"scenario_label=clustered,ber=0.0",SGCT,hash_short_id_singleton_groups,0.000000,0.000000,0.000000,0.000000,50
"scenario_label=clustered,ber=0.0",SGCT,small_cluster_guard_count,0.000000,0.000000,0.000000,0.000000,50
"scenario_label=clustered,ber=0.0",SGCT,max_signature_d,8.000000,0.000000,8.000000,0.000000,50
"scenario_label=clustered,ber=0.0",SGCT,epc_verification_count,10000.000000,0.000000,10000.000000,0.000000,50
"scenario_label=clustered,ber=0.0",SGCT,verify_fail_count,0.000000,0.000000,0.000000,0.000000,50
"scenario_label=clustered,ber=0.0",SGCT,avg_tag_responses,6.589324,0.166403,7.037060,0.046124,50
"scenario_label=clustered,ber=0.0001",DQTA(k_max=3),total_protocol_time_ms,16148.079825,83.923141,16284.966813,23.262308,50
"scenario_label=clustered,ber=0.0001",DQTA(k_max=3),throughput_tags_per_sec,619.285050,3.215171,624.192453,0.891200,50
"scenario_label=clustered,ber=0.0001",DQTA(k_max=3),system_efficiency,0.330025,0.001761,0.332770,0.000488,50
"scenario_label=clustered,ber=0.0001",DQTA(k_max=3),collision_slots,9307.760000,56.605170,9395.950000,15.690153,50
"scenario_label=clustered,ber=0.0001",DQTA(k_max=3),idle_slots,10993.800000,141.626413,11252.350000,39.256839,50
"scenario_label=clustered,ber=0.0001",DQTA(k_max=3),total_energy_uj,8095452.597512,46275.098923,8166207.521262,12826.803009,50
"scenario_label=clustered,ber=0.0001",DQTA(k_max=3),total_listening_energy_uj,8091017.614402,46243.643339,8161749.308888,12818.083966,50
"scenario_label=clustered,ber=0.0001",DQTA(k_max=3),total_transmission_energy_uj,4434.983110,206.913339,4729.117400,57.353451,50
"scenario_label=clustered,ber=0.0001",DQTA(k_max=3),total_bits,6150776.900000,414245.574872,6758967.550000,114823.015187,50
"scenario_label=clustered,ber=0.0001",DQTA(k_max=3),avg_tag_bits,524.438046,41.453974,585.921180,11.490455,50
"scenario_label=clustered,ber=0.0001",DQTA(k_max=3),avg_reader_bits,90.639644,0.566065,91.500080,0.156905,50
"scenario_label=clustered,ber=0.0001",DQTA(k_max=3),avg_total_bits,615.077690,41.424557,675.896755,11.482302,50
"scenario_label=clustered,ber=0.0001",DQTA(k_max=3),avg_query_efficiency,1.074411,0.006525,1.084152,0.001809,50
"scenario_label=clustered,ber=0.0001",DQTA(k_max=3),peak_stack_depth,25.340000,1.099350,27.000000,0.304724,50
"scenario_label=clustered,ber=0.0001",DQTA(k_max=3),avg_tag_responses,5.837068,0.227879,6.162540,0.063165,50
"scenario_label=clustered,ber=0.0001",DRCT,total_protocol_time_ms,23159.107175,145.202617,23398.921500,40.248112,50
"scenario_label=clustered,ber=0.0001",DRCT,throughput_tags_per_sec,431.812150,2.697711,435.728271,0.747767,50
"scenario_label=clustered,ber=0.0001",DRCT,system_efficiency,0.335581,0.002196,0.338640,0.000609,50
"scenario_label=clustered,ber=0.0001",DRCT,collision_slots,14899.140000,97.862254,15053.200000,27.126033,50
"scenario_label=clustered,ber=0.0001",DRCT,idle_slots,4901.140000,97.862254,5055.200000,27.126033,50
"scenario_label=clustered,ber=0.0001",DRCT,total_energy_uj,11623607.772992,88983.215620,11755304.683344,24664.888989,50
"scenario_label=clustered,ber=0.0001",DRCT,energy_per_tag_uj,1162.360777,8.898322,1175.530468,2.466489,50
"scenario_label=clustered,ber=0.0001",DRCT,total_reader_tx_energy_uj,3056.760960,20.848904,3091.315900,5.779021,50
"scenario_label=clustered,ber=0.0001",DRCT,total_tag_tx_energy_uj,1623.826450,0.471490,1624.726625,0.130690,50
"scenario_label=clustered,ber=0.0001",DRCT,total_listening_energy_uj,11618927.185583,88964.310266,11750592.834194,24659.648693,50
"scenario_label=clustered,ber=0.0001",DRCT,total_transmission_energy_uj,4680.587410,21.135890,4715.672650,5.858570,50
"scenario_label=clustered,ber=0.0001",DRCT,total_bits,4776033.380000,11017.493655,4794371.450000,3053.893434,50
"scenario_label=clustered,ber=0.0001",DRCT,avg_tag_bits,324.765290,0.094298,324.945325,0.026138,50
"scenario_label=clustered,ber=0.0001",DRCT,avg_reader_bits,152.838048,1.042445,154.565795,0.288951,50
"scenario_label=clustered,ber=0.0001",DRCT,avg_total_bits,477.603338,1.101749,479.437145,0.305389,50
"scenario_label=clustered,ber=0.0001",DRCT,avg_query_efficiency,0.671208,0.004392,0.677326,0.001218,50
"scenario_label=clustered,ber=0.0001",DRCT,peak_stack_depth,13.240000,0.686904,14.000000,0.190400,50
"scenario_label=clustered,ber=0.0001",DRCT,avg_tag_responses,75.619964,0.022906,75.660995,0.006349,50
"scenario_label=clustered,ber=0.0001",EAQ_CBB,total_protocol_time_ms,26397.708875,660.502348,27433.559063,183.081910,50
"scenario_label=clustered,ber=0.0001",EAQ_CBB,throughput_tags_per_sec,379.055310,9.573243,389.004079,2.653568,50
"scenario_label=clustered,ber=0.0001",EAQ_CBB,system_efficiency,0.488108,0.019199,0.507554,0.005322,50
"scenario_label=clustered,ber=0.0001",EAQ_CBB,collision_slots,10518.000000,798.274057,11794.000000,221.270279,50
"scenario_label=clustered,ber=0.0001",EAQ_CBB,idle_slots,0.000000,0.000000,0.000000,0.000000,50
"scenario_label=clustered,ber=0.0001",EAQ_CBB,total_energy_uj,13207967.499858,331313.696342,13737849.022225,91835.471262,50
"scenario_label=clustered,ber=0.0001",EAQ_CBB,total_listening_energy_uj,13203702.675278,331205.056183,13733403.107025,91805.357747,50
"scenario_label=clustered,ber=0.0001",EAQ_CBB,total_transmission_energy_uj,4264.824580,108.972308,4445.915200,30.205583,50
"scenario_label=clustered,ber=0.0001",EAQ_CBB,total_bits,3201329.840000,130620.039644,3420341.150000,36206.027790,50
"scenario_label=clustered,ber=0.0001",EAQ_CBB,avg_tag_bits,142.522340,10.188250,159.411835,2.824039,50
"scenario_label=clustered,ber=0.0001",EAQ_CBB,avg_reader_bits,177.610644,2.943015,182.172450,0.815762,50
"scenario_label=clustered,ber=0.0001",EAQ_CBB,avg_total_bits,320.132984,13.062004,342.034115,3.620603,50
"scenario_label=clustered,ber=0.0001",EAQ_CBB,avg_query_efficiency,0.956287,0.075000,1.030687,0.020789,50
"scenario_label=clustered,ber=0.0001",EAQ_CBB,peak_stack_depth,2458.100000,5.887552,2465.550000,1.631946,50
"scenario_label=clustered,ber=0.0001",EAQ_CBB,avg_tag_responses,4.372752,0.224771,4.749270,0.062303,50
"scenario_label=clustered,ber=0.0001",EMDT,total_protocol_time_ms,13754.129250,102.070569,13890.177500,28.292518,50
"scenario_label=clustered,ber=0.0001",EMDT,throughput_tags_per_sec,727.093842,5.425416,737.456696,1.503849,50
"scenario_label=clustered,ber=0.0001",EMDT,system_efficiency,0.500184,0.005645,0.509583,0.001565,50
"scenario_label=clustered,ber=0.0001",EMDT,collision_slots,6024.600000,103.804762,6168.000000,28.773212,50
"scenario_label=clustered,ber=0.0001",EMDT,idle_slots,3970.540000,134.591629,4159.950000,37.306896,50
"scenario_label=clustered,ber=0.0001",EMDT,total_energy_uj,6878373.528635,68966.465278,6969505.417225,19116.528867,50
"scenario_label=clustered,ber=0.0001",EMDT,total_listening_energy_uj,6877139.531515,68966.607032,6968274.413625,19116.568159,50
"scenario_label=clustered,ber=0.0001",EMDT,total_transmission_energy_uj,1233.997120,7.206176,1245.587600,1.997450,50
"scenario_label=clustered,ber=0.0001",EMDT,total_bits,1730085.200000,6201.552511,1740496.000000,1718.982655,50
"scenario_label=clustered,ber=0.0001",EMDT,avg_tag_bits,148.411552,0.375865,149.065200,0.104184,50
"scenario_label=clustered,ber=0.0001",EMDT,avg_reader_bits,24.596968,0.283227,25.010920,0.078507,50
"scenario_label=clustered,ber=0.0001",EMDT,avg_total_bits,173.008520,0.620155,174.049600,0.171898,50
"scenario_label=clustered,ber=0.0001",EMDT,avg_query_efficiency,1.660351,0.028996,1.714480,0.008037,50
"scenario_label=clustered,ber=0.0001",EMDT,peak_stack_depth,47.020000,1.477588,50.000000,0.409566,50
"scenario_label=clustered,ber=0.0001",EMDT,avg_tag_responses,5.323642,0.020859,5.352705,0.005782,50
"scenario_label=clustered,ber=0.0001",HT_EEAC,total_protocol_time_ms,79659.686700,1344.165376,82186.537875,372.583633,50
"scenario_label=clustered,ber=0.0001",HT_EEAC,throughput_tags_per_sec,125.568873,2.108685,128.756716,0.584498,50
"scenario_label=clustered,ber=0.0001",HT_EEAC,system_efficiency,0.061536,0.001106,0.063207,0.000307,50
"scenario_label=clustered,ber=0.0001",HT_EEAC,collision_slots,146635.560000,2944.556085,152091.800000,816.189305,50
"scenario_label=clustered,ber=0.0001",HT_EEAC,idle_slots,5922.720000,129.567103,6138.650000,35.914169,50
"scenario_label=clustered,ber=0.0001",HT_EEAC,total_energy_uj,46773762.140184,901762.121269,48140293.345578,249955.707499,50
"scenario_label=clustered,ber=0.0001",HT_EEAC,total_listening_energy_uj,46764876.491384,901615.866089,48131119.980178,249915.167631,50
"scenario_label=clustered,ber=0.0001",HT_EEAC,total_transmission_energy_uj,8885.648800,152.743416,9173.279600,42.338315,50
"scenario_label=clustered,ber=0.0001",HT_EEAC,total_bits,7042451.120000,111689.666297,7251784.300000,30958.796007,50
"scenario_label=clustered,ber=0.0001",HT_EEAC,avg_tag_bits,346.616896,4.711290,355.346880,1.305903,50
"scenario_label=clustered,ber=0.0001",HT_EEAC,avg_reader_bits,357.628216,6.460312,369.796460,1.790707,50
"scenario_label=clustered,ber=0.0001",HT_EEAC,avg_total_bits,704.245112,11.168967,725.178430,3.095880,50
"scenario_label=clustered,ber=0.0001",HT_EEAC,avg_query_efficiency,0.068223,0.001362,0.070299,0.000378,50
"scenario_label=clustered,ber=0.0001",HT_EEAC,avg_tag_responses,255.291500,10.581000,270.650665,2.932904,50
"scenario_label=clustered,ber=0.0001",LAPCT,total_protocol_time_ms,29657.148625,11.280986,29676.707813,3.126930,50
"scenario_label=clustered,ber=0.0001",LAPCT,throughput_tags_per_sec,337.186880,0.128225,337.337398,0.035542,50
"scenario_label=clustered,ber=0.0001",LAPCT,system_efficiency,0.497975,0.000248,0.498380,0.000069,50
"scenario_label=clustered,ber=0.0001",LAPCT,collision_slots,10075.240000,10.649442,10087.000000,2.951875,50
"scenario_label=clustered,ber=0.0001",LAPCT,idle_slots,6.080000,1.688376,8.000000,0.467994,50
"scenario_label=clustered,ber=0.0001",LAPCT,total_energy_uj,14843604.158670,6801.590588,14853893.505250,1885.304725,50
"scenario_label=clustered,ber=0.0001",LAPCT,total_listening_energy_uj,14837206.982400,6714.872064,14847345.628625,1861.267576,50
"scenario_label=clustered,ber=0.0001",LAPCT,total_transmission_energy_uj,6397.176270,104.567155,6579.386025,28.984537,50
"scenario_label=clustered,ber=0.0001",LAPCT,total_bits,6418676.460000,206419.403979,6777912.900000,57216.539646,50
"scenario_label=clustered,ber=0.0001",LAPCT,avg_tag_bits,429.345110,20.551641,465.095985,5.696624,50
"scenario_label=clustered,ber=0.0001",LAPCT,avg_reader_bits,212.522536,0.101111,212.701355,0.028027,50
"scenario_label=clustered,ber=0.0001",LAPCT,avg_total_bits,641.867646,20.641940,677.791290,5.721654,50
"scenario_label=clustered,ber=0.0001",LAPCT,avg_query_efficiency,0.992533,0.001050,0.994332,0.000291,50
"scenario_label=clustered,ber=0.0001",LAPCT,peak_stack_depth,17.600000,0.670059,18.550000,0.185731,50
"scenario_label=clustered,ber=0.0001",LAPCT,avg_tag_responses,11.897788,0.336878,12.496280,0.093378,50
"scenario_label=clustered,ber=0.0001",NLHQT(n=2),total_protocol_time_ms,25154.258325,181.757751,25363.783500,50.380678,50
"scenario_label=clustered,ber=0.0001",NLHQT(n=2),throughput_tags_per_sec,397.567495,2.894165,402.337569,0.802222,50
"scenario_label=clustered,ber=0.0001",NLHQT(n=2),system_efficiency,0.348361,0.001130,0.349805,0.000313,50
"scenario_label=clustered,ber=0.0001",NLHQT(n=2),collision_slots,18706.160000,93.281527,18862.600000,25.856320,50
"scenario_label=clustered,ber=0.0001",NLHQT(n=2),idle_slots,0.000000,0.000000,0.000000,0.000000,50
"scenario_label=clustered,ber=0.0001",NLHQT(n=2),total_energy_uj,12601986.339218,90022.561289,12709136.170112,24952.980911,50
"scenario_label=clustered,ber=0.0001",NLHQT(n=2),total_listening_energy_uj,12597223.195037,89988.138197,12704330.935612,24943.439316,50
"scenario_label=clustered,ber=0.0001",NLHQT(n=2),total_transmission_energy_uj,4763.144180,35.904626,4801.802350,9.952255,50
"scenario_label=clustered,ber=0.0001",NLHQT(n=2),total_bits,4397888.440000,29611.418907,4426994.200000,8207.866563,50
"scenario_label=clustered,ber=0.0001",NLHQT(n=2),avg_tag_bits,268.842180,1.599679,270.145850,0.443408,50
"scenario_label=clustered,ber=0.0001",NLHQT(n=2),avg_reader_bits,170.946664,1.419189,172.553830,0.393379,50
"scenario_label=clustered,ber=0.0001",NLHQT(n=2),avg_total_bits,439.788844,2.961142,442.699420,0.820787,50
"scenario_label=clustered,ber=0.0001",NLHQT(n=2),avg_query_efficiency,0.534596,0.002659,0.538000,0.000737,50
"scenario_label=clustered,ber=0.0001",NLHQT(n=2),peak_stack_depth,20.400000,1.010153,22.000000,0.280000,50
"scenario_label=clustered,ber=0.0001",NLHQT(n=2),avg_tag_responses,39.741090,0.398894,40.072925,0.110568,50
"scenario_label=clustered,ber=0.0001",SGCT,total_protocol_time_ms,10185.202375,80.825959,10279.916000,22.403813,50
"scenario_label=clustered,ber=0.0001",SGCT,throughput_tags_per_sec,981.877149,7.796020,993.521017,2.160947,50
"scenario_label=clustered,ber=0.0001",SGCT,system_efficiency,0.780511,0.002976,0.785003,0.000825,50
"scenario_label=clustered,ber=0.0001",SGCT,collision_slots,2812.300000,48.846803,2870.000000,13.539643,50
"scenario_label=clustered,ber=0.0001",SGCT,idle_slots,0.000000,0.000000,0.000000,0.000000,50
"scenario_label=clustered,ber=0.0001",SGCT,total_energy_uj,5093296.454290,48245.112717,5163573.939450,13372.862974,50
"scenario_label=clustered,ber=0.0001",SGCT,total_listening_energy_uj,5091698.358400,48233.058563,5161965.744100,13369.521733,50
"scenario_label=clustered,ber=0.0001",SGCT,total_transmission_energy_uj,1598.095890,15.961828,1632.594300,4.424393,50
"scenario_label=clustered,ber=0.0001",SGCT,total_bits,1548565.320000,20644.776690,1606605.000000,5722.440145,50
"scenario_label=clustered,ber=0.0001",SGCT,avg_tag_bits,99.935650,1.897449,105.566935,0.525946,50
"scenario_label=clustered,ber=0.0001",SGCT,avg_reader_bits,54.920882,0.573285,55.592165,0.158906,50
"scenario_label=clustered,ber=0.0001",SGCT,avg_total_bits,154.856532,2.064478,160.660500,0.572244,50
"scenario_label=clustered,ber=0.0001",SGCT,avg_query_efficiency,3.556861,0.061882,3.651236,0.017153,50
"scenario_label=clustered,ber=0.0001",SGCT,peak_stack_depth,35.420000,1.715357,38.550000,0.475473,50
"scenario_label=clustered,ber=0.0001",SGCT,progressive_probe_count,1395.540000,24.488406,1425.100000,6.787840,50
"scenario_label=clustered,ber=0.0001",SGCT,signature_grouping_trigger_count,1390.300000,24.409976,1420.650000,6.766100,50
"scenario_label=clustered,ber=0.0001",SGCT,local_short_id_trigger_count,129.000000,0.000000,129.000000,0.000000,50
"scenario_label=clustered,ber=0.0001",SGCT,signature_groups_pruned,41817.020000,366.209235,42271.750000,101.508021,50
"scenario_label=clustered,ber=0.0001",SGCT,sparse_signature_groups,11387.780000,24.391609,11419.100000,6.761009,50
"scenario_label=clustered,ber=0.0001",SGCT,signature_marker_bits,32888.640000,763.376409,35151.100000,211.597145,50
"scenario_label=clustered,ber=0.0001",SGCT,signature_marker_tag_bits,32888.640000,763.376409,35151.100000,211.597145,50
"scenario_label=clustered,ber=0.0001",SGCT,signature_non_idle_marker_count,11387.780000,24.391609,11419.100000,6.761009,50
"scenario_label=clustered,ber=0.0001",SGCT,signature_collision_groups,1390.820000,24.505468,1420.650000,6.792569,50
"scenario_label=clustered,ber=0.0001",SGCT,signature_singleton_groups,9996.960000,2.747615,10000.000000,0.761600,50
"scenario_label=clustered,ber=0.0001",SGCT,low_d_fallback_count,1.520000,1.373807,4.000000,0.380800,50
"scenario_label=clustered,ber=0.0001",SGCT,suffix_signature_trigger_count,0.000000,0.000000,0.000000,0.000000,50
"scenario_label=clustered,ber=0.0001",SGCT,hash_short_id_round_count,0.000000,0.000000,0.000000,0.000000,50
"scenario_label=clustered,ber=0.0001",SGCT,hash_short_id_split_count,0.000000,0.000000,0.000000,0.000000,50
"scenario_label=clustered,ber=0.0001",SGCT,hash_short_id_collision_groups,0.000000,0.000000,0.000000,0.000000,50
"scenario_label=clustered,ber=0.0001",SGCT,hash_short_id_singleton_groups,0.000000,0.000000,0.000000,0.000000,50
"scenario_label=clustered,ber=0.0001",SGCT,small_cluster_guard_count,0.000000,0.000000,0.000000,0.000000,50
"scenario_label=clustered,ber=0.0001",SGCT,max_signature_d,8.000000,0.000000,8.000000,0.000000,50
"scenario_label=clustered,ber=0.0001",SGCT,epc_verification_count,10025.940000,4.132549,10033.000000,1.145484,50
"scenario_label=clustered,ber=0.0001",SGCT,verify_fail_count,25.940000,4.132549,33.000000,1.145484,50
"scenario_label=clustered,ber=0.0001",SGCT,avg_tag_responses,6.584268,0.152748,7.036400,0.042340,50
"scenario_label=clustered,ber=0.001",DQTA(k_max=3),total_protocol_time_ms,16417.698750,79.813583,16549.808125,22.123196,50
"scenario_label=clustered,ber=0.001",DQTA(k_max=3),throughput_tags_per_sec,609.112862,2.959377,613.155082,0.820297,50
"scenario_label=clustered,ber=0.001",DQTA(k_max=3),system_efficiency,0.328401,0.001393,0.330345,0.000386,50
"scenario_label=clustered,ber=0.001",DQTA(k_max=3),collision_slots,9481.700000,53.417207,9566.750000,14.806494,50
"scenario_label=clustered,ber=0.001",DQTA(k_max=3),idle_slots,10969.380000,98.757772,11114.300000,27.374258,50
"scenario_label=clustered,ber=0.001",DQTA(k_max=3),total_energy_uj,8215763.111293,45015.725822,8282606.215850,12477.722596,50
"scenario_label=clustered,ber=0.001",DQTA(k_max=3),total_listening_energy_uj,8211280.132842,44964.066184,8277502.791025,12463.403274,50
"scenario_label=clustered,ber=0.001",DQTA(k_max=3),total_transmission_energy_uj,4482.978450,260.693666,4874.705725,72.260598,50
"scenario_label=clustered,ber=0.001",DQTA(k_max=3),total_bits,6185148.240000,518806.496904,6967857.550000,143805.824097,50
"scenario_label=clustered,ber=0.001",DQTA(k_max=3),avg_tag_bits,525.821202,51.805223,604.079955,14.359675,50
"scenario_label=clustered,ber=0.001",DQTA(k_max=3),avg_reader_bits,92.693622,0.531008,93.553650,0.147188,50
"scenario_label=clustered,ber=0.001",DQTA(k_max=3),avg_total_bits,618.514824,51.880650,696.785755,14.380582,50
"scenario_label=clustered,ber=0.001",DQTA(k_max=3),avg_query_efficiency,1.054696,0.005939,1.062547,0.001646,50
"scenario_label=clustered,ber=0.001",DQTA(k_max=3),peak_stack_depth,25.740000,1.046081,27.000000,0.289959,50
"scenario_label=clustered,ber=0.001",DQTA(k_max=3),avg_tag_responses,5.864262,0.284885,6.308775,0.078966,50
"scenario_label=clustered,ber=0.001",DRCT,total_protocol_time_ms,23158.844250,137.776111,23393.471063,38.189590,50
"scenario_label=clustered,ber=0.001",DRCT,throughput_tags_per_sec,431.815461,2.570050,436.027422,0.712382,50
"scenario_label=clustered,ber=0.001",DRCT,system_efficiency,0.335622,0.002093,0.339028,0.000580,50
"scenario_label=clustered,ber=0.001",DRCT,collision_slots,14897.300000,92.858956,15051.250000,25.739189,50
"scenario_label=clustered,ber=0.001",DRCT,idle_slots,4899.300000,92.858956,5053.250000,25.739189,50
"scenario_label=clustered,ber=0.001",DRCT,total_energy_uj,11612465.267002,85267.711436,11747370.927650,23635.003773,50
"scenario_label=clustered,ber=0.001",DRCT,energy_per_tag_uj,1161.246527,8.526771,1174.737093,2.363500,50
"scenario_label=clustered,ber=0.001",DRCT,total_reader_tx_energy_uj,3056.797880,19.695409,3090.774700,5.459289,50
"scenario_label=clustered,ber=0.001",DRCT,total_tag_tx_energy_uj,1623.685920,0.559275,1624.479825,0.155023,50
"scenario_label=clustered,ber=0.001",DRCT,total_listening_energy_uj,11607784.783202,85251.188808,11742672.728925,23630.423934,50
"scenario_label=clustered,ber=0.001",DRCT,total_transmission_energy_uj,4680.483800,20.030315,4714.474625,5.552120,50
"scenario_label=clustered,ber=0.001",DRCT,total_bits,4775770.780000,10546.091547,4792787.200000,2923.227436,50
"scenario_label=clustered,ber=0.001",DRCT,avg_tag_bits,324.737184,0.111855,324.895965,0.031005,50
"scenario_label=clustered,ber=0.001",DRCT,avg_reader_bits,152.839894,0.984770,154.538735,0.272964,50
"scenario_label=clustered,ber=0.001",DRCT,avg_total_bits,477.577078,1.054609,479.278720,0.292323,50
"scenario_label=clustered,ber=0.001",DRCT,avg_query_efficiency,0.671288,0.004186,0.678102,0.001160,50
"scenario_label=clustered,ber=0.001",DRCT,peak_stack_depth,13.340000,0.871546,14.000000,0.241580,50
"scenario_label=clustered,ber=0.001",DRCT,avg_tag_responses,75.616454,0.021319,75.649500,0.005909,50
"scenario_label=clustered,ber=0.001",EAQ_CBB,total_protocol_time_ms,26469.465775,787.833949,27523.964063,218.376429,50
"scenario_label=clustered,ber=0.001",EAQ_CBB,throughput_tags_per_sec,378.116221,11.065708,394.075880,3.067258,50
"scenario_label=clustered,ber=0.001",EAQ_CBB,system_efficiency,0.486852,0.021623,0.519803,0.005994,50
"scenario_label=clustered,ber=0.001",EAQ_CBB,collision_slots,10580.920000,939.892413,11878.500000,260.524885,50
"scenario_label=clustered,ber=0.001",EAQ_CBB,idle_slots,0.000000,0.000000,0.000000,0.000000,50
"scenario_label=clustered,ber=0.001",EAQ_CBB,total_energy_uj,13238482.284722,390489.186061,13736554.995850,108238.080166,50
"scenario_label=clustered,ber=0.001",EAQ_CBB,total_listening_energy_uj,13234200.780353,390355.376457,13732091.060650,108200.990036,50
"scenario_label=clustered,ber=0.001",EAQ_CBB,total_transmission_energy_uj,4281.504370,134.275441,4463.935200,37.219253,50
"scenario_label=clustered,ber=0.001",EAQ_CBB,total_bits,3222723.740000,162984.915642,3450724.500000,45177.113720,50
"scenario_label=clustered,ber=0.001",EAQ_CBB,avg_tag_bits,144.262874,12.807370,162.228450,3.550022,50
"scenario_label=clustered,ber=0.001",EAQ_CBB,avg_reader_bits,178.009500,3.543993,182.548930,0.982345,50
"scenario_label=clustered,ber=0.001",EAQ_CBB,avg_total_bits,322.272374,16.298492,345.072450,4.517711,50
"scenario_label=clustered,ber=0.001",EAQ_CBB,avg_query_efficiency,0.952101,0.081141,1.082507,0.022491,50
"scenario_label=clustered,ber=0.001",EAQ_CBB,peak_stack_depth,2456.600000,7.303899,2468.650000,2.024537,50
"scenario_label=clustered,ber=0.001",EAQ_CBB,avg_tag_responses,4.410168,0.282283,4.806010,0.078245,50
"scenario_label=clustered,ber=0.001",EMDT,total_protocol_time_ms,14324.232250,113.841657,14478.764375,31.555297,50
"scenario_label=clustered,ber=0.001",EMDT,throughput_tags_per_sec,698.161147,5.579349,708.957713,1.546517,50
"scenario_label=clustered,ber=0.001",EMDT,system_efficiency,0.485043,0.005459,0.495600,0.001513,50
"scenario_label=clustered,ber=0.001",EMDT,collision_slots,6615.600000,117.718273,6787.350000,32.629841,50
"scenario_label=clustered,ber=0.001",EMDT,idle_slots,4003.660000,129.112925,4196.100000,35.788277,50
"scenario_label=clustered,ber=0.001",EMDT,total_energy_uj,7171184.039240,71732.326111,7291695.864613,19883.186376,50
"scenario_label=clustered,ber=0.001",EMDT,total_listening_energy_uj,7169896.813240,71731.830185,7290412.206813,19883.048912,50
"scenario_label=clustered,ber=0.001",EMDT,total_transmission_energy_uj,1287.226000,6.577917,1298.743400,1.823306,50
"scenario_label=clustered,ber=0.001",EMDT,total_bits,1798552.040000,5158.671139,1808233.200000,1429.910687,50
"scenario_label=clustered,ber=0.001",EMDT,avg_tag_bits,153.991872,0.302579,154.461440,0.083871,50
"scenario_label=clustered,ber=0.001",EMDT,avg_reader_bits,25.863332,0.280022,26.328830,0.077618,50
"scenario_label=clustered,ber=0.001",EMDT,avg_total_bits,179.855204,0.515867,180.823320,0.142991,50
"scenario_label=clustered,ber=0.001",EMDT,avg_query_efficiency,1.512053,0.027216,1.566625,0.007544,50
"scenario_label=clustered,ber=0.001",EMDT,peak_stack_depth,46.680000,1.376775,49.000000,0.381623,50
"scenario_label=clustered,ber=0.001",EMDT,avg_tag_responses,5.382072,0.023560,5.413010,0.006530,50
"scenario_label=clustered,ber=0.001",HT_EEAC,total_protocol_time_ms,79654.160250,1464.234212,82035.902250,405.865017,50
"scenario_label=clustered,ber=0.001",HT_EEAC,throughput_tags_per_sec,125.584071,2.295943,129.322432,0.636403,50
"scenario_label=clustered,ber=0.001",HT_EEAC,system_efficiency,0.061542,0.001202,0.063517,0.000333,50
"scenario_label=clustered,ber=0.001",HT_EEAC,collision_slots,146606.100000,3220.382068,151915.800000,892.644367,50
"scenario_label=clustered,ber=0.001",HT_EEAC,idle_slots,5946.280000,144.094787,6168.450000,39.941037,50
"scenario_label=clustered,ber=0.001",HT_EEAC,total_energy_uj,46827970.678814,985698.949736,48574791.299300,273221.809334,50
"scenario_label=clustered,ber=0.001",HT_EEAC,total_listening_energy_uj,46819085.525294,985535.815336,48565618.840300,273176.590785,50
"scenario_label=clustered,ber=0.001",HT_EEAC,total_transmission_energy_uj,8885.153520,166.289675,9155.072400,46.093146,50
"scenario_label=clustered,ber=0.001",HT_EEAC,total_bits,7041849.960000,121771.027810,7240525.800000,33753.206851,50
"scenario_label=clustered,ber=0.001",HT_EEAC,avg_tag_bits,346.569760,5.152611,355.065280,1.428231,50
"scenario_label=clustered,ber=0.001",HT_EEAC,avg_reader_bits,357.615236,7.027394,368.989500,1.947894,50
"scenario_label=clustered,ber=0.001",HT_EEAC,avg_total_bits,704.184996,12.177103,724.052580,3.375321,50
"scenario_label=clustered,ber=0.001",HT_EEAC,avg_query_efficiency,0.068242,0.001489,0.070639,0.000413,50
"scenario_label=clustered,ber=0.001",HT_EEAC,avg_tag_responses,253.298540,11.230451,271.030990,3.112922,50
"scenario_label=clustered,ber=0.001",LAPCT,total_protocol_time_ms,29659.060625,10.519461,29677.038750,2.915846,50
"scenario_label=clustered,ber=0.001",LAPCT,throughput_tags_per_sec,337.165137,0.119588,337.336121,0.033148,50
"scenario_label=clustered,ber=0.001",LAPCT,system_efficiency,0.498025,0.000237,0.498380,0.000066,50
"scenario_label=clustered,ber=0.001",LAPCT,collision_slots,10073.240000,10.033739,10087.000000,2.781211,50
"scenario_label=clustered,ber=0.001",LAPCT,idle_slots,6.080000,1.793867,8.000000,0.497235,50
"scenario_label=clustered,ber=0.001",LAPCT,total_energy_uj,14845380.941058,7300.441738,14856546.119188,2023.579208,50
"scenario_label=clustered,ber=0.001",LAPCT,total_listening_energy_uj,14838965.645357,7204.394258,14849970.236038,1996.956205,50
"scenario_label=clustered,ber=0.001",LAPCT,total_transmission_energy_uj,6415.295700,118.735485,6596.126150,32.911797,50
"scenario_label=clustered,ber=0.001",LAPCT,total_bits,6454392.360000,234951.526303,6812611.600000,65125.240460,50
"scenario_label=clustered,ber=0.001",LAPCT,avg_tag_bits,432.899268,23.411331,468.606470,6.489290,50
"scenario_label=clustered,ber=0.001",LAPCT,avg_reader_bits,212.539968,0.094476,212.700835,0.026188,50
"scenario_label=clustered,ber=0.001",LAPCT,avg_total_bits,645.439236,23.495153,681.261160,6.512524,50
"scenario_label=clustered,ber=0.001",LAPCT,avg_query_efficiency,0.992730,0.000989,0.994332,0.000274,50
"scenario_label=clustered,ber=0.001",LAPCT,peak_stack_depth,17.640000,0.898070,19.000000,0.248932,50
"scenario_label=clustered,ber=0.001",LAPCT,avg_tag_responses,11.962382,0.367699,12.491705,0.101921,50
"scenario_label=clustered,ber=0.001",NLHQT(n=2),total_protocol_time_ms,25401.264900,168.878934,25599.831875,46.810852,50
"scenario_label=clustered,ber=0.001",NLHQT(n=2),throughput_tags_per_sec,393.698358,2.636165,399.065827,0.730708,50
"scenario_label=clustered,ber=0.001",NLHQT(n=2),system_efficiency,0.344522,0.000975,0.346027,0.000270,50
"scenario_label=clustered,ber=0.001",NLHQT(n=2),collision_slots,19025.920000,82.089508,19151.550000,22.754051,50
"scenario_label=clustered,ber=0.001",NLHQT(n=2),idle_slots,0.000000,0.000000,0.000000,0.000000,50
"scenario_label=clustered,ber=0.001",NLHQT(n=2),total_energy_uj,12734369.965620,90642.390808,12843574.310925,25124.788888,50
"scenario_label=clustered,ber=0.001",NLHQT(n=2),total_listening_energy_uj,12729571.549080,90610.180903,12838740.566725,25115.860758,50
"scenario_label=clustered,ber=0.001",NLHQT(n=2),total_transmission_energy_uj,4798.416540,33.233435,4834.697750,9.211838,50
"scenario_label=clustered,ber=0.001",NLHQT(n=2),total_bits,4416659.280000,27254.739582,4443660.400000,7554.628382,50
"scenario_label=clustered,ber=0.001",NLHQT(n=2),avg_tag_bits,268.993468,1.460741,270.172910,0.404897,50
"scenario_label=clustered,ber=0.001",NLHQT(n=2),avg_reader_bits,172.672460,1.318677,174.190840,0.365519,50
"scenario_label=clustered,ber=0.001",NLHQT(n=2),avg_total_bits,441.665928,2.725474,444.366040,0.755463,50
"scenario_label=clustered,ber=0.001",NLHQT(n=2),avg_query_efficiency,0.525608,0.002269,0.529116,0.000629,50
"scenario_label=clustered,ber=0.001",NLHQT(n=2),peak_stack_depth,20.540000,1.128662,23.000000,0.312849,50
"scenario_label=clustered,ber=0.001",NLHQT(n=2),avg_tag_responses,39.786734,0.364958,40.086455,0.101161,50
"scenario_label=clustered,ber=0.001",SGCT,total_protocol_time_ms,10355.057050,80.211860,10481.807563,22.233593,50
"scenario_label=clustered,ber=0.001",SGCT,throughput_tags_per_sec,965.768339,7.458383,977.061850,2.067358,50
"scenario_label=clustered,ber=0.001",SGCT,system_efficiency,0.766656,0.002913,0.771340,0.000807,50
"scenario_label=clustered,ber=0.001",SGCT,collision_slots,3043.840000,49.632264,3127.750000,13.757362,50
"scenario_label=clustered,ber=0.001",SGCT,idle_slots,0.000000,0.000000,0.000000,0.000000,50
"scenario_label=clustered,ber=0.001",SGCT,total_energy_uj,5169712.468458,47397.423121,5244768.373775,13137.895405,50
"scenario_label=clustered,ber=0.001",SGCT,total_listening_energy_uj,5168090.773987,47385.372420,5243121.817375,13134.555122,50
"scenario_label=clustered,ber=0.001",SGCT,total_transmission_energy_uj,1621.694470,18.234597,1655.829000,5.054372,50
"scenario_label=clustered,ber=0.001",SGCT,total_bits,1568678.180000,26107.888750,1624177.100000,7236.737550,50
"scenario_label=clustered,ber=0.001",SGCT,avg_tag_bits,101.044126,2.436629,106.207140,0.675399,50
"scenario_label=clustered,ber=0.001",SGCT,avg_reader_bits,55.823692,0.566174,56.697035,0.156935,50
"scenario_label=clustered,ber=0.001",SGCT,avg_total_bits,156.867818,2.610789,162.417710,0.723674,50
"scenario_label=clustered,ber=0.001",SGCT,avg_query_efficiency,3.286175,0.053305,3.373307,0.014775,50
"scenario_label=clustered,ber=0.001",SGCT,peak_stack_depth,36.740000,1.914606,39.550000,0.530702,50
"scenario_label=clustered,ber=0.001",SGCT,progressive_probe_count,1394.140000,24.485739,1430.300000,6.787101,50
"scenario_label=clustered,ber=0.001",SGCT,signature_grouping_trigger_count,1388.800000,24.367928,1424.950000,6.754445,50
"scenario_label=clustered,ber=0.001",SGCT,local_short_id_trigger_count,129.000000,0.000000,129.000000,0.000000,50
"scenario_label=clustered,ber=0.001",SGCT,signature_groups_pruned,41794.580000,365.323680,42335.700000,101.262558,50
"scenario_label=clustered,ber=0.001",SGCT,sparse_signature_groups,11386.220000,24.604040,11423.500000,6.819892,50
"scenario_label=clustered,ber=0.001",SGCT,signature_marker_bits,33086.040000,980.192733,35183.300000,271.695564,50
"scenario_label=clustered,ber=0.001",SGCT,signature_marker_tag_bits,33086.040000,980.192733,35183.300000,271.695564,50
"scenario_label=clustered,ber=0.001",SGCT,signature_non_idle_marker_count,11386.220000,24.604040,11423.500000,6.819892,50
"scenario_label=clustered,ber=0.001",SGCT,signature_collision_groups,1389.380000,24.209030,1424.400000,6.710401,50
"scenario_label=clustered,ber=0.001",SGCT,signature_singleton_groups,9996.840000,2.772754,10000.000000,0.768568,50
"scenario_label=clustered,ber=0.001",SGCT,low_d_fallback_count,1.580000,1.386377,4.000000,0.384284,50
"scenario_label=clustered,ber=0.001",SGCT,suffix_signature_trigger_count,0.000000,0.000000,0.000000,0.000000,50
"scenario_label=clustered,ber=0.001",SGCT,hash_short_id_round_count,0.000000,0.000000,0.000000,0.000000,50
"scenario_label=clustered,ber=0.001",SGCT,hash_short_id_split_count,0.000000,0.000000,0.000000,0.000000,50
"scenario_label=clustered,ber=0.001",SGCT,hash_short_id_collision_groups,0.000000,0.000000,0.000000,0.000000,50
"scenario_label=clustered,ber=0.001",SGCT,hash_short_id_singleton_groups,0.000000,0.000000,0.000000,0.000000,50
"scenario_label=clustered,ber=0.001",SGCT,small_cluster_guard_count,0.000000,0.000000,0.000000,0.000000,50
"scenario_label=clustered,ber=0.001",SGCT,max_signature_d,8.000000,0.000000,8.000000,0.000000,50
"scenario_label=clustered,ber=0.001",SGCT,epc_verification_count,10260.320000,16.186969,10283.750000,4.486799,50
"scenario_label=clustered,ber=0.001",SGCT,verify_fail_count,260.320000,16.186969,283.750000,4.486799,50
"scenario_label=clustered,ber=0.001",SGCT,avg_tag_responses,6.670656,0.195858,7.086040,0.054289,50
"scenario_label=clustered,ber=1e-05",DQTA(k_max=3),total_protocol_time_ms,16116.625650,86.251984,16239.905750,23.907830,50
"scenario_label=clustered,ber=1e-05",DQTA(k_max=3),throughput_tags_per_sec,620.494732,3.328247,627.282231,0.922543,50
"scenario_label=clustered,ber=1e-05",DQTA(k_max=3),system_efficiency,0.330319,0.001322,0.332325,0.000366,50
"scenario_label=clustered,ber=1e-05",DQTA(k_max=3),collision_slots,9287.720000,59.442320,9373.600000,16.476570,50
"scenario_label=clustered,ber=1e-05",DQTA(k_max=3),idle_slots,10986.540000,106.284411,11156.550000,29.460536,50
"scenario_label=clustered,ber=1e-05",DQTA(k_max=3),total_energy_uj,8068751.626325,45778.108235,8133483.605156,12689.044219,50
"scenario_label=clustered,ber=1e-05",DQTA(k_max=3),total_listening_energy_uj,8064323.539455,45748.690859,8129059.431781,12680.890138,50
"scenario_label=clustered,ber=1e-05",DQTA(k_max=3),total_transmission_energy_uj,4428.086870,209.507905,4820.413750,58.072629,50
"scenario_label=clustered,ber=1e-05",DQTA(k_max=3),total_bits,6143966.800000,420238.478157,6954754.250000,116484.163227,50
"scenario_label=clustered,ber=1e-05",DQTA(k_max=3),avg_tag_bits,523.989782,42.081216,605.525305,11.664318,50
"scenario_label=clustered,ber=1e-05",DQTA(k_max=3),avg_reader_bits,90.406898,0.592565,91.275470,0.164251,50
"scenario_label=clustered,ber=1e-05",DQTA(k_max=3),avg_total_bits,614.396680,42.023848,695.475425,11.648416,50
"scenario_label=clustered,ber=1e-05",DQTA(k_max=3),avg_query_efficiency,1.076734,0.006910,1.091185,0.001915,50
"scenario_label=clustered,ber=1e-05",DQTA(k_max=3),peak_stack_depth,25.720000,0.858095,27.000000,0.237852,50
"scenario_label=clustered,ber=1e-05",DQTA(k_max=3),avg_tag_responses,5.832738,0.231553,6.280840,0.064183,50
"scenario_label=clustered,ber=1e-05",DRCT,total_protocol_time_ms,23169.992700,185.884905,23451.631688,51.524667,50
"scenario_label=clustered,ber=1e-05",DRCT,throughput_tags_per_sec,431.619985,3.468882,437.500561,0.961525,50
"scenario_label=clustered,ber=1e-05",DRCT,system_efficiency,0.335398,0.002771,0.340154,0.000768,50
"scenario_label=clustered,ber=1e-05",DRCT,collision_slots,14907.660000,122.917528,15091.200000,34.071001,50
"scenario_label=clustered,ber=1e-05",DRCT,idle_slots,4909.660000,122.917528,5093.200000,34.071001,50
"scenario_label=clustered,ber=1e-05",DRCT,total_energy_uj,11628443.424995,101348.384381,11800376.837144,28092.338904,50
"scenario_label=clustered,ber=1e-05",DRCT,energy_per_tag_uj,1162.844342,10.134838,1180.037683,2.809234,50
"scenario_label=clustered,ber=1e-05",DRCT,total_reader_tx_energy_uj,3058.135120,26.587517,3098.650500,7.369684,50
"scenario_label=clustered,ber=1e-05",DRCT,total_tag_tx_energy_uj,1623.995650,0.685190,1625.024525,0.189925,50
"scenario_label=clustered,ber=1e-05",DRCT,total_listening_energy_uj,11623761.294225,101323.789318,11795655.960769,28085.521501,50
"scenario_label=clustered,ber=1e-05",DRCT,total_transmission_energy_uj,4682.130770,27.097268,4723.201475,7.510980,50
"scenario_label=clustered,ber=1e-05",DRCT,total_bits,4777058.860000,14335.214288,4798427.200000,3973.518675,50
"scenario_label=clustered,ber=1e-05",DRCT,avg_tag_bits,324.799130,0.137038,325.004905,0.037985,50
"scenario_label=clustered,ber=1e-05",DRCT,avg_reader_bits,152.906756,1.329376,154.932525,0.368484,50
"scenario_label=clustered,ber=1e-05",DRCT,avg_total_bits,477.705886,1.433521,479.842720,0.397352,50
"scenario_label=clustered,ber=1e-05",DRCT,avg_query_efficiency,0.670841,0.005543,0.680354,0.001536,50
"scenario_label=clustered,ber=1e-05",DRCT,peak_stack_depth,13.220000,0.840068,15.000000,0.232855,50
"scenario_label=clustered,ber=1e-05",DRCT,avg_tag_responses,75.619776,0.027129,75.660155,0.007520,50
"scenario_label=clustered,ber=1e-05",EAQ_CBB,total_protocol_time_ms,26386.918850,637.189453,27436.228875,176.619905,50
"scenario_label=clustered,ber=1e-05",EAQ_CBB,throughput_tags_per_sec,379.193472,9.208742,392.815600,2.552533,50
"scenario_label=clustered,ber=1e-05",EAQ_CBB,system_efficiency,0.488739,0.018100,0.516433,0.005017,50
"scenario_label=clustered,ber=1e-05",EAQ_CBB,collision_slots,10488.080000,752.080213,11656.100000,208.465999,50
"scenario_label=clustered,ber=1e-05",EAQ_CBB,idle_slots,0.000000,0.000000,0.000000,0.000000,50
"scenario_label=clustered,ber=1e-05",EAQ_CBB,total_energy_uj,13197676.179805,318649.855176,13704705.819069,88325.233580,50
"scenario_label=clustered,ber=1e-05",EAQ_CBB,total_listening_energy_uj,13193412.035435,318542.271585,13700252.300669,88295.412930,50
"scenario_label=clustered,ber=1e-05",EAQ_CBB,total_transmission_energy_uj,4264.144370,108.295240,4448.530725,30.017909,50
"scenario_label=clustered,ber=1e-05",EAQ_CBB,total_bits,3199949.140000,131450.637152,3424756.650000,36436.257673,50
"scenario_label=clustered,ber=1e-05",EAQ_CBB,avg_tag_bits,142.383594,10.336840,160.065505,2.865226,50
"scenario_label=clustered,ber=1e-05",EAQ_CBB,avg_reader_bits,177.611320,2.864937,182.408450,0.794120,50
"scenario_label=clustered,ber=1e-05",EAQ_CBB,avg_total_bits,319.994914,13.145064,342.475665,3.643626,50
"scenario_label=clustered,ber=1e-05",EAQ_CBB,avg_query_efficiency,0.958389,0.070433,1.067966,0.019523,50
"scenario_label=clustered,ber=1e-05",EAQ_CBB,peak_stack_depth,2457.680000,6.205462,2467.550000,1.720066,50
"scenario_label=clustered,ber=1e-05",EAQ_CBB,avg_tag_responses,4.366716,0.221702,4.741660,0.061453,50
"scenario_label=clustered,ber=1e-05",EMDT,total_protocol_time_ms,13703.821400,112.602429,13837.047625,31.211801,50
"scenario_label=clustered,ber=1e-05",EMDT,throughput_tags_per_sec,729.771944,6.021094,741.081181,1.668962,50
"scenario_label=clustered,ber=1e-05",EMDT,system_efficiency,0.500991,0.006639,0.513762,0.001840,50
"scenario_label=clustered,ber=1e-05",EMDT,collision_slots,5969.520000,113.960294,6103.100000,31.588182,50
"scenario_label=clustered,ber=1e-05",EMDT,idle_slots,3994.320000,162.998866,4210.950000,45.180980,50
"scenario_label=clustered,ber=1e-05",EMDT,total_energy_uj,6850886.052435,66034.266086,6958534.204563,18303.764717,50
"scenario_label=clustered,ber=1e-05",EMDT,total_listening_energy_uj,6849658.317075,66034.393451,6957300.454162,18303.800021,50
"scenario_label=clustered,ber=1e-05",EMDT,total_transmission_energy_uj,1227.735360,6.882999,1237.356400,1.907870,50
"scenario_label=clustered,ber=1e-05",EMDT,total_bits,1722160.560000,6117.004429,1729801.000000,1695.547123,50
"scenario_label=clustered,ber=1e-05",EMDT,avg_tag_bits,147.772384,0.388652,148.302560,0.107729,50
"scenario_label=clustered,ber=1e-05",EMDT,avg_reader_bits,24.443672,0.266375,24.885630,0.073835,50
"scenario_label=clustered,ber=1e-05",EMDT,avg_total_bits,172.216056,0.611700,172.980100,0.169555,50
"scenario_label=clustered,ber=1e-05",EMDT,avg_query_efficiency,1.675780,0.032293,1.733462,0.008951,50
"scenario_label=clustered,ber=1e-05",EMDT,peak_stack_depth,46.700000,1.403349,49.000000,0.388988,50
"scenario_label=clustered,ber=1e-05",EMDT,avg_tag_responses,5.317658,0.022048,5.348165,0.006111,50
"scenario_label=clustered,ber=1e-05",HT_EEAC,total_protocol_time_ms,79383.183450,1682.610252,81659.732625,466.395767,50
"scenario_label=clustered,ber=1e-05",HT_EEAC,throughput_tags_per_sec,126.027461,2.706667,130.412154,0.750250,50
"scenario_label=clustered,ber=1e-05",HT_EEAC,system_efficiency,0.061773,0.001416,0.064085,0.000392,50
"scenario_label=clustered,ber=1e-05",HT_EEAC,collision_slots,145995.860000,3729.056258,150975.000000,1033.641659,50
"scenario_label=clustered,ber=1e-05",HT_EEAC,idle_slots,5970.600000,145.187985,6198.550000,40.244056,50
"scenario_label=clustered,ber=1e-05",HT_EEAC,total_energy_uj,46619463.698565,1164560.380011,48195006.271176,322799.668388,50
"scenario_label=clustered,ber=1e-05",HT_EEAC,total_listening_energy_uj,46610609.207445,1164373.128416,48185911.878576,322747.764894,50
"scenario_label=clustered,ber=1e-05",HT_EEAC,total_transmission_energy_uj,8854.491120,190.866527,9113.350200,52.905502,50
"scenario_label=clustered,ber=1e-05",HT_EEAC,total_bits,7019195.880000,140168.957007,7208175.300000,38852.852644,50
"scenario_label=clustered,ber=1e-05",HT_EEAC,avg_tag_bits,345.593376,5.966490,353.560000,1.653827,50
"scenario_label=clustered,ber=1e-05",HT_EEAC,avg_reader_bits,356.326212,8.052457,367.284170,2.232027,50
"scenario_label=clustered,ber=1e-05",HT_EEAC,avg_total_bits,701.919588,14.016896,720.817530,3.885285,50
"scenario_label=clustered,ber=1e-05",HT_EEAC,avg_query_efficiency,0.068540,0.001779,0.071363,0.000493,50
"scenario_label=clustered,ber=1e-05",HT_EEAC,avg_tag_responses,251.896978,12.182840,269.058770,3.376911,50
"scenario_label=clustered,ber=1e-05",LAPCT,total_protocol_time_ms,29656.166125,11.368786,29677.621250,3.151267,50
"scenario_label=clustered,ber=1e-05",LAPCT,throughput_tags_per_sec,337.198052,0.129224,337.340011,0.035819,50
"scenario_label=clustered,ber=1e-05",LAPCT,system_efficiency,0.497940,0.000228,0.498256,0.000063,50
"scenario_label=clustered,ber=1e-05",LAPCT,collision_slots,10076.480000,10.276266,10088.100000,2.848435,50
"scenario_label=clustered,ber=1e-05",LAPCT,idle_slots,6.260000,2.275064,9.650000,0.630616,50
"scenario_label=clustered,ber=1e-05",LAPCT,total_energy_uj,14842494.315877,7246.579327,14856530.887269,2008.649310,50
"scenario_label=clustered,ber=1e-05",LAPCT,total_listening_energy_uj,14836106.049337,7137.380556,14849891.692594,1978.380955,50
"scenario_label=clustered,ber=1e-05",LAPCT,total_transmission_energy_uj,6388.266540,128.244631,6639.194675,35.547598,50
"scenario_label=clustered,ber=1e-05",LAPCT,total_bits,6401136.420000,253715.178732,6897608.800000,70326.259562,50
"scenario_label=clustered,ber=1e-05",LAPCT,avg_tag_bits,427.600420,25.279150,477.068195,7.007023,50
"scenario_label=clustered,ber=1e-05",LAPCT,avg_reader_bits,212.513222,0.099173,212.692685,0.027489,50
"scenario_label=clustered,ber=1e-05",LAPCT,avg_total_bits,640.113642,25.371518,689.760880,7.032626,50
"scenario_label=clustered,ber=1e-05",LAPCT,avg_query_efficiency,0.992411,0.001013,0.994135,0.000281,50
"scenario_label=clustered,ber=1e-05",LAPCT,peak_stack_depth,17.620000,0.752953,19.000000,0.208708,50
"scenario_label=clustered,ber=1e-05",LAPCT,avg_tag_responses,11.867358,0.390093,12.615910,0.108128,50
"scenario_label=clustered,ber=1e-05",NLHQT(n=2),total_protocol_time_ms,25175.913975,143.834456,25356.924875,39.868877,50
"scenario_label=clustered,ber=1e-05",NLHQT(n=2),throughput_tags_per_sec,397.217800,2.278484,401.368222,0.631564,50
"scenario_label=clustered,ber=1e-05",NLHQT(n=2),system_efficiency,0.348841,0.000844,0.350226,0.000234,50
"scenario_label=clustered,ber=1e-05",NLHQT(n=2),collision_slots,18666.480000,69.289761,18769.550000,19.206142,50
"scenario_label=clustered,ber=1e-05",NLHQT(n=2),idle_slots,0.000000,0.000000,0.000000,0.000000,50
"scenario_label=clustered,ber=1e-05",NLHQT(n=2),total_energy_uj,12618791.571873,72855.594493,12722528.068800,20194.540486,50
"scenario_label=clustered,ber=1e-05",NLHQT(n=2),total_listening_energy_uj,12614022.605573,72828.613432,12717729.596650,20187.061718,50
"scenario_label=clustered,ber=1e-05",NLHQT(n=2),total_transmission_energy_uj,4768.966300,28.154194,4800.640600,7.803945,50
"scenario_label=clustered,ber=1e-05",NLHQT(n=2),total_bits,4403782.520000,23001.774351,4426406.600000,6375.766564,50
"scenario_label=clustered,ber=1e-05",NLHQT(n=2),avg_tag_bits,269.239916,1.224703,270.147770,0.339470,50
"scenario_label=clustered,ber=1e-05",NLHQT(n=2),avg_reader_bits,171.138336,1.119627,172.495820,0.310345,50
"scenario_label=clustered,ber=1e-05",NLHQT(n=2),avg_total_bits,440.378252,2.300177,442.640660,0.637577,50
"scenario_label=clustered,ber=1e-05",NLHQT(n=2),avg_query_efficiency,0.535727,0.001991,0.538996,0.000552,50
"scenario_label=clustered,ber=1e-05",NLHQT(n=2),peak_stack_depth,20.280000,1.069808,22.000000,0.296536,50
"scenario_label=clustered,ber=1e-05",NLHQT(n=2),avg_tag_responses,39.839958,0.306686,40.073885,0.085009,50
"scenario_label=clustered,ber=1e-05",SGCT,total_protocol_time_ms,10173.211975,91.773230,10331.413438,25.438242,50
"scenario_label=clustered,ber=1e-05",SGCT,throughput_tags_per_sec,983.051902,8.844278,995.391333,2.451509,50
"scenario_label=clustered,ber=1e-05",SGCT,system_efficiency,0.781715,0.003360,0.786306,0.000931,50
"scenario_label=clustered,ber=1e-05",SGCT,collision_slots,2792.620000,55.064300,2887.550000,15.263045,50
"scenario_label=clustered,ber=1e-05",SGCT,idle_slots,0.000000,0.000000,0.000000,0.000000,50
"scenario_label=clustered,ber=1e-05",SGCT,total_energy_uj,5084470.667290,54039.913423,5168998.481337,14979.099781,50
"scenario_label=clustered,ber=1e-05",SGCT,total_listening_energy_uj,5082874.528580,54030.799126,5167373.470012,14976.573426,50
"scenario_label=clustered,ber=1e-05",SGCT,total_transmission_energy_uj,1596.138710,13.848556,1621.904975,3.838624,50
"scenario_label=clustered,ber=1e-05",SGCT,total_bits,1546280.500000,16801.734501,1594495.000000,4657.203197,50
"scenario_label=clustered,ber=1e-05",SGCT,avg_tag_bits,99.761486,1.698324,105.415395,0.470751,50
"scenario_label=clustered,ber=1e-05",SGCT,avg_reader_bits,54.866564,0.647577,55.988965,0.179499,50
"scenario_label=clustered,ber=1e-05",SGCT,avg_total_bits,154.628050,1.680173,159.449500,0.465720,50
"scenario_label=clustered,ber=1e-05",SGCT,avg_query_efficiency,3.582224,0.070272,3.679586,0.019479,50
"scenario_label=clustered,ber=1e-05",SGCT,peak_stack_depth,34.960000,1.653197,38.000000,0.458243,50
"scenario_label=clustered,ber=1e-05",SGCT,progressive_probe_count,1397.740000,27.530176,1446.050000,7.630976,50
"scenario_label=clustered,ber=1e-05",SGCT,signature_grouping_trigger_count,1391.560000,27.630329,1438.700000,7.658737,50
"scenario_label=clustered,ber=1e-05",SGCT,local_short_id_trigger_count,129.000000,0.000000,129.000000,0.000000,50
"scenario_label=clustered,ber=1e-05",SGCT,signature_groups_pruned,41836.180000,414.224118,42543.400000,114.817068,50
"scenario_label=clustered,ber=1e-05",SGCT,sparse_signature_groups,11388.780000,27.900179,11436.700000,7.733535,50
"scenario_label=clustered,ber=1e-05",SGCT,signature_marker_bits,32844.060000,675.831413,35083.650000,187.330910,50
"scenario_label=clustered,ber=1e-05",SGCT,signature_marker_tag_bits,32844.060000,675.831413,35083.650000,187.330910,50
"scenario_label=clustered,ber=1e-05",SGCT,signature_non_idle_marker_count,11388.780000,27.900179,11436.700000,7.733535,50
"scenario_label=clustered,ber=1e-05",SGCT,signature_collision_groups,1392.340000,27.434233,1439.600000,7.604381,50
"scenario_label=clustered,ber=1e-05",SGCT,signature_singleton_groups,9996.440000,2.893765,10000.000000,0.802111,50
"scenario_label=clustered,ber=1e-05",SGCT,low_d_fallback_count,1.780000,1.446883,4.550000,0.401055,50
"scenario_label=clustered,ber=1e-05",SGCT,suffix_signature_trigger_count,0.000000,0.000000,0.000000,0.000000,50
"scenario_label=clustered,ber=1e-05",SGCT,hash_short_id_round_count,0.000000,0.000000,0.000000,0.000000,50
"scenario_label=clustered,ber=1e-05",SGCT,hash_short_id_split_count,0.000000,0.000000,0.000000,0.000000,50
"scenario_label=clustered,ber=1e-05",SGCT,hash_short_id_collision_groups,0.000000,0.000000,0.000000,0.000000,50
"scenario_label=clustered,ber=1e-05",SGCT,hash_short_id_singleton_groups,0.000000,0.000000,0.000000,0.000000,50
"scenario_label=clustered,ber=1e-05",SGCT,small_cluster_guard_count,0.000000,0.000000,0.000000,0.000000,50
"scenario_label=clustered,ber=1e-05",SGCT,max_signature_d,8.000000,0.000000,8.000000,0.000000,50
"scenario_label=clustered,ber=1e-05",SGCT,epc_verification_count,10002.540000,1.358420,10004.550000,0.376535,50
"scenario_label=clustered,ber=1e-05",SGCT,verify_fail_count,2.540000,1.358420,4.550000,0.376535,50
"scenario_label=clustered,ber=1e-05",SGCT,avg_tag_responses,6.570912,0.135196,7.018460,0.037475,50
"scenario_label=dispersed,ber=0.0",DQTA(k_max=3),total_protocol_time_ms,24393.194500,4381.502503,30677.065750,1214.490532,50
"scenario_label=dispersed,ber=0.0",DQTA(k_max=3),throughput_tags_per_sec,424.523841,84.210256,581.175030,23.341892,50
"scenario_label=dispersed,ber=0.0",DQTA(k_max=3),system_efficiency,0.367808,0.028752,0.412324,0.007970,50
"scenario_label=dispersed,ber=0.0",DQTA(k_max=3),collision_slots,15165.200000,2995.580697,19462.400000,830.332606,50
"scenario_label=dispersed,ber=0.0",DQTA(k_max=3),idle_slots,2182.540000,1976.364104,5989.450000,547.820180,50
"scenario_label=dispersed,ber=0.0",DQTA(k_max=3),total_energy_uj,12218733.145605,2193922.654196,15361237.578881,608124.333783,50
"scenario_label=dispersed,ber=0.0",DQTA(k_max=3),energy_per_tag_uj,1221.873315,219.392265,1536.123758,60.812433,50
"scenario_label=dispersed,ber=0.0",DQTA(k_max=3),total_reader_tx_energy_uj,3276.964680,619.351913,4151.599000,171.675592,50
"scenario_label=dispersed,ber=0.0",DQTA(k_max=3),total_tag_tx_energy_uj,2689.779560,465.572834,3458.535325,129.050206,50
"scenario_label=dispersed,ber=0.0",DQTA(k_max=3),total_listening_energy_uj,12212766.401365,2193048.764054,15353964.135406,607882.103794,50
"scenario_label=dispersed,ber=0.0",DQTA(k_max=3),total_transmission_energy_uj,5966.744240,946.354523,7469.494400,262.316091,50
"scenario_label=dispersed,ber=0.0",DQTA(k_max=3),total_bits,7018041.460000,1121678.867281,8991523.150000,310913.519480,50
"scenario_label=dispersed,ber=0.0",DQTA(k_max=3),avg_tag_bits,537.955912,93.114567,691.707065,25.810041,50
"scenario_label=dispersed,ber=0.0",DQTA(k_max=3),avg_reader_bits,163.848234,30.967596,207.579950,8.583780,50
"scenario_label=dispersed,ber=0.0",DQTA(k_max=3),avg_total_bits,701.804146,112.167887,899.152315,31.091352,50
"scenario_label=dispersed,ber=0.0",DQTA(k_max=3),avg_query_efficiency,0.688291,0.152363,0.970226,0.042233,50
"scenario_label=dispersed,ber=0.0",DQTA(k_max=3),peak_stack_depth,18.040000,2.156717,21.550000,0.597811,50
"scenario_label=dispersed,ber=0.0",DQTA(k_max=3),avg_tag_responses,9.842856,1.254438,11.617540,0.347713,50
"scenario_label=dispersed,ber=0.0",DRCT,total_protocol_time_ms,60645.088025,16548.948021,90626.948750,4587.134360,50
"scenario_label=dispersed,ber=0.0",DRCT,throughput_tags_per_sec,177.129884,47.734078,259.124452,13.231211,50
"scenario_label=dispersed,ber=0.0",DRCT,system_efficiency,0.143673,0.041099,0.215237,0.011392,50
"scenario_label=dispersed,ber=0.0",DRCT,collision_slots,37730.220000,10969.781899,58418.500000,3040.668410,50
"scenario_label=dispersed,ber=0.0",DRCT,idle_slots,27732.220000,10969.781899,48420.500000,3040.668410,50
"scenario_label=dispersed,ber=0.0",DRCT,total_energy_uj,30367167.410355,8267151.595724,45360038.905055,2291537.510138,50
"scenario_label=dispersed,ber=0.0",DRCT,energy_per_tag_uj,3036.716741,826.715160,4536.003891,229.153751,50
"scenario_label=dispersed,ber=0.0",DRCT,total_reader_tx_energy_uj,8560.501680,2340.881094,12779.540400,648.859135,50
"scenario_label=dispersed,ber=0.0",DRCT,total_tag_tx_energy_uj,1822.027720,35.151294,1867.230350,9.743442,50
"scenario_label=dispersed,ber=0.0",DRCT,total_listening_energy_uj,30356784.880955,8264813.890810,45345442.650905,2290889.531395,50
"scenario_label=dispersed,ber=0.0",DRCT,total_transmission_energy_uj,10382.529400,2339.099873,14596.254150,648.365406,50
"scenario_label=dispersed,ber=0.0",DRCT,total_bits,7924306.280000,1168461.309903,10023197.700000,323880.950988,50
"scenario_label=dispersed,ber=0.0",DRCT,avg_tag_bits,364.405544,7.030259,373.446070,1.948688,50
"scenario_label=dispersed,ber=0.0",DRCT,avg_reader_bits,428.025084,117.044055,638.977020,32.442957,50
"scenario_label=dispersed,ber=0.0",DRCT,avg_total_bits,792.430628,116.846131,1002.319770,32.388095,50
"scenario_label=dispersed,ber=0.0",DRCT,avg_query_efficiency,0.287355,0.082203,0.430493,0.022785,50
"scenario_label=dispersed,ber=0.0",DRCT,peak_stack_depth,12.920000,0.444467,13.550000,0.123200,50
"scenario_label=dispersed,ber=0.0",DRCT,avg_tag_responses,88.757426,2.613780,92.200760,0.724503,50
"scenario_label=dispersed,ber=0.0",EAQ_CBB,total_protocol_time_ms,32953.722675,2596.722748,35705.248688,719.774824,50
"scenario_label=dispersed,ber=0.0",EAQ_CBB,throughput_tags_per_sec,305.462483,26.091324,367.918400,7.232146,50
"scenario_label=dispersed,ber=0.0",EAQ_CBB,system_efficiency,0.433092,0.038667,0.526226,0.010718,50
"scenario_label=dispersed,ber=0.0",EAQ_CBB,collision_slots,13255.440000,1900.720982,15089.100000,526.852977,50
"scenario_label=dispersed,ber=0.0",EAQ_CBB,idle_slots,0.000000,0.000000,0.000000,0.000000,50
"scenario_label=dispersed,ber=0.0",EAQ_CBB,total_energy_uj,16485271.277683,1291357.291397,17848027.486094,357945.979091,50
"scenario_label=dispersed,ber=0.0",EAQ_CBB,energy_per_tag_uj,1648.527128,129.135729,1784.802748,35.794598,50
"scenario_label=dispersed,ber=0.0",EAQ_CBB,total_reader_tx_energy_uj,4680.376880,362.492839,5083.031000,100.477889,50
"scenario_label=dispersed,ber=0.0",EAQ_CBB,total_tag_tx_energy_uj,466.876150,56.000923,542.071325,15.522664,50
"scenario_label=dispersed,ber=0.0",EAQ_CBB,total_listening_energy_uj,16480124.024652,1290954.871957,17842459.363619,357834.434113,50
"scenario_label=dispersed,ber=0.0",EAQ_CBB,total_transmission_energy_uj,5147.253030,402.639137,5564.258700,111.605875,50
"scenario_label=dispersed,ber=0.0",EAQ_CBB,total_bits,3273940.740000,270140.316122,3543092.650000,74879.075365,50
"scenario_label=dispersed,ber=0.0",EAQ_CBB,avg_tag_bits,93.375230,11.200185,108.414265,3.104533,50
"scenario_label=dispersed,ber=0.0",EAQ_CBB,avg_reader_bits,234.018844,18.124642,254.151550,5.023894,50
"scenario_label=dispersed,ber=0.0",EAQ_CBB,avg_total_bits,327.394074,27.014032,354.309265,7.487908,50
"scenario_label=dispersed,ber=0.0",EAQ_CBB,avg_query_efficiency,0.772802,0.132821,1.110722,0.036816,50
"scenario_label=dispersed,ber=0.0",EAQ_CBB,peak_stack_depth,2456.180000,6.438690,2465.000000,1.784714,50
"scenario_label=dispersed,ber=0.0",EAQ_CBB,avg_tag_responses,5.195324,0.559107,5.705540,0.154976,50
"scenario_label=dispersed,ber=0.0",EMDT,total_protocol_time_ms,13664.368150,107.930148,13849.639500,29.916711,50
"scenario_label=dispersed,ber=0.0",EMDT,throughput_tags_per_sec,731.875090,5.773698,740.549066,1.600388,50
"scenario_label=dispersed,ber=0.0",EMDT,system_efficiency,0.503044,0.006474,0.511845,0.001794,50
"scenario_label=dispersed,ber=0.0",EMDT,collision_slots,5930.220000,106.602885,6112.600000,29.548812,50
"scenario_label=dispersed,ber=0.0",EMDT,idle_slots,3952.000000,167.107933,4273.400000,46.319956,50
"scenario_label=dispersed,ber=0.0",EMDT,total_energy_uj,6835136.187055,64857.790386,6928800.803538,17977.662291,50
"scenario_label=dispersed,ber=0.0",EMDT,energy_per_tag_uj,683.513619,6.485779,692.880080,1.797766,50
"scenario_label=dispersed,ber=0.0",EMDT,total_reader_tx_energy_uj,488.123680,6.522046,498.746600,1.807819,50
"scenario_label=dispersed,ber=0.0",EMDT,total_tag_tx_energy_uj,738.778080,2.201864,741.668400,0.610325,50
"scenario_label=dispersed,ber=0.0",EMDT,total_listening_energy_uj,6833909.285295,64858.410920,6927577.560937,17977.834294,50
"scenario_label=dispersed,ber=0.0",EMDT,total_transmission_energy_uj,1226.901760,8.391075,1239.931200,2.325887,50
"scenario_label=dispersed,ber=0.0",EMDT,total_bits,1721618.000000,7283.676600,1731878.700000,2018.932149,50
"scenario_label=dispersed,ber=0.0",EMDT,avg_tag_bits,147.755616,0.440373,148.333680,0.122065,50
"scenario_label=dispersed,ber=0.0",EMDT,avg_reader_bits,24.406184,0.326102,24.937330,0.090391,50
"scenario_label=dispersed,ber=0.0",EMDT,avg_total_bits,172.161800,0.728368,173.187870,0.201893,50
"scenario_label=dispersed,ber=0.0",EMDT,avg_query_efficiency,1.686811,0.030261,1.731661,0.008388,50
"scenario_label=dispersed,ber=0.0",EMDT,peak_stack_depth,47.240000,1.519398,49.550000,0.421156,50
"scenario_label=dispersed,ber=0.0",EMDT,avg_tag_responses,5.312546,0.021155,5.345045,0.005864,50
"scenario_label=dispersed,ber=0.0",HT_EEAC,total_protocol_time_ms,79797.284700,1758.594000,82626.471000,487.457387,50
"scenario_label=dispersed,ber=0.0",HT_EEAC,throughput_tags_per_sec,125.377829,2.792631,130.148464,0.774078,50
"scenario_label=dispersed,ber=0.0",HT_EEAC,system_efficiency,0.061435,0.001464,0.063960,0.000406,50
"scenario_label=dispersed,ber=0.0",HT_EEAC,collision_slots,146923.160000,3871.288397,153129.800000,1073.066397,50
"scenario_label=dispersed,ber=0.0",HT_EEAC,idle_slots,5940.560000,154.486399,6156.850000,42.821445,50
"scenario_label=dispersed,ber=0.0",HT_EEAC,total_energy_uj,46977927.491335,1220540.008450,48676058.668014,338316.429740,50
"scenario_label=dispersed,ber=0.0",HT_EEAC,energy_per_tag_uj,4697.792749,122.054001,4867.605867,33.831643,50
"scenario_label=dispersed,ber=0.0",HT_EEAC,total_reader_tx_energy_uj,7166.003680,168.738239,7437.531200,46.771854,50
"scenario_label=dispersed,ber=0.0",HT_EEAC,total_tag_tx_energy_uj,1735.385280,30.970307,1785.038400,8.584531,50
"scenario_label=dispersed,ber=0.0",HT_EEAC,total_listening_energy_uj,46969026.102375,1220345.583336,48666854.750214,338262.537848,50
"scenario_label=dispersed,ber=0.0",HT_EEAC,total_transmission_energy_uj,8901.388960,199.688675,9222.679600,55.350877,50
"scenario_label=dispersed,ber=0.0",HT_EEAC,total_bits,7053772.400000,146282.609706,7289062.400000,40547.470715,50
"scenario_label=dispersed,ber=0.0",HT_EEAC,avg_tag_bits,347.077056,6.194061,357.007680,1.716906,50
"scenario_label=dispersed,ber=0.0",HT_EEAC,avg_reader_bits,358.300184,8.436912,371.876560,2.338593,50
"scenario_label=dispersed,ber=0.0",HT_EEAC,avg_total_bits,705.377240,14.628261,728.906240,4.054747,50
"scenario_label=dispersed,ber=0.0",HT_EEAC,avg_query_efficiency,0.068110,0.001817,0.071141,0.000504,50
"scenario_label=dispersed,ber=0.0",HT_EEAC,avg_tag_responses,256.220456,12.222125,276.364780,3.387800,50
"scenario_label=dispersed,ber=0.0",LAPCT,total_protocol_time_ms,30360.798950,190.556998,30656.794688,52.819705,50
"scenario_label=dispersed,ber=0.0",LAPCT,throughput_tags_per_sec,329.384850,2.073505,333.298723,0.574746,50
"scenario_label=dispersed,ber=0.0",LAPCT,system_efficiency,0.498974,0.000012,0.498977,0.000003,50
"scenario_label=dispersed,ber=0.0",LAPCT,collision_slots,10041.120000,0.479796,10042.100000,0.132993,50
"scenario_label=dispersed,ber=0.0",LAPCT,idle_slots,0.000000,0.000000,0.000000,0.000000,50
"scenario_label=dispersed,ber=0.0",LAPCT,total_energy_uj,15194119.307378,95532.899454,15342784.838744,26480.368724,50
"scenario_label=dispersed,ber=0.0",LAPCT,energy_per_tag_uj,1519.411931,9.553290,1534.278484,2.648037,50
"scenario_label=dispersed,ber=0.0",LAPCT,total_reader_tx_energy_uj,4472.520800,61.186451,4567.453000,16.960019,50
"scenario_label=dispersed,ber=0.0",LAPCT,total_tag_tx_energy_uj,1332.228270,191.100403,1629.235525,52.970329,50
"scenario_label=dispersed,ber=0.0",LAPCT,total_listening_energy_uj,15188314.558308,95630.353441,15337153.916969,26507.381591,50
"scenario_label=dispersed,ber=0.0",LAPCT,total_transmission_energy_uj,5804.749070,144.074003,6010.764150,39.935276,50
"scenario_label=dispersed,ber=0.0",LAPCT,total_bits,4900716.940000,357082.027222,5442896.750000,98978.088172,50
"scenario_label=dispersed,ber=0.0",LAPCT,avg_tag_bits,266.445654,38.220081,325.847105,10.594066,50
"scenario_label=dispersed,ber=0.0",LAPCT,avg_reader_bits,223.626040,3.059323,228.372650,0.848001,50
"scenario_label=dispersed,ber=0.0",LAPCT,avg_total_bits,490.071694,35.708203,544.289675,9.897809,50
"scenario_label=dispersed,ber=0.0",LAPCT,avg_query_efficiency,0.995905,0.000048,0.995917,0.000013,50
"scenario_label=dispersed,ber=0.0",LAPCT,peak_stack_depth,17.620000,0.602376,18.550000,0.166970,50
"scenario_label=dispersed,ber=0.0",LAPCT,avg_tag_responses,11.576556,0.006977,11.585200,0.001934,50
"scenario_label=dispersed,ber=0.0",NLHQT(n=2),total_protocol_time_ms,9179.021875,18.093422,9206.764812,5.015241,50
"scenario_label=dispersed,ber=0.0",NLHQT(n=2),throughput_tags_per_sec,1089.444843,2.145332,1092.391027,0.594656,50
"scenario_label=dispersed,ber=0.0",NLHQT(n=2),system_efficiency,0.378251,0.000664,0.379148,0.000184,50
"scenario_label=dispersed,ber=0.0",NLHQT(n=2),collision_slots,16437.540000,46.457885,16516.800000,12.877469,50
"scenario_label=dispersed,ber=0.0",NLHQT(n=2),idle_slots,0.000000,0.000000,0.000000,0.000000,50
"scenario_label=dispersed,ber=0.0",NLHQT(n=2),total_energy_uj,4592994.159310,10871.003046,4610795.916025,3013.288309,50
"scenario_label=dispersed,ber=0.0",NLHQT(n=2),energy_per_tag_uj,459.299416,1.087100,461.079592,0.301329,50
"scenario_label=dispersed,ber=0.0",NLHQT(n=2),total_reader_tx_energy_uj,1202.213080,2.494530,1206.080700,0.691448,50
"scenario_label=dispersed,ber=0.0",NLHQT(n=2),total_tag_tx_energy_uj,390.063360,13.652952,399.192850,3.784405,50
"scenario_label=dispersed,ber=0.0",NLHQT(n=2),total_listening_energy_uj,4591401.882870,10868.765078,4609199.126325,3012.667976,50
"scenario_label=dispersed,ber=0.0",NLHQT(n=2),total_transmission_energy_uj,1592.276440,13.724931,1604.544400,3.804357,50
"scenario_label=dispersed,ber=0.0",NLHQT(n=2),total_bits,1381233.260000,27256.485983,1401030.200000,7555.112459,50
"scenario_label=dispersed,ber=0.0",NLHQT(n=2),avg_tag_bits,78.012672,2.730590,79.838570,0.756881,50
"scenario_label=dispersed,ber=0.0",NLHQT(n=2),avg_reader_bits,60.110654,0.124726,60.304035,0.034572,50
"scenario_label=dispersed,ber=0.0",NLHQT(n=2),avg_total_bits,138.123326,2.725649,140.103020,0.755511,50
"scenario_label=dispersed,ber=0.0",NLHQT(n=2),avg_query_efficiency,0.608368,0.001717,0.610691,0.000476,50
"scenario_label=dispersed,ber=0.0",NLHQT(n=2),peak_stack_depth,20.900000,0.646813,22.000000,0.179287,50
"scenario_label=dispersed,ber=0.0",NLHQT(n=2),avg_tag_responses,9.307380,0.006054,9.316040,0.001678,50
"scenario_label=dispersed,ber=0.0",SGCT,total_protocol_time_ms,6693.214650,477.434405,7280.470000,132.338065,50
"scenario_label=dispersed,ber=0.0",SGCT,throughput_tags_per_sec,1501.698477,109.780694,1679.867803,30.429656,50
"scenario_label=dispersed,ber=0.0",SGCT,system_efficiency,0.933084,0.011073,0.951113,0.003069,50
"scenario_label=dispersed,ber=0.0",SGCT,collision_slots,718.620000,126.530934,770.000000,35.072585,50
"scenario_label=dispersed,ber=0.0",SGCT,idle_slots,0.000000,0.000000,0.000000,0.000000,50
"scenario_label=dispersed,ber=0.0",SGCT,total_energy_uj,3378184.839162,239501.562256,3677896.623475,66386.446080,50
"scenario_label=dispersed,ber=0.0",SGCT,energy_per_tag_uj,337.818484,23.950156,367.789662,6.638645,50
"scenario_label=dispersed,ber=0.0",SGCT,total_reader_tx_energy_uj,614.766400,23.623809,634.961400,6.548186,50
"scenario_label=dispersed,ber=0.0",SGCT,total_tag_tx_energy_uj,431.500000,46.326812,510.000000,12.841137,50
"scenario_label=dispersed,ber=0.0",SGCT,total_listening_energy_uj,3377138.572763,239444.201739,3676828.839475,66370.546556,50
"scenario_label=dispersed,ber=0.0",SGCT,total_transmission_energy_uj,1046.266400,63.165131,1127.217300,17.508481,50
"scenario_label=dispersed,ber=0.0",SGCT,total_bits,1170383.200000,100048.942465,1328607.000000,27732.151982,50
"scenario_label=dispersed,ber=0.0",SGCT,avg_tag_bits,86.300000,9.265362,102.000000,2.568227,50
"scenario_label=dispersed,ber=0.0",SGCT,avg_reader_bits,30.738320,1.181190,31.748070,0.327409,50
"scenario_label=dispersed,ber=0.0",SGCT,avg_total_bits,117.038320,10.004894,132.860700,2.773215,50
"scenario_label=dispersed,ber=0.0",SGCT,avg_query_efficiency,14.412518,2.932346,19.455253,0.812805,50
"scenario_label=dispersed,ber=0.0",SGCT,peak_stack_depth,256.000000,0.000000,256.000000,0.000000,50
"scenario_label=dispersed,ber=0.0",SGCT,progressive_probe_count,462.620000,126.530934,514.000000,35.072585,50
"scenario_label=dispersed,ber=0.0",SGCT,signature_grouping_trigger_count,257.000000,0.000000,257.000000,0.000000,50
"scenario_label=dispersed,ber=0.0",SGCT,local_short_id_trigger_count,257.000000,0.000000,257.000000,0.000000,50
"scenario_label=dispersed,ber=0.0",SGCT,signature_groups_pruned,55536.000000,0.000000,55536.000000,0.000000,50
"scenario_label=dispersed,ber=0.0",SGCT,sparse_signature_groups,10256.000000,0.000000,10256.000000,0.000000,50
"scenario_label=dispersed,ber=0.0",SGCT,signature_marker_bits,20000.000000,0.000000,20000.000000,0.000000,50
"scenario_label=dispersed,ber=0.0",SGCT,signature_marker_tag_bits,20000.000000,0.000000,20000.000000,0.000000,50
"scenario_label=dispersed,ber=0.0",SGCT,signature_non_idle_marker_count,10256.000000,0.000000,10256.000000,0.000000,50
"scenario_label=dispersed,ber=0.0",SGCT,signature_collision_groups,256.000000,0.000000,256.000000,0.000000,50
"scenario_label=dispersed,ber=0.0",SGCT,signature_singleton_groups,10000.000000,0.000000,10000.000000,0.000000,50
"scenario_label=dispersed,ber=0.0",SGCT,low_d_fallback_count,0.000000,0.000000,0.000000,0.000000,50
"scenario_label=dispersed,ber=0.0",SGCT,suffix_signature_trigger_count,0.000000,0.000000,0.000000,0.000000,50
"scenario_label=dispersed,ber=0.0",SGCT,hash_short_id_round_count,0.000000,0.000000,0.000000,0.000000,50
"scenario_label=dispersed,ber=0.0",SGCT,hash_short_id_split_count,0.000000,0.000000,0.000000,0.000000,50
"scenario_label=dispersed,ber=0.0",SGCT,hash_short_id_collision_groups,0.000000,0.000000,0.000000,0.000000,50
"scenario_label=dispersed,ber=0.0",SGCT,hash_short_id_singleton_groups,0.000000,0.000000,0.000000,0.000000,50
"scenario_label=dispersed,ber=0.0",SGCT,small_cluster_guard_count,0.000000,0.000000,0.000000,0.000000,50
"scenario_label=dispersed,ber=0.0",SGCT,max_signature_d,8.000000,0.000000,8.000000,0.000000,50
"scenario_label=dispersed,ber=0.0",SGCT,epc_verification_count,10000.000000,0.000000,10000.000000,0.000000,50
"scenario_label=dispersed,ber=0.0",SGCT,verify_fail_count,0.000000,0.000000,0.000000,0.000000,50
"scenario_label=dispersed,ber=0.0",SGCT,avg_tag_responses,5.620000,0.490314,6.000000,0.135908,50
"scenario_label=dispersed,ber=0.0001",DQTA(k_max=3),total_protocol_time_ms,24419.445700,3572.446705,29555.944312,990.231706,50
"scenario_label=dispersed,ber=0.0001",DQTA(k_max=3),throughput_tags_per_sec,418.697049,64.924222,532.663481,17.996076,50
"scenario_label=dispersed,ber=0.0001",DQTA(k_max=3),system_efficiency,0.358733,0.029377,0.410445,0.008143,50
"scenario_label=dispersed,ber=0.0001",DQTA(k_max=3),collision_slots,15153.260000,2449.156088,18640.450000,678.871432,50
"scenario_label=dispersed,ber=0.0001",DQTA(k_max=3),idle_slots,2904.360000,2714.613317,7468.950000,752.452422,50
"scenario_label=dispersed,ber=0.0001",DQTA(k_max=3),total_energy_uj,12228391.298848,1785725.110288,14794578.735650,494977.747249,50
"scenario_label=dispersed,ber=0.0001",DQTA(k_max=3),energy_per_tag_uj,1222.839130,178.572511,1479.457874,49.497775,50
"scenario_label=dispersed,ber=0.0001",DQTA(k_max=3),total_reader_tx_energy_uj,3277.541120,524.768130,4052.817200,145.458304,50
"scenario_label=dispersed,ber=0.0001",DQTA(k_max=3),total_tag_tx_energy_uj,2655.306410,419.589987,3505.905650,116.304411,50
"scenario_label=dispersed,ber=0.0001",DQTA(k_max=3),total_listening_energy_uj,12222458.451317,1785102.944464,14787903.386525,494805.291681,50
"scenario_label=dispersed,ber=0.0001",DQTA(k_max=3),total_transmission_energy_uj,5932.847530,728.838658,7153.290925,202.023769,50
"scenario_label=dispersed,ber=0.0001",DQTA(k_max=3),total_bits,6949383.380000,923491.672742,8776588.850000,255978.831873,50
"scenario_label=dispersed,ber=0.0001",DQTA(k_max=3),avg_tag_bits,531.061282,83.917997,701.181130,23.260882,50
"scenario_label=dispersed,ber=0.0001",DQTA(k_max=3),avg_reader_bits,163.877056,26.238406,202.640860,7.272915,50
"scenario_label=dispersed,ber=0.0001",DQTA(k_max=3),avg_total_bits,694.938338,92.349167,877.658885,25.597883,50
"scenario_label=dispersed,ber=0.0001",DQTA(k_max=3),avg_query_efficiency,0.678207,0.117258,0.888071,0.032502,50
"scenario_label=dispersed,ber=0.0001",DQTA(k_max=3),peak_stack_depth,17.860000,2.330017,22.000000,0.645848,50
"scenario_label=dispersed,ber=0.0001",DQTA(k_max=3),avg_tag_responses,9.770312,1.081299,11.482540,0.299721,50
"scenario_label=dispersed,ber=0.0001",DRCT,total_protocol_time_ms,61801.948800,14171.835350,81410.117437,3928.232344,50
"scenario_label=dispersed,ber=0.0001",DRCT,throughput_tags_per_sec,171.273192,43.078089,249.927088,11.940637,50
"scenario_label=dispersed,ber=0.0001",DRCT,system_efficiency,0.138658,0.036535,0.206518,0.010127,50
"scenario_label=dispersed,ber=0.0001",DRCT,collision_slots,38368.540000,9167.663994,51689.000000,2541.146812,50
"scenario_label=dispersed,ber=0.0001",DRCT,idle_slots,28370.540000,9167.663994,41691.000000,2541.146812,50
"scenario_label=dispersed,ber=0.0001",DRCT,total_energy_uj,30966689.388315,7089851.821221,40718004.218557,1965206.661754,50
"scenario_label=dispersed,ber=0.0001",DRCT,energy_per_tag_uj,3096.668939,708.985182,4071.800422,196.520666,50
"scenario_label=dispersed,ber=0.0001",DRCT,total_reader_tx_energy_uj,8729.623360,2019.637386,11520.821700,559.814922,50
"scenario_label=dispersed,ber=0.0001",DRCT,total_tag_tx_energy_uj,1824.668330,45.543895,1877.877000,12.624124,50
"scenario_label=dispersed,ber=0.0001",DRCT,total_listening_energy_uj,30956135.096625,7087825.837551,40704644.188382,1964645.087732,50
"scenario_label=dispersed,ber=0.0001",DRCT,total_transmission_energy_uj,10554.291690,2028.135047,13360.030175,562.170354,50
"scenario_label=dispersed,ber=0.0001",DRCT,total_bits,8014148.340000,1029734.495045,9438827.800000,285427.839753,50
"scenario_label=dispersed,ber=0.0001",DRCT,avg_tag_bits,364.933666,9.108779,375.575400,2.524825,50
"scenario_label=dispersed,ber=0.0001",DRCT,avg_reader_bits,436.481168,100.981869,576.041085,27.990746,50
"scenario_label=dispersed,ber=0.0001",DRCT,avg_total_bits,801.414834,102.973450,943.882780,28.542784,50
"scenario_label=dispersed,ber=0.0001",DRCT,avg_query_efficiency,0.277324,0.073075,0.413053,0.020255,50
"scenario_label=dispersed,ber=0.0001",DRCT,peak_stack_depth,13.040000,0.532993,14.000000,0.147738,50
"scenario_label=dispersed,ber=0.0001",DRCT,avg_tag_responses,88.941730,3.325790,92.859655,0.921862,50
"scenario_label=dispersed,ber=0.0001",EAQ_CBB,total_protocol_time_ms,32455.413500,2364.774113,35396.689063,655.481942,50
"scenario_label=dispersed,ber=0.0001",EAQ_CBB,throughput_tags_per_sec,309.803966,23.749296,358.781477,6.582969,50
"scenario_label=dispersed,ber=0.0001",EAQ_CBB,system_efficiency,0.439931,0.035895,0.512857,0.009950,50
"scenario_label=dispersed,ber=0.0001",EAQ_CBB,collision_slots,12871.000000,1760.335416,15054.100000,487.940083,50
"scenario_label=dispersed,ber=0.0001",EAQ_CBB,idle_slots,0.000000,0.000000,0.000000,0.000000,50
"scenario_label=dispersed,ber=0.0001",EAQ_CBB,total_energy_uj,16230560.829900,1188624.221016,17724892.390875,329469.824809,50
"scenario_label=dispersed,ber=0.0001",EAQ_CBB,energy_per_tag_uj,1623.056083,118.862422,1772.489239,32.946982,50
"scenario_label=dispersed,ber=0.0001",EAQ_CBB,total_reader_tx_energy_uj,4613.577600,326.547565,5019.017800,90.514367,50
"scenario_label=dispersed,ber=0.0001",EAQ_CBB,total_tag_tx_energy_uj,454.591780,55.870550,529.798100,15.486526,50
"scenario_label=dispersed,ber=0.0001",EAQ_CBB,total_listening_energy_uj,16225492.660520,1188254.203798,17719363.952475,329367.261269,50
"scenario_label=dispersed,ber=0.0001",EAQ_CBB,total_transmission_energy_uj,5068.169380,370.224043,5528.438400,102.620869,50
"scenario_label=dispersed,ber=0.0001",EAQ_CBB,total_bits,3215972.360000,257789.474005,3525743.700000,71455.596593,50
"scenario_label=dispersed,ber=0.0001",EAQ_CBB,avg_tag_bits,90.918356,11.174110,105.959620,3.097305,50
"scenario_label=dispersed,ber=0.0001",EAQ_CBB,avg_reader_bits,230.678880,16.327378,250.950890,4.525718,50
"scenario_label=dispersed,ber=0.0001",EAQ_CBB,avg_total_bits,321.597236,25.778947,352.574370,7.145560,50
"scenario_label=dispersed,ber=0.0001",EAQ_CBB,avg_query_efficiency,0.793214,0.123381,1.055754,0.034199,50
"scenario_label=dispersed,ber=0.0001",EAQ_CBB,peak_stack_depth,2457.800000,6.776309,2468.100000,1.878297,50
"scenario_label=dispersed,ber=0.0001",EAQ_CBB,avg_tag_responses,5.080080,0.537950,5.699990,0.149112,50
"scenario_label=dispersed,ber=0.0001",EMDT,total_protocol_time_ms,13762.465450,116.146460,13961.569125,32.194156,50
"scenario_label=dispersed,ber=0.0001",EMDT,throughput_tags_per_sec,726.664705,6.131696,736.700093,1.699620,50
"scenario_label=dispersed,ber=0.0001",EMDT,system_efficiency,0.500274,0.006542,0.510770,0.001813,50
"scenario_label=dispersed,ber=0.0001",EMDT,collision_slots,6032.260000,118.599964,6238.650000,32.874233,50
"scenario_label=dispersed,ber=0.0001",EMDT,idle_slots,3960.120000,159.875288,4194.700000,44.315169,50
"scenario_label=dispersed,ber=0.0001",EMDT,total_energy_uj,6887237.016915,63982.630130,6990692.247987,17735.080244,50
"scenario_label=dispersed,ber=0.0001",EMDT,energy_per_tag_uj,688.723702,6.398263,699.069225,1.773508,50
"scenario_label=dispersed,ber=0.0001",EMDT,total_reader_tx_energy_uj,493.584080,5.969779,502.282000,1.654738,50
"scenario_label=dispersed,ber=0.0001",EMDT,total_tag_tx_energy_uj,742.419200,2.035893,745.628000,0.564321,50
"scenario_label=dispersed,ber=0.0001",EMDT,total_listening_energy_uj,6886001.013635,63983.484268,6989456.351788,17735.316999,50
"scenario_label=dispersed,ber=0.0001",EMDT,total_transmission_energy_uj,1236.003280,7.610770,1247.520400,2.109598,50
"scenario_label=dispersed,ber=0.0001",EMDT,total_bits,1731630.440000,6605.277992,1742379.900000,1830.889649,50
"scenario_label=dispersed,ber=0.0001",EMDT,avg_tag_bits,148.483840,0.407179,149.125600,0.112864,50
"scenario_label=dispersed,ber=0.0001",EMDT,avg_reader_bits,24.679204,0.298489,25.114100,0.082737,50
"scenario_label=dispersed,ber=0.0001",EMDT,avg_total_bits,173.163044,0.660528,174.237990,0.183089,50
"scenario_label=dispersed,ber=0.0001",EMDT,avg_query_efficiency,1.658382,0.032630,1.714034,0.009044,50
"scenario_label=dispersed,ber=0.0001",EMDT,peak_stack_depth,47.060000,1.544047,49.000000,0.427988,50
"scenario_label=dispersed,ber=0.0001",EMDT,avg_tag_responses,5.327080,0.023298,5.366430,0.006458,50
"scenario_label=dispersed,ber=0.0001",HT_EEAC,total_protocol_time_ms,79445.071500,1413.033517,81458.842875,391.672908,50
"scenario_label=dispersed,ber=0.0001",HT_EEAC,throughput_tags_per_sec,125.912271,2.245960,129.368547,0.622548,50
"scenario_label=dispersed,ber=0.0001",HT_EEAC,system_efficiency,0.061716,0.001178,0.063529,0.000327,50
"scenario_label=dispersed,ber=0.0001",HT_EEAC,collision_slots,146162.900000,3101.778655,150517.550000,859.769179,50
"scenario_label=dispersed,ber=0.0001",HT_EEAC,idle_slots,5927.540000,143.330389,6121.000000,39.729157,50
"scenario_label=dispersed,ber=0.0001",HT_EEAC,total_energy_uj,46715032.883680,909380.225026,48039203.299547,252067.338127,50
"scenario_label=dispersed,ber=0.0001",HT_EEAC,energy_per_tag_uj,4671.503288,90.938023,4803.920330,25.206734,50
"scenario_label=dispersed,ber=0.0001",HT_EEAC,total_reader_tx_energy_uj,7131.979360,135.729937,7326.389400,37.622419,50
"scenario_label=dispersed,ber=0.0001",HT_EEAC,total_tag_tx_energy_uj,1729.303200,24.814229,1764.140400,6.878153,50
"scenario_label=dispersed,ber=0.0001",HT_EEAC,total_listening_energy_uj,46706171.601120,909224.867482,48030146.018547,252024.275213,50
"scenario_label=dispersed,ber=0.0001",HT_EEAC,total_transmission_energy_uj,8861.282560,160.521960,9090.529800,44.494417,50
"scenario_label=dispersed,ber=0.0001",HT_EEAC,total_bits,7024596.080000,117463.082866,7191475.500000,32559.105434,50
"scenario_label=dispersed,ber=0.0001",HT_EEAC,avg_tag_bits,345.860640,4.962846,352.828080,1.375631,50
"scenario_label=dispersed,ber=0.0001",HT_EEAC,avg_reader_bits,356.598968,6.786497,366.319470,1.881121,50
"scenario_label=dispersed,ber=0.0001",HT_EEAC,avg_total_bits,702.459608,11.746308,719.147550,3.255911,50
"scenario_label=dispersed,ber=0.0001",HT_EEAC,avg_query_efficiency,0.068447,0.001458,0.070701,0.000404,50
"scenario_label=dispersed,ber=0.0001",HT_EEAC,avg_tag_responses,253.075606,10.678697,267.947590,2.959984,50
"scenario_label=dispersed,ber=0.0001",LAPCT,total_protocol_time_ms,30368.457450,213.830947,30649.084375,59.270915,50
"scenario_label=dispersed,ber=0.0001",LAPCT,throughput_tags_per_sec,329.305191,2.341700,334.081822,0.649086,50
"scenario_label=dispersed,ber=0.0001",LAPCT,system_efficiency,0.498974,0.000012,0.498977,0.000003,50
"scenario_label=dispersed,ber=0.0001",LAPCT,collision_slots,10041.120000,0.479796,10042.100000,0.132993,50
"scenario_label=dispersed,ber=0.0001",LAPCT,idle_slots,0.000000,0.000000,0.000000,0.000000,50
"scenario_label=dispersed,ber=0.0001",LAPCT,total_energy_uj,15198131.023715,106827.160764,15338821.486038,29610.978238,50
"scenario_label=dispersed,ber=0.0001",LAPCT,energy_per_tag_uj,1519.813102,10.682716,1533.882148,2.961098,50
"scenario_label=dispersed,ber=0.0001",LAPCT,total_reader_tx_energy_uj,4474.954720,68.603501,4564.647300,19.015920,50
"scenario_label=dispersed,ber=0.0001",LAPCT,total_tag_tx_energy_uj,1338.085070,163.436772,1590.791300,45.302362,50
"scenario_label=dispersed,ber=0.0001",LAPCT,total_listening_energy_uj,15192317.983925,106893.947011,15333132.767738,29629.490441,50
"scenario_label=dispersed,ber=0.0001",LAPCT,total_transmission_energy_uj,5813.039790,113.068859,5981.467275,31.341089,50
"scenario_label=dispersed,ber=0.0001",LAPCT,total_bits,4913647.500000,298980.721982,5367635.150000,82873.228015,50
"scenario_label=dispersed,ber=0.0001",LAPCT,avg_tag_bits,267.617014,32.687354,318.158260,9.060472,50
"scenario_label=dispersed,ber=0.0001",LAPCT,avg_reader_bits,223.747736,3.430175,228.232365,0.950796,50
"scenario_label=dispersed,ber=0.0001",LAPCT,avg_total_bits,491.364750,29.898072,536.763515,8.287323,50
"scenario_label=dispersed,ber=0.0001",LAPCT,avg_query_efficiency,0.995905,0.000048,0.995917,0.000013,50
"scenario_label=dispersed,ber=0.0001",LAPCT,peak_stack_depth,17.580000,0.609114,18.550000,0.168838,50
"scenario_label=dispersed,ber=0.0001",LAPCT,avg_tag_responses,11.575586,0.006088,11.584010,0.001687,50
"scenario_label=dispersed,ber=0.0001",NLHQT(n=2),total_protocol_time_ms,9177.959100,12.811024,9198.491062,3.551035,50
"scenario_label=dispersed,ber=0.0001",NLHQT(n=2),throughput_tags_per_sec,1089.568931,1.520197,1091.878311,0.421377,50
"scenario_label=dispersed,ber=0.0001",NLHQT(n=2),system_efficiency,0.378319,0.000439,0.378831,0.000122,50
"scenario_label=dispersed,ber=0.0001",NLHQT(n=2),collision_slots,16432.780000,30.720126,16477.050000,8.515184,50
"scenario_label=dispersed,ber=0.0001",NLHQT(n=2),idle_slots,0.000000,0.000000,0.000000,0.000000,50
"scenario_label=dispersed,ber=0.0001",NLHQT(n=2),total_energy_uj,4594217.034575,6862.002618,4605058.599787,1902.050085,50
"scenario_label=dispersed,ber=0.0001",NLHQT(n=2),energy_per_tag_uj,459.421704,0.686200,460.505860,0.190205,50
"scenario_label=dispersed,ber=0.0001",NLHQT(n=2),total_reader_tx_energy_uj,1202.075920,1.793251,1204.872300,0.497064,50
"scenario_label=dispersed,ber=0.0001",NLHQT(n=2),total_tag_tx_energy_uj,389.166860,11.866297,399.189100,3.289170,50
"scenario_label=dispersed,ber=0.0001",NLHQT(n=2),total_listening_energy_uj,4592625.791795,6861.176312,4603462.830838,1901.821045,50
"scenario_label=dispersed,ber=0.0001",NLHQT(n=2),total_transmission_energy_uj,1591.242780,11.890818,1602.463800,3.295967,50
"scenario_label=dispersed,ber=0.0001",NLHQT(n=2),total_bits,1379371.680000,23694.023085,1399974.600000,6567.648124,50
"scenario_label=dispersed,ber=0.0001",NLHQT(n=2),avg_tag_bits,77.833372,2.373259,79.837820,0.657834,50
"scenario_label=dispersed,ber=0.0001",NLHQT(n=2),avg_reader_bits,60.103796,0.089663,60.243615,0.024853,50
"scenario_label=dispersed,ber=0.0001",NLHQT(n=2),avg_total_bits,137.937168,2.369402,139.997460,0.656765,50
"scenario_label=dispersed,ber=0.0001",NLHQT(n=2),avg_query_efficiency,0.608542,0.001136,0.609868,0.000315,50
"scenario_label=dispersed,ber=0.0001",NLHQT(n=2),peak_stack_depth,21.100000,0.814411,22.550000,0.225743,50
"scenario_label=dispersed,ber=0.0001",NLHQT(n=2),avg_tag_responses,9.307636,0.005231,9.315330,0.001450,50
"scenario_label=dispersed,ber=0.0001",SGCT,total_protocol_time_ms,8081.110650,1110.178669,10497.629188,307.725827,50
"scenario_label=dispersed,ber=0.0001",SGCT,throughput_tags_per_sec,1256.949336,146.944302,1461.494066,40.730882,50
"scenario_label=dispersed,ber=0.0001",SGCT,system_efficiency,0.829789,0.064075,0.905729,0.017761,50
"scenario_label=dispersed,ber=0.0001",SGCT,collision_slots,2130.520000,1055.025162,4097.400000,292.438055,50
"scenario_label=dispersed,ber=0.0001",SGCT,idle_slots,0.000000,0.000000,0.000000,0.000000,50
"scenario_label=dispersed,ber=0.0001",SGCT,total_energy_uj,4036140.393435,562079.969701,5263558.699613,155800.618793,50
"scenario_label=dispersed,ber=0.0001",SGCT,energy_per_tag_uj,403.614039,56.207997,526.355870,15.580062,50
"scenario_label=dispersed,ber=0.0001",SGCT,total_reader_tx_energy_uj,849.153000,170.421872,1166.751000,47.238533,50
"scenario_label=dispersed,ber=0.0001",SGCT,total_tag_tx_energy_uj,486.749180,37.087760,550.039050,10.280203,50
"scenario_label=dispersed,ber=0.0001",SGCT,total_listening_energy_uj,4034804.491255,561908.326553,5261864.877988,155753.041739,50
"scenario_label=dispersed,ber=0.0001",SGCT,total_transmission_energy_uj,1335.902180,176.501678,1714.659925,48.923769,50
"scenario_label=dispersed,ber=0.0001",SGCT,total_bits,1398074.860000,116175.029396,1611922.350000,32202.075228,50
"scenario_label=dispersed,ber=0.0001",SGCT,avg_tag_bits,97.349836,7.417552,110.007810,2.056041,50
"scenario_label=dispersed,ber=0.0001",SGCT,avg_reader_bits,42.457650,8.521094,58.337550,2.361927,50
"scenario_label=dispersed,ber=0.0001",SGCT,avg_total_bits,139.807486,11.617503,161.192235,3.220208,50
"scenario_label=dispersed,ber=0.0001",SGCT,avg_query_efficiency,5.611639,2.169087,9.609916,0.601240,50
"scenario_label=dispersed,ber=0.0001",SGCT,peak_stack_depth,56.040000,31.660804,129.400000,8.775927,50
"scenario_label=dispersed,ber=0.0001",SGCT,progressive_probe_count,1187.280000,532.725991,2295.550000,147.664111,50
"scenario_label=dispersed,ber=0.0001",SGCT,signature_grouping_trigger_count,337.300000,241.714898,824.950000,66.999951,50
"scenario_label=dispersed,ber=0.0001",SGCT,local_short_id_trigger_count,110.460000,70.492787,241.000000,19.539604,50
"scenario_label=dispersed,ber=0.0001",SGCT,signature_groups_pruned,39160.860000,17228.482740,57931.650000,4775.491774,50
"scenario_label=dispersed,ber=0.0001",SGCT,sparse_signature_groups,9667.300000,957.509764,10800.450000,265.408166,50
"scenario_label=dispersed,ber=0.0001",SGCT,signature_marker_bits,29909.440000,2214.197447,31248.750000,613.744220,50
"scenario_label=dispersed,ber=0.0001",SGCT,signature_marker_tag_bits,29909.440000,2214.197447,31248.750000,613.744220,50
"scenario_label=dispersed,ber=0.0001",SGCT,signature_non_idle_marker_count,9667.300000,957.509764,10800.450000,265.408166,50
"scenario_label=dispersed,ber=0.0001",SGCT,signature_collision_groups,922.020000,553.410520,1914.700000,153.397570,50
"scenario_label=dispersed,ber=0.0001",SGCT,signature_singleton_groups,8745.280000,1465.952181,9995.100000,406.341213,50
"scenario_label=dispersed,ber=0.0001",SGCT,low_d_fallback_count,585.720000,649.947503,1834.100000,180.156256,50
"scenario_label=dispersed,ber=0.0001",SGCT,suffix_signature_trigger_count,0.000000,0.000000,0.000000,0.000000,50
"scenario_label=dispersed,ber=0.0001",SGCT,hash_short_id_round_count,0.000000,0.000000,0.000000,0.000000,50
"scenario_label=dispersed,ber=0.0001",SGCT,hash_short_id_split_count,0.000000,0.000000,0.000000,0.000000,50
"scenario_label=dispersed,ber=0.0001",SGCT,hash_short_id_collision_groups,0.000000,0.000000,0.000000,0.000000,50
"scenario_label=dispersed,ber=0.0001",SGCT,hash_short_id_singleton_groups,0.000000,0.000000,0.000000,0.000000,50
"scenario_label=dispersed,ber=0.0001",SGCT,small_cluster_guard_count,0.000000,0.000000,0.000000,0.000000,50
"scenario_label=dispersed,ber=0.0001",SGCT,max_signature_d,8.000000,0.000000,8.000000,0.000000,50
"scenario_label=dispersed,ber=0.0001",SGCT,epc_verification_count,10021.220000,6.698431,10029.550000,1.856710,50
"scenario_label=dispersed,ber=0.0001",SGCT,verify_fail_count,21.220000,6.698431,29.550000,1.856710,50
"scenario_label=dispersed,ber=0.0001",SGCT,avg_tag_responses,7.077876,0.519246,7.778760,0.143928,50
"scenario_label=dispersed,ber=0.001",DQTA(k_max=3),total_protocol_time_ms,23405.200725,4235.084933,30612.838562,1173.905652,50
"scenario_label=dispersed,ber=0.001",DQTA(k_max=3),throughput_tags_per_sec,441.140572,79.428300,555.488603,22.016402,50
"scenario_label=dispersed,ber=0.001",DQTA(k_max=3),system_efficiency,0.370755,0.032296,0.419432,0.008952,50
"scenario_label=dispersed,ber=0.001",DQTA(k_max=3),collision_slots,14475.080000,2888.071186,19275.100000,800.532490,50
"scenario_label=dispersed,ber=0.001",DQTA(k_max=3),idle_slots,2697.720000,2439.426112,7587.150000,676.174420,50
"scenario_label=dispersed,ber=0.001",DQTA(k_max=3),total_energy_uj,11724166.625155,2120390.238143,15337274.928381,587742.187932,50
"scenario_label=dispersed,ber=0.001",DQTA(k_max=3),energy_per_tag_uj,1172.416663,212.039024,1533.727493,58.774219,50
"scenario_label=dispersed,ber=0.001",DQTA(k_max=3),total_reader_tx_energy_uj,3134.469800,615.412781,4148.089100,170.583720,50
"scenario_label=dispersed,ber=0.001",DQTA(k_max=3),total_tag_tx_energy_uj,2567.111070,431.020130,3352.433175,119.472685,50
"scenario_label=dispersed,ber=0.001",DQTA(k_max=3),total_listening_energy_uj,11718465.044285,2119638.855148,15330442.603931,587533.915192,50
"scenario_label=dispersed,ber=0.001",DQTA(k_max=3),total_transmission_energy_uj,5701.580870,848.029538,7055.855225,235.061795,50
"scenario_label=dispersed,ber=0.001",DQTA(k_max=3),total_bits,6701457.040000,996212.571027,8401878.350000,276136.036475,50
"scenario_label=dispersed,ber=0.001",DQTA(k_max=3),avg_tag_bits,513.422214,86.204026,670.486635,23.894537,50
"scenario_label=dispersed,ber=0.001",DQTA(k_max=3),avg_reader_bits,156.723490,30.770639,207.404455,8.529186,50
"scenario_label=dispersed,ber=0.001",DQTA(k_max=3),avg_total_bits,670.145704,99.621257,840.187835,27.613604,50
"scenario_label=dispersed,ber=0.001",DQTA(k_max=3),avg_query_efficiency,0.718372,0.143341,0.926536,0.039732,50
"scenario_label=dispersed,ber=0.001",DQTA(k_max=3),peak_stack_depth,18.060000,2.574680,22.550000,0.713665,50
"scenario_label=dispersed,ber=0.001",DQTA(k_max=3),avg_tag_responses,9.518782,1.271298,11.488235,0.352386,50
"scenario_label=dispersed,ber=0.001",DRCT,total_protocol_time_ms,58266.752825,16387.670995,90484.203500,4542.430649,50
"scenario_label=dispersed,ber=0.001",DRCT,throughput_tags_per_sec,183.458241,45.176904,252.698562,12.522399,50
"scenario_label=dispersed,ber=0.001",DRCT,system_efficiency,0.148953,0.038527,0.209720,0.010679,50
"scenario_label=dispersed,ber=0.001",DRCT,collision_slots,36143.060000,10772.077899,57214.950000,2985.867657,50
"scenario_label=dispersed,ber=0.001",DRCT,idle_slots,26145.060000,10772.077899,47216.950000,2985.867657,50
"scenario_label=dispersed,ber=0.001",DRCT,total_energy_uj,29175138.754573,8176762.300847,45204523.727007,2266482.875863,50
"scenario_label=dispersed,ber=0.001",DRCT,energy_per_tag_uj,2917.513875,817.676230,4520.452372,226.648288,50
"scenario_label=dispersed,ber=0.001",DRCT,total_reader_tx_energy_uj,8221.901560,2325.644428,12813.299100,644.635747,50
"scenario_label=dispersed,ber=0.001",DRCT,total_tag_tx_energy_uj,1819.135380,40.396809,1869.592100,11.197424,50
"scenario_label=dispersed,ber=0.001",DRCT,total_listening_energy_uj,29165097.717633,8174433.477280,45189864.434507,2265837.358904,50
"scenario_label=dispersed,ber=0.001",DRCT,total_transmission_energy_uj,10041.036940,2330.432671,14659.292500,645.962980,50
"scenario_label=dispersed,ber=0.001",DRCT,total_bits,7749221.540000,1174455.465066,10098636.350000,325542.446031,50
"scenario_label=dispersed,ber=0.001",DRCT,avg_tag_bits,363.827076,8.079362,373.918420,2.239485,50
"scenario_label=dispersed,ber=0.001",DRCT,avg_reader_bits,411.095078,116.282221,640.664955,32.231787,50
"scenario_label=dispersed,ber=0.001",DRCT,avg_total_bits,774.922154,117.445547,1009.863635,32.554245,50
"scenario_label=dispersed,ber=0.001",DRCT,avg_query_efficiency,0.297916,0.077059,0.419457,0.021360,50
"scenario_label=dispersed,ber=0.001",DRCT,peak_stack_depth,13.040000,0.569998,14.000000,0.157995,50
"scenario_label=dispersed,ber=0.001",DRCT,avg_tag_responses,88.588918,2.928713,92.220080,0.811798,50
"scenario_label=dispersed,ber=0.001",EAQ_CBB,total_protocol_time_ms,31784.101500,2801.702499,35499.596375,776.592312,50
"scenario_label=dispersed,ber=0.001",EAQ_CBB,throughput_tags_per_sec,317.129280,29.120500,369.084878,8.071791,50
"scenario_label=dispersed,ber=0.001",EAQ_CBB,system_efficiency,0.451109,0.044738,0.530249,0.012401,50
"scenario_label=dispersed,ber=0.001",EAQ_CBB,collision_slots,12373.000000,2122.064695,15075.000000,588.206324,50
"scenario_label=dispersed,ber=0.001",EAQ_CBB,idle_slots,0.000000,0.000000,0.000000,0.000000,50
"scenario_label=dispersed,ber=0.001",EAQ_CBB,total_energy_uj,15896862.624355,1407794.016287,17765081.530656,390220.592609,50
"scenario_label=dispersed,ber=0.001",EAQ_CBB,energy_per_tag_uj,1589.686262,140.779402,1776.508153,39.022059,50
"scenario_label=dispersed,ber=0.001",EAQ_CBB,total_reader_tx_energy_uj,4521.466560,382.282995,5039.483600,105.963440,50
"scenario_label=dispersed,ber=0.001",EAQ_CBB,total_tag_tx_energy_uj,444.087130,62.932576,526.834525,17.444020,50
"scenario_label=dispersed,ber=0.001",EAQ_CBB,total_listening_energy_uj,15891897.070665,1407356.178815,17759534.807431,390099.230253,50
"scenario_label=dispersed,ber=0.001",EAQ_CBB,total_transmission_energy_uj,4965.553690,438.021674,5542.993850,121.413414,50
"scenario_label=dispersed,ber=0.001",EAQ_CBB,total_bits,3148907.540000,306821.279954,3535686.650000,85046.519806,50
"scenario_label=dispersed,ber=0.001",EAQ_CBB,avg_tag_bits,88.817426,12.586515,105.366905,3.488804,50
"scenario_label=dispersed,ber=0.001",EAQ_CBB,avg_reader_bits,226.073328,19.114150,251.974180,5.298172,50
"scenario_label=dispersed,ber=0.001",EAQ_CBB,avg_total_bits,314.890754,30.682128,353.568665,8.504652,50
"scenario_label=dispersed,ber=0.001",EAQ_CBB,avg_query_efficiency,0.834482,0.158591,1.128788,0.043959,50
"scenario_label=dispersed,ber=0.001",EAQ_CBB,peak_stack_depth,2457.420000,5.322613,2466.000000,1.475353,50
"scenario_label=dispersed,ber=0.001",EAQ_CBB,avg_tag_responses,4.940020,0.632290,5.711720,0.175262,50
"scenario_label=dispersed,ber=0.001",EMDT,total_protocol_time_ms,14319.008900,121.178548,14516.065750,33.588980,50
"scenario_label=dispersed,ber=0.001",EMDT,throughput_tags_per_sec,698.421385,5.911848,708.319367,1.638681,50
"scenario_label=dispersed,ber=0.001",EMDT,system_efficiency,0.486225,0.006144,0.494632,0.001703,50
"scenario_label=dispersed,ber=0.001",EMDT,collision_slots,6613.920000,122.030080,6815.100000,33.825012,50
"scenario_label=dispersed,ber=0.001",EMDT,idle_slots,3955.920000,151.490801,4167.750000,41.991108,50
"scenario_label=dispersed,ber=0.001",EMDT,total_energy_uj,7154119.376370,73868.418443,7271470.271250,20475.280962,50
"scenario_label=dispersed,ber=0.001",EMDT,energy_per_tag_uj,715.411938,7.386842,727.147027,2.047528,50
"scenario_label=dispersed,ber=0.001",EMDT,total_reader_tx_energy_uj,518.088560,5.205868,526.303800,1.442993,50
"scenario_label=dispersed,ber=0.001",EMDT,total_tag_tx_energy_uj,770.153600,1.454841,772.412000,0.403261,50
"scenario_label=dispersed,ber=0.001",EMDT,total_listening_energy_uj,7152831.134210,73867.905375,7270187.097250,20475.138747,50
"scenario_label=dispersed,ber=0.001",EMDT,total_transmission_energy_uj,1288.242160,6.078043,1298.646200,1.684748,50
"scenario_label=dispersed,ber=0.001",EMDT,total_bits,1799351.480000,4792.337163,1807595.800000,1328.368089,50
"scenario_label=dispersed,ber=0.001",EMDT,avg_tag_bits,154.030720,0.290968,154.482400,0.080652,50
"scenario_label=dispersed,ber=0.001",EMDT,avg_reader_bits,25.904428,0.260293,26.315190,0.072150,50
"scenario_label=dispersed,ber=0.001",EMDT,avg_total_bits,179.935148,0.479234,180.759580,0.132837,50
"scenario_label=dispersed,ber=0.001",EMDT,avg_query_efficiency,1.512468,0.027931,1.561259,0.007742,50
"scenario_label=dispersed,ber=0.001",EMDT,peak_stack_depth,47.000000,1.355262,49.000000,0.375659,50
"scenario_label=dispersed,ber=0.001",EMDT,avg_tag_responses,5.384890,0.023216,5.427715,0.006435,50
"scenario_label=dispersed,ber=0.001",HT_EEAC,total_protocol_time_ms,79501.880100,1429.818029,82112.098875,396.325338,50
"scenario_label=dispersed,ber=0.001",HT_EEAC,throughput_tags_per_sec,125.822879,2.252523,129.392231,0.624368,50
"scenario_label=dispersed,ber=0.001",HT_EEAC,system_efficiency,0.061668,0.001182,0.063550,0.000328,50
"scenario_label=dispersed,ber=0.001",HT_EEAC,collision_slots,146276.980000,3129.641027,151873.100000,867.492234,50
"scenario_label=dispersed,ber=0.001",HT_EEAC,idle_slots,5941.220000,130.112242,6125.600000,36.065273,50
"scenario_label=dispersed,ber=0.001",HT_EEAC,total_energy_uj,46749852.377594,1001244.761214,48620479.701459,277530.888430,50
"scenario_label=dispersed,ber=0.001",HT_EEAC,energy_per_tag_uj,4674.985238,100.124476,4862.047970,27.753089,50
"scenario_label=dispersed,ber=0.001",HT_EEAC,total_reader_tx_energy_uj,7137.600800,137.475616,7390.347800,38.106297,50
"scenario_label=dispersed,ber=0.001",HT_EEAC,total_tag_tx_energy_uj,1730.215840,25.037128,1774.984800,6.939938,50
"scenario_label=dispersed,ber=0.001",HT_EEAC,total_listening_energy_uj,46740984.560954,1001087.349423,48611314.766060,277487.256108,50
"scenario_label=dispersed,ber=0.001",HT_EEAC,total_transmission_energy_uj,8867.816640,162.494439,9165.332600,45.041160,50
"scenario_label=dispersed,ber=0.001",HT_EEAC,total_bits,7029232.080000,118787.024187,7245143.500000,32926.083245,50
"scenario_label=dispersed,ber=0.001",HT_EEAC,avg_tag_bits,346.043168,5.007426,354.996960,1.387988,50
"scenario_label=dispersed,ber=0.001",HT_EEAC,avg_reader_bits,356.880040,6.873781,369.517390,1.905315,50
"scenario_label=dispersed,ber=0.001",HT_EEAC,avg_total_bits,702.923208,11.878702,724.514350,3.292608,50
"scenario_label=dispersed,ber=0.001",HT_EEAC,avg_query_efficiency,0.068394,0.001456,0.070686,0.000404,50
"scenario_label=dispersed,ber=0.001",HT_EEAC,avg_tag_responses,253.561390,10.594101,270.301960,2.936535,50
"scenario_label=dispersed,ber=0.001",LAPCT,total_protocol_time_ms,30360.095950,197.102262,30608.066563,54.633960,50
"scenario_label=dispersed,ber=0.001",LAPCT,throughput_tags_per_sec,329.393353,2.142262,332.525830,0.593805,50
"scenario_label=dispersed,ber=0.001",LAPCT,system_efficiency,0.498974,0.000012,0.498977,0.000003,50
"scenario_label=dispersed,ber=0.001",LAPCT,collision_slots,10041.120000,0.479796,10042.100000,0.132993,50
"scenario_label=dispersed,ber=0.001",LAPCT,idle_slots,0.000000,0.000000,0.000000,0.000000,50
"scenario_label=dispersed,ber=0.001",LAPCT,total_energy_uj,15194139.504000,98562.909205,15317720.927037,27320.244577,50
"scenario_label=dispersed,ber=0.001",LAPCT,energy_per_tag_uj,1519.413950,9.856291,1531.772093,2.732024,50
"scenario_label=dispersed,ber=0.001",LAPCT,total_reader_tx_energy_uj,4472.313360,63.324054,4552.140200,17.552532,50
"scenario_label=dispersed,ber=0.001",LAPCT,total_tag_tx_energy_uj,1326.513750,170.160141,1589.933325,47.165985,50
"scenario_label=dispersed,ber=0.001",LAPCT,total_listening_energy_uj,15188340.676890,98636.106390,15312114.139062,27340.533802,50
"scenario_label=dispersed,ber=0.001",LAPCT,total_transmission_energy_uj,5798.827110,124.907921,6009.259150,34.622709,50
"scenario_label=dispersed,ber=0.001",LAPCT,total_bits,4889184.180000,315369.557887,5381950.550000,87415.981561,50
"scenario_label=dispersed,ber=0.001",LAPCT,avg_tag_bits,265.302750,34.032028,317.986665,9.433197,50
"scenario_label=dispersed,ber=0.001",LAPCT,avg_reader_bits,223.615668,3.166203,227.607010,0.877627,50
"scenario_label=dispersed,ber=0.001",LAPCT,avg_total_bits,488.918418,31.536956,538.195055,8.741598,50
"scenario_label=dispersed,ber=0.001",LAPCT,avg_query_efficiency,0.995905,0.000048,0.995917,0.000013,50
"scenario_label=dispersed,ber=0.001",LAPCT,peak_stack_depth,17.680000,0.551066,18.000000,0.152748,50
"scenario_label=dispersed,ber=0.001",LAPCT,avg_tag_responses,11.575542,0.005934,11.583740,0.001645,50
"scenario_label=dispersed,ber=0.001",NLHQT(n=2),total_protocol_time_ms,9183.586000,18.936820,9218.521000,5.249019,50
"scenario_label=dispersed,ber=0.001",NLHQT(n=2),throughput_tags_per_sec,1088.903791,2.242204,1091.874621,0.621507,50
"scenario_label=dispersed,ber=0.001",NLHQT(n=2),system_efficiency,0.378024,0.000665,0.378835,0.000184,50
"scenario_label=dispersed,ber=0.001",NLHQT(n=2),collision_slots,16453.440000,46.542568,16534.550000,12.900942,50
"scenario_label=dispersed,ber=0.001",NLHQT(n=2),idle_slots,0.000000,0.000000,0.000000,0.000000,50
"scenario_label=dispersed,ber=0.001",NLHQT(n=2),total_energy_uj,4595085.912050,10774.581721,4611025.312250,2986.561681,50
"scenario_label=dispersed,ber=0.001",NLHQT(n=2),energy_per_tag_uj,459.508591,1.077458,461.102531,0.298656,50
"scenario_label=dispersed,ber=0.001",NLHQT(n=2),total_reader_tx_energy_uj,1202.844160,2.612758,1207.726200,0.724220,50
"scenario_label=dispersed,ber=0.001",NLHQT(n=2),total_tag_tx_energy_uj,390.966640,8.910110,399.184500,2.469756,50
"scenario_label=dispersed,ber=0.001",NLHQT(n=2),total_listening_energy_uj,4593492.101250,10770.581622,4609420.157600,2985.452910,50
"scenario_label=dispersed,ber=0.001",NLHQT(n=2),total_transmission_energy_uj,1593.810800,9.669809,1605.404150,2.680334,50
"scenario_label=dispersed,ber=0.001",NLHQT(n=2),total_bits,1383355.360000,18070.846580,1401476.800000,5008.983118,50
"scenario_label=dispersed,ber=0.001",NLHQT(n=2),avg_tag_bits,78.193328,1.782022,79.836900,0.493951,50
"scenario_label=dispersed,ber=0.001",NLHQT(n=2),avg_reader_bits,60.142208,0.130638,60.386310,0.036211,50
"scenario_label=dispersed,ber=0.001",NLHQT(n=2),avg_total_bits,138.335536,1.807085,140.147680,0.500898,50
"scenario_label=dispersed,ber=0.001",NLHQT(n=2),avg_query_efficiency,0.607780,0.001718,0.609879,0.000476,50
"scenario_label=dispersed,ber=0.001",NLHQT(n=2),peak_stack_depth,20.960000,0.832013,22.000000,0.230622,50
"scenario_label=dispersed,ber=0.001",NLHQT(n=2),avg_tag_responses,9.308800,0.006831,9.320540,0.001893,50
"scenario_label=dispersed,ber=0.001",SGCT,total_protocol_time_ms,9799.024075,1486.608532,12586.027313,412.066862,50
"scenario_label=dispersed,ber=0.001",SGCT,throughput_tags_per_sec,1042.208331,147.305144,1254.365015,40.830903,50
"scenario_label=dispersed,ber=0.001",SGCT,system_efficiency,0.746543,0.071235,0.822151,0.019745,50
"scenario_label=dispersed,ber=0.001",SGCT,collision_slots,3527.940000,1424.682785,6247.150000,394.901920,50
"scenario_label=dispersed,ber=0.001",SGCT,idle_slots,0.000000,0.000000,0.000000,0.000000,50
"scenario_label=dispersed,ber=0.001",SGCT,total_energy_uj,4937767.696550,770811.875445,6299197.373419,213658.151225,50
"scenario_label=dispersed,ber=0.001",SGCT,energy_per_tag_uj,493.776770,77.081187,629.919737,21.365815,50
"scenario_label=dispersed,ber=0.001",SGCT,total_reader_tx_energy_uj,1116.162520,248.605867,1613.630500,68.910031,50
"scenario_label=dispersed,ber=0.001",SGCT,total_tag_tx_energy_uj,560.488000,52.595885,639.046450,14.578835,50
"scenario_label=dispersed,ber=0.001",SGCT,total_listening_energy_uj,4936091.046030,770588.837555,6296996.698294,213596.328276,50
"scenario_label=dispersed,ber=0.001",SGCT,total_transmission_energy_uj,1676.650520,236.810915,2162.443850,65.640637,50
"scenario_label=dispersed,ber=0.001",SGCT,total_bits,1679057.260000,134256.220660,1907408.350000,37213.925746,50
"scenario_label=dispersed,ber=0.001",SGCT,avg_tag_bits,112.097600,10.519177,127.809290,2.915767,50
"scenario_label=dispersed,ber=0.001",SGCT,avg_reader_bits,55.808126,12.430293,80.681525,3.445502,50
"scenario_label=dispersed,ber=0.001",SGCT,avg_total_bits,167.905726,13.425622,190.740835,3.721393,50
"scenario_label=dispersed,ber=0.001",SGCT,avg_query_efficiency,3.217866,1.020801,4.623168,0.282952,50
"scenario_label=dispersed,ber=0.001",SGCT,peak_stack_depth,58.740000,36.684429,103.750000,10.168405,50
"scenario_label=dispersed,ber=0.001",SGCT,progressive_probe_count,1814.880000,710.108461,3174.150000,196.832023,50
"scenario_label=dispersed,ber=0.001",SGCT,signature_grouping_trigger_count,642.420000,290.823327,1107.900000,80.612114,50
"scenario_label=dispersed,ber=0.001",SGCT,local_short_id_trigger_count,112.700000,65.287199,238.550000,18.096688,50
"scenario_label=dispersed,ber=0.001",SGCT,signature_groups_pruned,44666.800000,16901.148617,62593.400000,4684.759384,50
"scenario_label=dispersed,ber=0.001",SGCT,sparse_signature_groups,9490.000000,1039.811796,10774.700000,288.221125,50
"scenario_label=dispersed,ber=0.001",SGCT,signature_marker_bits,37742.320000,5530.369355,46447.000000,1532.940176,50
"scenario_label=dispersed,ber=0.001",SGCT,signature_marker_tag_bits,37742.320000,5530.369355,46447.000000,1532.940176,50
"scenario_label=dispersed,ber=0.001",SGCT,signature_non_idle_marker_count,9490.000000,1039.811796,10774.700000,288.221125,50
"scenario_label=dispersed,ber=0.001",SGCT,signature_collision_groups,1534.420000,768.208600,3041.000000,212.936560,50
"scenario_label=dispersed,ber=0.001",SGCT,signature_singleton_groups,7955.580000,1725.123635,9784.050000,478.179875,50
"scenario_label=dispersed,ber=0.001",SGCT,low_d_fallback_count,893.360000,729.043062,2281.400000,202.080427,50
"scenario_label=dispersed,ber=0.001",SGCT,suffix_signature_trigger_count,0.000000,0.000000,0.000000,0.000000,50
"scenario_label=dispersed,ber=0.001",SGCT,hash_short_id_round_count,0.000000,0.000000,0.000000,0.000000,50
"scenario_label=dispersed,ber=0.001",SGCT,hash_short_id_split_count,0.000000,0.000000,0.000000,0.000000,50
"scenario_label=dispersed,ber=0.001",SGCT,hash_short_id_collision_groups,0.000000,0.000000,0.000000,0.000000,50
"scenario_label=dispersed,ber=0.001",SGCT,hash_short_id_singleton_groups,0.000000,0.000000,0.000000,0.000000,50
"scenario_label=dispersed,ber=0.001",SGCT,small_cluster_guard_count,0.000000,0.000000,0.000000,0.000000,50
"scenario_label=dispersed,ber=0.001",SGCT,max_signature_d,8.000000,0.000000,8.000000,0.000000,50
"scenario_label=dispersed,ber=0.001",SGCT,epc_verification_count,10178.640000,56.385973,10265.600000,15.629394,50
"scenario_label=dispersed,ber=0.001",SGCT,verify_fail_count,178.640000,56.385973,265.600000,15.629394,50
"scenario_label=dispersed,ber=0.001",SGCT,avg_tag_responses,8.624534,0.951434,9.989165,0.263724,50
"scenario_label=dispersed,ber=1e-05",DQTA(k_max=3),total_protocol_time_ms,24391.460375,4435.045402,30937.488687,1229.331866,50
"scenario_label=dispersed,ber=1e-05",DQTA(k_max=3),throughput_tags_per_sec,425.523673,89.171940,616.600376,24.717201,50
"scenario_label=dispersed,ber=1e-05",DQTA(k_max=3),system_efficiency,0.361063,0.027253,0.412165,0.007554,50
"scenario_label=dispersed,ber=1e-05",DQTA(k_max=3),collision_slots,15145.900000,3038.988354,19712.550000,842.364595,50
"scenario_label=dispersed,ber=1e-05",DQTA(k_max=3),idle_slots,2702.360000,2507.764813,7288.550000,695.116942,50
"scenario_label=dispersed,ber=1e-05",DQTA(k_max=3),total_energy_uj,12211247.346110,2225460.563262,15492656.101775,616866.196174,50
"scenario_label=dispersed,ber=1e-05",DQTA(k_max=3),energy_per_tag_uj,1221.124735,222.546056,1549.265610,61.686620,50
"scenario_label=dispersed,ber=1e-05",DQTA(k_max=3),total_reader_tx_energy_uj,3277.067600,632.909978,4241.330200,175.433695,50
"scenario_label=dispersed,ber=1e-05",DQTA(k_max=3),total_tag_tx_energy_uj,2640.645180,383.399575,3199.688975,106.272940,50
"scenario_label=dispersed,ber=1e-05",DQTA(k_max=3),total_listening_energy_uj,12205329.633330,2224630.502800,15485594.398800,616636.115152,50
"scenario_label=dispersed,ber=1e-05",DQTA(k_max=3),total_transmission_energy_uj,5917.712780,888.988083,7191.771225,246.414925,50
"scenario_label=dispersed,ber=1e-05",DQTA(k_max=3),total_bits,6919824.160000,964807.874318,8400543.750000,267431.098665,50
"scenario_label=dispersed,ber=1e-05",DQTA(k_max=3),avg_tag_bits,528.129036,76.679915,639.937795,21.254588,50
"scenario_label=dispersed,ber=1e-05",DQTA(k_max=3),avg_reader_bits,163.853380,31.645499,212.066510,8.771685,50
"scenario_label=dispersed,ber=1e-05",DQTA(k_max=3),avg_total_bits,691.982416,96.480787,840.054375,26.743110,50
"scenario_label=dispersed,ber=1e-05",DQTA(k_max=3),avg_query_efficiency,0.691481,0.163213,1.050108,0.045240,50
"scenario_label=dispersed,ber=1e-05",DQTA(k_max=3),peak_stack_depth,17.580000,1.874534,20.000000,0.519594,50
"scenario_label=dispersed,ber=1e-05",DQTA(k_max=3),avg_tag_responses,9.872492,1.174015,11.585120,0.325420,50
"scenario_label=dispersed,ber=1e-05",DRCT,total_protocol_time_ms,58813.198125,15021.626834,84060.184125,4163.782526,50
"scenario_label=dispersed,ber=1e-05",DRCT,throughput_tags_per_sec,182.464500,52.924525,273.590297,14.669930,50
"scenario_label=dispersed,ber=1e-05",DRCT,system_efficiency,0.148412,0.046220,0.227643,0.012811,50
"scenario_label=dispersed,ber=1e-05",DRCT,collision_slots,36507.300000,9924.961807,54222.700000,2751.059056,50
"scenario_label=dispersed,ber=1e-05",DRCT,idle_slots,26509.300000,9924.961807,44224.700000,2751.059056,50
"scenario_label=dispersed,ber=1e-05",DRCT,total_energy_uj,29464581.475520,7522351.192871,42045235.329564,2085089.371267,50
"scenario_label=dispersed,ber=1e-05",DRCT,energy_per_tag_uj,2946.458148,752.235119,4204.523533,208.508937,50
"scenario_label=dispersed,ber=1e-05",DRCT,total_reader_tx_energy_uj,8302.407120,2121.498208,11902.105400,588.049302,50
"scenario_label=dispersed,ber=1e-05",DRCT,total_tag_tx_energy_uj,1823.591160,40.597497,1877.015500,11.253052,50
"scenario_label=dispersed,ber=1e-05",DRCT,total_listening_energy_uj,29454455.477240,7520240.208786,42031493.034039,2084504.236331,50
"scenario_label=dispersed,ber=1e-05",DRCT,total_transmission_energy_uj,10125.998280,2112.633068,13746.235975,585.592010,50
"scenario_label=dispersed,ber=1e-05",DRCT,total_bits,7798385.880000,1045273.630875,9639582.050000,289735.068454,50
"scenario_label=dispersed,ber=1e-05",DRCT,avg_tag_bits,364.718232,8.119499,375.403100,2.250610,50
"scenario_label=dispersed,ber=1e-05",DRCT,avg_reader_bits,415.120356,106.074910,595.105270,29.402465,50
"scenario_label=dispersed,ber=1e-05",DRCT,avg_total_bits,779.838588,104.527363,963.958205,28.973507,50
"scenario_label=dispersed,ber=1e-05",DRCT,avg_query_efficiency,0.296834,0.092446,0.455306,0.025625,50
"scenario_label=dispersed,ber=1e-05",DRCT,peak_stack_depth,13.060000,0.549954,14.000000,0.152439,50
"scenario_label=dispersed,ber=1e-05",DRCT,avg_tag_responses,88.892576,3.071418,92.981410,0.851354,50
"scenario_label=dispersed,ber=1e-05",EAQ_CBB,total_protocol_time_ms,33007.137900,2609.383385,35515.069000,723.284173,50
"scenario_label=dispersed,ber=1e-05",EAQ_CBB,throughput_tags_per_sec,304.994821,26.295842,368.374366,7.288836,50
"scenario_label=dispersed,ber=1e-05",EAQ_CBB,system_efficiency,0.433177,0.039017,0.527645,0.010815,50
"scenario_label=dispersed,ber=1e-05",EAQ_CBB,collision_slots,13253.320000,1911.309568,15082.200000,529.787983,50
"scenario_label=dispersed,ber=1e-05",EAQ_CBB,idle_slots,0.000000,0.000000,0.000000,0.000000,50
"scenario_label=dispersed,ber=1e-05",EAQ_CBB,total_energy_uj,16514309.458903,1308194.959894,17788481.049481,362613.142684,50
"scenario_label=dispersed,ber=1e-05",EAQ_CBB,energy_per_tag_uj,1651.430946,130.819496,1778.848105,36.261314,50
"scenario_label=dispersed,ber=1e-05",EAQ_CBB,total_reader_tx_energy_uj,4692.037600,362.603362,5080.406200,100.508524,50
"scenario_label=dispersed,ber=1e-05",EAQ_CBB,total_tag_tx_energy_uj,463.067200,53.716538,525.773925,14.889465,50
"scenario_label=dispersed,ber=1e-05",EAQ_CBB,total_listening_energy_uj,16509154.354102,1307788.326913,17782940.231606,362500.429772,50
"scenario_label=dispersed,ber=1e-05",EAQ_CBB,total_transmission_energy_uj,5155.104800,406.788557,5540.817875,112.756035,50
"scenario_label=dispersed,ber=1e-05",EAQ_CBB,total_bits,3272153.200000,274813.447730,3537603.400000,76174.401361,50
"scenario_label=dispersed,ber=1e-05",EAQ_CBB,avg_tag_bits,92.613440,10.743308,105.154785,2.977893,50
"scenario_label=dispersed,ber=1e-05",EAQ_CBB,avg_reader_bits,234.601880,18.130168,254.020310,5.025426,50
"scenario_label=dispersed,ber=1e-05",EAQ_CBB,avg_total_bits,327.215320,27.481345,353.760340,7.617440,50
"scenario_label=dispersed,ber=1e-05",EAQ_CBB,avg_query_efficiency,0.773256,0.134387,1.117116,0.037250,50
"scenario_label=dispersed,ber=1e-05",EAQ_CBB,peak_stack_depth,2456.920000,7.150967,2468.550000,1.982147,50
"scenario_label=dispersed,ber=1e-05",EAQ_CBB,avg_tag_responses,5.193672,0.568478,5.695650,0.157574,50
"scenario_label=dispersed,ber=1e-05",EMDT,total_protocol_time_ms,13675.769500,109.975277,13840.636750,30.483591,50
"scenario_label=dispersed,ber=1e-05",EMDT,throughput_tags_per_sec,731.266487,5.863672,739.534329,1.625327,50
"scenario_label=dispersed,ber=1e-05",EMDT,system_efficiency,0.502169,0.006151,0.511270,0.001705,50
"scenario_label=dispersed,ber=1e-05",EMDT,collision_slots,5938.900000,111.592233,6101.150000,30.931789,50
"scenario_label=dispersed,ber=1e-05",EMDT,idle_slots,3977.660000,145.504556,4231.650000,40.331805,50
"scenario_label=dispersed,ber=1e-05",EMDT,total_energy_uj,6837072.354180,63431.492937,6922580.765763,17582.312808,50
"scenario_label=dispersed,ber=1e-05",EMDT,energy_per_tag_uj,683.707235,6.343149,692.258077,1.758231,50
"scenario_label=dispersed,ber=1e-05",EMDT,total_reader_tx_energy_uj,487.628240,4.192314,493.422600,1.162050,50
"scenario_label=dispersed,ber=1e-05",EMDT,total_tag_tx_energy_uj,738.808320,1.682585,741.523200,0.466389,50
"scenario_label=dispersed,ber=1e-05",EMDT,total_listening_energy_uj,6835845.917620,63431.827611,6921352.605363,17582.405575,50
"scenario_label=dispersed,ber=1e-05",EMDT,total_transmission_energy_uj,1226.436560,5.415043,1234.239800,1.500973,50
"scenario_label=dispersed,ber=1e-05",EMDT,total_bits,1721430.760000,4963.299477,1728976.700000,1375.756425,50
"scenario_label=dispersed,ber=1e-05",EMDT,avg_tag_bits,147.761664,0.336517,148.304640,0.093278,50
"scenario_label=dispersed,ber=1e-05",EMDT,avg_reader_bits,24.381412,0.209616,24.671130,0.058103,50
"scenario_label=dispersed,ber=1e-05",EMDT,avg_total_bits,172.143076,0.496330,172.897670,0.137576,50
"scenario_label=dispersed,ber=1e-05",EMDT,avg_query_efficiency,1.684393,0.031486,1.729986,0.008728,50
"scenario_label=dispersed,ber=1e-05",EMDT,peak_stack_depth,46.460000,1.312577,48.550000,0.363828,50
"scenario_label=dispersed,ber=1e-05",EMDT,avg_tag_responses,5.312778,0.021065,5.343640,0.005839,50
"scenario_label=dispersed,ber=1e-05",HT_EEAC,total_protocol_time_ms,79152.760350,1466.603046,81465.436500,406.521624,50
"scenario_label=dispersed,ber=1e-05",HT_EEAC,throughput_tags_per_sec,126.380578,2.346348,130.229770,0.650374,50
"scenario_label=dispersed,ber=1e-05",HT_EEAC,system_efficiency,0.061960,0.001232,0.063988,0.000341,50
"scenario_label=dispersed,ber=1e-05",HT_EEAC,collision_slots,145506.780000,3214.856180,150710.450000,891.112669,50
"scenario_label=dispersed,ber=1e-05",HT_EEAC,idle_slots,5950.840000,154.508088,6214.150000,42.827457,50
"scenario_label=dispersed,ber=1e-05",HT_EEAC,total_energy_uj,46507037.810370,1015942.454380,47884819.167186,281604.881125,50
"scenario_label=dispersed,ber=1e-05",HT_EEAC,energy_per_tag_uj,4650.703781,101.594245,4788.481917,28.160488,50
"scenario_label=dispersed,ber=1e-05",HT_EEAC,total_reader_tx_energy_uj,7104.135280,140.949675,7324.231200,39.069257,50
"scenario_label=dispersed,ber=1e-05",HT_EEAC,total_tag_tx_energy_uj,1724.054240,25.718849,1765.683600,7.128901,50
"scenario_label=dispersed,ber=1e-05",HT_EEAC,total_listening_energy_uj,46498209.620850,1015780.387819,47875729.252386,281559.958566,50
"scenario_label=dispersed,ber=1e-05",HT_EEAC,total_transmission_energy_uj,8828.189520,166.643452,9089.914800,46.191208,50
"scenario_label=dispersed,ber=1e-05",HT_EEAC,total_bits,7000176.120000,121878.257044,7193482.800000,33782.929278,50
"scenario_label=dispersed,ber=1e-05",HT_EEAC,avg_tag_bits,344.810848,5.143770,353.136720,1.425780,50
"scenario_label=dispersed,ber=1e-05",HT_EEAC,avg_reader_bits,355.206764,7.047484,366.211560,1.953463,50
"scenario_label=dispersed,ber=1e-05",HT_EEAC,avg_total_bits,700.017612,12.187826,719.348280,3.378293,50
"scenario_label=dispersed,ber=1e-05",HT_EEAC,avg_query_efficiency,0.068758,0.001523,0.071268,0.000422,50
"scenario_label=dispersed,ber=1e-05",HT_EEAC,avg_tag_responses,251.841830,10.234818,267.916610,2.836947,50
"scenario_label=dispersed,ber=1e-05",LAPCT,total_protocol_time_ms,30376.162850,221.433704,30676.517500,61.378291,50
"scenario_label=dispersed,ber=1e-05",LAPCT,throughput_tags_per_sec,329.222730,2.411369,333.409084,0.668397,50
"scenario_label=dispersed,ber=1e-05",LAPCT,system_efficiency,0.498973,0.000014,0.498977,0.000004,50
"scenario_label=dispersed,ber=1e-05",LAPCT,collision_slots,10041.160000,0.548095,10043.000000,0.151924,50
"scenario_label=dispersed,ber=1e-05",LAPCT,idle_slots,0.000000,0.000000,0.000000,0.000000,50
"scenario_label=dispersed,ber=1e-05",LAPCT,total_energy_uj,15201807.696688,110661.332101,15352392.646150,30673.756311,50
"scenario_label=dispersed,ber=1e-05",LAPCT,energy_per_tag_uj,1520.180770,11.066133,1535.239265,3.067376,50
"scenario_label=dispersed,ber=1e-05",LAPCT,total_reader_tx_energy_uj,4477.576600,71.105304,4573.986800,19.709385,50
"scenario_label=dispersed,ber=1e-05",LAPCT,total_tag_tx_energy_uj,1309.518850,185.518727,1599.070425,51.423168,50
"scenario_label=dispersed,ber=1e-05",LAPCT,total_listening_energy_uj,15196020.601238,110755.088891,15346679.023225,30699.744367,50
"scenario_label=dispersed,ber=1e-05",LAPCT,total_transmission_energy_uj,5787.095450,126.366393,6022.581875,35.026977,50
"scenario_label=dispersed,ber=1e-05",LAPCT,total_bits,4857826.000000,339747.091503,5410566.100000,94173.089138,50
"scenario_label=dispersed,ber=1e-05",LAPCT,avg_tag_bits,261.903770,37.103745,319.814085,10.284634,50
"scenario_label=dispersed,ber=1e-05",LAPCT,avg_reader_bits,223.878830,3.555265,228.699340,0.985469,50
"scenario_label=dispersed,ber=1e-05",LAPCT,avg_total_bits,485.782600,33.974709,541.056610,9.417309,50
"scenario_label=dispersed,ber=1e-05",LAPCT,avg_query_efficiency,0.995901,0.000054,0.995917,0.000015,50
"scenario_label=dispersed,ber=1e-05",LAPCT,peak_stack_depth,17.480000,0.543609,18.000000,0.150681,50
"scenario_label=dispersed,ber=1e-05",LAPCT,avg_tag_responses,11.574968,0.007631,11.583675,0.002115,50
"scenario_label=dispersed,ber=1e-05",NLHQT(n=2),total_protocol_time_ms,9174.953425,15.251420,9196.015312,4.227478,50
"scenario_label=dispersed,ber=1e-05",NLHQT(n=2),throughput_tags_per_sec,1089.926740,1.811826,1092.787524,0.502213,50
"scenario_label=dispersed,ber=1e-05",NLHQT(n=2),system_efficiency,0.378405,0.000546,0.379324,0.000151,50
"scenario_label=dispersed,ber=1e-05",NLHQT(n=2),collision_slots,16426.760000,38.160542,16478.300000,10.577562,50
"scenario_label=dispersed,ber=1e-05",NLHQT(n=2),idle_slots,0.000000,0.000000,0.000000,0.000000,50
"scenario_label=dispersed,ber=1e-05",NLHQT(n=2),total_energy_uj,4591170.674625,8888.363646,4603550.053525,2463.728705,50
"scenario_label=dispersed,ber=1e-05",NLHQT(n=2),energy_per_tag_uj,459.117067,0.888836,460.355005,0.246373,50
"scenario_label=dispersed,ber=1e-05",NLHQT(n=2),total_reader_tx_energy_uj,1201.648760,2.103739,1204.529600,0.583127,50
"scenario_label=dispersed,ber=1e-05",NLHQT(n=2),total_tag_tx_energy_uj,390.061900,10.815041,399.178400,2.997776,50
"scenario_label=dispersed,ber=1e-05",NLHQT(n=2),total_listening_energy_uj,4589578.963965,8885.974987,4601950.068975,2463.066603,50
"scenario_label=dispersed,ber=1e-05",NLHQT(n=2),total_transmission_energy_uj,1591.710660,11.331088,1603.090400,3.140817,50
"scenario_label=dispersed,ber=1e-05",NLHQT(n=2),total_bits,1380948.180000,21816.727479,1400307.400000,6047.288330,50
"scenario_label=dispersed,ber=1e-05",NLHQT(n=2),avg_tag_bits,78.012380,2.163008,79.835680,0.599555,50
"scenario_label=dispersed,ber=1e-05",NLHQT(n=2),avg_reader_bits,60.082438,0.105187,60.226480,0.029156,50
"scenario_label=dispersed,ber=1e-05",NLHQT(n=2),avg_total_bits,138.094818,2.181673,140.030740,0.604729,50
"scenario_label=dispersed,ber=1e-05",NLHQT(n=2),avg_query_efficiency,0.608766,0.001414,0.611146,0.000392,50
"scenario_label=dispersed,ber=1e-05",NLHQT(n=2),peak_stack_depth,20.980000,0.742033,22.000000,0.205681,50
"scenario_label=dispersed,ber=1e-05",NLHQT(n=2),avg_tag_responses,9.306192,0.005022,9.313140,0.001392,50
"scenario_label=dispersed,ber=1e-05",SGCT,total_protocol_time_ms,7780.939550,1145.126523,10467.423750,317.412878,50
"scenario_label=dispersed,ber=1e-05",SGCT,throughput_tags_per_sec,1309.799244,173.771620,1514.179638,48.167036,50
"scenario_label=dispersed,ber=1e-05",SGCT,system_efficiency,0.857673,0.053695,0.928264,0.014883,50
"scenario_label=dispersed,ber=1e-05",SGCT,collision_slots,1704.640000,738.495016,3184.950000,204.700375,50
"scenario_label=dispersed,ber=1e-05",SGCT,idle_slots,0.000000,0.000000,0.000000,0.000000,50
"scenario_label=dispersed,ber=1e-05",SGCT,total_energy_uj,3907749.793210,568261.528492,5249978.826588,157514.059471,50
"scenario_label=dispersed,ber=1e-05",SGCT,energy_per_tag_uj,390.774979,56.826153,524.997882,15.751406,50
"scenario_label=dispersed,ber=1e-05",SGCT,total_reader_tx_energy_uj,806.119400,180.570275,1207.902500,50.051527,50
"scenario_label=dispersed,ber=1e-05",SGCT,total_tag_tx_energy_uj,445.552480,47.943576,515.975150,13.289281,50
"scenario_label=dispersed,ber=1e-05",SGCT,total_listening_energy_uj,3906498.121330,568066.246122,5248286.187188,157459.929960,50
"scenario_label=dispersed,ber=1e-05",SGCT,total_transmission_energy_uj,1251.671880,202.659967,1692.639400,56.174477,50
"scenario_label=dispersed,ber=1e-05",SGCT,total_bits,1294164.660000,153338.199850,1569746.450000,42503.180524,50
"scenario_label=dispersed,ber=1e-05",SGCT,avg_tag_bits,89.110496,9.588715,103.195030,2.657856,50
"scenario_label=dispersed,ber=1e-05",SGCT,avg_reader_bits,40.305970,9.028514,60.395125,2.502576,50
"scenario_label=dispersed,ber=1e-05",SGCT,avg_total_bits,129.416466,15.333820,156.974645,4.250318,50
"scenario_label=dispersed,ber=1e-05",SGCT,avg_query_efficiency,7.391707,3.945755,12.940044,1.093707,50
"scenario_label=dispersed,ber=1e-05",SGCT,peak_stack_depth,142.280000,74.902396,256.000000,20.761885,50
"scenario_label=dispersed,ber=1e-05",SGCT,progressive_probe_count,973.940000,454.595106,2100.650000,126.007335,50
"scenario_label=dispersed,ber=1e-05",SGCT,signature_grouping_trigger_count,435.200000,385.995347,1086.550000,106.992452,50
"scenario_label=dispersed,ber=1e-05",SGCT,local_short_id_trigger_count,121.700000,101.066608,257.000000,28.014234,50
"scenario_label=dispersed,ber=1e-05",SGCT,signature_groups_pruned,43141.120000,15410.574704,55775.700000,4271.593375,50
"scenario_label=dispersed,ber=1e-05",SGCT,sparse_signature_groups,10138.560000,688.203315,11082.000000,190.760226,50
"scenario_label=dispersed,ber=1e-05",SGCT,signature_marker_bits,23598.320000,4846.470116,30000.000000,1343.372979,50
"scenario_label=dispersed,ber=1e-05",SGCT,signature_marker_tag_bits,23598.320000,4846.470116,30000.000000,1343.372979,50
"scenario_label=dispersed,ber=1e-05",SGCT,signature_non_idle_marker_count,10138.560000,688.203315,11082.000000,190.760226,50
"scenario_label=dispersed,ber=1e-05",SGCT,signature_collision_groups,728.760000,328.838498,1088.000000,91.149381,50
"scenario_label=dispersed,ber=1e-05",SGCT,signature_singleton_groups,9409.800000,753.543520,10000.000000,208.871607,50
"scenario_label=dispersed,ber=1e-05",SGCT,low_d_fallback_count,294.560000,376.491058,790.550000,104.357997,50
"scenario_label=dispersed,ber=1e-05",SGCT,suffix_signature_trigger_count,0.000000,0.000000,0.000000,0.000000,50
"scenario_label=dispersed,ber=1e-05",SGCT,hash_short_id_round_count,0.000000,0.000000,0.000000,0.000000,50
"scenario_label=dispersed,ber=1e-05",SGCT,hash_short_id_split_count,0.000000,0.000000,0.000000,0.000000,50
"scenario_label=dispersed,ber=1e-05",SGCT,hash_short_id_collision_groups,0.000000,0.000000,0.000000,0.000000,50
"scenario_label=dispersed,ber=1e-05",SGCT,hash_short_id_singleton_groups,0.000000,0.000000,0.000000,0.000000,50
"scenario_label=dispersed,ber=1e-05",SGCT,small_cluster_guard_count,0.000000,0.000000,0.000000,0.000000,50
"scenario_label=dispersed,ber=1e-05",SGCT,max_signature_d,8.000000,0.000000,8.000000,0.000000,50
"scenario_label=dispersed,ber=1e-05",SGCT,epc_verification_count,10001.940000,1.462595,10004.550000,0.405411,50
"scenario_label=dispersed,ber=1e-05",SGCT,verify_fail_count,1.940000,1.462595,4.550000,0.405411,50
"scenario_label=dispersed,ber=1e-05",SGCT,avg_tag_responses,6.237320,0.888794,8.000000,0.246361,50
"scenario_label=prefix80,ber=0.0",DQTA(k_max=3),total_protocol_time_ms,14741.215950,82.913508,14897.797437,22.982452,50
"scenario_label=prefix80,ber=0.0",DQTA(k_max=3),throughput_tags_per_sec,678.391023,3.797632,682.996477,1.052650,50
"scenario_label=prefix80,ber=0.0",DQTA(k_max=3),system_efficiency,0.367850,0.001660,0.370417,0.000460,50
"scenario_label=prefix80,ber=0.0",DQTA(k_max=3),collision_slots,8556.160000,53.469182,8659.100000,14.820901,50
"scenario_label=prefix80,ber=0.0",DQTA(k_max=3),idle_slots,8629.340000,117.975371,8842.450000,32.701104,50
"scenario_label=prefix80,ber=0.0",DQTA(k_max=3),total_energy_uj,7384045.380422,48415.136531,7468791.537987,13419.991170,50
"scenario_label=prefix80,ber=0.0",DQTA(k_max=3),total_listening_energy_uj,7381640.285372,48404.653886,7466365.017487,13417.085530,50
"scenario_label=prefix80,ber=0.0",DQTA(k_max=3),total_transmission_energy_uj,2405.095050,12.652526,2429.305550,3.507101,50
"scenario_label=prefix80,ber=0.0",DQTA(k_max=3),total_bits,1838620.560000,6461.475450,1850929.450000,1791.029618,50
"scenario_label=prefix80,ber=0.0",DQTA(k_max=3),avg_tag_bits,84.809738,0.025312,84.855165,0.007016,50
"scenario_label=prefix80,ber=0.0",DQTA(k_max=3),avg_reader_bits,99.052318,0.628182,100.256055,0.174123,50
"scenario_label=prefix80,ber=0.0",DQTA(k_max=3),avg_total_bits,183.862056,0.646148,185.092945,0.179103,50
"scenario_label=prefix80,ber=0.0",DQTA(k_max=3),avg_query_efficiency,1.168793,0.007266,1.177745,0.002014,50
"scenario_label=prefix80,ber=0.0",DQTA(k_max=3),peak_stack_depth,27.560000,0.786623,29.000000,0.218041,50
"scenario_label=prefix80,ber=0.0",DQTA(k_max=3),avg_tag_responses,5.063698,0.005047,5.072165,0.001399,50
"scenario_label=prefix80,ber=0.0",DRCT,total_protocol_time_ms,21816.806750,90.742134,21940.965688,25.152436,50
"scenario_label=prefix80,ber=0.0",DRCT,throughput_tags_per_sec,458.369994,1.906911,461.253171,0.528569,50
"scenario_label=prefix80,ber=0.0",DRCT,system_efficiency,0.397669,0.001682,0.400227,0.000466,50
"scenario_label=prefix80,ber=0.0",DRCT,collision_slots,12572.500000,53.170596,12645.050000,14.738137,50
"scenario_label=prefix80,ber=0.0",DRCT,idle_slots,2574.500000,53.170596,2647.050000,14.738137,50
"scenario_label=prefix80,ber=0.0",DRCT,total_energy_uj,10965466.879207,56856.222758,11055071.460037,15759.740901,50
"scenario_label=prefix80,ber=0.0",DRCT,energy_per_tag_uj,1096.546688,5.685622,1105.507146,1.575974,50
"scenario_label=prefix80,ber=0.0",DRCT,total_reader_tx_energy_uj,3077.106400,13.079356,3095.040800,3.625413,50
"scenario_label=prefix80,ber=0.0",DRCT,total_tag_tx_energy_uj,1893.131220,0.196098,1893.364600,0.054356,50
"scenario_label=prefix80,ber=0.0",DRCT,total_listening_energy_uj,10960496.641588,56844.243197,11050081.285013,15756.420336,50
"scenario_label=prefix80,ber=0.0",DRCT,total_transmission_energy_uj,4970.237620,13.243322,4988.446925,3.670862,50
"scenario_label=prefix80,ber=0.0",DRCT,total_bits,5324815.640000,6870.137327,5334332.650000,1904.304911,50
"scenario_label=prefix80,ber=0.0",DRCT,avg_tag_bits,378.626244,0.039220,378.672920,0.010871,50
"scenario_label=prefix80,ber=0.0",DRCT,avg_reader_bits,153.855320,0.653968,154.752040,0.181271,50
"scenario_label=prefix80,ber=0.0",DRCT,avg_total_bits,532.481564,0.687014,533.433265,0.190430,50
"scenario_label=prefix80,ber=0.0",DRCT,avg_query_efficiency,0.795401,0.003365,0.800519,0.000933,50
"scenario_label=prefix80,ber=0.0",DRCT,peak_stack_depth,13.000000,0.451754,14.000000,0.125220,50
"scenario_label=prefix80,ber=0.0",DRCT,avg_tag_responses,94.141104,0.011111,94.156820,0.003080,50
"scenario_label=prefix80,ber=0.0",EAQ_CBB,total_protocol_time_ms,28616.125275,87.551357,28723.497875,24.267998,50
"scenario_label=prefix80,ber=0.0",EAQ_CBB,throughput_tags_per_sec,349.456536,1.072386,351.878231,0.297250,50
"scenario_label=prefix80,ber=0.0",EAQ_CBB,system_efficiency,0.545948,0.001659,0.549665,0.000460,50
"scenario_label=prefix80,ber=0.0",EAQ_CBB,collision_slots,8316.920000,55.509823,8385.300000,15.386538,50
"scenario_label=prefix80,ber=0.0",EAQ_CBB,idle_slots,0.000000,0.000000,0.000000,0.000000,50
"scenario_label=prefix80,ber=0.0",EAQ_CBB,total_energy_uj,14313101.870180,44271.683953,14363496.000569,12271.484711,50
"scenario_label=prefix80,ber=0.0",EAQ_CBB,total_listening_energy_uj,14308700.264480,44260.641893,14359086.675394,12268.424009,50
"scenario_label=prefix80,ber=0.0",EAQ_CBB,total_transmission_energy_uj,4401.605700,13.225115,4417.775850,3.665815,50
"scenario_label=prefix80,ber=0.0",EAQ_CBB,total_bits,2419782.000000,7162.640141,2428301.700000,1985.382555,50
"scenario_label=prefix80,ber=0.0",EAQ_CBB,avg_tag_bits,29.197220,0.090989,29.352855,0.025221,50
"scenario_label=prefix80,ber=0.0",EAQ_CBB,avg_reader_bits,212.780980,0.643483,213.575000,0.178364,50
"scenario_label=prefix80,ber=0.0",EAQ_CBB,avg_total_bits,241.978200,0.716264,242.830170,0.198538,50
"scenario_label=prefix80,ber=0.0",EAQ_CBB,avg_query_efficiency,1.202421,0.008078,1.220569,0.002239,50
"scenario_label=prefix80,ber=0.0",EAQ_CBB,peak_stack_depth,2458.720000,7.134395,2468.550000,1.977553,50
"scenario_label=prefix80,ber=0.0",EAQ_CBB,avg_tag_responses,3.791632,0.012564,3.809600,0.003483,50
"scenario_label=prefix80,ber=0.0",EMDT,total_protocol_time_ms,13698.183900,90.298886,13851.677000,25.029574,50
"scenario_label=prefix80,ber=0.0",EMDT,throughput_tags_per_sec,730.054944,4.824031,739.187785,1.337153,50
"scenario_label=prefix80,ber=0.0",EMDT,system_efficiency,0.501176,0.004968,0.509411,0.001377,50
"scenario_label=prefix80,ber=0.0",EMDT,collision_slots,5963.920000,93.290601,6118.150000,25.858835,50
"scenario_label=prefix80,ber=0.0",EMDT,idle_slots,3991.080000,122.720495,4178.650000,34.016386,50
"scenario_label=prefix80,ber=0.0",EMDT,total_energy_uj,6850082.407995,52323.704450,6928537.283525,14503.390924,50
"scenario_label=prefix80,ber=0.0",EMDT,total_listening_energy_uj,6848856.591035,52323.954485,6927308.080725,14503.460230,50
"scenario_label=prefix80,ber=0.0",EMDT,total_transmission_energy_uj,1225.816960,6.376546,1234.660400,1.767488,50
"scenario_label=prefix80,ber=0.0",EMDT,total_bits,1720232.480000,5422.712742,1727985.900000,1503.099285,50
"scenario_label=prefix80,ber=0.0",EMDT,avg_tag_bits,147.643200,0.324557,148.147200,0.089963,50
"scenario_label=prefix80,ber=0.0",EMDT,avg_reader_bits,24.380048,0.252684,24.712600,0.070041,50
"scenario_label=prefix80,ber=0.0",EMDT,avg_total_bits,172.023248,0.542271,172.798590,0.150310,50
"scenario_label=prefix80,ber=0.0",EMDT,avg_query_efficiency,1.677155,0.026436,1.728841,0.007328,50
"scenario_label=prefix80,ber=0.0",EMDT,peak_stack_depth,46.660000,1.364417,49.000000,0.378197,50
"scenario_label=prefix80,ber=0.0",EMDT,avg_tag_responses,5.318106,0.018855,5.341855,0.005226,50
"scenario_label=prefix80,ber=0.0",HT_EEAC,total_protocol_time_ms,79272.808800,1412.971520,81598.143750,391.655723,50
"scenario_label=prefix80,ber=0.0",HT_EEAC,throughput_tags_per_sec,126.185880,2.245703,129.177856,0.622477,50
"scenario_label=prefix80,ber=0.0",HT_EEAC,system_efficiency,0.061857,0.001179,0.063453,0.000327,50
"scenario_label=prefix80,ber=0.0",HT_EEAC,collision_slots,145766.540000,3095.024705,150882.200000,857.897079,50
"scenario_label=prefix80,ber=0.0",HT_EEAC,idle_slots,5954.420000,154.301334,6190.750000,42.770148,50
"scenario_label=prefix80,ber=0.0",HT_EEAC,total_energy_uj,46604743.560881,952386.681125,48140195.146584,263988.119570,50
"scenario_label=prefix80,ber=0.0",HT_EEAC,total_listening_energy_uj,46595901.706321,952229.797468,48131076.401184,263944.633639,50
"scenario_label=prefix80,ber=0.0",HT_EEAC,total_transmission_energy_uj,8841.854560,160.568212,9106.388000,44.507238,50
"scenario_label=prefix80,ber=0.0",HT_EEAC,total_bits,7010125.760000,117401.822111,7203019.000000,32542.124819,50
"scenario_label=prefix80,ber=0.0",HT_EEAC,avg_tag_bits,345.226464,4.952040,353.411520,1.372635,50
"scenario_label=prefix80,ber=0.0",HT_EEAC,avg_reader_bits,355.786112,6.791702,366.991900,1.882564,50
"scenario_label=prefix80,ber=0.0",HT_EEAC,avg_total_bits,701.012576,11.740182,720.301900,3.254212,50
"scenario_label=prefix80,ber=0.0",HT_EEAC,avg_query_efficiency,0.068633,0.001455,0.070506,0.000403,50
"scenario_label=prefix80,ber=0.0",HT_EEAC,avg_tag_responses,251.992842,10.804510,268.064210,2.994857,50
"scenario_label=prefix80,ber=0.0",LAPCT,total_protocol_time_ms,30839.413050,0.649516,30840.160938,0.180037,50
"scenario_label=prefix80,ber=0.0",LAPCT,throughput_tags_per_sec,324.260387,0.006830,324.268239,0.001893,50
"scenario_label=prefix80,ber=0.0",LAPCT,system_efficiency,0.498975,0.000010,0.498977,0.000003,50
"scenario_label=prefix80,ber=0.0",LAPCT,collision_slots,10041.080000,0.395897,10041.000000,0.109737,50
"scenario_label=prefix80,ber=0.0",LAPCT,idle_slots,0.000000,0.000000,0.000000,0.000000,50
"scenario_label=prefix80,ber=0.0",LAPCT,total_energy_uj,15432709.182280,438.399721,15433499.892850,121.518203,50
"scenario_label=prefix80,ber=0.0",LAPCT,total_listening_energy_uj,15427621.945650,438.284312,15428412.621750,121.486213,50
"scenario_label=prefix80,ber=0.0",LAPCT,total_transmission_energy_uj,5087.236630,0.272890,5087.451875,0.075641,50
"scenario_label=prefix80,ber=0.0",LAPCT,total_bits,3231477.860000,415.121915,3231848.100000,115.065924,50
"scenario_label=prefix80,ber=0.0",LAPCT,avg_tag_bits,91.714606,0.039360,91.754210,0.010910,50
"scenario_label=prefix80,ber=0.0",LAPCT,avg_reader_bits,231.433180,0.007818,231.444375,0.002167,50
"scenario_label=prefix80,ber=0.0",LAPCT,avg_total_bits,323.147786,0.041512,323.184810,0.011507,50
"scenario_label=prefix80,ber=0.0",LAPCT,avg_query_efficiency,0.995909,0.000039,0.995917,0.000011,50
"scenario_label=prefix80,ber=0.0",LAPCT,peak_stack_depth,17.500000,0.543984,18.000000,0.150785,50
"scenario_label=prefix80,ber=0.0",LAPCT,avg_tag_responses,11.575518,0.005457,11.583785,0.001513,50
"scenario_label=prefix80,ber=0.0",NLHQT(n=2),total_protocol_time_ms,9181.073150,17.943071,9212.334750,4.973565,50
"scenario_label=prefix80,ber=0.0",NLHQT(n=2),throughput_tags_per_sec,1089.201365,2.127191,1092.513549,0.589627,50
"scenario_label=prefix80,ber=0.0",NLHQT(n=2),system_efficiency,0.378161,0.000591,0.379115,0.000164,50
"scenario_label=prefix80,ber=0.0",NLHQT(n=2),collision_slots,16443.860000,41.313639,16514.200000,11.451556,50
"scenario_label=prefix80,ber=0.0",NLHQT(n=2),idle_slots,0.000000,0.000000,0.000000,0.000000,50
"scenario_label=prefix80,ber=0.0",NLHQT(n=2),total_energy_uj,4593684.463350,10093.621350,4609857.498275,2797.809096,50
"scenario_label=prefix80,ber=0.0",NLHQT(n=2),total_listening_energy_uj,4592242.766090,10091.476372,4608410.254975,2797.214539,50
"scenario_label=prefix80,ber=0.0",NLHQT(n=2),total_transmission_energy_uj,1441.697260,2.488948,1445.987050,0.689901,50
"scenario_label=prefix80,ber=0.0",NLHQT(n=2),total_bits,1079595.440000,1259.937610,1081776.800000,349.236888,50
"scenario_label=prefix80,ber=0.0",NLHQT(n=2),avg_tag_bits,47.832908,0.003816,47.838840,0.001058,50
"scenario_label=prefix80,ber=0.0",NLHQT(n=2),avg_reader_bits,60.126636,0.123942,60.339620,0.034355,50
"scenario_label=prefix80,ber=0.0",NLHQT(n=2),avg_total_bits,107.959544,0.125994,108.177680,0.034924,50
"scenario_label=prefix80,ber=0.0",NLHQT(n=2),avg_query_efficiency,0.608133,0.001527,0.610603,0.000423,50
"scenario_label=prefix80,ber=0.0",NLHQT(n=2),peak_stack_depth,20.900000,0.707107,22.000000,0.196000,50
"scenario_label=prefix80,ber=0.0",NLHQT(n=2),avg_tag_responses,9.307956,0.005915,9.318100,0.001640,50
"scenario_label=prefix80,ber=0.0",SGCT,total_protocol_time_ms,5490.737500,0.000000,5490.737500,0.000000,50
"scenario_label=prefix80,ber=0.0",SGCT,throughput_tags_per_sec,1821.248967,0.000000,1821.248967,0.000000,50
"scenario_label=prefix80,ber=0.0",SGCT,system_efficiency,0.951203,0.000000,0.951203,0.000000,50
"scenario_label=prefix80,ber=0.0",SGCT,collision_slots,513.000000,0.000000,513.000000,0.000000,50
"scenario_label=prefix80,ber=0.0",SGCT,idle_slots,0.000000,0.000000,0.000000,0.000000,50
"scenario_label=prefix80,ber=0.0",SGCT,total_energy_uj,2775194.326720,3513.991727,2779639.763200,974.028813,50
"scenario_label=prefix80,ber=0.0",SGCT,total_listening_energy_uj,2774397.876720,3513.991727,2778843.313200,974.028813,50
"scenario_label=prefix80,ber=0.0",SGCT,total_transmission_energy_uj,796.450000,0.000000,796.450000,0.000000,50
"scenario_label=prefix80,ber=0.0",SGCT,total_bits,713225.000000,0.000000,713225.000000,0.000000,50
"scenario_label=prefix80,ber=0.0",SGCT,avg_tag_bits,42.000000,0.000000,42.000000,0.000000,50
"scenario_label=prefix80,ber=0.0",SGCT,avg_reader_bits,29.322500,0.000000,29.322500,0.000000,50
"scenario_label=prefix80,ber=0.0",SGCT,avg_total_bits,71.322500,0.000000,71.322500,0.000000,50
"scenario_label=prefix80,ber=0.0",SGCT,avg_query_efficiency,19.493177,0.000000,19.493177,0.000000,50
"scenario_label=prefix80,ber=0.0",SGCT,peak_stack_depth,256.000000,0.000000,256.000000,0.000000,50
"scenario_label=prefix80,ber=0.0",SGCT,progressive_probe_count,257.000000,0.000000,257.000000,0.000000,50
"scenario_label=prefix80,ber=0.0",SGCT,signature_grouping_trigger_count,257.000000,0.000000,257.000000,0.000000,50
"scenario_label=prefix80,ber=0.0",SGCT,local_short_id_trigger_count,257.000000,0.000000,257.000000,0.000000,50
"scenario_label=prefix80,ber=0.0",SGCT,signature_groups_pruned,55536.000000,0.000000,55536.000000,0.000000,50
"scenario_label=prefix80,ber=0.0",SGCT,sparse_signature_groups,10256.000000,0.000000,10256.000000,0.000000,50
"scenario_label=prefix80,ber=0.0",SGCT,signature_marker_bits,20000.000000,0.000000,20000.000000,0.000000,50
"scenario_label=prefix80,ber=0.0",SGCT,signature_marker_tag_bits,20000.000000,0.000000,20000.000000,0.000000,50
"scenario_label=prefix80,ber=0.0",SGCT,signature_non_idle_marker_count,10256.000000,0.000000,10256.000000,0.000000,50
"scenario_label=prefix80,ber=0.0",SGCT,signature_collision_groups,256.000000,0.000000,256.000000,0.000000,50
"scenario_label=prefix80,ber=0.0",SGCT,signature_singleton_groups,10000.000000,0.000000,10000.000000,0.000000,50
"scenario_label=prefix80,ber=0.0",SGCT,low_d_fallback_count,0.000000,0.000000,0.000000,0.000000,50
"scenario_label=prefix80,ber=0.0",SGCT,suffix_signature_trigger_count,0.000000,0.000000,0.000000,0.000000,50
"scenario_label=prefix80,ber=0.0",SGCT,hash_short_id_round_count,0.000000,0.000000,0.000000,0.000000,50
"scenario_label=prefix80,ber=0.0",SGCT,hash_short_id_split_count,0.000000,0.000000,0.000000,0.000000,50
"scenario_label=prefix80,ber=0.0",SGCT,hash_short_id_collision_groups,0.000000,0.000000,0.000000,0.000000,50
"scenario_label=prefix80,ber=0.0",SGCT,hash_short_id_singleton_groups,0.000000,0.000000,0.000000,0.000000,50
"scenario_label=prefix80,ber=0.0",SGCT,small_cluster_guard_count,0.000000,0.000000,0.000000,0.000000,50
"scenario_label=prefix80,ber=0.0",SGCT,max_signature_d,8.000000,0.000000,8.000000,0.000000,50
"scenario_label=prefix80,ber=0.0",SGCT,epc_verification_count,10000.000000,0.000000,10000.000000,0.000000,50
"scenario_label=prefix80,ber=0.0",SGCT,verify_fail_count,0.000000,0.000000,0.000000,0.000000,50
"scenario_label=prefix80,ber=0.0",SGCT,avg_tag_responses,4.000000,0.000000,4.000000,0.000000,50
"scenario_label=prefix80,ber=0.0001",DQTA(k_max=3),total_protocol_time_ms,14760.774700,78.620257,14866.602250,21.792423,50
"scenario_label=prefix80,ber=0.0001",DQTA(k_max=3),throughput_tags_per_sec,677.490095,3.616782,685.273591,1.002521,50
"scenario_label=prefix80,ber=0.0001",DQTA(k_max=3),system_efficiency,0.367381,0.001874,0.370263,0.000519,50
"scenario_label=prefix80,ber=0.0001",DQTA(k_max=3),collision_slots,8567.760000,48.708864,8633.400000,13.501408,50
"scenario_label=prefix80,ber=0.0001",DQTA(k_max=3),idle_slots,8652.640000,114.001031,8856.300000,31.599474,50
"scenario_label=prefix80,ber=0.0001",DQTA(k_max=3),total_energy_uj,7385509.258530,51895.215405,7464875.890644,14384.619820,50
"scenario_label=prefix80,ber=0.0001",DQTA(k_max=3),total_listening_energy_uj,7383101.391020,51884.992505,7462454.243994,14381.786177,50
"scenario_label=prefix80,ber=0.0001",DQTA(k_max=3),total_transmission_energy_uj,2407.867510,11.489994,2423.389175,3.184864,50
"scenario_label=prefix80,ber=0.0001",DQTA(k_max=3),total_bits,1839998.960000,5824.096465,1848065.050000,1614.357177,50
"scenario_label=prefix80,ber=0.0001",DQTA(k_max=3),avg_tag_bits,84.808694,0.024945,84.852530,0.006914,50
"scenario_label=prefix80,ber=0.0001",DQTA(k_max=3),avg_reader_bits,99.191202,0.571975,99.961580,0.158543,50
"scenario_label=prefix80,ber=0.0001",DQTA(k_max=3),avg_total_bits,183.999896,0.582410,184.806505,0.161436,50
"scenario_label=prefix80,ber=0.0001",DQTA(k_max=3),avg_query_efficiency,1.167203,0.006651,1.181601,0.001844,50
"scenario_label=prefix80,ber=0.0001",DQTA(k_max=3),peak_stack_depth,27.540000,0.838122,29.000000,0.232316,50
"scenario_label=prefix80,ber=0.0001",DQTA(k_max=3),avg_tag_responses,5.065228,0.004381,5.071760,0.001214,50
"scenario_label=prefix80,ber=0.0001",DRCT,total_protocol_time_ms,21800.869625,76.574910,21927.977188,21.225482,50
"scenario_label=prefix80,ber=0.0001",DRCT,throughput_tags_per_sec,458.702840,1.609941,461.086506,0.446253,50
"scenario_label=prefix80,ber=0.0001",DRCT,system_efficiency,0.397971,0.001420,0.400087,0.000394,50
"scenario_label=prefix80,ber=0.0001",DRCT,collision_slots,12562.900000,44.854527,12636.750000,12.433040,50
"scenario_label=prefix80,ber=0.0001",DRCT,idle_slots,2564.900000,44.854527,2638.750000,12.433040,50
"scenario_label=prefix80,ber=0.0001",DRCT,total_energy_uj,10958472.172663,43705.480713,11031548.282781,12114.541181,50
"scenario_label=prefix80,ber=0.0001",DRCT,energy_per_tag_uj,1095.847217,4.370548,1103.154828,1.211454,50
"scenario_label=prefix80,ber=0.0001",DRCT,total_reader_tx_energy_uj,3074.813800,11.045729,3093.159200,3.061720,50
"scenario_label=prefix80,ber=0.0001",DRCT,total_tag_tx_energy_uj,1893.135190,0.181071,1893.444675,0.050190,50
"scenario_label=prefix80,ber=0.0001",DRCT,total_listening_energy_uj,10953504.223672,43695.740284,11026567.153506,12111.841271,50
"scenario_label=prefix80,ber=0.0001",DRCT,total_transmission_energy_uj,4967.948990,11.190677,4986.679700,3.101897,50
"scenario_label=prefix80,ber=0.0001",DRCT,total_bits,5323677.280000,5815.797789,5333620.600000,1612.056901,50
"scenario_label=prefix80,ber=0.0001",DRCT,avg_tag_bits,378.627038,0.036214,378.688935,0.010038,50
"scenario_label=prefix80,ber=0.0001",DRCT,avg_reader_bits,153.740690,0.552286,154.657960,0.153086,50
"scenario_label=prefix80,ber=0.0001",DRCT,avg_total_bits,532.367728,0.581580,533.362060,0.161206,50
"scenario_label=prefix80,ber=0.0001",DRCT,avg_query_efficiency,0.796004,0.002840,0.800237,0.000787,50
"scenario_label=prefix80,ber=0.0001",DRCT,peak_stack_depth,12.940000,0.424264,13.550000,0.117600,50
"scenario_label=prefix80,ber=0.0001",DRCT,avg_tag_responses,94.141402,0.011475,94.162815,0.003181,50
"scenario_label=prefix80,ber=0.0001",EAQ_CBB,total_protocol_time_ms,28601.987400,82.924421,28720.859187,22.985477,50
"scenario_label=prefix80,ber=0.0001",EAQ_CBB,throughput_tags_per_sec,349.628936,1.014109,351.238716,0.281097,50
"scenario_label=prefix80,ber=0.0001",EAQ_CBB,system_efficiency,0.546222,0.001567,0.548691,0.000434,50
"scenario_label=prefix80,ber=0.0001",EAQ_CBB,collision_slots,8307.720000,52.493747,8382.600000,14.550524,50
"scenario_label=prefix80,ber=0.0001",EAQ_CBB,idle_slots,0.000000,0.000000,0.000000,0.000000,50
"scenario_label=prefix80,ber=0.0001",EAQ_CBB,total_energy_uj,14307340.634763,52224.415347,14398410.906150,14475.869388,50
"scenario_label=prefix80,ber=0.0001",EAQ_CBB,total_listening_energy_uj,14302941.159382,52213.487794,14393996.114025,14472.840425,50
"scenario_label=prefix80,ber=0.0001",EAQ_CBB,total_transmission_energy_uj,4399.475380,12.584015,4417.584150,3.488111,50
"scenario_label=prefix80,ber=0.0001",EAQ_CBB,total_bits,2418648.920000,6907.909137,2428732.800000,1914.774723,50
"scenario_label=prefix80,ber=0.0001",EAQ_CBB,avg_tag_bits,29.188164,0.098031,29.340850,0.027173,50
"scenario_label=prefix80,ber=0.0001",EAQ_CBB,avg_reader_bits,212.676728,0.609259,213.547850,0.168878,50
"scenario_label=prefix80,ber=0.0001",EAQ_CBB,avg_total_bits,241.864892,0.690791,242.873280,0.191477,50
"scenario_label=prefix80,ber=0.0001",EAQ_CBB,avg_query_efficiency,1.203747,0.007613,1.215777,0.002110,50
"scenario_label=prefix80,ber=0.0001",EAQ_CBB,peak_stack_depth,2456.600000,6.978100,2468.650000,1.934231,50
"scenario_label=prefix80,ber=0.0001",EAQ_CBB,avg_tag_responses,3.788992,0.013149,3.807790,0.003645,50
"scenario_label=prefix80,ber=0.0001",EMDT,total_protocol_time_ms,13770.716200,112.966293,13954.392625,31.312659,50
"scenario_label=prefix80,ber=0.0001",EMDT,throughput_tags_per_sec,726.226597,5.965379,736.621475,1.653519,50
"scenario_label=prefix80,ber=0.0001",EMDT,system_efficiency,0.498954,0.006360,0.510929,0.001763,50
"scenario_label=prefix80,ber=0.0001",EMDT,collision_slots,6040.160000,114.488456,6235.650000,31.734581,50
"scenario_label=prefix80,ber=0.0001",EMDT,idle_slots,4004.960000,154.836446,4221.700000,42.918473,50
"scenario_label=prefix80,ber=0.0001",EMDT,total_energy_uj,6899105.519550,63580.174024,6982473.404275,17623.525103,50
"scenario_label=prefix80,ber=0.0001",EMDT,total_listening_energy_uj,6897873.692670,63581.104327,6981250.203075,17623.782970,50
"scenario_label=prefix80,ber=0.0001",EMDT,total_transmission_energy_uj,1231.826880,7.614993,1244.465200,2.110768,50
"scenario_label=prefix80,ber=0.0001",EMDT,total_bits,1728052.080000,6752.547443,1739184.400000,1871.710658,50
"scenario_label=prefix80,ber=0.0001",EMDT,avg_tag_bits,148.285152,0.422941,149.056880,0.117233,50
"scenario_label=prefix80,ber=0.0001",EMDT,avg_reader_bits,24.520056,0.293298,24.973960,0.081298,50
"scenario_label=prefix80,ber=0.0001",EMDT,avg_total_bits,172.805208,0.675255,173.918440,0.187171,50
"scenario_label=prefix80,ber=0.0001",EMDT,avg_query_efficiency,1.656170,0.031468,1.708591,0.008723,50
"scenario_label=prefix80,ber=0.0001",EMDT,peak_stack_depth,47.040000,1.484065,49.000000,0.411362,50
"scenario_label=prefix80,ber=0.0001",EMDT,avg_tag_responses,5.326582,0.021579,5.359315,0.005981,50
"scenario_label=prefix80,ber=0.0001",HT_EEAC,total_protocol_time_ms,79714.307700,1278.316655,81718.368375,354.331299,50
"scenario_label=prefix80,ber=0.0001",HT_EEAC,throughput_tags_per_sec,125.479721,2.019203,128.715848,0.559694,50
"scenario_label=prefix80,ber=0.0001",HT_EEAC,system_efficiency,0.061490,0.001057,0.063185,0.000293,50
"scenario_label=prefix80,ber=0.0001",HT_EEAC,collision_slots,146763.360000,2816.755695,151057.450000,780.764845,50
"scenario_label=prefix80,ber=0.0001",HT_EEAC,idle_slots,5911.320000,160.935586,6204.350000,44.609069,50
"scenario_label=prefix80,ber=0.0001",HT_EEAC,total_energy_uj,46909651.391126,884341.024296,48258596.230070,245126.825783,50
"scenario_label=prefix80,ber=0.0001",HT_EEAC,total_listening_energy_uj,46900759.598326,884200.647416,48249474.206670,245087.915297,50
"scenario_label=prefix80,ber=0.0001",HT_EEAC,total_transmission_energy_uj,8891.792800,145.143420,9120.237000,40.231703,50
"scenario_label=prefix80,ber=0.0001",HT_EEAC,total_bits,7047056.720000,106346.536024,7212807.900000,29477.755857,50
"scenario_label=prefix80,ber=0.0001",HT_EEAC,avg_tag_bits,346.821376,4.506809,353.691920,1.249224,50
"scenario_label=prefix80,ber=0.0001",HT_EEAC,avg_reader_bits,357.884296,6.131986,367.588870,1.699700,50
"scenario_label=prefix80,ber=0.0001",HT_EEAC,avg_total_bits,704.705672,10.634654,721.280790,2.947776,50
"scenario_label=prefix80,ber=0.0001",HT_EEAC,avg_query_efficiency,0.068162,0.001314,0.070324,0.000364,50
"scenario_label=prefix80,ber=0.0001",HT_EEAC,avg_tag_responses,254.311930,9.319339,268.830850,2.583189,50
"scenario_label=prefix80,ber=0.0001",LAPCT,total_protocol_time_ms,30839.316025,0.895345,30840.143750,0.248177,50
"scenario_label=prefix80,ber=0.0001",LAPCT,throughput_tags_per_sec,324.261407,0.009415,324.283861,0.002610,50
"scenario_label=prefix80,ber=0.0001",LAPCT,system_efficiency,0.498971,0.000016,0.498977,0.000005,50
"scenario_label=prefix80,ber=0.0001",LAPCT,collision_slots,10041.240000,0.656521,10043.000000,0.181978,50
"scenario_label=prefix80,ber=0.0001",LAPCT,idle_slots,0.000000,0.000000,0.000000,0.000000,50
"scenario_label=prefix80,ber=0.0001",LAPCT,total_energy_uj,15432626.750698,646.659311,15433445.600050,179.244816,50
"scenario_label=prefix80,ber=0.0001",LAPCT,total_listening_energy_uj,15427539.587477,646.409906,15428358.277050,179.175685,50
"scenario_label=prefix80,ber=0.0001",LAPCT,total_transmission_energy_uj,5087.163220,0.441550,5087.504225,0.122391,50
"scenario_label=prefix80,ber=0.0001",LAPCT,total_bits,3231331.340000,695.269163,3231898.200000,192.718780,50
"scenario_label=prefix80,ber=0.0001",LAPCT,avg_tag_bits,91.699964,0.064704,91.760300,0.017935,50
"scenario_label=prefix80,ber=0.0001",LAPCT,avg_reader_bits,231.433170,0.009230,231.444100,0.002558,50
"scenario_label=prefix80,ber=0.0001",LAPCT,avg_total_bits,323.133134,0.069527,323.189820,0.019272,50
"scenario_label=prefix80,ber=0.0001",LAPCT,avg_query_efficiency,0.995893,0.000065,0.995917,0.000018,50
"scenario_label=prefix80,ber=0.0001",LAPCT,peak_stack_depth,17.640000,0.484873,18.000000,0.134400,50
"scenario_label=prefix80,ber=0.0001",LAPCT,avg_tag_responses,11.575160,0.007980,11.585420,0.002212,50
"scenario_label=prefix80,ber=0.0001",NLHQT(n=2),total_protocol_time_ms,9177.387950,16.419809,9199.403750,4.551339,50
"scenario_label=prefix80,ber=0.0001",NLHQT(n=2),throughput_tags_per_sec,1089.638083,1.951961,1093.316201,0.541056,50
"scenario_label=prefix80,ber=0.0001",NLHQT(n=2),system_efficiency,0.378252,0.000558,0.379256,0.000155,50
"scenario_label=prefix80,ber=0.0001",NLHQT(n=2),collision_slots,16437.480000,38.970025,16489.000000,10.801940,50
"scenario_label=prefix80,ber=0.0001",NLHQT(n=2),idle_slots,0.000000,0.000000,0.000000,0.000000,50
"scenario_label=prefix80,ber=0.0001",NLHQT(n=2),total_energy_uj,4592750.277920,9159.661580,4604428.210288,2538.928656,50
"scenario_label=prefix80,ber=0.0001",NLHQT(n=2),total_listening_energy_uj,4591309.069440,9157.694117,4602985.199537,2538.383303,50
"scenario_label=prefix80,ber=0.0001",NLHQT(n=2),total_transmission_energy_uj,1441.208480,2.268337,1444.166900,0.628751,50
"scenario_label=prefix80,ber=0.0001",NLHQT(n=2),total_bits,1079351.080000,1155.377010,1080886.000000,320.254168,50
"scenario_label=prefix80,ber=0.0001",NLHQT(n=2),avg_tag_bits,47.832912,0.004813,47.839200,0.001334,50
"scenario_label=prefix80,ber=0.0001",NLHQT(n=2),avg_reader_bits,60.102196,0.112727,60.248260,0.031246,50
"scenario_label=prefix80,ber=0.0001",NLHQT(n=2),avg_total_bits,107.935108,0.115538,108.088600,0.032025,50
"scenario_label=prefix80,ber=0.0001",NLHQT(n=2),avg_query_efficiency,0.608369,0.001445,0.610969,0.000400,50
"scenario_label=prefix80,ber=0.0001",NLHQT(n=2),peak_stack_depth,21.100000,0.735402,22.000000,0.203843,50
"scenario_label=prefix80,ber=0.0001",NLHQT(n=2),avg_tag_responses,9.307658,0.005384,9.314120,0.001492,50
"scenario_label=prefix80,ber=0.0001",SGCT,total_protocol_time_ms,5496.025200,1.810573,5498.960000,0.501865,50
"scenario_label=prefix80,ber=0.0001",SGCT,throughput_tags_per_sec,1819.496945,0.599284,1820.410166,0.166113,50
"scenario_label=prefix80,ber=0.0001",SGCT,system_efficiency,0.950448,0.000259,0.950841,0.000072,50
"scenario_label=prefix80,ber=0.0001",SGCT,collision_slots,521.360000,2.862566,526.000000,0.793463,50
"scenario_label=prefix80,ber=0.0001",SGCT,idle_slots,0.000000,0.000000,0.000000,0.000000,50
"scenario_label=prefix80,ber=0.0001",SGCT,total_energy_uj,2778259.879175,3928.810013,2783666.053988,1089.010575,50
"scenario_label=prefix80,ber=0.0001",SGCT,total_listening_energy_uj,2777462.726935,3928.791270,2782868.717788,1089.005380,50
"scenario_label=prefix80,ber=0.0001",SGCT,total_transmission_energy_uj,797.152240,0.240456,797.542000,0.066651,50
"scenario_label=prefix80,ber=0.0001",SGCT,total_bits,713626.280000,137.403181,713849.000000,38.086219,50
"scenario_label=prefix80,ber=0.0001",SGCT,avg_tag_bits,42.006688,0.002290,42.010400,0.000635,50
"scenario_label=prefix80,ber=0.0001",SGCT,avg_reader_bits,29.355940,0.011450,29.374500,0.003174,50
"scenario_label=prefix80,ber=0.0001",SGCT,avg_total_bits,71.362628,0.013740,71.384900,0.003809,50
"scenario_label=prefix80,ber=0.0001",SGCT,avg_query_efficiency,19.181169,0.104982,19.342360,0.029100,50
"scenario_label=prefix80,ber=0.0001",SGCT,peak_stack_depth,256.000000,0.000000,256.000000,0.000000,50
"scenario_label=prefix80,ber=0.0001",SGCT,progressive_probe_count,257.000000,0.000000,257.000000,0.000000,50
"scenario_label=prefix80,ber=0.0001",SGCT,signature_grouping_trigger_count,257.000000,0.000000,257.000000,0.000000,50
"scenario_label=prefix80,ber=0.0001",SGCT,local_short_id_trigger_count,257.000000,0.000000,257.000000,0.000000,50
"scenario_label=prefix80,ber=0.0001",SGCT,signature_groups_pruned,55536.000000,0.000000,55536.000000,0.000000,50
"scenario_label=prefix80,ber=0.0001",SGCT,sparse_signature_groups,10256.000000,0.000000,10256.000000,0.000000,50
"scenario_label=prefix80,ber=0.0001",SGCT,signature_marker_bits,20000.000000,0.000000,20000.000000,0.000000,50
"scenario_label=prefix80,ber=0.0001",SGCT,signature_marker_tag_bits,20000.000000,0.000000,20000.000000,0.000000,50
"scenario_label=prefix80,ber=0.0001",SGCT,signature_non_idle_marker_count,10256.000000,0.000000,10256.000000,0.000000,50
"scenario_label=prefix80,ber=0.0001",SGCT,signature_collision_groups,256.000000,0.000000,256.000000,0.000000,50
"scenario_label=prefix80,ber=0.0001",SGCT,signature_singleton_groups,10000.000000,0.000000,10000.000000,0.000000,50
"scenario_label=prefix80,ber=0.0001",SGCT,low_d_fallback_count,0.000000,0.000000,0.000000,0.000000,50
"scenario_label=prefix80,ber=0.0001",SGCT,suffix_signature_trigger_count,0.000000,0.000000,0.000000,0.000000,50
"scenario_label=prefix80,ber=0.0001",SGCT,hash_short_id_round_count,0.000000,0.000000,0.000000,0.000000,50
"scenario_label=prefix80,ber=0.0001",SGCT,hash_short_id_split_count,0.000000,0.000000,0.000000,0.000000,50
"scenario_label=prefix80,ber=0.0001",SGCT,hash_short_id_collision_groups,0.000000,0.000000,0.000000,0.000000,50
"scenario_label=prefix80,ber=0.0001",SGCT,hash_short_id_singleton_groups,0.000000,0.000000,0.000000,0.000000,50
"scenario_label=prefix80,ber=0.0001",SGCT,small_cluster_guard_count,0.000000,0.000000,0.000000,0.000000,50
"scenario_label=prefix80,ber=0.0001",SGCT,max_signature_d,8.000000,0.000000,8.000000,0.000000,50
"scenario_label=prefix80,ber=0.0001",SGCT,epc_verification_count,10008.360000,2.862566,10013.000000,0.793463,50
"scenario_label=prefix80,ber=0.0001",SGCT,verify_fail_count,8.360000,2.862566,13.000000,0.793463,50
"scenario_label=prefix80,ber=0.0001",SGCT,avg_tag_responses,4.001672,0.000573,4.002600,0.000159,50
"scenario_label=prefix80,ber=0.001",DQTA(k_max=3),total_protocol_time_ms,14781.462950,88.508577,14906.823938,24.533326,50
"scenario_label=prefix80,ber=0.001",DQTA(k_max=3),throughput_tags_per_sec,676.546799,4.051940,683.269844,1.123141,50
"scenario_label=prefix80,ber=0.001",DQTA(k_max=3),system_efficiency,0.367528,0.001732,0.370469,0.000480,50
"scenario_label=prefix80,ber=0.001",DQTA(k_max=3),collision_slots,8581.960000,57.071370,8660.150000,15.819377,50
"scenario_label=prefix80,ber=0.001",DQTA(k_max=3),idle_slots,8627.440000,122.064413,8817.200000,33.834529,50
"scenario_label=prefix80,ber=0.001",DQTA(k_max=3),total_energy_uj,7398257.528987,52938.648265,7478302.679931,14673.844653,50
"scenario_label=prefix80,ber=0.001",DQTA(k_max=3),total_listening_energy_uj,7395846.321657,52927.137033,7475886.396806,14670.653902,50
"scenario_label=prefix80,ber=0.001",DQTA(k_max=3),total_transmission_energy_uj,2411.207330,13.503499,2429.605275,3.742979,50
"scenario_label=prefix80,ber=0.001",DQTA(k_max=3),total_bits,1841684.020000,6875.854451,1851102.450000,1905.889617,50
"scenario_label=prefix80,ber=0.001",DQTA(k_max=3),avg_tag_bits,84.810714,0.024304,84.852195,0.006737,50
"scenario_label=prefix80,ber=0.001",DQTA(k_max=3),avg_reader_bits,99.357688,0.671097,100.275085,0.186019,50
"scenario_label=prefix80,ber=0.001",DQTA(k_max=3),avg_total_bits,184.168402,0.687585,185.110245,0.190589,50
"scenario_label=prefix80,ber=0.001",DQTA(k_max=3),avg_query_efficiency,1.165286,0.007752,1.177896,0.002149,50
"scenario_label=prefix80,ber=0.001",DQTA(k_max=3),peak_stack_depth,27.420000,0.672795,28.000000,0.186489,50
"scenario_label=prefix80,ber=0.001",DQTA(k_max=3),avg_tag_responses,5.066130,0.005397,5.074675,0.001496,50
"scenario_label=prefix80,ber=0.001",DRCT,total_protocol_time_ms,21832.140500,86.265382,21954.446437,23.911544,50
"scenario_label=prefix80,ber=0.001",DRCT,throughput_tags_per_sec,458.047313,1.813194,461.489897,0.502592,50
"scenario_label=prefix80,ber=0.001",DRCT,system_efficiency,0.397390,0.001604,0.400433,0.000445,50
"scenario_label=prefix80,ber=0.001",DRCT,collision_slots,12581.300000,50.690034,12652.650000,14.050561,50
"scenario_label=prefix80,ber=0.001",DRCT,idle_slots,2583.300000,50.690034,2654.650000,14.050561,50
"scenario_label=prefix80,ber=0.001",DRCT,total_energy_uj,10974405.437630,54323.123691,11053699.469656,15057.601662,50
"scenario_label=prefix80,ber=0.001",DRCT,energy_per_tag_uj,1097.440544,5.432312,1105.369947,1.505760,50
"scenario_label=prefix80,ber=0.001",DRCT,total_reader_tx_energy_uj,3079.324120,12.430605,3096.935800,3.445588,50
"scenario_label=prefix80,ber=0.001",DRCT,total_tag_tx_energy_uj,1893.195430,0.156228,1893.422300,0.043304,50
"scenario_label=prefix80,ber=0.001",DRCT,total_listening_energy_uj,10969432.918080,54311.981659,11048706.443056,15054.513248,50
"scenario_label=prefix80,ber=0.001",DRCT,total_transmission_energy_uj,4972.519550,12.564189,4990.383300,3.482616,50
"scenario_label=prefix80,ber=0.001",DRCT,total_bits,5326052.920000,6483.989185,5335362.900000,1797.270107,50
"scenario_label=prefix80,ber=0.001",DRCT,avg_tag_bits,378.639086,0.031246,378.684460,0.008661,50
"scenario_label=prefix80,ber=0.001",DRCT,avg_reader_bits,153.966206,0.621530,154.846790,0.172279,50
"scenario_label=prefix80,ber=0.001",DRCT,avg_total_bits,532.605292,0.648399,533.536290,0.179727,50
"scenario_label=prefix80,ber=0.001",DRCT,avg_query_efficiency,0.794843,0.003208,0.800929,0.000889,50
"scenario_label=prefix80,ber=0.001",DRCT,peak_stack_depth,13.040000,0.569998,14.000000,0.157995,50
"scenario_label=prefix80,ber=0.001",DRCT,avg_tag_responses,94.145154,0.010104,94.161860,0.002801,50
"scenario_label=prefix80,ber=0.001",EAQ_CBB,total_protocol_time_ms,28597.433100,88.051544,28708.129437,24.406643,50
"scenario_label=prefix80,ber=0.001",EAQ_CBB,throughput_tags_per_sec,349.684988,1.078371,351.815272,0.298909,50
"scenario_label=prefix80,ber=0.001",EAQ_CBB,system_efficiency,0.546313,0.001670,0.549581,0.000463,50
"scenario_label=prefix80,ber=0.001",EAQ_CBB,collision_slots,8304.680000,55.868081,8373.300000,15.485842,50
"scenario_label=prefix80,ber=0.001",EAQ_CBB,idle_slots,0.000000,0.000000,0.000000,0.000000,50
"scenario_label=prefix80,ber=0.001",EAQ_CBB,total_energy_uj,14306861.946253,59526.882892,14387553.911412,16500.010122,50
"scenario_label=prefix80,ber=0.001",EAQ_CBB,total_listening_energy_uj,14302463.184503,59514.728013,14383140.940513,16496.640961,50
"scenario_label=prefix80,ber=0.001",EAQ_CBB,total_transmission_energy_uj,4398.761750,13.323504,4415.675400,3.693087,50
"scenario_label=prefix80,ber=0.001",EAQ_CBB,total_bits,2418216.940000,7334.258427,2427482.250000,2032.952716,50
"scenario_label=prefix80,ber=0.001",EAQ_CBB,avg_tag_bits,29.178142,0.105818,29.354760,0.029331,50
"scenario_label=prefix80,ber=0.001",EAQ_CBB,avg_reader_bits,212.643552,0.644371,213.465990,0.178611,50
"scenario_label=prefix80,ber=0.001",EAQ_CBB,avg_total_bits,241.821694,0.733426,242.748225,0.203295,50
"scenario_label=prefix80,ber=0.001",EAQ_CBB,avg_query_efficiency,1.204194,0.008131,1.220155,0.002254,50
"scenario_label=prefix80,ber=0.001",EAQ_CBB,peak_stack_depth,2457.100000,7.089083,2467.550000,1.964994,50
"scenario_label=prefix80,ber=0.001",EAQ_CBB,avg_tag_responses,3.787784,0.012768,3.805910,0.003539,50
"scenario_label=prefix80,ber=0.001",EMDT,total_protocol_time_ms,14285.441850,119.052201,14467.631625,32.999587,50
"scenario_label=prefix80,ber=0.001",EMDT,throughput_tags_per_sec,700.060990,5.833553,709.415070,1.616978,50
"scenario_label=prefix80,ber=0.001",EMDT,system_efficiency,0.486982,0.006346,0.497375,0.001759,50
"scenario_label=prefix80,ber=0.001",EMDT,collision_slots,6578.980000,120.019980,6766.550000,33.267841,50
"scenario_label=prefix80,ber=0.001",EMDT,idle_slots,3959.080000,161.372536,4208.050000,44.730185,50
"scenario_label=prefix80,ber=0.001",EMDT,total_energy_uj,7147328.049960,69957.060429,7259971.816463,19391.107834,50
"scenario_label=prefix80,ber=0.001",EMDT,total_listening_energy_uj,7146041.668600,69957.291523,7258685.531262,19391.171890,50
"scenario_label=prefix80,ber=0.001",EMDT,total_transmission_energy_uj,1286.381360,6.536151,1296.998200,1.811729,50
"scenario_label=prefix80,ber=0.001",EMDT,total_bits,1798343.800000,5463.997285,1808249.900000,1514.542777,50
"scenario_label=prefix80,ber=0.001",EMDT,avg_tag_bits,154.020416,0.337234,154.606720,0.093477,50
"scenario_label=prefix80,ber=0.001",EMDT,avg_reader_bits,25.813964,0.267055,26.239070,0.074024,50
"scenario_label=prefix80,ber=0.001",EMDT,avg_total_bits,179.834380,0.546400,180.824990,0.151454,50
"scenario_label=prefix80,ber=0.001",EMDT,avg_query_efficiency,1.520488,0.027720,1.564604,0.007684,50
"scenario_label=prefix80,ber=0.001",EMDT,peak_stack_depth,46.980000,1.362621,49.000000,0.377699,50
"scenario_label=prefix80,ber=0.001",EMDT,avg_tag_responses,5.375528,0.021598,5.407860,0.005987,50
"scenario_label=prefix80,ber=0.001",HT_EEAC,total_protocol_time_ms,79080.047550,1609.493838,81908.508750,446.128931,50
"scenario_label=prefix80,ber=0.001",HT_EEAC,throughput_tags_per_sec,126.504832,2.541759,129.874457,0.704540,50
"scenario_label=prefix80,ber=0.001",HT_EEAC,system_efficiency,0.062023,0.001335,0.063786,0.000370,50
"scenario_label=prefix80,ber=0.001",HT_EEAC,collision_slots,145331.940000,3512.417438,151586.000000,973.592442,50
"scenario_label=prefix80,ber=0.001",HT_EEAC,idle_slots,5972.400000,124.820034,6154.200000,34.598348,50
"scenario_label=prefix80,ber=0.001",HT_EEAC,total_energy_uj,46431086.062135,1055314.834862,48450267.927844,292518.348199,50
"scenario_label=prefix80,ber=0.001",HT_EEAC,total_listening_energy_uj,46422266.015655,1055135.700716,48441117.767644,292468.694747,50
"scenario_label=prefix80,ber=0.001",HT_EEAC,total_transmission_energy_uj,8820.046480,182.990352,9140.985200,50.722338,50
"scenario_label=prefix80,ber=0.001",HT_EEAC,total_bits,6994006.520000,133631.215059,7229524.600000,37040.683032,50
"scenario_label=prefix80,ber=0.001",HT_EEAC,avg_tag_bits,344.531104,5.619868,354.537600,1.557748,50
"scenario_label=prefix80,ber=0.001",HT_EEAC,avg_reader_bits,354.869548,7.745297,368.416840,2.146887,50
"scenario_label=prefix80,ber=0.001",HT_EEAC,avg_total_bits,699.400652,13.363122,722.952460,3.704068,50
"scenario_label=prefix80,ber=0.001",HT_EEAC,avg_query_efficiency,0.068847,0.001639,0.071063,0.000454,50
"scenario_label=prefix80,ber=0.001",HT_EEAC,avg_tag_responses,250.678376,12.452113,272.427055,3.451550,50
"scenario_label=prefix80,ber=0.001",LAPCT,total_protocol_time_ms,30839.341100,0.932649,30840.196875,0.258517,50
"scenario_label=prefix80,ber=0.001",LAPCT,throughput_tags_per_sec,324.261143,0.009807,324.287444,0.002718,50
"scenario_label=prefix80,ber=0.001",LAPCT,system_efficiency,0.498973,0.000014,0.498977,0.000004,50
"scenario_label=prefix80,ber=0.001",LAPCT,collision_slots,10041.160000,0.548095,10043.000000,0.151924,50
"scenario_label=prefix80,ber=0.001",LAPCT,idle_slots,0.000000,0.000000,0.000000,0.000000,50
"scenario_label=prefix80,ber=0.001",LAPCT,total_energy_uj,15432698.997278,563.622194,15433381.475594,156.228101,50
"scenario_label=prefix80,ber=0.001",LAPCT,total_listening_energy_uj,15427611.792957,563.318373,15428294.103644,156.143887,50
"scenario_label=prefix80,ber=0.001",LAPCT,total_transmission_energy_uj,5087.204320,0.416945,5087.545525,0.115571,50
"scenario_label=prefix80,ber=0.001",LAPCT,total_bits,3231424.640000,591.622389,3231878.500000,163.989360,50
"scenario_label=prefix80,ber=0.001",LAPCT,avg_tag_bits,91.709664,0.052903,91.758800,0.014664,50
"scenario_label=prefix80,ber=0.001",LAPCT,avg_reader_bits,231.432800,0.010604,231.444950,0.002939,50
"scenario_label=prefix80,ber=0.001",LAPCT,avg_total_bits,323.142464,0.059162,323.187850,0.016399,50
"scenario_label=prefix80,ber=0.001",LAPCT,avg_query_efficiency,0.995901,0.000054,0.995917,0.000015,50
"scenario_label=prefix80,ber=0.001",LAPCT,peak_stack_depth,17.640000,0.597956,18.550000,0.165745,50
"scenario_label=prefix80,ber=0.001",LAPCT,avg_tag_responses,11.575778,0.008044,11.586125,0.002230,50
"scenario_label=prefix80,ber=0.001",NLHQT(n=2),total_protocol_time_ms,9180.773700,18.663896,9209.833750,5.173368,50
"scenario_label=prefix80,ber=0.001",NLHQT(n=2),throughput_tags_per_sec,1089.237229,2.214547,1092.428691,0.613841,50
"scenario_label=prefix80,ber=0.001",NLHQT(n=2),system_efficiency,0.378158,0.000640,0.379124,0.000177,50
"scenario_label=prefix80,ber=0.001",NLHQT(n=2),collision_slots,16444.040000,44.755554,16518.150000,12.405607,50
"scenario_label=prefix80,ber=0.001",NLHQT(n=2),idle_slots,0.000000,0.000000,0.000000,0.000000,50
"scenario_label=prefix80,ber=0.001",NLHQT(n=2),total_energy_uj,4594634.792605,10506.268685,4611367.813262,2912.189102,50
"scenario_label=prefix80,ber=0.001",NLHQT(n=2),total_listening_energy_uj,4593193.142265,10503.954855,4609921.982313,2911.547741,50
"scenario_label=prefix80,ber=0.001",NLHQT(n=2),total_transmission_energy_uj,1441.650340,2.592865,1445.725750,0.718705,50
"scenario_label=prefix80,ber=0.001",NLHQT(n=2),total_bits,1079573.000000,1316.719811,1081627.400000,364.976111,50
"scenario_label=prefix80,ber=0.001",NLHQT(n=2),avg_tag_bits,47.833044,0.004170,47.839620,0.001156,50
"scenario_label=prefix80,ber=0.001",NLHQT(n=2),avg_reader_bits,60.124256,0.128977,60.327470,0.035751,50
"scenario_label=prefix80,ber=0.001",NLHQT(n=2),avg_total_bits,107.957300,0.131672,108.162740,0.036498,50
"scenario_label=prefix80,ber=0.001",NLHQT(n=2),avg_query_efficiency,0.608127,0.001656,0.610627,0.000459,50
"scenario_label=prefix80,ber=0.001",NLHQT(n=2),peak_stack_depth,21.020000,0.742033,22.000000,0.205681,50
"scenario_label=prefix80,ber=0.001",NLHQT(n=2),avg_tag_responses,9.307748,0.006434,9.318855,0.001783,50
"scenario_label=prefix80,ber=0.001",SGCT,total_protocol_time_ms,5542.551900,5.223299,5551.584000,1.447825,50
"scenario_label=prefix80,ber=0.001",SGCT,throughput_tags_per_sec,1804.224639,1.699953,1806.794216,0.471203,50
"scenario_label=prefix80,ber=0.001",SGCT,system_efficiency,0.943849,0.000736,0.944961,0.000204,50
"scenario_label=prefix80,ber=0.001",SGCT,collision_slots,594.920000,8.258181,609.200000,2.289051,50
"scenario_label=prefix80,ber=0.001",SGCT,idle_slots,0.000000,0.000000,0.000000,0.000000,50
"scenario_label=prefix80,ber=0.001",SGCT,total_energy_uj,2800311.574320,3282.777845,2805628.383112,909.939594,50
"scenario_label=prefix80,ber=0.001",SGCT,total_listening_energy_uj,2799508.243040,3282.447501,2804824.440313,909.848028,50
"scenario_label=prefix80,ber=0.001",SGCT,total_transmission_energy_uj,803.331280,0.693687,804.530800,0.192280,50
"scenario_label=prefix80,ber=0.001",SGCT,total_bits,717157.160000,396.392681,717842.600000,109.874445,50
"scenario_label=prefix80,ber=0.001",SGCT,avg_tag_bits,42.065536,0.006607,42.076960,0.001831,50
"scenario_label=prefix80,ber=0.001",SGCT,avg_reader_bits,29.650180,0.033033,29.707300,0.009156,50
"scenario_label=prefix80,ber=0.001",SGCT,avg_total_bits,71.715716,0.039639,71.784260,0.010987,50
"scenario_label=prefix80,ber=0.001",SGCT,avg_query_efficiency,16.812149,0.232764,17.168868,0.064519,50
"scenario_label=prefix80,ber=0.001",SGCT,peak_stack_depth,256.040000,0.197949,256.000000,0.054869,50
"scenario_label=prefix80,ber=0.001",SGCT,progressive_probe_count,257.000000,0.000000,257.000000,0.000000,50
"scenario_label=prefix80,ber=0.001",SGCT,signature_grouping_trigger_count,257.000000,0.000000,257.000000,0.000000,50
"scenario_label=prefix80,ber=0.001",SGCT,local_short_id_trigger_count,257.000000,0.000000,257.000000,0.000000,50
"scenario_label=prefix80,ber=0.001",SGCT,signature_groups_pruned,55536.000000,0.000000,55536.000000,0.000000,50
"scenario_label=prefix80,ber=0.001",SGCT,sparse_signature_groups,10256.000000,0.000000,10256.000000,0.000000,50
"scenario_label=prefix80,ber=0.001",SGCT,signature_marker_bits,20000.000000,0.000000,20000.000000,0.000000,50
"scenario_label=prefix80,ber=0.001",SGCT,signature_marker_tag_bits,20000.000000,0.000000,20000.000000,0.000000,50
"scenario_label=prefix80,ber=0.001",SGCT,signature_non_idle_marker_count,10256.000000,0.000000,10256.000000,0.000000,50
"scenario_label=prefix80,ber=0.001",SGCT,signature_collision_groups,256.000000,0.000000,256.000000,0.000000,50
"scenario_label=prefix80,ber=0.001",SGCT,signature_singleton_groups,10000.000000,0.000000,10000.000000,0.000000,50
"scenario_label=prefix80,ber=0.001",SGCT,low_d_fallback_count,0.000000,0.000000,0.000000,0.000000,50
"scenario_label=prefix80,ber=0.001",SGCT,suffix_signature_trigger_count,0.000000,0.000000,0.000000,0.000000,50
"scenario_label=prefix80,ber=0.001",SGCT,hash_short_id_round_count,0.000000,0.000000,0.000000,0.000000,50
"scenario_label=prefix80,ber=0.001",SGCT,hash_short_id_split_count,0.000000,0.000000,0.000000,0.000000,50
"scenario_label=prefix80,ber=0.001",SGCT,hash_short_id_collision_groups,0.000000,0.000000,0.000000,0.000000,50
"scenario_label=prefix80,ber=0.001",SGCT,hash_short_id_singleton_groups,0.000000,0.000000,0.000000,0.000000,50
"scenario_label=prefix80,ber=0.001",SGCT,small_cluster_guard_count,0.000000,0.000000,0.000000,0.000000,50
"scenario_label=prefix80,ber=0.001",SGCT,max_signature_d,8.000000,0.000000,8.000000,0.000000,50
"scenario_label=prefix80,ber=0.001",SGCT,epc_verification_count,10081.920000,8.258181,10096.200000,2.289051,50
"scenario_label=prefix80,ber=0.001",SGCT,verify_fail_count,81.920000,8.258181,96.200000,2.289051,50
"scenario_label=prefix80,ber=0.001",SGCT,avg_tag_responses,4.016384,0.001652,4.019240,0.000458,50
"scenario_label=prefix80,ber=1e-05",DQTA(k_max=3),total_protocol_time_ms,14763.863200,88.044507,14856.243750,24.404692,50
"scenario_label=prefix80,ber=1e-05",DQTA(k_max=3),throughput_tags_per_sec,677.353166,4.050529,684.275274,1.122749,50
"scenario_label=prefix80,ber=1e-05",DQTA(k_max=3),system_efficiency,0.367760,0.001805,0.370401,0.000500,50
"scenario_label=prefix80,ber=1e-05",DQTA(k_max=3),collision_slots,8570.860000,56.383892,8630.500000,15.628817,50
"scenario_label=prefix80,ber=1e-05",DQTA(k_max=3),idle_slots,8621.460000,123.681489,8827.850000,34.282760,50
"scenario_label=prefix80,ber=1e-05",DQTA(k_max=3),total_energy_uj,7391353.863785,48420.939134,7460885.278169,13421.599570,50
"scenario_label=prefix80,ber=1e-05",DQTA(k_max=3),total_listening_energy_uj,7388945.265075,48409.586699,7458464.362969,13418.452836,50
"scenario_label=prefix80,ber=1e-05",DQTA(k_max=3),total_transmission_energy_uj,2408.598710,13.312189,2422.752550,3.689951,50
"scenario_label=prefix80,ber=1e-05",DQTA(k_max=3),total_bits,1840376.320000,6762.467161,1847544.500000,1874.460264,50
"scenario_label=prefix80,ber=1e-05",DQTA(k_max=3),avg_tag_bits,84.810262,0.024012,84.847870,0.006656,50
"scenario_label=prefix80,ber=1e-05",DQTA(k_max=3),avg_reader_bits,99.227370,0.662135,99.932395,0.183534,50
"scenario_label=prefix80,ber=1e-05",DQTA(k_max=3),avg_total_bits,184.037632,0.676247,184.754450,0.187446,50
"scenario_label=prefix80,ber=1e-05",DQTA(k_max=3),avg_query_efficiency,1.166794,0.007697,1.179593,0.002134,50
"scenario_label=prefix80,ber=1e-05",DQTA(k_max=3),peak_stack_depth,27.520000,0.788696,29.000000,0.218615,50
"scenario_label=prefix80,ber=1e-05",DQTA(k_max=3),avg_tag_responses,5.064940,0.005041,5.071525,0.001397,50
"scenario_label=prefix80,ber=1e-05",DRCT,total_protocol_time_ms,21810.733025,100.502991,21964.231250,27.858008,50
"scenario_label=prefix80,ber=1e-05",DRCT,throughput_tags_per_sec,458.499427,2.117885,461.244465,0.587048,50
"scenario_label=prefix80,ber=1e-05",DRCT,system_efficiency,0.397787,0.001871,0.400195,0.000518,50
"scenario_label=prefix80,ber=1e-05",DRCT,collision_slots,12568.820000,58.959581,12658.500000,16.342762,50
"scenario_label=prefix80,ber=1e-05",DRCT,idle_slots,2570.820000,58.959581,2660.500000,16.342762,50
"scenario_label=prefix80,ber=1e-05",DRCT,total_energy_uj,10962926.769215,52626.397300,11035464.841563,14587.293101,50
"scenario_label=prefix80,ber=1e-05",DRCT,energy_per_tag_uj,1096.292677,5.262640,1103.546484,1.458729,50
"scenario_label=prefix80,ber=1e-05",DRCT,total_reader_tx_energy_uj,3076.246840,14.482089,3098.322900,4.014230,50
"scenario_label=prefix80,ber=1e-05",DRCT,total_tag_tx_energy_uj,1893.152150,0.211370,1893.453050,0.058589,50
"scenario_label=prefix80,ber=1e-05",DRCT,total_listening_energy_uj,10957957.370225,52613.369970,11030480.307537,14583.682109,50
"scenario_label=prefix80,ber=1e-05",DRCT,total_transmission_energy_uj,4969.398990,14.671360,4991.774850,4.066694,50
"scenario_label=prefix80,ber=1e-05",DRCT,total_bits,5324427.720000,7621.329471,5336065.350000,2112.524750,50
"scenario_label=prefix80,ber=1e-05",DRCT,avg_tag_bits,378.630430,0.042274,378.690610,0.011718,50
"scenario_label=prefix80,ber=1e-05",DRCT,avg_reader_bits,153.812342,0.724104,154.916145,0.200712,50
"scenario_label=prefix80,ber=1e-05",DRCT,avg_total_bits,532.442772,0.762133,533.606535,0.211252,50
"scenario_label=prefix80,ber=1e-05",DRCT,avg_query_efficiency,0.795637,0.003742,0.800455,0.001037,50
"scenario_label=prefix80,ber=1e-05",DRCT,peak_stack_depth,13.060000,0.469911,14.000000,0.130253,50
"scenario_label=prefix80,ber=1e-05",DRCT,avg_tag_responses,94.141722,0.012828,94.163140,0.003556,50
"scenario_label=prefix80,ber=1e-05",EAQ_CBB,total_protocol_time_ms,28604.359075,73.209115,28710.132187,20.292531,50
"scenario_label=prefix80,ber=1e-05",EAQ_CBB,throughput_tags_per_sec,349.599310,0.894872,351.065961,0.248046,50
"scenario_label=prefix80,ber=1e-05",EAQ_CBB,system_efficiency,0.546172,0.001375,0.548426,0.000381,50
"scenario_label=prefix80,ber=1e-05",EAQ_CBB,collision_slots,8309.360000,46.099166,8376.000000,12.778037,50
"scenario_label=prefix80,ber=1e-05",EAQ_CBB,idle_slots,0.000000,0.000000,0.000000,0.000000,50
"scenario_label=prefix80,ber=1e-05",EAQ_CBB,total_energy_uj,14311888.369648,41587.841458,14387818.699369,11527.561526,50
"scenario_label=prefix80,ber=1e-05",EAQ_CBB,total_listening_energy_uj,14307488.618648,41578.873875,14383400.728969,11525.075839,50
"scenario_label=prefix80,ber=1e-05",EAQ_CBB,total_transmission_energy_uj,4399.751000,11.141205,4416.232950,3.088184,50
"scenario_label=prefix80,ber=1e-05",EAQ_CBB,total_bits,2418685.720000,6158.152062,2428225.800000,1706.952664,50
"scenario_label=prefix80,ber=1e-05",EAQ_CBB,avg_tag_bits,29.174696,0.100582,29.369620,0.027880,50
"scenario_label=prefix80,ber=1e-05",EAQ_CBB,avg_reader_bits,212.693876,0.538400,213.474670,0.149237,50
"scenario_label=prefix80,ber=1e-05",EAQ_CBB,avg_total_bits,241.868572,0.615815,242.822580,0.170695,50
"scenario_label=prefix80,ber=1e-05",EAQ_CBB,avg_query_efficiency,1.203498,0.006678,1.214477,0.001851,50
"scenario_label=prefix80,ber=1e-05",EAQ_CBB,peak_stack_depth,2456.480000,5.897907,2466.550000,1.634816,50
"scenario_label=prefix80,ber=1e-05",EAQ_CBB,avg_tag_responses,3.788008,0.011812,3.808600,0.003274,50
"scenario_label=prefix80,ber=1e-05",EMDT,total_protocol_time_ms,13688.480100,98.450233,13860.027000,27.289012,50
"scenario_label=prefix80,ber=1e-05",EMDT,throughput_tags_per_sec,730.578360,5.258761,739.061044,1.457654,50
"scenario_label=prefix80,ber=1e-05",EMDT,system_efficiency,0.501488,0.005323,0.509255,0.001475,50
"scenario_label=prefix80,ber=1e-05",EMDT,collision_slots,5953.080000,102.064973,6127.200000,28.290967,50
"scenario_label=prefix80,ber=1e-05",EMDT,idle_slots,3989.760000,131.692989,4216.850000,36.503434,50
"scenario_label=prefix80,ber=1e-05",EMDT,total_energy_uj,6845587.652240,62702.034610,6961381.951737,17380.117276,50
"scenario_label=prefix80,ber=1e-05",EMDT,total_listening_energy_uj,6844360.941520,62701.495655,6960156.279537,17379.967885,50
"scenario_label=prefix80,ber=1e-05",EMDT,total_transmission_energy_uj,1226.710720,7.334541,1236.108600,2.033031,50
"scenario_label=prefix80,ber=1e-05",EMDT,total_bits,1721499.920000,6188.712978,1729330.700000,1715.423718,50
"scenario_label=prefix80,ber=1e-05",EMDT,avg_tag_bits,147.752608,0.363704,148.292080,0.100813,50
"scenario_label=prefix80,ber=1e-05",EMDT,avg_reader_bits,24.397384,0.291069,24.749890,0.080680,50
"scenario_label=prefix80,ber=1e-05",EMDT,avg_total_bits,172.149992,0.618871,172.933070,0.171542,50
"scenario_label=prefix80,ber=1e-05",EMDT,avg_query_efficiency,1.680288,0.028874,1.727638,0.008003,50
"scenario_label=prefix80,ber=1e-05",EMDT,peak_stack_depth,47.260000,1.522753,50.000000,0.422085,50
"scenario_label=prefix80,ber=1e-05",EMDT,avg_tag_responses,5.313982,0.020600,5.349180,0.005710,50
"scenario_label=prefix80,ber=1e-05",HT_EEAC,total_protocol_time_ms,79258.048950,1567.694934,81671.921250,434.542866,50
"scenario_label=prefix80,ber=1e-05",HT_EEAC,throughput_tags_per_sec,126.218696,2.505141,130.801083,0.694390,50
"scenario_label=prefix80,ber=1e-05",HT_EEAC,system_efficiency,0.061876,0.001315,0.064272,0.000364,50
"scenario_label=prefix80,ber=1e-05",HT_EEAC,collision_slots,145748.560000,3438.339633,150980.750000,953.059122,50
"scenario_label=prefix80,ber=1e-05",HT_EEAC,idle_slots,5935.060000,166.495132,6221.550000,46.150096,50
"scenario_label=prefix80,ber=1e-05",HT_EEAC,total_energy_uj,46587491.961985,1018371.416216,48055510.073635,282278.154996,50
"scenario_label=prefix80,ber=1e-05",HT_EEAC,total_listening_energy_uj,46578651.894225,1018196.761133,48046425.045035,282229.743077,50
"scenario_label=prefix80,ber=1e-05",HT_EEAC,total_transmission_energy_uj,8840.067760,178.115908,9114.768000,49.371211,50
"scenario_label=prefix80,ber=1e-05",HT_EEAC,total_bits,7009016.600000,130294.472077,7209153.000000,36115.785065,50
"scenario_label=prefix80,ber=1e-05",HT_EEAC,avg_tag_bits,345.197696,5.501343,353.569200,1.524895,50
"scenario_label=prefix80,ber=1e-05",HT_EEAC,avg_reader_bits,355.703964,7.531818,367.346100,2.087713,50
"scenario_label=prefix80,ber=1e-05",HT_EEAC,avg_total_bits,700.901660,13.029447,720.915300,3.611579,50
"scenario_label=prefix80,ber=1e-05",HT_EEAC,avg_query_efficiency,0.068649,0.001628,0.071681,0.000451,50
"scenario_label=prefix80,ber=1e-05",HT_EEAC,avg_tag_responses,251.741818,10.976671,265.894615,3.042578,50
"scenario_label=prefix80,ber=1e-05",LAPCT,total_protocol_time_ms,30839.258650,0.995806,30840.284062,0.276023,50
"scenario_label=prefix80,ber=1e-05",LAPCT,throughput_tags_per_sec,324.262010,0.010471,324.285590,0.002902,50
"scenario_label=prefix80,ber=1e-05",LAPCT,system_efficiency,0.498971,0.000016,0.498977,0.000005,50
"scenario_label=prefix80,ber=1e-05",LAPCT,collision_slots,10041.240000,0.656521,10043.000000,0.181978,50
"scenario_label=prefix80,ber=1e-05",LAPCT,idle_slots,0.000000,0.000000,0.000000,0.000000,50
"scenario_label=prefix80,ber=1e-05",LAPCT,total_energy_uj,15432613.276745,754.765287,15433597.382525,209.210264,50
"scenario_label=prefix80,ber=1e-05",LAPCT,total_listening_energy_uj,15427526.127975,754.406554,15428509.954850,209.110828,50
"scenario_label=prefix80,ber=1e-05",LAPCT,total_transmission_energy_uj,5087.148770,0.471172,5087.527350,0.130602,50
"scenario_label=prefix80,ber=1e-05",LAPCT,total_bits,3231329.980000,685.400776,3231828.400000,189.983402,50
"scenario_label=prefix80,ber=1e-05",LAPCT,avg_tag_bits,91.700746,0.061280,91.751335,0.016986,50
"scenario_label=prefix80,ber=1e-05",LAPCT,avg_reader_bits,231.432252,0.010626,231.446345,0.002945,50
"scenario_label=prefix80,ber=1e-05",LAPCT,avg_total_bits,323.132998,0.068540,323.182840,0.018998,50
"scenario_label=prefix80,ber=1e-05",LAPCT,avg_query_efficiency,0.995893,0.000065,0.995917,0.000018,50
"scenario_label=prefix80,ber=1e-05",LAPCT,peak_stack_depth,17.600000,0.670059,19.000000,0.185731,50
"scenario_label=prefix80,ber=1e-05",LAPCT,avg_tag_responses,11.574714,0.008814,11.585310,0.002443,50
"scenario_label=prefix80,ber=1e-05",NLHQT(n=2),total_protocol_time_ms,9178.312550,15.086494,9200.661000,4.181763,50
"scenario_label=prefix80,ber=1e-05",NLHQT(n=2),throughput_tags_per_sec,1089.527777,1.790143,1091.820017,0.496202,50
"scenario_label=prefix80,ber=1e-05",NLHQT(n=2),system_efficiency,0.378232,0.000562,0.378968,0.000156,50
"scenario_label=prefix80,ber=1e-05",NLHQT(n=2),collision_slots,16438.840000,39.267975,16499.100000,10.884527,50
"scenario_label=prefix80,ber=1e-05",NLHQT(n=2),idle_slots,0.000000,0.000000,0.000000,0.000000,50
"scenario_label=prefix80,ber=1e-05",NLHQT(n=2),total_energy_uj,4593498.077230,7866.358498,4605728.410388,2180.443331,50
"scenario_label=prefix80,ber=1e-05",NLHQT(n=2),total_listening_energy_uj,4592056.761250,7864.585910,4604285.280587,2179.951995,50
"scenario_label=prefix80,ber=1e-05",NLHQT(n=2),total_transmission_energy_uj,1441.315980,2.067023,1444.375100,0.572950,50
"scenario_label=prefix80,ber=1e-05",NLHQT(n=2),total_bits,1079403.240000,1050.932483,1080943.300000,291.303622,50
"scenario_label=prefix80,ber=1e-05",NLHQT(n=2),avg_tag_bits,47.832700,0.004660,47.840350,0.001292,50
"scenario_label=prefix80,ber=1e-05",NLHQT(n=2),avg_reader_bits,60.107624,0.102790,60.260920,0.028492,50
"scenario_label=prefix80,ber=1e-05",NLHQT(n=2),avg_total_bits,107.940324,0.105093,108.094330,0.029130,50
"scenario_label=prefix80,ber=1e-05",NLHQT(n=2),avg_query_efficiency,0.608319,0.001453,0.610223,0.000403,50
"scenario_label=prefix80,ber=1e-05",NLHQT(n=2),peak_stack_depth,21.120000,0.798979,22.000000,0.221466,50
"scenario_label=prefix80,ber=1e-05",NLHQT(n=2),avg_tag_responses,9.307248,0.004983,9.315010,0.001381,50
"scenario_label=prefix80,ber=1e-05",SGCT,total_protocol_time_ms,5491.218200,0.535476,5492.002500,0.148426,50
"scenario_label=prefix80,ber=1e-05",SGCT,throughput_tags_per_sec,1821.089552,0.177575,1821.248967,0.049221,50
"scenario_label=prefix80,ber=1e-05",SGCT,system_efficiency,0.951135,0.000077,0.951203,0.000021,50
"scenario_label=prefix80,ber=1e-05",SGCT,collision_slots,513.760000,0.846602,515.000000,0.234666,50
"scenario_label=prefix80,ber=1e-05",SGCT,idle_slots,0.000000,0.000000,0.000000,0.000000,50
"scenario_label=prefix80,ber=1e-05",SGCT,total_energy_uj,2774987.957745,3436.559182,2779768.662063,952.565606,50
"scenario_label=prefix80,ber=1e-05",SGCT,total_listening_energy_uj,2774191.443905,3436.556158,2778972.212062,952.564768,50
"scenario_label=prefix80,ber=1e-05",SGCT,total_transmission_energy_uj,796.513840,0.071115,796.618000,0.019712,50
"scenario_label=prefix80,ber=1e-05",SGCT,total_bits,713261.480000,40.636889,713321.000000,11.263971,50
"scenario_label=prefix80,ber=1e-05",SGCT,avg_tag_bits,42.000608,0.000677,42.001600,0.000188,50
"scenario_label=prefix80,ber=1e-05",SGCT,avg_reader_bits,29.325540,0.003386,29.330500,0.000939,50
"scenario_label=prefix80,ber=1e-05",SGCT,avg_total_bits,71.326148,0.004064,71.332100,0.001126,50
"scenario_label=prefix80,ber=1e-05",SGCT,avg_query_efficiency,19.464393,0.032050,19.493177,0.008884,50
"scenario_label=prefix80,ber=1e-05",SGCT,peak_stack_depth,256.000000,0.000000,256.000000,0.000000,50
"scenario_label=prefix80,ber=1e-05",SGCT,progressive_probe_count,257.000000,0.000000,257.000000,0.000000,50
"scenario_label=prefix80,ber=1e-05",SGCT,signature_grouping_trigger_count,257.000000,0.000000,257.000000,0.000000,50
"scenario_label=prefix80,ber=1e-05",SGCT,local_short_id_trigger_count,257.000000,0.000000,257.000000,0.000000,50
"scenario_label=prefix80,ber=1e-05",SGCT,signature_groups_pruned,55536.000000,0.000000,55536.000000,0.000000,50
"scenario_label=prefix80,ber=1e-05",SGCT,sparse_signature_groups,10256.000000,0.000000,10256.000000,0.000000,50
"scenario_label=prefix80,ber=1e-05",SGCT,signature_marker_bits,20000.000000,0.000000,20000.000000,0.000000,50
"scenario_label=prefix80,ber=1e-05",SGCT,signature_marker_tag_bits,20000.000000,0.000000,20000.000000,0.000000,50
"scenario_label=prefix80,ber=1e-05",SGCT,signature_non_idle_marker_count,10256.000000,0.000000,10256.000000,0.000000,50
"scenario_label=prefix80,ber=1e-05",SGCT,signature_collision_groups,256.000000,0.000000,256.000000,0.000000,50
"scenario_label=prefix80,ber=1e-05",SGCT,signature_singleton_groups,10000.000000,0.000000,10000.000000,0.000000,50
"scenario_label=prefix80,ber=1e-05",SGCT,low_d_fallback_count,0.000000,0.000000,0.000000,0.000000,50
"scenario_label=prefix80,ber=1e-05",SGCT,suffix_signature_trigger_count,0.000000,0.000000,0.000000,0.000000,50
"scenario_label=prefix80,ber=1e-05",SGCT,hash_short_id_round_count,0.000000,0.000000,0.000000,0.000000,50
"scenario_label=prefix80,ber=1e-05",SGCT,hash_short_id_split_count,0.000000,0.000000,0.000000,0.000000,50
"scenario_label=prefix80,ber=1e-05",SGCT,hash_short_id_collision_groups,0.000000,0.000000,0.000000,0.000000,50
"scenario_label=prefix80,ber=1e-05",SGCT,hash_short_id_singleton_groups,0.000000,0.000000,0.000000,0.000000,50
"scenario_label=prefix80,ber=1e-05",SGCT,small_cluster_guard_count,0.000000,0.000000,0.000000,0.000000,50
"scenario_label=prefix80,ber=1e-05",SGCT,max_signature_d,8.000000,0.000000,8.000000,0.000000,50
"scenario_label=prefix80,ber=1e-05",SGCT,epc_verification_count,10000.760000,0.846602,10002.000000,0.234666,50
"scenario_label=prefix80,ber=1e-05",SGCT,verify_fail_count,0.760000,0.846602,2.000000,0.234666,50
"scenario_label=prefix80,ber=1e-05",SGCT,avg_tag_responses,4.000152,0.000169,4.000400,0.000047,50
"scenario_label=random,ber=0.0",DQTA(k_max=3),total_protocol_time_ms,16371.531950,53.786077,16445.001250,14.908740,50
"scenario_label=random,ber=0.0",DQTA(k_max=3),throughput_tags_per_sec,610.822856,2.009116,614.152892,0.556899,50
"scenario_label=random,ber=0.0",DQTA(k_max=3),system_efficiency,0.330531,0.001766,0.333446,0.000489,50
"scenario_label=random,ber=0.0",DQTA(k_max=3),collision_slots,9272.960000,50.117397,9343.000000,13.891834,50
"scenario_label=random,ber=0.0",DQTA(k_max=3),idle_slots,10982.200000,155.412289,11234.700000,43.078089,50
"scenario_label=random,ber=0.0",DQTA(k_max=3),total_energy_uj,8207143.913230,31857.387756,8249776.080950,8830.417366,50
"scenario_label=random,ber=0.0",DQTA(k_max=3),total_listening_energy_uj,8201917.333260,31850.704641,8244545.220675,8828.564901,50
"scenario_label=random,ber=0.0",DQTA(k_max=3),total_transmission_energy_uj,5226.579970,8.414620,5238.158925,2.332414,50
"scenario_label=random,ber=0.0",DQTA(k_max=3),total_bits,9441128.600000,11390.227018,9456633.300000,3157.209851,50
"scenario_label=random,ber=0.0",DQTA(k_max=3),avg_tag_bits,910.378482,0.968494,911.702890,0.268453,50
"scenario_label=random,ber=0.0",DQTA(k_max=3),avg_reader_bits,33.734378,0.195082,33.995650,0.054074,50
"scenario_label=random,ber=0.0",DQTA(k_max=3),avg_total_bits,944.112860,1.139023,945.663330,0.315721,50
"scenario_label=random,ber=0.0",DQTA(k_max=3),avg_query_efficiency,1.078435,0.005842,1.088045,0.001619,50
"scenario_label=random,ber=0.0",DQTA(k_max=3),peak_stack_depth,27.400000,0.880631,29.000000,0.244098,50
"scenario_label=random,ber=0.0",DQTA(k_max=3),avg_tag_responses,5.164572,0.006070,5.172920,0.001682,50
"scenario_label=random,ber=0.0",DRCT,total_protocol_time_ms,15212.418825,63.281079,15317.446938,17.540620,50
"scenario_label=random,ber=0.0",DRCT,throughput_tags_per_sec,657.368809,2.735508,662.242883,0.758244,50
"scenario_label=random,ber=0.0",DRCT,system_efficiency,0.347253,0.002151,0.351375,0.000596,50
"scenario_label=random,ber=0.0",DRCT,collision_slots,14398.260000,89.048900,14538.550000,24.683096,50
"scenario_label=random,ber=0.0",DRCT,idle_slots,4400.260000,89.048900,4540.550000,24.683096,50
"scenario_label=random,ber=0.0",DRCT,total_energy_uj,7623761.420287,35641.941836,7684799.320050,9879.442237,50
"scenario_label=random,ber=0.0",DRCT,energy_per_tag_uj,762.376142,3.564194,768.479932,0.987944,50
"scenario_label=random,ber=0.0",DRCT,total_reader_tx_energy_uj,1161.061160,7.529021,1173.004900,2.086938,50
"scenario_label=random,ber=0.0",DRCT,total_tag_tx_energy_uj,736.862230,1.921565,739.850600,0.532631,50
"scenario_label=random,ber=0.0",DRCT,total_listening_energy_uj,7621863.496898,35634.943953,7682890.909725,9877.502522,50
"scenario_label=random,ber=0.0",DRCT,total_transmission_energy_uj,1897.923390,8.271815,1911.240075,2.292830,50
"scenario_label=random,ber=0.0",DRCT,total_bits,2054255.040000,6081.573910,2064364.700000,1685.726284,50
"scenario_label=random,ber=0.0",DRCT,avg_tag_bits,147.372446,0.384313,147.970120,0.106526,50
"scenario_label=random,ber=0.0",DRCT,avg_reader_bits,58.053058,0.376451,58.650245,0.104347,50
"scenario_label=random,ber=0.0",DRCT,avg_total_bits,205.425504,0.608157,206.436470,0.168573,50
"scenario_label=random,ber=0.0",DRCT,avg_query_efficiency,0.694554,0.004302,0.702800,0.001192,50
"scenario_label=random,ber=0.0",DRCT,peak_stack_depth,13.100000,0.614452,14.000000,0.170317,50
"scenario_label=random,ber=0.0",DRCT,avg_tag_responses,14.614362,0.020827,14.642455,0.005773,50
"scenario_label=random,ber=0.0",EAQ_CBB,total_protocol_time_ms,22369.226125,52.692281,22452.454500,14.605555,50
"scenario_label=random,ber=0.0",EAQ_CBB,throughput_tags_per_sec,447.045165,1.053298,448.924110,0.291959,50
"scenario_label=random,ber=0.0",EAQ_CBB,system_efficiency,0.546293,0.001898,0.549641,0.000526,50
"scenario_label=random,ber=0.0",EAQ_CBB,collision_slots,8305.400000,63.578009,8407.100000,17.622925,50
"scenario_label=random,ber=0.0",EAQ_CBB,idle_slots,0.000000,0.000000,0.000000,0.000000,50
"scenario_label=random,ber=0.0",EAQ_CBB,total_energy_uj,11188403.751355,30128.716468,11236852.887769,8351.254131,50
"scenario_label=random,ber=0.0",EAQ_CBB,total_listening_energy_uj,11184776.015075,30121.677105,11233218.551219,8349.302919,50
"scenario_label=random,ber=0.0",EAQ_CBB,total_transmission_energy_uj,3627.736280,7.941642,3640.669900,2.201311,50
"scenario_label=random,ber=0.0",EAQ_CBB,total_bits,2869290.760000,9072.499461,2882816.050000,2514.768549,50
"scenario_label=random,ber=0.0",EAQ_CBB,avg_tag_bits,140.723016,0.686279,141.776405,0.190227,50
"scenario_label=random,ber=0.0",EAQ_CBB,avg_reader_bits,146.206060,0.231537,146.568560,0.064179,50
"scenario_label=random,ber=0.0",EAQ_CBB,avg_total_bits,286.929076,0.907250,288.281605,0.251477,50
"scenario_label=random,ber=0.0",EAQ_CBB,avg_query_efficiency,1.204105,0.009224,1.220453,0.002557,50
"scenario_label=random,ber=0.0",EAQ_CBB,peak_stack_depth,2457.780000,6.431079,2467.550000,1.782604,50
"scenario_label=random,ber=0.0",EAQ_CBB,avg_tag_responses,3.788576,0.014803,3.811310,0.004103,50
"scenario_label=random,ber=0.0",EMDT,total_protocol_time_ms,13682.443500,105.016876,13861.812375,29.109193,50
"scenario_label=random,ber=0.0",EMDT,throughput_tags_per_sec,730.905739,5.601686,739.599711,1.552708,50
"scenario_label=random,ber=0.0",EMDT,system_efficiency,0.502349,0.005936,0.512134,0.001645,50
"scenario_label=random,ber=0.0",EMDT,collision_slots,5948.000000,106.843009,6130.100000,29.615371,50
"scenario_label=random,ber=0.0",EMDT,idle_slots,3961.200000,142.160444,4188.700000,39.404865,50
"scenario_label=random,ber=0.0",EMDT,total_energy_uj,6829379.998060,60140.752362,6925313.367675,16670.166058,50
"scenario_label=random,ber=0.0",EMDT,total_listening_energy_uj,6828151.410140,60140.736873,6924077.991075,16670.161765,50
"scenario_label=random,ber=0.0",EMDT,total_transmission_energy_uj,1228.587920,6.756594,1240.602000,1.872832,50
"scenario_label=random,ber=0.0",EMDT,total_bits,1722797.800000,5876.267679,1733364.000000,1628.818300,50
"scenario_label=random,ber=0.0",EMDT,avg_tag_bits,147.800512,0.366495,148.390880,0.101587,50
"scenario_label=random,ber=0.0",EMDT,avg_reader_bits,24.479268,0.265800,24.969450,0.073676,50
"scenario_label=random,ber=0.0",EMDT,avg_total_bits,172.279780,0.587627,173.336400,0.162882,50
"scenario_label=random,ber=0.0",EMDT,avg_query_efficiency,1.681767,0.030082,1.729470,0.008338,50
"scenario_label=random,ber=0.0",EMDT,peak_stack_depth,47.040000,1.277114,49.000000,0.353998,50
"scenario_label=random,ber=0.0",EMDT,avg_tag_responses,5.316604,0.021256,5.346525,0.005892,50
"scenario_label=random,ber=0.0",HT_EEAC,total_protocol_time_ms,79325.529600,1481.787610,81762.587250,410.730570,50
"scenario_label=random,ber=0.0",HT_EEAC,throughput_tags_per_sec,126.106062,2.362686,130.162285,0.654903,50
"scenario_label=random,ber=0.0",HT_EEAC,system_efficiency,0.061815,0.001241,0.063943,0.000344,50
"scenario_label=random,ber=0.0",HT_EEAC,collision_slots,145881.880000,3242.045692,151313.300000,898.649218,50
"scenario_label=random,ber=0.0",HT_EEAC,idle_slots,5954.280000,133.926882,6164.000000,37.122638,50
"scenario_label=random,ber=0.0",HT_EEAC,total_energy_uj,46704518.503099,1017553.213231,48331998.217215,282051.360699,50
"scenario_label=random,ber=0.0",HT_EEAC,total_listening_energy_uj,46695670.657019,1017389.477949,48322874.171215,282005.975594,50
"scenario_label=random,ber=0.0",HT_EEAC,total_transmission_energy_uj,8847.846080,168.410762,9124.046000,46.681082,50
"scenario_label=random,ber=0.0",HT_EEAC,total_bits,7014505.600000,123093.669666,7217782.600000,34119.824468,50
"scenario_label=random,ber=0.0",HT_EEAC,avg_tag_bits,345.411008,5.187273,354.101280,1.437839,50
"scenario_label=random,ber=0.0",HT_EEAC,avg_reader_bits,356.039552,7.124656,367.676980,1.974854,50
"scenario_label=random,ber=0.0",HT_EEAC,avg_total_bits,701.450560,12.309367,721.778260,3.411982,50
"scenario_label=random,ber=0.0",HT_EEAC,avg_query_efficiency,0.068582,0.001530,0.071235,0.000424,50
"scenario_label=random,ber=0.0",HT_EEAC,avg_tag_responses,251.348474,11.839287,271.467630,3.281683,50
"scenario_label=random,ber=0.0",LAPCT,total_protocol_time_ms,25910.462050,0.861299,25911.936625,0.238740,50
"scenario_label=random,ber=0.0",LAPCT,throughput_tags_per_sec,385.944488,0.012829,385.965922,0.003556,50
"scenario_label=random,ber=0.0",LAPCT,system_efficiency,0.498965,0.000024,0.498977,0.000007,50
"scenario_label=random,ber=0.0",LAPCT,collision_slots,10041.480000,0.952762,10043.000000,0.264092,50
"scenario_label=random,ber=0.0",LAPCT,idle_slots,0.000000,0.000000,0.000000,0.000000,50
"scenario_label=random,ber=0.0",LAPCT,total_energy_uj,12970539.769230,555.319102,12971408.673331,153.926602,50
"scenario_label=random,ber=0.0",LAPCT,total_listening_energy_uj,12962796.608510,554.428460,12963660.910606,153.679728,50
"scenario_label=random,ber=0.0",LAPCT,total_transmission_energy_uj,7743.160720,4.916906,7748.404500,1.362897,50
"scenario_label=random,ber=0.0",LAPCT,total_bits,10924399.640000,9744.594160,10934878.200000,2701.063695,50
"scenario_label=random,ber=0.0",LAPCT,avg_tag_bits,940.375904,0.971836,941.423460,0.269379,50
"scenario_label=random,ber=0.0",LAPCT,avg_reader_bits,152.064060,0.013390,152.086210,0.003711,50
"scenario_label=random,ber=0.0",LAPCT,avg_total_bits,1092.439964,0.974459,1093.487820,0.270106,50
"scenario_label=random,ber=0.0",LAPCT,avg_query_efficiency,0.995869,0.000094,0.995917,0.000026,50
"scenario_label=random,ber=0.0",LAPCT,peak_stack_depth,17.840000,0.584144,19.000000,0.161917,50
"scenario_label=random,ber=0.0",LAPCT,avg_tag_responses,11.614960,0.011137,11.627165,0.003087,50
"scenario_label=random,ber=0.0",NLHQT(n=2),total_protocol_time_ms,18440.850300,54.760901,18513.304500,15.178947,50
"scenario_label=random,ber=0.0",NLHQT(n=2),throughput_tags_per_sec,542.279037,1.612575,544.823303,0.446983,50
"scenario_label=random,ber=0.0",NLHQT(n=2),system_efficiency,0.354317,0.001025,0.355855,0.000284,50
"scenario_label=random,ber=0.0",NLHQT(n=2),collision_slots,18223.540000,81.555843,18340.100000,22.606126,50
"scenario_label=random,ber=0.0",NLHQT(n=2),idle_slots,0.000000,0.000000,0.000000,0.000000,50
"scenario_label=random,ber=0.0",NLHQT(n=2),total_energy_uj,9224333.428725,33417.601337,9278564.155400,9262.886506,50
"scenario_label=random,ber=0.0",NLHQT(n=2),total_listening_energy_uj,9221975.413165,33413.549446,9276199.244250,9261.763380,50
"scenario_label=random,ber=0.0",NLHQT(n=2),total_transmission_energy_uj,2358.015560,4.478801,2363.732750,1.241460,50
"scenario_label=random,ber=0.0",NLHQT(n=2),total_bits,2747423.080000,2402.422560,2750511.800000,665.917559,50
"scenario_label=random,ber=0.0",NLHQT(n=2),avg_tag_bits,209.122040,0.022780,209.153280,0.006314,50
"scenario_label=random,ber=0.0",NLHQT(n=2),avg_reader_bits,65.620268,0.218533,65.899520,0.060574,50
"scenario_label=random,ber=0.0",NLHQT(n=2),avg_total_bits,274.742308,0.240242,275.051180,0.066592,50
"scenario_label=random,ber=0.0",NLHQT(n=2),avg_query_efficiency,0.548752,0.002460,0.552445,0.000682,50
"scenario_label=random,ber=0.0",NLHQT(n=2),peak_stack_depth,21.080000,0.723935,22.000000,0.200664,50
"scenario_label=random,ber=0.0",NLHQT(n=2),avg_tag_responses,9.561020,0.011390,9.576640,0.003157,50
"scenario_label=random,ber=0.0",SGCT,total_protocol_time_ms,11247.458100,42.366728,11306.123938,11.743458,50
"scenario_label=random,ber=0.0",SGCT,throughput_tags_per_sec,889.102151,3.352338,895.155496,0.929221,50
"scenario_label=random,ber=0.0",SGCT,system_efficiency,0.840661,0.003285,0.846561,0.000911,50
"scenario_label=random,ber=0.0",SGCT,collision_slots,1895.580000,46.440258,1960.100000,12.872583,50
"scenario_label=random,ber=0.0",SGCT,idle_slots,0.000000,0.000000,0.000000,0.000000,50
"scenario_label=random,ber=0.0",SGCT,total_energy_uj,5649118.771465,24461.081968,5685976.038700,6780.265998,50
"scenario_label=random,ber=0.0",SGCT,total_listening_energy_uj,5647794.219135,24456.295843,5684646.356525,6778.939352,50
"scenario_label=random,ber=0.0",SGCT,total_transmission_energy_uj,1324.552330,5.723188,1332.470900,1.586387,50
"scenario_label=random,ber=0.0",SGCT,total_bits,1654382.420000,3413.924769,1659133.900000,946.291667,50
"scenario_label=random,ber=0.0",SGCT,avg_tag_bits,132.280834,0.074531,132.387450,0.020659,50
"scenario_label=random,ber=0.0",SGCT,avg_reader_bits,33.157408,0.267810,33.526930,0.074233,50
"scenario_label=random,ber=0.0",SGCT,avg_total_bits,165.438242,0.341392,165.913390,0.094629,50
"scenario_label=random,ber=0.0",SGCT,avg_query_efficiency,5.278557,0.130287,5.517283,0.036114,50
"scenario_label=random,ber=0.0",SGCT,peak_stack_depth,258.280000,1.355864,260.550000,0.375826,50
"scenario_label=random,ber=0.0",SGCT,progressive_probe_count,949.480000,23.386932,981.550000,6.482527,50
"scenario_label=random,ber=0.0",SGCT,signature_grouping_trigger_count,947.100000,23.075077,979.550000,6.396085,50
"scenario_label=random,ber=0.0",SGCT,local_short_id_trigger_count,257.000000,0.000000,257.000000,0.000000,50
"scenario_label=random,ber=0.0",SGCT,signature_groups_pruned,65887.500000,346.126157,66374.250000,95.941276,50
"scenario_label=random,ber=0.0",SGCT,sparse_signature_groups,10946.100000,23.075077,10978.550000,6.396085,50
"scenario_label=random,ber=0.0",SGCT,signature_marker_bits,21416.180000,46.248967,21483.750000,12.819560,50
"scenario_label=random,ber=0.0",SGCT,signature_marker_tag_bits,21416.180000,46.248967,21483.750000,12.819560,50
"scenario_label=random,ber=0.0",SGCT,signature_non_idle_marker_count,10946.100000,23.075077,10978.550000,6.396085,50
"scenario_label=random,ber=0.0",SGCT,signature_collision_groups,946.100000,23.075077,978.550000,6.396085,50
"scenario_label=random,ber=0.0",SGCT,signature_singleton_groups,10000.000000,0.000000,10000.000000,0.000000,50
"scenario_label=random,ber=0.0",SGCT,low_d_fallback_count,0.000000,0.000000,0.000000,0.000000,50
"scenario_label=random,ber=0.0",SGCT,suffix_signature_trigger_count,0.000000,0.000000,0.000000,0.000000,50
"scenario_label=random,ber=0.0",SGCT,hash_short_id_round_count,0.000000,0.000000,0.000000,0.000000,50
"scenario_label=random,ber=0.0",SGCT,hash_short_id_split_count,0.000000,0.000000,0.000000,0.000000,50
"scenario_label=random,ber=0.0",SGCT,hash_short_id_collision_groups,0.000000,0.000000,0.000000,0.000000,50
"scenario_label=random,ber=0.0",SGCT,hash_short_id_singleton_groups,0.000000,0.000000,0.000000,0.000000,50
"scenario_label=random,ber=0.0",SGCT,small_cluster_guard_count,0.000000,0.000000,0.000000,0.000000,50
"scenario_label=random,ber=0.0",SGCT,max_signature_d,8.000000,0.000000,8.000000,0.000000,50
"scenario_label=random,ber=0.0",SGCT,epc_verification_count,10000.000000,0.000000,10000.000000,0.000000,50
"scenario_label=random,ber=0.0",SGCT,verify_fail_count,0.000000,0.000000,0.000000,0.000000,50
"scenario_label=random,ber=0.0",SGCT,avg_tag_responses,4.283712,0.009310,4.297150,0.002581,50
"scenario_label=random,ber=0.0001",DQTA(k_max=3),total_protocol_time_ms,16511.745725,61.281621,16613.261062,16.986399,50
"scenario_label=random,ber=0.0001",DQTA(k_max=3),throughput_tags_per_sec,605.637653,2.246595,608.635316,0.622724,50
"scenario_label=random,ber=0.0001",DQTA(k_max=3),system_efficiency,0.329629,0.001826,0.333134,0.000506,50
"scenario_label=random,ber=0.0001",DQTA(k_max=3),collision_slots,9367.480000,54.827090,9457.100000,15.197294,50
"scenario_label=random,ber=0.0001",DQTA(k_max=3),idle_slots,10970.560000,138.308021,11180.100000,38.337027,50
"scenario_label=random,ber=0.0001",DQTA(k_max=3),total_energy_uj,8275054.483562,34467.579151,8334064.409212,9553.925508,50
"scenario_label=random,ber=0.0001",DQTA(k_max=3),total_listening_energy_uj,8269807.003173,34460.591532,8328805.879062,9551.988639,50
"scenario_label=random,ber=0.0001",DQTA(k_max=3),total_transmission_energy_uj,5247.480390,8.502527,5259.521725,2.356780,50
"scenario_label=random,ber=0.0001",DQTA(k_max=3),total_bits,9452604.540000,11238.845191,9467619.500000,3115.248950,50
"scenario_label=random,ber=0.0001",DQTA(k_max=3),avg_tag_bits,910.515246,0.947250,911.674610,0.262564,50
"scenario_label=random,ber=0.0001",DQTA(k_max=3),avg_reader_bits,34.745208,0.210376,35.040490,0.058313,50
"scenario_label=random,ber=0.0001",DQTA(k_max=3),avg_total_bits,945.260454,1.123885,946.761950,0.311525,50
"scenario_label=random,ber=0.0001",DQTA(k_max=3),avg_query_efficiency,1.067559,0.006245,1.076925,0.001731,50
"scenario_label=random,ber=0.0001",DQTA(k_max=3),peak_stack_depth,27.500000,0.814411,29.000000,0.225743,50
"scenario_label=random,ber=0.0001",DQTA(k_max=3),avg_tag_responses,5.173562,0.005782,5.181355,0.001603,50
"scenario_label=random,ber=0.0001",DRCT,total_protocol_time_ms,15245.145525,61.122426,15351.653062,16.942272,50
"scenario_label=random,ber=0.0001",DRCT,throughput_tags_per_sec,655.956819,2.623859,659.576031,0.727297,50
"scenario_label=random,ber=0.0001",DRCT,system_efficiency,0.346085,0.002043,0.349085,0.000566,50
"scenario_label=random,ber=0.0001",DRCT,collision_slots,14446.820000,85.583636,14596.400000,23.722574,50
"scenario_label=random,ber=0.0001",DRCT,idle_slots,4448.820000,85.583636,4598.400000,23.722574,50
"scenario_label=random,ber=0.0001",DRCT,total_energy_uj,7637298.499738,33837.464459,7671261.505994,9379.266626,50
"scenario_label=random,ber=0.0001",DRCT,energy_per_tag_uj,763.729850,3.383746,767.126151,0.937927,50
"scenario_label=random,ber=0.0001",DRCT,total_reader_tx_energy_uj,1165.210760,7.265323,1177.840200,2.013845,50
"scenario_label=random,ber=0.0001",DRCT,total_tag_tx_energy_uj,736.902130,1.552546,739.241375,0.430344,50
"scenario_label=random,ber=0.0001",DRCT,total_listening_energy_uj,7635396.386848,33830.855495,7669351.178269,9377.434715,50
"scenario_label=random,ber=0.0001",DRCT,total_transmission_energy_uj,1902.112890,7.963359,1915.887450,2.207330,50
"scenario_label=random,ber=0.0001",DRCT,total_bits,2056409.640000,5572.933338,2065628.850000,1544.738310,50
"scenario_label=random,ber=0.0001",DRCT,avg_tag_bits,147.380426,0.310509,147.848275,0.086069,50
"scenario_label=random,ber=0.0001",DRCT,avg_reader_bits,58.260538,0.363266,58.892010,0.100692,50
"scenario_label=random,ber=0.0001",DRCT,avg_total_bits,205.640964,0.557293,206.562885,0.154474,50
"scenario_label=random,ber=0.0001",DRCT,avg_query_efficiency,0.692218,0.004087,0.698219,0.001133,50
"scenario_label=random,ber=0.0001",DRCT,peak_stack_depth,13.020000,0.514682,14.000000,0.142663,50
"scenario_label=random,ber=0.0001",DRCT,avg_tag_responses,14.625370,0.019035,14.657920,0.005276,50
"scenario_label=random,ber=0.0001",EAQ_CBB,total_protocol_time_ms,22374.989175,51.935687,22445.036563,14.395838,50
"scenario_label=random,ber=0.0001",EAQ_CBB,throughput_tags_per_sec,446.929951,1.037825,448.421650,0.287670,50
"scenario_label=random,ber=0.0001",EAQ_CBB,system_efficiency,0.546095,0.001869,0.548820,0.000518,50
"scenario_label=random,ber=0.0001",EAQ_CBB,collision_slots,8312.040000,62.643129,8396.000000,17.363790,50
"scenario_label=random,ber=0.0001",EAQ_CBB,idle_slots,0.000000,0.000000,0.000000,0.000000,50
"scenario_label=random,ber=0.0001",EAQ_CBB,total_energy_uj,11191921.170457,28567.911674,11225186.085963,7918.621115,50
"scenario_label=random,ber=0.0001",EAQ_CBB,total_listening_energy_uj,11188292.495418,28560.922071,11221547.430913,7916.683696,50
"scenario_label=random,ber=0.0001",EAQ_CBB,total_transmission_energy_uj,3628.675040,8.040226,3640.576075,2.228637,50
"scenario_label=random,ber=0.0001",EAQ_CBB,total_bits,2870416.360000,9471.843052,2885049.750000,2625.460945,50
"scenario_label=random,ber=0.0001",EAQ_CBB,avg_tag_bits,140.810512,0.734915,141.951375,0.203708,50
"scenario_label=random,ber=0.0001",EAQ_CBB,avg_reader_bits,146.231124,0.226840,146.537630,0.062877,50
"scenario_label=random,ber=0.0001",EAQ_CBB,avg_total_bits,287.041636,0.947184,288.504975,0.262546,50
"scenario_label=random,ber=0.0001",EAQ_CBB,avg_query_efficiency,1.203141,0.009080,1.216412,0.002517,50
"scenario_label=random,ber=0.0001",EAQ_CBB,peak_stack_depth,2457.100000,6.449964,2467.100000,1.787839,50
"scenario_label=random,ber=0.0001",EAQ_CBB,avg_tag_responses,3.790192,0.015673,3.814530,0.004344,50
"scenario_label=random,ber=0.0001",EMDT,total_protocol_time_ms,13770.777300,114.567148,13958.187250,31.756393,50
"scenario_label=random,ber=0.0001",EMDT,throughput_tags_per_sec,726.224696,6.043984,735.968469,1.675307,50
"scenario_label=random,ber=0.0001",EMDT,system_efficiency,0.498889,0.006513,0.509216,0.001805,50
"scenario_label=random,ber=0.0001",EMDT,collision_slots,6036.340000,114.526462,6208.800000,31.745116,50
"scenario_label=random,ber=0.0001",EMDT,idle_slots,4011.540000,161.080308,4280.000000,44.649183,50
"scenario_label=random,ber=0.0001",EMDT,total_energy_uj,6891118.863665,70161.071461,6987914.578537,19447.656807,50
"scenario_label=random,ber=0.0001",EMDT,total_listening_energy_uj,6889885.884785,70161.715898,6986681.624538,19447.835436,50
"scenario_label=random,ber=0.0001",EMDT,total_transmission_energy_uj,1232.978880,6.834229,1242.835400,1.894352,50
"scenario_label=random,ber=0.0001",EMDT,total_bits,1729070.400000,5992.791697,1738659.400000,1661.117110,50
"scenario_label=random,ber=0.0001",EMDT,avg_tag_bits,148.344128,0.378867,149.028080,0.105017,50
"scenario_label=random,ber=0.0001",EMDT,avg_reader_bits,24.562912,0.268071,24.934910,0.074306,50
"scenario_label=random,ber=0.0001",EMDT,avg_total_bits,172.907040,0.599279,173.865940,0.166112,50
"scenario_label=random,ber=0.0001",EMDT,avg_query_efficiency,1.657218,0.031488,1.708339,0.008728,50
"scenario_label=random,ber=0.0001",EMDT,peak_stack_depth,46.900000,1.388730,49.000000,0.384936,50
"scenario_label=random,ber=0.0001",EMDT,avg_tag_responses,5.325810,0.021836,5.355040,0.006053,50
"scenario_label=random,ber=0.0001",HT_EEAC,total_protocol_time_ms,79392.919200,1423.972960,81546.570375,394.705167,50
"scenario_label=random,ber=0.0001",HT_EEAC,throughput_tags_per_sec,125.995719,2.270690,130.162206,0.629403,50
"scenario_label=random,ber=0.0001",HT_EEAC,system_efficiency,0.061757,0.001194,0.063946,0.000331,50
"scenario_label=random,ber=0.0001",HT_EEAC,collision_slots,146029.460000,3109.434217,150636.050000,861.891192,50
"scenario_label=random,ber=0.0001",HT_EEAC,idle_slots,5953.900000,157.676917,6223.600000,43.705812,50
"scenario_label=random,ber=0.0001",HT_EEAC,total_energy_uj,46746057.674287,937464.672378,48143466.542388,259851.949769,50
"scenario_label=random,ber=0.0001",HT_EEAC,total_listening_energy_uj,46737202.170767,937308.609349,48134375.904788,259808.691304,50
"scenario_label=random,ber=0.0001",HT_EEAC,total_transmission_energy_uj,8855.503520,161.893026,9101.061000,44.874457,50
"scenario_label=random,ber=0.0001",HT_EEAC,total_bits,7020105.280000,118236.259778,7198163.100000,32773.419140,50
"scenario_label=random,ber=0.0001",HT_EEAC,avg_tag_bits,345.647136,4.975095,353.017680,1.379026,50
"scenario_label=random,ber=0.0001",HT_EEAC,avg_reader_bits,356.363392,6.852227,366.798630,1.899341,50
"scenario_label=random,ber=0.0001",HT_EEAC,avg_total_bits,702.010528,11.823626,719.816310,3.277342,50
"scenario_label=random,ber=0.0001",HT_EEAC,avg_query_efficiency,0.068510,0.001467,0.071223,0.000407,50
"scenario_label=random,ber=0.0001",HT_EEAC,avg_tag_responses,252.224318,9.997540,268.906825,2.771177,50
"scenario_label=random,ber=0.0001",LAPCT,total_protocol_time_ms,25910.367725,0.747868,25911.561187,0.207298,50
"scenario_label=random,ber=0.0001",LAPCT,throughput_tags_per_sec,385.945893,0.011140,385.962302,0.003088,50
"scenario_label=random,ber=0.0001",LAPCT,system_efficiency,0.498963,0.000025,0.498977,0.000007,50
"scenario_label=random,ber=0.0001",LAPCT,collision_slots,10041.560000,0.993037,10043.000000,0.275256,50
"scenario_label=random,ber=0.0001",LAPCT,idle_slots,0.000000,0.000000,0.000000,0.000000,50
"scenario_label=random,ber=0.0001",LAPCT,total_energy_uj,12970526.509597,520.294175,12971396.493050,144.218187,50
"scenario_label=random,ber=0.0001",LAPCT,total_listening_energy_uj,12962783.459428,519.923297,12963648.896675,144.115385,50
"scenario_label=random,ber=0.0001",LAPCT,total_transmission_energy_uj,7743.050170,4.017975,7747.701025,1.113726,50
"scenario_label=random,ber=0.0001",LAPCT,total_bits,10924229.480000,7955.338170,10933412.050000,2205.107238,50
"scenario_label=random,ber=0.0001",LAPCT,avg_tag_bits,940.360586,0.793182,941.288015,0.219859,50
"scenario_label=random,ber=0.0001",LAPCT,avg_reader_bits,152.062362,0.011845,152.080410,0.003283,50
"scenario_label=random,ber=0.0001",LAPCT,avg_total_bits,1092.422948,0.795534,1093.341205,0.220511,50
"scenario_label=random,ber=0.0001",LAPCT,avg_query_efficiency,0.995861,0.000098,0.995917,0.000027,50
"scenario_label=random,ber=0.0001",LAPCT,peak_stack_depth,17.840000,0.710274,19.000000,0.196878,50
"scenario_label=random,ber=0.0001",LAPCT,avg_tag_responses,11.614778,0.008954,11.625275,0.002482,50
"scenario_label=random,ber=0.0001",NLHQT(n=2),total_protocol_time_ms,18533.956400,54.318328,18626.078250,15.056272,50
"scenario_label=random,ber=0.0001",NLHQT(n=2),throughput_tags_per_sec,539.554748,1.581372,542.338294,0.438334,50
"scenario_label=random,ber=0.0001",NLHQT(n=2),system_efficiency,0.352239,0.001027,0.354064,0.000285,50
"scenario_label=random,ber=0.0001",NLHQT(n=2),collision_slots,18390.040000,82.752387,18536.100000,22.937791,50
"scenario_label=random,ber=0.0001",NLHQT(n=2),idle_slots,0.000000,0.000000,0.000000,0.000000,50
"scenario_label=random,ber=0.0001",NLHQT(n=2),total_energy_uj,9273805.751905,30620.615568,9321807.745975,8487.601606,50
"scenario_label=random,ber=0.0001",NLHQT(n=2),total_listening_energy_uj,9271440.658005,30616.759940,9319437.135875,8486.532880,50
"scenario_label=random,ber=0.0001",NLHQT(n=2),total_transmission_energy_uj,2365.093900,4.430686,2372.827700,1.228124,50
"scenario_label=random,ber=0.0001",NLHQT(n=2),total_bits,2751086.600000,2370.604513,2755218.100000,657.098046,50
"scenario_label=random,ber=0.0001",NLHQT(n=2),avg_tag_bits,209.138620,0.021498,209.175440,0.005959,50
"scenario_label=random,ber=0.0001",NLHQT(n=2),avg_reader_bits,65.970040,0.216378,66.347910,0.059977,50
"scenario_label=random,ber=0.0001",NLHQT(n=2),avg_total_bits,275.108660,0.237060,275.521810,0.065710,50
"scenario_label=random,ber=0.0001",NLHQT(n=2),avg_query_efficiency,0.543783,0.002447,0.548140,0.000678,50
"scenario_label=random,ber=0.0001",NLHQT(n=2),peak_stack_depth,21.140000,0.782722,22.000000,0.216959,50
"scenario_label=random,ber=0.0001",NLHQT(n=2),avg_tag_responses,9.569310,0.010749,9.587720,0.002979,50
"scenario_label=random,ber=0.0001",SGCT,total_protocol_time_ms,11345.435175,38.257060,11412.660187,10.604316,50
"scenario_label=random,ber=0.0001",SGCT,throughput_tags_per_sec,881.421580,2.971257,886.064740,0.823590,50
"scenario_label=random,ber=0.0001",SGCT,system_efficiency,0.834570,0.002932,0.839151,0.000813,50
"scenario_label=random,ber=0.0001",SGCT,collision_slots,1982.360000,42.102286,2056.350000,11.670158,50
"scenario_label=random,ber=0.0001",SGCT,idle_slots,0.000000,0.000000,0.000000,0.000000,50
"scenario_label=random,ber=0.0001",SGCT,total_energy_uj,5699095.107428,20979.797941,5731086.985687,5815.303298,50
"scenario_label=random,ber=0.0001",SGCT,total_listening_energy_uj,5697759.840628,20975.394606,5729740.909437,5814.082756,50
"scenario_label=random,ber=0.0001",SGCT,total_transmission_energy_uj,1335.266800,5.205091,1344.440225,1.442777,50
"scenario_label=random,ber=0.0001",SGCT,total_bits,1665476.960000,3151.917770,1670961.400000,873.667032,50
"scenario_label=random,ber=0.0001",SGCT,avg_tag_bits,133.045808,0.096563,133.205535,0.026766,50
"scenario_label=random,ber=0.0001",SGCT,avg_reader_bits,33.501888,0.243979,33.930635,0.067628,50
"scenario_label=random,ber=0.0001",SGCT,avg_total_bits,166.547696,0.315192,167.096140,0.087367,50
"scenario_label=random,ber=0.0001",SGCT,avg_query_efficiency,5.046722,0.107150,5.217034,0.029701,50
"scenario_label=random,ber=0.0001",SGCT,peak_stack_depth,258.540000,1.716784,262.000000,0.475868,50
"scenario_label=random,ber=0.0001",SGCT,progressive_probe_count,948.580000,21.857694,982.200000,6.058644,50
"scenario_label=random,ber=0.0001",SGCT,signature_grouping_trigger_count,946.480000,21.862502,981.200000,6.059976,50
"scenario_label=random,ber=0.0001",SGCT,local_short_id_trigger_count,257.000000,0.000000,257.000000,0.000000,50
"scenario_label=random,ber=0.0001",SGCT,signature_groups_pruned,65878.200000,327.937525,66399.000000,90.899644,50
"scenario_label=random,ber=0.0001",SGCT,sparse_signature_groups,10945.480000,21.862502,10980.200000,6.059976,50
"scenario_label=random,ber=0.0001",SGCT,signature_marker_bits,21415.380000,46.141260,21488.100000,12.789705,50
"scenario_label=random,ber=0.0001",SGCT,signature_marker_tag_bits,21415.380000,46.141260,21488.100000,12.789705,50
"scenario_label=random,ber=0.0001",SGCT,signature_non_idle_marker_count,10945.480000,21.862502,10980.200000,6.059976,50
"scenario_label=random,ber=0.0001",SGCT,signature_collision_groups,945.480000,21.862502,980.200000,6.059976,50
"scenario_label=random,ber=0.0001",SGCT,signature_singleton_groups,10000.000000,0.000000,10000.000000,0.000000,50
"scenario_label=random,ber=0.0001",SGCT,low_d_fallback_count,0.000000,0.000000,0.000000,0.000000,50
"scenario_label=random,ber=0.0001",SGCT,suffix_signature_trigger_count,0.000000,0.000000,0.000000,0.000000,50
"scenario_label=random,ber=0.0001",SGCT,hash_short_id_round_count,0.000000,0.000000,0.000000,0.000000,50
"scenario_label=random,ber=0.0001",SGCT,hash_short_id_split_count,0.000000,0.000000,0.000000,0.000000,50
"scenario_label=random,ber=0.0001",SGCT,hash_short_id_collision_groups,0.000000,0.000000,0.000000,0.000000,50
"scenario_label=random,ber=0.0001",SGCT,hash_short_id_singleton_groups,0.000000,0.000000,0.000000,0.000000,50
"scenario_label=random,ber=0.0001",SGCT,small_cluster_guard_count,0.000000,0.000000,0.000000,0.000000,50
"scenario_label=random,ber=0.0001",SGCT,max_signature_d,8.000000,0.000000,8.000000,0.000000,50
"scenario_label=random,ber=0.0001",SGCT,epc_verification_count,10088.300000,9.902072,10106.200000,2.744714,50
"scenario_label=random,ber=0.0001",SGCT,verify_fail_count,88.300000,9.902072,106.200000,2.744714,50
"scenario_label=random,ber=0.0001",SGCT,avg_tag_responses,4.301156,0.008904,4.317010,0.002468,50
"scenario_label=random,ber=0.001",DQTA(k_max=3),total_protocol_time_ms,17585.238225,80.336344,17717.559937,22.268099,50
"scenario_label=random,ber=0.001",DQTA(k_max=3),throughput_tags_per_sec,568.670397,2.596228,572.520485,0.719638,50
"scenario_label=random,ber=0.001",DQTA(k_max=3),system_efficiency,0.322247,0.002107,0.325643,0.000584,50
"scenario_label=random,ber=0.001",DQTA(k_max=3),collision_slots,10054.880000,69.912085,10172.850000,19.378641,50
"scenario_label=random,ber=0.001",DQTA(k_max=3),idle_slots,10978.500000,173.927882,11253.600000,48.210349,50
"scenario_label=random,ber=0.001",DQTA(k_max=3),total_energy_uj,8803429.925188,45801.857872,8880391.029925,12695.627282,50
"scenario_label=random,ber=0.001",DQTA(k_max=3),total_listening_energy_uj,8798019.741477,45792.338119,8874970.700250,12692.988542,50
"scenario_label=random,ber=0.001",DQTA(k_max=3),total_transmission_energy_uj,5410.183710,11.052316,5428.951775,3.063546,50
"scenario_label=random,ber=0.001",DQTA(k_max=3),total_bits,9533483.280000,12871.356234,9556732.600000,3567.757924,50
"scenario_label=random,ber=0.001",DQTA(k_max=3),avg_tag_bits,910.452190,1.034512,912.254670,0.286752,50
"scenario_label=random,ber=0.001",DQTA(k_max=3),avg_reader_bits,42.896138,0.349991,43.520230,0.097012,50
"scenario_label=random,ber=0.001",DQTA(k_max=3),avg_total_bits,953.348328,1.287136,955.673260,0.356776,50
"scenario_label=random,ber=0.001",DQTA(k_max=3),avg_query_efficiency,0.994589,0.006903,1.004118,0.001914,50
"scenario_label=random,ber=0.001",DQTA(k_max=3),peak_stack_depth,27.660000,0.717422,29.000000,0.198859,50
"scenario_label=random,ber=0.001",DQTA(k_max=3),avg_tag_responses,5.242408,0.006702,5.254475,0.001858,50
"scenario_label=random,ber=0.001",DRCT,total_protocol_time_ms,15233.180000,69.929432,15347.814938,19.383450,50
"scenario_label=random,ber=0.001",DRCT,throughput_tags_per_sec,656.475284,3.008314,660.481454,0.833862,50
"scenario_label=random,ber=0.001",DRCT,system_efficiency,0.346514,0.002357,0.349579,0.000653,50
"scenario_label=random,ber=0.001",DRCT,collision_slots,14429.100000,98.363393,14596.650000,27.264942,50
"scenario_label=random,ber=0.001",DRCT,idle_slots,4431.100000,98.363393,4598.650000,27.264942,50
"scenario_label=random,ber=0.001",DRCT,total_energy_uj,7632907.197985,39509.395640,7707339.913812,10951.445739,50
"scenario_label=random,ber=0.001",DRCT,energy_per_tag_uj,763.290720,3.950940,770.733991,1.095145,50
"scenario_label=random,ber=0.001",DRCT,total_reader_tx_energy_uj,1163.593680,8.348789,1177.381400,2.314166,50
"scenario_label=random,ber=0.001",DRCT,total_tag_tx_energy_uj,736.975600,2.011393,741.049175,0.557530,50
"scenario_label=random,ber=0.001",DRCT,total_listening_energy_uj,7631006.628705,39501.520326,7705427.555538,10949.262813,50
"scenario_label=random,ber=0.001",DRCT,total_transmission_energy_uj,1900.569280,9.152864,1915.751450,2.537044,50
"scenario_label=random,ber=0.001",DRCT,total_bits,2055748.040000,6605.702944,2067487.200000,1831.007440,50
"scenario_label=random,ber=0.001",DRCT,avg_tag_bits,147.395120,0.402279,148.209835,0.111506,50
"scenario_label=random,ber=0.001",DRCT,avg_reader_bits,58.179684,0.417439,58.869070,0.115708,50
"scenario_label=random,ber=0.001",DRCT,avg_total_bits,205.574804,0.660570,206.748720,0.183101,50
"scenario_label=random,ber=0.001",DRCT,avg_query_efficiency,0.693075,0.004715,0.699208,0.001307,50
"scenario_label=random,ber=0.001",DRCT,peak_stack_depth,13.040000,0.493219,14.000000,0.136713,50
"scenario_label=random,ber=0.001",DRCT,avg_tag_responses,14.619966,0.024292,14.654495,0.006733,50
"scenario_label=random,ber=0.001",EAQ_CBB,total_protocol_time_ms,22370.570375,39.703887,22425.659312,11.005356,50
"scenario_label=random,ber=0.001",EAQ_CBB,throughput_tags_per_sec,447.017252,0.793822,448.291793,0.220036,50
"scenario_label=random,ber=0.001",EAQ_CBB,system_efficiency,0.546243,0.001415,0.548481,0.000392,50
"scenario_label=random,ber=0.001",EAQ_CBB,collision_slots,8307.000000,47.389399,8372.200000,13.135671,50
"scenario_label=random,ber=0.001",EAQ_CBB,idle_slots,0.000000,0.000000,0.000000,0.000000,50
"scenario_label=random,ber=0.001",EAQ_CBB,total_energy_uj,11189258.831427,23877.830506,11226407.722281,6618.596941,50
"scenario_label=random,ber=0.001",EAQ_CBB,total_listening_energy_uj,11185630.923458,23873.325463,11222774.183631,6617.348207,50
"scenario_label=random,ber=0.001",EAQ_CBB,total_transmission_energy_uj,3627.907970,6.166123,3637.170175,1.709162,50
"scenario_label=random,ber=0.001",EAQ_CBB,total_bits,2869445.020000,7333.509449,2880838.700000,2032.745110,50
"scenario_label=random,ber=0.001",EAQ_CBB,avg_tag_bits,140.732138,0.575470,141.600170,0.159512,50
"scenario_label=random,ber=0.001",EAQ_CBB,avg_reader_bits,146.212364,0.173955,146.460740,0.048218,50
"scenario_label=random,ber=0.001",EAQ_CBB,avg_total_bits,286.944502,0.733351,288.083870,0.203275,50
"scenario_label=random,ber=0.001",EAQ_CBB,avg_query_efficiency,1.203842,0.006880,1.214748,0.001907,50
"scenario_label=random,ber=0.001",EAQ_CBB,peak_stack_depth,2458.320000,5.939972,2466.000000,1.646476,50
"scenario_label=random,ber=0.001",EAQ_CBB,avg_tag_responses,3.788792,0.012135,3.807130,0.003364,50
"scenario_label=random,ber=0.001",EMDT,total_protocol_time_ms,14321.219250,117.273321,14507.541625,32.506506,50
"scenario_label=random,ber=0.001",EMDT,throughput_tags_per_sec,698.310371,5.707577,706.587297,1.582060,50
"scenario_label=random,ber=0.001",EMDT,system_efficiency,0.485774,0.005774,0.494649,0.001600,50
"scenario_label=random,ber=0.001",EMDT,collision_slots,6616.500000,121.237370,6794.200000,33.605285,50
"scenario_label=random,ber=0.001",EMDT,idle_slots,3972.040000,143.333486,4232.000000,39.730015,50
"scenario_label=random,ber=0.001",EMDT,total_energy_uj,7163022.749550,70501.486992,7271943.466725,19542.015178,50
"scenario_label=random,ber=0.001",EMDT,total_listening_energy_uj,7161735.638750,70500.983425,7270648.678925,19541.875596,50
"scenario_label=random,ber=0.001",EMDT,total_transmission_energy_uj,1287.110800,7.179670,1299.558600,1.990103,50
"scenario_label=random,ber=0.001",EMDT,total_bits,1798350.680000,5626.365378,1807107.000000,1559.548916,50
"scenario_label=random,ber=0.001",EMDT,avg_tag_bits,153.972704,0.320545,154.406880,0.088850,50
"scenario_label=random,ber=0.001",EMDT,avg_reader_bits,25.862364,0.303303,26.373490,0.084071,50
"scenario_label=random,ber=0.001",EMDT,avg_total_bits,179.835068,0.562637,180.710700,0.155955,50
"scenario_label=random,ber=0.001",EMDT,avg_query_efficiency,1.511869,0.027603,1.553591,0.007651,50
"scenario_label=random,ber=0.001",EMDT,peak_stack_depth,46.960000,1.497753,49.550000,0.415156,50
"scenario_label=random,ber=0.001",EMDT,avg_tag_responses,5.384408,0.022968,5.423520,0.006366,50
"scenario_label=random,ber=0.001",HT_EEAC,total_protocol_time_ms,79473.604050,1425.872895,82087.149750,395.231802,50
"scenario_label=random,ber=0.001",HT_EEAC,throughput_tags_per_sec,125.867361,2.242516,129.037170,0.621594,50
"scenario_label=random,ber=0.001",HT_EEAC,system_efficiency,0.061693,0.001176,0.063356,0.000326,50
"scenario_label=random,ber=0.001",HT_EEAC,collision_slots,146232.540000,3127.173251,151856.300000,866.808201,50
"scenario_label=random,ber=0.001",HT_EEAC,idle_slots,5917.680000,153.202472,6159.650000,42.465559,50
"scenario_label=random,ber=0.001",HT_EEAC,total_energy_uj,46709661.822444,1001991.928514,48533303.076173,277737.992640,50
"scenario_label=random,ber=0.001",HT_EEAC,total_listening_energy_uj,46700797.352444,1001833.144285,48524141.324573,277693.979897,50
"scenario_label=random,ber=0.001",HT_EEAC,total_transmission_energy_uj,8864.470000,162.003895,9162.208400,44.905189,50
"scenario_label=random,ber=0.001",HT_EEAC,total_bits,7027025.480000,118506.087799,7243379.800000,32848.211651,50
"scenario_label=random,ber=0.001",HT_EEAC,avg_tag_bits,345.972064,5.003477,354.970080,1.386893,50
"scenario_label=random,ber=0.001",HT_EEAC,avg_reader_bits,356.730484,6.850591,369.367900,1.898887,50
"scenario_label=random,ber=0.001",HT_EEAC,avg_total_bits,702.702548,11.850609,724.337980,3.284821,50
"scenario_label=random,ber=0.001",HT_EEAC,avg_query_efficiency,0.068415,0.001452,0.070489,0.000402,50
"scenario_label=random,ber=0.001",HT_EEAC,avg_tag_responses,252.923262,11.496091,275.507645,3.186554,50
"scenario_label=random,ber=0.001",LAPCT,total_protocol_time_ms,25910.453450,0.637417,25911.510312,0.176683,50
"scenario_label=random,ber=0.001",LAPCT,throughput_tags_per_sec,385.944616,0.009494,385.959893,0.002632,50
"scenario_label=random,ber=0.001",LAPCT,system_efficiency,0.498969,0.000018,0.498977,0.000005,50
"scenario_label=random,ber=0.001",LAPCT,collision_slots,10041.320000,0.740656,10043.000000,0.205299,50
"scenario_label=random,ber=0.001",LAPCT,idle_slots,0.000000,0.000000,0.000000,0.000000,50
"scenario_label=random,ber=0.001",LAPCT,total_energy_uj,12970563.479403,485.065669,12971436.292787,134.453344,50
"scenario_label=random,ber=0.001",LAPCT,total_listening_energy_uj,12962819.149523,485.743803,12963690.080838,134.641313,50
"scenario_label=random,ber=0.001",LAPCT,total_transmission_energy_uj,7744.329880,4.421075,7748.627375,1.225459,50
"scenario_label=random,ber=0.001",LAPCT,total_bits,10926730.760000,8821.508494,10935239.700000,2445.197403,50
"scenario_label=random,ber=0.001",LAPCT,avg_tag_bits,940.608776,0.881692,941.463440,0.244393,50
"scenario_label=random,ber=0.001",LAPCT,avg_reader_bits,152.064300,0.010073,152.081620,0.002792,50
"scenario_label=random,ber=0.001",LAPCT,avg_total_bits,1092.673076,0.882151,1093.523970,0.244520,50
"scenario_label=random,ber=0.001",LAPCT,avg_query_efficiency,0.995885,0.000073,0.995917,0.000020,50
"scenario_label=random,ber=0.001",LAPCT,peak_stack_depth,17.740000,0.564602,18.550000,0.156500,50
"scenario_label=random,ber=0.001",LAPCT,avg_tag_responses,11.617632,0.010140,11.627655,0.002811,50
"scenario_label=random,ber=0.001",NLHQT(n=2),total_protocol_time_ms,19346.649350,68.267659,19477.093250,18.922830,50
"scenario_label=random,ber=0.001",NLHQT(n=2),throughput_tags_per_sec,516.891667,1.821235,519.670629,0.504821,50
"scenario_label=random,ber=0.001",NLHQT(n=2),system_efficiency,0.334706,0.001242,0.336753,0.000344,50
"scenario_label=random,ber=0.001",NLHQT(n=2),collision_slots,19877.400000,111.015351,20072.600000,30.771885,50
"scenario_label=random,ber=0.001",NLHQT(n=2),idle_slots,0.000000,0.000000,0.000000,0.000000,50
"scenario_label=random,ber=0.001",NLHQT(n=2),total_energy_uj,9682870.798395,40030.072640,9754751.193962,11095.770039,50
"scenario_label=random,ber=0.001",NLHQT(n=2),total_listening_energy_uj,9680443.481355,40025.345787,9752316.071213,11094.459823,50
"scenario_label=random,ber=0.001",NLHQT(n=2),total_transmission_energy_uj,2427.317040,5.419627,2437.665400,1.502244,50
"scenario_label=random,ber=0.001",NLHQT(n=2),total_bits,2783326.080000,2860.231701,2788790.300000,792.815779,50
"scenario_label=random,ber=0.001",NLHQT(n=2),avg_tag_bits,209.289008,0.021232,209.328320,0.005885,50
"scenario_label=random,ber=0.001",NLHQT(n=2),avg_reader_bits,69.043600,0.265990,69.551350,0.073729,50
"scenario_label=random,ber=0.001",NLHQT(n=2),avg_total_bits,278.332608,0.286023,278.879030,0.079282,50
"scenario_label=random,ber=0.001",NLHQT(n=2),avg_query_efficiency,0.503099,0.002806,0.507733,0.000778,50
"scenario_label=random,ber=0.001",NLHQT(n=2),peak_stack_depth,21.120000,0.824126,22.550000,0.228436,50
"scenario_label=random,ber=0.001",NLHQT(n=2),avg_tag_responses,9.644504,0.010616,9.664160,0.002943,50
"scenario_label=random,ber=0.001",SGCT,total_protocol_time_ms,12261.576775,57.245973,12354.584063,15.867774,50
"scenario_label=random,ber=0.001",SGCT,throughput_tags_per_sec,815.573214,3.806978,821.368610,1.055241,50
"scenario_label=random,ber=0.001",SGCT,system_efficiency,0.781359,0.003587,0.786909,0.000994,50
"scenario_label=random,ber=0.001",SGCT,collision_slots,2798.480000,58.780547,2901.600000,16.293136,50
"scenario_label=random,ber=0.001",SGCT,idle_slots,0.000000,0.000000,0.000000,0.000000,50
"scenario_label=random,ber=0.001",SGCT,total_energy_uj,6156991.773402,33867.328884,6210414.909413,9387.544622,50
"scenario_label=random,ber=0.001",SGCT,total_listening_energy_uj,6155555.982452,33860.841809,6208969.365037,9385.746497,50
"scenario_label=random,ber=0.001",SGCT,total_transmission_energy_uj,1435.790950,7.191959,1448.478900,1.993509,50
"scenario_label=random,ber=0.001",SGCT,total_bits,1768619.780000,5423.801086,1776406.650000,1503.400959,50
"scenario_label=random,ber=0.001",SGCT,avg_tag_bits,140.096574,0.281707,140.496205,0.078085,50
"scenario_label=random,ber=0.001",SGCT,avg_reader_bits,36.765404,0.306913,37.311815,0.085072,50
"scenario_label=random,ber=0.001",SGCT,avg_total_bits,176.861978,0.542380,177.640665,0.150340,50
"scenario_label=random,ber=0.001",SGCT,avg_query_efficiency,3.574911,0.074971,3.692845,0.020781,50
"scenario_label=random,ber=0.001",SGCT,peak_stack_depth,262.340000,2.378561,266.550000,0.659303,50
"scenario_label=random,ber=0.001",SGCT,progressive_probe_count,948.200000,23.609925,987.550000,6.544337,50
"scenario_label=random,ber=0.001",SGCT,signature_grouping_trigger_count,946.340000,23.559400,984.650000,6.530332,50
"scenario_label=random,ber=0.001",SGCT,local_short_id_trigger_count,257.000000,0.000000,257.000000,0.000000,50
"scenario_label=random,ber=0.001",SGCT,signature_groups_pruned,65876.100000,353.390993,66450.750000,97.954986,50
"scenario_label=random,ber=0.001",SGCT,sparse_signature_groups,10945.340000,23.559400,10983.650000,6.530332,50
"scenario_label=random,ber=0.001",SGCT,signature_marker_bits,21413.960000,48.701490,21494.950000,13.499364,50
"scenario_label=random,ber=0.001",SGCT,signature_marker_tag_bits,21413.960000,48.701490,21494.950000,13.499364,50
"scenario_label=random,ber=0.001",SGCT,signature_non_idle_marker_count,10945.340000,23.559400,10983.650000,6.530332,50
"scenario_label=random,ber=0.001",SGCT,signature_collision_groups,945.340000,23.559400,983.650000,6.530332,50
"scenario_label=random,ber=0.001",SGCT,signature_singleton_groups,10000.000000,0.000000,10000.000000,0.000000,50
"scenario_label=random,ber=0.001",SGCT,low_d_fallback_count,0.000000,0.000000,0.000000,0.000000,50
"scenario_label=random,ber=0.001",SGCT,suffix_signature_trigger_count,0.000000,0.000000,0.000000,0.000000,50
"scenario_label=random,ber=0.001",SGCT,hash_short_id_round_count,0.000000,0.000000,0.000000,0.000000,50
"scenario_label=random,ber=0.001",SGCT,hash_short_id_split_count,0.000000,0.000000,0.000000,0.000000,50
"scenario_label=random,ber=0.001",SGCT,hash_short_id_collision_groups,0.000000,0.000000,0.000000,0.000000,50
"scenario_label=random,ber=0.001",SGCT,hash_short_id_singleton_groups,0.000000,0.000000,0.000000,0.000000,50
"scenario_label=random,ber=0.001",SGCT,small_cluster_guard_count,0.000000,0.000000,0.000000,0.000000,50
"scenario_label=random,ber=0.001",SGCT,max_signature_d,8.000000,0.000000,8.000000,0.000000,50
"scenario_label=random,ber=0.001",SGCT,epc_verification_count,10904.940000,30.903015,10948.200000,8.565879,50
"scenario_label=random,ber=0.001",SGCT,verify_fail_count,904.940000,30.903015,948.200000,8.565879,50
"scenario_label=random,ber=0.001",SGCT,avg_tag_responses,4.464152,0.012008,4.485480,0.003329,50
"scenario_label=random,ber=1e-05",DQTA(k_max=3),total_protocol_time_ms,16387.314250,65.965027,16479.051000,18.284573,50
"scenario_label=random,ber=1e-05",DQTA(k_max=3),throughput_tags_per_sec,610.237820,2.458365,614.339709,0.681424,50
"scenario_label=random,ber=1e-05",DQTA(k_max=3),system_efficiency,0.330592,0.001901,0.334086,0.000527,50
"scenario_label=random,ber=1e-05",DQTA(k_max=3),collision_slots,9285.000000,59.008820,9365.300000,16.356410,50
"scenario_label=random,ber=1e-05",DQTA(k_max=3),idle_slots,10964.720000,146.888690,11207.350000,40.715468,50
"scenario_label=random,ber=1e-05",DQTA(k_max=3),total_energy_uj,8208771.543378,36505.318075,8258940.642600,10118.757920,50
"scenario_label=random,ber=1e-05",DQTA(k_max=3),total_listening_energy_uj,8203541.966598,36498.201729,8253703.638900,10116.785370,50
"scenario_label=random,ber=1e-05",DQTA(k_max=3),total_transmission_energy_uj,5229.576780,9.467772,5243.212800,2.624332,50
"scenario_label=random,ber=1e-05",DQTA(k_max=3),total_bits,9443772.480000,12238.050217,9460955.500000,3392.214452,50
"scenario_label=random,ber=1e-05",DQTA(k_max=3),avg_tag_bits,910.531212,1.008348,912.048865,0.279500,50
"scenario_label=random,ber=1e-05",DQTA(k_max=3),avg_reader_bits,33.846036,0.231850,34.165915,0.064266,50
"scenario_label=random,ber=1e-05",DQTA(k_max=3),avg_total_bits,944.377248,1.223805,946.095550,0.339221,50
"scenario_label=random,ber=1e-05",DQTA(k_max=3),avg_query_efficiency,1.077049,0.006849,1.088560,0.001899,50
"scenario_label=random,ber=1e-05",DQTA(k_max=3),peak_stack_depth,27.300000,0.839096,29.000000,0.232585,50
"scenario_label=random,ber=1e-05",DQTA(k_max=3),avg_tag_responses,5.166332,0.006333,5.175640,0.001755,50
"scenario_label=random,ber=1e-05",DRCT,total_protocol_time_ms,15240.759700,77.505632,15333.598687,21.483465,50
"scenario_label=random,ber=1e-05",DRCT,throughput_tags_per_sec,656.151843,3.325316,661.461169,0.921731,50
"scenario_label=random,ber=1e-05",DRCT,system_efficiency,0.346303,0.002511,0.350257,0.000696,50
"scenario_label=random,ber=1e-05",DRCT,collision_slots,14437.960000,105.076446,14563.850000,29.125705,50
"scenario_label=random,ber=1e-05",DRCT,idle_slots,4439.960000,105.076446,4565.850000,29.125705,50
"scenario_label=random,ber=1e-05",DRCT,total_energy_uj,7637472.710450,42782.094357,7707580.497606,11858.591541,50
"scenario_label=random,ber=1e-05",DRCT,energy_per_tag_uj,763.747271,4.278209,770.758050,1.185859,50
"scenario_label=random,ber=1e-05",DRCT,total_reader_tx_energy_uj,1164.284920,9.070614,1174.859400,2.514246,50
"scenario_label=random,ber=1e-05",DRCT,total_tag_tx_energy_uj,737.310410,1.908565,740.052000,0.529027,50
"scenario_label=random,ber=1e-05",DRCT,total_listening_energy_uj,7635571.115120,42773.416099,7705667.501531,11856.186050,50
"scenario_label=random,ber=1e-05",DRCT,total_transmission_energy_uj,1901.595330,10.202942,1914.156350,2.828111,50
"scenario_label=random,ber=1e-05",DRCT,total_bits,2056763.280000,7302.114139,2067967.850000,2024.042774,50
"scenario_label=random,ber=1e-05",DRCT,avg_tag_bits,147.462082,0.381713,148.010400,0.105805,50
"scenario_label=random,ber=1e-05",DRCT,avg_reader_bits,58.214246,0.453531,58.742970,0.125712,50
"scenario_label=random,ber=1e-05",DRCT,avg_total_bits,205.676328,0.730211,206.796785,0.202404,50
"scenario_label=random,ber=1e-05",DRCT,avg_query_efficiency,0.692654,0.005023,0.700562,0.001392,50
"scenario_label=random,ber=1e-05",DRCT,peak_stack_depth,13.060000,0.469911,14.000000,0.130253,50
"scenario_label=random,ber=1e-05",DRCT,avg_tag_responses,14.621502,0.024836,14.654185,0.006884,50
"scenario_label=random,ber=1e-05",EAQ_CBB,total_protocol_time_ms,22367.119975,51.004988,22446.718750,14.137861,50
"scenario_label=random,ber=1e-05",EAQ_CBB,throughput_tags_per_sec,447.087109,1.020528,448.850269,0.282876,50
"scenario_label=random,ber=1e-05",EAQ_CBB,system_efficiency,0.546368,0.001840,0.549605,0.000510,50
"scenario_label=random,ber=1e-05",EAQ_CBB,collision_slots,8302.880000,61.551584,8398.000000,17.061229,50
"scenario_label=random,ber=1e-05",EAQ_CBB,idle_slots,0.000000,0.000000,0.000000,0.000000,50
"scenario_label=random,ber=1e-05",EAQ_CBB,total_energy_uj,11188316.659210,29645.817942,11231446.258512,8217.401489,50
"scenario_label=random,ber=1e-05",EAQ_CBB,total_listening_energy_uj,11184689.453700,29639.483360,11227811.683862,8215.645632,50
"scenario_label=random,ber=1e-05",EAQ_CBB,total_transmission_energy_uj,3627.205510,7.589478,3639.520050,2.103696,50
"scenario_label=random,ber=1e-05",EAQ_CBB,total_bits,2868504.020000,8650.953307,2882678.700000,2397.921917,50
"scenario_label=random,ber=1e-05",EAQ_CBB,avg_tag_bits,140.653502,0.654301,141.723230,0.181363,50
"scenario_label=random,ber=1e-05",EAQ_CBB,avg_reader_bits,146.196900,0.222632,146.546160,0.061710,50
"scenario_label=random,ber=1e-05",EAQ_CBB,avg_total_bits,286.850402,0.865095,288.267870,0.239792,50
"scenario_label=random,ber=1e-05",EAQ_CBB,avg_query_efficiency,1.204466,0.008960,1.220271,0.002484,50
"scenario_label=random,ber=1e-05",EAQ_CBB,peak_stack_depth,2457.340000,6.741919,2469.650000,1.868765,50
"scenario_label=random,ber=1e-05",EAQ_CBB,avg_tag_responses,3.787148,0.013904,3.809910,0.003854,50
"scenario_label=random,ber=1e-05",EMDT,total_protocol_time_ms,13688.608000,115.907341,13877.877250,32.127876,50
"scenario_label=random,ber=1e-05",EMDT,throughput_tags_per_sec,730.585706,6.174812,740.931930,1.711571,50
"scenario_label=random,ber=1e-05",EMDT,system_efficiency,0.502140,0.006697,0.512125,0.001856,50
"scenario_label=random,ber=1e-05",EMDT,collision_slots,5954.600000,114.672026,6137.050000,31.785464,50
"scenario_label=random,ber=1e-05",EMDT,idle_slots,3963.640000,163.238246,4245.350000,45.247333,50
"scenario_label=random,ber=1e-05",EMDT,total_energy_uj,6844462.199570,64151.999081,6953067.452163,17782.026922,50
"scenario_label=random,ber=1e-05",EMDT,total_listening_energy_uj,6843234.653490,64153.128280,6951841.620163,17782.339920,50
"scenario_label=random,ber=1e-05",EMDT,total_transmission_energy_uj,1227.546080,6.757713,1238.747400,1.873142,50
"scenario_label=random,ber=1e-05",EMDT,total_bits,1722159.520000,6130.698939,1732100.700000,1699.343047,50
"scenario_label=random,ber=1e-05",EMDT,avg_tag_bits,147.784864,0.399014,148.363600,0.110601,50
"scenario_label=random,ber=1e-05",EMDT,avg_reader_bits,24.431088,0.258342,24.864290,0.071609,50
"scenario_label=random,ber=1e-05",EMDT,avg_total_bits,172.215952,0.613070,173.210070,0.169934,50
"scenario_label=random,ber=1e-05",EMDT,avg_query_efficiency,1.679983,0.032278,1.737348,0.008947,50
"scenario_label=random,ber=1e-05",EMDT,peak_stack_depth,46.360000,1.273914,48.000000,0.353111,50
"scenario_label=random,ber=1e-05",EMDT,avg_tag_responses,5.317284,0.021563,5.351950,0.005977,50
"scenario_label=random,ber=1e-05",HT_EEAC,total_protocol_time_ms,79330.441950,1680.944025,81988.974000,465.933912,50
"scenario_label=random,ber=1e-05",HT_EEAC,throughput_tags_per_sec,126.110802,2.687812,130.026058,0.745023,50
"scenario_label=random,ber=1e-05",HT_EEAC,system_efficiency,0.061818,0.001407,0.063866,0.000390,50
"scenario_label=random,ber=1e-05",HT_EEAC,collision_slots,145893.060000,3717.281558,151747.200000,1030.377879,50
"scenario_label=random,ber=1e-05",HT_EEAC,idle_slots,5953.680000,161.632544,6204.100000,44.802255,50
"scenario_label=random,ber=1e-05",HT_EEAC,total_energy_uj,46625501.654829,1135090.050632,48418082.078194,314630.909847,50
"scenario_label=random,ber=1e-05",HT_EEAC,total_listening_energy_uj,46616653.253789,1134902.785446,48408953.302794,314579.002586,50
"scenario_label=random,ber=1e-05",HT_EEAC,total_transmission_energy_uj,8848.401040,190.743517,9150.243200,52.871405,50
"scenario_label=random,ber=1e-05",HT_EEAC,total_bits,7014917.240000,139960.981099,7236088.000000,38795.204664,50
"scenario_label=random,ber=1e-05",HT_EEAC,avg_tag_bits,345.428896,5.947650,354.795520,1.648605,50
"scenario_label=random,ber=1e-05",HT_EEAC,avg_reader_bits,356.062828,8.051315,368.813280,2.231711,50
"scenario_label=random,ber=1e-05",HT_EEAC,avg_total_bits,701.491724,13.996098,723.608800,3.879520,50
"scenario_label=random,ber=1e-05",HT_EEAC,avg_query_efficiency,0.068587,0.001761,0.071164,0.000488,50
"scenario_label=random,ber=1e-05",HT_EEAC,avg_tag_responses,253.068484,12.347527,270.829350,3.422560,50
"scenario_label=random,ber=1e-05",LAPCT,total_protocol_time_ms,25910.580875,0.799500,25911.928750,0.221610,50
"scenario_label=random,ber=1e-05",LAPCT,throughput_tags_per_sec,385.942718,0.011909,385.960033,0.003301,50
"scenario_label=random,ber=1e-05",LAPCT,system_efficiency,0.498972,0.000015,0.498977,0.000004,50
"scenario_label=random,ber=1e-05",LAPCT,collision_slots,10041.200000,0.606092,10043.000000,0.168000,50
"scenario_label=random,ber=1e-05",LAPCT,idle_slots,0.000000,0.000000,0.000000,0.000000,50
"scenario_label=random,ber=1e-05",LAPCT,total_energy_uj,12970663.169845,435.945714,12971261.968081,120.837987,50
"scenario_label=random,ber=1e-05",LAPCT,total_listening_energy_uj,12962918.106415,435.329523,12963516.037656,120.667187,50
"scenario_label=random,ber=1e-05",LAPCT,total_transmission_energy_uj,7745.063430,3.151289,7749.092175,0.873493,50
"scenario_label=random,ber=1e-05",LAPCT,total_bits,10928128.200000,6244.028998,10936385.050000,1730.756536,50
"scenario_label=random,ber=1e-05",LAPCT,avg_tag_bits,940.746198,0.622955,941.557225,0.172674,50
"scenario_label=random,ber=1e-05",LAPCT,avg_reader_bits,152.066622,0.012678,152.088660,0.003514,50
"scenario_label=random,ber=1e-05",LAPCT,avg_total_bits,1092.812820,0.624403,1093.638505,0.173076,50
"scenario_label=random,ber=1e-05",LAPCT,avg_query_efficiency,0.995897,0.000060,0.995917,0.000017,50
"scenario_label=random,ber=1e-05",LAPCT,peak_stack_depth,17.780000,0.678835,19.000000,0.188163,50
"scenario_label=random,ber=1e-05",LAPCT,avg_tag_responses,11.619278,0.007151,11.628840,0.001982,50
"scenario_label=random,ber=1e-05",NLHQT(n=2),total_protocol_time_ms,18453.165350,51.340649,18541.373000,14.230902,50
"scenario_label=random,ber=1e-05",NLHQT(n=2),throughput_tags_per_sec,541.916557,1.507232,544.394080,0.417783,50
"scenario_label=random,ber=1e-05",NLHQT(n=2),system_efficiency,0.354097,0.000982,0.355769,0.000272,50
"scenario_label=random,ber=1e-05",NLHQT(n=2),collision_slots,18241.100000,78.333210,18380.500000,21.712858,50
"scenario_label=random,ber=1e-05",NLHQT(n=2),idle_slots,0.000000,0.000000,0.000000,0.000000,50
"scenario_label=random,ber=1e-05",NLHQT(n=2),total_energy_uj,9233231.769665,32766.761183,9291494.742188,9082.482820,50
"scenario_label=random,ber=1e-05",NLHQT(n=2),total_listening_energy_uj,9230872.758045,32763.229076,9289128.998537,9081.503770,50
"scenario_label=random,ber=1e-05",NLHQT(n=2),total_transmission_energy_uj,2359.011620,4.192136,2366.222100,1.162001,50
"scenario_label=random,ber=1e-05",NLHQT(n=2),total_bits,2747955.520000,2251.660777,2751813.000000,624.128525,50
"scenario_label=random,ber=1e-05",NLHQT(n=2),avg_tag_bits,209.126628,0.021631,209.162250,0.005996,50
"scenario_label=random,ber=1e-05",NLHQT(n=2),avg_reader_bits,65.668924,0.204443,66.021040,0.056669,50
"scenario_label=random,ber=1e-05",NLHQT(n=2),avg_total_bits,274.795552,0.225166,275.181300,0.062413,50
"scenario_label=random,ber=1e-05",NLHQT(n=2),avg_query_efficiency,0.548222,0.002354,0.552239,0.000652,50
"scenario_label=random,ber=1e-05",NLHQT(n=2),peak_stack_depth,21.220000,0.736511,22.000000,0.204151,50
"scenario_label=random,ber=1e-05",NLHQT(n=2),avg_tag_responses,9.563314,0.010815,9.581125,0.002998,50
"scenario_label=random,ber=1e-05",SGCT,total_protocol_time_ms,11263.213650,44.360514,11339.442688,12.296107,50
"scenario_label=random,ber=1e-05",SGCT,throughput_tags_per_sec,887.859558,3.493995,893.319909,0.968486,50
"scenario_label=random,ber=1e-05",SGCT,system_efficiency,0.839572,0.003430,0.844994,0.000951,50
"scenario_label=random,ber=1e-05",SGCT,collision_slots,1911.020000,48.708835,1994.750000,13.501400,50
"scenario_label=random,ber=1e-05",SGCT,idle_slots,0.000000,0.000000,0.000000,0.000000,50
"scenario_label=random,ber=1e-05",SGCT,total_energy_uj,5657820.542950,23373.018546,5690434.501100,6478.670205,50
"scenario_label=random,ber=1e-05",SGCT,total_listening_energy_uj,5656494.081350,23367.857884,5689095.936600,6477.239743,50
"scenario_label=random,ber=1e-05",SGCT,total_transmission_energy_uj,1326.461600,5.998364,1336.851950,1.662662,50
"scenario_label=random,ber=1e-05",SGCT,total_bits,1655992.420000,3652.674603,1662198.700000,1012.469745,50
"scenario_label=random,ber=1e-05",SGCT,avg_tag_bits,132.368216,0.089386,132.517110,0.024776,50
"scenario_label=random,ber=1e-05",SGCT,avg_reader_bits,33.231026,0.278314,33.716840,0.077145,50
"scenario_label=random,ber=1e-05",SGCT,avg_total_bits,165.599242,0.365267,166.219870,0.101247,50
"scenario_label=random,ber=1e-05",SGCT,avg_query_efficiency,5.236125,0.132895,5.451431,0.036837,50
"scenario_label=random,ber=1e-05",SGCT,peak_stack_depth,258.460000,1.373362,260.000000,0.380676,50
"scenario_label=random,ber=1e-05",SGCT,progressive_probe_count,953.160000,24.184968,995.100000,6.703731,50
"scenario_label=random,ber=1e-05",SGCT,signature_grouping_trigger_count,950.500000,23.995110,992.650000,6.651105,50
"scenario_label=random,ber=1e-05",SGCT,local_short_id_trigger_count,257.000000,0.000000,257.000000,0.000000,50
"scenario_label=random,ber=1e-05",SGCT,signature_groups_pruned,65938.500000,359.926651,66570.750000,99.766578,50
"scenario_label=random,ber=1e-05",SGCT,sparse_signature_groups,10949.500000,23.995110,10991.650000,6.651105,50
"scenario_label=random,ber=1e-05",SGCT,signature_marker_bits,21424.400000,50.392338,21513.850000,13.968044,50
"scenario_label=random,ber=1e-05",SGCT,signature_marker_tag_bits,21424.400000,50.392338,21513.850000,13.968044,50
"scenario_label=random,ber=1e-05",SGCT,signature_non_idle_marker_count,10949.500000,23.995110,10991.650000,6.651105,50
"scenario_label=random,ber=1e-05",SGCT,signature_collision_groups,949.500000,23.995110,991.650000,6.651105,50
"scenario_label=random,ber=1e-05",SGCT,signature_singleton_groups,10000.000000,0.000000,10000.000000,0.000000,50
"scenario_label=random,ber=1e-05",SGCT,low_d_fallback_count,0.000000,0.000000,0.000000,0.000000,50
"scenario_label=random,ber=1e-05",SGCT,suffix_signature_trigger_count,0.000000,0.000000,0.000000,0.000000,50
"scenario_label=random,ber=1e-05",SGCT,hash_short_id_round_count,0.000000,0.000000,0.000000,0.000000,50
"scenario_label=random,ber=1e-05",SGCT,hash_short_id_split_count,0.000000,0.000000,0.000000,0.000000,50
"scenario_label=random,ber=1e-05",SGCT,hash_short_id_collision_groups,0.000000,0.000000,0.000000,0.000000,50
"scenario_label=random,ber=1e-05",SGCT,hash_short_id_singleton_groups,0.000000,0.000000,0.000000,0.000000,50
"scenario_label=random,ber=1e-05",SGCT,small_cluster_guard_count,0.000000,0.000000,0.000000,0.000000,50
"scenario_label=random,ber=1e-05",SGCT,max_signature_d,8.000000,0.000000,8.000000,0.000000,50
"scenario_label=random,ber=1e-05",SGCT,epc_verification_count,10008.360000,2.760952,10012.550000,0.765297,50
"scenario_label=random,ber=1e-05",SGCT,verify_fail_count,8.360000,2.760952,12.550000,0.765297,50
"scenario_label=random,ber=1e-05",SGCT,avg_tag_responses,4.287084,0.010210,4.304880,0.002830,50
"scenario_label=sequential,ber=0.0",DQTA(k_max=3),total_protocol_time_ms,9760.685000,0.000000,9760.685000,0.000000,50
"scenario_label=sequential,ber=0.0",DQTA(k_max=3),throughput_tags_per_sec,1024.518259,0.000000,1024.518259,0.000000,50
"scenario_label=sequential,ber=0.0",DQTA(k_max=3),system_efficiency,0.635890,0.000000,0.635890,0.000000,50
"scenario_label=sequential,ber=0.0",DQTA(k_max=3),collision_slots,5723.000000,0.000000,5723.000000,0.000000,50
"scenario_label=sequential,ber=0.0",DQTA(k_max=3),idle_slots,3.000000,0.000000,3.000000,0.000000,50
"scenario_label=sequential,ber=0.0",DQTA(k_max=3),total_energy_uj,4897848.687000,0.000000,4897848.687000,0.000000,50
"scenario_label=sequential,ber=0.0",DQTA(k_max=3),energy_per_tag_uj,489.784869,0.000000,489.784869,0.000000,50
"scenario_label=sequential,ber=0.0",DQTA(k_max=3),total_reader_tx_energy_uj,1340.256000,0.000000,1340.256000,0.000000,50
"scenario_label=sequential,ber=0.0",DQTA(k_max=3),total_tag_tx_energy_uj,329.872000,0.000000,329.872000,0.000000,50
"scenario_label=sequential,ber=0.0",DQTA(k_max=3),total_listening_energy_uj,4896178.559000,0.000000,4896178.559000,0.000000,50
"scenario_label=sequential,ber=0.0",DQTA(k_max=3),total_transmission_energy_uj,1670.128000,0.000000,1670.128000,0.000000,50
"scenario_label=sequential,ber=0.0",DQTA(k_max=3),total_bits,1329872.000000,0.000000,1329872.000000,0.000000,50
"scenario_label=sequential,ber=0.0",DQTA(k_max=3),avg_tag_bits,65.974400,0.000000,65.974400,0.000000,50
"scenario_label=sequential,ber=0.0",DQTA(k_max=3),avg_reader_bits,67.012800,0.000000,67.012800,0.000000,50
"scenario_label=sequential,ber=0.0",DQTA(k_max=3),avg_total_bits,132.987200,0.000000,132.987200,0.000000,50
"scenario_label=sequential,ber=0.0",DQTA(k_max=3),avg_query_efficiency,1.747335,0.000000,1.747335,0.000000,50
"scenario_label=sequential,ber=0.0",DQTA(k_max=3),peak_stack_depth,25.000000,0.000000,25.000000,0.000000,50
"scenario_label=sequential,ber=0.0",DQTA(k_max=3),avg_tag_responses,4.998400,0.000000,4.998400,0.000000,50
"scenario_label=sequential,ber=0.0",DRCT,total_protocol_time_ms,17994.676250,0.000000,17994.676250,0.000000,50
"scenario_label=sequential,ber=0.0",DRCT,throughput_tags_per_sec,555.719917,0.000000,555.719917,0.000000,50
"scenario_label=sequential,ber=0.0",DRCT,system_efficiency,0.495688,0.000000,0.495688,0.000000,50
"scenario_label=sequential,ber=0.0",DRCT,collision_slots,10086.000000,0.000000,10086.000000,0.000000,50
"scenario_label=sequential,ber=0.0",DRCT,idle_slots,88.000000,0.000000,88.000000,0.000000,50
"scenario_label=sequential,ber=0.0",DRCT,total_energy_uj,9050979.850000,0.000000,9050979.850000,0.000000,50
"scenario_label=sequential,ber=0.0",DRCT,energy_per_tag_uj,905.097985,0.000000,905.097985,0.000000,50
"scenario_label=sequential,ber=0.0",DRCT,total_reader_tx_energy_uj,2533.680000,0.000000,2533.680000,0.000000,50
"scenario_label=sequential,ber=0.0",DRCT,total_tag_tx_energy_uj,1920.307000,0.000000,1920.307000,0.000000,50
"scenario_label=sequential,ber=0.0",DRCT,total_listening_energy_uj,9046525.863000,0.000000,9046525.863000,0.000000,50
"scenario_label=sequential,ber=0.0",DRCT,total_transmission_energy_uj,4453.987000,0.000000,4453.987000,0.000000,50
"scenario_label=sequential,ber=0.0",DRCT,total_bits,5107454.000000,0.000000,5107454.000000,0.000000,50
"scenario_label=sequential,ber=0.0",DRCT,avg_tag_bits,384.061400,0.000000,384.061400,0.000000,50
"scenario_label=sequential,ber=0.0",DRCT,avg_reader_bits,126.684000,0.000000,126.684000,0.000000,50
"scenario_label=sequential,ber=0.0",DRCT,avg_total_bits,510.745400,0.000000,510.745400,0.000000,50
"scenario_label=sequential,ber=0.0",DRCT,avg_query_efficiency,0.991473,0.000000,0.991473,0.000000,50
"scenario_label=sequential,ber=0.0",DRCT,peak_stack_depth,14.000000,0.000000,14.000000,0.000000,50
"scenario_label=sequential,ber=0.0",DRCT,avg_tag_responses,96.000000,0.000000,96.000000,0.000000,50
"scenario_label=sequential,ber=0.0",EAQ_CBB,total_protocol_time_ms,29919.629175,92.264766,30070.185000,25.574488,50
"scenario_label=sequential,ber=0.0",EAQ_CBB,throughput_tags_per_sec,334.231856,1.030666,335.778165,0.285686,50
"scenario_label=sequential,ber=0.0",EAQ_CBB,system_efficiency,0.525882,0.001588,0.528310,0.000440,50
"scenario_label=sequential,ber=0.0",EAQ_CBB,collision_slots,9015.840000,57.414838,9109.400000,15.914581,50
"scenario_label=sequential,ber=0.0",EAQ_CBB,idle_slots,0.000000,0.000000,0.000000,0.000000,50
"scenario_label=sequential,ber=0.0",EAQ_CBB,total_energy_uj,14964665.767827,54698.907105,15051451.569894,15161.763510,50
"scenario_label=sequential,ber=0.0",EAQ_CBB,energy_per_tag_uj,1496.466577,5.469891,1505.145157,1.516176,50
"scenario_label=sequential,ber=0.0",EAQ_CBB,total_reader_tx_energy_uj,4459.799760,13.606112,4482.004400,3.771422,50
"scenario_label=sequential,ber=0.0",EAQ_CBB,total_tag_tx_energy_uj,136.155990,0.542523,136.906925,0.150380,50
"scenario_label=sequential,ber=0.0",EAQ_CBB,total_listening_energy_uj,14960069.812077,54686.553042,15046841.297719,15158.339138,50
"scenario_label=sequential,ber=0.0",EAQ_CBB,total_transmission_energy_uj,4595.955750,13.998951,4618.799450,3.880311,50
"scenario_label=sequential,ber=0.0",EAQ_CBB,total_bits,2502211.860000,7616.358024,2514420.200000,2111.146735,50
"scenario_label=sequential,ber=0.0",EAQ_CBB,avg_tag_bits,27.231198,0.108505,27.381385,0.030076,50
"scenario_label=sequential,ber=0.0",EAQ_CBB,avg_reader_bits,222.989988,0.680306,224.100220,0.188571,50
"scenario_label=sequential,ber=0.0",EAQ_CBB,avg_total_bits,250.221186,0.761636,251.442020,0.211115,50
"scenario_label=sequential,ber=0.0",EAQ_CBB,avg_query_efficiency,1.109203,0.007064,1.120035,0.001958,50
"scenario_label=sequential,ber=0.0",EAQ_CBB,peak_stack_depth,2458.320000,6.463208,2467.000000,1.791510,50
"scenario_label=sequential,ber=0.0",EAQ_CBB,avg_tag_responses,3.974328,0.014151,3.994020,0.003923,50
"scenario_label=sequential,ber=0.0",EMDT,total_protocol_time_ms,13696.773050,119.173849,13888.064250,33.033306,50
"scenario_label=sequential,ber=0.0",EMDT,throughput_tags_per_sec,730.153189,6.358079,740.169838,1.762370,50
"scenario_label=sequential,ber=0.0",EMDT,system_efficiency,0.501440,0.006816,0.513755,0.001889,50
"scenario_label=sequential,ber=0.0",EMDT,collision_slots,5962.840000,122.195454,6161.850000,33.870852,50
"scenario_label=sequential,ber=0.0",EMDT,idle_slots,3983.300000,165.406148,4195.750000,45.848245,50
"scenario_label=sequential,ber=0.0",EMDT,total_energy_uj,6847068.124410,66078.584390,6953274.947075,18316.049124,50
"scenario_label=sequential,ber=0.0",EMDT,energy_per_tag_uj,684.706812,6.607858,695.327495,1.831605,50
"scenario_label=sequential,ber=0.0",EMDT,total_reader_tx_energy_uj,488.406160,7.630510,498.885200,2.115070,50
"scenario_label=sequential,ber=0.0",EMDT,total_tag_tx_energy_uj,738.491200,2.561546,742.526400,0.710024,50
"scenario_label=sequential,ber=0.0",EMDT,total_listening_energy_uj,6845841.227050,66078.282903,6952043.535475,18315.965557,50
"scenario_label=sequential,ber=0.0",EMDT,total_transmission_energy_uj,1226.897360,9.857557,1240.219200,2.732375,50
"scenario_label=sequential,ber=0.0",EMDT,total_bits,1721185.480000,8554.967372,1732974.100000,2371.315973,50
"scenario_label=sequential,ber=0.0",EMDT,avg_tag_bits,147.698240,0.512309,148.505280,0.142005,50
"scenario_label=sequential,ber=0.0",EMDT,avg_reader_bits,24.420308,0.381526,24.944260,0.105753,50
"scenario_label=sequential,ber=0.0",EMDT,avg_total_bits,172.118548,0.855497,173.297410,0.237132,50
"scenario_label=sequential,ber=0.0",EMDT,avg_query_efficiency,1.677745,0.034460,1.733817,0.009552,50
"scenario_label=sequential,ber=0.0",EMDT,peak_stack_depth,46.660000,1.394011,49.000000,0.386400,50
"scenario_label=sequential,ber=0.0",EMDT,avg_tag_responses,5.317888,0.024056,5.358055,0.006668,50
"scenario_label=sequential,ber=0.0",HT_EEAC,total_protocol_time_ms,79687.945650,1763.062149,82834.642875,488.695895,50
"scenario_label=sequential,ber=0.0",HT_EEAC,throughput_tags_per_sec,125.549115,2.750519,129.229545,0.762405,50
"scenario_label=sequential,ber=0.0",HT_EEAC,system_efficiency,0.061522,0.001443,0.063464,0.000400,50
"scenario_label=sequential,ber=0.0",HT_EEAC,collision_slots,146662.420000,3853.032657,153520.300000,1068.006164,50
"scenario_label=sequential,ber=0.0",HT_EEAC,idle_slots,5970.040000,109.786613,6144.400000,30.431297,50
"scenario_label=sequential,ber=0.0",HT_EEAC,total_energy_uj,46893478.929609,1171023.568937,48928787.198543,324591.172958,50
"scenario_label=sequential,ber=0.0",HT_EEAC,energy_per_tag_uj,4689.347893,117.102357,4892.878720,32.459117,50
"scenario_label=sequential,ber=0.0",HT_EEAC,total_reader_tx_energy_uj,7155.828240,169.590555,7458.776600,47.008104,50
"scenario_label=sequential,ber=0.0",HT_EEAC,total_tag_tx_energy_uj,1733.299360,30.824261,1788.162400,8.544049,50
"scenario_label=sequential,ber=0.0",HT_EEAC,total_listening_energy_uj,46884589.802009,1170826.142748,48919523.066543,324536.449210,50
"scenario_label=sequential,ber=0.0",HT_EEAC,total_transmission_energy_uj,8889.127600,200.404233,9246.939000,55.549219,50
"scenario_label=sequential,ber=0.0",HT_EEAC,total_bits,7044512.840000,146429.315606,7305713.100000,40588.135515,50
"scenario_label=sequential,ber=0.0",HT_EEAC,avg_tag_bits,346.659872,6.164852,357.632480,1.708810,50
"scenario_label=sequential,ber=0.0",HT_EEAC,avg_reader_bits,357.791412,8.479528,372.938830,2.350405,50
"scenario_label=sequential,ber=0.0",HT_EEAC,avg_total_bits,704.451284,14.642932,730.571310,4.058814,50
"scenario_label=sequential,ber=0.0",HT_EEAC,avg_query_efficiency,0.068229,0.001773,0.070579,0.000491,50
"scenario_label=sequential,ber=0.0",HT_EEAC,avg_tag_responses,254.893170,13.201956,274.878550,3.659396,50
"scenario_label=sequential,ber=0.0",LAPCT,total_protocol_time_ms,30901.261250,0.000000,30901.261250,0.000000,50
"scenario_label=sequential,ber=0.0",LAPCT,throughput_tags_per_sec,323.611387,0.000000,323.611387,0.000000,50
"scenario_label=sequential,ber=0.0",LAPCT,system_efficiency,0.497587,0.000000,0.497587,0.000000,50
"scenario_label=sequential,ber=0.0",LAPCT,collision_slots,10095.000000,0.000000,10095.000000,0.000000,50
"scenario_label=sequential,ber=0.0",LAPCT,idle_slots,2.000000,0.000000,2.000000,0.000000,50
"scenario_label=sequential,ber=0.0",LAPCT,total_energy_uj,15468050.924000,0.000000,15468050.924000,0.000000,50
"scenario_label=sequential,ber=0.0",LAPCT,energy_per_tag_uj,1546.805092,0.000000,1546.805092,0.000000,50
"scenario_label=sequential,ber=0.0",LAPCT,total_reader_tx_energy_uj,4659.050000,0.000000,4659.050000,0.000000,50
"scenario_label=sequential,ber=0.0",LAPCT,total_tag_tx_energy_uj,322.144000,0.000000,322.144000,0.000000,50
"scenario_label=sequential,ber=0.0",LAPCT,total_listening_energy_uj,15463069.730000,0.000000,15463069.730000,0.000000,50
"scenario_label=sequential,ber=0.0",LAPCT,total_transmission_energy_uj,4981.194000,0.000000,4981.194000,0.000000,50
"scenario_label=sequential,ber=0.0",LAPCT,total_bits,2973813.000000,0.000000,2973813.000000,0.000000,50
"scenario_label=sequential,ber=0.0",LAPCT,avg_tag_bits,64.428800,0.000000,64.428800,0.000000,50
"scenario_label=sequential,ber=0.0",LAPCT,avg_reader_bits,232.952500,0.000000,232.952500,0.000000,50
"scenario_label=sequential,ber=0.0",LAPCT,avg_total_bits,297.381300,0.000000,297.381300,0.000000,50
"scenario_label=sequential,ber=0.0",LAPCT,avg_query_efficiency,0.990589,0.000000,0.990589,0.000000,50
"scenario_label=sequential,ber=0.0",LAPCT,peak_stack_depth,17.000000,0.000000,17.000000,0.000000,50
"scenario_label=sequential,ber=0.0",LAPCT,avg_tag_responses,10.995200,0.000000,10.995200,0.000000,50
"scenario_label=sequential,ber=0.0",NLHQT(n=2),total_protocol_time_ms,7161.840000,0.000000,7161.840000,0.000000,50
"scenario_label=sequential,ber=0.0",NLHQT(n=2),throughput_tags_per_sec,1396.289222,0.000000,1396.289222,0.000000,50
"scenario_label=sequential,ber=0.0",NLHQT(n=2),system_efficiency,0.428467,0.000000,0.428467,0.000000,50
"scenario_label=sequential,ber=0.0",NLHQT(n=2),collision_slots,13339.000000,0.000000,13339.000000,0.000000,50
"scenario_label=sequential,ber=0.0",NLHQT(n=2),idle_slots,0.000000,0.000000,0.000000,0.000000,50
"scenario_label=sequential,ber=0.0",NLHQT(n=2),total_energy_uj,3583741.116000,0.000000,3583741.116000,0.000000,50
"scenario_label=sequential,ber=0.0",NLHQT(n=2),energy_per_tag_uj,358.374112,0.000000,358.374112,0.000000,50
"scenario_label=sequential,ber=0.0",NLHQT(n=2),total_reader_tx_energy_uj,955.920000,0.000000,955.920000,0.000000,50
"scenario_label=sequential,ber=0.0",NLHQT(n=2),total_tag_tx_energy_uj,210.000000,0.000000,210.000000,0.000000,50
"scenario_label=sequential,ber=0.0",NLHQT(n=2),total_listening_energy_uj,3582575.196000,0.000000,3582575.196000,0.000000,50
"scenario_label=sequential,ber=0.0",NLHQT(n=2),total_transmission_energy_uj,1165.920000,0.000000,1165.920000,0.000000,50
"scenario_label=sequential,ber=0.0",NLHQT(n=2),total_bits,897960.000000,0.000000,897960.000000,0.000000,50
"scenario_label=sequential,ber=0.0",NLHQT(n=2),avg_tag_bits,42.000000,0.000000,42.000000,0.000000,50
"scenario_label=sequential,ber=0.0",NLHQT(n=2),avg_reader_bits,47.796000,0.000000,47.796000,0.000000,50
"scenario_label=sequential,ber=0.0",NLHQT(n=2),avg_total_bits,89.796000,0.000000,89.796000,0.000000,50
"scenario_label=sequential,ber=0.0",NLHQT(n=2),avg_query_efficiency,0.749681,0.000000,0.749681,0.000000,50
"scenario_label=sequential,ber=0.0",NLHQT(n=2),peak_stack_depth,21.000000,0.000000,21.000000,0.000000,50
"scenario_label=sequential,ber=0.0",NLHQT(n=2),avg_tag_responses,9.000000,0.000000,9.000000,0.000000,50
"scenario_label=sequential,ber=0.0",SGCT,total_protocol_time_ms,4609.660000,0.000000,4609.660000,0.000000,50
"scenario_label=sequential,ber=0.0",SGCT,throughput_tags_per_sec,2169.357393,0.000000,2169.357393,0.000000,50
"scenario_label=sequential,ber=0.0",SGCT,system_efficiency,0.969462,0.000000,0.969462,0.000000,50
"scenario_label=sequential,ber=0.0",SGCT,collision_slots,315.000000,0.000000,315.000000,0.000000,50
"scenario_label=sequential,ber=0.0",SGCT,idle_slots,0.000000,0.000000,0.000000,0.000000,50
"scenario_label=sequential,ber=0.0",SGCT,total_energy_uj,2325443.362000,0.000000,2325443.362000,0.000000,50
"scenario_label=sequential,ber=0.0",SGCT,energy_per_tag_uj,232.544336,0.000000,232.544336,0.000000,50
"scenario_label=sequential,ber=0.0",SGCT,total_reader_tx_energy_uj,526.868000,0.000000,526.868000,0.000000,50
"scenario_label=sequential,ber=0.0",SGCT,total_tag_tx_energy_uj,179.968000,0.000000,179.968000,0.000000,50
"scenario_label=sequential,ber=0.0",SGCT,total_listening_energy_uj,2324736.526000,0.000000,2324736.526000,0.000000,50
"scenario_label=sequential,ber=0.0",SGCT,total_transmission_energy_uj,706.836000,0.000000,706.836000,0.000000,50
"scenario_label=sequential,ber=0.0",SGCT,total_bits,623370.000000,0.000000,623370.000000,0.000000,50
"scenario_label=sequential,ber=0.0",SGCT,avg_tag_bits,35.993600,0.000000,35.993600,0.000000,50
"scenario_label=sequential,ber=0.0",SGCT,avg_reader_bits,26.343400,0.000000,26.343400,0.000000,50
"scenario_label=sequential,ber=0.0",SGCT,avg_total_bits,62.337000,0.000000,62.337000,0.000000,50
"scenario_label=sequential,ber=0.0",SGCT,avg_query_efficiency,31.746032,0.000000,31.746032,0.000000,50
"scenario_label=sequential,ber=0.0",SGCT,peak_stack_depth,157.000000,0.000000,157.000000,0.000000,50
"scenario_label=sequential,ber=0.0",SGCT,progressive_probe_count,158.000000,0.000000,158.000000,0.000000,50
"scenario_label=sequential,ber=0.0",SGCT,signature_grouping_trigger_count,158.000000,0.000000,158.000000,0.000000,50
"scenario_label=sequential,ber=0.0",SGCT,local_short_id_trigger_count,1.000000,0.000000,1.000000,0.000000,50
"scenario_label=sequential,ber=0.0",SGCT,signature_groups_pruned,99.000000,0.000000,99.000000,0.000000,50
"scenario_label=sequential,ber=0.0",SGCT,sparse_signature_groups,10157.000000,0.000000,10157.000000,0.000000,50
"scenario_label=sequential,ber=0.0",SGCT,signature_marker_bits,20000.000000,0.000000,20000.000000,0.000000,50
"scenario_label=sequential,ber=0.0",SGCT,signature_marker_tag_bits,20000.000000,0.000000,20000.000000,0.000000,50
"scenario_label=sequential,ber=0.0",SGCT,signature_non_idle_marker_count,10157.000000,0.000000,10157.000000,0.000000,50
"scenario_label=sequential,ber=0.0",SGCT,signature_collision_groups,157.000000,0.000000,157.000000,0.000000,50
"scenario_label=sequential,ber=0.0",SGCT,signature_singleton_groups,10000.000000,0.000000,10000.000000,0.000000,50
"scenario_label=sequential,ber=0.0",SGCT,low_d_fallback_count,0.000000,0.000000,0.000000,0.000000,50
"scenario_label=sequential,ber=0.0",SGCT,suffix_signature_trigger_count,0.000000,0.000000,0.000000,0.000000,50
"scenario_label=sequential,ber=0.0",SGCT,hash_short_id_round_count,0.000000,0.000000,0.000000,0.000000,50
"scenario_label=sequential,ber=0.0",SGCT,hash_short_id_split_count,0.000000,0.000000,0.000000,0.000000,50
"scenario_label=sequential,ber=0.0",SGCT,hash_short_id_collision_groups,0.000000,0.000000,0.000000,0.000000,50
"scenario_label=sequential,ber=0.0",SGCT,hash_short_id_singleton_groups,0.000000,0.000000,0.000000,0.000000,50
"scenario_label=sequential,ber=0.0",SGCT,small_cluster_guard_count,0.000000,0.000000,0.000000,0.000000,50
"scenario_label=sequential,ber=0.0",SGCT,max_signature_d,8.000000,0.000000,8.000000,0.000000,50
"scenario_label=sequential,ber=0.0",SGCT,epc_verification_count,10000.000000,0.000000,10000.000000,0.000000,50
"scenario_label=sequential,ber=0.0",SGCT,verify_fail_count,0.000000,0.000000,0.000000,0.000000,50
"scenario_label=sequential,ber=0.0",SGCT,avg_tag_responses,4.000000,0.000000,4.000000,0.000000,50
"scenario_label=sequential,ber=0.0001",DQTA(k_max=3),total_protocol_time_ms,9760.685000,0.000000,9760.685000,0.000000,50
"scenario_label=sequential,ber=0.0001",DQTA(k_max=3),throughput_tags_per_sec,1024.518259,0.000000,1024.518259,0.000000,50
"scenario_label=sequential,ber=0.0001",DQTA(k_max=3),system_efficiency,0.635890,0.000000,0.635890,0.000000,50
"scenario_label=sequential,ber=0.0001",DQTA(k_max=3),collision_slots,5723.000000,0.000000,5723.000000,0.000000,50
"scenario_label=sequential,ber=0.0001",DQTA(k_max=3),idle_slots,3.000000,0.000000,3.000000,0.000000,50
"scenario_label=sequential,ber=0.0001",DQTA(k_max=3),total_energy_uj,4897848.687000,0.000000,4897848.687000,0.000000,50
"scenario_label=sequential,ber=0.0001",DQTA(k_max=3),energy_per_tag_uj,489.784869,0.000000,489.784869,0.000000,50
"scenario_label=sequential,ber=0.0001",DQTA(k_max=3),total_reader_tx_energy_uj,1340.256000,0.000000,1340.256000,0.000000,50
"scenario_label=sequential,ber=0.0001",DQTA(k_max=3),total_tag_tx_energy_uj,329.872000,0.000000,329.872000,0.000000,50
"scenario_label=sequential,ber=0.0001",DQTA(k_max=3),total_listening_energy_uj,4896178.559000,0.000000,4896178.559000,0.000000,50
"scenario_label=sequential,ber=0.0001",DQTA(k_max=3),total_transmission_energy_uj,1670.128000,0.000000,1670.128000,0.000000,50
"scenario_label=sequential,ber=0.0001",DQTA(k_max=3),total_bits,1329872.000000,0.000000,1329872.000000,0.000000,50
"scenario_label=sequential,ber=0.0001",DQTA(k_max=3),avg_tag_bits,65.974400,0.000000,65.974400,0.000000,50
"scenario_label=sequential,ber=0.0001",DQTA(k_max=3),avg_reader_bits,67.012800,0.000000,67.012800,0.000000,50
"scenario_label=sequential,ber=0.0001",DQTA(k_max=3),avg_total_bits,132.987200,0.000000,132.987200,0.000000,50
"scenario_label=sequential,ber=0.0001",DQTA(k_max=3),avg_query_efficiency,1.747335,0.000000,1.747335,0.000000,50
"scenario_label=sequential,ber=0.0001",DQTA(k_max=3),peak_stack_depth,25.000000,0.000000,25.000000,0.000000,50
"scenario_label=sequential,ber=0.0001",DQTA(k_max=3),avg_tag_responses,4.998400,0.000000,4.998400,0.000000,50
"scenario_label=sequential,ber=0.0001",DRCT,total_protocol_time_ms,17994.676250,0.000000,17994.676250,0.000000,50
"scenario_label=sequential,ber=0.0001",DRCT,throughput_tags_per_sec,555.719917,0.000000,555.719917,0.000000,50
"scenario_label=sequential,ber=0.0001",DRCT,system_efficiency,0.495688,0.000000,0.495688,0.000000,50
"scenario_label=sequential,ber=0.0001",DRCT,collision_slots,10086.000000,0.000000,10086.000000,0.000000,50
"scenario_label=sequential,ber=0.0001",DRCT,idle_slots,88.000000,0.000000,88.000000,0.000000,50
"scenario_label=sequential,ber=0.0001",DRCT,total_energy_uj,9050979.850000,0.000000,9050979.850000,0.000000,50
"scenario_label=sequential,ber=0.0001",DRCT,energy_per_tag_uj,905.097985,0.000000,905.097985,0.000000,50
"scenario_label=sequential,ber=0.0001",DRCT,total_reader_tx_energy_uj,2533.680000,0.000000,2533.680000,0.000000,50
"scenario_label=sequential,ber=0.0001",DRCT,total_tag_tx_energy_uj,1920.307000,0.000000,1920.307000,0.000000,50
"scenario_label=sequential,ber=0.0001",DRCT,total_listening_energy_uj,9046525.863000,0.000000,9046525.863000,0.000000,50
"scenario_label=sequential,ber=0.0001",DRCT,total_transmission_energy_uj,4453.987000,0.000000,4453.987000,0.000000,50
"scenario_label=sequential,ber=0.0001",DRCT,total_bits,5107454.000000,0.000000,5107454.000000,0.000000,50
"scenario_label=sequential,ber=0.0001",DRCT,avg_tag_bits,384.061400,0.000000,384.061400,0.000000,50
"scenario_label=sequential,ber=0.0001",DRCT,avg_reader_bits,126.684000,0.000000,126.684000,0.000000,50
"scenario_label=sequential,ber=0.0001",DRCT,avg_total_bits,510.745400,0.000000,510.745400,0.000000,50
"scenario_label=sequential,ber=0.0001",DRCT,avg_query_efficiency,0.991473,0.000000,0.991473,0.000000,50
"scenario_label=sequential,ber=0.0001",DRCT,peak_stack_depth,14.000000,0.000000,14.000000,0.000000,50
"scenario_label=sequential,ber=0.0001",DRCT,avg_tag_responses,96.000000,0.000000,96.000000,0.000000,50
"scenario_label=sequential,ber=0.0001",EAQ_CBB,total_protocol_time_ms,29963.720575,87.152209,30082.989500,24.157360,50
"scenario_label=sequential,ber=0.0001",EAQ_CBB,throughput_tags_per_sec,333.739694,0.970960,335.323532,0.269136,50
"scenario_label=sequential,ber=0.0001",EAQ_CBB,system_efficiency,0.525127,0.001503,0.527537,0.000417,50
"scenario_label=sequential,ber=0.0001",EAQ_CBB,collision_slots,9043.160000,54.489977,9119.100000,15.103851,50
"scenario_label=sequential,ber=0.0001",EAQ_CBB,idle_slots,0.000000,0.000000,0.000000,0.000000,50
"scenario_label=sequential,ber=0.0001",EAQ_CBB,total_energy_uj,14990325.183505,57672.059873,15061184.986625,15985.879412,50
"scenario_label=sequential,ber=0.0001",EAQ_CBB,energy_per_tag_uj,1499.032518,5.767206,1506.118499,1.598588,50
"scenario_label=sequential,ber=0.0001",EAQ_CBB,total_reader_tx_energy_uj,4466.293680,12.893336,4483.900800,3.573850,50
"scenario_label=sequential,ber=0.0001",EAQ_CBB,total_tag_tx_energy_uj,136.455770,0.445531,137.133200,0.123495,50
"scenario_label=sequential,ber=0.0001",EAQ_CBB,total_listening_energy_uj,14985722.434055,57660.551735,15056572.991175,15982.689518,50
"scenario_label=sequential,ber=0.0001",EAQ_CBB,total_transmission_energy_uj,4602.749450,13.209519,4620.374925,3.661492,50
"scenario_label=sequential,ber=0.0001",EAQ_CBB,total_bits,2506058.380000,7099.880950,2515410.550000,1967.986594,50
"scenario_label=sequential,ber=0.0001",EAQ_CBB,avg_tag_bits,27.291154,0.089106,27.426640,0.024699,50
"scenario_label=sequential,ber=0.0001",EAQ_CBB,avg_reader_bits,223.314684,0.644667,224.195040,0.178693,50
"scenario_label=sequential,ber=0.0001",EAQ_CBB,avg_total_bits,250.605838,0.709988,251.541055,0.196799,50
"scenario_label=sequential,ber=0.0001",EAQ_CBB,avg_query_efficiency,1.105848,0.006667,1.116570,0.001848,50
"scenario_label=sequential,ber=0.0001",EAQ_CBB,peak_stack_depth,2456.860000,5.664101,2465.550000,1.570009,50
"scenario_label=sequential,ber=0.0001",EAQ_CBB,avg_tag_responses,3.982512,0.012984,4.001310,0.003599,50
"scenario_label=sequential,ber=0.0001",EMDT,total_protocol_time_ms,13726.821500,98.710749,13884.405500,27.361224,50
"scenario_label=sequential,ber=0.0001",EMDT,throughput_tags_per_sec,728.537686,5.238888,736.986571,1.452146,50
"scenario_label=sequential,ber=0.0001",EMDT,system_efficiency,0.500836,0.005521,0.510299,0.001530,50
"scenario_label=sequential,ber=0.0001",EMDT,collision_slots,5991.900000,100.067579,6148.400000,27.737318,50
"scenario_label=sequential,ber=0.0001",EMDT,idle_slots,3977.100000,141.198406,4216.600000,39.138201,50
"scenario_label=sequential,ber=0.0001",EMDT,total_energy_uj,6871435.186275,57874.915349,6968228.584212,16042.108081,50
"scenario_label=sequential,ber=0.0001",EMDT,energy_per_tag_uj,687.143519,5.787492,696.822859,1.604211,50
"scenario_label=sequential,ber=0.0001",EMDT,total_reader_tx_energy_uj,490.249760,6.066134,499.617800,1.681447,50
"scenario_label=sequential,ber=0.0001",EMDT,total_tag_tx_energy_uj,741.854080,1.965255,745.493600,0.544741,50
"scenario_label=sequential,ber=0.0001",EMDT,total_listening_energy_uj,6870203.082435,57875.081351,6967000.381212,16042.154094,50
"scenario_label=sequential,ber=0.0001",EMDT,total_transmission_energy_uj,1232.103840,7.707321,1244.635800,2.136360,50
"scenario_label=sequential,ber=0.0001",EMDT,total_bits,1728833.040000,6587.184270,1740348.000000,1825.874325,50
"scenario_label=sequential,ber=0.0001",EMDT,avg_tag_bits,148.370816,0.393051,149.098720,0.108948,50
"scenario_label=sequential,ber=0.0001",EMDT,avg_reader_bits,24.512488,0.303307,24.980890,0.084072,50
"scenario_label=sequential,ber=0.0001",EMDT,avg_total_bits,172.883304,0.658718,174.034800,0.182587,50
"scenario_label=sequential,ber=0.0001",EMDT,avg_query_efficiency,1.669375,0.027852,1.712001,0.007720,50
"scenario_label=sequential,ber=0.0001",EMDT,peak_stack_depth,46.700000,1.541931,49.000000,0.427401,50
"scenario_label=sequential,ber=0.0001",EMDT,avg_tag_responses,5.316532,0.020688,5.348115,0.005734,50
"scenario_label=sequential,ber=0.0001",HT_EEAC,total_protocol_time_ms,79574.439900,1669.173510,82294.896375,462.671292,50
"scenario_label=sequential,ber=0.0001",HT_EEAC,throughput_tags_per_sec,125.722023,2.604836,129.527101,0.722024,50
"scenario_label=sequential,ber=0.0001",HT_EEAC,system_efficiency,0.061615,0.001364,0.063612,0.000378,50
"scenario_label=sequential,ber=0.0001",HT_EEAC,collision_slots,146436.820000,3667.373479,152396.850000,1016.544065,50
"scenario_label=sequential,ber=0.0001",HT_EEAC,idle_slots,5939.540000,154.945443,6212.200000,42.948686,50
"scenario_label=sequential,ber=0.0001",HT_EEAC,total_energy_uj,46802583.905551,1081966.358741,48695716.090624,299905.773718,50
"scenario_label=sequential,ber=0.0001",HT_EEAC,energy_per_tag_uj,4680.258391,108.196636,4869.571609,29.990577,50
"scenario_label=sequential,ber=0.0001",HT_EEAC,total_reader_tx_energy_uj,7144.559840,160.273745,7405.985400,44.425616,50
"scenario_label=sequential,ber=0.0001",HT_EEAC,total_tag_tx_energy_uj,1731.494560,29.338988,1779.174800,8.132353,50
"scenario_label=sequential,ber=0.0001",HT_EEAC,total_listening_energy_uj,46793707.851151,1081780.224513,48686549.875424,299854.179943,50
"scenario_label=sequential,ber=0.0001",HT_EEAC,total_transmission_energy_uj,8876.054400,189.591017,9185.160200,52.551949,50
"scenario_label=sequential,ber=0.0001",HT_EEAC,total_bits,7035269.040000,138785.184671,7261342.300000,38469.290522,50
"scenario_label=sequential,ber=0.0001",HT_EEAC,avg_tag_bits,346.298912,5.867798,355.834960,1.626471,50
"scenario_label=sequential,ber=0.0001",HT_EEAC,avg_reader_bits,357.227992,8.013687,370.299270,2.221281,50
"scenario_label=sequential,ber=0.0001",HT_EEAC,avg_total_bits,703.526904,13.878518,726.134230,3.846929,50
"scenario_label=sequential,ber=0.0001",HT_EEAC,avg_query_efficiency,0.068330,0.001687,0.070804,0.000468,50
"scenario_label=sequential,ber=0.0001",HT_EEAC,avg_tag_responses,253.671456,12.794951,275.193115,3.546579,50
"scenario_label=sequential,ber=0.0001",LAPCT,total_protocol_time_ms,30901.261250,0.000000,30901.261250,0.000000,50
"scenario_label=sequential,ber=0.0001",LAPCT,throughput_tags_per_sec,323.611387,0.000000,323.611387,0.000000,50
"scenario_label=sequential,ber=0.0001",LAPCT,system_efficiency,0.497587,0.000000,0.497587,0.000000,50
"scenario_label=sequential,ber=0.0001",LAPCT,collision_slots,10095.000000,0.000000,10095.000000,0.000000,50
"scenario_label=sequential,ber=0.0001",LAPCT,idle_slots,2.000000,0.000000,2.000000,0.000000,50
"scenario_label=sequential,ber=0.0001",LAPCT,total_energy_uj,15468050.924000,0.000000,15468050.924000,0.000000,50
"scenario_label=sequential,ber=0.0001",LAPCT,energy_per_tag_uj,1546.805092,0.000000,1546.805092,0.000000,50
"scenario_label=sequential,ber=0.0001",LAPCT,total_reader_tx_energy_uj,4659.050000,0.000000,4659.050000,0.000000,50
"scenario_label=sequential,ber=0.0001",LAPCT,total_tag_tx_energy_uj,322.144000,0.000000,322.144000,0.000000,50
"scenario_label=sequential,ber=0.0001",LAPCT,total_listening_energy_uj,15463069.730000,0.000000,15463069.730000,0.000000,50
"scenario_label=sequential,ber=0.0001",LAPCT,total_transmission_energy_uj,4981.194000,0.000000,4981.194000,0.000000,50
"scenario_label=sequential,ber=0.0001",LAPCT,total_bits,2973813.000000,0.000000,2973813.000000,0.000000,50
"scenario_label=sequential,ber=0.0001",LAPCT,avg_tag_bits,64.428800,0.000000,64.428800,0.000000,50
"scenario_label=sequential,ber=0.0001",LAPCT,avg_reader_bits,232.952500,0.000000,232.952500,0.000000,50
"scenario_label=sequential,ber=0.0001",LAPCT,avg_total_bits,297.381300,0.000000,297.381300,0.000000,50
"scenario_label=sequential,ber=0.0001",LAPCT,avg_query_efficiency,0.990589,0.000000,0.990589,0.000000,50
"scenario_label=sequential,ber=0.0001",LAPCT,peak_stack_depth,17.000000,0.000000,17.000000,0.000000,50
"scenario_label=sequential,ber=0.0001",LAPCT,avg_tag_responses,10.995200,0.000000,10.995200,0.000000,50
"scenario_label=sequential,ber=0.0001",NLHQT(n=2),total_protocol_time_ms,7161.840000,0.000000,7161.840000,0.000000,50
"scenario_label=sequential,ber=0.0001",NLHQT(n=2),throughput_tags_per_sec,1396.289222,0.000000,1396.289222,0.000000,50
"scenario_label=sequential,ber=0.0001",NLHQT(n=2),system_efficiency,0.428467,0.000000,0.428467,0.000000,50
"scenario_label=sequential,ber=0.0001",NLHQT(n=2),collision_slots,13339.000000,0.000000,13339.000000,0.000000,50
"scenario_label=sequential,ber=0.0001",NLHQT(n=2),idle_slots,0.000000,0.000000,0.000000,0.000000,50
"scenario_label=sequential,ber=0.0001",NLHQT(n=2),total_energy_uj,3583741.116000,0.000000,3583741.116000,0.000000,50
"scenario_label=sequential,ber=0.0001",NLHQT(n=2),energy_per_tag_uj,358.374112,0.000000,358.374112,0.000000,50
"scenario_label=sequential,ber=0.0001",NLHQT(n=2),total_reader_tx_energy_uj,955.920000,0.000000,955.920000,0.000000,50
"scenario_label=sequential,ber=0.0001",NLHQT(n=2),total_tag_tx_energy_uj,210.000000,0.000000,210.000000,0.000000,50
"scenario_label=sequential,ber=0.0001",NLHQT(n=2),total_listening_energy_uj,3582575.196000,0.000000,3582575.196000,0.000000,50
"scenario_label=sequential,ber=0.0001",NLHQT(n=2),total_transmission_energy_uj,1165.920000,0.000000,1165.920000,0.000000,50
"scenario_label=sequential,ber=0.0001",NLHQT(n=2),total_bits,897960.000000,0.000000,897960.000000,0.000000,50
"scenario_label=sequential,ber=0.0001",NLHQT(n=2),avg_tag_bits,42.000000,0.000000,42.000000,0.000000,50
"scenario_label=sequential,ber=0.0001",NLHQT(n=2),avg_reader_bits,47.796000,0.000000,47.796000,0.000000,50
"scenario_label=sequential,ber=0.0001",NLHQT(n=2),avg_total_bits,89.796000,0.000000,89.796000,0.000000,50
"scenario_label=sequential,ber=0.0001",NLHQT(n=2),avg_query_efficiency,0.749681,0.000000,0.749681,0.000000,50
"scenario_label=sequential,ber=0.0001",NLHQT(n=2),peak_stack_depth,21.000000,0.000000,21.000000,0.000000,50
"scenario_label=sequential,ber=0.0001",NLHQT(n=2),avg_tag_responses,9.000000,0.000000,9.000000,0.000000,50
"scenario_label=sequential,ber=0.0001",SGCT,total_protocol_time_ms,4613.082400,1.514753,4615.581000,0.419868,50
"scenario_label=sequential,ber=0.0001",SGCT,throughput_tags_per_sec,2167.748197,0.711808,2168.934406,0.197303,50
"scenario_label=sequential,ber=0.0001",SGCT,system_efficiency,0.968943,0.000229,0.969326,0.000064,50
"scenario_label=sequential,ber=0.0001",SGCT,collision_slots,320.520000,2.443150,324.550000,0.677206,50
"scenario_label=sequential,ber=0.0001",SGCT,idle_slots,0.000000,0.000000,0.000000,0.000000,50
"scenario_label=sequential,ber=0.0001",SGCT,total_energy_uj,2327096.679260,765.724749,2328159.817725,212.248072,50
"scenario_label=sequential,ber=0.0001",SGCT,energy_per_tag_uj,232.709668,0.076573,232.815982,0.021225,50
"scenario_label=sequential,ber=0.0001",SGCT,total_reader_tx_energy_uj,527.309600,0.195452,527.632000,0.054177,50
"scenario_label=sequential,ber=0.0001",SGCT,total_tag_tx_energy_uj,179.984560,0.007329,179.996650,0.002032,50
"scenario_label=sequential,ber=0.0001",SGCT,total_listening_energy_uj,2326389.385100,765.547437,2327452.243025,212.198923,50
"scenario_label=sequential,ber=0.0001",SGCT,total_transmission_energy_uj,707.294160,0.202781,707.628650,0.056208,50
"scenario_label=sequential,ber=0.0001",SGCT,total_bits,623623.920000,112.384878,623809.300000,31.151499,50
"scenario_label=sequential,ber=0.0001",SGCT,avg_tag_bits,35.996912,0.001466,35.999330,0.000406,50
"scenario_label=sequential,ber=0.0001",SGCT,avg_reader_bits,26.365480,0.009773,26.381600,0.002709,50
"scenario_label=sequential,ber=0.0001",SGCT,avg_total_bits,62.362392,0.011238,62.380930,0.003115,50
"scenario_label=sequential,ber=0.0001",SGCT,avg_query_efficiency,31.201078,0.237908,31.600647,0.065945,50
"scenario_label=sequential,ber=0.0001",SGCT,peak_stack_depth,157.000000,0.000000,157.000000,0.000000,50
"scenario_label=sequential,ber=0.0001",SGCT,progressive_probe_count,158.000000,0.000000,158.000000,0.000000,50
"scenario_label=sequential,ber=0.0001",SGCT,signature_grouping_trigger_count,158.000000,0.000000,158.000000,0.000000,50
"scenario_label=sequential,ber=0.0001",SGCT,local_short_id_trigger_count,1.000000,0.000000,1.000000,0.000000,50
"scenario_label=sequential,ber=0.0001",SGCT,signature_groups_pruned,99.000000,0.000000,99.000000,0.000000,50
"scenario_label=sequential,ber=0.0001",SGCT,sparse_signature_groups,10157.000000,0.000000,10157.000000,0.000000,50
"scenario_label=sequential,ber=0.0001",SGCT,signature_marker_bits,20000.000000,0.000000,20000.000000,0.000000,50
"scenario_label=sequential,ber=0.0001",SGCT,signature_marker_tag_bits,20000.000000,0.000000,20000.000000,0.000000,50
"scenario_label=sequential,ber=0.0001",SGCT,signature_non_idle_marker_count,10157.000000,0.000000,10157.000000,0.000000,50
"scenario_label=sequential,ber=0.0001",SGCT,signature_collision_groups,157.000000,0.000000,157.000000,0.000000,50
"scenario_label=sequential,ber=0.0001",SGCT,signature_singleton_groups,10000.000000,0.000000,10000.000000,0.000000,50
"scenario_label=sequential,ber=0.0001",SGCT,low_d_fallback_count,0.000000,0.000000,0.000000,0.000000,50
"scenario_label=sequential,ber=0.0001",SGCT,suffix_signature_trigger_count,0.000000,0.000000,0.000000,0.000000,50
"scenario_label=sequential,ber=0.0001",SGCT,hash_short_id_round_count,0.000000,0.000000,0.000000,0.000000,50
"scenario_label=sequential,ber=0.0001",SGCT,hash_short_id_split_count,0.000000,0.000000,0.000000,0.000000,50
"scenario_label=sequential,ber=0.0001",SGCT,hash_short_id_collision_groups,0.000000,0.000000,0.000000,0.000000,50
"scenario_label=sequential,ber=0.0001",SGCT,hash_short_id_singleton_groups,0.000000,0.000000,0.000000,0.000000,50
"scenario_label=sequential,ber=0.0001",SGCT,small_cluster_guard_count,0.000000,0.000000,0.000000,0.000000,50
"scenario_label=sequential,ber=0.0001",SGCT,max_signature_d,8.000000,0.000000,8.000000,0.000000,50
"scenario_label=sequential,ber=0.0001",SGCT,epc_verification_count,10005.520000,2.443150,10009.550000,0.677206,50
"scenario_label=sequential,ber=0.0001",SGCT,verify_fail_count,5.520000,2.443150,9.550000,0.677206,50
"scenario_label=sequential,ber=0.0001",SGCT,avg_tag_responses,4.001104,0.000489,4.001910,0.000135,50
"scenario_label=sequential,ber=0.001",DQTA(k_max=3),total_protocol_time_ms,9760.685000,0.000000,9760.685000,0.000000,50
"scenario_label=sequential,ber=0.001",DQTA(k_max=3),throughput_tags_per_sec,1024.518259,0.000000,1024.518259,0.000000,50
"scenario_label=sequential,ber=0.001",DQTA(k_max=3),system_efficiency,0.635890,0.000000,0.635890,0.000000,50
"scenario_label=sequential,ber=0.001",DQTA(k_max=3),collision_slots,5723.000000,0.000000,5723.000000,0.000000,50
"scenario_label=sequential,ber=0.001",DQTA(k_max=3),idle_slots,3.000000,0.000000,3.000000,0.000000,50
"scenario_label=sequential,ber=0.001",DQTA(k_max=3),total_energy_uj,4897848.687000,0.000000,4897848.687000,0.000000,50
"scenario_label=sequential,ber=0.001",DQTA(k_max=3),energy_per_tag_uj,489.784869,0.000000,489.784869,0.000000,50
"scenario_label=sequential,ber=0.001",DQTA(k_max=3),total_reader_tx_energy_uj,1340.256000,0.000000,1340.256000,0.000000,50
"scenario_label=sequential,ber=0.001",DQTA(k_max=3),total_tag_tx_energy_uj,329.872000,0.000000,329.872000,0.000000,50
"scenario_label=sequential,ber=0.001",DQTA(k_max=3),total_listening_energy_uj,4896178.559000,0.000000,4896178.559000,0.000000,50
"scenario_label=sequential,ber=0.001",DQTA(k_max=3),total_transmission_energy_uj,1670.128000,0.000000,1670.128000,0.000000,50
"scenario_label=sequential,ber=0.001",DQTA(k_max=3),total_bits,1329872.000000,0.000000,1329872.000000,0.000000,50
"scenario_label=sequential,ber=0.001",DQTA(k_max=3),avg_tag_bits,65.974400,0.000000,65.974400,0.000000,50
"scenario_label=sequential,ber=0.001",DQTA(k_max=3),avg_reader_bits,67.012800,0.000000,67.012800,0.000000,50
"scenario_label=sequential,ber=0.001",DQTA(k_max=3),avg_total_bits,132.987200,0.000000,132.987200,0.000000,50
"scenario_label=sequential,ber=0.001",DQTA(k_max=3),avg_query_efficiency,1.747335,0.000000,1.747335,0.000000,50
"scenario_label=sequential,ber=0.001",DQTA(k_max=3),peak_stack_depth,25.000000,0.000000,25.000000,0.000000,50
"scenario_label=sequential,ber=0.001",DQTA(k_max=3),avg_tag_responses,4.998400,0.000000,4.998400,0.000000,50
"scenario_label=sequential,ber=0.001",DRCT,total_protocol_time_ms,17994.676250,0.000000,17994.676250,0.000000,50
"scenario_label=sequential,ber=0.001",DRCT,throughput_tags_per_sec,555.719917,0.000000,555.719917,0.000000,50
"scenario_label=sequential,ber=0.001",DRCT,system_efficiency,0.495688,0.000000,0.495688,0.000000,50
"scenario_label=sequential,ber=0.001",DRCT,collision_slots,10086.000000,0.000000,10086.000000,0.000000,50
"scenario_label=sequential,ber=0.001",DRCT,idle_slots,88.000000,0.000000,88.000000,0.000000,50
"scenario_label=sequential,ber=0.001",DRCT,total_energy_uj,9050979.850000,0.000000,9050979.850000,0.000000,50
"scenario_label=sequential,ber=0.001",DRCT,energy_per_tag_uj,905.097985,0.000000,905.097985,0.000000,50
"scenario_label=sequential,ber=0.001",DRCT,total_reader_tx_energy_uj,2533.680000,0.000000,2533.680000,0.000000,50
"scenario_label=sequential,ber=0.001",DRCT,total_tag_tx_energy_uj,1920.307000,0.000000,1920.307000,0.000000,50
"scenario_label=sequential,ber=0.001",DRCT,total_listening_energy_uj,9046525.863000,0.000000,9046525.863000,0.000000,50
"scenario_label=sequential,ber=0.001",DRCT,total_transmission_energy_uj,4453.987000,0.000000,4453.987000,0.000000,50
"scenario_label=sequential,ber=0.001",DRCT,total_bits,5107454.000000,0.000000,5107454.000000,0.000000,50
"scenario_label=sequential,ber=0.001",DRCT,avg_tag_bits,384.061400,0.000000,384.061400,0.000000,50
"scenario_label=sequential,ber=0.001",DRCT,avg_reader_bits,126.684000,0.000000,126.684000,0.000000,50
"scenario_label=sequential,ber=0.001",DRCT,avg_total_bits,510.745400,0.000000,510.745400,0.000000,50
"scenario_label=sequential,ber=0.001",DRCT,avg_query_efficiency,0.991473,0.000000,0.991473,0.000000,50
"scenario_label=sequential,ber=0.001",DRCT,peak_stack_depth,14.000000,0.000000,14.000000,0.000000,50
"scenario_label=sequential,ber=0.001",DRCT,avg_tag_responses,96.000000,0.000000,96.000000,0.000000,50
"scenario_label=sequential,ber=0.001",EAQ_CBB,total_protocol_time_ms,29935.624375,78.195360,30060.871500,21.674648,50
"scenario_label=sequential,ber=0.001",EAQ_CBB,throughput_tags_per_sec,334.052390,0.872555,335.265673,0.241860,50
"scenario_label=sequential,ber=0.001",EAQ_CBB,system_efficiency,0.525611,0.001349,0.527493,0.000374,50
"scenario_label=sequential,ber=0.001",EAQ_CBB,collision_slots,9025.600000,48.832910,9103.700000,13.535792,50
"scenario_label=sequential,ber=0.001",EAQ_CBB,idle_slots,0.000000,0.000000,0.000000,0.000000,50
"scenario_label=sequential,ber=0.001",EAQ_CBB,total_energy_uj,14969522.489168,45937.902550,15032330.505625,12733.336943,50
"scenario_label=sequential,ber=0.001",EAQ_CBB,energy_per_tag_uj,1496.952249,4.593790,1503.233051,1.273334,50
"scenario_label=sequential,ber=0.001",EAQ_CBB,total_reader_tx_energy_uj,4462.210960,11.603216,4480.874400,3.216247,50
"scenario_label=sequential,ber=0.001",EAQ_CBB,total_tag_tx_energy_uj,136.287310,0.401767,136.931075,0.111364,50
"scenario_label=sequential,ber=0.001",EAQ_CBB,total_listening_energy_uj,14964923.990898,45927.831768,15027716.065750,12730.545465,50
"scenario_label=sequential,ber=0.001",EAQ_CBB,total_transmission_energy_uj,4598.498270,11.798434,4617.451275,3.270359,50
"scenario_label=sequential,ber=0.001",EAQ_CBB,total_bits,2503680.100000,6221.842365,2513590.950000,1724.606716,50
"scenario_label=sequential,ber=0.001",EAQ_CBB,avg_tag_bits,27.257462,0.080353,27.386215,0.022273,50
"scenario_label=sequential,ber=0.001",EAQ_CBB,avg_reader_bits,223.110548,0.580161,224.043720,0.160812,50
"scenario_label=sequential,ber=0.001",EAQ_CBB,avg_total_bits,250.368010,0.622184,251.359095,0.172461,50
"scenario_label=sequential,ber=0.001",EAQ_CBB,avg_query_efficiency,1.107991,0.005995,1.116371,0.001662,50
"scenario_label=sequential,ber=0.001",EAQ_CBB,peak_stack_depth,2456.980000,5.822160,2465.000000,1.613821,50
"scenario_label=sequential,ber=0.001",EAQ_CBB,avg_tag_responses,3.978668,0.011366,3.996410,0.003151,50
"scenario_label=sequential,ber=0.001",EMDT,total_protocol_time_ms,14286.527100,119.821365,14500.506250,33.212788,50
"scenario_label=sequential,ber=0.001",EMDT,throughput_tags_per_sec,700.008296,5.854996,708.679399,1.622922,50
"scenario_label=sequential,ber=0.001",EMDT,system_efficiency,0.486922,0.006162,0.496415,0.001708,50
"scenario_label=sequential,ber=0.001",EMDT,collision_slots,6578.480000,121.426427,6789.750000,33.657688,50
"scenario_label=sequential,ber=0.001",EMDT,idle_slots,3961.920000,155.814364,4234.700000,43.189538,50
"scenario_label=sequential,ber=0.001",EMDT,total_energy_uj,7151073.658040,72317.268680,7273651.880400,20045.324184,50
"scenario_label=sequential,ber=0.001",EMDT,energy_per_tag_uj,715.107366,7.231727,727.365188,2.004532,50
"scenario_label=sequential,ber=0.001",EMDT,total_reader_tx_energy_uj,516.752720,4.828843,524.062000,1.338487,50
"scenario_label=sequential,ber=0.001",EMDT,total_tag_tx_energy_uj,770.085600,1.596011,772.252000,0.442392,50
"scenario_label=sequential,ber=0.001",EMDT,total_listening_energy_uj,7149786.819720,72316.717592,7272361.964600,20045.171430,50
"scenario_label=sequential,ber=0.001",EMDT,total_transmission_energy_uj,1286.838320,5.919914,1295.212400,1.640916,50
"scenario_label=sequential,ber=0.001",EMDT,total_bits,1798547.560000,5019.843941,1804870.000000,1391.429751,50
"scenario_label=sequential,ber=0.001",EMDT,avg_tag_bits,154.017120,0.319202,154.450400,0.088478,50
"scenario_label=sequential,ber=0.001",EMDT,avg_reader_bits,25.837636,0.241442,26.203100,0.066924,50
"scenario_label=sequential,ber=0.001",EMDT,avg_total_bits,179.854756,0.501984,180.487000,0.139143,50
"scenario_label=sequential,ber=0.001",EMDT,avg_query_efficiency,1.520613,0.027900,1.562798,0.007733,50
"scenario_label=sequential,ber=0.001",EMDT,peak_stack_depth,46.820000,1.320019,49.000000,0.365890,50
"scenario_label=sequential,ber=0.001",EMDT,avg_tag_responses,5.376086,0.022882,5.416675,0.006342,50
"scenario_label=sequential,ber=0.001",HT_EEAC,total_protocol_time_ms,79831.591350,1815.867030,82235.161500,503.332661,50
"scenario_label=sequential,ber=0.001",HT_EEAC,throughput_tags_per_sec,125.328477,2.907364,131.459919,0.805880,50
"scenario_label=sequential,ber=0.001",HT_EEAC,system_efficiency,0.061405,0.001528,0.064639,0.000424,50
"scenario_label=sequential,ber=0.001",HT_EEAC,collision_slots,146964.980000,3966.907671,152197.800000,1099.570707,50
"scenario_label=sequential,ber=0.001",HT_EEAC,idle_slots,5985.520000,142.976699,6220.200000,39.631119,50
"scenario_label=sequential,ber=0.001",HT_EEAC,total_energy_uj,46987761.920060,1198053.676713,48510494.675009,332083.536580,50
"scenario_label=sequential,ber=0.001",HT_EEAC,energy_per_tag_uj,4698.776192,119.805368,4851.049467,33.208354,50
"scenario_label=sequential,ber=0.001",HT_EEAC,total_reader_tx_energy_uj,7169.822000,174.704889,7401.336800,48.425725,50
"scenario_label=sequential,ber=0.001",HT_EEAC,total_tag_tx_energy_uj,1735.719840,31.735261,1777.582400,8.796566,50
"scenario_label=sequential,ber=0.001",HT_EEAC,total_listening_energy_uj,46978856.378220,1197850.198840,48501302.421609,332027.135391,50
"scenario_label=sequential,ber=0.001",HT_EEAC,total_transmission_energy_uj,8905.541840,206.422733,9178.906400,57.217463,50
"scenario_label=sequential,ber=0.001",HT_EEAC,total_bits,7056350.680000,150799.126365,7255807.600000,41799.385261,50
"scenario_label=sequential,ber=0.001",HT_EEAC,avg_tag_bits,347.143968,6.347052,355.516480,1.759313,50
"scenario_label=sequential,ber=0.001",HT_EEAC,avg_reader_bits,358.491100,8.735244,370.066840,2.421286,50
"scenario_label=sequential,ber=0.001",HT_EEAC,avg_total_bits,705.635068,15.079913,725.580760,4.179939,50
"scenario_label=sequential,ber=0.001",HT_EEAC,avg_query_efficiency,0.068093,0.001882,0.072049,0.000522,50
"scenario_label=sequential,ber=0.001",HT_EEAC,avg_tag_responses,254.922240,13.260699,273.838950,3.675678,50
"scenario_label=sequential,ber=0.001",LAPCT,total_protocol_time_ms,30901.261250,0.000000,30901.261250,0.000000,50
"scenario_label=sequential,ber=0.001",LAPCT,throughput_tags_per_sec,323.611387,0.000000,323.611387,0.000000,50
"scenario_label=sequential,ber=0.001",LAPCT,system_efficiency,0.497587,0.000000,0.497587,0.000000,50
"scenario_label=sequential,ber=0.001",LAPCT,collision_slots,10095.000000,0.000000,10095.000000,0.000000,50
"scenario_label=sequential,ber=0.001",LAPCT,idle_slots,2.000000,0.000000,2.000000,0.000000,50
"scenario_label=sequential,ber=0.001",LAPCT,total_energy_uj,15468050.924000,0.000000,15468050.924000,0.000000,50
"scenario_label=sequential,ber=0.001",LAPCT,energy_per_tag_uj,1546.805092,0.000000,1546.805092,0.000000,50
"scenario_label=sequential,ber=0.001",LAPCT,total_reader_tx_energy_uj,4659.050000,0.000000,4659.050000,0.000000,50
"scenario_label=sequential,ber=0.001",LAPCT,total_tag_tx_energy_uj,322.144000,0.000000,322.144000,0.000000,50
"scenario_label=sequential,ber=0.001",LAPCT,total_listening_energy_uj,15463069.730000,0.000000,15463069.730000,0.000000,50
"scenario_label=sequential,ber=0.001",LAPCT,total_transmission_energy_uj,4981.194000,0.000000,4981.194000,0.000000,50
"scenario_label=sequential,ber=0.001",LAPCT,total_bits,2973813.000000,0.000000,2973813.000000,0.000000,50
"scenario_label=sequential,ber=0.001",LAPCT,avg_tag_bits,64.428800,0.000000,64.428800,0.000000,50
"scenario_label=sequential,ber=0.001",LAPCT,avg_reader_bits,232.952500,0.000000,232.952500,0.000000,50
"scenario_label=sequential,ber=0.001",LAPCT,avg_total_bits,297.381300,0.000000,297.381300,0.000000,50
"scenario_label=sequential,ber=0.001",LAPCT,avg_query_efficiency,0.990589,0.000000,0.990589,0.000000,50
"scenario_label=sequential,ber=0.001",LAPCT,peak_stack_depth,17.000000,0.000000,17.000000,0.000000,50
"scenario_label=sequential,ber=0.001",LAPCT,avg_tag_responses,10.995200,0.000000,10.995200,0.000000,50
"scenario_label=sequential,ber=0.001",NLHQT(n=2),total_protocol_time_ms,7161.840000,0.000000,7161.840000,0.000000,50
"scenario_label=sequential,ber=0.001",NLHQT(n=2),throughput_tags_per_sec,1396.289222,0.000000,1396.289222,0.000000,50
"scenario_label=sequential,ber=0.001",NLHQT(n=2),system_efficiency,0.428467,0.000000,0.428467,0.000000,50
"scenario_label=sequential,ber=0.001",NLHQT(n=2),collision_slots,13339.000000,0.000000,13339.000000,0.000000,50
"scenario_label=sequential,ber=0.001",NLHQT(n=2),idle_slots,0.000000,0.000000,0.000000,0.000000,50
"scenario_label=sequential,ber=0.001",NLHQT(n=2),total_energy_uj,3583741.116000,0.000000,3583741.116000,0.000000,50
"scenario_label=sequential,ber=0.001",NLHQT(n=2),energy_per_tag_uj,358.374112,0.000000,358.374112,0.000000,50
"scenario_label=sequential,ber=0.001",NLHQT(n=2),total_reader_tx_energy_uj,955.920000,0.000000,955.920000,0.000000,50
"scenario_label=sequential,ber=0.001",NLHQT(n=2),total_tag_tx_energy_uj,210.000000,0.000000,210.000000,0.000000,50
"scenario_label=sequential,ber=0.001",NLHQT(n=2),total_listening_energy_uj,3582575.196000,0.000000,3582575.196000,0.000000,50
"scenario_label=sequential,ber=0.001",NLHQT(n=2),total_transmission_energy_uj,1165.920000,0.000000,1165.920000,0.000000,50
"scenario_label=sequential,ber=0.001",NLHQT(n=2),total_bits,897960.000000,0.000000,897960.000000,0.000000,50
"scenario_label=sequential,ber=0.001",NLHQT(n=2),avg_tag_bits,42.000000,0.000000,42.000000,0.000000,50
"scenario_label=sequential,ber=0.001",NLHQT(n=2),avg_reader_bits,47.796000,0.000000,47.796000,0.000000,50
"scenario_label=sequential,ber=0.001",NLHQT(n=2),avg_total_bits,89.796000,0.000000,89.796000,0.000000,50
"scenario_label=sequential,ber=0.001",NLHQT(n=2),avg_query_efficiency,0.749681,0.000000,0.749681,0.000000,50
"scenario_label=sequential,ber=0.001",NLHQT(n=2),peak_stack_depth,21.000000,0.000000,21.000000,0.000000,50
"scenario_label=sequential,ber=0.001",NLHQT(n=2),avg_tag_responses,9.000000,0.000000,9.000000,0.000000,50
"scenario_label=sequential,ber=0.001",SGCT,total_protocol_time_ms,4646.152450,4.890175,4653.060000,1.355487,50
"scenario_label=sequential,ber=0.001",SGCT,throughput_tags_per_sec,2152.320865,2.266180,2156.018093,0.628153,50
"scenario_label=sequential,ber=0.001",SGCT,system_efficiency,0.963962,0.000733,0.965158,0.000203,50
"scenario_label=sequential,ber=0.001",SGCT,collision_slots,373.860000,7.886982,385.000000,2.186160,50
"scenario_label=sequential,ber=0.001",SGCT,idle_slots,0.000000,0.000000,0.000000,0.000000,50
"scenario_label=sequential,ber=0.001",SGCT,total_energy_uj,2343287.051435,2806.424452,2347391.393525,777.901170,50
"scenario_label=sequential,ber=0.001",SGCT,energy_per_tag_uj,234.328705,0.280642,234.739139,0.077790,50
"scenario_label=sequential,ber=0.001",SGCT,total_reader_tx_energy_uj,531.576800,0.630959,532.468000,0.174893,50
"scenario_label=sequential,ber=0.001",SGCT,total_tag_tx_energy_uj,180.144520,0.023682,180.178000,0.006564,50
"scenario_label=sequential,ber=0.001",SGCT,total_listening_energy_uj,2342575.330115,2805.890257,2346678.930125,777.753099,50
"scenario_label=sequential,ber=0.001",SGCT,total_transmission_energy_uj,711.721320,0.654639,712.646000,0.181457,50
"scenario_label=sequential,ber=0.001",SGCT,total_bits,626077.440000,362.840729,626590.000000,100.574319,50
"scenario_label=sequential,ber=0.001",SGCT,avg_tag_bits,36.028904,0.004736,36.035600,0.001313,50
"scenario_label=sequential,ber=0.001",SGCT,avg_reader_bits,26.578840,0.031548,26.623400,0.008745,50
"scenario_label=sequential,ber=0.001",SGCT,avg_total_bits,62.607744,0.036284,62.659000,0.010057,50
"scenario_label=sequential,ber=0.001",SGCT,avg_query_efficiency,26.759743,0.569077,27.700831,0.157740,50
"scenario_label=sequential,ber=0.001",SGCT,peak_stack_depth,157.000000,0.000000,157.000000,0.000000,50
"scenario_label=sequential,ber=0.001",SGCT,progressive_probe_count,158.000000,0.000000,158.000000,0.000000,50
"scenario_label=sequential,ber=0.001",SGCT,signature_grouping_trigger_count,158.000000,0.000000,158.000000,0.000000,50
"scenario_label=sequential,ber=0.001",SGCT,local_short_id_trigger_count,1.000000,0.000000,1.000000,0.000000,50
"scenario_label=sequential,ber=0.001",SGCT,signature_groups_pruned,99.000000,0.000000,99.000000,0.000000,50
"scenario_label=sequential,ber=0.001",SGCT,sparse_signature_groups,10157.000000,0.000000,10157.000000,0.000000,50
"scenario_label=sequential,ber=0.001",SGCT,signature_marker_bits,20000.000000,0.000000,20000.000000,0.000000,50
"scenario_label=sequential,ber=0.001",SGCT,signature_marker_tag_bits,20000.000000,0.000000,20000.000000,0.000000,50
"scenario_label=sequential,ber=0.001",SGCT,signature_non_idle_marker_count,10157.000000,0.000000,10157.000000,0.000000,50
"scenario_label=sequential,ber=0.001",SGCT,signature_collision_groups,157.000000,0.000000,157.000000,0.000000,50
"scenario_label=sequential,ber=0.001",SGCT,signature_singleton_groups,10000.000000,0.000000,10000.000000,0.000000,50
"scenario_label=sequential,ber=0.001",SGCT,low_d_fallback_count,0.000000,0.000000,0.000000,0.000000,50
"scenario_label=sequential,ber=0.001",SGCT,suffix_signature_trigger_count,0.000000,0.000000,0.000000,0.000000,50
"scenario_label=sequential,ber=0.001",SGCT,hash_short_id_round_count,0.000000,0.000000,0.000000,0.000000,50
"scenario_label=sequential,ber=0.001",SGCT,hash_short_id_split_count,0.000000,0.000000,0.000000,0.000000,50
"scenario_label=sequential,ber=0.001",SGCT,hash_short_id_collision_groups,0.000000,0.000000,0.000000,0.000000,50
"scenario_label=sequential,ber=0.001",SGCT,hash_short_id_singleton_groups,0.000000,0.000000,0.000000,0.000000,50
"scenario_label=sequential,ber=0.001",SGCT,small_cluster_guard_count,0.000000,0.000000,0.000000,0.000000,50
"scenario_label=sequential,ber=0.001",SGCT,max_signature_d,8.000000,0.000000,8.000000,0.000000,50
"scenario_label=sequential,ber=0.001",SGCT,epc_verification_count,10058.860000,7.886982,10070.000000,2.186160,50
"scenario_label=sequential,ber=0.001",SGCT,verify_fail_count,58.860000,7.886982,70.000000,2.186160,50
"scenario_label=sequential,ber=0.001",SGCT,avg_tag_responses,4.011772,0.001577,4.014000,0.000437,50
"scenario_label=sequential,ber=1e-05",DQTA(k_max=3),total_protocol_time_ms,9760.685000,0.000000,9760.685000,0.000000,50
"scenario_label=sequential,ber=1e-05",DQTA(k_max=3),throughput_tags_per_sec,1024.518259,0.000000,1024.518259,0.000000,50
"scenario_label=sequential,ber=1e-05",DQTA(k_max=3),system_efficiency,0.635890,0.000000,0.635890,0.000000,50
"scenario_label=sequential,ber=1e-05",DQTA(k_max=3),collision_slots,5723.000000,0.000000,5723.000000,0.000000,50
"scenario_label=sequential,ber=1e-05",DQTA(k_max=3),idle_slots,3.000000,0.000000,3.000000,0.000000,50
"scenario_label=sequential,ber=1e-05",DQTA(k_max=3),total_energy_uj,4897848.687000,0.000000,4897848.687000,0.000000,50
"scenario_label=sequential,ber=1e-05",DQTA(k_max=3),energy_per_tag_uj,489.784869,0.000000,489.784869,0.000000,50
"scenario_label=sequential,ber=1e-05",DQTA(k_max=3),total_reader_tx_energy_uj,1340.256000,0.000000,1340.256000,0.000000,50
"scenario_label=sequential,ber=1e-05",DQTA(k_max=3),total_tag_tx_energy_uj,329.872000,0.000000,329.872000,0.000000,50
"scenario_label=sequential,ber=1e-05",DQTA(k_max=3),total_listening_energy_uj,4896178.559000,0.000000,4896178.559000,0.000000,50
"scenario_label=sequential,ber=1e-05",DQTA(k_max=3),total_transmission_energy_uj,1670.128000,0.000000,1670.128000,0.000000,50
"scenario_label=sequential,ber=1e-05",DQTA(k_max=3),total_bits,1329872.000000,0.000000,1329872.000000,0.000000,50
"scenario_label=sequential,ber=1e-05",DQTA(k_max=3),avg_tag_bits,65.974400,0.000000,65.974400,0.000000,50
"scenario_label=sequential,ber=1e-05",DQTA(k_max=3),avg_reader_bits,67.012800,0.000000,67.012800,0.000000,50
"scenario_label=sequential,ber=1e-05",DQTA(k_max=3),avg_total_bits,132.987200,0.000000,132.987200,0.000000,50
"scenario_label=sequential,ber=1e-05",DQTA(k_max=3),avg_query_efficiency,1.747335,0.000000,1.747335,0.000000,50
"scenario_label=sequential,ber=1e-05",DQTA(k_max=3),peak_stack_depth,25.000000,0.000000,25.000000,0.000000,50
"scenario_label=sequential,ber=1e-05",DQTA(k_max=3),avg_tag_responses,4.998400,0.000000,4.998400,0.000000,50
"scenario_label=sequential,ber=1e-05",DRCT,total_protocol_time_ms,17994.676250,0.000000,17994.676250,0.000000,50
"scenario_label=sequential,ber=1e-05",DRCT,throughput_tags_per_sec,555.719917,0.000000,555.719917,0.000000,50
"scenario_label=sequential,ber=1e-05",DRCT,system_efficiency,0.495688,0.000000,0.495688,0.000000,50
"scenario_label=sequential,ber=1e-05",DRCT,collision_slots,10086.000000,0.000000,10086.000000,0.000000,50
"scenario_label=sequential,ber=1e-05",DRCT,idle_slots,88.000000,0.000000,88.000000,0.000000,50
"scenario_label=sequential,ber=1e-05",DRCT,total_energy_uj,9050979.850000,0.000000,9050979.850000,0.000000,50
"scenario_label=sequential,ber=1e-05",DRCT,energy_per_tag_uj,905.097985,0.000000,905.097985,0.000000,50
"scenario_label=sequential,ber=1e-05",DRCT,total_reader_tx_energy_uj,2533.680000,0.000000,2533.680000,0.000000,50
"scenario_label=sequential,ber=1e-05",DRCT,total_tag_tx_energy_uj,1920.307000,0.000000,1920.307000,0.000000,50
"scenario_label=sequential,ber=1e-05",DRCT,total_listening_energy_uj,9046525.863000,0.000000,9046525.863000,0.000000,50
"scenario_label=sequential,ber=1e-05",DRCT,total_transmission_energy_uj,4453.987000,0.000000,4453.987000,0.000000,50
"scenario_label=sequential,ber=1e-05",DRCT,total_bits,5107454.000000,0.000000,5107454.000000,0.000000,50
"scenario_label=sequential,ber=1e-05",DRCT,avg_tag_bits,384.061400,0.000000,384.061400,0.000000,50
"scenario_label=sequential,ber=1e-05",DRCT,avg_reader_bits,126.684000,0.000000,126.684000,0.000000,50
"scenario_label=sequential,ber=1e-05",DRCT,avg_total_bits,510.745400,0.000000,510.745400,0.000000,50
"scenario_label=sequential,ber=1e-05",DRCT,avg_query_efficiency,0.991473,0.000000,0.991473,0.000000,50
"scenario_label=sequential,ber=1e-05",DRCT,peak_stack_depth,14.000000,0.000000,14.000000,0.000000,50
"scenario_label=sequential,ber=1e-05",DRCT,avg_tag_responses,96.000000,0.000000,96.000000,0.000000,50
"scenario_label=sequential,ber=1e-05",EAQ_CBB,total_protocol_time_ms,29929.057575,78.390662,30050.320687,21.728783,50
"scenario_label=sequential,ber=1e-05",EAQ_CBB,throughput_tags_per_sec,334.125698,0.875270,335.523375,0.242613,50
"scenario_label=sequential,ber=1e-05",EAQ_CBB,system_efficiency,0.525717,0.001353,0.527858,0.000375,50
"scenario_label=sequential,ber=1e-05",EAQ_CBB,collision_slots,9021.760000,48.964193,9097.300000,13.572182,50
"scenario_label=sequential,ber=1e-05",EAQ_CBB,idle_slots,0.000000,0.000000,0.000000,0.000000,50
"scenario_label=sequential,ber=1e-05",EAQ_CBB,total_energy_uj,14966912.337625,53245.373939,15049990.449519,14758.864672,50
"scenario_label=sequential,ber=1e-05",EAQ_CBB,energy_per_tag_uj,1496.691234,5.324537,1504.999045,1.475886,50
"scenario_label=sequential,ber=1e-05",EAQ_CBB,total_reader_tx_energy_uj,4461.182480,11.614424,4479.223000,3.219354,50
"scenario_label=sequential,ber=1e-05",EAQ_CBB,total_tag_tx_energy_uj,136.364340,0.352669,136.907825,0.097755,50
"scenario_label=sequential,ber=1e-05",EAQ_CBB,total_listening_energy_uj,14962314.790805,53235.574612,15045377.339019,14756.148437,50
"scenario_label=sequential,ber=1e-05",EAQ_CBB,total_transmission_energy_uj,4597.546820,11.813046,4615.778225,3.274409,50
"scenario_label=sequential,ber=1e-05",EAQ_CBB,total_bits,2503319.920000,6224.953244,2512721.950000,1725.469007,50
"scenario_label=sequential,ber=1e-05",EAQ_CBB,avg_tag_bits,27.272868,0.070534,27.381565,0.019551,50
"scenario_label=sequential,ber=1e-05",EAQ_CBB,avg_reader_bits,223.059124,0.580721,223.961150,0.160968,50
"scenario_label=sequential,ber=1e-05",EAQ_CBB,avg_total_bits,250.331992,0.622495,251.272195,0.172547,50
"scenario_label=sequential,ber=1e-05",EAQ_CBB,avg_query_efficiency,1.108463,0.006017,1.118006,0.001668,50
"scenario_label=sequential,ber=1e-05",EAQ_CBB,peak_stack_depth,2457.860000,7.537688,2469.100000,2.089340,50
"scenario_label=sequential,ber=1e-05",EAQ_CBB,avg_tag_responses,3.979188,0.010982,3.993640,0.003044,50
"scenario_label=sequential,ber=1e-05",EMDT,total_protocol_time_ms,13700.948150,116.608351,13909.343125,32.322186,50
"scenario_label=sequential,ber=1e-05",EMDT,throughput_tags_per_sec,729.928140,6.192309,738.353311,1.716421,50
"scenario_label=sequential,ber=1e-05",EMDT,system_efficiency,0.501067,0.006750,0.512395,0.001871,50
"scenario_label=sequential,ber=1e-05",EMDT,collision_slots,5967.220000,119.415462,6189.750000,33.100277,50
"scenario_label=sequential,ber=1e-05",EMDT,idle_slots,3993.760000,165.704379,4313.100000,45.930911,50
"scenario_label=sequential,ber=1e-05",EMDT,total_energy_uj,6856860.391275,64598.757623,6998870.660850,17905.862072,50
"scenario_label=sequential,ber=1e-05",EMDT,energy_per_tag_uj,685.686039,6.459876,699.887066,1.790586,50
"scenario_label=sequential,ber=1e-05",EMDT,total_reader_tx_energy_uj,488.392080,6.290877,498.234000,1.743742,50
"scenario_label=sequential,ber=1e-05",EMDT,total_tag_tx_energy_uj,738.728800,2.246298,742.256400,0.622642,50
"scenario_label=sequential,ber=1e-05",EMDT,total_listening_energy_uj,6855633.270395,64599.516887,6997643.853250,17906.072529,50
"scenario_label=sequential,ber=1e-05",EMDT,total_transmission_energy_uj,1227.120880,8.172132,1240.642600,2.265199,50
"scenario_label=sequential,ber=1e-05",EMDT,total_bits,1721653.640000,7227.721234,1733924.300000,2003.422113,50
"scenario_label=sequential,ber=1e-05",EMDT,avg_tag_bits,147.745760,0.449260,148.451280,0.124528,50
"scenario_label=sequential,ber=1e-05",EMDT,avg_reader_bits,24.419604,0.314544,24.911700,0.087187,50
"scenario_label=sequential,ber=1e-05",EMDT,avg_total_bits,172.165364,0.722772,173.392430,0.200342,50
"scenario_label=sequential,ber=1e-05",EMDT,avg_query_efficiency,1.676475,0.033294,1.719441,0.009229,50
"scenario_label=sequential,ber=1e-05",EMDT,peak_stack_depth,46.740000,1.536096,49.550000,0.425784,50
"scenario_label=sequential,ber=1e-05",EMDT,avg_tag_responses,5.317608,0.022899,5.354915,0.006347,50
"scenario_label=sequential,ber=1e-05",HT_EEAC,total_protocol_time_ms,79472.890950,1620.962348,81782.149125,449.307839,50
"scenario_label=sequential,ber=1e-05",HT_EEAC,throughput_tags_per_sec,125.881034,2.601275,129.692227,0.721037,50
"scenario_label=sequential,ber=1e-05",HT_EEAC,system_efficiency,0.061700,0.001368,0.063712,0.000379,50
"scenario_label=sequential,ber=1e-05",HT_EEAC,collision_slots,146220.860000,3542.490644,151270.300000,981.928309,50
"scenario_label=sequential,ber=1e-05",HT_EEAC,idle_slots,5931.400000,144.758631,6166.250000,40.125045,50
"scenario_label=sequential,ber=1e-05",HT_EEAC,total_energy_uj,46706394.648022,1062592.244058,48158742.489998,294535.543113,50
"scenario_label=sequential,ber=1e-05",HT_EEAC,energy_per_tag_uj,4670.639465,106.259224,4815.874249,29.453554,50
"scenario_label=sequential,ber=1e-05",HT_EEAC,total_reader_tx_energy_uj,7134.699440,155.939285,7356.762600,43.224165,50
"scenario_label=sequential,ber=1e-05",HT_EEAC,total_tag_tx_energy_uj,1729.766880,28.339925,1770.162400,7.855426,50
"scenario_label=sequential,ber=1e-05",HT_EEAC,total_listening_energy_uj,46697530.181702,1062411.898407,48149662.112998,294485.553849,50
"scenario_label=sequential,ber=1e-05",HT_EEAC,total_transmission_energy_uj,8864.466320,184.259198,9126.925000,51.074044,50
"scenario_label=sequential,ber=1e-05",HT_EEAC,total_bits,7026883.480000,134622.103197,7218706.100000,37315.343211,50
"scenario_label=sequential,ber=1e-05",HT_EEAC,avg_tag_bits,345.953376,5.667985,354.032480,1.571085,50
"scenario_label=sequential,ber=1e-05",HT_EEAC,avg_reader_bits,356.734972,7.796964,367.838130,2.161208,50
"scenario_label=sequential,ber=1e-05",HT_EEAC,avg_total_bits,702.688348,13.462210,721.870610,3.731534,50
"scenario_label=sequential,ber=1e-05",HT_EEAC,avg_query_efficiency,0.068430,0.001684,0.070868,0.000467,50
"scenario_label=sequential,ber=1e-05",HT_EEAC,avg_tag_responses,253.062808,12.394020,271.482970,3.435447,50
"scenario_label=sequential,ber=1e-05",LAPCT,total_protocol_time_ms,30901.261250,0.000000,30901.261250,0.000000,50
"scenario_label=sequential,ber=1e-05",LAPCT,throughput_tags_per_sec,323.611387,0.000000,323.611387,0.000000,50
"scenario_label=sequential,ber=1e-05",LAPCT,system_efficiency,0.497587,0.000000,0.497587,0.000000,50
"scenario_label=sequential,ber=1e-05",LAPCT,collision_slots,10095.000000,0.000000,10095.000000,0.000000,50
"scenario_label=sequential,ber=1e-05",LAPCT,idle_slots,2.000000,0.000000,2.000000,0.000000,50
"scenario_label=sequential,ber=1e-05",LAPCT,total_energy_uj,15468050.924000,0.000000,15468050.924000,0.000000,50
"scenario_label=sequential,ber=1e-05",LAPCT,energy_per_tag_uj,1546.805092,0.000000,1546.805092,0.000000,50
"scenario_label=sequential,ber=1e-05",LAPCT,total_reader_tx_energy_uj,4659.050000,0.000000,4659.050000,0.000000,50
"scenario_label=sequential,ber=1e-05",LAPCT,total_tag_tx_energy_uj,322.144000,0.000000,322.144000,0.000000,50
"scenario_label=sequential,ber=1e-05",LAPCT,total_listening_energy_uj,15463069.730000,0.000000,15463069.730000,0.000000,50
"scenario_label=sequential,ber=1e-05",LAPCT,total_transmission_energy_uj,4981.194000,0.000000,4981.194000,0.000000,50
"scenario_label=sequential,ber=1e-05",LAPCT,total_bits,2973813.000000,0.000000,2973813.000000,0.000000,50
"scenario_label=sequential,ber=1e-05",LAPCT,avg_tag_bits,64.428800,0.000000,64.428800,0.000000,50
"scenario_label=sequential,ber=1e-05",LAPCT,avg_reader_bits,232.952500,0.000000,232.952500,0.000000,50
"scenario_label=sequential,ber=1e-05",LAPCT,avg_total_bits,297.381300,0.000000,297.381300,0.000000,50
"scenario_label=sequential,ber=1e-05",LAPCT,avg_query_efficiency,0.990589,0.000000,0.990589,0.000000,50
"scenario_label=sequential,ber=1e-05",LAPCT,peak_stack_depth,17.000000,0.000000,17.000000,0.000000,50
"scenario_label=sequential,ber=1e-05",LAPCT,avg_tag_responses,10.995200,0.000000,10.995200,0.000000,50
"scenario_label=sequential,ber=1e-05",NLHQT(n=2),total_protocol_time_ms,7161.840000,0.000000,7161.840000,0.000000,50
"scenario_label=sequential,ber=1e-05",NLHQT(n=2),throughput_tags_per_sec,1396.289222,0.000000,1396.289222,0.000000,50
"scenario_label=sequential,ber=1e-05",NLHQT(n=2),system_efficiency,0.428467,0.000000,0.428467,0.000000,50
"scenario_label=sequential,ber=1e-05",NLHQT(n=2),collision_slots,13339.000000,0.000000,13339.000000,0.000000,50
"scenario_label=sequential,ber=1e-05",NLHQT(n=2),idle_slots,0.000000,0.000000,0.000000,0.000000,50
"scenario_label=sequential,ber=1e-05",NLHQT(n=2),total_energy_uj,3583741.116000,0.000000,3583741.116000,0.000000,50
"scenario_label=sequential,ber=1e-05",NLHQT(n=2),energy_per_tag_uj,358.374112,0.000000,358.374112,0.000000,50
"scenario_label=sequential,ber=1e-05",NLHQT(n=2),total_reader_tx_energy_uj,955.920000,0.000000,955.920000,0.000000,50
"scenario_label=sequential,ber=1e-05",NLHQT(n=2),total_tag_tx_energy_uj,210.000000,0.000000,210.000000,0.000000,50
"scenario_label=sequential,ber=1e-05",NLHQT(n=2),total_listening_energy_uj,3582575.196000,0.000000,3582575.196000,0.000000,50
"scenario_label=sequential,ber=1e-05",NLHQT(n=2),total_transmission_energy_uj,1165.920000,0.000000,1165.920000,0.000000,50
"scenario_label=sequential,ber=1e-05",NLHQT(n=2),total_bits,897960.000000,0.000000,897960.000000,0.000000,50
"scenario_label=sequential,ber=1e-05",NLHQT(n=2),avg_tag_bits,42.000000,0.000000,42.000000,0.000000,50
"scenario_label=sequential,ber=1e-05",NLHQT(n=2),avg_reader_bits,47.796000,0.000000,47.796000,0.000000,50
"scenario_label=sequential,ber=1e-05",NLHQT(n=2),avg_total_bits,89.796000,0.000000,89.796000,0.000000,50
"scenario_label=sequential,ber=1e-05",NLHQT(n=2),avg_query_efficiency,0.749681,0.000000,0.749681,0.000000,50
"scenario_label=sequential,ber=1e-05",NLHQT(n=2),peak_stack_depth,21.000000,0.000000,21.000000,0.000000,50
"scenario_label=sequential,ber=1e-05",NLHQT(n=2),avg_tag_responses,9.000000,0.000000,9.000000,0.000000,50
"scenario_label=sequential,ber=1e-05",SGCT,total_protocol_time_ms,4610.156000,0.574008,4611.520000,0.159107,50
"scenario_label=sequential,ber=1e-05",SGCT,throughput_tags_per_sec,2169.124028,0.270043,2169.357393,0.074852,50
"scenario_label=sequential,ber=1e-05",SGCT,system_efficiency,0.969387,0.000087,0.969462,0.000024,50
"scenario_label=sequential,ber=1e-05",SGCT,collision_slots,315.800000,0.925820,318.000000,0.256624,50
"scenario_label=sequential,ber=1e-05",SGCT,idle_slots,0.000000,0.000000,0.000000,0.000000,50
"scenario_label=sequential,ber=1e-05",SGCT,total_energy_uj,2325712.831170,330.425871,2326354.762475,91.589379,50
"scenario_label=sequential,ber=1e-05",SGCT,energy_per_tag_uj,232.571283,0.033043,232.635476,0.009159,50
"scenario_label=sequential,ber=1e-05",SGCT,total_reader_tx_energy_uj,526.932000,0.074066,527.108000,0.020530,50
"scenario_label=sequential,ber=1e-05",SGCT,total_tag_tx_energy_uj,179.970400,0.002777,179.977000,0.000770,50
"scenario_label=sequential,ber=1e-05",SGCT,total_listening_energy_uj,2325005.928770,330.357919,2325647.723125,91.570543,50
"scenario_label=sequential,ber=1e-05",SGCT,total_transmission_energy_uj,706.902400,0.076843,707.085000,0.021300,50
"scenario_label=sequential,ber=1e-05",SGCT,total_bits,623406.800000,42.587725,623508.000000,11.804715,50
"scenario_label=sequential,ber=1e-05",SGCT,avg_tag_bits,35.994080,0.000555,35.995400,0.000154,50
"scenario_label=sequential,ber=1e-05",SGCT,avg_reader_bits,26.346600,0.003703,26.355400,0.001026,50
"scenario_label=sequential,ber=1e-05",SGCT,avg_total_bits,62.340680,0.004259,62.350800,0.001180,50
"scenario_label=sequential,ber=1e-05",SGCT,avg_query_efficiency,31.665877,0.092559,31.746032,0.025656,50
"scenario_label=sequential,ber=1e-05",SGCT,peak_stack_depth,157.000000,0.000000,157.000000,0.000000,50
"scenario_label=sequential,ber=1e-05",SGCT,progressive_probe_count,158.000000,0.000000,158.000000,0.000000,50
"scenario_label=sequential,ber=1e-05",SGCT,signature_grouping_trigger_count,158.000000,0.000000,158.000000,0.000000,50
"scenario_label=sequential,ber=1e-05",SGCT,local_short_id_trigger_count,1.000000,0.000000,1.000000,0.000000,50
"scenario_label=sequential,ber=1e-05",SGCT,signature_groups_pruned,99.000000,0.000000,99.000000,0.000000,50
"scenario_label=sequential,ber=1e-05",SGCT,sparse_signature_groups,10157.000000,0.000000,10157.000000,0.000000,50
"scenario_label=sequential,ber=1e-05",SGCT,signature_marker_bits,20000.000000,0.000000,20000.000000,0.000000,50
"scenario_label=sequential,ber=1e-05",SGCT,signature_marker_tag_bits,20000.000000,0.000000,20000.000000,0.000000,50
"scenario_label=sequential,ber=1e-05",SGCT,signature_non_idle_marker_count,10157.000000,0.000000,10157.000000,0.000000,50
"scenario_label=sequential,ber=1e-05",SGCT,signature_collision_groups,157.000000,0.000000,157.000000,0.000000,50
"scenario_label=sequential,ber=1e-05",SGCT,signature_singleton_groups,10000.000000,0.000000,10000.000000,0.000000,50
"scenario_label=sequential,ber=1e-05",SGCT,low_d_fallback_count,0.000000,0.000000,0.000000,0.000000,50
"scenario_label=sequential,ber=1e-05",SGCT,suffix_signature_trigger_count,0.000000,0.000000,0.000000,0.000000,50
"scenario_label=sequential,ber=1e-05",SGCT,hash_short_id_round_count,0.000000,0.000000,0.000000,0.000000,50
"scenario_label=sequential,ber=1e-05",SGCT,hash_short_id_split_count,0.000000,0.000000,0.000000,0.000000,50
"scenario_label=sequential,ber=1e-05",SGCT,hash_short_id_collision_groups,0.000000,0.000000,0.000000,0.000000,50
"scenario_label=sequential,ber=1e-05",SGCT,hash_short_id_singleton_groups,0.000000,0.000000,0.000000,0.000000,50
"scenario_label=sequential,ber=1e-05",SGCT,small_cluster_guard_count,0.000000,0.000000,0.000000,0.000000,50
"scenario_label=sequential,ber=1e-05",SGCT,max_signature_d,8.000000,0.000000,8.000000,0.000000,50
"scenario_label=sequential,ber=1e-05",SGCT,epc_verification_count,10000.800000,0.925820,10003.000000,0.256624,50
"scenario_label=sequential,ber=1e-05",SGCT,verify_fail_count,0.800000,0.925820,3.000000,0.256624,50
"scenario_label=sequential,ber=1e-05",SGCT,avg_tag_responses,4.000160,0.000185,4.000600,0.000051,50
