TOTAL_TAGS,BINARY_LENGTH,scenario_label,id_distribution,scenario_point,ber,enable_refined_energy_model,enable_resource_monitoring,experiment_name,point_seed,algorithm_seed,total_protocol_time_us,total_reader_bits,total_tag_bits,total_steps,total_listening_energy_uj,total_transmission_energy_uj,total_energy_uj,identified_tags_count,success_slots,idle_slots,collision_slots,progressive_probe_count,signature_grouping_trigger_count,local_short_id_trigger_count,signature_groups_pruned,sparse_signature_groups,signature_marker_bits,signature_marker_tag_bits,signature_non_idle_marker_count,signature_collision_groups,signature_singleton_groups,low_d_fallback_count,suffix_signature_trigger_count,hash_short_id_round_count,hash_short_id_split_count,hash_short_id_collision_groups,hash_short_id_singleton_groups,max_signature_d,epc_verification_count,verify_fail_count,avg_tag_responses,small_cluster_guard_count,throughput_tags_per_sec,algorithm_name,run_id,peak_stack_depth,peak_unidentified_tags_count,min_tag_responses,max_tag_responses,drct_query_count,drct_r0_collision_count,drct_r1_collision_count,drct_r1_sedepth_increment_count,check_answer_alias_count,prefix_length,cluster_count,cluster_prefix_length,total_slots,system_efficiency,avg_tag_bits,avg_reader_bits,total_bits,avg_total_bits,avg_query_efficiency,total_protocol_time_ms,signature_grouping_trigger_count.1,sparse_signature_groups.1,signature_groups_pruned.1,signature_marker_tag_bits.1,signature_collision_groups.1,signature_singleton_groups.1,max_signature_d.1,total_reader_tx_energy_uj,total_tag_tx_energy_uj,energy_per_tag_uj,drct_random_check_count,drct_unresolved_stack_empty_count,channel_use_ratio
10000,96,random,random,scenario_label=random,0.000000,True,True,formal_extended_baseline_screen,3623283272,3074786204,16377067.500000,337620.000000,9108442.000000,34886,8195648.540750,5229.461000,8200878.001750,10000,10000,10967,9279,,,,,,,,,,,,,,,,,,,,5.167400,,610.609928,DQTA(k_max=3),0,28.000000,,,,,,,,,,,,30246,0.330622,910.844200,33.762000,9446062.000000,944.606200,1.077702,16377.067500,,,,,,,,,,,,,
10000,96,prefixed,prefixed,scenario_label=prefixed,0.000000,True,True,formal_extended_baseline_screen,116656660,1078994478,16126221.250000,781099.000000,4144930.000000,34768,8082725.692125,3634.663000,8086360.355125,10000,10000,10882,9257,,,,,,,,,,,,,,,,,,,,5.163200,,620.108074,DQTA(k_max=3),0,28.000000,,,,,,,,,48.000000,,,30139,0.331796,414.493000,78.109900,4926029.000000,492.602900,1.080264,16126.221250,,,,,,,,,,,,,
10000,96,prefix80,prefixed,scenario_label=prefix80,0.000000,True,True,formal_extended_baseline_screen,1741802094,3126026649,14880496.250000,1001398.000000,847932.000000,31542,7441093.821000,2426.762000,7443520.583000,10000,10000,8571,8647,,,,,,,,,,,,,,,,,,,,5.070300,,672.020599,DQTA(k_max=3),0,28.000000,,,,,,,,,80.000000,,,27218,0.367404,84.793200,100.139800,1849330.000000,184.933000,1.156470,14880.496250,,,,,,,,,,,,,
10000,96,clustered,clustered,scenario_label=clustered,0.000000,True,True,formal_extended_baseline_screen,2095316255,1667073450,16030310.000000,898475.000000,4681052.000000,34714,8041433.803875,4137.476000,8045571.279875,10000,10000,10864,9233,,,,,,,,,,,,,,,,,,,,5.535500,,623.818254,DQTA(k_max=3),0,26.000000,,,,,,,,,,8.000000,64.000000,30097,0.332259,468.105200,89.847500,5579527.000000,557.952700,1.083072,16030.310000,,,,,,,,,,,,,
10000,96,random,random,scenario_label=random,0.000000,True,True,formal_extended_baseline_screen,3864099846,370633025,16439625.000000,339624.000000,9110641.000000,35034,8218866.945250,5234.568500,8224101.513750,10000,10000,11031,9335,,,,,,,,,,,,,,,,,,,,5.168800,,608.286381,DQTA(k_max=3),1,28.000000,,,,,,,,,,,,30366,0.329316,911.064100,33.962400,9450265.000000,945.026500,1.071237,16439.625000,,,,,,,,,,,,,
10000,96,prefixed,prefixed,scenario_label=prefixed,0.000000,True,True,formal_extended_baseline_screen,889203247,1395092911,16088715.000000,778706.000000,4142935.000000,34774,8029374.211500,3628.879500,8033003.091000,10000,10000,10933,9227,,,,,,,,,,,,,,,,,,,,5.160800,,621.553679,DQTA(k_max=3),1,27.000000,,,,,,,,,48.000000,,,30160,0.331565,414.293500,77.870600,4921641.000000,492.164100,1.083776,16088.715000,,,,,,,,,,,,,
10000,96,prefix80,prefixed,scenario_label=prefix80,0.000000,True,True,formal_extended_baseline_screen,2669137359,3603532689,14728792.500000,989611.000000,848261.000000,31433,7382389.254375,2403.352500,7384792.606875,10000,10000,8609,8549,,,,,,,,,,,,,,,,,,,,5.062300,,678.942283,DQTA(k_max=3),1,27.000000,,,,,,,,,80.000000,,,27158,0.368216,84.826100,98.961100,1837872.000000,183.787200,1.169727,14728.792500,,,,,,,,,,,,,
10000,96,clustered,clustered,scenario_label=clustered,0.000000,True,True,formal_extended_baseline_screen,1179273823,4045078596,16285232.500000,915131.000000,5399082.000000,35186,8193276.857375,4529.803000,8197806.660375,10000,10000,11084,9401,,,,,,,,,,,,,,,,,,,,5.923300,,614.053253,DQTA(k_max=3),1,26.000000,,,,,,,,,,8.000000,64.000000,30485,0.328030,539.908200,91.513100,6314213.000000,631.421300,1.063717,16285.232500,,,,,,,,,,,,,
10000,96,random,random,scenario_label=random,0.000000,True,True,formal_extended_baseline_screen,813036364,2762808897,16316158.750000,335231.000000,9096696.000000,34876,8144838.425375,5218.810000,8150057.235375,10000,10000,11050,9217,,,,,,,,,,,,,,,,,,,,5.160300,,612.889354,DQTA(k_max=3),2,27.000000,,,,,,,,,,,,30267,0.330393,909.669600,33.523100,9431927.000000,943.192700,1.084952,16316.158750,,,,,,,,,,,,,
10000,96,prefixed,prefixed,scenario_label=prefixed,0.000000,True,True,formal_extended_baseline_screen,1822834370,3065675764,16142461.250000,782019.000000,4145883.000000,34797,8090879.037125,3636.979500,8094516.016625,10000,10000,10893,9269,,,,,,,,,,,,,,,,,,,,5.164200,,619.484219,DQTA(k_max=3),2,28.000000,,,,,,,,,48.000000,,,30162,0.331543,414.588300,78.201900,4927902.000000,492.790200,1.078865,16142.461250,,,,,,,,,,,,,
10000,96,prefix80,prefixed,scenario_label=prefix80,0.000000,True,True,formal_extended_baseline_screen,2479815273,388673522,14803687.500000,995104.000000,848120.000000,31552,7392654.294875,2414.268000,7395068.562875,10000,10000,8659,8595,,,,,,,,,,,,,,,,,,,,5.066900,,675.507369,DQTA(k_max=3),2,28.000000,,,,,,,,,80.000000,,,27254,0.366919,84.812000,99.510400,1843224.000000,184.322400,1.163467,14803.687500,,,,,,,,,,,,,
10000,96,clustered,clustered,scenario_label=clustered,0.000000,True,True,formal_extended_baseline_screen,2073761602,198571651,16018475.000000,897789.000000,5152217.000000,34688,8037724.709625,4371.686500,8042096.396125,10000,10000,10850,9225,,,,,,,,,,,,,,,,,,,,5.783600,,624.279153,DQTA(k_max=3),2,26.000000,,,,,,,,,,8.000000,64.000000,30075,0.332502,515.221700,89.778900,6050006.000000,605.000600,1.084011,16018.475000,,,,,,,,,,,,,
10000,96,random,random,scenario_label=random,0.000000,True,True,formal_extended_baseline_screen,57753915,1214507294,16423551.250000,339404.000000,9112444.000000,34818,8216785.232125,5235.030000,8222020.262125,10000,10000,10821,9331,,,,,,,,,,,,,,,,,,,,5.169600,,608.881712,DQTA(k_max=3),3,27.000000,,,,,,,,,,,,30152,0.331653,911.244400,33.940400,9451848.000000,945.184800,1.071696,16423.551250,,,,,,,,,,,,,
10000,96,prefixed,prefixed,scenario_label=prefixed,0.000000,True,True,formal_extended_baseline_screen,2219440691,681029909,16213305.000000,785561.000000,4148126.000000,35124,8119779.336750,3645.185000,8123424.521750,10000,10000,11160,9309,,,,,,,,,,,,,,,,,,,,5.168200,,616.777394,DQTA(k_max=3),3,28.000000,,,,,,,,,48.000000,,,30469,0.328202,414.812600,78.556100,4933687.000000,493.368700,1.074229,16213.305000,,,,,,,,,,,,,
10000,96,prefix80,prefixed,scenario_label=prefix80,0.000000,True,True,formal_extended_baseline_screen,1286928148,1678261244,14776702.500000,992939.000000,848014.000000,31546,7381696.460000,2409.885000,7384106.345000,10000,10000,8680,8577,,,,,,,,,,,,,,,,,,,,5.062600,,676.740971,DQTA(k_max=3),3,26.000000,,,,,,,,,80.000000,,,27257,0.366878,84.801400,99.293900,1840953.000000,184.095300,1.165909,14776.702500,,,,,,,,,,,,,
10000,96,clustered,clustered,scenario_label=clustered,0.000000,True,True,formal_extended_baseline_screen,787561323,4289060111,16218538.750000,911233.000000,5142762.000000,34972,8107495.847250,4393.847000,8111889.694250,10000,10000,10930,9361,,,,,,,,,,,,,,,,,,,,5.791900,,616.578359,DQTA(k_max=3),3,25.000000,,,,,,,,,,8.000000,64.000000,30291,0.330131,514.276200,91.123300,6053995.000000,605.399500,1.068262,16218.538750,,,,,,,,,,,,,
10000,96,random,random,scenario_label=random,0.000000,True,True,formal_extended_baseline_screen,3819630184,27662079,16338600.000000,336531.000000,9102320.000000,34786,8181311.369625,5224.222000,8186535.591625,10000,10000,10918,9245,,,,,,,,,,,,,,,,,,,,5.163900,,612.047544,DQTA(k_max=3),4,28.000000,,,,,,,,,,,,30163,0.331532,910.232000,33.653100,9438851.000000,943.885100,1.081666,16338.600000,,,,,,,,,,,,,
10000,96,prefixed,prefixed,scenario_label=prefixed,0.000000,True,True,formal_extended_baseline_screen,889858016,1152305980,15988401.250000,772324.000000,4141097.000000,34713,7982547.712875,3615.196500,7986162.909375,10000,10000,10986,9151,,,,,,,,,,,,,,,,,,,,5.158500,,625.453405,DQTA(k_max=3),4,27.000000,,,,,,,,,48.000000,,,30137,0.331818,414.109700,77.232400,4913421.000000,491.342100,1.092777,15988.401250,,,,,,,,,,,,,
10000,96,prefix80,prefixed,scenario_label=prefix80,0.000000,True,True,formal_extended_baseline_screen,2696116183,1990190745,14627317.500000,982733.000000,847747.000000,31194,7327903.279500,2389.339500,7330292.619000,10000,10000,8460,8489,,,,,,,,,,,,,,,,,,,,5.056600,,683.652351,DQTA(k_max=3),4,27.000000,,,,,,,,,80.000000,,,26949,0.371071,84.774700,98.273300,1830480.000000,183.048000,1.177995,14627.317500,,,,,,,,,,,,,
10000,96,clustered,clustered,scenario_label=clustered,0.000000,True,True,formal_extended_baseline_screen,688500632,2070090144,16194085.000000,909710.000000,4907606.000000,34948,8078991.494250,4273.223000,8083264.717250,10000,10000,10933,9343,,,,,,,,,,,,,,,,,,,,5.670300,,617.509418,DQTA(k_max=3),4,25.000000,,,,,,,,,,8.000000,64.000000,30276,0.330295,490.760600,90.971000,5817316.000000,581.731600,1.070320,16194.085000,,,,,,,,,,,,,
10000,96,random,random,scenario_label=random,0.000000,True,True,formal_extended_baseline_screen,2608777085,3123768421,16371852.500000,337195.000000,9094787.000000,34839,8183496.019500,5221.783500,8188717.803000,10000,10000,10923,9277,,,,,,,,,,,,,,,,,,,,5.158600,,610.804428,DQTA(k_max=3),5,27.000000,,,,,,,,,,,,30200,0.331126,909.478700,33.719500,9431982.000000,943.198200,1.077935,16371.852500,,,,,,,,,,,,,
10000,96,prefixed,prefixed,scenario_label=prefixed,0.000000,True,True,formal_extended_baseline_screen,3513520067,1843871071,15995755.000000,772502.000000,4140538.000000,34682,8006205.049875,3615.273000,8009820.322875,10000,10000,10943,9159,,,,,,,,,,,,,,,,,,,,5.155700,,625.165864,DQTA(k_max=3),5,26.000000,,,,,,,,,48.000000,,,30102,0.332204,414.053800,77.250200,4913040.000000,491.304000,1.091822,15995.755000,,,,,,,,,,,,,
10000,96,prefix80,prefixed,scenario_label=prefix80,0.000000,True,True,formal_extended_baseline_screen,1840913042,2031035863,14779197.500000,993716.000000,848145.000000,31431,7365013.958250,2411.504500,7367425.462750,10000,10000,8556,8583,,,,,,,,,,,,,,,,,,,,5.065500,,676.626725,DQTA(k_max=3),5,27.000000,,,,,,,,,80.000000,,,27139,0.368473,84.814500,99.371600,1841861.000000,184.186100,1.165094,14779.197500,,,,,,,,,,,,,
10000,96,clustered,clustered,scenario_label=clustered,0.000000,True,True,formal_extended_baseline_screen,3399855602,753944826,16166795.000000,906154.000000,5626837.000000,35256,8125020.259500,4625.726500,8129645.986000,10000,10000,11289,9311,,,,,,,,,,,,,,,,,,,,6.045600,,618.551791,DQTA(k_max=3),5,24.000000,,,,,,,,,,8.000000,64.000000,30600,0.326797,562.683700,90.615400,6532991.000000,653.299100,1.073998,16166.795000,,,,,,,,,,,,,
10000,96,random,random,scenario_label=random,0.000000,True,True,formal_extended_baseline_screen,1011355210,2187299195,16360195.000000,336456.000000,9105989.000000,35075,8223374.124375,5225.906500,8228600.030875,10000,10000,11198,9251,,,,,,,,,,,,,,,,,,,,5.165900,,611.239658,DQTA(k_max=3),6,27.000000,,,,,,,,,,,,30449,0.328418,910.598900,33.645600,9442445.000000,944.244500,1.080964,16360.195000,,,,,,,,,,,,,
10000,96,prefixed,prefixed,scenario_label=prefixed,0.000000,True,True,formal_extended_baseline_screen,4182455193,253876598,16092098.750000,778811.000000,4144403.000000,34794,8063211.046125,3629.823500,8066840.869625,10000,10000,10950,9229,,,,,,,,,,,,,,,,,,,,5.162600,,621.422983,DQTA(k_max=3),6,27.000000,,,,,,,,,48.000000,,,30179,0.331356,414.440300,77.881100,4923214.000000,492.321400,1.083541,16092.098750,,,,,,,,,,,,,
10000,96,prefix80,prefixed,scenario_label=prefix80,0.000000,True,True,formal_extended_baseline_screen,234351616,3928047820,14692075.000000,987003.000000,847785.000000,31406,7349784.313625,2397.898500,7352182.212125,10000,10000,8618,8525,,,,,,,,,,,,,,,,,,,,5.063100,,680.639052,DQTA(k_max=3),6,27.000000,,,,,,,,,80.000000,,,27143,0.368419,84.778500,98.700300,1834788.000000,183.478800,1.173021,14692.075000,,,,,,,,,,,,,
10000,96,clustered,clustered,scenario_label=clustered,0.000000,True,True,formal_extended_baseline_screen,1672192143,876494149,16154681.250000,906237.000000,4473737.000000,35150,8093627.047250,4049.342500,8097676.389750,10000,10000,11192,9305,,,,,,,,,,,,,,,,,,,,5.424600,,619.015618,DQTA(k_max=3),6,28.000000,,,,,,,,,,8.000000,64.000000,30497,0.327901,447.373700,90.623700,5379974.000000,537.997400,1.074691,16154.681250,,,,,,,,,,,,,
10000,96,random,random,scenario_label=random,0.000000,True,True,formal_extended_baseline_screen,2772753435,1270291337,16533338.750000,343161.000000,9129916.000000,35178,8267071.406000,5251.280000,8272322.686000,10000,10000,11046,9421,,,,,,,,,,,,,,,,,,,,5.180900,,604.838512,DQTA(k_max=3),7,26.000000,,,,,,,,,,,,30467,0.328224,912.991600,34.316100,9473077.000000,947.307700,1.061458,16533.338750,,,,,,,,,,,,,
10000,96,prefixed,prefixed,scenario_label=prefixed,0.000000,True,True,formal_extended_baseline_screen,1416235163,4185778191,16072705.000000,777035.000000,4142273.000000,34887,8045832.931500,3625.206500,8049458.138000,10000,10000,11073,9209,,,,,,,,,,,,,,,,,,,,5.159200,,622.172808,DQTA(k_max=3),7,26.000000,,,,,,,,,48.000000,,,30282,0.330229,414.227300,77.703500,4919308.000000,491.930800,1.085894,16072.705000,,,,,,,,,,,,,
10000,96,prefix80,prefixed,scenario_label=prefix80,0.000000,True,True,formal_extended_baseline_screen,2635025427,3262476422,14682033.750000,985959.000000,847852.000000,31438,7322586.041750,2395.844000,7324981.885750,10000,10000,8662,8517,,,,,,,,,,,,,,,,,,,,5.060000,,681.104551,DQTA(k_max=3),7,27.000000,,,,,,,,,80.000000,,,27179,0.367931,84.785200,98.595900,1833811.000000,183.381100,1.174122,14682.033750,,,,,,,,,,,,,
10000,96,clustered,clustered,scenario_label=clustered,0.000000,True,True,formal_extended_baseline_screen,1710578268,2418101889,16209842.500000,910309.000000,5398321.000000,35092,8102762.715125,4519.778500,8107282.493625,10000,10000,11068,9349,,,,,,,,,,,,,,,,,,,,5.923100,,616.909140,DQTA(k_max=3),7,25.000000,,,,,,,,,,8.000000,64.000000,30417,0.328764,539.832100,91.030900,6308630.000000,630.863000,1.069633,16209.842500,,,,,,,,,,,,,
10000,96,random,random,scenario_label=random,0.000000,True,True,formal_extended_baseline_screen,3926250230,4130092648,16367456.250000,337637.000000,9088254.000000,34614,8205408.225125,5219.401000,8210627.626125,10000,10000,10686,9285,,,,,,,,,,,,,,,,,,,,5.154800,,610.968488,DQTA(k_max=3),8,27.000000,,,,,,,,,,,,29971,0.333656,908.825400,33.763700,9425891.000000,942.589100,1.077006,16367.456250,,,,,,,,,,,,,
10000,96,prefixed,prefixed,scenario_label=prefixed,0.000000,True,True,formal_extended_baseline_screen,834749396,3897855225,16187793.750000,785215.000000,4142529.000000,34758,8074030.082625,3641.694500,8077671.777125,10000,10000,10800,9305,,,,,,,,,,,,,,,,,,,,5.159700,,617.749408,DQTA(k_max=3),8,27.000000,,,,,,,,,48.000000,,,30105,0.332171,414.252900,78.521500,4927744.000000,492.774400,1.074691,16187.793750,,,,,,,,,,,,,
10000,96,prefix80,prefixed,scenario_label=prefix80,0.000000,True,True,formal_extended_baseline_screen,3619142060,2249967484,14714978.750000,989154.000000,848156.000000,31336,7405491.277125,2402.386000,7407893.663125,10000,10000,8521,8543,,,,,,,,,,,,,,,,,,,,5.067900,,679.579643,DQTA(k_max=3),8,27.000000,,,,,,,,,80.000000,,,27064,0.369495,84.815600,98.915400,1837310.000000,183.731000,1.170549,14714.978750,,,,,,,,,,,,,
10000,96,clustered,clustered,scenario_label=clustered,0.000000,True,True,formal_extended_baseline_screen,3961209957,2949379978,16110902.500000,904142.000000,4709129.000000,34813,8073710.000375,4162.848500,8077872.848875,10000,10000,10882,9287,,,,,,,,,,,,,,,,,,,,5.538900,,620.697692,DQTA(k_max=3),8,24.000000,,,,,,,,,,8.000000,64.000000,30169,0.331466,470.912900,90.414200,5613271.000000,561.327100,1.076774,16110.902500,,,,,,,,,,,,,
10000,96,random,random,scenario_label=random,0.000000,True,True,formal_extended_baseline_screen,58426829,1902826690,16424398.750000,339309.000000,9117609.000000,34878,8213362.772750,5237.422500,8218600.195250,10000,10000,10884,9329,,,,,,,,,,,,,,,,,,,,5.172800,,608.850294,DQTA(k_max=3),9,27.000000,,,,,,,,,,,,30213,0.330983,911.760900,33.930900,9456918.000000,945.691800,1.071926,16424.398750,,,,,,,,,,,,,
10000,96,prefixed,prefixed,scenario_label=prefixed,0.000000,True,True,formal_extended_baseline_screen,1183400892,2896168407,16132731.250000,780986.000000,4148291.000000,34918,8068460.538250,3636.117500,8072096.655750,10000,10000,11035,9255,,,,,,,,,,,,,,,,,,,,5.168100,,619.857843,DQTA(k_max=3),9,26.000000,,,,,,,,,48.000000,,,30290,0.330142,414.829100,78.098600,4929277.000000,492.927700,1.080497,16132.731250,,,,,,,,,,,,,
10000,96,prefix80,prefixed,scenario_label=prefix80,0.000000,True,True,formal_extended_baseline_screen,3771146367,1675873921,14717938.750000,988845.000000,847960.000000,31451,7404670.737125,2401.670000,7407072.407125,10000,10000,8639,8541,,,,,,,,,,,,,,,,,,,,5.066000,,679.442969,DQTA(k_max=3),9,28.000000,,,,,,,,,80.000000,,,27180,0.367918,84.796000,98.884500,1836805.000000,183.680500,1.170823,14717.938750,,,,,,,,,,,,,
10000,96,clustered,clustered,scenario_label=clustered,0.000000,True,True,formal_extended_baseline_screen,346261855,1619710973,16173128.750000,907792.000000,4462074.000000,35050,8129502.931625,4046.621000,8133549.552625,10000,10000,11065,9323,,,,,,,,,,,,,,,,,,,,5.419200,,618.309553,DQTA(k_max=3),9,27.000000,,,,,,,,,,8.000000,64.000000,30388,0.329077,446.207400,90.779200,5369866.000000,536.986600,1.072616,16173.128750,,,,,,,,,,,,,
10000,96,random,random,scenario_label=random,0.000000,True,True,formal_extended_baseline_screen,1020324588,2850122588,16410868.750000,338792.000000,9108505.000000,34869,8163995.722750,5231.836500,8169227.559250,10000,10000,10896,9315,,,,,,,,,,,,,,,,,,,,5.167300,,609.352262,DQTA(k_max=3),10,27.000000,,,,,,,,,,,,30211,0.331005,910.850500,33.879200,9447297.000000,944.729700,1.073537,16410.868750,,,,,,,,,,,,,
10000,96,prefixed,prefixed,scenario_label=prefixed,0.000000,True,True,formal_extended_baseline_screen,2061720330,551493223,16073011.250000,777856.000000,4142088.000000,34680,8018871.259375,3626.756000,8022498.015375,10000,10000,10851,9219,,,,,,,,,,,,,,,,,,,,5.158800,,622.160953,DQTA(k_max=3),10,27.000000,,,,,,,,,48.000000,,,30070,0.332557,414.208800,77.785600,4919944.000000,491.994400,1.084716,16073.011250,,,,,,,,,,,,,
10000,96,prefix80,prefixed,scenario_label=prefix80,0.000000,True,True,formal_extended_baseline_screen,1420417677,3620224974,14689707.500000,987642.000000,847814.000000,31208,7366839.185500,2399.191000,7369238.376500,10000,10000,8411,8531,,,,,,,,,,,,,,,,,,,,5.057900,,680.748749,DQTA(k_max=3),10,27.000000,,,,,,,,,80.000000,,,26942,0.371168,84.781400,98.764200,1835456.000000,183.545600,1.172196,14689.707500,,,,,,,,,,,,,
10000,96,clustered,clustered,scenario_label=clustered,0.000000,True,True,formal_extended_baseline_screen,4285535701,1670836595,16059601.250000,900176.000000,5394711.000000,34822,8059574.894625,4497.707500,8064072.602125,10000,10000,10945,9251,,,,,,,,,,,,,,,,,,,,5.911900,,622.680467,DQTA(k_max=3),10,26.000000,,,,,,,,,,8.000000,64.000000,30196,0.331170,539.471100,90.017600,6294887.000000,629.488700,1.080964,16059.601250,,,,,,,,,,,,,
10000,96,random,random,scenario_label=random,0.000000,True,True,formal_extended_baseline_screen,596195424,1050331745,16434835.000000,339403.000000,9113995.000000,34990,8249987.116875,5235.803500,8255222.920375,10000,10000,10990,9333,,,,,,,,,,,,,,,,,,,,5.170600,,608.463669,DQTA(k_max=3),11,27.000000,,,,,,,,,,,,30323,0.329783,911.399500,33.940300,9453398.000000,945.339800,1.071467,16434.835000,,,,,,,,,,,,,
10000,96,prefixed,prefixed,scenario_label=prefixed,0.000000,True,True,formal_extended_baseline_screen,2528955344,2552695300,16116342.500000,780521.000000,4146954.000000,34774,8054148.984500,3634.519000,8057783.503500,10000,10000,10900,9249,,,,,,,,,,,,,,,,,,,,5.166500,,620.488178,DQTA(k_max=3),11,28.000000,,,,,,,,,48.000000,,,30149,0.331686,414.695400,78.052100,4927475.000000,492.747500,1.081198,16116.342500,,,,,,,,,,,,,
10000,96,prefix80,prefixed,scenario_label=prefix80,0.000000,True,True,formal_extended_baseline_screen,4029019098,1446995764,14773566.250000,992595.000000,847817.000000,31581,7368127.987750,2409.098500,7370537.086250,10000,10000,8721,8573,,,,,,,,,,,,,,,,,,,,5.063600,,676.884635,DQTA(k_max=3),11,27.000000,,,,,,,,,80.000000,,,27294,0.366381,84.781700,99.259500,1840412.000000,184.041200,1.166453,14773.566250,,,,,,,,,,,,,
10000,96,clustered,clustered,scenario_label=clustered,0.000000,True,True,formal_extended_baseline_screen,2138647285,4090087938,16109987.500000,903485.000000,4926967.000000,34881,8061258.838125,4270.453500,8065529.291625,10000,10000,10953,9285,,,,,,,,,,,,,,,,,,,,5.660600,,620.732946,DQTA(k_max=3),11,25.000000,,,,,,,,,,8.000000,64.000000,30238,0.330710,492.696700,90.348500,5830452.000000,583.045200,1.077006,16109.987500,,,,,,,,,,,,,
10000,96,random,random,scenario_label=random,0.000000,True,True,formal_extended_baseline_screen,530428079,247467244,16465415.000000,340607.000000,9115001.000000,35092,8236664.250750,5238.714500,8241902.965250,10000,10000,11056,9357,,,,,,,,,,,,,,,,,,,,5.171600,,607.333614,DQTA(k_max=3),12,28.000000,,,,,,,,,,,,30413,0.328807,911.500100,34.060700,9455608.000000,945.560800,1.068719,16465.415000,,,,,,,,,,,,,
10000,96,prefixed,prefixed,scenario_label=prefixed,0.000000,True,True,formal_extended_baseline_screen,3403028343,2379881583,16232746.250000,787971.000000,4151928.000000,34846,8116858.025125,3651.906000,8120509.931125,10000,10000,10840,9337,,,,,,,,,,,,,,,,,,,,5.173600,,616.038706,DQTA(k_max=3),12,27.000000,,,,,,,,,48.000000,,,30177,0.331378,415.192800,78.797100,4939899.000000,493.989900,1.071008,16232.746250,,,,,,,,,,,,,
10000,96,prefix80,prefixed,scenario_label=prefix80,0.000000,True,True,formal_extended_baseline_screen,4132968395,3123862609,14675757.500000,986391.000000,848121.000000,31236,7334386.756125,2396.842500,7336783.598625,10000,10000,8454,8521,,,,,,,,,,,,,,,,,,,,5.061600,,681.395833,DQTA(k_max=3),12,26.000000,,,,,,,,,80.000000,,,26975,0.370714,84.812100,98.639100,1834512.000000,183.451200,1.173571,14675.757500,,,,,,,,,,,,,
10000,96,clustered,clustered,scenario_label=clustered,0.000000,True,True,formal_extended_baseline_screen,4135791258,1190960315,16298896.250000,915952.000000,4942116.000000,35276,8194441.408625,4302.962000,8198744.370625,10000,10000,11165,9407,,,,,,,,,,,,,,,,,,,,5.680900,,613.538478,DQTA(k_max=3),12,26.000000,,,,,,,,,,8.000000,64.000000,30572,0.327097,494.211600,91.595200,5858068.000000,585.806800,1.063038,16298.896250,,,,,,,,,,,,,
10000,96,random,random,scenario_label=random,0.000000,True,True,formal_extended_baseline_screen,3351110087,3870658017,16403570.000000,338249.000000,9103043.000000,34980,8241419.613500,5228.019500,8246647.633000,10000,10000,11028,9301,,,,,,,,,,,,,,,,,,,,5.164000,,609.623393,DQTA(k_max=3),13,28.000000,,,,,,,,,,,,30329,0.329717,910.304300,33.824900,9441292.000000,944.129200,1.075153,16403.570000,,,,,,,,,,,,,
10000,96,prefixed,prefixed,scenario_label=prefixed,0.000000,True,True,formal_extended_baseline_screen,3651045357,4263171200,16176027.500000,784449.000000,4149728.000000,34752,8089449.944000,3643.762000,8093093.706000,10000,10000,10806,9297,,,,,,,,,,,,,,,,,,,,5.170000,,618.198751,DQTA(k_max=3),13,27.000000,,,,,,,,,48.000000,,,30103,0.332193,414.972800,78.444900,4934177.000000,493.417700,1.075616,16176.027500,,,,,,,,,,,,,
10000,96,prefix80,prefixed,scenario_label=prefix80,0.000000,True,True,formal_extended_baseline_screen,3503816222,535967100,14797693.750000,993861.000000,848127.000000,31706,7436211.628750,2411.785500,7438623.414250,10000,10000,8828,8585,,,,,,,,,,,,,,,,,,,,5.065500,,675.780981,DQTA(k_max=3),13,28.000000,,,,,,,,,80.000000,,,27413,0.364790,84.812700,99.386100,1841988.000000,184.198800,1.164822,14797.693750,,,,,,,,,,,,,
10000,96,clustered,clustered,scenario_label=clustered,0.000000,True,True,formal_extended_baseline_screen,2264469608,644955367,16115071.250000,903796.000000,5403966.000000,34926,8114366.718750,4509.575000,8118876.293750,10000,10000,10995,9287,,,,,,,,,,,,,,,,,,,,5.910700,,620.537126,DQTA(k_max=3),13,26.000000,,,,,,,,,,8.000000,64.000000,30282,0.330229,540.396600,90.379600,6307762.000000,630.776200,1.076774,16115.071250,,,,,,,,,,,,,
10000,96,random,random,scenario_label=random,0.000000,True,True,formal_extended_baseline_screen,1692097063,2953846380,16329305.000000,336040.000000,9103003.000000,34744,8156157.709875,5223.581500,8161381.291375,10000,10000,10885,9239,,,,,,,,,,,,,,,,,,,,5.164000,,612.395935,DQTA(k_max=3),14,28.000000,,,,,,,,,,,,30124,0.331961,910.300300,33.604000,9439043.000000,943.904300,1.082368,16329.305000,,,,,,,,,,,,,
10000,96,prefixed,prefixed,scenario_label=prefixed,0.000000,True,True,formal_extended_baseline_screen,1707141452,341012258,16248226.250000,788139.000000,4145056.000000,35019,8169779.711750,3648.806000,8173428.517750,10000,10000,11007,9341,,,,,,,,,,,,,,,,,,,,5.163000,,615.451794,DQTA(k_max=3),14,27.000000,,,,,,,,,48.000000,,,30348,0.329511,414.505600,78.813900,4933195.000000,493.319500,1.070549,16248.226250,,,,,,,,,,,,,
10000,96,prefix80,prefixed,scenario_label=prefix80,0.000000,True,True,formal_extended_baseline_screen,1479387709,3944039336,14645823.750000,983932.000000,847844.000000,31264,7312053.121125,2391.786000,7314444.907125,10000,10000,8515,8499,,,,,,,,,,,,,,,,,,,,5.060400,,682.788498,DQTA(k_max=3),14,27.000000,,,,,,,,,80.000000,,,27014,0.370178,84.784400,98.393200,1831776.000000,183.177600,1.176609,14645.823750,,,,,,,,,,,,,
10000,96,clustered,clustered,scenario_label=clustered,0.000000,True,True,formal_extended_baseline_screen,1193971010,1819211083,15985606.250000,896852.000000,5384229.000000,34376,7993203.642125,4485.818500,7997689.460625,10000,10000,10553,9215,,,,,,,,,,,,,,,,,,,,5.911000,,625.562762,DQTA(k_max=3),14,24.000000,,,,,,,,,,8.000000,64.000000,29768,0.335931,538.422900,89.685200,6281081.000000,628.108100,1.085187,15985.606250,,,,,,,,,,,,,
10000,96,random,random,scenario_label=random,0.000000,True,True,formal_extended_baseline_screen,1311958710,2244388422,16351621.250000,335995.000000,9102089.000000,35157,8155407.302250,5223.034500,8160630.336750,10000,10000,11301,9237,,,,,,,,,,,,,,,,,,,,5.163700,,611.560153,DQTA(k_max=3),15,27.000000,,,,,,,,,,,,30538,0.327461,910.208900,33.599500,9438084.000000,943.808400,1.082603,16351.621250,,,,,,,,,,,,,
10000,96,prefixed,prefixed,scenario_label=prefixed,0.000000,True,True,formal_extended_baseline_screen,1066348603,4003662445,16297813.750000,792031.000000,4152770.000000,34980,8185075.577875,3660.447000,8188736.024875,10000,10000,10908,9381,,,,,,,,,,,,,,,,,,,,5.175800,,613.579229,DQTA(k_max=3),15,26.000000,,,,,,,,,48.000000,,,30289,0.330153,415.277000,79.203100,4944801.000000,494.480100,1.065984,16297.813750,,,,,,,,,,,,,
10000,96,prefix80,prefixed,scenario_label=prefix80,0.000000,True,True,formal_extended_baseline_screen,3410131684,2482762011,14816253.750000,996068.000000,848063.000000,31570,7402931.108000,2416.167500,7405347.275500,10000,10000,8665,8603,,,,,,,,,,,,,,,,,,,,5.068700,,674.934445,DQTA(k_max=3),15,29.000000,,,,,,,,,80.000000,,,27268,0.366730,84.806300,99.606800,1844131.000000,184.413100,1.162385,14816.253750,,,,,,,,,,,,,
10000,96,clustered,clustered,scenario_label=clustered,0.000000,True,True,formal_extended_baseline_screen,2719779022,1523046767,16201230.000000,908878.000000,5400800.000000,35196,8134567.066000,4518.156000,8139085.222000,10000,10000,11187,9339,,,,,,,,,,,,,,,,,,,,5.920800,,617.237086,DQTA(k_max=3),15,26.000000,,,,,,,,,,8.000000,64.000000,30526,0.327590,540.080000,90.887800,6309678.000000,630.967800,1.070778,16201.230000,,,,,,,,,,,,,
10000,96,random,random,scenario_label=random,0.000000,True,True,formal_extended_baseline_screen,4044322606,1937641916,16248750.000000,332756.000000,9094905.000000,34776,8149633.825625,5212.964500,8154846.790125,10000,10000,11043,9155,,,,,,,,,,,,,,,,,,,,5.159000,,615.431956,DQTA(k_max=3),16,27.000000,,,,,,,,,,,,30198,0.331148,909.490500,33.275600,9427661.000000,942.766100,1.092299,16248.750000,,,,,,,,,,,,,
10000,96,prefixed,prefixed,scenario_label=prefixed,0.000000,True,True,formal_extended_baseline_screen,2310609587,3991128710,16098675.000000,778329.000000,4139641.000000,34986,8097480.467375,3626.478500,8101106.945875,10000,10000,11148,9225,,,,,,,,,,,,,,,,,,,,5.155400,,621.169133,DQTA(k_max=3),16,27.000000,,,,,,,,,48.000000,,,30373,0.329240,413.964100,77.832900,4917970.000000,491.797000,1.084011,16098.675000,,,,,,,,,,,,,
10000,96,prefix80,prefixed,scenario_label=prefix80,0.000000,True,True,formal_extended_baseline_screen,556887839,1088186200,14875028.750000,1000790.000000,848167.000000,31554,7470725.638875,2425.663500,7473151.302375,10000,10000,8589,8643,,,,,,,,,,,,,,,,,,,,5.068800,,672.267608,DQTA(k_max=3),16,29.000000,,,,,,,,,80.000000,,,27232,0.367215,84.816700,100.079000,1848957.000000,184.895700,1.157006,14875.028750,,,,,,,,,,,,,
10000,96,clustered,clustered,scenario_label=clustered,0.000000,True,True,formal_extended_baseline_screen,2713732995,4079666080,16149796.250000,905626.000000,6290840.000000,35054,8067535.958125,4956.672000,8072492.630125,10000,10000,11093,9307,,,,,,,,,,,,,,,,,,,,6.414800,,619.202858,DQTA(k_max=3),16,24.000000,,,,,,,,,,8.000000,64.000000,30400,0.328947,629.084000,90.562600,7196466.000000,719.646600,1.074460,16149.796250,,,,,,,,,,,,,
10000,96,random,random,scenario_label=random,0.000000,True,True,formal_extended_baseline_screen,1698610701,2391919932,16405688.750000,338287.000000,9103368.000000,35003,8200847.033500,5228.258000,8206075.291500,10000,10000,11051,9301,,,,,,,,,,,,,,,,,,,,5.164200,,609.544662,DQTA(k_max=3),17,27.000000,,,,,,,,,,,,30352,0.329468,910.336800,33.828700,9441655.000000,944.165500,1.075153,16405.688750,,,,,,,,,,,,,
10000,96,prefixed,prefixed,scenario_label=prefixed,0.000000,True,True,formal_extended_baseline_screen,862396413,411784136,16082493.750000,778942.000000,4146046.000000,34516,8040870.334500,3630.907000,8044501.241500,10000,10000,10663,9235,,,,,,,,,,,,,,,,,,,,5.163500,,621.794117,DQTA(k_max=3),17,27.000000,,,,,,,,,48.000000,,,29898,0.334471,414.604600,77.894200,4924988.000000,492.498800,1.082837,16082.493750,,,,,,,,,,,,,
10000,96,prefix80,prefixed,scenario_label=prefix80,0.000000,True,True,formal_extended_baseline_screen,3860214662,179909034,14790993.750000,993831.000000,848264.000000,31586,7382861.925375,2411.794000,7385273.719375,10000,10000,8708,8585,,,,,,,,,,,,,,,,,,,,5.064500,,676.087095,DQTA(k_max=3),17,28.000000,,,,,,,,,80.000000,,,27293,0.366394,84.826400,99.383100,1842095.000000,184.209500,1.164822,14790.993750,,,,,,,,,,,,,
10000,96,clustered,clustered,scenario_label=clustered,0.000000,True,True,formal_extended_baseline_screen,2168941655,3257130081,16099862.500000,903595.000000,5165149.000000,34702,8028782.228000,4389.764500,8033171.992500,10000,10000,10774,9285,,,,,,,,,,,,,,,,,,,,5.787300,,621.123317,DQTA(k_max=3),17,24.000000,,,,,,,,,,8.000000,64.000000,30059,0.332679,516.514900,90.359500,6068744.000000,606.874400,1.077006,16099.862500,,,,,,,,,,,,,
10000,96,random,random,scenario_label=random,0.000000,True,True,formal_extended_baseline_screen,3900906002,990775242,16464002.500000,341130.000000,9112388.000000,34888,8243198.059750,5238.454000,8248436.513750,10000,10000,10837,9367,,,,,,,,,,,,,,,,,,,,5.170100,,607.385719,DQTA(k_max=3),18,27.000000,,,,,,,,,,,,30204,0.331082,911.238800,34.113000,9453518.000000,945.351800,1.067578,16464.002500,,,,,,,,,,,,,
10000,96,prefixed,prefixed,scenario_label=prefixed,0.000000,True,True,formal_extended_baseline_screen,1976791937,4162371105,16270726.250000,788377.000000,4148910.000000,35407,8168967.924125,3651.209000,8172619.133125,10000,10000,11395,9341,,,,,,,,,,,,,,,,,,,,5.169900,,614.600716,DQTA(k_max=3),18,28.000000,,,,,,,,,48.000000,,,30736,0.325351,414.891000,78.837700,4937287.000000,493.728700,1.070549,16270.726250,,,,,,,,,,,,,
10000,96,prefix80,prefixed,scenario_label=prefix80,0.000000,True,True,formal_extended_baseline_screen,3973543592,3554555836,14755591.250000,991384.000000,848040.000000,31536,7395909.461875,2406.788000,7398316.249875,10000,10000,8691,8563,,,,,,,,,,,,,,,,,,,,5.065400,,677.709204,DQTA(k_max=3),18,28.000000,,,,,,,,,80.000000,,,27254,0.366919,84.804000,99.138400,1839424.000000,183.942400,1.167815,14755.591250,,,,,,,,,,,,,
10000,96,clustered,clustered,scenario_label=clustered,0.000000,True,True,formal_extended_baseline_screen,3575544916,3560811291,16051196.250000,899810.000000,5157196.000000,34750,8012890.331750,4378.218000,8017268.549750,10000,10000,10879,9247,,,,,,,,,,,,,,,,,,,,5.782900,,623.006525,DQTA(k_max=3),18,26.000000,,,,,,,,,,8.000000,64.000000,30126,0.331939,515.719600,89.981000,6057006.000000,605.700600,1.081432,16051.196250,,,,,,,,,,,,,
10000,96,random,random,scenario_label=random,0.000000,True,True,formal_extended_baseline_screen,3061364434,3335793689,16377420.000000,337607.000000,9097116.000000,34848,8185423.725875,5223.772000,8190647.497875,10000,10000,10926,9281,,,,,,,,,,,,,,,,,,,,5.160400,,610.596785,DQTA(k_max=3),19,26.000000,,,,,,,,,,,,30207,0.331049,909.711600,33.760700,9434723.000000,943.472300,1.077470,16377.420000,,,,,,,,,,,,,
10000,96,prefixed,prefixed,scenario_label=prefixed,0.000000,True,True,formal_extended_baseline_screen,3116852746,412877206,16155868.750000,783305.000000,4144060.000000,34660,8099074.673500,3638.640000,8102713.313500,10000,10000,10732,9285,,,,,,,,,,,,,,,,,,,,5.161000,,618.970119,DQTA(k_max=3),19,27.000000,,,,,,,,,48.000000,,,30017,0.333145,414.406000,78.330500,4927365.000000,492.736500,1.077006,16155.868750,,,,,,,,,,,,,
10000,96,prefix80,prefixed,scenario_label=prefix80,0.000000,True,True,formal_extended_baseline_screen,1163800006,1778894072,14896562.500000,1000919.000000,848091.000000,31896,7411523.057000,2425.883500,7413948.940500,10000,10000,8928,8645,,,,,,,,,,,,,,,,,,,,5.071400,,671.295811,DQTA(k_max=3),19,27.000000,,,,,,,,,80.000000,,,27573,0.362674,84.809100,100.091900,1849010.000000,184.901000,1.156738,14896.562500,,,,,,,,,,,,,
10000,96,clustered,clustered,scenario_label=clustered,0.000000,True,True,formal_extended_baseline_screen,99158156,2489391020,16139136.250000,906159.000000,5567732.000000,34810,8090823.911625,4596.184000,8095420.095625,10000,10000,10846,9309,,,,,,,,,,,,,,,,,,,,6.042000,,619.611846,DQTA(k_max=3),19,26.000000,,,,,,,,,,8.000000,64.000000,30155,0.331620,556.773200,90.615900,6473891.000000,647.389100,1.074229,16139.136250,,,,,,,,,,,,,
10000,96,random,random,scenario_label=random,0.000000,True,True,formal_extended_baseline_screen,3722875878,1436288120,16313342.500000,335091.000000,9089197.000000,34947,8157282.792375,5214.780500,8162497.572875,10000,10000,11133,9209,,,,,,,,,,,,,,,,,,,,5.155900,,612.995160,DQTA(k_max=3),20,27.000000,,,,,,,,,,,,30342,0.329576,908.919700,33.509100,9424288.000000,942.428800,1.085894,16313.342500,,,,,,,,,,,,,
10000,96,prefixed,prefixed,scenario_label=prefixed,0.000000,True,True,formal_extended_baseline_screen,3001598358,1447692726,16124461.250000,780365.000000,4144066.000000,34920,8099844.038750,3632.763000,8103476.801750,10000,10000,11046,9249,,,,,,,,,,,,,,,,,,,,5.162000,,620.175759,DQTA(k_max=3),20,27.000000,,,,,,,,,48.000000,,,30295,0.330087,414.406600,78.036500,4924431.000000,492.443100,1.081198,16124.461250,,,,,,,,,,,,,
10000,96,prefix80,prefixed,scenario_label=prefix80,0.000000,True,True,formal_extended_baseline_screen,1969154653,1010228252,14728453.750000,988912.000000,848074.000000,31590,7368042.980375,2401.861000,7370444.841375,10000,10000,8775,8543,,,,,,,,,,,,,,,,,,,,5.063800,,678.957898,DQTA(k_max=3),20,28.000000,,,,,,,,,80.000000,,,27318,0.366059,84.807400,98.891200,1836986.000000,183.698600,1.170549,14728.453750,,,,,,,,,,,,,
10000,96,clustered,clustered,scenario_label=clustered,0.000000,True,True,formal_extended_baseline_screen,3278615476,2650555274,16247491.250000,912405.000000,5632939.000000,35192,8155069.048125,4641.279500,8159710.327625,10000,10000,11132,9373,,,,,,,,,,,,,,,,,,,,6.049100,,615.479636,DQTA(k_max=3),20,24.000000,,,,,,,,,,8.000000,64.000000,30505,0.327815,563.293900,91.240500,6545344.000000,654.534400,1.066894,16247.491250,,,,,,,,,,,,,
10000,96,random,random,scenario_label=random,0.000000,True,True,formal_extended_baseline_screen,1880512712,4049421813,16342321.250000,336887.000000,9112954.000000,34662,8184949.458375,5230.251000,8190179.709375,10000,10000,10776,9257,,,,,,,,,,,,,,,,,,,,5.170200,,611.908177,DQTA(k_max=3),21,27.000000,,,,,,,,,,,,30033,0.332967,911.295400,33.688700,9449841.000000,944.984100,1.080264,16342.321250,,,,,,,,,,,,,
10000,96,prefixed,prefixed,scenario_label=prefixed,0.000000,True,True,formal_extended_baseline_screen,2792116651,3593368163,16133491.250000,781564.000000,4141063.000000,34746,8044787.237625,3633.659500,8048420.897125,10000,10000,10851,9263,,,,,,,,,,,,,,,,,,,,5.157000,,619.828644,DQTA(k_max=3),21,28.000000,,,,,,,,,48.000000,,,30114,0.332071,414.106300,78.156400,4922627.000000,492.262700,1.079564,16133.491250,,,,,,,,,,,,,
10000,96,prefix80,prefixed,scenario_label=prefix80,0.000000,True,True,formal_extended_baseline_screen,3818182820,1316269292,14842652.500000,997605.000000,848285.000000,31674,7404545.781625,2419.352500,7406965.134125,10000,10000,8748,8617,,,,,,,,,,,,,,,,,,,,5.067900,,673.734024,DQTA(k_max=3),21,27.000000,,,,,,,,,80.000000,,,27365,0.365430,84.828500,99.760500,1845890.000000,184.589000,1.160497,14842.652500,,,,,,,,,,,,,
10000,96,clustered,clustered,scenario_label=clustered,0.000000,True,True,formal_extended_baseline_screen,1495572643,2081474840,16073608.750000,901704.000000,5155575.000000,34672,8054296.429750,4381.195500,8058677.625250,10000,10000,10771,9267,,,,,,,,,,,,,,,,,,,,5.784500,,622.137826,DQTA(k_max=3),21,26.000000,,,,,,,,,,8.000000,64.000000,30038,0.332912,515.557500,90.170400,6057279.000000,605.727900,1.079098,16073.608750,,,,,,,,,,,,,
10000,96,random,random,scenario_label=random,0.000000,True,True,formal_extended_baseline_screen,2483842946,321162399,16496303.750000,341271.000000,9113062.000000,35352,8243989.948500,5239.073000,8249229.021500,10000,10000,11292,9373,,,,,,,,,,,,,,,,,,,,5.170700,,606.196403,DQTA(k_max=3),22,27.000000,,,,,,,,,,,,30665,0.326105,911.306200,34.127100,9454333.000000,945.433300,1.066894,16496.303750,,,,,,,,,,,,,
10000,96,prefixed,prefixed,scenario_label=prefixed,0.000000,True,True,formal_extended_baseline_screen,664859573,284471576,16216613.750000,785610.000000,4145765.000000,35136,8110273.575125,3644.102500,8113917.677625,10000,10000,11169,9311,,,,,,,,,,,,,,,,,,,,5.164400,,616.651550,DQTA(k_max=3),22,27.000000,,,,,,,,,48.000000,,,30480,0.328084,414.576500,78.561000,4931375.000000,493.137500,1.073998,16216.613750,,,,,,,,,,,,,
10000,96,prefix80,prefixed,scenario_label=prefix80,0.000000,True,True,formal_extended_baseline_screen,647152320,1193534828,14886716.250000,1000732.000000,848249.000000,31766,7445727.581750,2425.588500,7448153.170250,10000,10000,8801,8643,,,,,,,,,,,,,,,,,,,,5.072000,,671.739814,DQTA(k_max=3),22,28.000000,,,,,,,,,80.000000,,,27444,0.364378,84.824900,100.073200,1848981.000000,184.898100,1.157006,14886.716250,,,,,,,,,,,,,
10000,96,clustered,clustered,scenario_label=clustered,0.000000,True,True,formal_extended_baseline_screen,2138889899,1190150002,16247315.000000,912889.000000,4946594.000000,35075,8122697.354375,4299.075000,8126996.429375,10000,10000,11009,9377,,,,,,,,,,,,,,,,,,,,5.673000,,615.486313,DQTA(k_max=3),22,26.000000,,,,,,,,,,8.000000,64.000000,30386,0.329099,494.659400,91.288900,5859483.000000,585.948300,1.066439,16247.315000,,,,,,,,,,,,,
10000,96,random,random,scenario_label=random,0.000000,True,True,formal_extended_baseline_screen,484606977,392610911,16322718.750000,335896.000000,9100034.000000,34689,8175279.219000,5221.809000,8180501.028000,10000,10000,10836,9235,,,,,,,,,,,,,,,,,,,,5.162200,,612.643038,DQTA(k_max=3),23,27.000000,,,,,,,,,,,,30071,0.332546,910.003400,33.589600,9435930.000000,943.593000,1.082837,16322.718750,,,,,,,,,,,,,
10000,96,prefixed,prefixed,scenario_label=prefixed,0.000000,True,True,formal_extended_baseline_screen,4122393112,2608645839,16163161.250000,782972.000000,4143174.000000,34918,8078985.727125,3637.531000,8082623.258125,10000,10000,10999,9279,,,,,,,,,,,,,,,,,,,,5.160800,,618.690852,DQTA(k_max=3),23,27.000000,,,,,,,,,48.000000,,,30278,0.330273,414.317400,78.297200,4926146.000000,492.614600,1.077702,16163.161250,,,,,,,,,,,,,
10000,96,prefix80,prefixed,scenario_label=prefix80,0.000000,True,True,formal_extended_baseline_screen,2468324303,906469808,14780191.250000,993812.000000,847942.000000,31440,7419528.731500,2411.595000,7421940.326500,10000,10000,8565,8583,,,,,,,,,,,,,,,,,,,,5.065800,,676.581232,DQTA(k_max=3),23,27.000000,,,,,,,,,80.000000,,,27148,0.368351,84.794200,99.381200,1841754.000000,184.175400,1.165094,14780.191250,,,,,,,,,,,,,
10000,96,clustered,clustered,scenario_label=clustered,0.000000,True,True,formal_extended_baseline_screen,3200206661,1337033201,16050042.500000,898812.000000,5388546.000000,34930,8044652.465375,4491.897000,8049144.362375,10000,10000,11071,9239,,,,,,,,,,,,,,,,,,,,5.908200,,623.051310,DQTA(k_max=3),23,25.000000,,,,,,,,,,8.000000,64.000000,30310,0.329924,538.854600,89.881200,6287358.000000,628.735800,1.082368,16050.042500,,,,,,,,,,,,,
10000,96,random,random,scenario_label=random,0.000000,True,True,formal_extended_baseline_screen,4167451253,1737260255,16307447.500000,335628.000000,9098724.000000,34619,8132711.373000,5220.618000,8137931.991000,10000,10000,10784,9223,,,,,,,,,,,,,,,,,,,,5.161600,,613.216753,DQTA(k_max=3),24,27.000000,,,,,,,,,,,,30007,0.333256,909.872400,33.562800,9434352.000000,943.435200,1.084246,16307.447500,,,,,,,,,,,,,
10000,96,prefixed,prefixed,scenario_label=prefixed,0.000000,True,True,formal_extended_baseline_screen,2427110912,2004057638,16149378.750000,782379.000000,4149455.000000,34826,8068550.615125,3639.485500,8072190.100625,10000,10000,10916,9273,,,,,,,,,,,,,,,,,,,,5.169400,,619.218866,DQTA(k_max=3),24,26.000000,,,,,,,,,48.000000,,,30189,0.331246,414.945500,78.237900,4931834.000000,493.183400,1.078400,16149.378750,,,,,,,,,,,,,
10000,96,prefix80,prefixed,scenario_label=prefix80,0.000000,True,True,formal_extended_baseline_screen,4263242191,1645937102,14834202.500000,997921.000000,847960.000000,31508,7450222.552750,2419.822000,7452642.374750,10000,10000,8582,8617,,,,,,,,,,,,,,,,,,,,5.072000,,674.117803,DQTA(k_max=3),24,28.000000,,,,,,,,,80.000000,,,27199,0.367661,84.796000,99.792100,1845881.000000,184.588100,1.160497,14834.202500,,,,,,,,,,,,,
10000,96,clustered,clustered,scenario_label=clustered,0.000000,True,True,formal_extended_baseline_screen,3387768436,851085141,15985150.000000,894878.000000,5394687.000000,34830,8028943.880625,4487.099500,8033430.980125,10000,10000,11037,9195,,,,,,,,,,,,,,,,,,,,5.912200,,625.580617,DQTA(k_max=3),24,27.000000,,,,,,,,,,8.000000,64.000000,30232,0.330775,539.468700,89.487800,6289565.000000,628.956500,1.087548,15985.150000,,,,,,,,,,,,,
10000,96,random,random,scenario_label=random,0.000000,True,True,formal_extended_baseline_screen,1401592609,2197773512,16380810.000000,337828.000000,9112478.000000,34892,8218698.018375,5231.895000,8223929.913375,10000,10000,10967,9283,,,,,,,,,,,,,,,,,,,,5.170100,,610.470422,DQTA(k_max=3),25,28.000000,,,,,,,,,,,,30250,0.330579,911.247800,33.782800,9450306.000000,945.030600,1.077238,16380.810000,,,,,,,,,,,,,
10000,96,prefixed,prefixed,scenario_label=prefixed,0.000000,True,True,formal_extended_baseline_screen,4217303339,3943873329,16161606.250000,782408.000000,4144210.000000,34987,8095394.731750,3636.921000,8099031.652750,10000,10000,11074,9275,,,,,,,,,,,,,,,,,,,,5.161600,,618.750379,DQTA(k_max=3),25,28.000000,,,,,,,,,48.000000,,,30349,0.329500,414.421000,78.240800,4926618.000000,492.661800,1.078167,16161.606250,,,,,,,,,,,,,
10000,96,prefix80,prefixed,scenario_label=prefix80,0.000000,True,True,formal_extended_baseline_screen,2677772902,3392136776,14804975.000000,996269.000000,848610.000000,31324,7408923.350875,2416.843000,7411340.193875,10000,10000,8416,8605,,,,,,,,,,,,,,,,,,,,5.072200,,675.448625,DQTA(k_max=3),25,26.000000,,,,,,,,,80.000000,,,27021,0.370083,84.861000,99.626900,1844879.000000,184.487900,1.162115,14804.975000,,,,,,,,,,,,,
10000,96,clustered,clustered,scenario_label=clustered,0.000000,True,True,formal_extended_baseline_screen,4190779514,2879978104,16162533.750000,907472.000000,6076392.000000,34830,8137019.474375,4853.140000,8141872.614375,10000,10000,10839,9327,,,,,,,,,,,,,,,,,,,,6.293300,,618.714872,DQTA(k_max=3),25,24.000000,,,,,,,,,,8.000000,64.000000,30166,0.331499,607.639200,90.747200,6983864.000000,698.386400,1.072156,16162.533750,,,,,,,,,,,,,
10000,96,random,random,scenario_label=random,0.000000,True,True,formal_extended_baseline_screen,2865864341,3218863492,16451728.750000,340787.000000,9115955.000000,34900,8260281.262500,5239.551500,8265520.814000,10000,10000,10870,9353,,,,,,,,,,,,,,,,,,,,5.172500,,607.838857,DQTA(k_max=3),26,28.000000,,,,,,,,,,,,30223,0.330874,911.595500,34.078700,9456742.000000,945.674200,1.069176,16451.728750,,,,,,,,,,,,,
10000,96,prefixed,prefixed,scenario_label=prefixed,0.000000,True,True,formal_extended_baseline_screen,1478210380,3845884361,16161887.500000,783333.000000,4146955.000000,34774,8087349.153875,3640.143500,8090989.297375,10000,10000,10846,9285,,,,,,,,,,,,,,,,,,,,5.165400,,618.739612,DQTA(k_max=3),26,28.000000,,,,,,,,,48.000000,,,30131,0.331884,414.695500,78.333300,4930288.000000,493.028800,1.077006,16161.887500,,,,,,,,,,,,,
10000,96,prefix80,prefixed,scenario_label=prefix80,0.000000,True,True,formal_extended_baseline_screen,229837212,2528926411,14857237.500000,999868.000000,848220.000000,31447,7440674.038250,2423.846000,7443097.884250,10000,10000,8494,8635,,,,,,,,,,,,,,,,,,,,5.068300,,673.072635,DQTA(k_max=3),26,27.000000,,,,,,,,,80.000000,,,27129,0.368609,84.822000,99.986800,1848088.000000,184.808800,1.158078,14857.237500,,,,,,,,,,,,,
10000,96,clustered,clustered,scenario_label=clustered,0.000000,True,True,formal_extended_baseline_screen,3925234375,1625575802,16057193.750000,901112.000000,4942919.000000,34651,8040861.718750,4273.683500,8045135.402250,10000,10000,10768,9255,,,,,,,,,,,,,,,,,,,,5.665500,,622.773827,DQTA(k_max=3),26,27.000000,,,,,,,,,,8.000000,64.000000,30023,0.333078,494.291900,90.111200,5844031.000000,584.403100,1.080497,16057.193750,,,,,,,,,,,,,
10000,96,random,random,scenario_label=random,0.000000,True,True,formal_extended_baseline_screen,1975682606,431818641,16453118.750000,340661.000000,9114136.000000,34748,8230574.235250,5238.390000,8235812.625250,10000,10000,10700,9365,,,,,,,,,,,,,,,,,,,,5.170600,,607.787505,DQTA(k_max=3),27,27.000000,,,,,,,,,,,,30065,0.332613,911.413600,34.066100,9454797.000000,945.479700,1.067806,16453.118750,,,,,,,,,,,,,
10000,96,prefixed,prefixed,scenario_label=prefixed,0.000000,True,True,formal_extended_baseline_screen,3217990807,3509004778,16207656.250000,785445.000000,4146133.000000,35097,8089754.168000,3643.956500,8093398.124500,10000,10000,11139,9305,,,,,,,,,,,,,,,,,,,,5.165900,,616.992355,DQTA(k_max=3),27,27.000000,,,,,,,,,48.000000,,,30444,0.328472,414.613300,78.544500,4931578.000000,493.157800,1.074691,16207.656250,,,,,,,,,,,,,
10000,96,prefix80,prefixed,scenario_label=prefix80,0.000000,True,True,formal_extended_baseline_screen,2830123666,721853135,14644913.750000,982836.000000,847946.000000,31455,7328278.765250,2389.645000,7330668.410250,10000,10000,8718,8491,,,,,,,,,,,,,,,,,,,,5.058200,,682.830925,DQTA(k_max=3),27,27.000000,,,,,,,,,80.000000,,,27209,0.367525,84.794600,98.283600,1830782.000000,183.078200,1.177718,14644.913750,,,,,,,,,,,,,
10000,96,clustered,clustered,scenario_label=clustered,0.000000,True,True,formal_extended_baseline_screen,3377847691,331512145,15950540.000000,894216.000000,5134084.000000,34405,7969576.301500,4355.474000,7973931.775500,10000,10000,10624,9187,,,,,,,,,,,,,,,,,,,,5.776900,,626.938022,DQTA(k_max=3),27,25.000000,,,,,,,,,,8.000000,64.000000,29811,0.335447,513.408400,89.421600,6028300.000000,602.830000,1.088495,15950.540000,,,,,,,,,,,,,
10000,96,random,random,scenario_label=random,0.000000,True,True,formal_extended_baseline_screen,264712398,3662714975,16395860.000000,338438.000000,9105065.000000,34806,8231031.571000,5229.408500,8236260.979500,10000,10000,10851,9303,,,,,,,,,,,,,,,,,,,,5.165300,,609.910063,DQTA(k_max=3),28,29.000000,,,,,,,,,,,,30154,0.331631,910.506500,33.843800,9443503.000000,944.350300,1.074922,16395.860000,,,,,,,,,,,,,
10000,96,prefixed,prefixed,scenario_label=prefixed,0.000000,True,True,formal_extended_baseline_screen,2849627408,1369106763,16191115.000000,785334.000000,4146611.000000,34790,8110545.691125,3643.973500,8114189.664625,10000,10000,10829,9307,,,,,,,,,,,,,,,,,,,,5.165400,,617.622690,DQTA(k_max=3),28,29.000000,,,,,,,,,48.000000,,,30136,0.331829,414.661100,78.533400,4931945.000000,493.194500,1.074460,16191.115000,,,,,,,,,,,,,
10000,96,prefix80,prefixed,scenario_label=prefix80,0.000000,True,True,formal_extended_baseline_screen,2205676394,2883378497,14777991.250000,992445.000000,848142.000000,31676,7401205.679750,2408.961000,7403614.640750,10000,10000,8816,8573,,,,,,,,,,,,,,,,,,,,5.065600,,676.681954,DQTA(k_max=3),28,26.000000,,,,,,,,,80.000000,,,27389,0.365110,84.814200,99.244500,1840587.000000,184.058700,1.166453,14777.991250,,,,,,,,,,,,,
10000,96,clustered,clustered,scenario_label=clustered,0.000000,True,True,formal_extended_baseline_screen,1883537458,299881669,16096642.500000,903008.000000,5617405.000000,34793,8090476.411375,4614.718500,8095091.129875,10000,10000,10874,9279,,,,,,,,,,,,,,,,,,,,6.037600,,621.247568,DQTA(k_max=3),28,25.000000,,,,,,,,,,8.000000,64.000000,30153,0.331642,561.740500,90.300800,6520413.000000,652.041300,1.077702,16096.642500,,,,,,,,,,,,,
10000,96,random,random,scenario_label=random,0.000000,True,True,formal_extended_baseline_screen,814411954,298947013,16319891.250000,335148.000000,9092694.000000,34864,8168908.063750,5216.643000,8174124.706750,10000,10000,11029,9223,,,,,,,,,,,,,,,,,,,,5.157500,,612.749181,DQTA(k_max=3),29,28.000000,,,,,,,,,,,,30252,0.330557,909.269400,33.514800,9427842.000000,942.784200,1.084246,16319.891250,,,,,,,,,,,,,
10000,96,prefixed,prefixed,scenario_label=prefixed,0.000000,True,True,formal_extended_baseline_screen,3130433991,1156079504,16289957.500000,790413.000000,4154050.000000,35272,8154916.168000,3657.851000,8158574.019000,10000,10000,11230,9361,,,,,,,,,,,,,,,,,,,,5.177900,,613.875144,DQTA(k_max=3),29,29.000000,,,,,,,,,48.000000,,,30591,0.326894,415.405000,79.041300,4944463.000000,494.446300,1.068262,16289.957500,,,,,,,,,,,,,
10000,96,prefix80,prefixed,scenario_label=prefix80,0.000000,True,True,formal_extended_baseline_screen,1229335753,3557779627,14628362.500000,982047.000000,847923.000000,31330,7310280.341375,2388.055500,7312668.396875,10000,10000,8602,8485,,,,,,,,,,,,,,,,,,,,5.053800,,683.603513,DQTA(k_max=3),29,27.000000,,,,,,,,,80.000000,,,27087,0.369181,84.792300,98.204700,1829970.000000,182.997000,1.178550,14628.362500,,,,,,,,,,,,,
10000,96,clustered,clustered,scenario_label=clustered,0.000000,True,True,formal_extended_baseline_screen,3172725409,1453638656,16016880.000000,898025.000000,5157364.000000,34581,8044614.724125,4374.732000,8048989.456125,10000,10000,10737,9229,,,,,,,,,,,,,,,,,,,,5.782700,,624.341320,DQTA(k_max=3),29,26.000000,,,,,,,,,,8.000000,64.000000,29966,0.333712,515.736400,89.802500,6055389.000000,605.538900,1.083541,16016.880000,,,,,,,,,,,,,
10000,96,random,random,scenario_label=random,0.000000,True,True,formal_extended_baseline_screen,1675969911,2706956758,16351743.750000,336700.000000,9109114.000000,34856,8156135.076500,5227.957000,8161363.033500,10000,10000,10973,9255,,,,,,,,,,,,,,,,,,,,5.167900,,611.555572,DQTA(k_max=3),30,26.000000,,,,,,,,,,,,30228,0.330819,910.911400,33.670000,9445814.000000,944.581400,1.080497,16351.743750,,,,,,,,,,,,,
10000,96,prefixed,prefixed,scenario_label=prefixed,0.000000,True,True,formal_extended_baseline_screen,2782577657,2671121684,16041238.750000,776281.000000,4142200.000000,34535,8033886.951375,3623.662000,8037510.613375,10000,10000,10733,9201,,,,,,,,,,,,,,,,,,,,5.158800,,623.393253,DQTA(k_max=3),30,28.000000,,,,,,,,,48.000000,,,29934,0.334068,414.220000,77.628100,4918481.000000,491.848100,1.086838,16041.238750,,,,,,,,,,,,,
10000,96,prefix80,prefixed,scenario_label=prefix80,0.000000,True,True,formal_extended_baseline_screen,511059701,3377137760,14756656.250000,991529.000000,847967.000000,31502,7398869.609625,2407.041500,7401276.651125,10000,10000,8654,8565,,,,,,,,,,,,,,,,,,,,5.060900,,677.660293,DQTA(k_max=3),30,27.000000,,,,,,,,,80.000000,,,27219,0.367390,84.796700,99.152900,1839496.000000,183.949600,1.167542,14756.656250,,,,,,,,,,,,,
10000,96,clustered,clustered,scenario_label=clustered,0.000000,True,True,formal_extended_baseline_screen,3855081597,3591928114,16002525.000000,896606.000000,4935677.000000,34676,7984775.582000,4261.050500,7989036.632500,10000,10000,10853,9215,,,,,,,,,,,,,,,,,,,,5.657300,,624.901383,DQTA(k_max=3),30,25.000000,,,,,,,,,,8.000000,64.000000,30068,0.332579,493.567700,89.660600,5832283.000000,583.228300,1.085187,16002.525000,,,,,,,,,,,,,
10000,96,random,random,scenario_label=random,0.000000,True,True,formal_extended_baseline_screen,3265993510,180503204,16404773.750000,338761.000000,9111705.000000,34862,8204932.582875,5233.374500,8210165.957375,10000,10000,10898,9309,,,,,,,,,,,,,,,,,,,,5.169500,,609.578660,DQTA(k_max=3),31,26.000000,,,,,,,,,,,,30207,0.331049,911.170500,33.876100,9450466.000000,945.046600,1.074229,16404.773750,,,,,,,,,,,,,
10000,96,prefixed,prefixed,scenario_label=prefixed,0.000000,True,True,formal_extended_baseline_screen,1064392848,2599726826,16254753.750000,789461.000000,4146519.000000,34852,8142958.194625,3652.181500,8146610.376125,10000,10000,10822,9353,,,,,,,,,,,,,,,,,,,,5.166000,,615.204644,DQTA(k_max=3),31,29.000000,,,,,,,,,48.000000,,,30175,0.331400,414.651900,78.946100,4935980.000000,493.598000,1.069176,16254.753750,,,,,,,,,,,,,
10000,96,prefix80,prefixed,scenario_label=prefix80,0.000000,True,True,formal_extended_baseline_screen,2404369372,210284949,14797986.250000,994379.000000,848120.000000,31608,7405317.414375,2412.818000,7407730.232375,10000,10000,8724,8589,,,,,,,,,,,,,,,,,,,,5.066400,,675.767623,DQTA(k_max=3),31,27.000000,,,,,,,,,80.000000,,,27313,0.366126,84.812000,99.437900,1842499.000000,184.249900,1.164280,14797.986250,,,,,,,,,,,,,
10000,96,clustered,clustered,scenario_label=clustered,0.000000,True,True,formal_extended_baseline_screen,1581184839,29867337,16134035.000000,905478.000000,5361845.000000,34888,8092901.316875,4491.878500,8097393.195375,10000,10000,10933,9303,,,,,,,,,,,,,,,,,,,,5.923700,,619.807754,DQTA(k_max=3),31,25.000000,,,,,,,,,,8.000000,64.000000,30236,0.330732,536.184500,90.547800,6267323.000000,626.732300,1.074922,16134.035000,,,,,,,,,,,,,
10000,96,random,random,scenario_label=random,0.000000,True,True,formal_extended_baseline_screen,2252910599,4167183132,16280812.500000,334278.000000,9095741.000000,34640,8137291.019375,5216.426500,8142507.445875,10000,10000,10847,9195,,,,,,,,,,,,,,,,,,,,5.159300,,614.219960,DQTA(k_max=3),32,26.000000,,,,,,,,,,,,30042,0.332867,909.574100,33.427800,9430019.000000,943.001900,1.087548,16280.812500,,,,,,,,,,,,,
10000,96,prefixed,prefixed,scenario_label=prefixed,0.000000,True,True,formal_extended_baseline_screen,3774357635,2478000337,16153943.750000,782622.000000,4145779.000000,34854,8054762.020250,3638.133500,8058400.153750,10000,10000,10941,9275,,,,,,,,,,,,,,,,,,,,5.164400,,619.043879,DQTA(k_max=3),32,29.000000,,,,,,,,,48.000000,,,30216,0.330950,414.577900,78.262200,4928401.000000,492.840100,1.078167,16153.943750,,,,,,,,,,,,,
10000,96,prefix80,prefixed,scenario_label=prefix80,0.000000,True,True,formal_extended_baseline_screen,3552680233,723815599,14844890.000000,998952.000000,848223.000000,31444,7407508.642000,2422.015500,7409930.657500,10000,10000,8503,8627,,,,,,,,,,,,,,,,,,,,5.070900,,673.632476,DQTA(k_max=3),32,27.000000,,,,,,,,,80.000000,,,27130,0.368596,84.822300,99.895200,1847175.000000,184.717500,1.159152,14844.890000,,,,,,,,,,,,,
10000,96,clustered,clustered,scenario_label=clustered,0.000000,True,True,formal_extended_baseline_screen,1120776253,3458044815,16169795.000000,907211.000000,5149405.000000,35066,8110664.274625,4389.124500,8115053.399125,10000,10000,11084,9321,,,,,,,,,,,,,,,,,,,,5.795100,,618.437030,DQTA(k_max=3),32,25.000000,,,,,,,,,,8.000000,64.000000,30405,0.328893,514.940500,90.721100,6056616.000000,605.661600,1.072846,16169.795000,,,,,,,,,,,,,
10000,96,random,random,scenario_label=random,0.000000,True,True,formal_extended_baseline_screen,2042956436,1884734425,16333855.000000,335820.000000,9106874.000000,34832,8176385.583250,5225.077000,8181610.660250,10000,10000,10973,9239,,,,,,,,,,,,,,,,,,,,5.166100,,612.225344,DQTA(k_max=3),33,26.000000,,,,,,,,,,,,30212,0.330994,910.687400,33.582000,9442694.000000,944.269400,1.082368,16333.855000,,,,,,,,,,,,,
10000,96,prefixed,prefixed,scenario_label=prefixed,0.000000,True,True,formal_extended_baseline_screen,2604247550,1927082403,16121072.500000,781802.000000,4146127.000000,34537,8050690.972875,3636.667500,8054327.640375,10000,10000,10642,9263,,,,,,,,,,,,,,,,,,,,5.165100,,620.306124,DQTA(k_max=3),33,27.000000,,,,,,,,,48.000000,,,29905,0.334392,414.612700,78.180200,4927929.000000,492.792900,1.079564,16121.072500,,,,,,,,,,,,,
10000,96,prefix80,prefixed,scenario_label=prefix80,0.000000,True,True,formal_extended_baseline_screen,4264852947,3290304042,14737911.250000,990872.000000,848199.000000,31338,7345587.759875,2405.843500,7347993.603375,10000,10000,8499,8559,,,,,,,,,,,,,,,,,,,,5.064800,,678.522202,DQTA(k_max=3),33,28.000000,,,,,,,,,80.000000,,,27058,0.369576,84.819900,99.087200,1839071.000000,183.907100,1.168361,14737.911250,,,,,,,,,,,,,
10000,96,clustered,clustered,scenario_label=clustered,0.000000,True,True,formal_extended_baseline_screen,1884500039,1226151420,16297755.000000,917212.000000,4906337.000000,34952,8166621.408750,4287.592500,8170909.001250,10000,10000,10823,9419,,,,,,,,,,,,,,,,,,,,5.673300,,613.581441,DQTA(k_max=3),33,28.000000,,,,,,,,,,8.000000,64.000000,30242,0.330666,490.633700,91.721200,5823549.000000,582.354900,1.061684,16297.755000,,,,,,,,,,,,,
10000,96,random,random,scenario_label=random,0.000000,True,True,formal_extended_baseline_screen,1926156841,96780340,16490515.000000,341631.000000,9120213.000000,35174,8259992.490000,5243.368500,8265235.858500,10000,10000,11108,9377,,,,,,,,,,,,,,,,,,,,5.175100,,606.409199,DQTA(k_max=3),34,27.000000,,,,,,,,,,,,30485,0.328030,912.021300,34.163100,9461844.000000,946.184400,1.066439,16490.515000,,,,,,,,,,,,,
10000,96,prefixed,prefixed,scenario_label=prefixed,0.000000,True,True,formal_extended_baseline_screen,304335199,2501245324,16315027.500000,792468.000000,4148280.000000,35138,8151670.792625,3659.076000,8155329.868625,10000,10000,11057,9387,,,,,,,,,,,,,,,,,,,,5.169300,,612.931851,DQTA(k_max=3),34,28.000000,,,,,,,,,48.000000,,,30444,0.328472,414.828000,79.246800,4940748.000000,494.074800,1.065303,16315.027500,,,,,,,,,,,,,
10000,96,prefix80,prefixed,scenario_label=prefix80,0.000000,True,True,formal_extended_baseline_screen,1538798478,1001900499,14766323.750000,992091.000000,847784.000000,31556,7350531.253000,2408.074000,7352939.327000,10000,10000,8702,8569,,,,,,,,,,,,,,,,,,,,5.061200,,677.216629,DQTA(k_max=3),34,27.000000,,,,,,,,,80.000000,,,27271,0.366690,84.778400,99.209100,1839875.000000,183.987500,1.166997,14766.323750,,,,,,,,,,,,,
10000,96,clustered,clustered,scenario_label=clustered,0.000000,True,True,formal_extended_baseline_screen,2234370540,3545084072,16063666.250000,900573.000000,5833592.000000,34834,7999856.194250,4717.942000,8004574.136250,10000,10000,10954,9253,,,,,,,,,,,,,,,,,,,,6.165900,,622.522894,DQTA(k_max=3),34,24.000000,,,,,,,,,,8.000000,64.000000,30207,0.331049,583.359200,90.057300,6734165.000000,673.416500,1.080731,16063.666250,,,,,,,,,,,,,
10000,96,random,random,scenario_label=random,0.000000,True,True,formal_extended_baseline_screen,2690207514,164237157,16397285.000000,338244.000000,9109763.000000,34850,8195137.618875,5231.369500,8200368.988375,10000,10000,10895,9303,,,,,,,,,,,,,,,,,,,,5.167900,,609.857059,DQTA(k_max=3),35,27.000000,,,,,,,,,,,,30198,0.331148,910.976300,33.824400,9448007.000000,944.800700,1.074922,16397.285000,,,,,,,,,,,,,
10000,96,prefixed,prefixed,scenario_label=prefixed,0.000000,True,True,formal_extended_baseline_screen,4048739445,1599141413,16138737.500000,782914.000000,4144928.000000,34570,8026314.458625,3638.292000,8029952.750625,10000,10000,10657,9275,,,,,,,,,,,,,,,,,,,,5.163800,,619.627155,DQTA(k_max=3),35,27.000000,,,,,,,,,48.000000,,,29932,0.334091,414.492800,78.291400,4927842.000000,492.784200,1.078167,16138.737500,,,,,,,,,,,,,
10000,96,prefix80,prefixed,scenario_label=prefix80,0.000000,True,True,formal_extended_baseline_screen,2800648159,3610712108,14747243.750000,990276.000000,847998.000000,31598,7373437.180375,2404.551000,7375841.731375,10000,10000,8765,8555,,,,,,,,,,,,,,,,,,,,5.059700,,678.092813,DQTA(k_max=3),35,27.000000,,,,,,,,,80.000000,,,27320,0.366032,84.799800,99.027600,1838274.000000,183.827400,1.168907,14747.243750,,,,,,,,,,,,,
10000,96,clustered,clustered,scenario_label=clustered,0.000000,True,True,formal_extended_baseline_screen,1745901410,2596632467,16060523.750000,900075.000000,6279778.000000,34880,8025010.001500,4940.039000,8029950.040500,10000,10000,11006,9249,,,,,,,,,,,,,,,,,,,,6.413400,,622.644700,DQTA(k_max=3),35,25.000000,,,,,,,,,,8.000000,64.000000,30255,0.330524,627.977800,90.007500,7179853.000000,717.985300,1.081198,16060.523750,,,,,,,,,,,,,
10000,96,random,random,scenario_label=random,0.000000,True,True,formal_extended_baseline_screen,1928770138,2036362796,16388896.250000,337975.000000,9103107.000000,34790,8210597.191375,5227.503500,8215824.694875,10000,10000,10844,9297,,,,,,,,,,,,,,,,,,,,5.163700,,610.169217,DQTA(k_max=3),36,27.000000,,,,,,,,,,,,30141,0.331774,910.310700,33.797500,9441082.000000,944.108200,1.075616,16388.896250,,,,,,,,,,,,,
10000,96,prefixed,prefixed,scenario_label=prefixed,0.000000,True,True,formal_extended_baseline_screen,1318647535,3861374672,16189098.750000,784468.000000,4145039.000000,34930,8089792.024750,3641.455500,8093433.480250,10000,10000,10981,9299,,,,,,,,,,,,,,,,,,,,5.162800,,617.699611,DQTA(k_max=3),36,26.000000,,,,,,,,,48.000000,,,30280,0.330251,414.503900,78.446800,4929507.000000,492.950700,1.075384,16189.098750,,,,,,,,,,,,,
10000,96,prefix80,prefixed,scenario_label=prefix80,0.000000,True,True,formal_extended_baseline_screen,2487161622,724152339,14826622.500000,996004.000000,848150.000000,31751,7408242.486500,2416.083000,7410658.569500,10000,10000,8846,8603,,,,,,,,,,,,,,,,,,,,5.069100,,674.462441,DQTA(k_max=3),36,27.000000,,,,,,,,,80.000000,,,27449,0.364312,84.815000,99.600400,1844154.000000,184.415400,1.162385,14826.622500,,,,,,,,,,,,,
10000,96,clustered,clustered,scenario_label=clustered,0.000000,True,True,formal_extended_baseline_screen,3755104620,1038619024,16053033.750000,900509.000000,5598211.000000,34580,8068578.164250,4600.123500,8073178.287750,10000,10000,10694,9257,,,,,,,,,,,,,,,,,,,,6.034600,,622.935213,DQTA(k_max=3),36,25.000000,,,,,,,,,,8.000000,64.000000,29951,0.333879,559.821100,90.050900,6498720.000000,649.872000,1.080264,16053.033750,,,,,,,,,,,,,
10000,96,random,random,scenario_label=random,0.000000,True,True,formal_extended_baseline_screen,3956758156,2115706997,16365932.500000,337285.000000,9105833.000000,34981,8182540.126375,5227.486500,8187767.612875,10000,10000,11089,9261,,,,,,,,,,,,,,,,,,,,5.166400,,611.025372,DQTA(k_max=3),37,27.000000,,,,,,,,,,,,30350,0.329489,910.583300,33.728500,9443118.000000,944.311800,1.079797,16365.932500,,,,,,,,,,,,,
10000,96,prefixed,prefixed,scenario_label=prefixed,0.000000,True,True,formal_extended_baseline_screen,1372255346,1502695598,16257981.250000,788809.000000,4152584.000000,35102,8107426.663125,3653.910000,8111080.573125,10000,10000,11084,9345,,,,,,,,,,,,,,,,,,,,5.175400,,615.082515,DQTA(k_max=3),37,28.000000,,,,,,,,,48.000000,,,30429,0.328634,415.258400,78.880900,4941393.000000,494.139300,1.070091,16257.981250,,,,,,,,,,,,,
10000,96,prefix80,prefixed,scenario_label=prefix80,0.000000,True,True,formal_extended_baseline_screen,707353532,3454591275,14697132.500000,987480.000000,847992.000000,31350,7327691.306875,2398.956000,7330090.262875,10000,10000,8553,8531,,,,,,,,,,,,,,,,,,,,5.058200,,680.404834,DQTA(k_max=3),37,27.000000,,,,,,,,,80.000000,,,27084,0.369222,84.799200,98.748000,1835472.000000,183.547200,1.172196,14697.132500,,,,,,,,,,,,,
10000,96,clustered,clustered,scenario_label=clustered,0.000000,True,True,formal_extended_baseline_screen,1062845759,3250680135,16102530.000000,903384.000000,5384116.000000,34870,8064215.284875,4498.826000,8068714.110875,10000,10000,10951,9279,,,,,,,,,,,,,,,,,,,,5.914800,,621.020423,DQTA(k_max=3),37,24.000000,,,,,,,,,,8.000000,64.000000,30230,0.330797,538.411600,90.338400,6287500.000000,628.750000,1.077702,16102.530000,,,,,,,,,,,,,
10000,96,random,random,scenario_label=random,0.000000,True,True,formal_extended_baseline_screen,957467494,2626302894,16440466.250000,339441.000000,9121837.000000,35094,8214017.020125,5239.800500,8219256.820625,10000,10000,11094,9333,,,,,,,,,,,,,,,,,,,,5.175500,,608.255256,DQTA(k_max=3),38,28.000000,,,,,,,,,,,,30427,0.328655,912.183700,33.944100,9461278.000000,946.127800,1.071467,16440.466250,,,,,,,,,,,,,
10000,96,prefixed,prefixed,scenario_label=prefixed,0.000000,True,True,formal_extended_baseline_screen,2919934110,3589496757,16096170.000000,778834.000000,4147749.000000,34830,8040424.181625,3631.542500,8044055.724125,10000,10000,10983,9231,,,,,,,,,,,,,,,,,,,,5.167100,,621.265804,DQTA(k_max=3),38,26.000000,,,,,,,,,48.000000,,,30214,0.330972,414.774900,77.883400,4926583.000000,492.658300,1.083306,16096.170000,,,,,,,,,,,,,
10000,96,prefix80,prefixed,scenario_label=prefix80,0.000000,True,True,formal_extended_baseline_screen,3472369517,2749685727,14828328.750000,997161.000000,848349.000000,31529,7449652.085250,2418.496500,7452070.581750,10000,10000,8609,8613,,,,,,,,,,,,,,,,,,,,5.069200,,674.384832,DQTA(k_max=3),38,28.000000,,,,,,,,,80.000000,,,27222,0.367350,84.834900,99.716100,1845510.000000,184.551000,1.161036,14828.328750,,,,,,,,,,,,,
10000,96,clustered,clustered,scenario_label=clustered,0.000000,True,True,formal_extended_baseline_screen,1660287430,3795790856,16148940.000000,906062.000000,4483008.000000,35013,8075785.182500,4053.628000,8079838.810500,10000,10000,11052,9307,,,,,,,,,,,,,,,,,,,,5.420100,,619.235690,DQTA(k_max=3),38,26.000000,,,,,,,,,,8.000000,64.000000,30359,0.329392,448.300800,90.606200,5389070.000000,538.907000,1.074460,16148.940000,,,,,,,,,,,,,
10000,96,random,random,scenario_label=random,0.000000,True,True,formal_extended_baseline_screen,2866897990,4019492237,16287868.750000,334689.000000,9095397.000000,34592,8180714.514375,5217.076500,8185931.590875,10000,10000,10784,9205,,,,,,,,,,,,,,,,,,,,5.159200,,613.953867,DQTA(k_max=3),39,26.000000,,,,,,,,,,,,29989,0.333456,909.539700,33.468900,9430086.000000,943.008600,1.086366,16287.868750,,,,,,,,,,,,,
10000,96,prefixed,prefixed,scenario_label=prefixed,0.000000,True,True,formal_extended_baseline_screen,86283338,2368754192,16122611.250000,779821.000000,4140796.000000,34899,8075823.996375,3630.040000,8079454.036375,10000,10000,11025,9249,,,,,,,,,,,,,,,,,,,,5.155200,,620.246922,DQTA(k_max=3),39,26.000000,,,,,,,,,48.000000,,,30274,0.330316,414.079600,77.982100,4920617.000000,492.061700,1.081198,16122.611250,,,,,,,,,,,,,
10000,96,prefix80,prefixed,scenario_label=prefix80,0.000000,True,True,formal_extended_baseline_screen,1243192488,1738731791,14843833.750000,997477.000000,848596.000000,31696,7443275.300125,2419.252000,7445694.552125,10000,10000,8770,8617,,,,,,,,,,,,,,,,,,,,5.068700,,673.680410,DQTA(k_max=3),39,28.000000,,,,,,,,,80.000000,,,27387,0.365137,84.859600,99.747700,1846073.000000,184.607300,1.160497,14843.833750,,,,,,,,,,,,,
10000,96,clustered,clustered,scenario_label=clustered,0.000000,True,True,formal_extended_baseline_screen,481472403,3203989763,16123901.250000,905263.000000,5392855.000000,34745,8097375.676000,4506.953500,8101882.629500,10000,10000,10793,9301,,,,,,,,,,,,,,,,,,,,5.914000,,620.197299,DQTA(k_max=3),39,27.000000,,,,,,,,,,8.000000,64.000000,30094,0.332292,539.285500,90.526300,6298118.000000,629.811800,1.075153,16123.901250,,,,,,,,,,,,,
10000,96,random,random,scenario_label=random,0.000000,True,True,formal_extended_baseline_screen,509607359,3862890557,16300750.000000,335253.000000,9099542.000000,34494,8142545.572750,5220.277000,8147765.849750,10000,10000,10656,9225,,,,,,,,,,,,,,,,,,,,5.161400,,613.468705,DQTA(k_max=3),40,28.000000,,,,,,,,,,,,29881,0.334661,909.954200,33.525300,9434795.000000,943.479500,1.084011,16300.750000,,,,,,,,,,,,,
10000,96,prefixed,prefixed,scenario_label=prefixed,0.000000,True,True,formal_extended_baseline_screen,2673896349,1918994791,16260083.750000,789923.000000,4150723.000000,34857,8123785.254250,3655.207500,8127440.461750,10000,10000,10821,9357,,,,,,,,,,,,,,,,,,,,5.172600,,615.002982,DQTA(k_max=3),40,28.000000,,,,,,,,,48.000000,,,30178,0.331367,415.072300,78.992300,4940646.000000,494.064600,1.068719,16260.083750,,,,,,,,,,,,,
10000,96,prefix80,prefixed,scenario_label=prefix80,0.000000,True,True,formal_extended_baseline_screen,1445782178,2840654655,14835598.750000,996655.000000,848213.000000,31746,7391260.914750,2417.416500,7393678.331250,10000,10000,8832,8609,,,,,,,,,,,,,,,,,,,,5.066200,,674.054359,DQTA(k_max=3),40,29.000000,,,,,,,,,80.000000,,,27441,0.364418,84.821300,99.665500,1844868.000000,184.486800,1.161575,14835.598750,,,,,,,,,,,,,
10000,96,clustered,clustered,scenario_label=clustered,0.000000,True,True,formal_extended_baseline_screen,3422425815,765492035,16009901.250000,896534.000000,4925941.000000,34874,8008666.539125,4256.038500,8012922.577625,10000,10000,11057,9211,,,,,,,,,,,,,,,,,,,,5.659500,,624.613472,DQTA(k_max=3),40,27.000000,,,,,,,,,,8.000000,64.000000,30268,0.330382,492.594100,89.653400,5822475.000000,582.247500,1.085658,16009.901250,,,,,,,,,,,,,
10000,96,random,random,scenario_label=random,0.000000,True,True,formal_extended_baseline_screen,2374982155,1776562981,16259320.000000,333623.000000,9087194.000000,34524,8135399.682500,5210.843000,8140610.525500,10000,10000,10752,9181,,,,,,,,,,,,,,,,,,,,5.154100,,615.031871,DQTA(k_max=3),41,29.000000,,,,,,,,,,,,29933,0.334079,908.719400,33.362300,9420817.000000,942.081700,1.089206,16259.320000,,,,,,,,,,,,,
10000,96,prefixed,prefixed,scenario_label=prefixed,0.000000,True,True,formal_extended_baseline_screen,2076339012,2167221419,16084448.750000,779612.000000,4146212.000000,34441,8051561.310625,3632.330000,8055193.640625,10000,10000,10582,9239,,,,,,,,,,,,,,,,,,,,5.164700,,621.718540,DQTA(k_max=3),41,27.000000,,,,,,,,,48.000000,,,29821,0.335334,414.621200,77.961200,4925824.000000,492.582400,1.082368,16084.448750,,,,,,,,,,,,,
10000,96,prefix80,prefixed,scenario_label=prefix80,0.000000,True,True,formal_extended_baseline_screen,3727899068,564711662,14752152.500000,990569.000000,848407.000000,31642,7410146.563750,2405.341500,7412551.905250,10000,10000,8806,8557,,,,,,,,,,,,,,,,,,,,5.069200,,677.867179,DQTA(k_max=3),41,27.000000,,,,,,,,,80.000000,,,27363,0.365457,84.840700,99.056900,1838976.000000,183.897600,1.168634,14752.152500,,,,,,,,,,,,,
10000,96,clustered,clustered,scenario_label=clustered,0.000000,True,True,formal_extended_baseline_screen,4098968949,982835654,15961561.250000,893248.000000,5144455.000000,34808,7997504.057000,4358.723500,8001862.780500,10000,10000,11039,9179,,,,,,,,,,,,,,,,,,,,5.789400,,626.505130,DQTA(k_max=3),41,26.000000,,,,,,,,,,8.000000,64.000000,30218,0.330929,514.445500,89.324800,6037703.000000,603.770300,1.089443,15961.561250,,,,,,,,,,,,,
10000,96,random,random,scenario_label=random,0.000000,True,True,formal_extended_baseline_screen,2681934676,13127495,16487282.500000,341206.000000,9117369.000000,35224,8285412.553875,5241.096500,8290653.650375,10000,10000,11167,9371,,,,,,,,,,,,,,,,,,,,5.173200,,606.528092,DQTA(k_max=3),42,26.000000,,,,,,,,,,,,30538,0.327461,911.736900,34.120600,9458575.000000,945.857500,1.067122,16487.282500,,,,,,,,,,,,,
10000,96,prefixed,prefixed,scenario_label=prefixed,0.000000,True,True,formal_extended_baseline_screen,3463721453,2230081073,16136272.500000,781488.000000,4140201.000000,34806,8087091.147500,3633.076500,8090724.224000,10000,10000,10911,9263,,,,,,,,,,,,,,,,,,,,5.156000,,619.721810,DQTA(k_max=3),42,26.000000,,,,,,,,,48.000000,,,30174,0.331411,414.020100,78.148800,4921689.000000,492.168900,1.079564,16136.272500,,,,,,,,,,,,,
10000,96,prefix80,prefixed,scenario_label=prefix80,0.000000,True,True,formal_extended_baseline_screen,3090696183,3077485062,14877972.500000,1000678.000000,848674.000000,31624,7443693.236875,2425.693000,7446118.929875,10000,10000,8659,8643,,,,,,,,,,,,,,,,,,,,5.075800,,672.134594,DQTA(k_max=3),42,28.000000,,,,,,,,,80.000000,,,27302,0.366274,84.867400,100.067800,1849352.000000,184.935200,1.157006,14877.972500,,,,,,,,,,,,,
10000,96,clustered,clustered,scenario_label=clustered,0.000000,True,True,formal_extended_baseline_screen,3927309367,603808970,16177576.250000,907215.000000,5623302.000000,35194,8127006.884750,4626.081000,8131632.965750,10000,10000,11212,9321,,,,,,,,,,,,,,,,,,,,6.037700,,618.139568,DQTA(k_max=3),42,26.000000,,,,,,,,,,8.000000,64.000000,30533,0.327514,562.330200,90.721500,6530517.000000,653.051700,1.072846,16177.576250,,,,,,,,,,,,,
10000,96,random,random,scenario_label=random,0.000000,True,True,formal_extended_baseline_screen,3450749702,4187974663,16465927.500000,340119.000000,9110315.000000,35129,8228585.997375,5235.395500,8233821.392875,10000,10000,11093,9357,,,,,,,,,,,,,,,,,,,,5.168200,,607.314711,DQTA(k_max=3),43,27.000000,,,,,,,,,,,,30450,0.328407,911.031500,34.011900,9450434.000000,945.043400,1.068719,16465.927500,,,,,,,,,,,,,
10000,96,prefixed,prefixed,scenario_label=prefixed,0.000000,True,True,formal_extended_baseline_screen,144876194,1251687530,16151703.750000,781392.000000,4146358.000000,35084,8105395.034625,3635.963000,8109030.997625,10000,10000,11189,9263,,,,,,,,,,,,,,,,,,,,5.164800,,619.129731,DQTA(k_max=3),43,28.000000,,,,,,,,,48.000000,,,30452,0.328386,414.635800,78.139200,4927750.000000,492.775000,1.079564,16151.703750,,,,,,,,,,,,,
10000,96,prefix80,prefixed,scenario_label=prefix80,0.000000,True,True,formal_extended_baseline_screen,1513479548,1154139466,14715740.000000,988283.000000,847876.000000,31511,7382473.325500,2400.504000,7384873.829500,10000,10000,8705,8537,,,,,,,,,,,,,,,,,,,,5.061000,,679.544488,DQTA(k_max=3),43,26.000000,,,,,,,,,80.000000,,,27242,0.367080,84.787600,98.828300,1836159.000000,183.615900,1.171372,14715.740000,,,,,,,,,,,,,
10000,96,clustered,clustered,scenario_label=clustered,0.000000,True,True,formal_extended_baseline_screen,48141908,3717180822,16142213.750000,905389.000000,6078437.000000,35054,8065043.226750,4849.996500,8069893.223250,10000,10000,11102,9301,,,,,,,,,,,,,,,,,,,,6.289100,,619.493717,DQTA(k_max=3),43,25.000000,,,,,,,,,,8.000000,64.000000,30403,0.328915,607.843700,90.538900,6983826.000000,698.382600,1.075153,16142.213750,,,,,,,,,,,,,
10000,96,random,random,scenario_label=random,0.000000,True,True,formal_extended_baseline_screen,3987099893,2597384319,16377198.750000,337488.000000,9104227.000000,34887,8212160.363125,5227.089500,8217387.452625,10000,10000,10968,9279,,,,,,,,,,,,,,,,,,,,5.164700,,610.605034,DQTA(k_max=3),44,28.000000,,,,,,,,,,,,30247,0.330611,910.422700,33.748800,9441715.000000,944.171500,1.077702,16377.198750,,,,,,,,,,,,,
10000,96,prefixed,prefixed,scenario_label=prefixed,0.000000,True,True,formal_extended_baseline_screen,2327316353,2423545559,16141450.000000,782041.000000,4147222.000000,34838,8097021.704750,3637.693000,8100659.397750,10000,10000,10940,9265,,,,,,,,,,,,,,,,,,,,5.167200,,619.523029,DQTA(k_max=3),44,28.000000,,,,,,,,,48.000000,,,30205,0.331071,414.722200,78.204100,4929263.000000,492.926300,1.079331,16141.450000,,,,,,,,,,,,,
10000,96,prefix80,prefixed,scenario_label=prefix80,0.000000,True,True,formal_extended_baseline_screen,2316918874,655554559,14743062.500000,990402.000000,848104.000000,31530,7412159.176125,2404.856000,7414564.032125,10000,10000,8697,8555,,,,,,,,,,,,,,,,,,,,5.066400,,678.285126,DQTA(k_max=3),44,27.000000,,,,,,,,,80.000000,,,27252,0.366946,84.810400,99.040200,1838506.000000,183.850600,1.168907,14743.062500,,,,,,,,,,,,,
10000,96,clustered,clustered,scenario_label=clustered,0.000000,True,True,formal_extended_baseline_screen,828653254,2178256316,16001807.500000,896264.000000,5393099.000000,34758,7946506.046625,4489.077500,7950995.124125,10000,10000,10941,9211,,,,,,,,,,,,,,,,,,,,5.908200,,624.929403,DQTA(k_max=3),44,24.000000,,,,,,,,,,8.000000,64.000000,30152,0.331653,539.309900,89.626400,6289363.000000,628.936300,1.085658,16001.807500,,,,,,,,,,,,,
10000,96,random,random,scenario_label=random,0.000000,True,True,formal_extended_baseline_screen,3580828999,3616732192,16452077.500000,340076.000000,9109430.000000,35034,8242380.780625,5234.867000,8247615.647625,10000,10000,11013,9347,,,,,,,,,,,,,,,,,,,,5.168000,,607.825972,DQTA(k_max=3),45,27.000000,,,,,,,,,,,,30360,0.329381,910.943000,34.007600,9449506.000000,944.950600,1.069862,16452.077500,,,,,,,,,,,,,
10000,96,prefixed,prefixed,scenario_label=prefixed,0.000000,True,True,formal_extended_baseline_screen,1476163045,2812475676,15996073.750000,772490.000000,4134083.000000,34671,7972532.225000,3612.021500,7976144.246500,10000,10000,10932,9159,,,,,,,,,,,,,,,,,,,,5.146500,,625.153407,DQTA(k_max=3),45,26.000000,,,,,,,,,48.000000,,,30091,0.332325,413.408300,77.249000,4906573.000000,490.657300,1.091822,15996.073750,,,,,,,,,,,,,
10000,96,prefix80,prefixed,scenario_label=prefix80,0.000000,True,True,formal_extended_baseline_screen,2573149326,2724922065,14610143.750000,981018.000000,847816.000000,31263,7337522.640375,2385.944000,7339908.584375,10000,10000,8550,8475,,,,,,,,,,,,,,,,,,,,5.055600,,684.455962,DQTA(k_max=3),45,27.000000,,,,,,,,,80.000000,,,27025,0.370028,84.781600,98.101800,1828834.000000,182.883400,1.179941,14610.143750,,,,,,,,,,,,,
10000,96,clustered,clustered,scenario_label=clustered,0.000000,True,True,formal_extended_baseline_screen,2581397823,1945589747,16049052.500000,900430.000000,4465122.000000,34672,8049006.209375,4033.421000,8053039.630375,10000,10000,10801,9247,,,,,,,,,,,,,,,,,,,,5.413900,,623.089743,DQTA(k_max=3),45,27.000000,,,,,,,,,,8.000000,64.000000,30048,0.332801,446.512200,90.043000,5365552.000000,536.555200,1.081432,16049.052500,,,,,,,,,,,,,
10000,96,random,random,scenario_label=random,0.000000,True,True,formal_extended_baseline_screen,3716381950,1246744351,16351560.000000,336183.000000,9096479.000000,34901,8199165.700000,5220.605500,8204386.305500,10000,10000,11021,9253,,,,,,,,,,,,,,,,,,,,5.159500,,611.562444,DQTA(k_max=3),46,26.000000,,,,,,,,,,,,30274,0.330316,909.647900,33.618300,9432662.000000,943.266200,1.080731,16351.560000,,,,,,,,,,,,,
10000,96,prefixed,prefixed,scenario_label=prefixed,0.000000,True,True,formal_extended_baseline_screen,2477060584,1245897829,16134936.250000,781302.000000,4146042.000000,34875,8100901.652000,3635.625000,8104537.277000,10000,10000,10986,9259,,,,,,,,,,,,,,,,,,,,5.164900,,619.773134,DQTA(k_max=3),46,27.000000,,,,,,,,,48.000000,,,30245,0.330633,414.604200,78.130200,4927344.000000,492.734400,1.080030,16134.936250,,,,,,,,,,,,,
10000,96,prefix80,prefixed,scenario_label=prefix80,0.000000,True,True,formal_extended_baseline_screen,2069287118,4002050766,14883555.000000,1001337.000000,848457.000000,31562,7463538.582000,2426.902500,7465965.484500,10000,10000,8588,8649,,,,,,,,,,,,,,,,,,,,5.070200,,671.882490,DQTA(k_max=3),46,28.000000,,,,,,,,,80.000000,,,27237,0.367148,84.845700,100.133700,1849794.000000,184.979400,1.156203,14883.555000,,,,,,,,,,,,,
10000,96,clustered,clustered,scenario_label=clustered,0.000000,True,True,formal_extended_baseline_screen,4117600980,2836985707,16143737.500000,905647.000000,4927511.000000,34992,8082112.214750,4275.049500,8086387.264250,10000,10000,11034,9305,,,,,,,,,,,,,,,,,,,,5.668800,,619.435245,DQTA(k_max=3),46,25.000000,,,,,,,,,,8.000000,64.000000,30339,0.329609,492.751100,90.564700,5833158.000000,583.315800,1.074691,16143.737500,,,,,,,,,,,,,
10000,96,random,random,scenario_label=random,0.000000,True,True,formal_extended_baseline_screen,2943036703,661059574,16365340.000000,337226.000000,9095158.000000,34878,8195359.945750,5222.031000,8200581.976750,10000,10000,10977,9267,,,,,,,,,,,,,,,,,,,,5.159500,,611.047494,DQTA(k_max=3),47,28.000000,,,,,,,,,,,,30244,0.330644,909.515800,33.722600,9432384.000000,943.238400,1.079098,16365.340000,,,,,,,,,,,,,
10000,96,prefixed,prefixed,scenario_label=prefixed,0.000000,True,True,formal_extended_baseline_screen,2255604210,1888076341,16205147.500000,785921.000000,4147490.000000,34894,8110813.415125,3645.587000,8114459.002125,10000,10000,10924,9313,,,,,,,,,,,,,,,,,,,,5.167100,,617.087873,DQTA(k_max=3),47,27.000000,,,,,,,,,48.000000,,,30237,0.330721,414.749000,78.592100,4933411.000000,493.341100,1.073768,16205.147500,,,,,,,,,,,,,
10000,96,prefix80,prefixed,scenario_label=prefix80,0.000000,True,True,formal_extended_baseline_screen,1998039315,2353220594,14638060.000000,983077.000000,847942.000000,31291,7335341.202750,2390.125000,7337731.327750,10000,10000,8551,8493,,,,,,,,,,,,,,,,,,,,5.057400,,683.150636,DQTA(k_max=3),47,26.000000,,,,,,,,,80.000000,,,27044,0.369768,84.794200,98.307700,1831019.000000,183.101900,1.177440,14638.060000,,,,,,,,,,,,,
10000,96,clustered,clustered,scenario_label=clustered,0.000000,True,True,formal_extended_baseline_screen,1376940312,4173213931,16159975.000000,907675.000000,4948156.000000,34808,8119819.264625,4289.428000,8124108.692625,10000,10000,10820,9325,,,,,,,,,,,,,,,,,,,,5.675800,,618.812839,DQTA(k_max=3),47,26.000000,,,,,,,,,,8.000000,64.000000,30145,0.331730,494.815600,90.767500,5855831.000000,585.583100,1.072386,16159.975000,,,,,,,,,,,,,
10000,96,random,random,scenario_label=random,0.000000,True,True,formal_extended_baseline_screen,4126669249,1545317160,16390446.250000,338413.000000,9108196.000000,34796,8228385.007875,5230.924000,8233615.931875,10000,10000,10850,9297,,,,,,,,,,,,,,,,,,,,5.167400,,610.111515,DQTA(k_max=3),48,29.000000,,,,,,,,,,,,30147,0.331708,910.819600,33.841300,9446609.000000,944.660900,1.075616,16390.446250,,,,,,,,,,,,,
10000,96,prefixed,prefixed,scenario_label=prefixed,0.000000,True,True,formal_extended_baseline_screen,2193895526,2364194442,16213501.250000,786006.000000,4148346.000000,35066,8128279.682875,3646.185000,8131925.867875,10000,10000,11099,9311,,,,,,,,,,,,,,,,,,,,5.169300,,616.769928,DQTA(k_max=3),48,29.000000,,,,,,,,,48.000000,,,30410,0.328839,414.834600,78.600600,4934352.000000,493.435200,1.073998,16213.501250,,,,,,,,,,,,,
10000,96,prefix80,prefixed,scenario_label=prefix80,0.000000,True,True,formal_extended_baseline_screen,3566718053,3748818032,14760048.750000,992211.000000,847909.000000,31448,7412169.425625,2408.376500,7414577.802125,10000,10000,8594,8569,,,,,,,,,,,,,,,,,,,,5.066700,,677.504537,DQTA(k_max=3),48,27.000000,,,,,,,,,80.000000,,,27163,0.368148,84.790900,99.221100,1840120.000000,184.012000,1.166997,14760.048750,,,,,,,,,,,,,
10000,96,clustered,clustered,scenario_label=clustered,0.000000,True,True,formal_extended_baseline_screen,3761635906,553661935,16124231.250000,904730.000000,4942459.000000,34868,8075857.058250,4280.689500,8080137.747750,10000,10000,10925,9295,,,,,,,,,,,,,,,,,,,,5.662600,,620.184606,DQTA(k_max=3),48,26.000000,,,,,,,,,,8.000000,64.000000,30220,0.330907,494.245900,90.473000,5847189.000000,584.718900,1.075847,16124.231250,,,,,,,,,,,,,
10000,96,random,random,scenario_label=random,0.000000,True,True,formal_extended_baseline_screen,675927661,1028624702,16461331.250000,340169.000000,9117566.000000,35231,8242401.034875,5239.121000,8247640.155875,10000,10000,11213,9345,,,,,,,,,,,,,,,,,,,,5.173300,,607.484282,DQTA(k_max=3),49,28.000000,,,,,,,,,,,,30558,0.327247,911.756600,34.016900,9457735.000000,945.773500,1.070091,16461.331250,,,,,,,,,,,,,
10000,96,prefixed,prefixed,scenario_label=prefixed,0.000000,True,True,formal_extended_baseline_screen,2044777110,4236368730,16134546.250000,781327.000000,4149848.000000,34906,8074267.390625,3637.578000,8077904.968625,10000,10000,11020,9257,,,,,,,,,,,,,,,,,,,,5.171200,,619.788115,DQTA(k_max=3),49,27.000000,,,,,,,,,48.000000,,,30277,0.330284,414.984800,78.132700,4931175.000000,493.117500,1.080264,16134.546250,,,,,,,,,,,,,
10000,96,prefix80,prefixed,scenario_label=prefix80,0.000000,True,True,formal_extended_baseline_screen,2799794232,119796466,14816133.750000,996542.000000,848335.000000,31456,7421178.996500,2417.251500,7423596.248000,10000,10000,8545,8607,,,,,,,,,,,,,,,,,,,,5.069300,,674.939911,DQTA(k_max=3),49,29.000000,,,,,,,,,80.000000,,,27152,0.368297,84.833500,99.654200,1844877.000000,184.487700,1.161845,14816.133750,,,,,,,,,,,,,
10000,96,clustered,clustered,scenario_label=clustered,0.000000,True,True,formal_extended_baseline_screen,2841386880,4028359111,16006165.000000,897051.000000,5381732.000000,34676,7971431.268500,4484.968000,7975916.236500,10000,10000,10850,9217,,,,,,,,,,,,,,,,,,,,5.905900,,624.759272,DQTA(k_max=3),49,25.000000,,,,,,,,,,8.000000,64.000000,30067,0.332591,538.173200,89.705100,6278783.000000,627.878300,1.084952,16006.165000,,,,,,,,,,,,,
10000,96,random,random,scenario_label=random,0.000000,True,True,formal_extended_baseline_screen,3623283272,3073157684,22395928.750000,1463182.000000,1412850.000000,18339,11217300.591500,3632.789000,11220933.380500,10000,10000,0,8338,,,,,,,,,,,,,,,,,,,,3.800000,,446.509726,EAQ_CBB,0,2459.000000,,,,,,,,,,,,18338,0.545316,141.285000,146.318200,2876032.000000,287.603200,1.199328,22395.928750,,,,,,,,,,,,,
10000,96,prefixed,prefixed,scenario_label=prefixed,0.000000,True,True,formal_extended_baseline_screen,116656660,301982494,26105540.000000,1860720.000000,740909.000000,18303,13014596.781125,4091.894500,13018688.675625,10000,10000,0,8302,,,,,,,,,,,,,,,,,,,,3.800000,,383.060454,EAQ_CBB,0,2462.000000,,,,,,,,,48.000000,,,18302,0.546388,74.090900,186.072000,2601629.000000,260.162900,1.204529,26105.540000,,,,,,,,,,,,,
10000,96,prefix80,prefixed,scenario_label=prefix80,0.000000,True,True,formal_extended_baseline_screen,1741802094,2831792191,28525800.000000,2121264.000000,290989.000000,18261,14222991.820000,4388.022500,14227379.842500,10000,10000,0,8260,,,,,,,,,,,,,,,,,,,,3.781200,,350.559844,EAQ_CBB,0,2456.000000,,,,,,,,,80.000000,,,18260,0.547645,29.098900,212.126400,2412253.000000,241.225300,1.210654,28525.800000,,,,,,,,,,,,,
10000,96,clustered,clustered,scenario_label=clustered,0.000000,True,True,formal_extended_baseline_screen,2095316255,2962009667,25933770.000000,1756888.000000,1352955.000000,19907,12948606.517750,4190.253500,12952796.771250,10000,10000,0,9906,,,,,,,,,,,,,,,,,,,,4.219800,,385.597620,EAQ_CBB,0,2458.000000,,,,,,,,,,8.000000,64.000000,19906,0.502361,135.295500,175.688800,3109843.000000,310.984300,1.009489,25933.770000,,,,,,,,,,,,,
10000,96,random,random,scenario_label=random,0.000000,True,True,formal_extended_baseline_screen,3864099846,1957442696,22454798.750000,1465938.000000,1422842.000000,18405,11237419.415750,3643.297000,11241062.712750,10000,10000,0,8404,,,,,,,,,,,,,,,,,,,,3.821000,,445.339106,EAQ_CBB,1,2460.000000,,,,,,,,,,,,18404,0.543360,142.284200,146.593800,2888780.000000,288.878000,1.189910,22454.798750,,,,,,,,,,,,,
10000,96,prefixed,prefixed,scenario_label=prefixed,0.000000,True,True,formal_extended_baseline_screen,889203247,1432694747,26143030.000000,1863052.000000,737755.000000,18335,13079549.167875,4094.981500,13083644.149375,10000,10000,0,8334,,,,,,,,,,,,,,,,,,,,3.787800,,382.511132,EAQ_CBB,1,2463.000000,,,,,,,,,48.000000,,,18334,0.545435,73.775500,186.305200,2600807.000000,260.080700,1.199904,26143.030000,,,,,,,,,,,,,
10000,96,prefix80,prefixed,scenario_label=prefix80,0.000000,True,True,formal_extended_baseline_screen,2669137359,3090894289,28578715.000000,2125004.000000,292197.000000,18293,14293254.372875,4396.106500,14297650.479375,10000,10000,0,8292,,,,,,,,,,,,,,,,,,,,3.786400,,349.910764,EAQ_CBB,1,2451.000000,,,,,,,,,80.000000,,,18292,0.546687,29.219700,212.500400,2417201.000000,241.720100,1.205982,28578.715000,,,,,,,,,,,,,
10000,96,clustered,clustered,scenario_label=clustered,0.000000,True,True,formal_extended_baseline_screen,1179273823,1251620312,26784302.500000,1792368.000000,1474010.000000,21043,13380052.159000,4321.741000,13384373.900000,10000,10000,0,11042,,,,,,,,,,,,,,,,,,,,4.498200,,373.353012,EAQ_CBB,1,2467.000000,,,,,,,,,,8.000000,64.000000,21042,0.475240,147.401000,179.236800,3266378.000000,326.637800,0.905633,26784.302500,,,,,,,,,,,,,
10000,96,random,random,scenario_label=random,0.000000,True,True,formal_extended_baseline_screen,813036364,3148887650,22362321.250000,1461706.000000,1406000.000000,18303,11166443.367250,3626.412000,11170069.779250,10000,10000,0,8302,,,,,,,,,,,,,,,,,,,,3.786600,,447.180768,EAQ_CBB,2,2451.000000,,,,,,,,,,,,18302,0.546388,140.600000,146.170600,2867706.000000,286.770600,1.204529,22362.321250,,,,,,,,,,,,,
10000,96,prefixed,prefixed,scenario_label=prefixed,0.000000,True,True,formal_extended_baseline_screen,1822834370,870808030,26232280.000000,1869008.000000,741371.000000,18405,13108699.453875,4108.701500,13112808.155375,10000,10000,0,8404,,,,,,,,,,,,,,,,,,,,3.804600,,381.209716,EAQ_CBB,2,2471.000000,,,,,,,,,48.000000,,,18404,0.543360,74.137100,186.900800,2610379.000000,261.037900,1.189910,26232.280000,,,,,,,,,,,,,
10000,96,prefix80,prefixed,scenario_label=prefix80,0.000000,True,True,formal_extended_baseline_screen,2479815273,3546012536,28562271.250000,2123858.000000,291219.000000,18283,14300152.317750,4393.325500,14304545.643250,10000,10000,0,8282,,,,,,,,,,,,,,,,,,,,3.780400,,350.112213,EAQ_CBB,2,2464.000000,,,,,,,,,80.000000,,,18282,0.546986,29.121900,212.385800,2415077.000000,241.507700,1.207438,28562.271250,,,,,,,,,,,,,
10000,96,clustered,clustered,scenario_label=clustered,0.000000,True,True,formal_extended_baseline_screen,2073761602,1889351115,26502878.750000,1782046.000000,1453619.000000,20609,13253112.861250,4290.901500,13257403.762750,10000,10000,0,10608,,,,,,,,,,,,,,,,,,,,4.431400,,377.317502,EAQ_CBB,2,2457.000000,,,,,,,,,,8.000000,64.000000,20608,0.485248,145.361900,178.204600,3235665.000000,323.566500,0.942685,26502.878750,,,,,,,,,,,,,
10000,96,random,random,scenario_label=random,0.000000,True,True,formal_extended_baseline_screen,57753915,2517318603,22347362.500000,1461096.000000,1402823.000000,18281,11160477.007375,3623.603500,11164100.610875,10000,10000,0,8280,,,,,,,,,,,,,,,,,,,,3.780200,,447.480100,EAQ_CBB,3,2465.000000,,,,,,,,,,,,18280,0.547046,140.282300,146.109600,2863919.000000,286.391900,1.207729,22347.362500,,,,,,,,,,,,,
10000,96,prefixed,prefixed,scenario_label=prefixed,0.000000,True,True,formal_extended_baseline_screen,2219440691,1923737377,26041405.000000,1856496.000000,735414.000000,18255,12990484.495250,4080.699000,12994565.194250,10000,10000,0,8254,,,,,,,,,,,,,,,,,,,,3.777400,,384.003858,EAQ_CBB,3,2449.000000,,,,,,,,,48.000000,,,18254,0.547825,73.541400,185.649600,2591910.000000,259.191000,1.211534,26041.405000,,,,,,,,,,,,,
10000,96,prefix80,prefixed,scenario_label=prefix80,0.000000,True,True,formal_extended_baseline_screen,1286928148,3471320494,28692563.750000,2133266.000000,292183.000000,18367,14357103.510125,4412.623500,14361516.133625,10000,10000,0,8366,,,,,,,,,,,,,,,,,,,,3.791800,,348.522359,EAQ_CBB,3,2462.000000,,,,,,,,,80.000000,,,18366,0.544484,29.218300,213.326600,2425449.000000,242.544900,1.195314,28692.563750,,,,,,,,,,,,,
10000,96,clustered,clustered,scenario_label=clustered,0.000000,True,True,formal_extended_baseline_screen,787561323,97793754,26357547.500000,1774744.000000,1424868.000000,20419,13184889.908500,4261.922000,13189151.830500,10000,10000,0,10418,,,,,,,,,,,,,,,,,,,,4.356400,,379.397969,EAQ_CBB,3,2460.000000,,,,,,,,,,8.000000,64.000000,20418,0.489764,142.486800,177.474400,3199612.000000,319.961200,0.959877,26357.547500,,,,,,,,,,,,,
10000,96,random,random,scenario_label=random,0.000000,True,True,formal_extended_baseline_screen,3819630184,4106673778,22372907.500000,1462220.000000,1410470.000000,18307,11173833.207125,3629.675000,11177462.882125,10000,10000,0,8306,,,,,,,,,,,,,,,,,,,,3.793400,,446.969175,EAQ_CBB,4,2448.000000,,,,,,,,,,,,18306,0.546269,141.047000,146.222000,2872690.000000,287.269000,1.203949,22372.907500,,,,,,,,,,,,,
10000,96,prefixed,prefixed,scenario_label=prefixed,0.000000,True,True,formal_extended_baseline_screen,889858016,1261334551,26144811.250000,1863114.000000,739295.000000,18335,13013214.725000,4095.875500,13017310.600500,10000,10000,0,8334,,,,,,,,,,,,,,,,,,,,3.791000,,382.485071,EAQ_CBB,4,2455.000000,,,,,,,,,48.000000,,,18334,0.545435,73.929500,186.311400,2602409.000000,260.240900,1.199904,26144.811250,,,,,,,,,,,,,
10000,96,prefix80,prefixed,scenario_label=prefix80,0.000000,True,True,formal_extended_baseline_screen,2696116183,756964015,28580948.750000,2125250.000000,290946.000000,18295,14307120.791500,4395.973000,14311516.764500,10000,10000,0,8294,,,,,,,,,,,,,,,,,,,,3.776600,,349.883417,EAQ_CBB,4,2458.000000,,,,,,,,,80.000000,,,18294,0.546627,29.094600,212.525000,2416196.000000,241.619600,1.205691,28580.948750,,,,,,,,,,,,,
10000,96,clustered,clustered,scenario_label=clustered,0.000000,True,True,formal_extended_baseline_screen,688500632,772303308,26371077.500000,1778224.000000,1401414.000000,20443,13199104.711500,4257.155000,13203361.866500,10000,10000,0,10442,,,,,,,,,,,,,,,,,,,,4.356800,,379.203315,EAQ_CBB,4,2454.000000,,,,,,,,,,8.000000,64.000000,20442,0.489189,140.141400,177.822400,3179638.000000,317.963800,0.957671,26371.077500,,,,,,,,,,,,,
10000,96,random,random,scenario_label=random,0.000000,True,True,formal_extended_baseline_screen,2608777085,948291188,22314706.250000,1459734.000000,1403713.000000,18241,11169148.492875,3621.324500,11172769.817375,10000,10000,0,8240,,,,,,,,,,,,,,,,,,,,3.781200,,448.134960,EAQ_CBB,5,2459.000000,,,,,,,,,,,,18240,0.548246,140.371300,145.973400,2863447.000000,286.344700,1.213592,22314.706250,,,,,,,,,,,,,
10000,96,prefixed,prefixed,scenario_label=prefixed,0.000000,True,True,formal_extended_baseline_screen,3513520067,1259975219,26010143.750000,1854394.000000,735374.000000,18231,13024341.915250,4076.475000,13028418.390250,10000,10000,0,8230,,,,,,,,,,,,,,,,,,,,3.777200,,384.465388,EAQ_CBB,5,2444.000000,,,,,,,,,48.000000,,,18230,0.548546,73.537400,185.439400,2589768.000000,258.976800,1.215067,26010.143750,,,,,,,,,,,,,
10000,96,prefix80,prefixed,scenario_label=prefix80,0.000000,True,True,formal_extended_baseline_screen,1840913042,4280398246,28648887.500000,2130092.000000,292213.000000,18341,14337484.239875,4406.290500,14341890.530375,10000,10000,0,8340,,,,,,,,,,,,,,,,,,,,3.793400,,349.053694,EAQ_CBB,5,2461.000000,,,,,,,,,80.000000,,,18340,0.545256,29.221300,213.009200,2422305.000000,242.230500,1.199041,28648.887500,,,,,,,,,,,,,
10000,96,clustered,clustered,scenario_label=clustered,0.000000,True,True,formal_extended_baseline_screen,3399855602,2509001359,26515538.750000,1778366.000000,1450444.000000,20727,13268042.308750,4281.954000,13272324.262750,10000,10000,0,10726,,,,,,,,,,,,,,,,,,,,4.420000,,377.137349,EAQ_CBB,5,2462.000000,,,,,,,,,,8.000000,64.000000,20726,0.482486,145.044400,177.836600,3228810.000000,322.881000,0.932314,26515.538750,,,,,,,,,,,,,
10000,96,random,random,scenario_label=random,0.000000,True,True,formal_extended_baseline_screen,1011355210,3559286975,22391856.250000,1463178.000000,1411177.000000,18331,11200519.085000,3631.944500,11204151.029500,10000,10000,0,8330,,,,,,,,,,,,,,,,,,,,3.797000,,446.590934,EAQ_CBB,6,2456.000000,,,,,,,,,,,,18330,0.545554,141.117700,146.317800,2874355.000000,287.435500,1.200480,22391.856250,,,,,,,,,,,,,
10000,96,prefixed,prefixed,scenario_label=prefixed,0.000000,True,True,formal_extended_baseline_screen,4182455193,1479875122,26001780.000000,1853680.000000,735450.000000,18225,13024796.501500,4075.085000,13028871.586500,10000,10000,0,8224,,,,,,,,,,,,,,,,,,,,3.775600,,384.589055,EAQ_CBB,6,2453.000000,,,,,,,,,48.000000,,,18224,0.548727,73.545000,185.368000,2589130.000000,258.913000,1.215953,26001.780000,,,,,,,,,,,,,
10000,96,prefix80,prefixed,scenario_label=prefix80,0.000000,True,True,formal_extended_baseline_screen,234351616,3958696863,28583670.000000,2125400.000000,290808.000000,18297,14293136.002125,4396.204000,14297532.206125,10000,10000,0,8296,,,,,,,,,,,,,,,,,,,,3.775400,,349.850107,EAQ_CBB,6,2469.000000,,,,,,,,,80.000000,,,18296,0.546568,29.080800,212.540000,2416208.000000,241.620800,1.205400,28583.670000,,,,,,,,,,,,,
10000,96,clustered,clustered,scenario_label=clustered,0.000000,True,True,formal_extended_baseline_screen,1672192143,1500673739,25480185.000000,1738580.000000,1271874.000000,19379,12745927.418625,4113.097000,12750040.515625,10000,10000,0,9378,,,,,,,,,,,,,,,,,,,,4.059000,,392.461829,EAQ_CBB,6,2461.000000,,,,,,,,,,8.000000,64.000000,19378,0.516049,127.187400,173.858000,3010454.000000,301.045400,1.066325,25480.185000,,,,,,,,,,,,,
10000,96,random,random,scenario_label=random,0.000000,True,True,formal_extended_baseline_screen,2772753435,211298950,22368957.500000,1462048.000000,1405360.000000,18307,11158245.390750,3626.776000,11161872.166750,10000,10000,0,8306,,,,,,,,,,,,,,,,,,,,3.785200,,447.048102,EAQ_CBB,7,2460.000000,,,,,,,,,,,,18306,0.546269,140.536000,146.204800,2867408.000000,286.740800,1.203949,22368.957500,,,,,,,,,,,,,
10000,96,prefixed,prefixed,scenario_label=prefixed,0.000000,True,True,formal_extended_baseline_screen,1416235163,2715203395,26182123.750000,1865646.000000,737322.000000,18365,13075892.191250,4099.953000,13079992.144250,10000,10000,0,8364,,,,,,,,,,,,,,,,,,,,3.786400,,381.939987,EAQ_CBB,7,2455.000000,,,,,,,,,48.000000,,,18364,0.544544,73.732200,186.564600,2602968.000000,260.296800,1.195600,26182.123750,,,,,,,,,,,,,
10000,96,prefix80,prefixed,scenario_label=prefix80,0.000000,True,True,formal_extended_baseline_screen,2635025427,2431670586,28641715.000000,2129812.000000,291961.000000,18333,14286949.670750,4405.604500,14291355.275250,10000,10000,0,8332,,,,,,,,,,,,,,,,,,,,3.795200,,349.141104,EAQ_CBB,7,2461.000000,,,,,,,,,80.000000,,,18332,0.545494,29.196100,212.981200,2421773.000000,242.177300,1.200192,28641.715000,,,,,,,,,,,,,
10000,96,clustered,clustered,scenario_label=clustered,0.000000,True,True,formal_extended_baseline_screen,1710578268,816341702,26364531.250000,1774506.000000,1419610.000000,20441,13174543.431375,4258.817000,13178802.248375,10000,10000,0,10440,,,,,,,,,,,,,,,,,,,,4.337800,,379.297470,EAQ_CBB,7,2448.000000,,,,,,,,,,8.000000,64.000000,20440,0.489237,141.961000,177.450600,3194116.000000,319.411600,0.957854,26364.531250,,,,,,,,,,,,,
10000,96,random,random,scenario_label=random,0.000000,True,True,formal_extended_baseline_screen,3926250230,1927176314,22359355.000000,1461564.000000,1403441.000000,18295,11178453.066000,3624.848500,11182077.914500,10000,10000,0,8294,,,,,,,,,,,,,,,,,,,,3.780800,,447.240093,EAQ_CBB,8,2467.000000,,,,,,,,,,,,18294,0.546627,140.344100,146.156400,2865005.000000,286.500500,1.205691,22359.355000,,,,,,,,,,,,,
10000,96,prefixed,prefixed,scenario_label=prefixed,0.000000,True,True,formal_extended_baseline_screen,834749396,3565285452,26201996.250000,1866986.000000,740660.000000,18383,13052416.173750,4104.302000,13056520.475750,10000,10000,0,8382,,,,,,,,,,,,,,,,,,,,3.802400,,381.650310,EAQ_CBB,8,2457.000000,,,,,,,,,48.000000,,,18382,0.544010,74.066000,186.698600,2607646.000000,260.764600,1.193033,26201.996250,,,,,,,,,,,,,
10000,96,prefix80,prefixed,scenario_label=prefix80,0.000000,True,True,formal_extended_baseline_screen,3619142060,3255653498,28733166.250000,2136670.000000,292985.000000,18389,14330417.185750,4419.832500,14334837.018250,10000,10000,0,8388,,,,,,,,,,,,,,,,,,,,3.814400,,348.029866,EAQ_CBB,8,2451.000000,,,,,,,,,80.000000,,,18388,0.543833,29.298500,213.667000,2429655.000000,242.965500,1.192179,28733.166250,,,,,,,,,,,,,
10000,96,clustered,clustered,scenario_label=clustered,0.000000,True,True,formal_extended_baseline_screen,3961209957,3247382900,25992397.500000,1759916.000000,1358463.000000,20009,13004626.921000,4199.063500,13008825.984500,10000,10000,0,10008,,,,,,,,,,,,,,,,,,,,4.238800,,384.727881,EAQ_CBB,8,2446.000000,,,,,,,,,,8.000000,64.000000,20008,0.499800,135.846300,175.991600,3118379.000000,311.837900,0.999201,25992.397500,,,,,,,,,,,,,
10000,96,random,random,scenario_label=random,0.000000,True,True,formal_extended_baseline_screen,58426829,1634033598,22327605.000000,1460300.000000,1405239.000000,18255,11203708.383125,3623.219500,11207331.602625,10000,10000,0,8254,,,,,,,,,,,,,,,,,,,,3.783800,,447.876071,EAQ_CBB,9,2458.000000,,,,,,,,,,,,18254,0.547825,140.523900,146.030000,2865539.000000,286.553900,1.211534,22327.605000,,,,,,,,,,,,,
10000,96,prefixed,prefixed,scenario_label=prefixed,0.000000,True,True,formal_extended_baseline_screen,1183400892,1494908432,26079655.000000,1859100.000000,737534.000000,18285,13033142.134000,4086.967000,13037229.101000,10000,10000,0,8284,,,,,,,,,,,,,,,,,,,,3.788800,,383.440655,EAQ_CBB,9,2460.000000,,,,,,,,,48.000000,,,18284,0.546926,73.753400,185.910000,2596634.000000,259.663400,1.207146,26079.655000,,,,,,,,,,,,,
10000,96,prefix80,prefixed,scenario_label=prefix80,0.000000,True,True,formal_extended_baseline_screen,3771146367,1175527248,28703877.500000,2134336.000000,292602.000000,18373,14331740.465500,4414.973000,14336155.438500,10000,10000,0,8372,,,,,,,,,,,,,,,,,,,,3.804400,,348.384987,EAQ_CBB,9,2444.000000,,,,,,,,,80.000000,,,18372,0.544307,29.260200,213.433600,2426938.000000,242.693800,1.194458,28703.877500,,,,,,,,,,,,,
10000,96,clustered,clustered,scenario_label=clustered,0.000000,True,True,formal_extended_baseline_screen,346261855,1397228104,25315073.750000,1729754.000000,1261561.000000,19205,12670972.404125,4090.288500,12675062.692625,10000,10000,0,9204,,,,,,,,,,,,,,,,,,,,4.030200,,395.021563,EAQ_CBB,9,2464.000000,,,,,,,,,,8.000000,64.000000,19204,0.520725,126.156100,172.975400,2991315.000000,299.131500,1.086484,25315.073750,,,,,,,,,,,,,
10000,96,random,random,scenario_label=random,0.000000,True,True,formal_extended_baseline_screen,1020324588,2055648432,22454305.000000,1465908.000000,1416033.000000,18405,11219357.726250,3639.832500,11222997.558750,10000,10000,0,8404,,,,,,,,,,,,,,,,,,,,3.807600,,445.348899,EAQ_CBB,10,2444.000000,,,,,,,,,,,,18404,0.543360,141.603300,146.590800,2881941.000000,288.194100,1.189910,22454.305000,,,,,,,,,,,,,
10000,96,prefixed,prefixed,scenario_label=prefixed,0.000000,True,True,formal_extended_baseline_screen,2061720330,2185070523,26101965.000000,1860388.000000,737175.000000,18303,13027584.231250,4089.363500,13031673.594750,10000,10000,0,8302,,,,,,,,,,,,,,,,,,,,3.784800,,383.112919,EAQ_CBB,10,2459.000000,,,,,,,,,48.000000,,,18302,0.546388,73.717500,186.038800,2597563.000000,259.756300,1.204529,26101.965000,,,,,,,,,,,,,
10000,96,prefix80,prefixed,scenario_label=prefix80,0.000000,True,True,formal_extended_baseline_screen,1420417677,938191591,28801302.500000,2141588.000000,293105.000000,18433,14381352.401000,4429.728500,14385782.129500,10000,10000,0,8432,,,,,,,,,,,,,,,,,,,,3.818000,,347.206520,EAQ_CBB,10,2451.000000,,,,,,,,,80.000000,,,18432,0.542535,29.310500,214.158800,2434693.000000,243.469300,1.185958,28801.302500,,,,,,,,,,,,,
10000,96,clustered,clustered,scenario_label=clustered,0.000000,True,True,formal_extended_baseline_screen,4285535701,1281319844,26385842.500000,1776356.000000,1414216.000000,20515,13169925.816375,4259.820000,13174185.636375,10000,10000,0,10514,,,,,,,,,,,,,,,,,,,,4.361200,,378.991120,EAQ_CBB,10,2462.000000,,,,,,,,,,8.000000,64.000000,20514,0.487472,141.421600,177.635600,3190572.000000,319.057200,0.951113,26385.842500,,,,,,,,,,,,,
10000,96,random,random,scenario_label=random,0.000000,True,True,formal_extended_baseline_screen,596195424,2033942533,22273475.000000,1457836.000000,1393239.000000,18191,11144441.104375,3612.291500,11148053.395875,10000,10000,0,8190,,,,,,,,,,,,,,,,,,,,3.758800,,448.964519,EAQ_CBB,11,2466.000000,,,,,,,,,,,,18190,0.549753,139.323900,145.783600,2851075.000000,285.107500,1.221001,22273.475000,,,,,,,,,,,,,
10000,96,prefixed,prefixed,scenario_label=prefixed,0.000000,True,True,formal_extended_baseline_screen,2528955344,1571766220,26046291.250000,1856894.000000,734313.000000,18259,13015908.718375,4080.944500,13019989.662875,10000,10000,0,8258,,,,,,,,,,,,,,,,,,,,3.775200,,383.931820,EAQ_CBB,11,2448.000000,,,,,,,,,48.000000,,,18258,0.547705,73.431300,185.689400,2591207.000000,259.120700,1.210947,26046.291250,,,,,,,,,,,,,
10000,96,prefix80,prefixed,scenario_label=prefix80,0.000000,True,True,formal_extended_baseline_screen,4029019098,1453816505,28664641.250000,2131238.000000,293429.000000,18349,14264584.302000,4409.190500,14268993.492500,10000,10000,0,8348,,,,,,,,,,,,,,,,,,,,3.802200,,348.861858,EAQ_CBB,11,2454.000000,,,,,,,,,80.000000,,,18348,0.545019,29.342900,213.123800,2424667.000000,242.466700,1.197892,28664.641250,,,,,,,,,,,,,
10000,96,clustered,clustered,scenario_label=clustered,0.000000,True,True,formal_extended_baseline_screen,2138647285,3032926536,25866826.250000,1753402.000000,1340944.000000,19877,12893391.189875,4177.276000,12897568.465875,10000,10000,0,9876,,,,,,,,,,,,,,,,,,,,4.194000,,386.595553,EAQ_CBB,11,2453.000000,,,,,,,,,,8.000000,64.000000,19876,0.503119,134.094400,175.340200,3094346.000000,309.434600,1.012556,25866.826250,,,,,,,,,,,,,
10000,96,random,random,scenario_label=random,0.000000,True,True,formal_extended_baseline_screen,530428079,978954931,22394411.250000,1463026.000000,1413142.000000,18335,11195495.795875,3632.623000,11199128.418875,10000,10000,0,8334,,,,,,,,,,,,,,,,,,,,3.798400,,446.539982,EAQ_CBB,12,2453.000000,,,,,,,,,,,,18334,0.545435,141.314200,146.302600,2876168.000000,287.616800,1.199904,22394.411250,,,,,,,,,,,,,
10000,96,prefixed,prefixed,scenario_label=prefixed,0.000000,True,True,formal_extended_baseline_screen,3403028343,2344734800,26203681.250000,1867138.000000,741051.000000,18381,13088002.079000,4104.801500,13092106.880500,10000,10000,0,8380,,,,,,,,,,,,,,,,,,,,3.803000,,381.625769,EAQ_CBB,12,2466.000000,,,,,,,,,48.000000,,,18380,0.544070,74.105100,186.713800,2608189.000000,260.818900,1.193317,26203.681250,,,,,,,,,,,,,
10000,96,prefix80,prefixed,scenario_label=prefix80,0.000000,True,True,formal_extended_baseline_screen,4132968395,2364982290,28590433.750000,2125946.000000,290715.000000,18303,14350515.917500,4397.249500,14354913.167000,10000,10000,0,8302,,,,,,,,,,,,,,,,,,,,3.778400,,349.767341,EAQ_CBB,12,2454.000000,,,,,,,,,80.000000,,,18302,0.546388,29.071500,212.594600,2416661.000000,241.666100,1.204529,28590.433750,,,,,,,,,,,,,
10000,96,clustered,clustered,scenario_label=clustered,0.000000,True,True,formal_extended_baseline_screen,4135791258,2094033706,25922730.000000,1757908.000000,1339331.000000,19875,12939076.679625,4185.481500,12943262.161125,10000,10000,0,9874,,,,,,,,,,,,,,,,,,,,4.189400,,385.761839,EAQ_CBB,12,2458.000000,,,,,,,,,,8.000000,64.000000,19874,0.503170,133.933100,175.790800,3097239.000000,309.723900,1.012761,25922.730000,,,,,,,,,,,,,
10000,96,random,random,scenario_label=random,0.000000,True,True,formal_extended_baseline_screen,3351110087,4140482193,22404843.750000,1463570.000000,1413081.000000,18351,11169731.289000,3633.680500,11173364.969500,10000,10000,0,8350,,,,,,,,,,,,,,,,,,,,3.801200,,446.332057,EAQ_CBB,13,2452.000000,,,,,,,,,,,,18350,0.544959,141.308100,146.357000,2876651.000000,287.665100,1.197605,22404.843750,,,,,,,,,,,,,
10000,96,prefixed,prefixed,scenario_label=prefixed,0.000000,True,True,formal_extended_baseline_screen,3651045357,1935646635,26205115.000000,1867132.000000,742601.000000,18383,13078166.517125,4105.564500,13082272.081625,10000,10000,0,8382,,,,,,,,,,,,,,,,,,,,3.808000,,381.604889,EAQ_CBB,13,2469.000000,,,,,,,,,48.000000,,,18382,0.544010,74.260100,186.713200,2609733.000000,260.973300,1.193033,26205.115000,,,,,,,,,,,,,
10000,96,prefix80,prefixed,scenario_label=prefix80,0.000000,True,True,formal_extended_baseline_screen,3503816222,4117555616,28583030.000000,2125452.000000,292011.000000,18295,14231145.029000,4396.909500,14235541.938500,10000,10000,0,8294,,,,,,,,,,,,,,,,,,,,3.793400,,349.857940,EAQ_CBB,13,2449.000000,,,,,,,,,80.000000,,,18294,0.546627,29.201100,212.545200,2417463.000000,241.746300,1.205691,28583.030000,,,,,,,,,,,,,
10000,96,clustered,clustered,scenario_label=clustered,0.000000,True,True,formal_extended_baseline_screen,2264469608,1083922827,26968011.250000,1798018.000000,1535458.000000,21315,13482368.226750,4363.765000,13486731.991750,10000,10000,0,11314,,,,,,,,,,,,,,,,,,,,4.622400,,370.809694,EAQ_CBB,13,2455.000000,,,,,,,,,,8.000000,64.000000,21314,0.469175,153.545800,179.801800,3333476.000000,333.347600,0.883861,26968.011250,,,,,,,,,,,,,
10000,96,random,random,scenario_label=random,0.000000,True,True,formal_extended_baseline_screen,1692097063,1191824408,22453237.500000,1465724.000000,1415926.000000,18411,11241188.765750,3639.411000,11244828.176750,10000,10000,0,8410,,,,,,,,,,,,,,,,,,,,3.808200,,445.370072,EAQ_CBB,14,2463.000000,,,,,,,,,,,,18410,0.543183,141.592600,146.572400,2881650.000000,288.165000,1.189061,22453.237500,,,,,,,,,,,,,
10000,96,prefixed,prefixed,scenario_label=prefixed,0.000000,True,True,formal_extended_baseline_screen,1707141452,2143217476,26082363.750000,1859170.000000,735757.000000,18287,13032093.886625,4086.218500,13036180.105125,10000,10000,0,8286,,,,,,,,,,,,,,,,,,,,3.781000,,383.400833,EAQ_CBB,14,2462.000000,,,,,,,,,48.000000,,,18286,0.546866,73.575700,185.917000,2594927.000000,259.492700,1.206855,26082.363750,,,,,,,,,,,,,
10000,96,prefix80,prefixed,scenario_label=prefix80,0.000000,True,True,formal_extended_baseline_screen,1479387709,840980448,28753261.250000,2137802.000000,293397.000000,18405,14331302.652625,4422.302500,14335724.955125,10000,10000,0,8404,,,,,,,,,,,,,,,,,,,,3.808000,,347.786636,EAQ_CBB,14,2458.000000,,,,,,,,,80.000000,,,18404,0.543360,29.339700,213.780200,2431199.000000,243.119900,1.189910,28753.261250,,,,,,,,,,,,,
10000,96,clustered,clustered,scenario_label=clustered,0.000000,True,True,formal_extended_baseline_screen,1193971010,2952758531,26389401.250000,1775726.000000,1411054.000000,20467,13194447.630750,4256.979000,13198704.609750,10000,10000,0,10466,,,,,,,,,,,,,,,,,,,,4.319600,,378.940011,EAQ_CBB,14,2459.000000,,,,,,,,,,8.000000,64.000000,20466,0.488615,141.105400,177.572600,3186780.000000,318.678000,0.955475,26389.401250,,,,,,,,,,,,,
10000,96,random,random,scenario_label=random,0.000000,True,True,formal_extended_baseline_screen,1311958710,3586764790,22423531.250000,1464382.000000,1412171.000000,18371,11218919.176500,3634.849500,11222554.026000,10000,10000,0,8370,,,,,,,,,,,,,,,,,,,,3.798800,,445.960089,EAQ_CBB,15,2464.000000,,,,,,,,,,,,18370,0.544366,141.217100,146.438200,2876553.000000,287.655300,1.194743,22423.531250,,,,,,,,,,,,,
10000,96,prefixed,prefixed,scenario_label=prefixed,0.000000,True,True,formal_extended_baseline_screen,1066348603,1946896568,26027433.750000,1855554.000000,736202.000000,18243,13030597.315625,4079.209000,13034676.524625,10000,10000,0,8242,,,,,,,,,,,,,,,,,,,,3.779600,,384.209988,EAQ_CBB,15,2455.000000,,,,,,,,,48.000000,,,18242,0.548186,73.620200,185.555400,2591756.000000,259.175600,1.213298,26027.433750,,,,,,,,,,,,,
10000,96,prefix80,prefixed,scenario_label=prefix80,0.000000,True,True,formal_extended_baseline_screen,3410131684,3406775543,28692270.000000,2133428.000000,292368.000000,18367,14355650.239750,4413.040000,14360063.279750,10000,10000,0,8366,,,,,,,,,,,,,,,,,,,,3.801200,,348.525927,EAQ_CBB,15,2459.000000,,,,,,,,,80.000000,,,18366,0.544484,29.236800,213.342800,2425796.000000,242.579600,1.195314,28692.270000,,,,,,,,,,,,,
10000,96,clustered,clustered,scenario_label=clustered,0.000000,True,True,formal_extended_baseline_screen,2719779022,1183171922,26956213.750000,1804326.000000,1487715.000000,21137,13489620.001750,4352.509500,13493972.511250,10000,10000,0,11136,,,,,,,,,,,,,,,,,,,,4.526600,,370.971980,EAQ_CBB,15,2452.000000,,,,,,,,,,8.000000,64.000000,21136,0.473126,148.771500,180.432600,3292041.000000,329.204100,0.897989,26956.213750,,,,,,,,,,,,,
10000,96,random,random,scenario_label=random,0.000000,True,True,formal_extended_baseline_screen,4044322606,8868193,22354423.750000,1461534.000000,1406970.000000,18285,11173979.439250,3626.553000,11177605.992250,10000,10000,0,8284,,,,,,,,,,,,,,,,,,,,3.788400,,447.338751,EAQ_CBB,16,2450.000000,,,,,,,,,,,,18284,0.546926,140.697000,146.153400,2868504.000000,286.850400,1.207146,22354.423750,,,,,,,,,,,,,
10000,96,prefixed,prefixed,scenario_label=prefixed,0.000000,True,True,formal_extended_baseline_screen,2310609587,2810404514,26078367.500000,1858912.000000,734700.000000,18285,13053481.889875,4085.174000,13057567.063875,10000,10000,0,8284,,,,,,,,,,,,,,,,,,,,3.776200,,383.459586,EAQ_CBB,16,2453.000000,,,,,,,,,48.000000,,,18284,0.546926,73.470000,185.891200,2593612.000000,259.361200,1.207146,26078.367500,,,,,,,,,,,,,
10000,96,prefix80,prefixed,scenario_label=prefix80,0.000000,True,True,formal_extended_baseline_screen,556887839,1883271990,28783811.250000,2140010.000000,293352.000000,18425,14448184.605875,4426.696000,14452611.301875,10000,10000,0,8424,,,,,,,,,,,,,,,,,,,,3.808000,,347.417509,EAQ_CBB,16,2459.000000,,,,,,,,,80.000000,,,18424,0.542770,29.335200,214.001000,2433362.000000,243.336200,1.187085,28783.811250,,,,,,,,,,,,,
10000,96,clustered,clustered,scenario_label=clustered,0.000000,True,True,formal_extended_baseline_screen,2713732995,2666303432,28063527.500000,1853028.000000,1669442.000000,22473,14008234.500875,4540.777000,14012775.277875,10000,10000,0,12472,,,,,,,,,,,,,,,,,,,,4.936000,,356.334392,EAQ_CBB,16,2459.000000,,,,,,,,,,8.000000,64.000000,22472,0.444998,166.944200,185.302800,3522470.000000,352.247000,0.801796,28063.527500,,,,,,,,,,,,,
10000,96,random,random,scenario_label=random,0.000000,True,True,formal_extended_baseline_screen,1698610701,4250051681,22305581.250000,1459234.000000,1401711.000000,18231,11175462.070625,3619.323500,11179081.394125,10000,10000,0,8230,,,,,,,,,,,,,,,,,,,,3.776200,,448.318288,EAQ_CBB,17,2451.000000,,,,,,,,,,,,18230,0.548546,140.171100,145.923400,2860945.000000,286.094500,1.215067,22305.581250,,,,,,,,,,,,,
10000,96,prefixed,prefixed,scenario_label=prefixed,0.000000,True,True,formal_extended_baseline_screen,862396413,3639981645,26191802.500000,1866172.000000,739780.000000,18373,13088219.298375,4102.234000,13092321.532375,10000,10000,0,8372,,,,,,,,,,,,,,,,,,,,3.793400,,381.798847,EAQ_CBB,17,2457.000000,,,,,,,,,48.000000,,,18372,0.544307,73.978000,186.617200,2605952.000000,260.595200,1.194458,26191.802500,,,,,,,,,,,,,
10000,96,prefix80,prefixed,scenario_label=prefix80,0.000000,True,True,formal_extended_baseline_screen,3860214662,1032795342,28679257.500000,2132468.000000,292626.000000,18357,14344151.377750,4411.249000,14348562.626750,10000,10000,0,8356,,,,,,,,,,,,,,,,,,,,3.802400,,348.684062,EAQ_CBB,17,2462.000000,,,,,,,,,80.000000,,,18356,0.544781,29.262600,213.246800,2425094.000000,242.509400,1.196745,28679.257500,,,,,,,,,,,,,
10000,96,clustered,clustered,scenario_label=clustered,0.000000,True,True,formal_extended_baseline_screen,2168941655,3214953512,26531138.750000,1782618.000000,1442850.000000,20687,13260159.021250,4286.661000,13264445.682250,10000,10000,0,10686,,,,,,,,,,,,,,,,,,,,4.415400,,376.915597,EAQ_CBB,17,2464.000000,,,,,,,,,,8.000000,64.000000,20686,0.483419,144.285000,178.261800,3225468.000000,322.546800,0.935804,26531.138750,,,,,,,,,,,,,
10000,96,random,random,scenario_label=random,0.000000,True,True,formal_extended_baseline_screen,3900906002,4151134029,22484896.250000,1467186.000000,1422248.000000,18443,11242795.845500,3645.496000,11246441.341500,10000,10000,0,8442,,,,,,,,,,,,,,,,,,,,3.820800,,444.742991,EAQ_CBB,18,2452.000000,,,,,,,,,,,,18442,0.542241,142.224800,146.718600,2889434.000000,288.943400,1.184553,22484.896250,,,,,,,,,,,,,
10000,96,prefixed,prefixed,scenario_label=prefixed,0.000000,True,True,formal_extended_baseline_screen,1976791937,3986468809,26269796.250000,1871410.000000,742976.000000,18433,13112083.930750,4114.308000,13116198.238750,10000,10000,0,8432,,,,,,,,,,,,,,,,,,,,3.810200,,380.665305,EAQ_CBB,18,2467.000000,,,,,,,,,48.000000,,,18432,0.542535,74.297600,187.141000,2614386.000000,261.438600,1.185958,26269.796250,,,,,,,,,,,,,
10000,96,prefix80,prefixed,scenario_label=prefix80,0.000000,True,True,formal_extended_baseline_screen,3973543592,52313115,28560027.500000,2123620.000000,291346.000000,18283,14285995.681250,4392.913000,14290388.594250,10000,10000,0,8282,,,,,,,,,,,,,,,,,,,,3.779200,,350.139719,EAQ_CBB,18,2461.000000,,,,,,,,,80.000000,,,18282,0.546986,29.134600,212.362000,2414966.000000,241.496600,1.207438,28560.027500,,,,,,,,,,,,,
10000,96,clustered,clustered,scenario_label=clustered,0.000000,True,True,formal_extended_baseline_screen,3575544916,1459418720,26504393.750000,1786286.000000,1422690.000000,20571,13230234.464250,4283.917000,13234518.381250,10000,10000,0,10570,,,,,,,,,,,,,,,,,,,,4.398800,,377.295934,EAQ_CBB,18,2450.000000,,,,,,,,,,8.000000,64.000000,20570,0.486145,142.269000,178.628600,3208976.000000,320.897600,0.946074,26504.393750,,,,,,,,,,,,,
10000,96,random,random,scenario_label=random,0.000000,True,True,formal_extended_baseline_screen,3061364434,2895916161,22379753.750000,1462646.000000,1404797.000000,18319,11180718.081750,3627.690500,11184345.772250,10000,10000,0,8318,,,,,,,,,,,,,,,,,,,,3.784800,,446.832441,EAQ_CBB,19,2466.000000,,,,,,,,,,,,18318,0.545911,140.479700,146.264600,2867443.000000,286.744300,1.202212,22379.753750,,,,,,,,,,,,,
10000,96,prefixed,prefixed,scenario_label=prefixed,0.000000,True,True,formal_extended_baseline_screen,3116852746,3665827578,26143473.750000,1863242.000000,739056.000000,18335,13080460.201500,4096.012000,13084556.213500,10000,10000,0,8334,,,,,,,,,,,,,,,,,,,,3.795000,,382.504639,EAQ_CBB,19,2461.000000,,,,,,,,,48.000000,,,18334,0.545435,73.905600,186.324200,2602298.000000,260.229800,1.199904,26143.473750,,,,,,,,,,,,,
10000,96,prefix80,prefixed,scenario_label=prefix80,0.000000,True,True,formal_extended_baseline_screen,1163800006,1761216485,28634591.250000,2129202.000000,292346.000000,18329,14308969.763875,4404.577000,14313374.340875,10000,10000,0,8328,,,,,,,,,,,,,,,,,,,,3.795200,,349.227964,EAQ_CBB,19,2450.000000,,,,,,,,,80.000000,,,18328,0.545613,29.234600,212.920200,2421548.000000,242.154800,1.200768,28634.591250,,,,,,,,,,,,,
10000,96,clustered,clustered,scenario_label=clustered,0.000000,True,True,formal_extended_baseline_screen,99158156,2501827393,26897505.000000,1805596.000000,1480502.000000,20955,13448260.819250,4351.443000,13452612.262250,10000,10000,0,10954,,,,,,,,,,,,,,,,,,,,4.512200,,371.781695,EAQ_CBB,19,2446.000000,,,,,,,,,,8.000000,64.000000,20954,0.477236,148.050200,180.559600,3286098.000000,328.609800,0.912909,26897.505000,,,,,,,,,,,,,
10000,96,random,random,scenario_label=random,0.000000,True,True,formal_extended_baseline_screen,3722875878,685893739,22375912.500000,1462428.000000,1410316.000000,18311,11190860.877375,3630.014000,11194490.891375,10000,10000,0,8310,,,,,,,,,,,,,,,,,,,,3.793800,,446.909148,EAQ_CBB,20,2451.000000,,,,,,,,,,,,18310,0.546150,141.031600,146.242800,2872744.000000,287.274400,1.203369,22375.912500,,,,,,,,,,,,,
10000,96,prefixed,prefixed,scenario_label=prefixed,0.000000,True,True,formal_extended_baseline_screen,3001598358,3122070671,26188893.750000,1865974.000000,739183.000000,18371,13068212.838625,4101.539500,13072314.378125,10000,10000,0,8370,,,,,,,,,,,,,,,,,,,,3.792800,,381.841253,EAQ_CBB,20,2475.000000,,,,,,,,,48.000000,,,18370,0.544366,73.918300,186.597400,2605157.000000,260.515700,1.194743,26188.893750,,,,,,,,,,,,,
10000,96,prefix80,prefixed,scenario_label=prefix80,0.000000,True,True,formal_extended_baseline_screen,1969154653,1337314784,28552991.250000,2123038.000000,292206.000000,18279,14247475.022000,4392.179000,14251867.201000,10000,10000,0,8278,,,,,,,,,,,,,,,,,,,,3.784400,,350.226003,EAQ_CBB,20,2456.000000,,,,,,,,,80.000000,,,18278,0.547106,29.220600,212.303800,2415244.000000,241.524400,1.208021,28552.991250,,,,,,,,,,,,,
10000,96,clustered,clustered,scenario_label=clustered,0.000000,True,True,formal_extended_baseline_screen,3278615476,24887564,26071210.000000,1758304.000000,1393301.000000,20189,13058005.514000,4213.258500,13062218.772500,10000,10000,0,10188,,,,,,,,,,,,,,,,,,,,4.290200,,383.564859,EAQ_CBB,20,2451.000000,,,,,,,,,,8.000000,64.000000,20188,0.495344,139.330100,175.830400,3151605.000000,315.160500,0.981547,26071.210000,,,,,,,,,,,,,
10000,96,random,random,scenario_label=random,0.000000,True,True,formal_extended_baseline_screen,1880512712,3149219956,22361176.250000,1461638.000000,1403612.000000,18297,11201951.232250,3625.082000,11205576.314250,10000,10000,0,8296,,,,,,,,,,,,,,,,,,,,3.781000,,447.203666,EAQ_CBB,21,2457.000000,,,,,,,,,,,,18296,0.546568,140.361200,146.163800,2865250.000000,286.525000,1.205400,22361.176250,,,,,,,,,,,,,
10000,96,prefixed,prefixed,scenario_label=prefixed,0.000000,True,True,formal_extended_baseline_screen,2792116651,3954409329,26196282.500000,1866376.000000,743816.000000,18377,13081917.778875,4104.660000,13086022.438875,10000,10000,0,8376,,,,,,,,,,,,,,,,,,,,3.809600,,381.733553,EAQ_CBB,21,2459.000000,,,,,,,,,48.000000,,,18376,0.544188,74.381600,186.637600,2610192.000000,261.019200,1.193887,26196.282500,,,,,,,,,,,,,
10000,96,prefix80,prefixed,scenario_label=prefix80,0.000000,True,True,formal_extended_baseline_screen,3818182820,1867419848,28690986.250000,2133286.000000,293056.000000,18365,14335807.789750,4413.100000,14340220.889750,10000,10000,0,8364,,,,,,,,,,,,,,,,,,,,3.804600,,348.541521,EAQ_CBB,21,2456.000000,,,,,,,,,80.000000,,,18364,0.544544,29.305600,213.328600,2426342.000000,242.634200,1.195600,28690.986250,,,,,,,,,,,,,
10000,96,clustered,clustered,scenario_label=clustered,0.000000,True,True,formal_extended_baseline_screen,1495572643,1140189367,26445730.000000,1776124.000000,1441559.000000,20595,13220089.132875,4273.027500,13224362.160375,10000,10000,0,10594,,,,,,,,,,,,,,,,,,,,4.388800,,378.132878,EAQ_CBB,21,2469.000000,,,,,,,,,,8.000000,64.000000,20594,0.485578,144.155900,177.612400,3217683.000000,321.768300,0.943931,26445.730000,,,,,,,,,,,,,
10000,96,random,random,scenario_label=random,0.000000,True,True,formal_extended_baseline_screen,2483842946,89634605,22341406.250000,1460866.000000,1400142.000000,18271,11171808.431250,3621.803000,11175430.234250,10000,10000,0,8270,,,,,,,,,,,,,,,,,,,,3.773400,,447.599399,EAQ_CBB,22,2461.000000,,,,,,,,,,,,18270,0.547345,140.014200,146.086600,2861008.000000,286.100800,1.209190,22341.406250,,,,,,,,,,,,,
10000,96,prefixed,prefixed,scenario_label=prefixed,0.000000,True,True,formal_extended_baseline_screen,664859573,1605092504,26054465.000000,1857480.000000,735348.000000,18263,13058669.467375,4082.634000,13062752.101375,10000,10000,0,8262,,,,,,,,,,,,,,,,,,,,3.780000,,383.811374,EAQ_CBB,22,2461.000000,,,,,,,,,48.000000,,,18262,0.547585,73.534800,185.748000,2592828.000000,259.282800,1.210361,26054.465000,,,,,,,,,,,,,
10000,96,prefix80,prefixed,scenario_label=prefix80,0.000000,True,True,formal_extended_baseline_screen,647152320,1052821304,28590056.250000,2125934.000000,292531.000000,18301,14334337.114875,4398.133500,14338735.248375,10000,10000,0,8300,,,,,,,,,,,,,,,,,,,,3.794800,,349.771960,EAQ_CBB,22,2444.000000,,,,,,,,,80.000000,,,18300,0.546448,29.253100,212.593400,2418465.000000,241.846500,1.204819,28590.056250,,,,,,,,,,,,,
10000,96,clustered,clustered,scenario_label=clustered,0.000000,True,True,formal_extended_baseline_screen,2138889899,2900447716,25851567.500000,1753596.000000,1328029.000000,19855,12918544.598750,4171.206500,12922715.805250,10000,10000,0,9854,,,,,,,,,,,,,,,,,,,,4.178200,,386.823739,EAQ_CBB,22,2464.000000,,,,,,,,,,8.000000,64.000000,19854,0.503677,132.802900,175.359600,3081625.000000,308.162500,1.014816,25851.567500,,,,,,,,,,,,,
10000,96,random,random,scenario_label=random,0.000000,True,True,formal_extended_baseline_screen,484606977,4054927198,22296141.250000,1458930.000000,1397896.000000,18219,11140921.947125,3616.808000,11144538.755125,10000,10000,0,8218,,,,,,,,,,,,,,,,,,,,3.769600,,448.508102,EAQ_CBB,23,2460.000000,,,,,,,,,,,,18218,0.548908,139.789600,145.893000,2856826.000000,285.682600,1.216841,22296.141250,,,,,,,,,,,,,
10000,96,prefixed,prefixed,scenario_label=prefixed,0.000000,True,True,formal_extended_baseline_screen,4122393112,3504195567,26015140.000000,1854916.000000,736172.000000,18233,12987020.367125,4077.918000,12991098.285125,10000,10000,0,8232,,,,,,,,,,,,,,,,,,,,3.782400,,384.391550,EAQ_CBB,23,2451.000000,,,,,,,,,48.000000,,,18232,0.548486,73.617200,185.491600,2591088.000000,259.108800,1.214772,26015.140000,,,,,,,,,,,,,
10000,96,prefix80,prefixed,scenario_label=prefix80,0.000000,True,True,formal_extended_baseline_screen,2468324303,1568425694,28601622.500000,2126748.000000,291146.000000,18309,14334126.106750,4399.069000,14338525.175750,10000,10000,0,8308,,,,,,,,,,,,,,,,,,,,3.783400,,349.630515,EAQ_CBB,23,2467.000000,,,,,,,,,80.000000,,,18308,0.546209,29.114600,212.674800,2417894.000000,241.789400,1.203659,28601.622500,,,,,,,,,,,,,
10000,96,clustered,clustered,scenario_label=clustered,0.000000,True,True,formal_extended_baseline_screen,3200206661,509316039,26379573.750000,1778182.000000,1396028.000000,20395,13189362.729125,4254.378000,13193617.107125,10000,10000,0,10394,,,,,,,,,,,,,,,,,,,,4.296600,,379.081182,EAQ_CBB,23,2457.000000,,,,,,,,,,8.000000,64.000000,20394,0.490340,139.602800,177.818200,3174210.000000,317.421000,0.962094,26379.573750,,,,,,,,,,,,,
10000,96,random,random,scenario_label=random,0.000000,True,True,formal_extended_baseline_screen,4167451253,2725596099,22387361.250000,1462950.000000,1406805.000000,18325,11190508.612750,3629.302500,11194137.915250,10000,10000,0,8324,,,,,,,,,,,,,,,,,,,,3.787400,,446.680602,EAQ_CBB,24,2457.000000,,,,,,,,,,,,18324,0.545732,140.680500,146.295000,2869755.000000,286.975500,1.201346,22387.361250,,,,,,,,,,,,,
10000,96,prefixed,prefixed,scenario_label=prefixed,0.000000,True,True,formal_extended_baseline_screen,2427110912,207985839,26215915.000000,1867796.000000,741984.000000,18393,13133540.847625,4106.584000,13137647.431625,10000,10000,0,8392,,,,,,,,,,,,,,,,,,,,3.805800,,381.447682,EAQ_CBB,24,2460.000000,,,,,,,,,48.000000,,,18392,0.543715,74.198400,186.779600,2609780.000000,260.978000,1.191611,26215.915000,,,,,,,,,,,,,
10000,96,prefix80,prefixed,scenario_label=prefix80,0.000000,True,True,formal_extended_baseline_screen,4263242191,3642023794,28623561.250000,2128450.000000,291306.000000,18325,14306089.809000,4402.553000,14310492.362000,10000,10000,0,8324,,,,,,,,,,,,,,,,,,,,3.792000,,349.362538,EAQ_CBB,24,2461.000000,,,,,,,,,80.000000,,,18324,0.545732,29.130600,212.845000,2419756.000000,241.975600,1.201346,28623.561250,,,,,,,,,,,,,
10000,96,clustered,clustered,scenario_label=clustered,0.000000,True,True,formal_extended_baseline_screen,3387768436,4236888216,26127951.250000,1763202.000000,1425785.000000,20207,13083553.223750,4239.296500,13087792.520250,10000,10000,0,10206,,,,,,,,,,,,,,,,,,,,4.369600,,382.731884,EAQ_CBB,24,2455.000000,,,,,,,,,,8.000000,64.000000,20206,0.494903,142.578500,176.320200,3188987.000000,318.898700,0.979816,26127.951250,,,,,,,,,,,,,
10000,96,random,random,scenario_label=random,0.000000,True,True,formal_extended_baseline_screen,1401592609,3887858658,22392696.250000,1463042.000000,1411896.000000,18333,11206912.133125,3632.032000,11210544.165125,10000,10000,0,8332,,,,,,,,,,,,,,,,,,,,3.797200,,446.574182,EAQ_CBB,25,2466.000000,,,,,,,,,,,,18332,0.545494,141.189600,146.304200,2874938.000000,287.493800,1.200192,22392.696250,,,,,,,,,,,,,
10000,96,prefixed,prefixed,scenario_label=prefixed,0.000000,True,True,formal_extended_baseline_screen,4217303339,295375110,26145105.000000,1863284.000000,738255.000000,18335,13079448.357875,4095.695500,13083544.053375,10000,10000,0,8334,,,,,,,,,,,,,,,,,,,,3.790400,,382.480774,EAQ_CBB,25,2460.000000,,,,,,,,,48.000000,,,18334,0.545435,73.825500,186.328400,2601539.000000,260.153900,1.199904,26145.105000,,,,,,,,,,,,,
10000,96,prefix80,prefixed,scenario_label=prefix80,0.000000,True,True,formal_extended_baseline_screen,2677772902,3360946082,28657415.000000,2130800.000000,292382.000000,18343,14313068.698500,4407.791000,14317476.489500,10000,10000,0,8342,,,,,,,,,,,,,,,,,,,,3.794600,,348.949827,EAQ_CBB,25,2457.000000,,,,,,,,,80.000000,,,18342,0.545197,29.238200,213.080000,2423182.000000,242.318200,1.198753,28657.415000,,,,,,,,,,,,,
10000,96,clustered,clustered,scenario_label=clustered,0.000000,True,True,formal_extended_baseline_screen,4190779514,3065378755,27345216.250000,1818266.000000,1562415.000000,21659,13657860.735500,4417.739500,13662278.475000,10000,10000,0,11658,,,,,,,,,,,,,,,,,,,,4.664800,,365.694676,EAQ_CBB,25,2460.000000,,,,,,,,,,8.000000,64.000000,21658,0.461723,156.241500,181.826600,3380681.000000,338.068100,0.857780,27345.216250,,,,,,,,,,,,,
10000,96,random,random,scenario_label=random,0.000000,True,True,formal_extended_baseline_screen,2865864341,2163297469,22438521.250000,1465066.000000,1412817.000000,18393,11196379.010125,3636.540500,11200015.550625,10000,10000,0,8392,,,,,,,,,,,,,,,,,,,,3.802000,,445.662167,EAQ_CBB,26,2457.000000,,,,,,,,,,,,18392,0.543715,141.281700,146.506600,2877883.000000,287.788300,1.191611,22438.521250,,,,,,,,,,,,,
10000,96,prefixed,prefixed,scenario_label=prefixed,0.000000,True,True,formal_extended_baseline_screen,1478210380,4196953117,26070278.750000,1858378.000000,734921.000000,18279,13029445.912375,4084.216500,13033530.128875,10000,10000,0,8278,,,,,,,,,,,,,,,,,,,,3.776800,,383.578561,EAQ_CBB,26,2461.000000,,,,,,,,,48.000000,,,18278,0.547106,73.492100,185.837800,2593299.000000,259.329900,1.208021,26070.278750,,,,,,,,,,,,,
10000,96,prefix80,prefixed,scenario_label=prefix80,0.000000,True,True,formal_extended_baseline_screen,229837212,112781589,28685512.500000,2133056.000000,291739.000000,18361,14389326.497875,4411.981500,14393738.479375,10000,10000,0,8360,,,,,,,,,,,,,,,,,,,,3.799200,,348.608030,EAQ_CBB,26,2467.000000,,,,,,,,,80.000000,,,18360,0.544662,29.173900,213.305600,2424795.000000,242.479500,1.196172,28685.512500,,,,,,,,,,,,,
10000,96,clustered,clustered,scenario_label=clustered,0.000000,True,True,formal_extended_baseline_screen,3925234375,33559112,25820826.250000,1748874.000000,1341393.000000,19847,12940786.686375,4168.444500,12944955.130875,10000,10000,0,9846,,,,,,,,,,,,,,,,,,,,4.178800,,387.284276,EAQ_CBB,26,2457.000000,,,,,,,,,,8.000000,64.000000,19846,0.503880,134.139300,174.887400,3090267.000000,309.026700,1.015641,25820.826250,,,,,,,,,,,,,
10000,96,random,random,scenario_label=random,0.000000,True,True,formal_extended_baseline_screen,1975682606,3016685088,22333992.500000,1460540.000000,1398461.000000,18265,11129125.758500,3620.310500,11132746.069000,10000,10000,0,8264,,,,,,,,,,,,,,,,,,,,3.770800,,447.747979,EAQ_CBB,27,2463.000000,,,,,,,,,,,,18264,0.547525,139.846100,146.054000,2859001.000000,285.900100,1.210068,22333.992500,,,,,,,,,,,,,
10000,96,prefixed,prefixed,scenario_label=prefixed,0.000000,True,True,formal_extended_baseline_screen,3217990807,2935671253,26106476.250000,1860642.000000,737924.000000,18307,13083534.692875,4090.246000,13087624.938875,10000,10000,0,8306,,,,,,,,,,,,,,,,,,,,3.788000,,383.046716,EAQ_CBB,27,2461.000000,,,,,,,,,48.000000,,,18306,0.546269,73.792400,186.064200,2598566.000000,259.856600,1.203949,26106.476250,,,,,,,,,,,,,
10000,96,prefix80,prefixed,scenario_label=prefix80,0.000000,True,True,formal_extended_baseline_screen,2830123666,2877782711,28752783.750000,2137794.000000,293468.000000,18403,14379500.353500,4422.322000,14383922.675500,10000,10000,0,8402,,,,,,,,,,,,,,,,,,,,3.810000,,347.792412,EAQ_CBB,27,2453.000000,,,,,,,,,80.000000,,,18402,0.543419,29.346800,213.779400,2431262.000000,243.126200,1.190193,28752.783750,,,,,,,,,,,,,
10000,96,clustered,clustered,scenario_label=clustered,0.000000,True,True,formal_extended_baseline_screen,3377847691,688438773,26543288.750000,1784134.000000,1439082.000000,20647,13285657.232125,4287.809000,13289945.041125,10000,10000,0,10646,,,,,,,,,,,,,,,,,,,,4.410000,,376.743067,EAQ_CBB,27,2451.000000,,,,,,,,,,8.000000,64.000000,20646,0.484355,143.908200,178.413400,3223216.000000,322.321600,0.939320,26543.288750,,,,,,,,,,,,,
10000,96,random,random,scenario_label=random,0.000000,True,True,formal_extended_baseline_screen,264712398,76024050,22329355.000000,1460360.000000,1403885.000000,18255,11188060.555750,3622.662500,11191683.218250,10000,10000,0,8254,,,,,,,,,,,,,,,,,,,,3.780200,,447.840970,EAQ_CBB,28,2454.000000,,,,,,,,,,,,18254,0.547825,140.388500,146.036000,2864245.000000,286.424500,1.211534,22329.355000,,,,,,,,,,,,,
10000,96,prefixed,prefixed,scenario_label=prefixed,0.000000,True,True,formal_extended_baseline_screen,2849627408,3539343133,26146326.250000,1863418.000000,740266.000000,18337,13065644.680625,4096.969000,13069741.649625,10000,10000,0,8336,,,,,,,,,,,,,,,,,,,,3.800200,,382.462909,EAQ_CBB,28,2452.000000,,,,,,,,,48.000000,,,18336,0.545375,74.026600,186.341800,2603684.000000,260.368400,1.199616,26146.326250,,,,,,,,,,,,,
10000,96,prefix80,prefixed,scenario_label=prefix80,0.000000,True,True,formal_extended_baseline_screen,2205676394,506753739,28583370.000000,2125424.000000,291970.000000,18297,14310391.903875,4396.833000,14314788.736875,10000,10000,0,8296,,,,,,,,,,,,,,,,,,,,3.791000,,349.853779,EAQ_CBB,28,2454.000000,,,,,,,,,80.000000,,,18296,0.546568,29.197000,212.542400,2417394.000000,241.739400,1.205400,28583.370000,,,,,,,,,,,,,
10000,96,clustered,clustered,scenario_label=clustered,0.000000,True,True,formal_extended_baseline_screen,1883537458,3206377576,26042547.500000,1765276.000000,1346675.000000,19999,13007173.499125,4203.889500,13011377.388625,10000,10000,0,9998,,,,,,,,,,,,,,,,,,,,4.222400,,383.987012,EAQ_CBB,28,2465.000000,,,,,,,,,,8.000000,64.000000,19998,0.500050,134.667500,176.527600,3111951.000000,311.195100,1.000200,26042.547500,,,,,,,,,,,,,
10000,96,random,random,scenario_label=random,0.000000,True,True,formal_extended_baseline_screen,814411954,2323305999,22342086.250000,1460846.000000,1403116.000000,18275,11158849.600500,3623.250000,11162472.850500,10000,10000,0,8274,,,,,,,,,,,,,,,,,,,,3.779800,,447.585775,EAQ_CBB,29,2447.000000,,,,,,,,,,,,18274,0.547226,140.311600,146.084600,2863962.000000,286.396200,1.208605,22342.086250,,,,,,,,,,,,,
10000,96,prefixed,prefixed,scenario_label=prefixed,0.000000,True,True,formal_extended_baseline_screen,3130433991,3197621013,26098237.500000,1860268.000000,737945.000000,18301,13061711.977625,4089.508500,13065801.486125,10000,10000,0,8300,,,,,,,,,,,,,,,,,,,,3.790800,,383.167637,EAQ_CBB,29,2454.000000,,,,,,,,,48.000000,,,18300,0.546448,73.794500,186.026800,2598213.000000,259.821300,1.204819,26098.237500,,,,,,,,,,,,,
10000,96,prefix80,prefixed,scenario_label=prefix80,0.000000,True,True,formal_extended_baseline_screen,1229335753,2833125885,28656465.000000,2130732.000000,292586.000000,18343,14366261.995750,4407.757000,14370669.752750,10000,10000,0,8342,,,,,,,,,,,,,,,,,,,,3.797400,,348.961395,EAQ_CBB,29,2460.000000,,,,,,,,,80.000000,,,18342,0.545197,29.258600,213.073200,2423318.000000,242.331800,1.198753,28656.465000,,,,,,,,,,,,,
10000,96,clustered,clustered,scenario_label=clustered,0.000000,True,True,formal_extended_baseline_screen,3172725409,211626830,26102187.500000,1766788.000000,1372494.000000,20101,13084313.520500,4219.823000,13088533.343500,10000,10000,0,10100,,,,,,,,,,,,,,,,,,,,4.271000,,383.109653,EAQ_CBB,29,2454.000000,,,,,,,,,,8.000000,64.000000,20100,0.497512,137.249400,176.678800,3139282.000000,313.928200,0.990099,26102.187500,,,,,,,,,,,,,
10000,96,random,random,scenario_label=random,0.000000,True,True,formal_extended_baseline_screen,1675969911,85214306,22370405.000000,1462248.000000,1406246.000000,18305,11202751.861500,3627.619000,11206379.480500,10000,10000,0,8304,,,,,,,,,,,,,,,,,,,,3.786800,,447.019176,EAQ_CBB,30,2463.000000,,,,,,,,,,,,18304,0.546329,140.624600,146.224800,2868494.000000,286.849400,1.204239,22370.405000,,,,,,,,,,,,,
10000,96,prefixed,prefixed,scenario_label=prefixed,0.000000,True,True,formal_extended_baseline_screen,2782577657,1740974078,26100606.250000,1860090.000000,739713.000000,18301,13007621.957875,4090.036500,13011711.994375,10000,10000,0,8300,,,,,,,,,,,,,,,,,,,,3.790600,,383.132863,EAQ_CBB,30,2446.000000,,,,,,,,,48.000000,,,18300,0.546448,73.971300,186.009000,2599803.000000,259.980300,1.204819,26100.606250,,,,,,,,,,,,,
10000,96,prefix80,prefixed,scenario_label=prefix80,0.000000,True,True,formal_extended_baseline_screen,511059701,1604313187,28582326.250000,2125506.000000,290883.000000,18297,14372670.918375,4396.453500,14377067.371875,10000,10000,0,8296,,,,,,,,,,,,,,,,,,,,3.785400,,349.866554,EAQ_CBB,30,2458.000000,,,,,,,,,80.000000,,,18296,0.546568,29.088300,212.550600,2416389.000000,241.638900,1.205400,28582.326250,,,,,,,,,,,,,
10000,96,clustered,clustered,scenario_label=clustered,0.000000,True,True,formal_extended_baseline_screen,3855081597,4280469612,25769900.000000,1743792.000000,1347027.000000,19841,12876977.210375,4161.097500,12881138.307875,10000,10000,0,9840,,,,,,,,,,,,,,,,,,,,4.174600,,388.049624,EAQ_CBB,30,2458.000000,,,,,,,,,,8.000000,64.000000,19840,0.504032,134.702700,174.379200,3090819.000000,309.081900,1.016260,25769.900000,,,,,,,,,,,,,
10000,96,random,random,scenario_label=random,0.000000,True,True,formal_extended_baseline_screen,3265993510,576886807,22428035.000000,1464648.000000,1418061.000000,18379,11211045.596625,3638.326500,11214683.923125,10000,10000,0,8378,,,,,,,,,,,,,,,,,,,,3.811800,,445.870537,EAQ_CBB,31,2445.000000,,,,,,,,,,,,18378,0.544129,141.806100,146.464800,2882709.000000,288.270900,1.193602,22428.035000,,,,,,,,,,,,,
10000,96,prefixed,prefixed,scenario_label=prefixed,0.000000,True,True,formal_extended_baseline_screen,1064392848,2867687036,25942820.000000,1850004.000000,731265.000000,18177,13001210.879000,4065.640500,13005276.519500,10000,10000,0,8176,,,,,,,,,,,,,,,,,,,,3.758400,,385.463107,EAQ_CBB,31,2461.000000,,,,,,,,,48.000000,,,18176,0.550176,73.126500,185.000400,2581269.000000,258.126900,1.223092,25942.820000,,,,,,,,,,,,,
10000,96,prefix80,prefixed,scenario_label=prefix80,0.000000,True,True,formal_extended_baseline_screen,2404369372,2858838458,28787651.250000,2140406.000000,293862.000000,18427,14386942.023125,4427.743000,14391369.766125,10000,10000,0,8426,,,,,,,,,,,,,,,,,,,,3.814600,,347.371167,EAQ_CBB,31,2450.000000,,,,,,,,,80.000000,,,18426,0.542711,29.386200,214.040600,2434268.000000,243.426800,1.186803,28787.651250,,,,,,,,,,,,,
10000,96,clustered,clustered,scenario_label=clustered,0.000000,True,True,formal_extended_baseline_screen,1581184839,2371688610,26616658.750000,1794958.000000,1410795.000000,20593,13304798.965000,4295.313500,13309094.278500,10000,10000,0,10592,,,,,,,,,,,,,,,,,,,,4.376000,,375.704558,EAQ_CBB,31,2456.000000,,,,,,,,,,8.000000,64.000000,20592,0.485625,141.079500,179.495800,3205753.000000,320.575300,0.944109,26616.658750,,,,,,,,,,,,,
10000,96,random,random,scenario_label=random,0.000000,True,True,formal_extended_baseline_screen,2252910599,1312522814,22377090.000000,1462556.000000,1409144.000000,18313,11196592.420375,3629.684000,11200222.104375,10000,10000,0,8312,,,,,,,,,,,,,,,,,,,,3.793600,,446.885632,EAQ_CBB,32,2463.000000,,,,,,,,,,,,18312,0.546090,140.914400,146.255600,2871700.000000,287.170000,1.203080,22377.090000,,,,,,,,,,,,,
10000,96,prefixed,prefixed,scenario_label=prefixed,0.000000,True,True,formal_extended_baseline_screen,3774357635,2918430917,25967076.250000,1851550.000000,732804.000000,18197,12973795.279500,4069.502000,12977864.781500,10000,10000,0,8196,,,,,,,,,,,,,,,,,,,,3.764800,,385.103040,EAQ_CBB,32,2457.000000,,,,,,,,,48.000000,,,18196,0.549571,73.280400,185.155000,2584354.000000,258.435400,1.220107,25967.076250,,,,,,,,,,,,,
10000,96,prefix80,prefixed,scenario_label=prefix80,0.000000,True,True,formal_extended_baseline_screen,3552680233,3172473474,28613742.500000,2127608.000000,293198.000000,18315,14311412.139625,4401.815000,14315813.954625,10000,10000,0,8314,,,,,,,,,,,,,,,,,,,,3.801200,,349.482421,EAQ_CBB,32,2453.000000,,,,,,,,,80.000000,,,18314,0.546030,29.319800,212.760800,2420806.000000,242.080600,1.202790,28613.742500,,,,,,,,,,,,,
10000,96,clustered,clustered,scenario_label=clustered,0.000000,True,True,formal_extended_baseline_screen,1120776253,3539080859,26768878.750000,1791962.000000,1491241.000000,20969,13373440.749250,4329.544500,13377770.293750,10000,10000,0,10968,,,,,,,,,,,,,,,,,,,,4.508800,,373.568131,EAQ_CBB,32,2452.000000,,,,,,,,,,8.000000,64.000000,20968,0.476917,149.124100,179.196200,3283203.000000,328.320300,0.911743,26768.878750,,,,,,,,,,,,,
10000,96,random,random,scenario_label=random,0.000000,True,True,formal_extended_baseline_screen,2042956436,1977745266,22424956.250000,1464542.000000,1410749.000000,18371,11240318.107125,3634.458500,11243952.565625,10000,10000,0,8370,,,,,,,,,,,,,,,,,,,,3.796800,,445.931751,EAQ_CBB,33,2462.000000,,,,,,,,,,,,18370,0.544366,141.074900,146.454200,2875291.000000,287.529100,1.194743,22424.956250,,,,,,,,,,,,,
10000,96,prefixed,prefixed,scenario_label=prefixed,0.000000,True,True,formal_extended_baseline_screen,2604247550,747730669,26199270.000000,1866960.000000,740691.000000,18377,13093261.728750,4104.265500,13097365.994250,10000,10000,0,8376,,,,,,,,,,,,,,,,,,,,3.803800,,381.690024,EAQ_CBB,33,2462.000000,,,,,,,,,48.000000,,,18376,0.544188,74.069100,186.696000,2607651.000000,260.765100,1.193887,26199.270000,,,,,,,,,,,,,
10000,96,prefix80,prefixed,scenario_label=prefix80,0.000000,True,True,formal_extended_baseline_screen,4264852947,778737246,28664422.500000,2131196.000000,293243.000000,18349,14291784.576750,4409.013500,14296193.590250,10000,10000,0,8348,,,,,,,,,,,,,,,,,,,,3.797000,,348.864520,EAQ_CBB,33,2453.000000,,,,,,,,,80.000000,,,18348,0.545019,29.324300,213.119600,2424439.000000,242.443900,1.197892,28664.422500,,,,,,,,,,,,,
10000,96,clustered,clustered,scenario_label=clustered,0.000000,True,True,formal_extended_baseline_screen,1884500039,87089355,25930182.500000,1758552.000000,1334953.000000,19897,12956449.260875,4184.580500,12960633.841375,10000,10000,0,9896,,,,,,,,,,,,,,,,,,,,4.188600,,385.650969,EAQ_CBB,33,2469.000000,,,,,,,,,,8.000000,64.000000,19896,0.502614,133.495300,175.855200,3093505.000000,309.350500,1.010509,25930.182500,,,,,,,,,,,,,
10000,96,random,random,scenario_label=random,0.000000,True,True,formal_extended_baseline_screen,1926156841,1715680678,22320732.500000,1460064.000000,1403464.000000,18247,11155987.158625,3621.860000,11159609.018625,10000,10000,0,8246,,,,,,,,,,,,,,,,,,,,3.780400,,448.013971,EAQ_CBB,34,2457.000000,,,,,,,,,,,,18246,0.548065,140.346400,146.006400,2863528.000000,286.352800,1.212709,22320.732500,,,,,,,,,,,,,
10000,96,prefixed,prefixed,scenario_label=prefixed,0.000000,True,True,formal_extended_baseline_screen,304335199,2075627526,26162216.250000,1864454.000000,740123.000000,18349,13032500.100000,4098.969500,13036599.069500,10000,10000,0,8348,,,,,,,,,,,,,,,,,,,,3.799600,,382.230615,EAQ_CBB,34,2451.000000,,,,,,,,,48.000000,,,18348,0.545019,74.012300,186.445400,2604577.000000,260.457700,1.197892,26162.216250,,,,,,,,,,,,,
10000,96,prefix80,prefixed,scenario_label=prefix80,0.000000,True,True,formal_extended_baseline_screen,1538798478,2337489793,28759866.250000,2138302.000000,293734.000000,18409,14417299.558750,4423.471000,14421723.029750,10000,10000,0,8408,,,,,,,,,,,,,,,,,,,,3.813800,,347.706763,EAQ_CBB,34,2453.000000,,,,,,,,,80.000000,,,18408,0.543242,29.373400,213.830200,2432036.000000,243.203600,1.189343,28759.866250,,,,,,,,,,,,,
10000,96,clustered,clustered,scenario_label=clustered,0.000000,True,True,formal_extended_baseline_screen,2234370540,13764414,27516133.750000,1827618.000000,1600193.000000,21723,13714277.371625,4455.332500,13718732.704125,10000,10000,0,11722,,,,,,,,,,,,,,,,,,,,4.709400,,363.423150,EAQ_CBB,34,2459.000000,,,,,,,,,,8.000000,64.000000,21722,0.460363,160.019300,182.761800,3427811.000000,342.781100,0.853097,27516.133750,,,,,,,,,,,,,
10000,96,random,random,scenario_label=random,0.000000,True,True,formal_extended_baseline_screen,2690207514,4103441814,22357452.500000,1461604.000000,1404628.000000,18293,11158989.419625,3625.522000,11162614.941625,10000,10000,0,8292,,,,,,,,,,,,,,,,,,,,3.783800,,447.278150,EAQ_CBB,35,2458.000000,,,,,,,,,,,,18292,0.546687,140.462800,146.160400,2866232.000000,286.623200,1.205982,22357.452500,,,,,,,,,,,,,
10000,96,prefixed,prefixed,scenario_label=prefixed,0.000000,True,True,formal_extended_baseline_screen,4048739445,779287759,26047791.250000,1856918.000000,734046.000000,18259,13039073.705000,4080.859000,13043154.564000,10000,10000,0,8258,,,,,,,,,,,,,,,,,,,,3.773400,,383.909711,EAQ_CBB,35,2458.000000,,,,,,,,,48.000000,,,18258,0.547705,73.404600,185.691800,2590964.000000,259.096400,1.210947,26047.791250,,,,,,,,,,,,,
10000,96,prefix80,prefixed,scenario_label=prefix80,0.000000,True,True,formal_extended_baseline_screen,2800648159,39070499,28584828.750000,2125434.000000,291465.000000,18299,14303319.560250,4396.600500,14307716.160750,10000,10000,0,8298,,,,,,,,,,,,,,,,,,,,3.783000,,349.835925,EAQ_CBB,35,2452.000000,,,,,,,,,80.000000,,,18298,0.546508,29.146500,212.543400,2416899.000000,241.689900,1.205110,28584.828750,,,,,,,,,,,,,
10000,96,clustered,clustered,scenario_label=clustered,0.000000,True,True,formal_extended_baseline_screen,1745901410,3704908028,27263653.750000,1815742.000000,1554332.000000,21499,13576474.044875,4408.650000,13580882.694875,10000,10000,0,11498,,,,,,,,,,,,,,,,,,,,4.655800,,366.788696,EAQ_CBB,35,2456.000000,,,,,,,,,,8.000000,64.000000,21498,0.465160,155.433200,181.574200,3370074.000000,337.007400,0.869716,27263.653750,,,,,,,,,,,,,
10000,96,random,random,scenario_label=random,0.000000,True,True,formal_extended_baseline_screen,1928770138,3279830686,22433782.500000,1464756.000000,1414752.000000,18387,11186681.742500,3636.888000,11190318.630500,10000,10000,0,8386,,,,,,,,,,,,,,,,,,,,3.804400,,445.756305,EAQ_CBB,36,2460.000000,,,,,,,,,,,,18386,0.543892,141.475200,146.475600,2879508.000000,287.950800,1.192464,22433.782500,,,,,,,,,,,,,
10000,96,prefixed,prefixed,scenario_label=prefixed,0.000000,True,True,formal_extended_baseline_screen,1318647535,2007970973,26062656.250000,1857906.000000,733272.000000,18271,13041583.963000,4082.448000,13045666.411000,10000,10000,0,8270,,,,,,,,,,,,,,,,,,,,3.770800,,383.690745,EAQ_CBB,36,2463.000000,,,,,,,,,48.000000,,,18270,0.547345,73.327200,185.790600,2591178.000000,259.117800,1.209190,26062.656250,,,,,,,,,,,,,
10000,96,prefix80,prefixed,scenario_label=prefix80,0.000000,True,True,formal_extended_baseline_screen,2487161622,435606541,28610820.000000,2127376.000000,290873.000000,18317,14298271.355375,4400.188500,14302671.543875,10000,10000,0,8316,,,,,,,,,,,,,,,,,,,,3.780000,,349.518119,EAQ_CBB,36,2468.000000,,,,,,,,,80.000000,,,18316,0.545971,29.087300,212.737600,2418249.000000,241.824900,1.202501,28610.820000,,,,,,,,,,,,,
10000,96,clustered,clustered,scenario_label=clustered,0.000000,True,True,formal_extended_baseline_screen,3755104620,3551241356,26998920.000000,1800704.000000,1514139.000000,21267,13519188.892875,4358.477500,13523547.370375,10000,10000,0,11266,,,,,,,,,,,,,,,,,,,,4.557600,,370.385186,EAQ_CBB,36,2469.000000,,,,,,,,,,8.000000,64.000000,21266,0.470234,151.413900,180.070400,3314843.000000,331.484300,0.887626,26998.920000,,,,,,,,,,,,,
10000,96,random,random,scenario_label=random,0.000000,True,True,formal_extended_baseline_screen,3956758156,2557740694,22311477.500000,1459676.000000,1401536.000000,18233,11154685.928875,3620.120000,11158306.048875,10000,10000,0,8232,,,,,,,,,,,,,,,,,,,,3.775800,,448.199811,EAQ_CBB,37,2447.000000,,,,,,,,,,,,18232,0.548486,140.153600,145.967600,2861212.000000,286.121200,1.214772,22311.477500,,,,,,,,,,,,,
10000,96,prefixed,prefixed,scenario_label=prefixed,0.000000,True,True,formal_extended_baseline_screen,1372255346,3871598333,26232011.250000,1869022.000000,742696.000000,18405,13144117.063875,4109.392000,13148226.455875,10000,10000,0,8404,,,,,,,,,,,,,,,,,,,,3.811000,,381.213621,EAQ_CBB,37,2461.000000,,,,,,,,,48.000000,,,18404,0.543360,74.269600,186.902200,2611718.000000,261.171800,1.189910,26232.011250,,,,,,,,,,,,,
10000,96,prefix80,prefixed,scenario_label=prefix80,0.000000,True,True,formal_extended_baseline_screen,707353532,2677208780,28577071.250000,2124874.000000,292385.000000,18293,14302664.476625,4395.940500,14307060.417125,10000,10000,0,8292,,,,,,,,,,,,,,,,,,,,3.789000,,349.930891,EAQ_CBB,37,2452.000000,,,,,,,,,80.000000,,,18292,0.546687,29.238500,212.487400,2417259.000000,241.725900,1.205982,28577.071250,,,,,,,,,,,,,
10000,96,clustered,clustered,scenario_label=clustered,0.000000,True,True,formal_extended_baseline_screen,1062845759,1258033326,26899562.500000,1803844.000000,1480951.000000,20971,13466296.919000,4348.163500,13470645.082500,10000,10000,0,10970,,,,,,,,,,,,,,,,,,,,4.493200,,371.753258,EAQ_CBB,37,2461.000000,,,,,,,,,,8.000000,64.000000,20970,0.476872,148.095100,180.384400,3284795.000000,328.479500,0.911577,26899.562500,,,,,,,,,,,,,
10000,96,random,random,scenario_label=random,0.000000,True,True,formal_extended_baseline_screen,957467494,1543170313,22399968.750000,1463530.000000,1412344.000000,18341,11226406.780375,3633.232000,11230040.012375,10000,10000,0,8340,,,,,,,,,,,,,,,,,,,,3.799800,,446.429194,EAQ_CBB,38,2472.000000,,,,,,,,,,,,18340,0.545256,141.234400,146.353000,2875874.000000,287.587400,1.199041,22399.968750,,,,,,,,,,,,,
10000,96,prefixed,prefixed,scenario_label=prefixed,0.000000,True,True,formal_extended_baseline_screen,2919934110,2633880321,26106848.750000,1860730.000000,738706.000000,18305,13038850.259500,4090.813000,13042941.072500,10000,10000,0,8304,,,,,,,,,,,,,,,,,,,,3.791200,,383.041251,EAQ_CBB,38,2462.000000,,,,,,,,,48.000000,,,18304,0.546329,73.870600,186.073000,2599436.000000,259.943600,1.204239,26106.848750,,,,,,,,,,,,,
10000,96,prefix80,prefixed,scenario_label=prefix80,0.000000,True,True,formal_extended_baseline_screen,3472369517,2077034171,28616295.000000,2127764.000000,292390.000000,18317,14283680.407625,4401.723000,14288082.130625,10000,10000,0,8316,,,,,,,,,,,,,,,,,,,,3.792200,,349.451248,EAQ_CBB,38,2462.000000,,,,,,,,,80.000000,,,18316,0.545971,29.239000,212.776400,2420154.000000,242.015400,1.202501,28616.295000,,,,,,,,,,,,,
10000,96,clustered,clustered,scenario_label=clustered,0.000000,True,True,formal_extended_baseline_screen,1660287430,3681280858,25367610.000000,1729176.000000,1273920.000000,19329,12713008.529250,4095.312000,12717103.841250,10000,10000,0,9328,,,,,,,,,,,,,,,,,,,,4.046600,,394.203474,EAQ_CBB,38,2458.000000,,,,,,,,,,8.000000,64.000000,19328,0.517384,127.392000,172.917600,3003096.000000,300.309600,1.072041,25367.610000,,,,,,,,,,,,,
10000,96,random,random,scenario_label=random,0.000000,True,True,formal_extended_baseline_screen,2866897990,983159324,22372840.000000,1461944.000000,1407556.000000,18313,11166587.270750,3627.666000,11170214.936750,10000,10000,0,8312,,,,,,,,,,,,,,,,,,,,3.787600,,446.970523,EAQ_CBB,39,2459.000000,,,,,,,,,,,,18312,0.546090,140.755600,146.194400,2869500.000000,286.950000,1.203080,22372.840000,,,,,,,,,,,,,
10000,96,prefixed,prefixed,scenario_label=prefixed,0.000000,True,True,formal_extended_baseline_screen,86283338,1604106058,26111291.250000,1861074.000000,738514.000000,18309,13051953.045625,4091.405000,13056044.450625,10000,10000,0,8308,,,,,,,,,,,,,,,,,,,,3.790600,,382.976081,EAQ_CBB,39,2450.000000,,,,,,,,,48.000000,,,18308,0.546209,73.851400,186.107400,2599588.000000,259.958800,1.203659,26111.291250,,,,,,,,,,,,,
10000,96,prefix80,prefixed,scenario_label=prefix80,0.000000,True,True,formal_extended_baseline_screen,1243192488,2468675221,28532476.250000,2121574.000000,291050.000000,18267,14222446.734625,4388.673000,14226835.407625,10000,10000,0,8266,,,,,,,,,,,,,,,,,,,,3.778000,,350.477817,EAQ_CBB,39,2462.000000,,,,,,,,,80.000000,,,18266,0.547465,29.105000,212.157400,2412624.000000,241.262400,1.209775,28532.476250,,,,,,,,,,,,,
10000,96,clustered,clustered,scenario_label=clustered,0.000000,True,True,formal_extended_baseline_screen,481472403,427914983,26343906.250000,1773058.000000,1403164.000000,20501,13189339.967875,4247.698000,13193587.665875,10000,10000,0,10500,,,,,,,,,,,,,,,,,,,,4.339400,,379.594427,EAQ_CBB,39,2462.000000,,,,,,,,,,8.000000,64.000000,20500,0.487805,140.316400,177.305800,3176222.000000,317.622200,0.952381,26343.906250,,,,,,,,,,,,,
10000,96,random,random,scenario_label=random,0.000000,True,True,formal_extended_baseline_screen,509607359,1679010614,22366901.250000,1461950.000000,1414413.000000,18297,11177709.718250,3631.106500,11181340.824750,10000,10000,0,8296,,,,,,,,,,,,,,,,,,,,3.800600,,447.089201,EAQ_CBB,40,2452.000000,,,,,,,,,,,,18296,0.546568,141.441300,146.195000,2876363.000000,287.636300,1.205400,22366.901250,,,,,,,,,,,,,
10000,96,prefixed,prefixed,scenario_label=prefixed,0.000000,True,True,formal_extended_baseline_screen,2673896349,495774425,26272272.500000,1871600.000000,745903.000000,18439,13129536.404500,4116.151500,13133652.556000,10000,10000,0,8438,,,,,,,,,,,,,,,,,,,,3.823600,,380.629426,EAQ_CBB,40,2447.000000,,,,,,,,,48.000000,,,18438,0.542358,74.590300,187.160000,2617503.000000,261.750300,1.185115,26272.272500,,,,,,,,,,,,,
10000,96,prefix80,prefixed,scenario_label=prefix80,0.000000,True,True,formal_extended_baseline_screen,1445782178,1022011714,28471692.500000,2117316.000000,290743.000000,18225,14273645.858000,4380.003500,14278025.861500,10000,10000,0,8224,,,,,,,,,,,,,,,,,,,,3.773600,,351.226047,EAQ_CBB,40,2456.000000,,,,,,,,,80.000000,,,18224,0.548727,29.074300,211.731600,2408059.000000,240.805900,1.215953,28471.692500,,,,,,,,,,,,,
10000,96,clustered,clustered,scenario_label=clustered,0.000000,True,True,formal_extended_baseline_screen,3422425815,901221408,26316652.500000,1776372.000000,1389896.000000,20383,13177607.668875,4247.692000,13181855.360875,10000,10000,0,10382,,,,,,,,,,,,,,,,,,,,4.327800,,379.987538,EAQ_CBB,40,2462.000000,,,,,,,,,,8.000000,64.000000,20382,0.490629,138.989600,177.637200,3166268.000000,316.626800,0.963206,26316.652500,,,,,,,,,,,,,
10000,96,random,random,scenario_label=random,0.000000,True,True,formal_extended_baseline_screen,2374982155,3862753781,22370837.500000,1462008.000000,1409511.000000,18311,11194551.574375,3628.771500,11198180.345875,10000,10000,0,8310,,,,,,,,,,,,,,,,,,,,3.793000,,447.010533,EAQ_CBB,41,2448.000000,,,,,,,,,,,,18310,0.546150,140.951100,146.200800,2871519.000000,287.151900,1.203369,22370.837500,,,,,,,,,,,,,
10000,96,prefixed,prefixed,scenario_label=prefixed,0.000000,True,True,formal_extended_baseline_screen,2076339012,4092314992,26018187.500000,1854664.000000,734590.000000,18241,13024347.328375,4076.623000,13028423.951375,10000,10000,0,8240,,,,,,,,,,,,,,,,,,,,3.771400,,384.346527,EAQ_CBB,41,2465.000000,,,,,,,,,48.000000,,,18240,0.548246,73.459000,185.466400,2589254.000000,258.925400,1.213592,26018.187500,,,,,,,,,,,,,
10000,96,prefix80,prefixed,scenario_label=prefix80,0.000000,True,True,formal_extended_baseline_screen,3727899068,1187809834,28599926.250000,2126554.000000,292843.000000,18307,14317001.336750,4399.529500,14321400.866250,10000,10000,0,8306,,,,,,,,,,,,,,,,,,,,3.796400,,349.651251,EAQ_CBB,41,2461.000000,,,,,,,,,80.000000,,,18306,0.546269,29.284300,212.655400,2419397.000000,241.939700,1.203949,28599.926250,,,,,,,,,,,,,
10000,96,clustered,clustered,scenario_label=clustered,0.000000,True,True,formal_extended_baseline_screen,4098968949,3585748087,26492673.750000,1778622.000000,1449505.000000,20625,13242591.124125,4281.996500,13246873.120625,10000,10000,0,10624,,,,,,,,,,,,,,,,,,,,4.406200,,377.462845,EAQ_CBB,41,2452.000000,,,,,,,,,,8.000000,64.000000,20624,0.484872,144.950500,177.862200,3228127.000000,322.812700,0.941265,26492.673750,,,,,,,,,,,,,
10000,96,random,random,scenario_label=random,0.000000,True,True,formal_extended_baseline_screen,2681934676,711451463,22422977.500000,1464292.000000,1414160.000000,18373,11220121.419125,3635.664000,11223757.083125,10000,10000,0,8372,,,,,,,,,,,,,,,,,,,,3.803000,,445.971103,EAQ_CBB,42,2458.000000,,,,,,,,,,,,18372,0.544307,141.416000,146.429200,2878452.000000,287.845200,1.194458,22422.977500,,,,,,,,,,,,,
10000,96,prefixed,prefixed,scenario_label=prefixed,0.000000,True,True,formal_extended_baseline_screen,3463721453,883952963,26245611.250000,1869898.000000,742788.000000,18415,13132569.704875,4111.190000,13136680.894875,10000,10000,0,8414,,,,,,,,,,,,,,,,,,,,3.811200,,381.016083,EAQ_CBB,42,2455.000000,,,,,,,,,48.000000,,,18414,0.543065,74.278800,186.989800,2612686.000000,261.268600,1.188495,26245.611250,,,,,,,,,,,,,
10000,96,prefix80,prefixed,scenario_label=prefix80,0.000000,True,True,formal_extended_baseline_screen,3090696183,2977720379,28516855.000000,2120420.000000,291714.000000,18255,14252979.408000,4386.697000,14257366.105000,10000,10000,0,8254,,,,,,,,,,,,,,,,,,,,3.781200,,350.669806,EAQ_CBB,42,2464.000000,,,,,,,,,80.000000,,,18254,0.547825,29.171400,212.042000,2412134.000000,241.213400,1.211534,28516.855000,,,,,,,,,,,,,
10000,96,clustered,clustered,scenario_label=clustered,0.000000,True,True,formal_extended_baseline_screen,3927309367,1256410765,26829366.250000,1796402.000000,1493083.000000,21009,13384845.284000,4339.345500,13389184.629500,10000,10000,0,11008,,,,,,,,,,,,,,,,,,,,4.523000,,372.725912,EAQ_CBB,42,2458.000000,,,,,,,,,,8.000000,64.000000,21008,0.476009,149.308300,179.640200,3289485.000000,328.948500,0.908430,26829.366250,,,,,,,,,,,,,
10000,96,random,random,scenario_label=random,0.000000,True,True,formal_extended_baseline_screen,3450749702,2725208457,22318857.500000,1459772.000000,1393551.000000,18247,11166464.168625,3616.319500,11170080.488125,10000,10000,0,8246,,,,,,,,,,,,,,,,,,,,3.759800,,448.051608,EAQ_CBB,43,2469.000000,,,,,,,,,,,,18246,0.548065,139.355100,145.977200,2853323.000000,285.332300,1.212709,22318.857500,,,,,,,,,,,,,
10000,96,prefixed,prefixed,scenario_label=prefixed,0.000000,True,True,formal_extended_baseline_screen,144876194,3555025833,26139518.750000,1862974.000000,739033.000000,18331,13079932.605250,4095.464500,13084028.069750,10000,10000,0,8330,,,,,,,,,,,,,,,,,,,,3.794400,,382.562514,EAQ_CBB,43,2458.000000,,,,,,,,,48.000000,,,18330,0.545554,73.903300,186.297400,2602007.000000,260.200700,1.200480,26139.518750,,,,,,,,,,,,,
10000,96,prefix80,prefixed,scenario_label=prefix80,0.000000,True,True,formal_extended_baseline_screen,1513479548,2180167781,28475647.500000,2117476.000000,290919.000000,18229,14222206.568875,4380.411500,14226586.980375,10000,10000,0,8228,,,,,,,,,,,,,,,,,,,,3.773800,,351.177265,EAQ_CBB,43,2459.000000,,,,,,,,,80.000000,,,18228,0.548607,29.091900,211.747600,2408395.000000,240.839500,1.215362,28475.647500,,,,,,,,,,,,,
10000,96,clustered,clustered,scenario_label=clustered,0.000000,True,True,formal_extended_baseline_screen,48141908,24846235,27348148.750000,1817534.000000,1578962.000000,21625,13720594.694750,4424.549000,13725019.243750,10000,10000,0,11624,,,,,,,,,,,,,,,,,,,,4.678000,,365.655463,EAQ_CBB,43,2449.000000,,,,,,,,,,8.000000,64.000000,21624,0.462449,157.896200,181.753400,3396496.000000,339.649600,0.860289,27348.148750,,,,,,,,,,,,,
10000,96,random,random,scenario_label=random,0.000000,True,True,formal_extended_baseline_screen,3987099893,2805740472,22408590.000000,1463816.000000,1416048.000000,18353,11197922.654625,3635.656000,11201558.310625,10000,10000,0,8352,,,,,,,,,,,,,,,,,,,,3.806800,,446.257440,EAQ_CBB,44,2462.000000,,,,,,,,,,,,18352,0.544900,141.604800,146.381600,2879864.000000,287.986400,1.197318,22408.590000,,,,,,,,,,,,,
10000,96,prefixed,prefixed,scenario_label=prefixed,0.000000,True,True,formal_extended_baseline_screen,2327316353,3692637517,26136107.500000,1862708.000000,739857.000000,18327,13050334.846000,4095.344500,13054430.190500,10000,10000,0,8326,,,,,,,,,,,,,,,,,,,,3.796600,,382.612445,EAQ_CBB,44,2458.000000,,,,,,,,,48.000000,,,18326,0.545673,73.985700,186.270800,2602565.000000,260.256500,1.201057,26136.107500,,,,,,,,,,,,,
10000,96,prefix80,prefixed,scenario_label=prefix80,0.000000,True,True,formal_extended_baseline_screen,2316918874,523363063,28656896.250000,2130802.000000,292213.000000,18343,14334113.783375,4407.710500,14338521.493875,10000,10000,0,8342,,,,,,,,,,,,,,,,,,,,3.790400,,348.956143,EAQ_CBB,44,2446.000000,,,,,,,,,80.000000,,,18342,0.545197,29.221300,213.080200,2423015.000000,242.301500,1.198753,28656.896250,,,,,,,,,,,,,
10000,96,clustered,clustered,scenario_label=clustered,0.000000,True,True,formal_extended_baseline_screen,828653254,579269484,26343336.250000,1775418.000000,1404672.000000,20375,13178701.138125,4253.172000,13182954.310125,10000,10000,0,10374,,,,,,,,,,,,,,,,,,,,4.313000,,379.602640,EAQ_CBB,44,2452.000000,,,,,,,,,,8.000000,64.000000,20374,0.490822,140.467200,177.541800,3180090.000000,318.009000,0.963948,26343.336250,,,,,,,,,,,,,
10000,96,random,random,scenario_label=random,0.000000,True,True,formal_extended_baseline_screen,3580828999,2994767170,22327301.250000,1460286.000000,1403184.000000,18257,11168629.926500,3622.164000,11172252.090500,10000,10000,0,8256,,,,,,,,,,,,,,,,,,,,3.780200,,447.882164,EAQ_CBB,45,2447.000000,,,,,,,,,,,,18256,0.547765,140.318400,146.028600,2863470.000000,286.347000,1.211240,22327.301250,,,,,,,,,,,,,
10000,96,prefixed,prefixed,scenario_label=prefixed,0.000000,True,True,formal_extended_baseline_screen,1476163045,4247256106,26208108.750000,1867606.000000,740575.000000,18383,13118194.507625,4105.499500,13122300.007125,10000,10000,0,8382,,,,,,,,,,,,,,,,,,,,3.803600,,381.561298,EAQ_CBB,45,2464.000000,,,,,,,,,48.000000,,,18382,0.544010,74.057500,186.760600,2608181.000000,260.818100,1.193033,26208.108750,,,,,,,,,,,,,
10000,96,prefix80,prefixed,scenario_label=prefix80,0.000000,True,True,formal_extended_baseline_screen,2573149326,3280488792,28633235.000000,2128928.000000,292493.000000,18329,14308324.909000,4404.102500,14312729.011500,10000,10000,0,8328,,,,,,,,,,,,,,,,,,,,3.792200,,349.244506,EAQ_CBB,45,2459.000000,,,,,,,,,80.000000,,,18328,0.545613,29.249300,212.892800,2421421.000000,242.142100,1.200768,28633.235000,,,,,,,,,,,,,
10000,96,clustered,clustered,scenario_label=clustered,0.000000,True,True,formal_extended_baseline_screen,2581397823,1564329003,25374077.500000,1733816.000000,1254003.000000,19253,12666203.371000,4094.633500,12670298.004500,10000,10000,0,9252,,,,,,,,,,,,,,,,,,,,4.018800,,394.102997,EAQ_CBB,45,2462.000000,,,,,,,,,,8.000000,64.000000,19252,0.519427,125.400300,173.381600,2987819.000000,298.781900,1.080847,25374.077500,,,,,,,,,,,,,
10000,96,random,random,scenario_label=random,0.000000,True,True,formal_extended_baseline_screen,3716381950,2013494301,22321860.000000,1460040.000000,1397307.000000,18249,11176306.495500,3618.733500,11179925.229000,10000,10000,0,8248,,,,,,,,,,,,,,,,,,,,3.768400,,447.991341,EAQ_CBB,46,2459.000000,,,,,,,,,,,,18248,0.548005,139.730700,146.004000,2857347.000000,285.734700,1.212415,22321.860000,,,,,,,,,,,,,
10000,96,prefixed,prefixed,scenario_label=prefixed,0.000000,True,True,formal_extended_baseline_screen,2477060584,859572427,26043872.500000,1856600.000000,735439.000000,18259,13012253.489750,4080.919500,13016334.409250,10000,10000,0,8258,,,,,,,,,,,,,,,,,,,,3.777800,,383.967476,EAQ_CBB,46,2448.000000,,,,,,,,,48.000000,,,18258,0.547705,73.543900,185.660000,2592039.000000,259.203900,1.210947,26043.872500,,,,,,,,,,,,,
10000,96,prefix80,prefixed,scenario_label=prefix80,0.000000,True,True,formal_extended_baseline_screen,2069287118,1266628808,28591315.000000,2126160.000000,291119.000000,18303,14286815.591500,4397.879500,14291213.471000,10000,10000,0,8302,,,,,,,,,,,,,,,,,,,,3.792600,,349.756561,EAQ_CBB,46,2449.000000,,,,,,,,,80.000000,,,18302,0.546388,29.111900,212.616000,2417279.000000,241.727900,1.204529,28591.315000,,,,,,,,,,,,,
10000,96,clustered,clustered,scenario_label=clustered,0.000000,True,True,formal_extended_baseline_screen,4117600980,2785167356,25889016.250000,1754282.000000,1333661.000000,19899,12910267.449250,4175.394500,12914442.843750,10000,10000,0,9898,,,,,,,,,,,,,,,,,,,,4.173000,,386.264194,EAQ_CBB,46,2466.000000,,,,,,,,,,8.000000,64.000000,19898,0.502563,133.366100,175.428200,3087943.000000,308.794300,1.010305,25889.016250,,,,,,,,,,,,,
10000,96,random,random,scenario_label=random,0.000000,True,True,formal_extended_baseline_screen,2943036703,2858992425,22282668.750000,1458322.000000,1397760.000000,18201,11163508.769375,3615.524000,11167124.293375,10000,10000,0,8200,,,,,,,,,,,,,,,,,,,,3.768400,,448.779278,EAQ_CBB,47,2468.000000,,,,,,,,,,,,18200,0.549451,139.776000,145.832200,2856082.000000,285.608200,1.219512,22282.668750,,,,,,,,,,,,,
10000,96,prefixed,prefixed,scenario_label=prefixed,0.000000,True,True,formal_extended_baseline_screen,2255604210,1697178240,26123141.250000,1861814.000000,735835.000000,18319,13071095.285125,4091.545500,13075186.830625,10000,10000,0,8318,,,,,,,,,,,,,,,,,,,,3.779800,,382.802355,EAQ_CBB,47,2462.000000,,,,,,,,,48.000000,,,18318,0.545911,73.583500,186.181400,2597649.000000,259.764900,1.202212,26123.141250,,,,,,,,,,,,,
10000,96,prefix80,prefixed,scenario_label=prefix80,0.000000,True,True,formal_extended_baseline_screen,1998039315,2799456294,28807545.000000,2142024.000000,293015.000000,18437,14378156.695250,4430.555500,14382587.250750,10000,10000,0,8436,,,,,,,,,,,,,,,,,,,,3.812600,,347.131281,EAQ_CBB,47,2452.000000,,,,,,,,,80.000000,,,18436,0.542417,29.301500,214.202400,2435039.000000,243.503900,1.185396,28807.545000,,,,,,,,,,,,,
10000,96,clustered,clustered,scenario_label=clustered,0.000000,True,True,formal_extended_baseline_screen,1376940312,2529257024,25806055.000000,1747808.000000,1336051.000000,19845,12906644.334000,4163.641500,12910807.975500,10000,10000,0,9844,,,,,,,,,,,,,,,,,,,,4.173400,,387.505955,EAQ_CBB,47,2464.000000,,,,,,,,,,8.000000,64.000000,19844,0.503931,133.605100,174.780800,3083859.000000,308.385900,1.015847,25806.055000,,,,,,,,,,,,,
10000,96,random,random,scenario_label=random,0.000000,True,True,formal_extended_baseline_screen,4126669249,196932851,22362425.000000,1461704.000000,1404095.000000,18301,11166255.671375,3625.455500,11169881.126875,10000,10000,0,8300,,,,,,,,,,,,,,,,,,,,3.782600,,447.178694,EAQ_CBB,48,2473.000000,,,,,,,,,,,,18300,0.546448,140.409500,146.170400,2865799.000000,286.579900,1.204819,22362.425000,,,,,,,,,,,,,
10000,96,prefixed,prefixed,scenario_label=prefixed,0.000000,True,True,formal_extended_baseline_screen,2193895526,3762632856,26143302.500000,1863060.000000,738422.000000,18333,13073108.225625,4095.331000,13077203.556625,10000,10000,0,8332,,,,,,,,,,,,,,,,,,,,3.790000,,382.507145,EAQ_CBB,48,2463.000000,,,,,,,,,48.000000,,,18332,0.545494,73.842200,186.306000,2601482.000000,260.148200,1.200192,26143.302500,,,,,,,,,,,,,
10000,96,prefix80,prefixed,scenario_label=prefix80,0.000000,True,True,formal_extended_baseline_screen,3566718053,3886517273,28527858.750000,2121178.000000,291763.000000,18263,14288732.814375,4388.237500,14293121.051875,10000,10000,0,8262,,,,,,,,,,,,,,,,,,,,3.779000,,350.534545,EAQ_CBB,48,2451.000000,,,,,,,,,80.000000,,,18262,0.547585,29.176300,212.117800,2412941.000000,241.294100,1.210361,28527.858750,,,,,,,,,,,,,
10000,96,clustered,clustered,scenario_label=clustered,0.000000,True,True,formal_extended_baseline_screen,3761635906,1104630222,25781681.250000,1749642.000000,1325472.000000,19761,12923547.206375,4162.020000,12927709.226375,10000,10000,0,9760,,,,,,,,,,,,,,,,,,,,4.160600,,387.872300,EAQ_CBB,48,2457.000000,,,,,,,,,,8.000000,64.000000,19760,0.506073,132.547200,174.964200,3075114.000000,307.511400,1.024590,25781.681250,,,,,,,,,,,,,
10000,96,random,random,scenario_label=random,0.000000,True,True,formal_extended_baseline_screen,675927661,551678021,22362045.000000,1461720.000000,1406640.000000,18297,11201508.556125,3626.760000,11205135.316125,10000,10000,0,8296,,,,,,,,,,,,,,,,,,,,3.786800,,447.186293,EAQ_CBB,49,2452.000000,,,,,,,,,,,,18296,0.546568,140.664000,146.172000,2868360.000000,286.836000,1.205400,22362.045000,,,,,,,,,,,,,
10000,96,prefixed,prefixed,scenario_label=prefixed,0.000000,True,True,formal_extended_baseline_screen,2044777110,2159001011,26122063.750000,1861770.000000,740714.000000,18317,13040377.393500,4093.897000,13044471.290500,10000,10000,0,8316,,,,,,,,,,,,,,,,,,,,3.798400,,382.818145,EAQ_CBB,49,2444.000000,,,,,,,,,48.000000,,,18316,0.545971,74.071400,186.177000,2602484.000000,260.248400,1.202501,26122.063750,,,,,,,,,,,,,
10000,96,prefix80,prefixed,scenario_label=prefix80,0.000000,True,True,formal_extended_baseline_screen,2799794232,2754348560,28593052.500000,2126032.000000,291311.000000,18303,14284625.549625,4397.719500,14289023.269125,10000,10000,0,8302,,,,,,,,,,,,,,,,,,,,3.779600,,349.735307,EAQ_CBB,49,2468.000000,,,,,,,,,80.000000,,,18302,0.546388,29.131100,212.603200,2417343.000000,241.734300,1.204529,28593.052500,,,,,,,,,,,,,
10000,96,clustered,clustered,scenario_label=clustered,0.000000,True,True,formal_extended_baseline_screen,2841386880,3861789284,26511533.750000,1779626.000000,1433969.000000,20643,13250544.753500,4276.236500,13254820.990000,10000,10000,0,10642,,,,,,,,,,,,,,,,,,,,4.364000,,377.194322,EAQ_CBB,49,2463.000000,,,,,,,,,,8.000000,64.000000,20642,0.484449,143.396900,177.962600,3213595.000000,321.359500,0.939673,26511.533750,,,,,,,,,,,,,
10000,96,random,random,scenario_label=random,0.000000,True,True,formal_extended_baseline_screen,3623283272,1780061912,13683420.000000,243958.000000,1476672.000000,19962,6889424.416000,1226.252000,6890650.668000,10000,10000,4026,5936,,,,,,,,,,,,,,,,,,,,5.313900,,730.811449,EMDT,0,49.000000,,,,,,,,,,,,19962,0.500952,147.667200,24.395800,1720630.000000,172.063000,1.684636,13683.420000,,,,,,,,,,,,,
10000,96,prefixed,prefixed,scenario_label=prefixed,0.000000,True,True,formal_extended_baseline_screen,116656660,2663756821,13659080.000000,245366.000000,1479008.000000,19818,6844160.594750,1230.236000,6845390.830750,10000,10000,3894,5924,,,,,,,,,,,,,,,,,,,,5.311100,,732.113729,EMDT,0,49.000000,,,,,,,,,48.000000,,,19818,0.504592,147.900800,24.536600,1724374.000000,172.437400,1.688049,13659.080000,,,,,,,,,,,,,
10000,96,prefix80,prefixed,scenario_label=prefix80,0.000000,True,True,formal_extended_baseline_screen,1741802094,2309885594,13636345.000000,239536.000000,1473392.000000,19938,6818570.666750,1215.768000,6819786.434750,10000,10000,4042,5896,,,,,,,,,,,,,,,,,,,,5.298000,,733.334336,EMDT,0,45.000000,,,,,,,,,80.000000,,,19938,0.501555,147.339200,23.953600,1712928.000000,171.292800,1.696065,13636.345000,,,,,,,,,,,,,
10000,96,clustered,clustered,scenario_label=clustered,0.000000,True,True,formal_extended_baseline_screen,2095316255,4119574052,13781575.000000,244178.000000,1475024.000000,20108,6889206.383750,1225.868000,6890432.251750,10000,10000,4053,6055,,,,,,,,,,,,,,,,,,,,5.338800,,725.606471,EMDT,0,47.000000,,,,,,,,,,8.000000,64.000000,20108,0.497315,147.502400,24.417800,1719202.000000,171.920200,1.651528,13781.575000,,,,,,,,,,,,,
10000,96,random,random,scenario_label=random,0.000000,True,True,formal_extended_baseline_screen,3864099846,745291196,13726645.000000,243958.000000,1475968.000000,20004,6865591.866250,1225.900000,6866817.766250,10000,10000,4013,5991,,,,,,,,,,,,,,,,,,,,5.322700,,728.510135,EMDT,1,47.000000,,,,,,,,,,,,20004,0.499900,147.596800,24.395800,1719926.000000,171.992600,1.669170,13726.645000,,,,,,,,,,,,,
10000,96,prefixed,prefixed,scenario_label=prefixed,0.000000,True,True,formal_extended_baseline_screen,889203247,4011902364,13717165.000000,247434.000000,1479984.000000,19888,6855376.976250,1234.860000,6856611.836250,10000,10000,3911,5977,,,,,,,,,,,,,,,,,,,,5.327900,,729.013612,EMDT,1,46.000000,,,,,,,,,48.000000,,,19888,0.502816,147.998400,24.743400,1727418.000000,172.741800,1.673080,13717.165000,,,,,,,,,,,,,
10000,96,prefix80,prefixed,scenario_label=prefix80,0.000000,True,True,formal_extended_baseline_screen,2669137359,1728165472,13608042.500000,242220.000000,1476544.000000,19877,6883652.146750,1222.712000,6884874.858750,10000,10000,4023,5854,,,,,,,,,,,,,,,,,,,,5.293000,,734.859551,EMDT,1,47.000000,,,,,,,,,80.000000,,,19877,0.503094,147.654400,24.222000,1718764.000000,171.876400,1.708234,13608.042500,,,,,,,,,,,,,
10000,96,clustered,clustered,scenario_label=clustered,0.000000,True,True,formal_extended_baseline_screen,1179273823,3457710149,13649040.000000,247390.000000,1482080.000000,19754,6836854.338250,1235.820000,6838090.158250,10000,10000,3837,5917,,,,,,,,,,,,,,,,,,,,5.315800,,732.652260,EMDT,1,49.000000,,,,,,,,,,8.000000,64.000000,19754,0.506227,148.208000,24.739000,1729470.000000,172.947000,1.690046,13649.040000,,,,,,,,,,,,,
10000,96,random,random,scenario_label=random,0.000000,True,True,formal_extended_baseline_screen,813036364,1922462109,13686185.000000,245256.000000,1478800.000000,19794,6891151.461000,1229.912000,6892381.373000,10000,10000,3841,5953,,,,,,,,,,,,,,,,,,,,5.323700,,730.663804,EMDT,2,47.000000,,,,,,,,,,,,19794,0.505204,147.880000,24.525600,1724056.000000,172.405600,1.679825,13686.185000,,,,,,,,,,,,,
10000,96,prefixed,prefixed,scenario_label=prefixed,0.000000,True,True,formal_extended_baseline_screen,1822834370,4142929625,13619417.500000,249436.000000,1485168.000000,19627,6814105.247250,1241.456000,6815346.703250,10000,10000,3733,5894,,,,,,,,,,,,,,,,,,,,5.323900,,734.245793,EMDT,2,48.000000,,,,,,,,,48.000000,,,19627,0.509502,148.516800,24.943600,1734604.000000,173.460400,1.696641,13619.417500,,,,,,,,,,,,,
10000,96,prefix80,prefixed,scenario_label=prefix80,0.000000,True,True,formal_extended_baseline_screen,2479815273,2570611139,13592510.000000,240438.000000,1474976.000000,19846,6837391.317000,1218.364000,6838609.681000,10000,10000,4003,5843,,,,,,,,,,,,,,,,,,,,5.293100,,735.699293,EMDT,2,47.000000,,,,,,,,,80.000000,,,19846,0.503880,147.497600,24.043800,1715414.000000,171.541400,1.711450,13592.510000,,,,,,,,,,,,,
10000,96,clustered,clustered,scenario_label=clustered,0.000000,True,True,formal_extended_baseline_screen,2073761602,3681364252,13700160.000000,244442.000000,1477312.000000,19910,6824270.138750,1227.540000,6825497.678750,10000,10000,3937,5973,,,,,,,,,,,,,,,,,,,,5.327600,,729.918483,EMDT,2,47.000000,,,,,,,,,,8.000000,64.000000,19910,0.502260,147.731200,24.444200,1721754.000000,172.175400,1.674201,13700.160000,,,,,,,,,,,,,
10000,96,random,random,scenario_label=random,0.000000,True,True,formal_extended_baseline_screen,57753915,211080079,13828765.000000,242176.000000,1471568.000000,20186,6933534.779000,1220.136000,6934754.915000,10000,10000,4074,6112,,,,,,,,,,,,,,,,,,,,5.339900,,723.130374,EMDT,3,45.000000,,,,,,,,,,,,20186,0.495393,147.156800,24.217600,1713744.000000,171.374400,1.636126,13828.765000,,,,,,,,,,,,,
10000,96,prefixed,prefixed,scenario_label=prefixed,0.000000,True,True,formal_extended_baseline_screen,2219440691,1070406846,13720580.000000,245124.000000,1477296.000000,19972,6852664.122250,1228.896000,6853893.018250,10000,10000,3978,5994,,,,,,,,,,,,,,,,,,,,5.325000,,728.832163,EMDT,3,46.000000,,,,,,,,,48.000000,,,19972,0.500701,147.729600,24.512400,1722420.000000,172.242000,1.668335,13720.580000,,,,,,,,,,,,,
10000,96,prefix80,prefixed,scenario_label=prefix80,0.000000,True,True,formal_extended_baseline_screen,1286928148,330270441,13722807.500000,243628.000000,1475728.000000,19975,6882739.708250,1225.120000,6883964.828250,10000,10000,3979,5996,,,,,,,,,,,,,,,,,,,,5.325900,,728.713858,EMDT,3,49.000000,,,,,,,,,80.000000,,,19975,0.500626,147.572800,24.362800,1719356.000000,171.935600,1.667779,13722.807500,,,,,,,,,,,,,
10000,96,clustered,clustered,scenario_label=clustered,0.000000,True,True,formal_extended_baseline_screen,787561323,833237047,13828812.500000,243584.000000,1473152.000000,20181,6917460.406750,1223.744000,6918684.150750,10000,10000,4071,6110,,,,,,,,,,,,,,,,,,,,5.347400,,723.127890,EMDT,3,47.000000,,,,,,,,,,8.000000,64.000000,20181,0.495516,147.315200,24.358400,1716736.000000,171.673600,1.636661,13828.812500,,,,,,,,,,,,,
10000,96,random,random,scenario_label=random,0.000000,True,True,formal_extended_baseline_screen,3819630184,3645019038,13528945.000000,243474.000000,1480528.000000,19632,6692714.042250,1227.212000,6693941.254250,10000,10000,3861,5771,,,,,,,,,,,,,,,,,,,,5.283700,,739.155936,EMDT,4,48.000000,,,,,,,,,,,,19632,0.509372,148.052800,24.347400,1724002.000000,172.400200,1.732802,13528.945000,,,,,,,,,,,,,
10000,96,prefixed,prefixed,scenario_label=prefixed,0.000000,True,True,formal_extended_baseline_screen,889858016,1219063157,13685215.000000,244904.000000,1478000.000000,19926,6869175.321500,1228.808000,6870404.129500,10000,10000,3984,5942,,,,,,,,,,,,,,,,,,,,5.315100,,730.715593,EMDT,4,47.000000,,,,,,,,,48.000000,,,19926,0.501857,147.800000,24.490400,1722904.000000,172.290400,1.682935,13685.215000,,,,,,,,,,,,,
10000,96,prefix80,prefixed,scenario_label=prefix80,0.000000,True,True,formal_extended_baseline_screen,2696116183,1924662390,13769022.500000,246422.000000,1478320.000000,19939,6874366.557500,1232.004000,6875598.561500,10000,10000,3901,6038,,,,,,,,,,,,,,,,,,,,5.348500,,726.267969,EMDT,4,49.000000,,,,,,,,,80.000000,,,19939,0.501530,147.832000,24.642200,1724742.000000,172.474200,1.656178,13769.022500,,,,,,,,,,,,,
10000,96,clustered,clustered,scenario_label=clustered,0.000000,True,True,formal_extended_baseline_screen,688500632,621765183,13680435.000000,242484.000000,1475376.000000,19906,6844921.210000,1222.656000,6846143.866000,10000,10000,3958,5948,,,,,,,,,,,,,,,,,,,,5.313900,,730.970908,EMDT,4,46.000000,,,,,,,,,,8.000000,64.000000,19906,0.502361,147.537600,24.248400,1717860.000000,171.786000,1.681237,13680.435000,,,,,,,,,,,,,
10000,96,random,random,scenario_label=random,0.000000,True,True,formal_extended_baseline_screen,2608777085,2950344845,13545182.500000,242154.000000,1478256.000000,19695,6764594.236750,1223.436000,6765817.672750,10000,10000,3884,5811,,,,,,,,,,,,,,,,,,,,5.286100,,738.269861,EMDT,5,47.000000,,,,,,,,,,,,19695,0.507743,147.825600,24.215400,1720410.000000,172.041000,1.720874,13545.182500,,,,,,,,,,,,,
10000,96,prefixed,prefixed,scenario_label=prefixed,0.000000,True,True,formal_extended_baseline_screen,3513520067,3621425848,13661605.000000,242858.000000,1476448.000000,19896,6841191.416500,1223.940000,6842415.356500,10000,10000,3972,5924,,,,,,,,,,,,,,,,,,,,5.314400,,731.978417,EMDT,5,46.000000,,,,,,,,,48.000000,,,19896,0.502614,147.644800,24.285800,1719306.000000,171.930600,1.688049,13661.605000,,,,,,,,,,,,,
10000,96,prefix80,prefixed,scenario_label=prefix80,0.000000,True,True,formal_extended_baseline_screen,1840913042,3260024680,13551755.000000,248138.000000,1484912.000000,19484,6741420.650000,1238.732000,6742659.382000,10000,10000,3665,5819,,,,,,,,,,,,,,,,,,,,5.306400,,737.911806,EMDT,5,46.000000,,,,,,,,,80.000000,,,19484,0.513242,148.491200,24.813800,1733050.000000,173.305000,1.718508,13551.755000,,,,,,,,,,,,,
10000,96,clustered,clustered,scenario_label=clustered,0.000000,True,True,formal_extended_baseline_screen,3399855602,4117467463,13695912.500000,241758.000000,1473936.000000,20031,6789335.028000,1220.484000,6790555.512000,10000,10000,4056,5975,,,,,,,,,,,,,,,,,,,,5.307100,,730.144852,EMDT,5,45.000000,,,,,,,,,,8.000000,64.000000,20031,0.499226,147.393600,24.175800,1715694.000000,171.569400,1.673640,13695.912500,,,,,,,,,,,,,
10000,96,random,random,scenario_label=random,0.000000,True,True,formal_extended_baseline_screen,1011355210,388524738,13690772.500000,242044.000000,1474592.000000,19961,6878264.595500,1221.384000,6879485.979500,10000,10000,3993,5968,,,,,,,,,,,,,,,,,,,,5.313800,,730.418974,EMDT,6,44.000000,,,,,,,,,,,,19961,0.500977,147.459200,24.204400,1716636.000000,171.663600,1.675603,13690.772500,,,,,,,,,,,,,
10000,96,prefixed,prefixed,scenario_label=prefixed,0.000000,True,True,formal_extended_baseline_screen,4182455193,808856499,13649727.500000,242682.000000,1476672.000000,19865,6773637.624250,1223.700000,6774861.324250,10000,10000,3968,5897,,,,,,,,,,,,,,,,,,,,5.303700,,732.615358,EMDT,6,49.000000,,,,,,,,,48.000000,,,19865,0.503398,147.667200,24.268200,1719354.000000,171.935400,1.695778,13649.727500,,,,,,,,,,,,,
10000,96,prefix80,prefixed,scenario_label=prefix80,0.000000,True,True,formal_extended_baseline_screen,234351616,292499410,13923792.500000,247742.000000,1475664.000000,20343,6959009.031750,1233.316000,6960242.347750,10000,10000,4134,6209,,,,,,,,,,,,,,,,,,,,5.367000,,718.195133,EMDT,6,46.000000,,,,,,,,,80.000000,,,20343,0.491570,147.566400,24.774200,1723406.000000,172.340600,1.610565,13923.792500,,,,,,,,,,,,,
10000,96,clustered,clustered,scenario_label=clustered,0.000000,True,True,formal_extended_baseline_screen,1672192143,2362580058,13749152.500000,241340.000000,1472656.000000,20169,6917216.085500,1219.008000,6918435.093500,10000,10000,4162,6007,,,,,,,,,,,,,,,,,,,,5.318200,,727.317556,EMDT,6,45.000000,,,,,,,,,,8.000000,64.000000,20169,0.495810,147.265600,24.134000,1713996.000000,171.399600,1.664724,13749.152500,,,,,,,,,,,,,
10000,96,random,random,scenario_label=random,0.000000,True,True,formal_extended_baseline_screen,2772753435,4283159086,13557045.000000,240680.000000,1476288.000000,19778,6760963.121750,1219.504000,6762182.625750,10000,10000,3962,5816,,,,,,,,,,,,,,,,,,,,5.283700,,737.623870,EMDT,7,48.000000,,,,,,,,,,,,19778,0.505612,147.628800,24.068000,1716968.000000,171.696800,1.719395,13557.045000,,,,,,,,,,,,,
10000,96,prefixed,prefixed,scenario_label=prefixed,0.000000,True,True,formal_extended_baseline_screen,1416235163,2470513992,13713057.500000,247302.000000,1480016.000000,19993,6857097.239500,1234.612000,6858331.851500,10000,10000,4012,5981,,,,,,,,,,,,,,,,,,,,5.318700,,729.231975,EMDT,7,46.000000,,,,,,,,,48.000000,,,19993,0.500175,148.001600,24.730200,1727318.000000,172.731800,1.671961,13713.057500,,,,,,,,,,,,,
10000,96,prefix80,prefixed,scenario_label=prefix80,0.000000,True,True,formal_extended_baseline_screen,2635025427,3834939712,13632807.500000,241252.000000,1475088.000000,19847,6808841.806000,1220.048000,6810061.854000,10000,10000,3941,5906,,,,,,,,,,,,,,,,,,,,5.301300,,733.524624,EMDT,7,46.000000,,,,,,,,,80.000000,,,19847,0.503854,147.508800,24.125200,1716340.000000,171.634000,1.693193,13632.807500,,,,,,,,,,,,,
10000,96,clustered,clustered,scenario_label=clustered,0.000000,True,True,formal_extended_baseline_screen,1710578268,4128521458,13733502.500000,246048.000000,1478160.000000,19977,6809871.808500,1231.176000,6811102.984500,10000,10000,3970,6007,,,,,,,,,,,,,,,,,,,,5.331700,,728.146371,EMDT,7,48.000000,,,,,,,,,,8.000000,64.000000,19977,0.500576,147.816000,24.604800,1724208.000000,172.420800,1.664724,13733.502500,,,,,,,,,,,,,
10000,96,random,random,scenario_label=random,0.000000,True,True,formal_extended_baseline_screen,3926250230,323698002,13659185.000000,241472.000000,1474448.000000,20042,6824102.097750,1220.168000,6825322.265750,10000,10000,4124,5918,,,,,,,,,,,,,,,,,,,,5.298300,,732.108102,EMDT,8,46.000000,,,,,,,,,,,,20042,0.498952,147.444800,24.147200,1715920.000000,171.592000,1.689760,13659.185000,,,,,,,,,,,,,
10000,96,prefixed,prefixed,scenario_label=prefixed,0.000000,True,True,formal_extended_baseline_screen,834749396,2185542434,13694582.500000,247588.000000,1481152.000000,19877,6829044.942000,1235.752000,6830280.694000,10000,10000,3911,5966,,,,,,,,,,,,,,,,,,,,5.320100,,730.215762,EMDT,8,47.000000,,,,,,,,,48.000000,,,19877,0.503094,148.115200,24.758800,1728740.000000,172.874000,1.676165,13694.582500,,,,,,,,,,,,,
10000,96,prefix80,prefixed,scenario_label=prefix80,0.000000,True,True,formal_extended_baseline_screen,3619142060,2189343326,13750977.500000,245938.000000,1478096.000000,20061,6857951.702000,1230.924000,6859182.626000,10000,10000,4049,6012,,,,,,,,,,,,,,,,,,,,5.327300,,727.221028,EMDT,8,46.000000,,,,,,,,,80.000000,,,20061,0.498480,147.809600,24.593800,1724034.000000,172.403400,1.663340,13750.977500,,,,,,,,,,,,,
10000,96,clustered,clustered,scenario_label=clustered,0.000000,True,True,formal_extended_baseline_screen,3961209957,1935802906,13847152.500000,245080.000000,1474400.000000,20309,6994395.321750,1227.360000,6995622.681750,10000,10000,4202,6107,,,,,,,,,,,,,,,,,,,,5.343600,,722.170136,EMDT,8,45.000000,,,,,,,,,,8.000000,64.000000,20309,0.492393,147.440000,24.508000,1719480.000000,171.948000,1.637465,13847.152500,,,,,,,,,,,,,
10000,96,random,random,scenario_label=random,0.000000,True,True,formal_extended_baseline_screen,58426829,3093883629,13598030.000000,245190.000000,1480000.000000,19702,6836559.730000,1230.380000,6837790.110000,10000,10000,3833,5869,,,,,,,,,,,,,,,,,,,,5.300100,,735.400643,EMDT,9,48.000000,,,,,,,,,,,,19702,0.507563,148.000000,24.519000,1725190.000000,172.519000,1.703868,13598.030000,,,,,,,,,,,,,
10000,96,prefixed,prefixed,scenario_label=prefixed,0.000000,True,True,formal_extended_baseline_screen,1183400892,2990550715,13629712.500000,245168.000000,1479520.000000,19813,6822208.735750,1230.096000,6823438.831750,10000,10000,3923,5890,,,,,,,,,,,,,,,,,,,,5.309900,,733.691191,EMDT,9,47.000000,,,,,,,,,48.000000,,,19813,0.504719,147.952000,24.516800,1724688.000000,172.468800,1.697793,13629.712500,,,,,,,,,,,,,
10000,96,prefix80,prefixed,scenario_label=prefix80,0.000000,True,True,formal_extended_baseline_screen,3771146367,3315509799,13757022.500000,240460.000000,1471152.000000,20253,6873215.069500,1216.496000,6874431.565500,10000,10000,4245,6008,,,,,,,,,,,,,,,,,,,,5.318800,,726.901479,EMDT,9,48.000000,,,,,,,,,80.000000,,,20253,0.493754,147.115200,24.046000,1711612.000000,171.161200,1.664447,13757.022500,,,,,,,,,,,,,
10000,96,clustered,clustered,scenario_label=clustered,0.000000,True,True,formal_extended_baseline_screen,346261855,3542217924,13576300.000000,243408.000000,1478832.000000,19640,6749969.464750,1226.232000,6751195.696750,10000,10000,3805,5835,,,,,,,,,,,,,,,,,,,,5.308000,,736.577713,EMDT,9,47.000000,,,,,,,,,,8.000000,64.000000,19640,0.509165,147.883200,24.340800,1722240.000000,172.224000,1.713796,13576.300000,,,,,,,,,,,,,
10000,96,random,random,scenario_label=random,0.000000,True,True,formal_extended_baseline_screen,1020324588,112925286,13847175.000000,246136.000000,1475360.000000,20198,6942997.112000,1229.952000,6944227.064000,10000,10000,4068,6130,,,,,,,,,,,,,,,,,,,,5.358000,,722.168962,EMDT,10,45.000000,,,,,,,,,,,,20198,0.495099,147.536000,24.613600,1721496.000000,172.149600,1.631321,13847.175000,,,,,,,,,,,,,
10000,96,prefixed,prefixed,scenario_label=prefixed,0.000000,True,True,formal_extended_baseline_screen,2061720330,2908981135,13583035.000000,244398.000000,1480496.000000,19568,6841509.020750,1229.044000,6842738.064750,10000,10000,3705,5863,,,,,,,,,,,,,,,,,,,,5.305900,,736.212489,EMDT,10,48.000000,,,,,,,,,48.000000,,,19568,0.511038,148.049600,24.439800,1724894.000000,172.489400,1.705611,13583.035000,,,,,,,,,,,,,
10000,96,prefix80,prefixed,scenario_label=prefix80,0.000000,True,True,formal_extended_baseline_screen,1420417677,359596830,13770820.000000,245630.000000,1476288.000000,20194,6876748.022000,1229.404000,6877977.426000,10000,10000,4183,6011,,,,,,,,,,,,,,,,,,,,5.326600,,726.173169,EMDT,10,48.000000,,,,,,,,,80.000000,,,20194,0.495197,147.628800,24.563000,1721918.000000,172.191800,1.663617,13770.820000,,,,,,,,,,,,,
10000,96,clustered,clustered,scenario_label=clustered,0.000000,True,True,formal_extended_baseline_screen,4285535701,276040723,13957807.500000,243716.000000,1470032.000000,20607,6970186.865000,1222.448000,6971409.313000,10000,10000,4391,6216,,,,,,,,,,,,,,,,,,,,5.360200,,716.444900,EMDT,10,47.000000,,,,,,,,,,8.000000,64.000000,20607,0.485272,147.003200,24.371600,1713748.000000,171.374800,1.608752,13957.807500,,,,,,,,,,,,,
10000,96,random,random,scenario_label=random,0.000000,True,True,formal_extended_baseline_screen,596195424,1672490596,13698410.000000,242726.000000,1474896.000000,20046,6844813.329000,1222.900000,6846036.229000,10000,10000,4088,5958,,,,,,,,,,,,,,,,,,,,5.302800,,730.011731,EMDT,11,48.000000,,,,,,,,,,,,20046,0.498853,147.489600,24.272600,1717622.000000,171.762200,1.678416,13698.410000,,,,,,,,,,,,,
10000,96,prefixed,prefixed,scenario_label=prefixed,0.000000,True,True,formal_extended_baseline_screen,2528955344,139268373,13525112.500000,243364.000000,1480128.000000,19641,6751513.832000,1226.792000,6752740.624000,10000,10000,3866,5775,,,,,,,,,,,,,,,,,,,,5.285300,,739.365384,EMDT,11,52.000000,,,,,,,,,48.000000,,,19641,0.509139,148.012800,24.336400,1723492.000000,172.349200,1.731602,13525.112500,,,,,,,,,,,,,
10000,96,prefix80,prefixed,scenario_label=prefix80,0.000000,True,True,formal_extended_baseline_screen,4029019098,3332524207,13645175.000000,246642.000000,1480640.000000,19804,6812643.253000,1233.604000,6813876.857000,10000,10000,3884,5920,,,,,,,,,,,,,,,,,,,,5.318500,,732.859784,EMDT,11,46.000000,,,,,,,,,80.000000,,,19804,0.504948,148.064000,24.664200,1727282.000000,172.728200,1.689189,13645.175000,,,,,,,,,,,,,
10000,96,clustered,clustered,scenario_label=clustered,0.000000,True,True,formal_extended_baseline_screen,2138647285,3442208715,13499720.000000,240856.000000,1477392.000000,19720,6790312.109250,1220.408000,6791532.517250,10000,10000,3974,5746,,,,,,,,,,,,,,,,,,,,5.268500,,740.756105,EMDT,11,47.000000,,,,,,,,,,8.000000,64.000000,19720,0.507099,147.739200,24.085600,1718248.000000,171.824800,1.740341,13499.720000,,,,,,,,,,,,,
10000,96,random,random,scenario_label=random,0.000000,True,True,formal_extended_baseline_screen,530428079,2921935926,13612630.000000,244882.000000,1479632.000000,19730,6824291.647250,1229.580000,6825521.227250,10000,10000,3851,5879,,,,,,,,,,,,,,,,,,,,5.310300,,734.611901,EMDT,12,46.000000,,,,,,,,,,,,19730,0.506842,147.963200,24.488200,1724514.000000,172.451400,1.700970,13612.630000,,,,,,,,,,,,,
10000,96,prefixed,prefixed,scenario_label=prefixed,0.000000,True,True,formal_extended_baseline_screen,3403028343,3476320451,13603685.000000,244266.000000,1479488.000000,19720,6794354.206250,1228.276000,6795582.482250,10000,10000,3842,5878,,,,,,,,,,,,,,,,,,,,5.311500,,735.094939,EMDT,12,50.000000,,,,,,,,,48.000000,,,19720,0.507099,147.948800,24.426600,1723754.000000,172.375400,1.701259,13603.685000,,,,,,,,,,,,,
10000,96,prefix80,prefixed,scenario_label=prefix80,0.000000,True,True,formal_extended_baseline_screen,4132968395,2086126572,13601015.000000,244508.000000,1479824.000000,19722,6718924.980750,1228.928000,6720153.908750,10000,10000,3855,5867,,,,,,,,,,,,,,,,,,,,5.307000,,735.239245,EMDT,12,47.000000,,,,,,,,,80.000000,,,19722,0.507048,147.982400,24.450800,1724332.000000,172.433200,1.704449,13601.015000,,,,,,,,,,,,,
10000,96,clustered,clustered,scenario_label=clustered,0.000000,True,True,formal_extended_baseline_screen,4135791258,3147598816,13675197.500000,238964.000000,1471648.000000,20043,6824787.781250,1213.752000,6826001.533250,10000,10000,4110,5933,,,,,,,,,,,,,,,,,,,,5.305000,,731.250865,EMDT,12,46.000000,,,,,,,,,,8.000000,64.000000,20043,0.498927,147.164800,23.896400,1710612.000000,171.061200,1.685488,13675.197500,,,,,,,,,,,,,
10000,96,random,random,scenario_label=random,0.000000,True,True,formal_extended_baseline_screen,3351110087,4040969029,13566462.500000,246114.000000,1482320.000000,19511,6807789.426250,1233.388000,6809022.814250,10000,10000,3656,5855,,,,,,,,,,,,,,,,,,,,5.302800,,737.111830,EMDT,13,48.000000,,,,,,,,,,,,19511,0.512531,148.232000,24.611400,1728434.000000,172.843400,1.707942,13566.462500,,,,,,,,,,,,,
10000,96,prefixed,prefixed,scenario_label=prefixed,0.000000,True,True,formal_extended_baseline_screen,3651045357,1187919486,13685742.500000,244948.000000,1477712.000000,19885,6822287.997250,1228.752000,6823516.749250,10000,10000,3926,5959,,,,,,,,,,,,,,,,,,,,5.317300,,730.687429,EMDT,13,48.000000,,,,,,,,,48.000000,,,19885,0.502892,147.771200,24.494800,1722660.000000,172.266000,1.678134,13685.742500,,,,,,,,,,,,,
10000,96,prefix80,prefixed,scenario_label=prefix80,0.000000,True,True,formal_extended_baseline_screen,3503816222,3771512908,13509597.500000,242396.000000,1479088.000000,19611,6738404.463750,1224.336000,6739628.799750,10000,10000,3828,5783,,,,,,,,,,,,,,,,,,,,5.278100,,740.214503,EMDT,13,49.000000,,,,,,,,,80.000000,,,19611,0.509918,147.908800,24.239600,1721484.000000,172.148400,1.729206,13509.597500,,,,,,,,,,,,,
10000,96,clustered,clustered,scenario_label=clustered,0.000000,True,True,formal_extended_baseline_screen,2264469608,3580761583,13621030.000000,243364.000000,1478160.000000,19848,6779239.295750,1225.808000,6780465.103750,10000,10000,3969,5879,,,,,,,,,,,,,,,,,,,,5.302700,,734.158871,EMDT,13,49.000000,,,,,,,,,,8.000000,64.000000,19848,0.503829,147.816000,24.336400,1721524.000000,172.152400,1.700970,13621.030000,,,,,,,,,,,,,
10000,96,random,random,scenario_label=random,0.000000,True,True,formal_extended_baseline_screen,1692097063,4213388948,13619695.000000,239558.000000,1473712.000000,19928,6799115.955250,1215.972000,6800331.927250,10000,10000,4047,5881,,,,,,,,,,,,,,,,,,,,5.290100,,734.230833,EMDT,14,47.000000,,,,,,,,,,,,19928,0.501807,147.371200,23.955800,1713270.000000,171.327000,1.700391,13619.695000,,,,,,,,,,,,,
10000,96,prefixed,prefixed,scenario_label=prefixed,0.000000,True,True,formal_extended_baseline_screen,1707141452,2274320904,13689960.000000,245036.000000,1478176.000000,20004,6858289.061750,1229.160000,6859518.221750,10000,10000,4056,5948,,,,,,,,,,,,,,,,,,,,5.310300,,730.462324,EMDT,14,49.000000,,,,,,,,,48.000000,,,20004,0.499900,147.817600,24.503600,1723212.000000,172.321200,1.681237,13689.960000,,,,,,,,,,,,,
10000,96,prefix80,prefixed,scenario_label=prefix80,0.000000,True,True,formal_extended_baseline_screen,1479387709,1501825451,13690025.000000,246840.000000,1480160.000000,19946,6863925.480500,1233.760000,6865159.240500,10000,10000,4001,5945,,,,,,,,,,,,,,,,,,,,5.314200,,730.458856,EMDT,14,47.000000,,,,,,,,,80.000000,,,19946,0.501354,148.016000,24.684000,1727000.000000,172.700000,1.682086,13690.025000,,,,,,,,,,,,,
10000,96,clustered,clustered,scenario_label=clustered,0.000000,True,True,formal_extended_baseline_screen,1193971010,1249588112,13557240.000000,246312.000000,1482704.000000,19544,6758786.786500,1233.976000,6760020.762500,10000,10000,3712,5832,,,,,,,,,,,,,,,,,,,,5.299400,,737.613261,EMDT,14,46.000000,,,,,,,,,,8.000000,64.000000,19544,0.511666,148.270400,24.631200,1729016.000000,172.901600,1.714678,13557.240000,,,,,,,,,,,,,
10000,96,random,random,scenario_label=random,0.000000,True,True,formal_extended_baseline_screen,1311958710,2532095210,13577530.000000,240988.000000,1476016.000000,19712,6786247.820250,1219.984000,6787467.804250,10000,10000,3873,5839,,,,,,,,,,,,,,,,,,,,5.288600,,736.510985,EMDT,15,50.000000,,,,,,,,,,,,19712,0.507305,147.601600,24.098800,1717004.000000,171.700400,1.712622,13577.530000,,,,,,,,,,,,,
10000,96,prefixed,prefixed,scenario_label=prefixed,0.000000,True,True,formal_extended_baseline_screen,1066348603,1372952870,13708745.000000,245190.000000,1477952.000000,20020,6866961.031250,1229.356000,6868190.387250,10000,10000,4044,5976,,,,,,,,,,,,,,,,,,,,5.317900,,729.461377,EMDT,15,47.000000,,,,,,,,,48.000000,,,20020,0.499500,147.795200,24.519000,1723142.000000,172.314200,1.673360,13708.745000,,,,,,,,,,,,,
10000,96,prefix80,prefixed,scenario_label=prefix80,0.000000,True,True,formal_extended_baseline_screen,3410131684,1983489392,13503597.500000,245520.000000,1483392.000000,19455,6756224.278750,1232.736000,6757457.014750,10000,10000,3687,5768,,,,,,,,,,,,,,,,,,,,5.286900,,740.543400,EMDT,15,48.000000,,,,,,,,,80.000000,,,19455,0.514007,148.339200,24.552000,1728912.000000,172.891200,1.733703,13503.597500,,,,,,,,,,,,,
10000,96,clustered,clustered,scenario_label=clustered,0.000000,True,True,formal_extended_baseline_screen,2719779022,4183684909,13861480.000000,242550.000000,1471248.000000,20402,6983011.067750,1220.724000,6984231.791750,10000,10000,4273,6129,,,,,,,,,,,,,,,,,,,,5.337600,,721.423686,EMDT,15,46.000000,,,,,,,,,,8.000000,64.000000,20402,0.490148,147.124800,24.255000,1713798.000000,171.379800,1.631588,13861.480000,,,,,,,,,,,,,
10000,96,random,random,scenario_label=random,0.000000,True,True,formal_extended_baseline_screen,4044322606,1652868249,13663535.000000,242220.000000,1475296.000000,19898,6841027.230000,1222.088000,6842249.318000,10000,10000,3980,5918,,,,,,,,,,,,,,,,,,,,5.305100,,731.875024,EMDT,16,47.000000,,,,,,,,,,,,19898,0.502563,147.529600,24.222000,1717516.000000,171.751600,1.689760,13663.535000,,,,,,,,,,,,,
10000,96,prefixed,prefixed,scenario_label=prefixed,0.000000,True,True,formal_extended_baseline_screen,2310609587,4218695815,13699270.000000,243210.000000,1476144.000000,19986,6899709.148500,1224.492000,6900933.640500,10000,10000,4040,5946,,,,,,,,,,,,,,,,,,,,5.315400,,729.965903,EMDT,16,46.000000,,,,,,,,,48.000000,,,19986,0.500350,147.614400,24.321000,1719354.000000,171.935400,1.681803,13699.270000,,,,,,,,,,,,,
10000,96,prefix80,prefixed,scenario_label=prefix80,0.000000,True,True,formal_extended_baseline_screen,556887839,478143315,13753270.000000,244970.000000,1476672.000000,20098,6901235.688000,1228.276000,6902463.964000,10000,10000,4077,6021,,,,,,,,,,,,,,,,,,,,5.330000,,727.099810,EMDT,16,48.000000,,,,,,,,,80.000000,,,20098,0.497562,147.667200,24.497000,1721642.000000,172.164200,1.660854,13753.270000,,,,,,,,,,,,,
10000,96,clustered,clustered,scenario_label=clustered,0.000000,True,True,formal_extended_baseline_screen,2713732995,1345161635,13493862.500000,244948.000000,1482784.000000,19557,6774183.054500,1231.288000,6775414.342500,10000,10000,3797,5760,,,,,,,,,,,,,,,,,,,,5.284700,,741.077657,EMDT,16,50.000000,,,,,,,,,,8.000000,64.000000,19557,0.511326,148.278400,24.494800,1727732.000000,172.773200,1.736111,13493.862500,,,,,,,,,,,,,
10000,96,random,random,scenario_label=random,0.000000,True,True,formal_extended_baseline_screen,1698610701,669971956,13768025.000000,247214.000000,1478368.000000,20028,6873582.026000,1233.612000,6874815.638000,10000,10000,3998,6030,,,,,,,,,,,,,,,,,,,,5.337000,,726.320587,EMDT,17,47.000000,,,,,,,,,,,,20028,0.499301,147.836800,24.721400,1725582.000000,172.558200,1.658375,13768.025000,,,,,,,,,,,,,
10000,96,prefixed,prefixed,scenario_label=prefixed,0.000000,True,True,formal_extended_baseline_screen,862396413,3987936487,13523225.000000,244024.000000,1480992.000000,19578,6752365.690750,1228.544000,6753594.234750,10000,10000,3788,5790,,,,,,,,,,,,,,,,,,,,5.285600,,739.468581,EMDT,17,49.000000,,,,,,,,,48.000000,,,19578,0.510777,148.099200,24.402400,1725016.000000,172.501600,1.727116,13523.225000,,,,,,,,,,,,,
10000,96,prefix80,prefixed,scenario_label=prefix80,0.000000,True,True,formal_extended_baseline_screen,3860214662,3824960727,13767365.000000,241296.000000,1471808.000000,20098,6879020.515500,1218.496000,6880239.011500,10000,10000,4056,6042,,,,,,,,,,,,,,,,,,,,5.323200,,726.355406,EMDT,17,45.000000,,,,,,,,,80.000000,,,20098,0.497562,147.180800,24.129600,1713104.000000,171.310400,1.655081,13767.365000,,,,,,,,,,,,,
10000,96,clustered,clustered,scenario_label=clustered,0.000000,True,True,formal_extended_baseline_screen,2168941655,1905927871,13827267.500000,247918.000000,1478544.000000,20109,6882020.790000,1235.108000,6883255.898000,10000,10000,4005,6104,,,,,,,,,,,,,,,,,,,,5.350500,,723.208689,EMDT,17,46.000000,,,,,,,,,,8.000000,64.000000,20109,0.497290,147.854400,24.791800,1726462.000000,172.646200,1.638270,13827.267500,,,,,,,,,,,,,
10000,96,random,random,scenario_label=random,0.000000,True,True,formal_extended_baseline_screen,3900906002,2781533419,13674907.500000,249106.000000,1483568.000000,19761,6846099.181250,1239.996000,6847339.177250,10000,10000,3815,5946,,,,,,,,,,,,,,,,,,,,5.327400,,731.266372,EMDT,18,48.000000,,,,,,,,,,,,19761,0.506047,148.356800,24.910600,1732674.000000,173.267400,1.681803,13674.907500,,,,,,,,,,,,,
10000,96,prefixed,prefixed,scenario_label=prefixed,0.000000,True,True,formal_extended_baseline_screen,1976791937,1331630494,13622182.500000,240504.000000,1474512.000000,19777,6749918.924500,1218.264000,6751137.188500,10000,10000,3891,5886,,,,,,,,,,,,,,,,,,,,5.302000,,734.096757,EMDT,18,46.000000,,,,,,,,,48.000000,,,19777,0.505638,147.451200,24.050400,1715016.000000,171.501600,1.698947,13622.182500,,,,,,,,,,,,,
10000,96,prefix80,prefixed,scenario_label=prefix80,0.000000,True,True,formal_extended_baseline_screen,3973543592,3318337926,13644047.500000,243760.000000,1477120.000000,19891,6855427.262250,1226.080000,6856653.342250,10000,10000,3988,5903,,,,,,,,,,,,,,,,,,,,5.306600,,732.920345,EMDT,18,47.000000,,,,,,,,,80.000000,,,19891,0.502740,147.712000,24.376000,1720880.000000,172.088000,1.694054,13644.047500,,,,,,,,,,,,,
10000,96,clustered,clustered,scenario_label=clustered,0.000000,True,True,formal_extended_baseline_screen,3575544916,1250432475,13818432.500000,244464.000000,1474448.000000,20253,6884351.494750,1226.152000,6885577.646750,10000,10000,4167,6086,,,,,,,,,,,,,,,,,,,,5.339500,,723.671082,EMDT,18,46.000000,,,,,,,,,,8.000000,64.000000,20253,0.493754,147.444800,24.446400,1718912.000000,171.891200,1.643115,13818.432500,,,,,,,,,,,,,
10000,96,random,random,scenario_label=random,0.000000,True,True,formal_extended_baseline_screen,3061364434,2141172987,13586367.500000,243496.000000,1478640.000000,19675,6814802.460500,1226.312000,6816028.772500,10000,10000,3821,5854,,,,,,,,,,,,,,,,,,,,5.298400,,736.031908,EMDT,19,48.000000,,,,,,,,,,,,19675,0.508259,147.864000,24.349600,1722136.000000,172.213600,1.708234,13586.367500,,,,,,,,,,,,,
10000,96,prefixed,prefixed,scenario_label=prefixed,0.000000,True,True,formal_extended_baseline_screen,3116852746,2301007734,13751687.500000,246136.000000,1477552.000000,20011,6904338.844500,1231.048000,6905569.892500,10000,10000,3996,6015,,,,,,,,,,,,,,,,,,,,5.330600,,727.183482,EMDT,19,48.000000,,,,,,,,,48.000000,,,20011,0.499725,147.755200,24.613600,1723688.000000,172.368800,1.662510,13751.687500,,,,,,,,,,,,,
10000,96,prefix80,prefixed,scenario_label=prefix80,0.000000,True,True,formal_extended_baseline_screen,1163800006,1470821898,13735847.500000,243100.000000,1475024.000000,19967,6900416.754750,1223.712000,6901640.466750,10000,10000,3949,6018,,,,,,,,,,,,,,,,,,,,5.328800,,728.022061,EMDT,19,46.000000,,,,,,,,,80.000000,,,19967,0.500826,147.502400,24.310000,1718124.000000,171.812400,1.661682,13735.847500,,,,,,,,,,,,,
10000,96,clustered,clustered,scenario_label=clustered,0.000000,True,True,formal_extended_baseline_screen,99158156,2019671033,13696265.000000,244134.000000,1477104.000000,19988,6851273.259250,1226.820000,6852500.079250,10000,10000,4031,5957,,,,,,,,,,,,,,,,,,,,5.316400,,730.126060,EMDT,19,47.000000,,,,,,,,,,8.000000,64.000000,19988,0.500300,147.710400,24.413400,1721238.000000,172.123800,1.678697,13696.265000,,,,,,,,,,,,,
10000,96,random,random,scenario_label=random,0.000000,True,True,formal_extended_baseline_screen,3722875878,2061425615,13876625.000000,241186.000000,1469616.000000,20416,6875871.839000,1217.180000,6877089.019000,10000,10000,4276,6140,,,,,,,,,,,,,,,,,,,,5.346500,,720.636322,EMDT,20,47.000000,,,,,,,,,,,,20416,0.489812,146.961600,24.118600,1710802.000000,171.080200,1.628664,13876.625000,,,,,,,,,,,,,
10000,96,prefixed,prefixed,scenario_label=prefixed,0.000000,True,True,formal_extended_baseline_screen,3001598358,1171703071,13689952.500000,237732.000000,1469584.000000,20097,6850530.701250,1210.256000,6851740.957250,10000,10000,4145,5952,,,,,,,,,,,,,,,,,,,,5.302000,,730.462724,EMDT,20,45.000000,,,,,,,,,48.000000,,,20097,0.497587,146.958400,23.773200,1707316.000000,170.731600,1.680108,13689.952500,,,,,,,,,,,,,
10000,96,prefix80,prefixed,scenario_label=prefix80,0.000000,True,True,formal_extended_baseline_screen,1969154653,3619404993,13622692.500000,241736.000000,1475920.000000,19853,6826678.294000,1221.432000,6827899.726000,10000,10000,3964,5889,,,,,,,,,,,,,,,,,,,,5.296700,,734.069274,EMDT,20,46.000000,,,,,,,,,80.000000,,,19853,0.503702,147.592000,24.173600,1717656.000000,171.765600,1.698081,13622.692500,,,,,,,,,,,,,
10000,96,clustered,clustered,scenario_label=clustered,0.000000,True,True,formal_extended_baseline_screen,3278615476,3969672866,13484850.000000,248204.000000,1486368.000000,19416,6648844.682250,1239.592000,6650084.274250,10000,10000,3676,5740,,,,,,,,,,,,,,,,,,,,5.286200,,741.572950,EMDT,20,46.000000,,,,,,,,,,8.000000,64.000000,19416,0.515039,148.636800,24.820400,1734572.000000,173.457200,1.742160,13484.850000,,,,,,,,,,,,,
10000,96,random,random,scenario_label=random,0.000000,True,True,formal_extended_baseline_screen,1880512712,3567968843,13660062.500000,240196.000000,1472784.000000,19973,6832993.708250,1216.784000,6834210.492250,10000,10000,4058,5915,,,,,,,,,,,,,,,,,,,,5.301700,,732.061072,EMDT,21,46.000000,,,,,,,,,,,,19973,0.500676,147.278400,24.019600,1712980.000000,171.298000,1.690617,13660.062500,,,,,,,,,,,,,
10000,96,prefixed,prefixed,scenario_label=prefixed,0.000000,True,True,formal_extended_baseline_screen,2792116651,1501627645,13780700.000000,244266.000000,1474592.000000,20126,6851298.582500,1225.828000,6852524.410500,10000,10000,4076,6050,,,,,,,,,,,,,,,,,,,,5.331300,,725.652543,EMDT,21,45.000000,,,,,,,,,48.000000,,,20126,0.496870,147.459200,24.426600,1718858.000000,171.885800,1.652893,13780.700000,,,,,,,,,,,,,
10000,96,prefix80,prefixed,scenario_label=prefix80,0.000000,True,True,formal_extended_baseline_screen,3818182820,1190888976,13803565.000000,245630.000000,1475856.000000,20052,6888417.693000,1229.188000,6889646.881000,10000,10000,3965,6087,,,,,,,,,,,,,,,,,,,,5.337800,,724.450531,EMDT,21,46.000000,,,,,,,,,80.000000,,,20052,0.498703,147.585600,24.563000,1721486.000000,172.148600,1.642845,13803.565000,,,,,,,,,,,,,
10000,96,clustered,clustered,scenario_label=clustered,0.000000,True,True,formal_extended_baseline_screen,1495572643,3428681153,14011062.500000,246752.000000,1472912.000000,20489,7003924.229750,1229.960000,7005154.189750,10000,10000,4184,6305,,,,,,,,,,,,,,,,,,,,5.390500,,713.721747,EMDT,21,46.000000,,,,,,,,,,8.000000,64.000000,20489,0.488067,147.291200,24.675200,1719664.000000,171.966400,1.586043,14011.062500,,,,,,,,,,,,,
10000,96,random,random,scenario_label=random,0.000000,True,True,formal_extended_baseline_screen,2483842946,1335886379,13635082.500000,240548.000000,1474656.000000,19901,6756502.422750,1218.424000,6757720.846750,10000,10000,4010,5891,,,,,,,,,,,,,,,,,,,,5.300200,,733.402236,EMDT,22,45.000000,,,,,,,,,,,,19901,0.502487,147.465600,24.054800,1715204.000000,171.520400,1.697505,13635.082500,,,,,,,,,,,,,
10000,96,prefixed,prefixed,scenario_label=prefixed,0.000000,True,True,formal_extended_baseline_screen,664859573,4000290431,13816060.000000,242726.000000,1472416.000000,20242,6899327.118000,1221.660000,6900548.778000,10000,10000,4164,6078,,,,,,,,,,,,,,,,,,,,5.334700,,723.795351,EMDT,22,48.000000,,,,,,,,,48.000000,,,20242,0.494022,147.241600,24.272600,1715142.000000,171.514200,1.645278,13816.060000,,,,,,,,,,,,,
10000,96,prefix80,prefixed,scenario_label=prefix80,0.000000,True,True,formal_extended_baseline_screen,647152320,1501413419,13424397.500000,240856.000000,1479824.000000,19503,6758570.037500,1221.624000,6759791.661500,10000,10000,3830,5673,,,,,,,,,,,,,,,,,,,,5.255500,,744.912388,EMDT,22,46.000000,,,,,,,,,80.000000,,,19503,0.512742,147.982400,24.085600,1720680.000000,172.068000,1.762736,13424.397500,,,,,,,,,,,,,
10000,96,clustered,clustered,scenario_label=clustered,0.000000,True,True,formal_extended_baseline_screen,2138889899,2027182489,13444982.500000,248138.000000,1487520.000000,19255,6721106.572500,1240.036000,6722346.608500,10000,10000,3519,5736,,,,,,,,,,,,,,,,,,,,5.289600,,743.771887,EMDT,22,45.000000,,,,,,,,,,8.000000,64.000000,19255,0.519346,148.752000,24.813800,1735658.000000,173.565800,1.743375,13444.982500,,,,,,,,,,,,,
10000,96,random,random,scenario_label=random,0.000000,True,True,formal_extended_baseline_screen,484606977,2297760788,13857395.000000,246312.000000,1475696.000000,20238,6898400.871500,1230.472000,6899631.343500,10000,10000,4112,6126,,,,,,,,,,,,,,,,,,,,5.346400,,721.636354,EMDT,23,49.000000,,,,,,,,,,,,20238,0.494120,147.569600,24.631200,1722008.000000,172.200800,1.632387,13857.395000,,,,,,,,,,,,,
10000,96,prefixed,prefixed,scenario_label=prefixed,0.000000,True,True,formal_extended_baseline_screen,4122393112,4108795250,13721072.500000,244464.000000,1476400.000000,19989,6832268.590000,1227.128000,6833495.718000,10000,10000,4006,5983,,,,,,,,,,,,,,,,,,,,5.327900,,728.806003,EMDT,23,47.000000,,,,,,,,,48.000000,,,19989,0.500275,147.640000,24.446400,1720864.000000,172.086400,1.671402,13721.072500,,,,,,,,,,,,,
10000,96,prefix80,prefixed,scenario_label=prefix80,0.000000,True,True,formal_extended_baseline_screen,2468324303,1822161290,13694170.000000,240966.000000,1473824.000000,20038,6844387.585000,1218.844000,6845606.429000,10000,10000,4082,5956,,,,,,,,,,,,,,,,,,,,5.315300,,730.237758,EMDT,23,46.000000,,,,,,,,,80.000000,,,20038,0.499052,147.382400,24.096600,1714790.000000,171.479000,1.678979,13694.170000,,,,,,,,,,,,,
10000,96,clustered,clustered,scenario_label=clustered,0.000000,True,True,formal_extended_baseline_screen,3200206661,505910227,13789570.000000,248292.000000,1479552.000000,20008,6880654.989500,1236.360000,6881891.349500,10000,10000,3942,6066,,,,,,,,,,,,,,,,,,,,5.346100,,725.185774,EMDT,23,45.000000,,,,,,,,,,8.000000,64.000000,20008,0.499800,147.955200,24.829200,1727844.000000,172.784400,1.648533,13789.570000,,,,,,,,,,,,,
10000,96,random,random,scenario_label=random,0.000000,True,True,formal_extended_baseline_screen,4167451253,3362111389,13784937.500000,245542.000000,1476320.000000,20161,6898058.153250,1229.244000,6899287.397250,10000,10000,4106,6055,,,,,,,,,,,,,,,,,,,,5.333600,,725.429477,EMDT,24,48.000000,,,,,,,,,,,,20161,0.496007,147.632000,24.554200,1721862.000000,172.186200,1.651528,13784.937500,,,,,,,,,,,,,
10000,96,prefixed,prefixed,scenario_label=prefixed,0.000000,True,True,formal_extended_baseline_screen,2427110912,2611149947,13774595.000000,244464.000000,1475408.000000,20142,6899909.070750,1226.632000,6901135.702750,10000,10000,4101,6041,,,,,,,,,,,,,,,,,,,,5.325800,,725.974157,EMDT,24,49.000000,,,,,,,,,48.000000,,,20142,0.496475,147.540800,24.446400,1719872.000000,171.987200,1.655355,13774.595000,,,,,,,,,,,,,
10000,96,prefix80,prefixed,scenario_label=prefix80,0.000000,True,True,formal_extended_baseline_screen,4263242191,76895797,13828820.000000,245806.000000,1475936.000000,20178,6945171.289250,1229.580000,6946400.869250,10000,10000,4077,6101,,,,,,,,,,,,,,,,,,,,5.350300,,723.127498,EMDT,24,43.000000,,,,,,,,,80.000000,,,20178,0.495589,147.593600,24.580600,1721742.000000,172.174200,1.639076,13828.820000,,,,,,,,,,,,,
10000,96,clustered,clustered,scenario_label=clustered,0.000000,True,True,formal_extended_baseline_screen,3387768436,1921732269,13934227.500000,244706.000000,1471664.000000,20585,7014662.011250,1225.244000,7015887.255250,10000,10000,4403,6182,,,,,,,,,,,,,,,,,,,,5.356600,,717.657294,EMDT,24,48.000000,,,,,,,,,,8.000000,64.000000,20585,0.485791,147.166400,24.470600,1716370.000000,171.637000,1.617599,13934.227500,,,,,,,,,,,,,
10000,96,random,random,scenario_label=random,0.000000,True,True,formal_extended_baseline_screen,1401592609,2324687487,13632842.500000,239888.000000,1473360.000000,20001,6793643.054500,1216.456000,6794859.510500,10000,10000,4112,5889,,,,,,,,,,,,,,,,,,,,5.288400,,733.522741,EMDT,25,47.000000,,,,,,,,,,,,20001,0.499975,147.336000,23.988800,1713248.000000,171.324800,1.698081,13632.842500,,,,,,,,,,,,,
10000,96,prefixed,prefixed,scenario_label=prefixed,0.000000,True,True,formal_extended_baseline_screen,4217303339,517981707,13641780.000000,248798.000000,1483440.000000,19714,6841977.085500,1239.316000,6843216.401500,10000,10000,3800,5914,,,,,,,,,,,,,,,,,,,,5.314700,,733.042169,EMDT,25,44.000000,,,,,,,,,48.000000,,,19714,0.507254,148.344000,24.879800,1732238.000000,173.223800,1.690903,13641.780000,,,,,,,,,,,,,
10000,96,prefix80,prefixed,scenario_label=prefix80,0.000000,True,True,formal_extended_baseline_screen,2677772902,3979882854,13707435.000000,244310.000000,1477216.000000,19904,6883280.196500,1227.228000,6884507.424500,10000,10000,3916,5988,,,,,,,,,,,,,,,,,,,,5.324400,,729.531090,EMDT,25,47.000000,,,,,,,,,80.000000,,,19904,0.502412,147.721600,24.431000,1721526.000000,172.152600,1.670007,13707.435000,,,,,,,,,,,,,
10000,96,clustered,clustered,scenario_label=clustered,0.000000,True,True,formal_extended_baseline_screen,4190779514,4163350957,13593877.500000,241208.000000,1475824.000000,19799,6837938.922000,1220.328000,6839159.250000,10000,10000,3942,5857,,,,,,,,,,,,,,,,,,,,5.292100,,735.625284,EMDT,25,48.000000,,,,,,,,,,8.000000,64.000000,19799,0.505076,147.582400,24.120800,1717032.000000,171.703200,1.707359,13593.877500,,,,,,,,,,,,,
10000,96,random,random,scenario_label=random,0.000000,True,True,formal_extended_baseline_screen,2865864341,830054223,13579282.500000,242484.000000,1477456.000000,19781,6791505.197750,1223.696000,6792728.893750,10000,10000,3940,5841,,,,,,,,,,,,,,,,,,,,5.293100,,736.415934,EMDT,26,44.000000,,,,,,,,,,,,19781,0.505536,147.745600,24.248400,1719940.000000,171.994000,1.712036,13579.282500,,,,,,,,,,,,,
10000,96,prefixed,prefixed,scenario_label=prefixed,0.000000,True,True,formal_extended_baseline_screen,1478210380,1708756896,13687987.500000,244794.000000,1477792.000000,19929,6824031.207250,1228.484000,6825259.691250,10000,10000,3979,5950,,,,,,,,,,,,,,,,,,,,5.315400,,730.567587,EMDT,26,47.000000,,,,,,,,,48.000000,,,19929,0.501781,147.779200,24.479400,1722586.000000,172.258600,1.680672,13687.987500,,,,,,,,,,,,,
10000,96,prefix80,prefixed,scenario_label=prefix80,0.000000,True,True,formal_extended_baseline_screen,229837212,201198229,13459145.000000,240790.000000,1478656.000000,19500,6702727.399250,1220.908000,6703948.307250,10000,10000,3779,5721,,,,,,,,,,,,,,,,,,,,5.267100,,742.989246,EMDT,26,47.000000,,,,,,,,,80.000000,,,19500,0.512821,147.865600,24.079000,1719446.000000,171.944600,1.747946,13459.145000,,,,,,,,,,,,,
10000,96,clustered,clustered,scenario_label=clustered,0.000000,True,True,formal_extended_baseline_screen,3925234375,1197095745,13731732.500000,247170.000000,1479488.000000,19971,6869520.713250,1234.084000,6870754.797250,10000,10000,3980,5991,,,,,,,,,,,,,,,,,,,,5.324000,,728.240228,EMDT,26,48.000000,,,,,,,,,,8.000000,64.000000,19971,0.500726,147.948800,24.717000,1726658.000000,172.665800,1.669170,13731.732500,,,,,,,,,,,,,
10000,96,random,random,scenario_label=random,0.000000,True,True,formal_extended_baseline_screen,1975682606,1677072423,13629630.000000,244552.000000,1479344.000000,19748,6782027.015500,1228.776000,6783255.791500,10000,10000,3844,5904,,,,,,,,,,,,,,,,,,,,5.309100,,733.695632,EMDT,27,46.000000,,,,,,,,,,,,19748,0.506380,147.934400,24.455200,1723896.000000,172.389600,1.693767,13629.630000,,,,,,,,,,,,,
10000,96,prefixed,prefixed,scenario_label=prefixed,0.000000,True,True,formal_extended_baseline_screen,3217990807,2360147132,13748000.000000,244442.000000,1475856.000000,20150,6852096.785500,1226.812000,6853323.597500,10000,10000,4145,6005,,,,,,,,,,,,,,,,,,,,5.322000,,727.378528,EMDT,27,49.000000,,,,,,,,,48.000000,,,20150,0.496278,147.585600,24.444200,1720298.000000,172.029800,1.665279,13748.000000,,,,,,,,,,,,,
10000,96,prefix80,prefixed,scenario_label=prefix80,0.000000,True,True,formal_extended_baseline_screen,2830123666,156555730,13639227.500000,245234.000000,1479984.000000,19881,6813001.937500,1230.460000,6814232.397500,10000,10000,3979,5902,,,,,,,,,,,,,,,,,,,,5.305700,,733.179353,EMDT,27,47.000000,,,,,,,,,80.000000,,,19881,0.502993,147.998400,24.523400,1725218.000000,172.521800,1.694341,13639.227500,,,,,,,,,,,,,
10000,96,clustered,clustered,scenario_label=clustered,0.000000,True,True,formal_extended_baseline_screen,3377847691,2090985872,13667405.000000,242594.000000,1475888.000000,19896,6824558.187000,1223.132000,6825781.319000,10000,10000,3967,5929,,,,,,,,,,,,,,,,,,,,5.311500,,731.667789,EMDT,27,46.000000,,,,,,,,,,8.000000,64.000000,19896,0.502614,147.588800,24.259400,1718482.000000,171.848200,1.686625,13667.405000,,,,,,,,,,,,,
10000,96,random,random,scenario_label=random,0.000000,True,True,formal_extended_baseline_screen,264712398,2376040780,13713757.500000,244530.000000,1476928.000000,19965,6912714.168000,1227.524000,6913941.692000,10000,10000,3979,5986,,,,,,,,,,,,,,,,,,,,5.321600,,729.194752,EMDT,28,45.000000,,,,,,,,,,,,19965,0.500877,147.692800,24.453000,1721458.000000,172.145800,1.670565,13713.757500,,,,,,,,,,,,,
10000,96,prefixed,prefixed,scenario_label=prefixed,0.000000,True,True,formal_extended_baseline_screen,2849627408,2807429467,14022912.500000,248270.000000,1473872.000000,20463,7051703.292750,1233.476000,7052936.768750,10000,10000,4158,6305,,,,,,,,,,,,,,,,,,,,5.388300,,713.118619,EMDT,28,46.000000,,,,,,,,,48.000000,,,20463,0.488687,147.387200,24.827000,1722142.000000,172.214200,1.586043,14022.912500,,,,,,,,,,,,,
10000,96,prefix80,prefixed,scenario_label=prefix80,0.000000,True,True,formal_extended_baseline_screen,2205676394,368707365,13801560.000000,242726.000000,1472784.000000,20274,6939906.737000,1221.844000,6941128.581000,10000,10000,4221,6053,,,,,,,,,,,,,,,,,,,,5.327900,,724.555775,EMDT,28,45.000000,,,,,,,,,80.000000,,,20274,0.493243,147.278400,24.272600,1715510.000000,171.551000,1.652073,13801.560000,,,,,,,,,,,,,
10000,96,clustered,clustered,scenario_label=clustered,0.000000,True,True,formal_extended_baseline_screen,1883537458,3711632988,13740422.500000,244024.000000,1475744.000000,20001,6922474.851500,1225.920000,6923700.771500,10000,10000,3988,6013,,,,,,,,,,,,,,,,,,,,5.336100,,727.779659,EMDT,28,47.000000,,,,,,,,,,8.000000,64.000000,20001,0.499975,147.574400,24.402400,1719768.000000,171.976800,1.663063,13740.422500,,,,,,,,,,,,,
10000,96,random,random,scenario_label=random,0.000000,True,True,formal_extended_baseline_screen,814411954,484298363,13560422.500000,243078.000000,1479312.000000,19651,6763620.097750,1225.812000,6764845.909750,10000,10000,3828,5823,,,,,,,,,,,,,,,,,,,,5.292800,,737.440150,EMDT,29,45.000000,,,,,,,,,,,,19651,0.508880,147.931200,24.307800,1722390.000000,172.239000,1.717328,13560.422500,,,,,,,,,,,,,
10000,96,prefixed,prefixed,scenario_label=prefixed,0.000000,True,True,formal_extended_baseline_screen,3130433991,3185121064,13786995.000000,246884.000000,1478256.000000,20034,6881117.692750,1232.896000,6882350.588750,10000,10000,3973,6061,,,,,,,,,,,,,,,,,,,,5.347700,,725.321218,EMDT,29,47.000000,,,,,,,,,48.000000,,,20034,0.499151,147.825600,24.688400,1725140.000000,172.514000,1.649893,13786.995000,,,,,,,,,,,,,
10000,96,prefix80,prefixed,scenario_label=prefix80,0.000000,True,True,formal_extended_baseline_screen,1229335753,3199400560,13685772.500000,242880.000000,1475664.000000,19941,6871198.401250,1223.592000,6872421.993250,10000,10000,3983,5958,,,,,,,,,,,,,,,,,,,,5.316900,,730.685827,EMDT,29,48.000000,,,,,,,,,80.000000,,,19941,0.501479,147.566400,24.288000,1718544.000000,171.854400,1.678416,13685.772500,,,,,,,,,,,,,
10000,96,clustered,clustered,scenario_label=clustered,0.000000,True,True,formal_extended_baseline_screen,3172725409,3064034209,13667085.000000,242198.000000,1475376.000000,19996,6806470.059250,1222.084000,6807692.143250,10000,10000,4068,5928,,,,,,,,,,,,,,,,,,,,5.301500,,731.684920,EMDT,29,47.000000,,,,,,,,,,8.000000,64.000000,19996,0.500100,147.537600,24.219800,1717574.000000,171.757400,1.686910,13667.085000,,,,,,,,,,,,,
10000,96,random,random,scenario_label=random,0.000000,True,True,formal_extended_baseline_screen,1675969911,2459994461,13604062.500000,245366.000000,1480304.000000,19739,6793454.029250,1230.884000,6794684.913250,10000,10000,3874,5865,,,,,,,,,,,,,,,,,,,,5.296600,,735.074541,EMDT,30,49.000000,,,,,,,,,,,,19739,0.506611,148.030400,24.536600,1725670.000000,172.567000,1.705030,13604.062500,,,,,,,,,,,,,
10000,96,prefixed,prefixed,scenario_label=prefixed,0.000000,True,True,formal_extended_baseline_screen,2782577657,4045683689,13534140.000000,242638.000000,1478656.000000,19674,6721464.436750,1224.604000,6722689.040750,10000,10000,3882,5792,,,,,,,,,,,,,,,,,,,,5.287000,,738.872215,EMDT,30,46.000000,,,,,,,,,48.000000,,,19674,0.508285,147.865600,24.263800,1721294.000000,172.129400,1.726519,13534.140000,,,,,,,,,,,,,
10000,96,prefix80,prefixed,scenario_label=prefix80,0.000000,True,True,formal_extended_baseline_screen,511059701,1031283048,13655110.000000,243694.000000,1477936.000000,19878,6764734.555000,1226.356000,6765960.911000,10000,10000,3940,5938,,,,,,,,,,,,,,,,,,,,5.310100,,732.326580,EMDT,30,48.000000,,,,,,,,,80.000000,,,19878,0.503069,147.793600,24.369400,1721630.000000,172.163000,1.684069,13655.110000,,,,,,,,,,,,,
10000,96,clustered,clustered,scenario_label=clustered,0.000000,True,True,formal_extended_baseline_screen,3855081597,4157911191,13608940.000000,242396.000000,1476928.000000,19804,6822187.205500,1223.256000,6823410.461500,10000,10000,3927,5877,,,,,,,,,,,,,,,,,,,,5.291700,,734.811087,EMDT,30,46.000000,,,,,,,,,,8.000000,64.000000,19804,0.504948,147.692800,24.239600,1719324.000000,171.932400,1.701548,13608.940000,,,,,,,,,,,,,
10000,96,random,random,scenario_label=random,0.000000,True,True,formal_extended_baseline_screen,3265993510,4080468505,13597787.500000,245806.000000,1481280.000000,19661,6733700.166000,1232.252000,6734932.418000,10000,10000,3791,5870,,,,,,,,,,,,,,,,,,,,5.312400,,735.413758,EMDT,31,46.000000,,,,,,,,,,,,19661,0.508621,148.128000,24.580600,1727086.000000,172.708600,1.703578,13597.787500,,,,,,,,,,,,,
10000,96,prefixed,prefixed,scenario_label=prefixed,0.000000,True,True,formal_extended_baseline_screen,1064392848,2636594390,13794497.500000,245080.000000,1475248.000000,20199,6927283.572000,1227.784000,6928511.356000,10000,10000,4136,6063,,,,,,,,,,,,,,,,,,,,5.330600,,724.926733,EMDT,31,45.000000,,,,,,,,,48.000000,,,20199,0.495074,147.524800,24.508000,1720328.000000,172.032800,1.649349,13794.497500,,,,,,,,,,,,,
10000,96,prefix80,prefixed,scenario_label=prefix80,0.000000,True,True,formal_extended_baseline_screen,2404369372,3035575627,13392052.500000,245080.000000,1485504.000000,19229,6723936.423000,1232.912000,6725169.335000,10000,10000,3552,5677,,,,,,,,,,,,,,,,,,,,5.262000,,746.711529,EMDT,31,47.000000,,,,,,,,,80.000000,,,19229,0.520048,148.550400,24.508000,1730584.000000,173.058400,1.761494,13392.052500,,,,,,,,,,,,,
10000,96,clustered,clustered,scenario_label=clustered,0.000000,True,True,formal_extended_baseline_screen,1581184839,1691022362,13539447.500000,247566.000000,1484256.000000,19613,6806167.909750,1237.260000,6807405.169750,10000,10000,3825,5788,,,,,,,,,,,,,,,,,,,,5.291600,,738.582575,EMDT,31,46.000000,,,,,,,,,,8.000000,64.000000,19613,0.509866,148.425600,24.756600,1731822.000000,173.182200,1.727713,13539.447500,,,,,,,,,,,,,
10000,96,random,random,scenario_label=random,0.000000,True,True,formal_extended_baseline_screen,2252910599,2046226737,13726497.500000,246862.000000,1479232.000000,19977,6873534.793500,1233.340000,6874768.133500,10000,10000,3984,5993,,,,,,,,,,,,,,,,,,,,5.320000,,728.517963,EMDT,32,51.000000,,,,,,,,,,,,19977,0.500576,147.923200,24.686200,1726094.000000,172.609400,1.668613,13726.497500,,,,,,,,,,,,,
10000,96,prefixed,prefixed,scenario_label=prefixed,0.000000,True,True,formal_extended_baseline_screen,3774357635,1059494771,13733677.500000,244090.000000,1475872.000000,20021,6924556.701000,1226.116000,6925782.817000,10000,10000,4019,6002,,,,,,,,,,,,,,,,,,,,5.325000,,728.137092,EMDT,32,45.000000,,,,,,,,,48.000000,,,20021,0.499476,147.587200,24.409000,1719962.000000,171.996200,1.666111,13733.677500,,,,,,,,,,,,,
10000,96,prefix80,prefixed,scenario_label=prefix80,0.000000,True,True,formal_extended_baseline_screen,3552680233,2412729948,13506900.000000,241120.000000,1477872.000000,19696,6746373.207250,1221.176000,6747594.383250,10000,10000,3926,5770,,,,,,,,,,,,,,,,,,,,5.268100,,740.362333,EMDT,32,48.000000,,,,,,,,,80.000000,,,19696,0.507717,147.787200,24.112000,1718992.000000,171.899200,1.733102,13506.900000,,,,,,,,,,,,,
10000,96,clustered,clustered,scenario_label=clustered,0.000000,True,True,formal_extended_baseline_screen,1120776253,322098996,13649505.000000,240856.000000,1473952.000000,19922,6829967.275500,1218.688000,6831185.963500,10000,10000,4008,5914,,,,,,,,,,,,,,,,,,,,5.302800,,732.627300,EMDT,32,47.000000,,,,,,,,,,8.000000,64.000000,19922,0.501958,147.395200,24.085600,1714808.000000,171.480800,1.690903,13649.505000,,,,,,,,,,,,,
10000,96,random,random,scenario_label=random,0.000000,True,True,formal_extended_baseline_screen,2042956436,519003887,13741207.500000,243958.000000,1474960.000000,20117,6879952.410750,1225.396000,6881177.806750,10000,10000,4126,5991,,,,,,,,,,,,,,,,,,,,5.316400,,727.738083,EMDT,33,49.000000,,,,,,,,,,,,20117,0.497092,147.496000,24.395800,1718918.000000,171.891800,1.669170,13741.207500,,,,,,,,,,,,,
10000,96,prefixed,prefixed,scenario_label=prefixed,0.000000,True,True,formal_extended_baseline_screen,2604247550,3616827555,13884492.500000,245586.000000,1473808.000000,20347,6896270.496750,1228.076000,6897498.572750,10000,10000,4193,6154,,,,,,,,,,,,,,,,,,,,5.357000,,720.227981,EMDT,33,46.000000,,,,,,,,,48.000000,,,20347,0.491473,147.380800,24.558600,1719394.000000,171.939400,1.624959,13884.492500,,,,,,,,,,,,,
10000,96,prefix80,prefixed,scenario_label=prefix80,0.000000,True,True,formal_extended_baseline_screen,4264852947,2006311411,13754855.000000,241186.000000,1472144.000000,20164,6911424.396750,1218.444000,6912642.840750,10000,10000,4145,6019,,,,,,,,,,,,,,,,,,,,5.323000,,727.016025,EMDT,33,46.000000,,,,,,,,,80.000000,,,20164,0.495933,147.214400,24.118600,1713330.000000,171.333000,1.661406,13754.855000,,,,,,,,,,,,,
10000,96,clustered,clustered,scenario_label=clustered,0.000000,True,True,formal_extended_baseline_screen,1884500039,3428924920,13780167.500000,240878.000000,1471232.000000,20197,6953448.082250,1217.372000,6954665.454250,10000,10000,4148,6049,,,,,,,,,,,,,,,,,,,,5.330000,,725.680584,EMDT,33,45.000000,,,,,,,,,,8.000000,64.000000,20197,0.495123,147.123200,24.087800,1712110.000000,171.211000,1.653166,13780.167500,,,,,,,,,,,,,
10000,96,random,random,scenario_label=random,0.000000,True,True,formal_extended_baseline_screen,1926156841,2841167189,13679202.500000,244640.000000,1478064.000000,19873,6789162.123500,1228.312000,6790390.435500,10000,10000,3926,5947,,,,,,,,,,,,,,,,,,,,5.314900,,731.036769,EMDT,34,48.000000,,,,,,,,,,,,19873,0.503195,147.806400,24.464000,1722704.000000,172.270400,1.681520,13679.202500,,,,,,,,,,,,,
10000,96,prefixed,prefixed,scenario_label=prefixed,0.000000,True,True,formal_extended_baseline_screen,304335199,17319282,13508735.000000,241824.000000,1479088.000000,19638,6739114.988500,1223.192000,6740338.180500,10000,10000,3875,5763,,,,,,,,,,,,,,,,,,,,5.277600,,740.261764,EMDT,34,48.000000,,,,,,,,,48.000000,,,19638,0.509217,147.908800,24.182400,1720912.000000,172.091200,1.735207,13508.735000,,,,,,,,,,,,,
10000,96,prefix80,prefixed,scenario_label=prefix80,0.000000,True,True,formal_extended_baseline_screen,1538798478,3064786146,13778910.000000,242968.000000,1473648.000000,20220,6873945.610750,1222.760000,6875168.370750,10000,10000,4182,6038,,,,,,,,,,,,,,,,,,,,5.329200,,725.746812,EMDT,34,46.000000,,,,,,,,,80.000000,,,20220,0.494560,147.364800,24.296800,1716616.000000,171.661600,1.656178,13778.910000,,,,,,,,,,,,,
10000,96,clustered,clustered,scenario_label=clustered,0.000000,True,True,formal_extended_baseline_screen,2234370540,4056817764,13603425.000000,245938.000000,1480768.000000,19768,6798646.601000,1232.260000,6799878.861000,10000,10000,3908,5860,,,,,,,,,,,,,,,,,,,,5.300100,,735.108989,EMDT,34,48.000000,,,,,,,,,,8.000000,64.000000,19768,0.505868,148.076800,24.593800,1726706.000000,172.670600,1.706485,13603.425000,,,,,,,,,,,,,
10000,96,random,random,scenario_label=random,0.000000,True,True,formal_extended_baseline_screen,2690207514,867233965,13641562.500000,245014.000000,1479104.000000,19795,6798633.365500,1229.580000,6799862.945500,10000,10000,3885,5910,,,,,,,,,,,,,,,,,,,,5.315100,,733.053857,EMDT,35,46.000000,,,,,,,,,,,,19795,0.505178,147.910400,24.501400,1724118.000000,172.411800,1.692047,13641.562500,,,,,,,,,,,,,
10000,96,prefixed,prefixed,scenario_label=prefixed,0.000000,True,True,formal_extended_baseline_screen,4048739445,281239225,13735475.000000,244948.000000,1476960.000000,20002,6861044.555000,1228.376000,6862272.931000,10000,10000,4002,6000,,,,,,,,,,,,,,,,,,,,5.332300,,728.041804,EMDT,35,47.000000,,,,,,,,,48.000000,,,20002,0.499950,147.696000,24.494800,1721908.000000,172.190800,1.666667,13735.475000,,,,,,,,,,,,,
10000,96,prefix80,prefixed,scenario_label=prefix80,0.000000,True,True,formal_extended_baseline_screen,2800648159,271711212,13641985.000000,242154.000000,1476176.000000,19832,6824418.771250,1222.396000,6825641.167250,10000,10000,3919,5913,,,,,,,,,,,,,,,,,,,,5.309800,,733.031153,EMDT,35,48.000000,,,,,,,,,80.000000,,,19832,0.504236,147.617600,24.215400,1718330.000000,171.833000,1.691189,13641.985000,,,,,,,,,,,,,
10000,96,clustered,clustered,scenario_label=clustered,0.000000,True,True,formal_extended_baseline_screen,1745901410,4270051355,13589330.000000,245344.000000,1480592.000000,19652,6776122.062000,1230.984000,6777353.046000,10000,10000,3808,5844,,,,,,,,,,,,,,,,,,,,5.304200,,735.871452,EMDT,35,46.000000,,,,,,,,,,8.000000,64.000000,19652,0.508854,148.059200,24.534400,1725936.000000,172.593600,1.711157,13589.330000,,,,,,,,,,,,,
10000,96,random,random,scenario_label=random,0.000000,True,True,formal_extended_baseline_screen,1928770138,1559198443,13540077.500000,246752.000000,1484016.000000,19559,6762981.695500,1235.512000,6764217.207500,10000,10000,3757,5802,,,,,,,,,,,,,,,,,,,,5.298200,,738.548210,EMDT,36,45.000000,,,,,,,,,,,,19559,0.511274,148.401600,24.675200,1730768.000000,173.076800,1.723544,13540.077500,,,,,,,,,,,,,
10000,96,prefixed,prefixed,scenario_label=prefixed,0.000000,True,True,formal_extended_baseline_screen,1318647535,3624469894,13624505.000000,249128.000000,1484528.000000,19674,6800079.575000,1240.520000,6801320.095000,10000,10000,3780,5894,,,,,,,,,,,,,,,,,,,,5.315900,,733.971620,EMDT,36,46.000000,,,,,,,,,48.000000,,,19674,0.508285,148.452800,24.912800,1733656.000000,173.365600,1.696641,13624.505000,,,,,,,,,,,,,
10000,96,prefix80,prefixed,scenario_label=prefix80,0.000000,True,True,formal_extended_baseline_screen,2487161622,1144607808,13524610.000000,242066.000000,1478800.000000,19658,6755436.583000,1223.532000,6756660.115000,10000,10000,3865,5793,,,,,,,,,,,,,,,,,,,,5.286000,,739.392855,EMDT,36,48.000000,,,,,,,,,80.000000,,,19658,0.508699,147.880000,24.206600,1720866.000000,172.086600,1.726221,13524.610000,,,,,,,,,,,,,
10000,96,clustered,clustered,scenario_label=clustered,0.000000,True,True,formal_extended_baseline_screen,3755104620,3345531462,13898117.500000,245168.000000,1473424.000000,20383,6965715.440750,1227.048000,6966942.488750,10000,10000,4224,6159,,,,,,,,,,,,,,,,,,,,5.356000,,719.521906,EMDT,36,44.000000,,,,,,,,,,8.000000,64.000000,20383,0.490605,147.342400,24.516800,1718592.000000,171.859200,1.623640,13898.117500,,,,,,,,,,,,,
10000,96,random,random,scenario_label=random,0.000000,True,True,formal_extended_baseline_screen,3956758156,3561608513,13585712.500000,241406.000000,1476496.000000,19807,6801833.486250,1221.060000,6803054.546250,10000,10000,3972,5835,,,,,,,,,,,,,,,,,,,,5.293000,,736.067394,EMDT,37,45.000000,,,,,,,,,,,,19807,0.504872,147.649600,24.140600,1717902.000000,171.790200,1.713796,13585.712500,,,,,,,,,,,,,
10000,96,prefixed,prefixed,scenario_label=prefixed,0.000000,True,True,formal_extended_baseline_screen,1372255346,798306660,13692715.000000,246774.000000,1479648.000000,19872,6866949.712000,1233.372000,6868183.084000,10000,10000,3905,5967,,,,,,,,,,,,,,,,,,,,5.325100,,730.315354,EMDT,37,44.000000,,,,,,,,,48.000000,,,19872,0.503221,147.964800,24.677400,1726422.000000,172.642200,1.675884,13692.715000,,,,,,,,,,,,,
10000,96,prefix80,prefixed,scenario_label=prefix80,0.000000,True,True,formal_extended_baseline_screen,707353532,1710188289,13637677.500000,244464.000000,1478672.000000,19727,6850091.048750,1228.264000,6851319.312750,10000,10000,3815,5912,,,,,,,,,,,,,,,,,,,,5.308400,,733.262683,EMDT,37,47.000000,,,,,,,,,80.000000,,,19727,0.506919,147.867200,24.446400,1723136.000000,172.313600,1.691475,13637.677500,,,,,,,,,,,,,
10000,96,clustered,clustered,scenario_label=clustered,0.000000,True,True,formal_extended_baseline_screen,1062845759,2714775488,13639582.500000,243518.000000,1477936.000000,19811,6810778.163000,1226.004000,6812004.167000,10000,10000,3895,5916,,,,,,,,,,,,,,,,,,,,5.309500,,733.160271,EMDT,37,47.000000,,,,,,,,,,8.000000,64.000000,19811,0.504770,147.793600,24.351800,1721454.000000,172.145400,1.690331,13639.582500,,,,,,,,,,,,,
10000,96,random,random,scenario_label=random,0.000000,True,True,formal_extended_baseline_screen,957467494,85358088,13569607.500000,251064.000000,1487808.000000,19523,6743005.251750,1246.032000,6744251.283750,10000,10000,3697,5826,,,,,,,,,,,,,,,,,,,,5.304200,,736.940991,EMDT,38,49.000000,,,,,,,,,,,,19523,0.512216,148.780800,25.106400,1738872.000000,173.887200,1.716444,13569.607500,,,,,,,,,,,,,
10000,96,prefixed,prefixed,scenario_label=prefixed,0.000000,True,True,formal_extended_baseline_screen,2919934110,3675525151,13577750.000000,248996.000000,1485440.000000,19536,6759742.884000,1240.712000,6760983.596000,10000,10000,3696,5840,,,,,,,,,,,,,,,,,,,,5.312000,,736.499052,EMDT,38,47.000000,,,,,,,,,48.000000,,,19536,0.511876,148.544000,24.899600,1734436.000000,173.443600,1.712329,13577.750000,,,,,,,,,,,,,
10000,96,prefix80,prefixed,scenario_label=prefix80,0.000000,True,True,formal_extended_baseline_screen,3472369517,1364148276,13728697.500000,246158.000000,1478576.000000,19937,6848938.701750,1231.604000,6850170.305750,10000,10000,3919,6018,,,,,,,,,,,,,,,,,,,,5.333800,,728.401219,EMDT,38,46.000000,,,,,,,,,80.000000,,,19937,0.501580,147.857600,24.615800,1724734.000000,172.473400,1.661682,13728.697500,,,,,,,,,,,,,
10000,96,clustered,clustered,scenario_label=clustered,0.000000,True,True,formal_extended_baseline_screen,1660287430,3234454589,13706020.000000,243980.000000,1476880.000000,20052,6859687.183500,1226.400000,6860913.583500,10000,10000,4081,5971,,,,,,,,,,,,,,,,,,,,5.317900,,729.606407,EMDT,38,47.000000,,,,,,,,,,8.000000,64.000000,20052,0.498703,147.688000,24.398000,1720860.000000,172.086000,1.674761,13706.020000,,,,,,,,,,,,,
10000,96,random,random,scenario_label=random,0.000000,True,True,formal_extended_baseline_screen,2866897990,3341909113,13753475.000000,247192.000000,1479200.000000,20022,6896320.018500,1233.984000,6897554.002500,10000,10000,3987,6035,,,,,,,,,,,,,,,,,,,,5.338500,,727.088972,EMDT,39,44.000000,,,,,,,,,,,,20022,0.499451,147.920000,24.719200,1726392.000000,172.639200,1.657001,13753.475000,,,,,,,,,,,,,
10000,96,prefixed,prefixed,scenario_label=prefixed,0.000000,True,True,formal_extended_baseline_screen,86283338,1722852050,13681482.500000,242220.000000,1474384.000000,20005,6853909.553250,1221.632000,6855131.185250,10000,10000,4064,5941,,,,,,,,,,,,,,,,,,,,5.309100,,730.914943,EMDT,39,49.000000,,,,,,,,,48.000000,,,20005,0.499875,147.438400,24.222000,1716604.000000,171.660400,1.683218,13681.482500,,,,,,,,,,,,,
10000,96,prefix80,prefixed,scenario_label=prefix80,0.000000,True,True,formal_extended_baseline_screen,1243192488,1696852702,13875057.500000,243012.000000,1471488.000000,20411,6828996.919250,1221.768000,6830218.687250,10000,10000,4280,6131,,,,,,,,,,,,,,,,,,,,5.353800,,720.717734,EMDT,39,45.000000,,,,,,,,,80.000000,,,20411,0.489932,147.148800,24.301200,1714500.000000,171.450000,1.631055,13875.057500,,,,,,,,,,,,,
10000,96,clustered,clustered,scenario_label=clustered,0.000000,True,True,formal_extended_baseline_screen,481472403,2737842169,13864662.500000,243518.000000,1472304.000000,20307,6889497.604000,1223.188000,6890720.792000,10000,10000,4157,6150,,,,,,,,,,,,,,,,,,,,5.350400,,721.258090,EMDT,39,46.000000,,,,,,,,,,8.000000,64.000000,20307,0.492441,147.230400,24.351800,1715822.000000,171.582200,1.626016,13864.662500,,,,,,,,,,,,,
10000,96,random,random,scenario_label=random,0.000000,True,True,formal_extended_baseline_screen,509607359,2803583559,13739032.500000,241912.000000,1473248.000000,20125,6872570.070250,1220.448000,6873790.518250,10000,10000,4114,6011,,,,,,,,,,,,,,,,,,,,5.316800,,727.853290,EMDT,40,48.000000,,,,,,,,,,,,20125,0.496894,147.324800,24.191200,1715160.000000,171.516000,1.663617,13739.032500,,,,,,,,,,,,,
10000,96,prefixed,prefixed,scenario_label=prefixed,0.000000,True,True,formal_extended_baseline_screen,2673896349,4254361233,13538742.500000,244376.000000,1480928.000000,19657,6772404.664750,1229.216000,6773633.880750,10000,10000,3853,5804,,,,,,,,,,,,,,,,,,,,5.281600,,738.621035,EMDT,40,46.000000,,,,,,,,,48.000000,,,19657,0.508725,148.092800,24.437600,1725304.000000,172.530400,1.722950,13538.742500,,,,,,,,,,,,,
10000,96,prefix80,prefixed,scenario_label=prefix80,0.000000,True,True,formal_extended_baseline_screen,1445782178,3918981633,13811180.000000,248358.000000,1478976.000000,20090,6878704.168500,1236.204000,6879940.372500,10000,10000,4006,6084,,,,,,,,,,,,,,,,,,,,5.345800,,724.051095,EMDT,40,46.000000,,,,,,,,,80.000000,,,20090,0.497760,147.897600,24.835800,1727334.000000,172.733400,1.643655,13811.180000,,,,,,,,,,,,,
10000,96,clustered,clustered,scenario_label=clustered,0.000000,True,True,formal_extended_baseline_screen,3422425815,2963099780,13668990.000000,243210.000000,1476240.000000,19986,6806265.621750,1224.540000,6807490.161750,10000,10000,4059,5927,,,,,,,,,,,,,,,,,,,,5.303800,,731.582948,EMDT,40,46.000000,,,,,,,,,,8.000000,64.000000,19986,0.500350,147.624000,24.321000,1719450.000000,171.945000,1.687194,13668.990000,,,,,,,,,,,,,
10000,96,random,random,scenario_label=random,0.000000,True,True,formal_extended_baseline_screen,2374982155,2228946195,13758580.000000,242682.000000,1473968.000000,20174,6926618.926500,1222.348000,6927841.274500,10000,10000,4160,6014,,,,,,,,,,,,,,,,,,,,5.321000,,726.819192,EMDT,41,48.000000,,,,,,,,,,,,20174,0.495688,147.396800,24.268200,1716650.000000,171.665000,1.662787,13758.580000,,,,,,,,,,,,,
10000,96,prefixed,prefixed,scenario_label=prefixed,0.000000,True,True,formal_extended_baseline_screen,2076339012,2952893628,13657587.500000,243100.000000,1476416.000000,19911,6821426.921750,1224.408000,6822651.329750,10000,10000,3991,5920,,,,,,,,,,,,,,,,,,,,5.308600,,732.193735,EMDT,41,49.000000,,,,,,,,,48.000000,,,19911,0.502235,147.641600,24.310000,1719516.000000,171.951600,1.689189,13657.587500,,,,,,,,,,,,,
10000,96,prefix80,prefixed,scenario_label=prefix80,0.000000,True,True,formal_extended_baseline_screen,3727899068,873731580,13724995.000000,240394.000000,1472224.000000,20076,6899048.771500,1216.900000,6900265.671500,10000,10000,4090,5986,,,,,,,,,,,,,,,,,,,,5.326300,,728.597715,EMDT,41,46.000000,,,,,,,,,80.000000,,,20076,0.498107,147.222400,24.039400,1712618.000000,171.261800,1.670565,13724.995000,,,,,,,,,,,,,
10000,96,clustered,clustered,scenario_label=clustered,0.000000,True,True,formal_extended_baseline_screen,4098968949,785988076,13599037.500000,244640.000000,1479984.000000,19711,6819172.011000,1229.272000,6820401.283000,10000,10000,3831,5880,,,,,,,,,,,,,,,,,,,,5.306100,,735.346160,EMDT,41,48.000000,,,,,,,,,,8.000000,64.000000,19711,0.507331,147.998400,24.464000,1724624.000000,172.462400,1.700680,13599.037500,,,,,,,,,,,,,
10000,96,random,random,scenario_label=random,0.000000,True,True,formal_extended_baseline_screen,2681934676,1919305975,13813805.000000,240240.000000,1469664.000000,20330,6918475.969500,1215.312000,6919691.281500,10000,10000,4241,6089,,,,,,,,,,,,,,,,,,,,5.326100,,723.913505,EMDT,42,47.000000,,,,,,,,,,,,20330,0.491884,146.966400,24.024000,1709904.000000,170.990400,1.642306,13813.805000,,,,,,,,,,,,,
10000,96,prefixed,prefixed,scenario_label=prefixed,0.000000,True,True,formal_extended_baseline_screen,3463721453,1212522283,13526945.000000,244728.000000,1481616.000000,19626,6765117.695500,1230.264000,6766347.959500,10000,10000,3845,5781,,,,,,,,,,,,,,,,,,,,5.283800,,739.265222,EMDT,42,51.000000,,,,,,,,,48.000000,,,19626,0.509528,148.161600,24.472800,1726344.000000,172.634400,1.729805,13526.945000,,,,,,,,,,,,,
10000,96,prefix80,prefixed,scenario_label=prefix80,0.000000,True,True,formal_extended_baseline_screen,3090696183,2240901887,13695177.500000,240328.000000,1471952.000000,20095,6850372.484750,1216.632000,6851589.116750,10000,10000,4148,5947,,,,,,,,,,,,,,,,,,,,5.306300,,730.184037,EMDT,42,49.000000,,,,,,,,,80.000000,,,20095,0.497636,147.195200,24.032800,1712280.000000,171.228000,1.681520,13695.177500,,,,,,,,,,,,,
10000,96,clustered,clustered,scenario_label=clustered,0.000000,True,True,formal_extended_baseline_screen,3927309367,1495888859,13643407.500000,244838.000000,1479184.000000,19813,6831738.633250,1229.268000,6832967.901250,10000,10000,3887,5926,,,,,,,,,,,,,,,,,,,,5.309900,,732.954726,EMDT,42,46.000000,,,,,,,,,,8.000000,64.000000,19813,0.504719,147.918400,24.483800,1724022.000000,172.402200,1.687479,13643.407500,,,,,,,,,,,,,
10000,96,random,random,scenario_label=random,0.000000,True,True,formal_extended_baseline_screen,3450749702,511359428,13866257.500000,241978.000000,1470688.000000,20485,6909037.611000,1219.300000,6910256.911000,10000,10000,4354,6131,,,,,,,,,,,,,,,,,,,,5.336800,,721.175126,EMDT,43,49.000000,,,,,,,,,,,,20485,0.488162,147.068800,24.197800,1712666.000000,171.266600,1.631055,13866.257500,,,,,,,,,,,,,
10000,96,prefixed,prefixed,scenario_label=prefixed,0.000000,True,True,formal_extended_baseline_screen,144876194,4174722385,13702677.500000,244398.000000,1477040.000000,19953,6864997.541750,1227.316000,6866224.857750,10000,10000,3981,5972,,,,,,,,,,,,,,,,,,,,5.317000,,729.784380,EMDT,43,48.000000,,,,,,,,,48.000000,,,19953,0.501178,147.704000,24.439800,1721438.000000,172.143800,1.674481,13702.677500,,,,,,,,,,,,,
10000,96,prefix80,prefixed,scenario_label=prefix80,0.000000,True,True,formal_extended_baseline_screen,1513479548,3988299395,13481477.500000,244706.000000,1482400.000000,19541,6778762.159250,1230.612000,6779992.771250,10000,10000,3809,5732,,,,,,,,,,,,,,,,,,,,5.277400,,741.758461,EMDT,43,45.000000,,,,,,,,,80.000000,,,19541,0.511745,148.240000,24.470600,1727106.000000,172.710600,1.744592,13481.477500,,,,,,,,,,,,,
10000,96,clustered,clustered,scenario_label=clustered,0.000000,True,True,formal_extended_baseline_screen,48141908,3721884238,13373205.000000,241362.000000,1481280.000000,19304,6723988.845750,1223.364000,6725212.209750,10000,10000,3665,5639,,,,,,,,,,,,,,,,,,,,5.254900,,747.763906,EMDT,43,47.000000,,,,,,,,,,8.000000,64.000000,19304,0.518027,148.128000,24.136200,1722642.000000,172.264200,1.773364,13373.205000,,,,,,,,,,,,,
10000,96,random,random,scenario_label=random,0.000000,True,True,formal_extended_baseline_screen,3987099893,468051688,13726580.000000,247126.000000,1479232.000000,19922,6898604.634250,1233.868000,6899838.502250,10000,10000,3923,5999,,,,,,,,,,,,,,,,,,,,5.321400,,728.513585,EMDT,44,46.000000,,,,,,,,,,,,19922,0.501958,147.923200,24.712600,1726358.000000,172.635800,1.666944,13726.580000,,,,,,,,,,,,,
10000,96,prefixed,prefixed,scenario_label=prefixed,0.000000,True,True,formal_extended_baseline_screen,2327316353,551024467,13586095.000000,241846.000000,1477152.000000,19760,6749527.321250,1222.268000,6750749.589250,10000,10000,3914,5846,,,,,,,,,,,,,,,,,,,,5.294500,,736.046671,EMDT,44,49.000000,,,,,,,,,48.000000,,,19760,0.506073,147.715200,24.184600,1718998.000000,171.899800,1.710571,13586.095000,,,,,,,,,,,,,
10000,96,prefix80,prefixed,scenario_label=prefix80,0.000000,True,True,formal_extended_baseline_screen,2316918874,966915450,13772387.500000,241780.000000,1472608.000000,20191,6884076.293500,1219.864000,6885296.157500,10000,10000,4156,6035,,,,,,,,,,,,,,,,,,,,5.325600,,726.090520,EMDT,44,47.000000,,,,,,,,,80.000000,,,20191,0.495270,147.260800,24.178000,1714388.000000,171.438800,1.657001,13772.387500,,,,,,,,,,,,,
10000,96,clustered,clustered,scenario_label=clustered,0.000000,True,True,formal_extended_baseline_screen,828653254,2166782986,13759607.500000,245036.000000,1476592.000000,20103,6905026.664750,1228.368000,6906255.032750,10000,10000,4072,6031,,,,,,,,,,,,,,,,,,,,5.322100,,726.764917,EMDT,44,50.000000,,,,,,,,,,8.000000,64.000000,20103,0.497438,147.659200,24.503600,1721628.000000,172.162800,1.658100,13759.607500,,,,,,,,,,,,,
10000,96,random,random,scenario_label=random,0.000000,True,True,formal_extended_baseline_screen,3580828999,965163293,13503347.500000,243540.000000,1480512.000000,19551,6788975.230250,1227.336000,6790202.566250,10000,10000,3783,5768,,,,,,,,,,,,,,,,,,,,5.273300,,740.557110,EMDT,45,48.000000,,,,,,,,,,,,19551,0.511483,148.051200,24.354000,1724052.000000,172.405200,1.733703,13503.347500,,,,,,,,,,,,,
10000,96,prefixed,prefixed,scenario_label=prefixed,0.000000,True,True,formal_extended_baseline_screen,1476163045,788505082,13595410.000000,245146.000000,1480304.000000,19738,6801164.671750,1230.444000,6802395.115750,10000,10000,3880,5858,,,,,,,,,,,,,,,,,,,,5.296700,,735.542363,EMDT,45,48.000000,,,,,,,,,48.000000,,,19738,0.506637,148.030400,24.514600,1725450.000000,172.545000,1.707067,13595.410000,,,,,,,,,,,,,
10000,96,prefix80,prefixed,scenario_label=prefix80,0.000000,True,True,formal_extended_baseline_screen,2573149326,3324997011,13611515.000000,243012.000000,1477216.000000,19746,6764894.561250,1224.632000,6766119.193250,10000,10000,3869,5877,,,,,,,,,,,,,,,,,,,,5.299400,,734.672077,EMDT,45,45.000000,,,,,,,,,80.000000,,,19746,0.506432,147.721600,24.301200,1720228.000000,172.022800,1.701548,13611.515000,,,,,,,,,,,,,
10000,96,clustered,clustered,scenario_label=clustered,0.000000,True,True,formal_extended_baseline_screen,2581397823,3902905562,13650075.000000,243562.000000,1477536.000000,19900,6860379.826750,1225.892000,6861605.718750,10000,10000,3985,5915,,,,,,,,,,,,,,,,,,,,5.308300,,732.596707,EMDT,45,47.000000,,,,,,,,,,8.000000,64.000000,19900,0.502513,147.753600,24.356200,1721098.000000,172.109800,1.690617,13650.075000,,,,,,,,,,,,,
10000,96,random,random,scenario_label=random,0.000000,True,True,formal_extended_baseline_screen,3716381950,2142332971,13682757.500000,238766.000000,1471344.000000,20049,6890970.894000,1213.204000,6892184.098000,10000,10000,4098,5951,,,,,,,,,,,,,,,,,,,,5.313100,,730.846834,EMDT,46,44.000000,,,,,,,,,,,,20049,0.498778,147.134400,23.876600,1710110.000000,171.011000,1.680390,13682.757500,,,,,,,,,,,,,
10000,96,prefixed,prefixed,scenario_label=prefixed,0.000000,True,True,formal_extended_baseline_screen,2477060584,1184715310,13813225.000000,239184.000000,1468736.000000,20282,6848197.289500,1212.736000,6849410.025500,10000,10000,4192,6090,,,,,,,,,,,,,,,,,,,,5.330800,,723.943902,EMDT,46,46.000000,,,,,,,,,48.000000,,,20282,0.493048,146.873600,23.918400,1707920.000000,170.792000,1.642036,13813.225000,,,,,,,,,,,,,
10000,96,prefix80,prefixed,scenario_label=prefix80,0.000000,True,True,formal_extended_baseline_screen,2069287118,3821810697,13690712.500000,243694.000000,1476624.000000,19999,6848069.428500,1225.700000,6849295.128500,10000,10000,4044,5955,,,,,,,,,,,,,,,,,,,,5.305200,,730.422175,EMDT,46,48.000000,,,,,,,,,80.000000,,,19999,0.500025,147.662400,24.369400,1720318.000000,172.031800,1.679261,13690.712500,,,,,,,,,,,,,
10000,96,clustered,clustered,scenario_label=clustered,0.000000,True,True,formal_extended_baseline_screen,4117600980,2935237909,13720647.500000,241494.000000,1473312.000000,20045,6830906.881750,1219.644000,6832126.525750,10000,10000,4052,5993,,,,,,,,,,,,,,,,,,,,5.317400,,728.828578,EMDT,46,47.000000,,,,,,,,,,8.000000,64.000000,20045,0.498878,147.331200,24.149400,1714806.000000,171.480600,1.668613,13720.647500,,,,,,,,,,,,,
10000,96,random,random,scenario_label=random,0.000000,True,True,formal_extended_baseline_screen,2943036703,2512958010,13807537.500000,250800.000000,1482048.000000,20071,6891938.365250,1242.624000,6893180.989250,10000,10000,4016,6055,,,,,,,,,,,,,,,,,,,,5.357400,,724.242103,EMDT,47,45.000000,,,,,,,,,,,,20071,0.498231,148.204800,25.080000,1732848.000000,173.284800,1.651528,13807.537500,,,,,,,,,,,,,
10000,96,prefixed,prefixed,scenario_label=prefixed,0.000000,True,True,formal_extended_baseline_screen,2255604210,4006432085,13648527.500000,247060.000000,1481392.000000,19735,6802492.858000,1234.816000,6803727.674000,10000,10000,3803,5932,,,,,,,,,,,,,,,,,,,,5.315700,,732.679771,EMDT,47,47.000000,,,,,,,,,48.000000,,,19735,0.506714,148.139200,24.706000,1728452.000000,172.845200,1.685772,13648.527500,,,,,,,,,,,,,
10000,96,prefix80,prefixed,scenario_label=prefix80,0.000000,True,True,formal_extended_baseline_screen,1998039315,2539431069,13766245.000000,239272.000000,1469552.000000,20194,6887547.742250,1213.320000,6888761.062250,10000,10000,4163,6031,,,,,,,,,,,,,,,,,,,,5.317600,,726.414502,EMDT,47,45.000000,,,,,,,,,80.000000,,,20194,0.495197,146.955200,23.927200,1708824.000000,170.882400,1.658100,13766.245000,,,,,,,,,,,,,
10000,96,clustered,clustered,scenario_label=clustered,0.000000,True,True,formal_extended_baseline_screen,1376940312,785552402,13682995.000000,241868.000000,1474560.000000,19978,6868733.189500,1221.016000,6869954.205500,10000,10000,4032,5946,,,,,,,,,,,,,,,,,,,,5.312100,,730.834149,EMDT,47,44.000000,,,,,,,,,,8.000000,64.000000,19978,0.500551,147.456000,24.186800,1716428.000000,171.642800,1.681803,13682.995000,,,,,,,,,,,,,
10000,96,random,random,scenario_label=random,0.000000,True,True,formal_extended_baseline_screen,4126669249,2185310904,13546925.000000,244948.000000,1481712.000000,19622,6742256.435500,1230.752000,6743487.187500,10000,10000,3812,5810,,,,,,,,,,,,,,,,,,,,5.297200,,738.174899,EMDT,48,47.000000,,,,,,,,,,,,19622,0.509632,148.171200,24.494800,1726660.000000,172.666000,1.721170,13546.925000,,,,,,,,,,,,,
10000,96,prefixed,prefixed,scenario_label=prefixed,0.000000,True,True,formal_extended_baseline_screen,2193895526,1914710344,13717760.000000,247236.000000,1479824.000000,19988,6832639.127500,1234.384000,6833873.511500,10000,10000,4000,5988,,,,,,,,,,,,,,,,,,,,5.322900,,728.981991,EMDT,48,45.000000,,,,,,,,,48.000000,,,19988,0.500300,147.982400,24.723600,1727060.000000,172.706000,1.670007,13717.760000,,,,,,,,,,,,,
10000,96,prefix80,prefixed,scenario_label=prefix80,0.000000,True,True,formal_extended_baseline_screen,3566718053,4035583985,13765965.000000,245190.000000,1476352.000000,20108,6867291.872000,1228.556000,6868520.428000,10000,10000,4076,6032,,,,,,,,,,,,,,,,,,,,5.327900,,726.429277,EMDT,48,48.000000,,,,,,,,,80.000000,,,20108,0.497315,147.635200,24.519000,1721542.000000,172.154200,1.657825,13765.965000,,,,,,,,,,,,,
10000,96,clustered,clustered,scenario_label=clustered,0.000000,True,True,formal_extended_baseline_screen,3761635906,2298898112,13785307.500000,241736.000000,1471520.000000,20211,6882860.267750,1219.232000,6884079.499750,10000,10000,4170,6041,,,,,,,,,,,,,,,,,,,,5.319000,,725.410006,EMDT,48,45.000000,,,,,,,,,,8.000000,64.000000,20211,0.494780,147.152000,24.173600,1713256.000000,171.325600,1.655355,13785.307500,,,,,,,,,,,,,
10000,96,random,random,scenario_label=random,0.000000,True,True,formal_extended_baseline_screen,675927661,876863111,13555705.000000,241362.000000,1477040.000000,19744,6739405.980500,1221.244000,6740627.224500,10000,10000,3930,5814,,,,,,,,,,,,,,,,,,,,5.287300,,737.696785,EMDT,49,46.000000,,,,,,,,,,,,19744,0.506483,147.704000,24.136200,1718402.000000,171.840200,1.719986,13555.705000,,,,,,,,,,,,,
10000,96,prefixed,prefixed,scenario_label=prefixed,0.000000,True,True,formal_extended_baseline_screen,2044777110,1050322458,13794637.500000,250448.000000,1481616.000000,20055,6924944.966250,1241.704000,6926186.670250,10000,10000,3975,6080,,,,,,,,,,,,,,,,,,,,5.345400,,724.919375,EMDT,49,46.000000,,,,,,,,,48.000000,,,20055,0.498629,148.161600,25.044800,1732064.000000,173.206400,1.644737,13794.637500,,,,,,,,,,,,,
10000,96,prefix80,prefixed,scenario_label=prefix80,0.000000,True,True,formal_extended_baseline_screen,2799794232,2592731184,13553822.500000,244640.000000,1480928.000000,19633,6827163.071500,1229.744000,6828392.815500,10000,10000,3810,5823,,,,,,,,,,,,,,,,,,,,5.293600,,737.799244,EMDT,49,48.000000,,,,,,,,,80.000000,,,19633,0.509347,148.092800,24.464000,1725568.000000,172.556800,1.717328,13553.822500,,,,,,,,,,,,,
10000,96,clustered,clustered,scenario_label=clustered,0.000000,True,True,formal_extended_baseline_screen,2841386880,3365552593,13808142.500000,244112.000000,1474000.000000,20233,6875404.254250,1225.224000,6876629.478250,10000,10000,4169,6064,,,,,,,,,,,,,,,,,,,,5.332300,,724.210371,EMDT,49,47.000000,,,,,,,,,,8.000000,64.000000,20233,0.494242,147.400000,24.411200,1718112.000000,171.811200,1.649077,13808.142500,,,,,,,,,,,,,
10000,96,random,random,scenario_label=random,0.000000,True,True,formal_extended_baseline_screen,3623283272,3446543118,80815725.000000,3631892.000000,3506560.000000,165086,47731549.558506,9017.064000,47740566.622506,10000,10000,5926,149160,,,,,,,,,,,,,,,,,,,,259.937300,,123.738295,HT_EEAC,0,,10000.000000,,,,,,,,,,,165086,0.060574,350.656000,363.189200,7138452.000000,713.845200,0.067042,80815.725000,,,,,,,,,,,,,
10000,96,prefixed,prefixed,scenario_label=prefixed,0.000000,True,True,formal_extended_baseline_screen,116656660,491105355,82772602.500000,3726074.000000,3574832.000000,169367,48895886.187003,9239.564000,48905125.751003,10000,10000,5940,153427,,,,,,,,,,,,,,,,,,,,268.451000,,120.812922,HT_EEAC,0,,10000.000000,,,,,,,,48.000000,,,169367,0.059043,357.483200,372.607400,7300906.000000,730.090600,0.065178,82772.602500,,,,,,,,,,,,,
10000,96,prefix80,prefixed,scenario_label=prefix80,0.000000,True,True,formal_extended_baseline_screen,1741802094,3195611935,76857510.000000,3442648.000000,3365888.000000,156484,44877858.496493,8568.240000,44886426.736493,10000,10000,6116,140368,,,,,,,,,,,,,,,,,,,,232.725200,,130.110903,HT_EEAC,0,,10000.000000,,,,,,,,80.000000,,,156484,0.063904,336.588800,344.264800,6808536.000000,680.853600,0.071241,76857.510000,,,,,,,,,,,,,
10000,96,clustered,clustered,scenario_label=clustered,0.000000,True,True,formal_extended_baseline_screen,2095316255,1871630459,77348047.500000,3465550.000000,3384448.000000,157525,45056108.402251,8623.324000,45064731.726251,10000,10000,5997,141528,,,,,,,,,,,,,,,,,,,,239.803400,,129.285746,HT_EEAC,0,,10000.000000,,,,,,,,,8.000000,64.000000,157525,0.063482,338.444800,346.555000,6849998.000000,684.999800,0.070657,77348.047500,,,,,,,,,,,,,
10000,96,random,random,scenario_label=random,0.000000,True,True,formal_extended_baseline_screen,3864099846,4120155421,77907502.500000,3492170.000000,3404592.000000,158735,45778944.798010,8686.636000,45787631.434010,10000,10000,5948,142787,,,,,,,,,,,,,,,,,,,,236.686900,,128.357343,HT_EEAC,1,,10000.000000,,,,,,,,,,,158735,0.062998,340.459200,349.217000,6896762.000000,689.676200,0.070034,77907.502500,,,,,,,,,,,,,
10000,96,prefixed,prefixed,scenario_label=prefixed,0.000000,True,True,formal_extended_baseline_screen,889203247,3333289103,80315160.000000,3608352.000000,3487968.000000,164016,46988838.288748,8960.688000,46997798.976748,10000,10000,6018,147998,,,,,,,,,,,,,,,,,,,,264.322700,,124.509495,HT_EEAC,1,,10000.000000,,,,,,,,48.000000,,,164016,0.060970,348.796800,360.835200,7096320.000000,709.632000,0.067568,80315.160000,,,,,,,,,,,,,
10000,96,prefix80,prefixed,scenario_label=prefix80,0.000000,True,True,formal_extended_baseline_screen,2669137359,287460761,79290547.500000,3558302.000000,3453728.000000,161741,46978681.369506,8843.468000,46987524.837506,10000,10000,5883,145858,,,,,,,,,,,,,,,,,,,,255.651800,,126.118438,HT_EEAC,1,,10000.000000,,,,,,,,80.000000,,,161741,0.061827,345.372800,355.830200,7012030.000000,701.203000,0.068560,79290.547500,,,,,,,,,,,,,
10000,96,clustered,clustered,scenario_label=clustered,0.000000,True,True,formal_extended_baseline_screen,1179273823,218055177,79341225.000000,3561668.000000,3453600.000000,161894,46403358.169508,8850.136000,46412208.305508,10000,10000,6044,145850,,,,,,,,,,,,,,,,,,,,243.141900,,126.037883,HT_EEAC,1,,10000.000000,,,,,,,,,8.000000,64.000000,161894,0.061769,345.360000,356.166800,7015268.000000,701.526800,0.068564,79341.225000,,,,,,,,,,,,,
10000,96,random,random,scenario_label=random,0.000000,True,True,formal_extended_baseline_screen,813036364,570812306,79421880.000000,3563648.000000,3460304.000000,161984,46523293.625264,8857.448000,46532151.073264,10000,10000,5715,146269,,,,,,,,,,,,,,,,,,,,247.802200,,125.909888,HT_EEAC,2,,10000.000000,,,,,,,,,,,161984,0.061734,346.030400,356.364800,7023952.000000,702.395200,0.068367,79421.880000,,,,,,,,,,,,,
10000,96,prefixed,prefixed,scenario_label=prefixed,0.000000,True,True,formal_extended_baseline_screen,1822834370,1238081726,78235057.500000,3507702.000000,3416496.000000,159441,45854585.579993,8723.652000,45863309.231993,10000,10000,5910,143531,,,,,,,,,,,,,,,,,,,,247.072600,,127.819935,HT_EEAC,2,,10000.000000,,,,,,,,48.000000,,,159441,0.062719,341.649600,350.770200,6924198.000000,692.419800,0.069671,78235.057500,,,,,,,,,,,,,
10000,96,prefix80,prefixed,scenario_label=prefix80,0.000000,True,True,formal_extended_baseline_screen,2479815273,1522879191,79637587.500000,3575198.000000,3465440.000000,162509,46652046.320247,8883.116000,46660929.436247,10000,10000,5919,146590,,,,,,,,,,,,,,,,,,,,253.704000,,125.568846,HT_EEAC,2,,10000.000000,,,,,,,,80.000000,,,162509,0.061535,346.544000,357.519800,7040638.000000,704.063800,0.068217,79637.587500,,,,,,,,,,,,,
10000,96,clustered,clustered,scenario_label=clustered,0.000000,True,True,formal_extended_baseline_screen,2073761602,412164293,78354022.500000,3513290.000000,3420928.000000,159695,45836120.835751,8737.044000,45844857.879751,10000,10000,5887,143808,,,,,,,,,,,,,,,,,,,,248.365700,,127.625866,HT_EEAC,2,,10000.000000,,,,,,,,,8.000000,64.000000,159695,0.062619,342.092800,351.329000,6934218.000000,693.421800,0.069537,78354.022500,,,,,,,,,,,,,
10000,96,random,random,scenario_label=random,0.000000,True,True,formal_extended_baseline_screen,57753915,2385762457,78160087.500000,3505326.000000,3411360.000000,159333,46130356.214989,8716.332000,46139072.546989,10000,10000,6123,143210,,,,,,,,,,,,,,,,,,,,237.968300,,127.942538,HT_EEAC,3,,10000.000000,,,,,,,,,,,159333,0.062762,341.136000,350.532600,6916686.000000,691.668600,0.069828,78160.087500,,,,,,,,,,,,,
10000,96,prefixed,prefixed,scenario_label=prefixed,0.000000,True,True,formal_extended_baseline_screen,2219440691,343768343,78484335.000000,3520572.000000,3423408.000000,160026,46357354.271262,8752.848000,46366107.119262,10000,10000,6063,143963,,,,,,,,,,,,,,,,,,,,247.192500,,127.413961,HT_EEAC,3,,10000.000000,,,,,,,,48.000000,,,160026,0.062490,342.340800,352.057200,6943980.000000,694.398000,0.069462,78484.335000,,,,,,,,,,,,,
10000,96,prefix80,prefixed,scenario_label=prefix80,0.000000,True,True,formal_extended_baseline_screen,1286928148,2787438649,77428312.500000,3468146.000000,3389840.000000,157643,45487040.529743,8631.212000,45495671.741743,10000,10000,5778,141865,,,,,,,,,,,,,,,,,,,,230.761600,,129.151723,HT_EEAC,3,,10000.000000,,,,,,,,80.000000,,,157643,0.063434,338.984000,346.814600,6857986.000000,685.798600,0.070490,77428.312500,,,,,,,,,,,,,
10000,96,clustered,clustered,scenario_label=clustered,0.000000,True,True,formal_extended_baseline_screen,787561323,2432738604,77326927.500000,3464846.000000,3383072.000000,157493,45223293.139497,8621.228000,45231914.367497,10000,10000,6051,141442,,,,,,,,,,,,,,,,,,,,245.322100,,129.321057,HT_EEAC,3,,10000.000000,,,,,,,,,8.000000,64.000000,157493,0.063495,338.307200,346.484600,6847918.000000,684.791800,0.070700,77326.927500,,,,,,,,,,,,,
10000,96,random,random,scenario_label=random,0.000000,True,True,formal_extended_baseline_screen,3819630184,3021260287,79415737.500000,3564726.000000,3457280.000000,162033,46420039.381487,8858.092000,46428897.473487,10000,10000,5953,146080,,,,,,,,,,,,,,,,,,,,253.778200,,125.919626,HT_EEAC,4,,10000.000000,,,,,,,,,,,162033,0.061716,345.728000,356.472600,7022006.000000,702.200600,0.068456,79415.737500,,,,,,,,,,,,,
10000,96,prefixed,prefixed,scenario_label=prefixed,0.000000,True,True,formal_extended_baseline_screen,889858016,3126230166,77055607.500000,3450766.000000,3375696.000000,156853,44999099.459254,8589.380000,45007688.839254,10000,10000,5872,140981,,,,,,,,,,,,,,,,,,,,234.466000,,129.776409,HT_EEAC,4,,10000.000000,,,,,,,,48.000000,,,156853,0.063754,337.569600,345.076600,6826462.000000,682.646200,0.070932,77055.607500,,,,,,,,,,,,,
10000,96,prefix80,prefixed,scenario_label=prefix80,0.000000,True,True,formal_extended_baseline_screen,2696116183,1758835887,78504712.500000,3521650.000000,3423920.000000,160075,45939794.256746,8755.260000,45948549.516746,10000,10000,6080,143995,,,,,,,,,,,,,,,,,,,,252.844800,,127.380888,HT_EEAC,4,,10000.000000,,,,,,,,80.000000,,,160075,0.062471,342.392000,352.165000,6945570.000000,694.557000,0.069447,78504.712500,,,,,,,,,,,,,
10000,96,clustered,clustered,scenario_label=clustered,0.000000,True,True,formal_extended_baseline_screen,688500632,2173577951,78795217.500000,3533750.000000,3437904.000000,160625,46335111.093768,8786.452000,46343897.545768,10000,10000,5756,144869,,,,,,,,,,,,,,,,,,,,249.303800,,126.911256,HT_EEAC,4,,10000.000000,,,,,,,,,8.000000,64.000000,160625,0.062257,343.790400,353.375000,6971654.000000,697.165400,0.069028,78795.217500,,,,,,,,,,,,,
10000,96,random,random,scenario_label=random,0.000000,True,True,formal_extended_baseline_screen,2608777085,681727766,77580225.000000,3476132.000000,3393760.000000,158006,45144504.016508,8649.144000,45153153.160508,10000,10000,5896,142110,,,,,,,,,,,,,,,,,,,,244.295500,,128.898827,HT_EEAC,5,,10000.000000,,,,,,,,,,,158006,0.063289,339.376000,347.613200,6869892.000000,686.989200,0.070368,77580.225000,,,,,,,,,,,,,
10000,96,prefixed,prefixed,scenario_label=prefixed,0.000000,True,True,formal_extended_baseline_screen,3513520067,26350581,77658750.000000,3480664.000000,3394960.000000,158212,45477896.022741,8658.808000,45486554.830741,10000,10000,6027,142185,,,,,,,,,,,,,,,,,,,,238.227100,,128.768490,HT_EEAC,5,,10000.000000,,,,,,,,48.000000,,,158212,0.063206,339.496000,348.066400,6875624.000000,687.562400,0.070331,77658.750000,,,,,,,,,,,,,
10000,96,prefix80,prefixed,scenario_label=prefix80,0.000000,True,True,formal_extended_baseline_screen,1840913042,1879560869,78989482.500000,3543738.000000,3443376.000000,161079,46726604.548496,8809.164000,46735413.712496,10000,10000,5868,145211,,,,,,,,,,,,,,,,,,,,253.396800,,126.599133,HT_EEAC,5,,10000.000000,,,,,,,,80.000000,,,161079,0.062081,344.337600,354.373800,6987114.000000,698.711400,0.068865,78989.482500,,,,,,,,,,,,,
10000,96,clustered,clustered,scenario_label=clustered,0.000000,True,True,formal_extended_baseline_screen,3399855602,3644599672,78749392.500000,3532562.000000,3434224.000000,160571,46126021.374738,8782.236000,46134803.610738,10000,10000,5932,144639,,,,,,,,,,,,,,,,,,,,251.222400,,126.985107,HT_EEAC,5,,10000.000000,,,,,,,,,8.000000,64.000000,160571,0.062278,343.422400,353.256200,6966786.000000,696.678600,0.069138,78749.392500,,,,,,,,,,,,,
10000,96,random,random,scenario_label=random,0.000000,True,True,formal_extended_baseline_screen,1011355210,493407713,78521115.000000,3522508.000000,3424352.000000,160114,46020527.493762,8757.192000,46029284.685762,10000,10000,6092,144022,,,,,,,,,,,,,,,,,,,,237.767200,,127.354279,HT_EEAC,6,,10000.000000,,,,,,,,,,,160114,0.062456,342.435200,352.250800,6946860.000000,694.686000,0.069434,78521.115000,,,,,,,,,,,,,
10000,96,prefixed,prefixed,scenario_label=prefixed,0.000000,True,True,formal_extended_baseline_screen,4182455193,2818997854,77644987.500000,3480510.000000,3393440.000000,158205,45580909.077757,8657.740000,45589566.817757,10000,10000,6115,142090,,,,,,,,,,,,,,,,,,,,234.121200,,128.791314,HT_EEAC,6,,10000.000000,,,,,,,,48.000000,,,158205,0.063209,339.344000,348.051000,6873950.000000,687.395000,0.070378,77644.987500,,,,,,,,,,,,,
10000,96,prefix80,prefixed,scenario_label=prefix80,0.000000,True,True,formal_extended_baseline_screen,234351616,2925334407,83845800.000000,3777312.000000,3613120.000000,171696,49599126.819000,9361.184000,49608488.003000,10000,10000,5876,155820,,,,,,,,,,,,,,,,,,,,291.186600,,119.266558,HT_EEAC,6,,10000.000000,,,,,,,,80.000000,,,171696,0.058242,361.312000,377.731200,7390432.000000,739.043200,0.064177,83845.800000,,,,,,,,,,,,,
10000,96,clustered,clustered,scenario_label=clustered,0.000000,True,True,formal_extended_baseline_screen,1672192143,506502892,77496712.500000,3473074.000000,3388880.000000,157867,45484353.167240,8640.588000,45492993.755240,10000,10000,6062,141805,,,,,,,,,,,,,,,,,,,,242.173000,,129.037732,HT_EEAC,6,,10000.000000,,,,,,,,,8.000000,64.000000,157867,0.063344,338.888000,347.307400,6861954.000000,686.195400,0.070519,77496.712500,,,,,,,,,,,,,
10000,96,random,random,scenario_label=random,0.000000,True,True,formal_extended_baseline_screen,2772753435,3697124680,80408130.000000,3613192.000000,3490464.000000,164236,47080702.648501,8971.616000,47089674.264501,10000,10000,6082,148154,,,,,,,,,,,,,,,,,,,,263.326400,,124.365534,HT_EEAC,7,,10000.000000,,,,,,,,,,,164236,0.060888,349.046400,361.319200,7103656.000000,710.365600,0.067497,80408.130000,,,,,,,,,,,,,
10000,96,prefixed,prefixed,scenario_label=prefixed,0.000000,True,True,formal_extended_baseline_screen,1416235163,623010779,78108202.500000,3501146.000000,3412992.000000,159143,45777637.811998,8708.788000,45786346.599998,10000,10000,5831,143312,,,,,,,,,,,,,,,,,,,,242.986100,,128.027527,HT_EEAC,7,,10000.000000,,,,,,,,48.000000,,,159143,0.062837,341.299200,350.114600,6914138.000000,691.413800,0.069778,78108.202500,,,,,,,,,,,,,
10000,96,prefix80,prefixed,scenario_label=prefix80,0.000000,True,True,formal_extended_baseline_screen,2635025427,2028981081,77211780.000000,3459280.000000,3379104.000000,157240,45409664.126993,8608.112000,45418272.238993,10000,10000,6046,141194,,,,,,,,,,,,,,,,,,,,237.490700,,129.513916,HT_EEAC,7,,10000.000000,,,,,,,,80.000000,,,157240,0.063597,337.910400,345.928000,6838384.000000,683.838400,0.070825,77211.780000,,,,,,,,,,,,,
10000,96,clustered,clustered,scenario_label=clustered,0.000000,True,True,formal_extended_baseline_screen,1710578268,2998085033,79538130.000000,3569544.000000,3463744.000000,162252,46849363.232993,8870.960000,46858234.192993,10000,10000,5768,146484,,,,,,,,,,,,,,,,,,,,251.273900,,125.725863,HT_EEAC,7,,10000.000000,,,,,,,,,8.000000,64.000000,162252,0.061633,346.374400,356.954400,7033288.000000,703.328800,0.068267,79538.130000,,,,,,,,,,,,,
10000,96,random,random,scenario_label=random,0.000000,True,True,formal_extended_baseline_screen,3926250230,1033251414,76991670.000000,3448984.000000,3370816.000000,156772,44840165.127007,8583.376000,44848748.503007,10000,10000,6096,140676,,,,,,,,,,,,,,,,,,,,236.240200,,129.884181,HT_EEAC,8,,10000.000000,,,,,,,,,,,156772,0.063787,337.081600,344.898400,6819800.000000,681.980000,0.071085,76991.670000,,,,,,,,,,,,,
10000,96,prefixed,prefixed,scenario_label=prefixed,0.000000,True,True,formal_extended_baseline_screen,834749396,1695005341,83754907.500000,3773022.000000,3609776.000000,171501,49527980.071507,9350.932000,49537331.003507,10000,10000,5890,155611,,,,,,,,,,,,,,,,,,,,286.461800,,119.395989,HT_EEAC,8,,10000.000000,,,,,,,,48.000000,,,171501,0.058309,360.977600,377.302200,7382798.000000,738.279800,0.064263,83754.907500,,,,,,,,,,,,,
10000,96,prefix80,prefixed,scenario_label=prefix80,0.000000,True,True,formal_extended_baseline_screen,3619142060,877429193,78523440.000000,3521056.000000,3427632.000000,160048,45980423.625017,8755.928000,45989179.553017,10000,10000,5821,144227,,,,,,,,,,,,,,,,,,,,248.196600,,127.350508,HT_EEAC,8,,10000.000000,,,,,,,,80.000000,,,160048,0.062481,342.763200,352.105600,6948688.000000,694.868800,0.069335,78523.440000,,,,,,,,,,,,,
10000,96,clustered,clustered,scenario_label=clustered,0.000000,True,True,formal_extended_baseline_screen,3961209957,1277454135,80632620.000000,3623312.000000,3499696.000000,164696,47309634.657752,8996.472000,47318631.129752,10000,10000,5965,148731,,,,,,,,,,,,,,,,,,,,260.031900,,124.019286,HT_EEAC,8,,10000.000000,,,,,,,,,8.000000,64.000000,164696,0.060718,349.969600,362.331200,7123008.000000,712.300800,0.067235,80632.620000,,,,,,,,,,,,,
10000,96,random,random,scenario_label=random,0.000000,True,True,formal_extended_baseline_screen,58426829,1514151289,81931800.000000,3686144.000000,3544400.000000,167552,47973519.069736,9144.488000,47982663.557736,10000,10000,6027,151525,,,,,,,,,,,,,,,,,,,,269.976400,,122.052732,HT_EEAC,9,,10000.000000,,,,,,,,,,,167552,0.059683,354.440000,368.614400,7230544.000000,723.054400,0.065996,81931.800000,,,,,,,,,,,,,
10000,96,prefixed,prefixed,scenario_label=prefixed,0.000000,True,True,formal_extended_baseline_screen,1183400892,2298356244,78162322.500000,3503258.000000,3415888.000000,159239,45863227.983005,8714.460000,45871942.443005,10000,10000,5746,143493,,,,,,,,,,,,,,,,,,,,253.936300,,127.938880,HT_EEAC,9,,10000.000000,,,,,,,,48.000000,,,159239,0.062799,341.588800,350.325800,6919146.000000,691.914600,0.069690,78162.322500,,,,,,,,,,,,,
10000,96,prefix80,prefixed,scenario_label=prefix80,0.000000,True,True,formal_extended_baseline_screen,3771146367,1422653272,79179562.500000,3553242.000000,3449280.000000,161511,46851307.814252,8831.124000,46860138.938252,10000,10000,5931,145580,,,,,,,,,,,,,,,,,,,,249.816000,,126.295217,HT_EEAC,9,,10000.000000,,,,,,,,80.000000,,,161511,0.061915,344.928000,355.324200,7002522.000000,700.252200,0.068691,79179.562500,,,,,,,,,,,,,
10000,96,clustered,clustered,scenario_label=clustered,0.000000,True,True,formal_extended_baseline_screen,346261855,4065994221,79902840.000000,3586880.000000,3476912.000000,163040,47635893.002247,8912.216000,47644805.218247,10000,10000,5733,147307,,,,,,,,,,,,,,,,,,,,264.551800,,125.151997,HT_EEAC,9,,10000.000000,,,,,,,,,8.000000,64.000000,163040,0.061335,347.691200,358.688000,7063792.000000,706.379200,0.067885,79902.840000,,,,,,,,,,,,,
10000,96,random,random,scenario_label=random,0.000000,True,True,formal_extended_baseline_screen,1020324588,542493336,79913662.500000,3588618.000000,3474800.000000,163119,47037143.948257,8914.636000,47046058.584257,10000,10000,5944,147175,,,,,,,,,,,,,,,,,,,,254.819700,,125.135048,HT_EEAC,10,,10000.000000,,,,,,,,,,,163119,0.061305,347.480000,358.861800,7063418.000000,706.341800,0.067946,79913.662500,,,,,,,,,,,,,
10000,96,prefixed,prefixed,scenario_label=prefixed,0.000000,True,True,formal_extended_baseline_screen,2061720330,3971369032,79260720.000000,3556608.000000,3453216.000000,161664,46241292.252002,8839.824000,46250132.076002,10000,10000,5838,145826,,,,,,,,,,,,,,,,,,,,254.254600,,126.165899,HT_EEAC,10,,10000.000000,,,,,,,,48.000000,,,161664,0.061857,345.321600,355.660800,7009824.000000,700.982400,0.068575,79260.720000,,,,,,,,,,,,,
10000,96,prefix80,prefixed,scenario_label=prefix80,0.000000,True,True,formal_extended_baseline_screen,1420417677,3385172619,80206770.000000,3601576.000000,3487376.000000,163708,47391775.803001,8946.840000,47400722.643001,10000,10000,5747,147961,,,,,,,,,,,,,,,,,,,,258.586300,,124.677755,HT_EEAC,10,,10000.000000,,,,,,,,80.000000,,,163708,0.061084,348.737600,360.157600,7088952.000000,708.895200,0.067585,80206.770000,,,,,,,,,,,,,
10000,96,clustered,clustered,scenario_label=clustered,0.000000,True,True,formal_extended_baseline_screen,4285535701,115415739,79233157.500000,3556806.000000,3449136.000000,161673,46472882.408265,8838.180000,46481720.588265,10000,10000,6102,145571,,,,,,,,,,,,,,,,,,,,252.114200,,126.209788,HT_EEAC,10,,10000.000000,,,,,,,,,8.000000,64.000000,161673,0.061853,344.913600,355.680600,7005942.000000,700.594200,0.068695,79233.157500,,,,,,,,,,,,,
10000,96,random,random,scenario_label=random,0.000000,True,True,formal_extended_baseline_screen,596195424,3210548545,77861520.000000,3489728.000000,3403456.000000,158624,45664385.030236,8681.184000,45673066.214236,10000,10000,5908,142716,,,,,,,,,,,,,,,,,,,,242.843800,,128.433146,HT_EEAC,11,,10000.000000,,,,,,,,,,,158624,0.063042,340.345600,348.972800,6893184.000000,689.318400,0.070069,77861.520000,,,,,,,,,,,,,
10000,96,prefixed,prefixed,scenario_label=prefixed,0.000000,True,True,formal_extended_baseline_screen,2528955344,2074440064,78290010.000000,3511816.000000,3415408.000000,159628,45804063.088504,8731.336000,45812794.424504,10000,10000,6165,143463,,,,,,,,,,,,,,,,,,,,249.159000,,127.730217,HT_EEAC,11,,10000.000000,,,,,,,,48.000000,,,159628,0.062646,341.540800,351.181600,6927224.000000,692.722400,0.069704,78290.010000,,,,,,,,,,,,,
10000,96,prefix80,prefixed,scenario_label=prefix80,0.000000,True,True,formal_extended_baseline_screen,4029019098,2526882731,81334882.500000,3656378.000000,3525696.000000,166199,48048843.526498,9075.604000,48057919.130498,10000,10000,5843,150356,,,,,,,,,,,,,,,,,,,,266.063100,,122.948478,HT_EEAC,11,,10000.000000,,,,,,,,80.000000,,,166199,0.060169,352.569600,365.637800,7182074.000000,718.207400,0.066509,81334.882500,,,,,,,,,,,,,
10000,96,clustered,clustered,scenario_label=clustered,0.000000,True,True,formal_extended_baseline_screen,2138647285,1382973369,76583805.000000,3429140.000000,3357024.000000,155870,45042409.797008,8536.792000,45050946.589008,10000,10000,6056,139814,,,,,,,,,,,,,,,,,,,,227.226500,,130.575910,HT_EEAC,11,,10000.000000,,,,,,,,,8.000000,64.000000,155870,0.064156,335.702400,342.914000,6786164.000000,678.616400,0.071524,76583.805000,,,,,,,,,,,,,
10000,96,random,random,scenario_label=random,0.000000,True,True,formal_extended_baseline_screen,530428079,443214716,83165085.000000,3744532.000000,3589408.000000,170206,49503431.780247,9283.768000,49512715.548247,10000,10000,5868,154338,,,,,,,,,,,,,,,,,,,,280.237700,,120.242768,HT_EEAC,12,,10000.000000,,,,,,,,,,,170206,0.058752,358.940800,374.453200,7333940.000000,733.394000,0.064793,83165.085000,,,,,,,,,,,,,
10000,96,prefixed,prefixed,scenario_label=prefixed,0.000000,True,True,formal_extended_baseline_screen,3403028343,2248012092,80710605.000000,3626964.000000,3502624.000000,164862,47627551.907240,9005.240000,47636557.147240,10000,10000,5948,148914,,,,,,,,,,,,,,,,,,,,253.068400,,123.899455,HT_EEAC,12,,10000.000000,,,,,,,,48.000000,,,164862,0.060657,350.262400,362.696400,7129588.000000,712.958800,0.067153,80710.605000,,,,,,,,,,,,,
10000,96,prefix80,prefixed,scenario_label=prefix80,0.000000,True,True,formal_extended_baseline_screen,4132968395,4127238416,78959790.000000,3543320.000000,3440272.000000,161060,46288828.190249,8806.776000,46297634.966249,10000,10000,6043,145017,,,,,,,,,,,,,,,,,,,,254.146500,,126.646740,HT_EEAC,12,,10000.000000,,,,,,,,80.000000,,,161060,0.062089,344.027200,354.332000,6983592.000000,698.359200,0.068957,78959.790000,,,,,,,,,,,,,
10000,96,clustered,clustered,scenario_label=clustered,0.000000,True,True,formal_extended_baseline_screen,4135791258,159780271,82355047.500000,3705262.000000,3561728.000000,168421,48468317.511743,9191.388000,48477508.899743,10000,10000,5813,152608,,,,,,,,,,,,,,,,,,,,279.965900,,121.425466,HT_EEAC,12,,10000.000000,,,,,,,,,8.000000,64.000000,168421,0.059375,356.172800,370.526200,7266990.000000,726.699000,0.065527,82355.047500,,,,,,,,,,,,,
10000,96,random,random,scenario_label=random,0.000000,True,True,formal_extended_baseline_screen,3351110087,2914986066,78884962.500000,3539514.000000,3438080.000000,160887,46633121.690995,8798.068000,46641919.758995,10000,10000,6007,144880,,,,,,,,,,,,,,,,,,,,242.621800,,126.766873,HT_EEAC,13,,10000.000000,,,,,,,,,,,160887,0.062155,343.808000,353.951400,6977594.000000,697.759400,0.069023,78884.962500,,,,,,,,,,,,,
10000,96,prefixed,prefixed,scenario_label=prefixed,0.000000,True,True,formal_extended_baseline_screen,3651045357,3906357211,78262860.000000,3509968.000000,3415568.000000,159544,45889869.089241,8727.720000,45898596.809241,10000,10000,6071,143473,,,,,,,,,,,,,,,,,,,,242.807100,,127.774528,HT_EEAC,13,,10000.000000,,,,,,,,48.000000,,,159544,0.062679,341.556800,350.996800,6925536.000000,692.553600,0.069700,78262.860000,,,,,,,,,,,,,
10000,96,prefix80,prefixed,scenario_label=prefix80,0.000000,True,True,formal_extended_baseline_screen,3503816222,3793401356,78201420.000000,3505040.000000,3417456.000000,159320,45727751.399264,8718.808000,45736470.207264,10000,10000,5729,143591,,,,,,,,,,,,,,,,,,,,244.826800,,127.874916,HT_EEAC,13,,10000.000000,,,,,,,,80.000000,,,159320,0.062767,341.745600,350.504000,6922496.000000,692.249600,0.069642,78201.420000,,,,,,,,,,,,,
10000,96,clustered,clustered,scenario_label=clustered,0.000000,True,True,formal_extended_baseline_screen,2264469608,6272279,79842390.000000,3585208.000000,3472272.000000,162964,46874058.188996,8906.552000,46882964.740996,10000,10000,5947,147017,,,,,,,,,,,,,,,,,,,,252.831000,,125.246752,HT_EEAC,13,,10000.000000,,,,,,,,,8.000000,64.000000,162964,0.061363,347.227200,358.520800,7057480.000000,705.748000,0.068019,79842.390000,,,,,,,,,,,,,
10000,96,random,random,scenario_label=random,0.000000,True,True,formal_extended_baseline_screen,1692097063,1802161325,78555720.000000,3522464.000000,3429056.000000,160112,46486138.622259,8759.456000,46494898.078259,10000,10000,5796,144316,,,,,,,,,,,,,,,,,,,,247.170300,,127.298178,HT_EEAC,14,,10000.000000,,,,,,,,,,,160112,0.062456,342.905600,352.246400,6951520.000000,695.152000,0.069292,78555.720000,,,,,,,,,,,,,
10000,96,prefixed,prefixed,scenario_label=prefixed,0.000000,True,True,formal_extended_baseline_screen,1707141452,451707459,79512075.000000,3568620.000000,3462160.000000,162210,46711849.269771,8868.320000,46720717.589771,10000,10000,5825,146385,,,,,,,,,,,,,,,,,,,,255.827800,,125.767061,HT_EEAC,14,,10000.000000,,,,,,,,48.000000,,,162210,0.061648,346.216000,356.862000,7030780.000000,703.078000,0.068313,79512.075000,,,,,,,,,,,,,
10000,96,prefix80,prefixed,scenario_label=prefix80,0.000000,True,True,formal_extended_baseline_screen,1479387709,774121013,80747340.000000,3628944.000000,3503472.000000,164952,47350722.962242,9009.624000,47359732.586242,10000,10000,5985,148967,,,,,,,,,,,,,,,,,,,,265.386600,,123.843089,HT_EEAC,14,,10000.000000,,,,,,,,80.000000,,,164952,0.060624,350.347200,362.894400,7132416.000000,713.241600,0.067129,80747.340000,,,,,,,,,,,,,
10000,96,clustered,clustered,scenario_label=clustered,0.000000,True,True,formal_extended_baseline_screen,1193971010,2954068174,77802232.500000,3486450.000000,3402256.000000,158475,45775705.277250,8674.028000,45784379.305250,10000,10000,5834,142641,,,,,,,,,,,,,,,,,,,,240.427200,,128.531016,HT_EEAC,14,,10000.000000,,,,,,,,,8.000000,64.000000,158475,0.063101,340.225600,348.645000,6888706.000000,688.870600,0.070106,77802.232500,,,,,,,,,,,,,
10000,96,random,random,scenario_label=random,0.000000,True,True,formal_extended_baseline_screen,1311958710,561180967,79300680.000000,3558720.000000,3454224.000000,161760,46766188.376275,8844.552000,46775032.928275,10000,10000,5871,145889,,,,,,,,,,,,,,,,,,,,255.374300,,126.102323,HT_EEAC,15,,10000.000000,,,,,,,,,,,161760,0.061820,345.422400,355.872000,7012944.000000,701.294400,0.068545,79300.680000,,,,,,,,,,,,,
10000,96,prefixed,prefixed,scenario_label=prefixed,0.000000,True,True,formal_extended_baseline_screen,1066348603,223103679,78866340.000000,3538832.000000,3436992.000000,160856,46458808.221753,8796.160000,46467604.381753,10000,10000,6044,144812,,,,,,,,,,,,,,,,,,,,249.738200,,126.796806,HT_EEAC,15,,10000.000000,,,,,,,,48.000000,,,160856,0.062167,343.699200,353.883200,6975824.000000,697.582400,0.069055,78866.340000,,,,,,,,,,,,,
10000,96,prefix80,prefixed,scenario_label=prefix80,0.000000,True,True,formal_extended_baseline_screen,3410131684,3738778922,79331265.000000,3559556.000000,3456592.000000,161798,46572335.394756,8847.408000,46581182.802756,10000,10000,5761,146037,,,,,,,,,,,,,,,,,,,,253.730100,,126.053707,HT_EEAC,15,,10000.000000,,,,,,,,80.000000,,,161798,0.061805,345.659200,355.955600,7016148.000000,701.614800,0.068476,79331.265000,,,,,,,,,,,,,
10000,96,clustered,clustered,scenario_label=clustered,0.000000,True,True,formal_extended_baseline_screen,2719779022,3182552784,80336910.000000,3607384.000000,3492848.000000,163972,47233017.106490,8961.192000,47241978.298490,10000,10000,5669,148303,,,,,,,,,,,,,,,,,,,,257.675800,,124.475786,HT_EEAC,15,,10000.000000,,,,,,,,,8.000000,64.000000,163972,0.060986,349.284800,360.738400,7100232.000000,710.023200,0.067430,80336.910000,,,,,,,,,,,,,
10000,96,random,random,scenario_label=random,0.000000,True,True,formal_extended_baseline_screen,4044322606,3776284239,80789100.000000,3631760.000000,3503280.000000,165080,47574711.401992,9015.160000,47583726.561992,10000,10000,6125,148955,,,,,,,,,,,,,,,,,,,,254.848900,,123.779074,HT_EEAC,16,,10000.000000,,,,,,,,,,,165080,0.060577,350.328000,363.176000,7135040.000000,713.504000,0.067134,80789.100000,,,,,,,,,,,,,
10000,96,prefixed,prefixed,scenario_label=prefixed,0.000000,True,True,formal_extended_baseline_screen,2310609587,4207514978,76205850.000000,3410088.000000,3345600.000000,155004,44512239.602255,8492.976000,44520732.578255,10000,10000,5904,139100,,,,,,,,,,,,,,,,,,,,233.657000,,131.223522,HT_EEAC,16,,10000.000000,,,,,,,,48.000000,,,155004,0.064514,334.560000,341.008800,6755688.000000,675.568800,0.071891,76205.850000,,,,,,,,,,,,,
10000,96,prefix80,prefixed,scenario_label=prefix80,0.000000,True,True,formal_extended_baseline_screen,556887839,1125852106,80406150.000000,3612664.000000,3491280.000000,164212,47732183.468255,8970.968000,47741154.436255,10000,10000,6007,148205,,,,,,,,,,,,,,,,,,,,257.170000,,124.368596,HT_EEAC,16,,10000.000000,,,,,,,,80.000000,,,164212,0.060897,349.128000,361.266400,7103944.000000,710.394400,0.067474,80406.150000,,,,,,,,,,,,,
10000,96,clustered,clustered,scenario_label=clustered,0.000000,True,True,formal_extended_baseline_screen,2713732995,2274984097,79061752.500000,3546994.000000,3446352.000000,161227,46449047.235738,8817.164000,46457864.399738,10000,10000,5830,145397,,,,,,,,,,,,,,,,,,,,250.262300,,126.483409,HT_EEAC,16,,10000.000000,,,,,,,,,8.000000,64.000000,161227,0.062024,344.635200,354.699400,6993346.000000,699.334600,0.068777,79061.752500,,,,,,,,,,,,,
10000,96,random,random,scenario_label=random,0.000000,True,True,formal_extended_baseline_screen,1698610701,2095750419,78314760.000000,3511904.000000,3418528.000000,159632,45878428.880268,8733.072000,45887161.952268,10000,10000,5974,143658,,,,,,,,,,,,,,,,,,,,245.144000,,127.689851,HT_EEAC,17,,10000.000000,,,,,,,,,,,159632,0.062644,341.852800,351.190400,6930432.000000,693.043200,0.069610,78314.760000,,,,,,,,,,,,,
10000,96,prefixed,prefixed,scenario_label=prefixed,0.000000,True,True,formal_extended_baseline_screen,862396413,915785968,80279167.500000,3604590.000000,3490864.000000,163845,46919615.801995,8954.612000,46928570.413995,10000,10000,5666,148179,,,,,,,,,,,,,,,,,,,,260.275400,,124.565318,HT_EEAC,17,,10000.000000,,,,,,,,48.000000,,,163845,0.061033,349.086400,360.459000,7095454.000000,709.545400,0.067486,80279.167500,,,,,,,,,,,,,
10000,96,prefix80,prefixed,scenario_label=prefix80,0.000000,True,True,formal_extended_baseline_screen,3860214662,1809535977,82352197.500000,3705702.000000,3560448.000000,168441,48495487.723502,9191.628000,48504679.351502,10000,10000,5913,152528,,,,,,,,,,,,,,,,,,,,279.211200,,121.429668,HT_EEAC,17,,10000.000000,,,,,,,,80.000000,,,168441,0.059368,356.044800,370.570200,7266150.000000,726.615000,0.065562,82352.197500,,,,,,,,,,,,,
10000,96,clustered,clustered,scenario_label=clustered,0.000000,True,True,formal_extended_baseline_screen,2168941655,4061752377,76338277.500000,3416006.000000,3351152.000000,155273,44671602.252753,8507.588000,44680109.840753,10000,10000,5826,139447,,,,,,,,,,,,,,,,,,,,230.111100,,130.995882,HT_EEAC,17,,10000.000000,,,,,,,,,8.000000,64.000000,155273,0.064403,335.115200,341.600600,6767158.000000,676.715800,0.071712,76338.277500,,,,,,,,,,,,,
10000,96,random,random,scenario_label=random,0.000000,True,True,formal_extended_baseline_screen,3900906002,297202696,77938545.000000,3493028.000000,3406976.000000,158774,45604201.170736,8689.544000,45612890.714736,10000,10000,5838,142936,,,,,,,,,,,,,,,,,,,,239.577700,,128.306219,HT_EEAC,18,,10000.000000,,,,,,,,,,,158774,0.062983,340.697600,349.302800,6900004.000000,690.000400,0.069961,77938.545000,,,,,,,,,,,,,
10000,96,prefixed,prefixed,scenario_label=prefixed,0.000000,True,True,formal_extended_baseline_screen,1976791937,2116868584,77931990.000000,3493336.000000,3405472.000000,158788,45688997.977507,8689.408000,45697687.385507,10000,10000,5946,142842,,,,,,,,,,,,,,,,,,,,241.990100,,128.317011,HT_EEAC,18,,10000.000000,,,,,,,,48.000000,,,158788,0.062977,340.547200,349.333600,6898808.000000,689.880800,0.070007,77931.990000,,,,,,,,,,,,,
10000,96,prefix80,prefixed,scenario_label=prefix80,0.000000,True,True,formal_extended_baseline_screen,3973543592,4045709741,78715470.000000,3531000.000000,3432896.000000,160500,45970607.183252,8778.448000,45979385.631252,10000,10000,5944,144556,,,,,,,,,,,,,,,,,,,,253.611400,,127.039831,HT_EEAC,18,,10000.000000,,,,,,,,80.000000,,,160500,0.062305,343.289600,353.100000,6963896.000000,696.389600,0.069177,78715.470000,,,,,,,,,,,,,
10000,96,clustered,clustered,scenario_label=clustered,0.000000,True,True,formal_extended_baseline_screen,3575544916,88903023,80499615.000000,3617020.000000,3494832.000000,164410,47055182.680497,8981.456000,47064164.136497,10000,10000,5983,148427,,,,,,,,,,,,,,,,,,,,265.338000,,124.224197,HT_EEAC,18,,10000.000000,,,,,,,,,8.000000,64.000000,164410,0.060824,349.483200,361.702000,7111852.000000,711.185200,0.067373,80499.615000,,,,,,,,,,,,,
10000,96,random,random,scenario_label=random,0.000000,True,True,formal_extended_baseline_screen,3061364434,2660811005,77165752.500000,3457938.000000,3375712.000000,157179,45405003.341255,8603.732000,45413607.073255,10000,10000,6197,140982,,,,,,,,,,,,,,,,,,,,241.921600,,129.591168,HT_EEAC,19,,10000.000000,,,,,,,,,,,157179,0.063622,337.571200,345.793800,6833650.000000,683.365000,0.070931,77165.752500,,,,,,,,,,,,,
10000,96,prefixed,prefixed,scenario_label=prefixed,0.000000,True,True,formal_extended_baseline_screen,3116852746,1098077743,77933610.000000,3494568.000000,3403168.000000,158844,45642890.692510,8690.720000,45651581.412510,10000,10000,6146,142698,,,,,,,,,,,,,,,,,,,,243.933100,,128.314343,HT_EEAC,19,,10000.000000,,,,,,,,48.000000,,,158844,0.062955,340.316800,349.456800,6897736.000000,689.773600,0.070078,77933.610000,,,,,,,,,,,,,
10000,96,prefix80,prefixed,scenario_label=prefix80,0.000000,True,True,formal_extended_baseline_screen,1163800006,2137583743,79321410.000000,3558280.000000,3457888.000000,161740,46811720.274002,8845.504000,46820565.778002,10000,10000,5622,146118,,,,,,,,,,,,,,,,,,,,257.846400,,126.069368,HT_EEAC,19,,10000.000000,,,,,,,,80.000000,,,161740,0.061828,345.788800,355.828000,7016168.000000,701.616800,0.068438,79321.410000,,,,,,,,,,,,,
10000,96,clustered,clustered,scenario_label=clustered,0.000000,True,True,formal_extended_baseline_screen,99158156,3600934229,77120047.500000,3454990.000000,3375648.000000,157045,45377285.364007,8597.804000,45385883.168007,10000,10000,6067,140978,,,,,,,,,,,,,,,,,,,,236.431200,,129.667970,HT_EEAC,19,,10000.000000,,,,,,,,,8.000000,64.000000,157045,0.063676,337.564800,345.499000,6830638.000000,683.063800,0.070933,77120.047500,,,,,,,,,,,,,
10000,96,random,random,scenario_label=random,0.000000,True,True,formal_extended_baseline_screen,3722875878,2292479427,80283577.500000,3604502.000000,3491632.000000,163841,46989067.891500,8954.820000,46998022.711500,10000,10000,5614,148227,,,,,,,,,,,,,,,,,,,,265.358800,,124.558475,HT_EEAC,20,,10000.000000,,,,,,,,,,,163841,0.061035,349.163200,360.450200,7096134.000000,709.613400,0.067464,80283.577500,,,,,,,,,,,,,
10000,96,prefixed,prefixed,scenario_label=prefixed,0.000000,True,True,formal_extended_baseline_screen,3001598358,3700171054,79355595.000000,3564396.000000,3449936.000000,162018,46711641.204753,8853.760000,46720494.964753,10000,10000,6397,145621,,,,,,,,,,,,,,,,,,,,256.345400,,126.015059,HT_EEAC,20,,10000.000000,,,,,,,,48.000000,,,162018,0.061722,344.993600,356.439600,7014332.000000,701.433200,0.068671,79355.595000,,,,,,,,,,,,,
10000,96,prefix80,prefixed,scenario_label=prefix80,0.000000,True,True,formal_extended_baseline_screen,1969154653,3881726008,78949942.500000,3542154.000000,3441344.000000,161007,46532009.497500,8804.980000,46540814.477500,10000,10000,5923,145084,,,,,,,,,,,,,,,,,,,,246.984300,,126.662537,HT_EEAC,20,,10000.000000,,,,,,,,80.000000,,,161007,0.062109,344.134400,354.215400,6983498.000000,698.349800,0.068926,78949.942500,,,,,,,,,,,,,
10000,96,clustered,clustered,scenario_label=clustered,0.000000,True,True,formal_extended_baseline_screen,3278615476,1967726180,80274030.000000,3606680.000000,3485904.000000,163940,47446961.532768,8956.312000,47455917.844768,10000,10000,6071,147869,,,,,,,,,,,,,,,,,,,,256.946500,,124.573290,HT_EEAC,20,,10000.000000,,,,,,,,,8.000000,64.000000,163940,0.060998,348.590400,360.668000,7092584.000000,709.258400,0.067627,80274.030000,,,,,,,,,,,,,
10000,96,random,random,scenario_label=random,0.000000,True,True,formal_extended_baseline_screen,1880512712,1869930781,80371380.000000,3609936.000000,3492224.000000,164088,47552866.558492,8965.984000,47561832.542492,10000,10000,5824,148264,,,,,,,,,,,,,,,,,,,,256.129600,,124.422400,HT_EEAC,21,,10000.000000,,,,,,,,,,,164088,0.060943,349.222400,360.993600,7102160.000000,710.216000,0.067447,80371.380000,,,,,,,,,,,,,
10000,96,prefixed,prefixed,scenario_label=prefixed,0.000000,True,True,formal_extended_baseline_screen,2792116651,1532756952,78323947.500000,3512542.000000,3418448.000000,159661,45888843.085497,8734.308000,45897577.393497,10000,10000,6008,143653,,,,,,,,,,,,,,,,,,,,240.605300,,127.674872,HT_EEAC,21,,10000.000000,,,,,,,,48.000000,,,159661,0.062633,341.844800,351.254200,6930990.000000,693.099000,0.069612,78323.947500,,,,,,,,,,,,,
10000,96,prefix80,prefixed,scenario_label=prefix80,0.000000,True,True,formal_extended_baseline_screen,3818182820,409799066,80975820.000000,3638096.000000,3515216.000000,165368,47642544.894009,9033.800000,47651578.694009,10000,10000,5667,149701,,,,,,,,,,,,,,,,,,,,269.095200,,123.493655,HT_EEAC,21,,10000.000000,,,,,,,,80.000000,,,165368,0.060471,351.521600,363.809600,7153312.000000,715.331200,0.066800,80975.820000,,,,,,,,,,,,,
10000,96,clustered,clustered,scenario_label=clustered,0.000000,True,True,formal_extended_baseline_screen,1495572643,3677675099,78975292.500000,3542242.000000,3444544.000000,161011,46191218.606991,8806.756000,46200025.362991,10000,10000,5727,145284,,,,,,,,,,,,,,,,,,,,255.183700,,126.621880,HT_EEAC,21,,10000.000000,,,,,,,,,8.000000,64.000000,161011,0.062108,344.454400,354.224200,6986786.000000,698.678600,0.068831,78975.292500,,,,,,,,,,,,,
10000,96,random,random,scenario_label=random,0.000000,True,True,formal_extended_baseline_screen,2483842946,1927342632,79825065.000000,3584548.000000,3471312.000000,162934,47097235.169257,8904.752000,47106139.921257,10000,10000,5977,146957,,,,,,,,,,,,,,,,,,,,252.824900,,125.273935,HT_EEAC,22,,10000.000000,,,,,,,,,,,162934,0.061375,347.131200,358.454800,7055860.000000,705.586000,0.068047,79825.065000,,,,,,,,,,,,,
10000,96,prefixed,prefixed,scenario_label=prefixed,0.000000,True,True,formal_extended_baseline_screen,664859573,1689538388,76771222.500000,3439018.000000,3361808.000000,156319,45076955.326477,8558.940000,45085514.266477,10000,10000,6206,140113,,,,,,,,,,,,,,,,,,,,233.626600,,130.257142,HT_EEAC,22,,10000.000000,,,,,,,,48.000000,,,156319,0.063972,336.180800,343.901800,6800826.000000,680.082600,0.071371,76771.222500,,,,,,,,,,,,,
10000,96,prefix80,prefixed,scenario_label=prefix80,0.000000,True,True,formal_extended_baseline_screen,647152320,3892706096,79946092.500000,3590114.000000,3476064.000000,163187,46909107.679517,8918.260000,46918025.939517,10000,10000,5933,147254,,,,,,,,,,,,,,,,,,,,255.254900,,125.084287,HT_EEAC,22,,10000.000000,,,,,,,,80.000000,,,163187,0.061279,347.606400,359.011400,7066178.000000,706.617800,0.067910,79946.092500,,,,,,,,,,,,,
10000,96,clustered,clustered,scenario_label=clustered,0.000000,True,True,formal_extended_baseline_screen,2138889899,1150958448,78176752.500000,3506162.000000,3411872.000000,159371,46261116.808504,8718.260000,46269835.068504,10000,10000,6129,143242,,,,,,,,,,,,,,,,,,,,238.955000,,127.915265,HT_EEAC,22,,10000.000000,,,,,,,,,8.000000,64.000000,159371,0.062747,341.187200,350.616200,6918034.000000,691.803400,0.069812,78176.752500,,,,,,,,,,,,,
10000,96,random,random,scenario_label=random,0.000000,True,True,formal_extended_baseline_screen,484606977,612214858,80178660.000000,3602192.000000,3482368.000000,163736,47167295.918247,8945.568000,47176241.486247,10000,10000,6088,147648,,,,,,,,,,,,,,,,,,,,257.275400,,124.721466,HT_EEAC,23,,10000.000000,,,,,,,,,,,163736,0.061074,348.236800,360.219200,7084560.000000,708.456000,0.067729,80178.660000,,,,,,,,,,,,,
10000,96,prefixed,prefixed,scenario_label=prefixed,0.000000,True,True,formal_extended_baseline_screen,4122393112,911477210,80249542.500000,3605514.000000,3485024.000000,163887,47184729.656239,8953.540000,47193683.196239,10000,10000,6073,147814,,,,,,,,,,,,,,,,,,,,259.978300,,124.611302,HT_EEAC,23,,10000.000000,,,,,,,,48.000000,,,163887,0.061018,348.502400,360.551400,7090538.000000,709.053800,0.067653,80249.542500,,,,,,,,,,,,,
10000,96,prefix80,prefixed,scenario_label=prefix80,0.000000,True,True,formal_extended_baseline_screen,2468324303,983720583,81638565.000000,3670964.000000,3536352.000000,166862,48349576.316253,9110.104000,48358686.420253,10000,10000,5840,151022,,,,,,,,,,,,,,,,,,,,272.452600,,122.491129,HT_EEAC,23,,10000.000000,,,,,,,,80.000000,,,166862,0.059930,353.635200,367.096400,7207316.000000,720.731600,0.066216,81638.565000,,,,,,,,,,,,,
10000,96,clustered,clustered,scenario_label=clustered,0.000000,True,True,formal_extended_baseline_screen,3200206661,458329226,79578322.500000,3571898.000000,3464288.000000,162359,46725409.790240,8875.940000,46734285.730240,10000,10000,5841,146518,,,,,,,,,,,,,,,,,,,,247.731300,,125.662362,HT_EEAC,23,,10000.000000,,,,,,,,,8.000000,64.000000,162359,0.061592,346.428800,357.189800,7036186.000000,703.618600,0.068251,79578.322500,,,,,,,,,,,,,
10000,96,random,random,scenario_label=random,0.000000,True,True,formal_extended_baseline_screen,4167451253,3444203924,80155500.000000,3601136.000000,3481440.000000,163688,47319695.560480,8942.992000,47328638.552480,10000,10000,6098,147590,,,,,,,,,,,,,,,,,,,,265.851800,,124.757503,HT_EEAC,24,,10000.000000,,,,,,,,,,,163688,0.061092,348.144000,360.113600,7082576.000000,708.257600,0.067755,80155.500000,,,,,,,,,,,,,
10000,96,prefixed,prefixed,scenario_label=prefixed,0.000000,True,True,formal_extended_baseline_screen,2427110912,125455045,79150365.000000,3551636.000000,3448672.000000,161438,46433970.595514,8827.608000,46442798.203514,10000,10000,5896,145542,,,,,,,,,,,,,,,,,,,,245.429600,,126.341805,HT_EEAC,24,,10000.000000,,,,,,,,48.000000,,,161438,0.061943,344.867200,355.163600,7000308.000000,700.030800,0.068709,79150.365000,,,,,,,,,,,,,
10000,96,prefix80,prefixed,scenario_label=prefix80,0.000000,True,True,formal_extended_baseline_screen,4263242191,3220776658,78740962.500000,3531770.000000,3434720.000000,160535,46172848.093484,8780.900000,46181628.993484,10000,10000,5865,144670,,,,,,,,,,,,,,,,,,,,250.785600,,126.998702,HT_EEAC,24,,10000.000000,,,,,,,,80.000000,,,160535,0.062292,343.472000,353.177000,6966490.000000,696.649000,0.069123,78740.962500,,,,,,,,,,,,,
10000,96,clustered,clustered,scenario_label=clustered,0.000000,True,True,formal_extended_baseline_screen,3387768436,664841314,75315240.000000,3367584.000000,3313792.000000,153072,43908547.351505,8392.064000,43916939.415505,10000,10000,5960,137112,,,,,,,,,,,,,,,,,,,,221.962800,,132.775252,HT_EEAC,24,,10000.000000,,,,,,,,,8.000000,64.000000,153072,0.065329,331.379200,336.758400,6681376.000000,668.137600,0.072933,75315.240000,,,,,,,,,,,,,
10000,96,random,random,scenario_label=random,0.000000,True,True,formal_extended_baseline_screen,1401592609,4051474602,78464895.000000,3518812.000000,3424416.000000,159946,46157421.000004,8749.832000,46166170.832004,10000,10000,5920,144026,,,,,,,,,,,,,,,,,,,,248.342900,,127.445528,HT_EEAC,25,,10000.000000,,,,,,,,,,,159946,0.062521,342.441600,351.881200,6943228.000000,694.322800,0.069432,78464.895000,,,,,,,,,,,,,
10000,96,prefixed,prefixed,scenario_label=prefixed,0.000000,True,True,formal_extended_baseline_screen,4217303339,466199022,78070402.500000,3499386.000000,3411552.000000,159063,46012255.799998,8704.548000,46020960.347998,10000,10000,5841,143222,,,,,,,,,,,,,,,,,,,,240.201200,,128.089515,HT_EEAC,25,,10000.000000,,,,,,,,48.000000,,,159063,0.062868,341.155200,349.938600,6910938.000000,691.093800,0.069822,78070.402500,,,,,,,,,,,,,
10000,96,prefix80,prefixed,scenario_label=prefix80,0.000000,True,True,formal_extended_baseline_screen,2677772902,3352993439,77473927.500000,3471534.000000,3388992.000000,157797,45233199.739500,8637.564000,45241837.303500,10000,10000,5985,141812,,,,,,,,,,,,,,,,,,,,245.702900,,129.075682,HT_EEAC,25,,10000.000000,,,,,,,,80.000000,,,157797,0.063373,338.899200,347.153400,6860526.000000,686.052600,0.070516,77473.927500,,,,,,,,,,,,,
10000,96,clustered,clustered,scenario_label=clustered,0.000000,True,True,formal_extended_baseline_screen,4190779514,773807567,82490310.000000,3712632.000000,3564688.000000,168756,48283622.181756,9207.608000,48292829.789756,10000,10000,5963,152793,,,,,,,,,,,,,,,,,,,,279.550700,,121.226360,HT_EEAC,25,,10000.000000,,,,,,,,,8.000000,64.000000,168756,0.059257,356.468800,371.263200,7277320.000000,727.732000,0.065448,82490.310000,,,,,,,,,,,,,
10000,96,random,random,scenario_label=random,0.000000,True,True,formal_extended_baseline_screen,2865864341,1093171735,80091180.000000,3599024.000000,3477184.000000,163592,47043236.805001,8936.640000,47052173.445001,10000,10000,6268,147324,,,,,,,,,,,,,,,,,,,,251.204000,,124.857693,HT_EEAC,26,,10000.000000,,,,,,,,,,,163592,0.061128,347.718400,359.902400,7076208.000000,707.620800,0.067878,80091.180000,,,,,,,,,,,,,
10000,96,prefixed,prefixed,scenario_label=prefixed,0.000000,True,True,formal_extended_baseline_screen,1478210380,2877153686,79371652.500000,3563010.000000,3454912.000000,161955,46712144.402250,8853.476000,46720997.878250,10000,10000,6023,145932,,,,,,,,,,,,,,,,,,,,252.945400,,125.989565,HT_EEAC,26,,10000.000000,,,,,,,,48.000000,,,161955,0.061746,345.491200,356.301000,7017922.000000,701.792200,0.068525,79371.652500,,,,,,,,,,,,,
10000,96,prefix80,prefixed,scenario_label=prefix80,0.000000,True,True,formal_extended_baseline_screen,229837212,788614000,78491040.000000,3522112.000000,3421152.000000,160096,46253547.814490,8754.800000,46262302.614490,10000,10000,6274,143822,,,,,,,,,,,,,,,,,,,,247.165000,,127.403077,HT_EEAC,26,,10000.000000,,,,,,,,80.000000,,,160096,0.062463,342.115200,352.211200,6943264.000000,694.326400,0.069530,78491.040000,,,,,,,,,,,,,
10000,96,clustered,clustered,scenario_label=clustered,0.000000,True,True,formal_extended_baseline_screen,3925234375,702074282,77897692.500000,3490850.000000,3405984.000000,158675,45427920.989257,8684.692000,45436605.681257,10000,10000,5801,142874,,,,,,,,,,,,,,,,,,,,238.726500,,128.373507,HT_EEAC,26,,10000.000000,,,,,,,,,8.000000,64.000000,158675,0.063022,340.598400,349.085000,6896834.000000,689.683400,0.069992,77897.692500,,,,,,,,,,,,,
10000,96,random,random,scenario_label=random,0.000000,True,True,formal_extended_baseline_screen,1975682606,3291506089,78238890.000000,3509352.000000,3413632.000000,159516,45962167.640995,8725.520000,45970893.160995,10000,10000,6164,143352,,,,,,,,,,,,,,,,,,,,247.351800,,127.813674,HT_EEAC,27,,10000.000000,,,,,,,,,,,159516,0.062690,341.363200,350.935200,6922984.000000,692.298400,0.069758,78238.890000,,,,,,,,,,,,,
10000,96,prefixed,prefixed,scenario_label=prefixed,0.000000,True,True,formal_extended_baseline_screen,3217990807,3113607341,79487670.000000,3567608.000000,3460976.000000,162164,46640859.912745,8865.704000,46649725.616745,10000,10000,5853,146311,,,,,,,,,,,,,,,,,,,,255.103000,,125.805675,HT_EEAC,27,,10000.000000,,,,,,,,48.000000,,,162164,0.061666,346.097600,356.760800,7028584.000000,702.858400,0.068348,79487.670000,,,,,,,,,,,,,
10000,96,prefix80,prefixed,scenario_label=prefix80,0.000000,True,True,formal_extended_baseline_screen,2830123666,1235162493,77767057.500000,3485526.000000,3399456.000000,158433,45534732.162005,8670.780000,45543402.942005,10000,10000,5967,142466,,,,,,,,,,,,,,,,,,,,246.761600,,128.589152,HT_EEAC,27,,10000.000000,,,,,,,,80.000000,,,158433,0.063118,339.945600,348.552600,6884982.000000,688.498200,0.070192,77767.057500,,,,,,,,,,,,,
10000,96,clustered,clustered,scenario_label=clustered,0.000000,True,True,formal_extended_baseline_screen,3377847691,337174560,81451620.000000,3662736.000000,3528256.000000,166488,47713660.155746,9089.600000,47722749.755746,10000,10000,5972,150516,,,,,,,,,,,,,,,,,,,,263.084400,,122.772267,HT_EEAC,27,,10000.000000,,,,,,,,,8.000000,64.000000,166488,0.060064,352.825600,366.273600,7190992.000000,719.099200,0.066438,81451.620000,,,,,,,,,,,,,
10000,96,random,random,scenario_label=random,0.000000,True,True,formal_extended_baseline_screen,264712398,3572172680,79793820.000000,3583184.000000,3469936.000000,162872,46872933.393744,8901.336000,46881834.729744,10000,10000,6001,146871,,,,,,,,,,,,,,,,,,,,254.483100,,125.322989,HT_EEAC,28,,10000.000000,,,,,,,,,,,162872,0.061398,346.993600,358.318400,7053120.000000,705.312000,0.068087,79793.820000,,,,,,,,,,,,,
10000,96,prefixed,prefixed,scenario_label=prefixed,0.000000,True,True,formal_extended_baseline_screen,2849627408,1775035534,81525150.000000,3666168.000000,3531040.000000,166644,47793711.357741,9097.856000,47802809.213741,10000,10000,5954,150690,,,,,,,,,,,,,,,,,,,,264.112800,,122.661535,HT_EEAC,28,,10000.000000,,,,,,,,48.000000,,,166644,0.060008,353.104000,366.616800,7197208.000000,719.720800,0.066361,81525.150000,,,,,,,,,,,,,
10000,96,prefix80,prefixed,scenario_label=prefix80,0.000000,True,True,formal_extended_baseline_screen,2205676394,217309329,79742505.000000,3580676.000000,3468224.000000,162758,46811722.434756,8895.464000,46820617.898756,10000,10000,5994,146764,,,,,,,,,,,,,,,,,,,,245.022800,,125.403635,HT_EEAC,28,,10000.000000,,,,,,,,80.000000,,,162758,0.061441,346.822400,358.067600,7048900.000000,704.890000,0.068137,79742.505000,,,,,,,,,,,,,
10000,96,clustered,clustered,scenario_label=clustered,0.000000,True,True,formal_extended_baseline_screen,1883537458,1793457672,78580342.500000,3523850.000000,3429504.000000,160175,45947208.364496,8762.452000,45955970.816496,10000,10000,5831,144344,,,,,,,,,,,,,,,,,,,,244.952200,,127.258290,HT_EEAC,28,,10000.000000,,,,,,,,,8.000000,64.000000,160175,0.062432,342.950400,352.385000,6953354.000000,695.335400,0.069279,78580.342500,,,,,,,,,,,,,
10000,96,random,random,scenario_label=random,0.000000,True,True,formal_extended_baseline_screen,814411954,2665796495,78292020.000000,3510320.000000,3418736.000000,159560,45876620.607765,8730.008000,45885350.615765,10000,10000,5889,143671,,,,,,,,,,,,,,,,,,,,239.727800,,127.726938,HT_EEAC,29,,10000.000000,,,,,,,,,,,159560,0.062672,341.873600,351.032000,6929056.000000,692.905600,0.069603,78292.020000,,,,,,,,,,,,,
10000,96,prefixed,prefixed,scenario_label=prefixed,0.000000,True,True,formal_extended_baseline_screen,3130433991,3212346117,78239445.000000,3509044.000000,3414336.000000,159502,46148893.027492,8725.256000,46157618.283492,10000,10000,6106,143396,,,,,,,,,,,,,,,,,,,,246.721700,,127.812768,HT_EEAC,29,,10000.000000,,,,,,,,48.000000,,,159502,0.062695,341.433600,350.904400,6923380.000000,692.338000,0.069737,78239.445000,,,,,,,,,,,,,
10000,96,prefix80,prefixed,scenario_label=prefix80,0.000000,True,True,formal_extended_baseline_screen,1229335753,3526492846,80822767.500000,3633102.000000,3505024.000000,165141,47991248.772736,9018.716000,48000267.488736,10000,10000,6077,149064,,,,,,,,,,,,,,,,,,,,265.069000,,123.727513,HT_EEAC,29,,10000.000000,,,,,,,,80.000000,,,165141,0.060554,350.502400,363.310200,7138126.000000,713.812600,0.067085,80822.767500,,,,,,,,,,,,,
10000,96,clustered,clustered,scenario_label=clustered,0.000000,True,True,formal_extended_baseline_screen,3172725409,3262973585,79497690.000000,3569192.000000,3459072.000000,162236,46493422.381505,8867.920000,46502290.301505,10000,10000,6044,146192,,,,,,,,,,,,,,,,,,,,253.966800,,125.789819,HT_EEAC,29,,10000.000000,,,,,,,,,8.000000,64.000000,162236,0.061639,345.907200,356.919200,7028264.000000,702.826400,0.068403,79497.690000,,,,,,,,,,,,,
10000,96,random,random,scenario_label=random,0.000000,True,True,formal_extended_baseline_screen,1675969911,2351656376,79792980.000000,3582480.000000,3471264.000000,162840,46825330.053001,8900.592000,46834230.645001,10000,10000,5886,146954,,,,,,,,,,,,,,,,,,,,260.322200,,125.324308,HT_EEAC,30,,10000.000000,,,,,,,,,,,162840,0.061410,347.126400,358.248000,7053744.000000,705.374400,0.068049,79792.980000,,,,,,,,,,,,,
10000,96,prefixed,prefixed,scenario_label=prefixed,0.000000,True,True,formal_extended_baseline_screen,2782577657,3519730306,77845140.000000,3490256.000000,3400192.000000,158648,45857202.662253,8680.608000,45865883.270253,10000,10000,6136,142512,,,,,,,,,,,,,,,,,,,,233.504800,,128.460171,HT_EEAC,30,,10000.000000,,,,,,,,48.000000,,,158648,0.063033,340.019200,349.025600,6890448.000000,689.044800,0.070170,77845.140000,,,,,,,,,,,,,
10000,96,prefix80,prefixed,scenario_label=prefix80,0.000000,True,True,formal_extended_baseline_screen,511059701,2912391477,80388247.500000,3611630.000000,3491008.000000,164165,47565320.950487,8968.764000,47574289.714486,10000,10000,5977,148188,,,,,,,,,,,,,,,,,,,,256.147600,,124.396293,HT_EEAC,30,,10000.000000,,,,,,,,80.000000,,,164165,0.060914,349.100800,361.163000,7102638.000000,710.263800,0.067482,80388.247500,,,,,,,,,,,,,
10000,96,clustered,clustered,scenario_label=clustered,0.000000,True,True,formal_extended_baseline_screen,3855081597,3708342374,79749360.000000,3580192.000000,3470128.000000,162736,46653675.940499,8895.448000,46662571.388499,10000,10000,5853,146883,,,,,,,,,,,,,,,,,,,,257.747200,,125.392856,HT_EEAC,30,,10000.000000,,,,,,,,,8.000000,64.000000,162736,0.061449,347.012800,358.019200,7050320.000000,705.032000,0.068081,79749.360000,,,,,,,,,,,,,
10000,96,random,random,scenario_label=random,0.000000,True,True,formal_extended_baseline_screen,3265993510,2030054312,81249150.000000,3652440.000000,3522320.000000,166020,47526824.996262,9066.040000,47535891.036262,10000,10000,5875,150145,,,,,,,,,,,,,,,,,,,,266.803700,,123.078211,HT_EEAC,31,,10000.000000,,,,,,,,,,,166020,0.060234,352.232000,365.244000,7174760.000000,717.476000,0.066602,81249.150000,,,,,,,,,,,,,
10000,96,prefixed,prefixed,scenario_label=prefixed,0.000000,True,True,formal_extended_baseline_screen,1064392848,3091686073,77886367.500000,3491598.000000,3402944.000000,158709,45830176.961255,8684.668000,45838861.629255,10000,10000,6025,142684,,,,,,,,,,,,,,,,,,,,237.554600,,128.392173,HT_EEAC,31,,10000.000000,,,,,,,,48.000000,,,158709,0.063008,340.294400,349.159800,6894542.000000,689.454200,0.070085,77886.367500,,,,,,,,,,,,,
10000,96,prefix80,prefixed,scenario_label=prefix80,0.000000,True,True,formal_extended_baseline_screen,2404369372,313179518,78954510.000000,3543320.000000,3439568.000000,161060,46017631.841239,8806.424000,46026438.265239,10000,10000,6087,144973,,,,,,,,,,,,,,,,,,,,253.477800,,126.655209,HT_EEAC,31,,10000.000000,,,,,,,,80.000000,,,161060,0.062089,343.956800,354.332000,6982888.000000,698.288800,0.068978,78954.510000,,,,,,,,,,,,,
10000,96,clustered,clustered,scenario_label=clustered,0.000000,True,True,formal_extended_baseline_screen,1581184839,1046497613,78768975.000000,3533948.000000,3434000.000000,160634,46503992.175752,8784.896000,46512777.071752,10000,10000,6009,144625,,,,,,,,,,,,,,,,,,,,242.983400,,126.953537,HT_EEAC,31,,10000.000000,,,,,,,,,8.000000,64.000000,160634,0.062253,343.400000,353.394800,6967948.000000,696.794800,0.069144,78768.975000,,,,,,,,,,,,,
10000,96,random,random,scenario_label=random,0.000000,True,True,formal_extended_baseline_screen,2252910599,1294456446,78578572.500000,3526050.000000,3424768.000000,160275,46471059.217501,8764.484000,46479823.701501,10000,10000,6227,144048,,,,,,,,,,,,,,,,,,,,238.438200,,127.261156,HT_EEAC,32,,10000.000000,,,,,,,,,,,160275,0.062393,342.476800,352.605000,6950818.000000,695.081800,0.069421,78578.572500,,,,,,,,,,,,,
10000,96,prefixed,prefixed,scenario_label=prefixed,0.000000,True,True,formal_extended_baseline_screen,3774357635,1660837676,79859820.000000,3587056.000000,3470816.000000,163048,46939318.024497,8909.520000,46948227.544497,10000,10000,6122,146926,,,,,,,,,,,,,,,,,,,,250.523300,,125.219416,HT_EEAC,32,,10000.000000,,,,,,,,48.000000,,,163048,0.061332,347.081600,358.705600,7057872.000000,705.787200,0.068061,79859.820000,,,,,,,,,,,,,
10000,96,prefix80,prefixed,scenario_label=prefix80,0.000000,True,True,formal_extended_baseline_screen,3552680233,902201638,81057390.000000,3643992.000000,3514032.000000,165636,47930148.614258,9045.000000,47939193.614258,10000,10000,6009,149627,,,,,,,,,,,,,,,,,,,,258.270400,,123.369381,HT_EEAC,32,,10000.000000,,,,,,,,80.000000,,,165636,0.060373,351.403200,364.399200,7158024.000000,715.802400,0.066833,81057.390000,,,,,,,,,,,,,
10000,96,clustered,clustered,scenario_label=clustered,0.000000,True,True,formal_extended_baseline_screen,1120776253,1947352281,83013435.000000,3737228.000000,3584128.000000,169874,48629732.206488,9266.520000,48638998.726488,10000,10000,5866,154008,,,,,,,,,,,,,,,,,,,,279.100600,,120.462429,HT_EEAC,32,,10000.000000,,,,,,,,,8.000000,64.000000,169874,0.058867,358.412800,373.722800,7321356.000000,732.135600,0.064932,83013.435000,,,,,,,,,,,,,
10000,96,random,random,scenario_label=random,0.000000,True,True,formal_extended_baseline_screen,2042956436,2875709476,80633362.500000,3622234.000000,3502000.000000,164647,47432538.420013,8995.468000,47441533.888013,10000,10000,5772,148875,,,,,,,,,,,,,,,,,,,,256.263800,,124.018144,HT_EEAC,33,,10000.000000,,,,,,,,,,,164647,0.060736,350.200000,362.223400,7124234.000000,712.423400,0.067170,80633.362500,,,,,,,,,,,,,
10000,96,prefixed,prefixed,scenario_label=prefixed,0.000000,True,True,formal_extended_baseline_screen,2604247550,2294704273,77582850.000000,3476968.000000,3392400.000000,158044,45512665.815757,8650.136000,45521315.951757,10000,10000,6019,142025,,,,,,,,,,,,,,,,,,,,242.642000,,128.894466,HT_EEAC,33,,10000.000000,,,,,,,,48.000000,,,158044,0.063274,339.240000,347.696800,6869368.000000,686.936800,0.070410,77582.850000,,,,,,,,,,,,,
10000,96,prefix80,prefixed,scenario_label=prefix80,0.000000,True,True,formal_extended_baseline_screen,4264852947,4025842392,80605845.000000,3622388.000000,3498016.000000,164654,47326575.662997,8993.784000,47335569.446997,10000,10000,6028,148626,,,,,,,,,,,,,,,,,,,,261.382300,,124.060482,HT_EEAC,33,,10000.000000,,,,,,,,80.000000,,,164654,0.060733,349.801600,362.238800,7120404.000000,712.040400,0.067283,80605.845000,,,,,,,,,,,,,
10000,96,clustered,clustered,scenario_label=clustered,0.000000,True,True,formal_extended_baseline_screen,1884500039,555194093,79295700.000000,3559600.000000,3451760.000000,161800,46441218.873009,8845.080000,46450063.953009,10000,10000,6065,145735,,,,,,,,,,,,,,,,,,,,243.950000,,126.110243,HT_EEAC,33,,10000.000000,,,,,,,,,8.000000,64.000000,161800,0.061805,345.176000,355.960000,7011360.000000,701.136000,0.068618,79295.700000,,,,,,,,,,,,,
10000,96,random,random,scenario_label=random,0.000000,True,True,formal_extended_baseline_screen,1926156841,2766662551,76785585.000000,3438116.000000,3365568.000000,156278,45134709.781493,8559.016000,45143268.797493,10000,10000,5930,140348,,,,,,,,,,,,,,,,,,,,242.677600,,130.232777,HT_EEAC,34,,10000.000000,,,,,,,,,,,156278,0.063989,336.556800,343.811600,6803684.000000,680.368400,0.071251,76785.585000,,,,,,,,,,,,,
10000,96,prefixed,prefixed,scenario_label=prefixed,0.000000,True,True,formal_extended_baseline_screen,304335199,70216916,75720262.500000,3387274.000000,3327520.000000,153967,44169016.482749,8438.308000,44177454.790749,10000,10000,5997,137970,,,,,,,,,,,,,,,,,,,,229.350000,,132.065047,HT_EEAC,34,,10000.000000,,,,,,,,48.000000,,,153967,0.064949,332.752000,338.727400,6714794.000000,671.479400,0.072480,75720.262500,,,,,,,,,,,,,
10000,96,prefix80,prefixed,scenario_label=prefix80,0.000000,True,True,formal_extended_baseline_screen,1538798478,1187105603,80048505.000000,3594756.000000,3480224.000000,163398,46906968.991492,8929.624000,46915898.615492,10000,10000,5884,147514,,,,,,,,,,,,,,,,,,,,261.887400,,124.924257,HT_EEAC,34,,10000.000000,,,,,,,,80.000000,,,163398,0.061200,348.022400,359.475600,7074980.000000,707.498000,0.067790,80048.505000,,,,,,,,,,,,,
10000,96,clustered,clustered,scenario_label=clustered,0.000000,True,True,formal_extended_baseline_screen,2234370540,3155005355,81055620.000000,3643024.000000,3515776.000000,165592,47797201.071004,9043.936000,47806245.007004,10000,10000,5856,149736,,,,,,,,,,,,,,,,,,,,274.602300,,123.372075,HT_EEAC,34,,10000.000000,,,,,,,,,8.000000,64.000000,165592,0.060389,351.577600,364.302400,7158800.000000,715.880000,0.066784,81055.620000,,,,,,,,,,,,,
10000,96,random,random,scenario_label=random,0.000000,True,True,formal_extended_baseline_screen,2690207514,2468908639,80240302.500000,3605162.000000,3484512.000000,163871,47470701.014994,8952.580000,47479653.594994,10000,10000,6089,147782,,,,,,,,,,,,,,,,,,,,259.571700,,124.625652,HT_EEAC,35,,10000.000000,,,,,,,,,,,163871,0.061024,348.451200,360.516200,7089674.000000,708.967400,0.067667,80240.302500,,,,,,,,,,,,,
10000,96,prefixed,prefixed,scenario_label=prefixed,0.000000,True,True,formal_extended_baseline_screen,4048739445,1278867515,80489685.000000,3616052.000000,3495488.000000,164366,47389198.214231,8979.848000,47398178.062231,10000,10000,5898,148468,,,,,,,,,,,,,,,,,,,,259.971200,,124.239522,HT_EEAC,35,,10000.000000,,,,,,,,48.000000,,,164366,0.060840,349.548800,361.605200,7111540.000000,711.154000,0.067355,80489.685000,,,,,,,,,,,,,
10000,96,prefix80,prefixed,scenario_label=prefix80,0.000000,True,True,formal_extended_baseline_screen,2800648159,3775269234,81018510.000000,3643288.000000,3510288.000000,165604,47447603.991753,9041.720000,47456645.711753,10000,10000,6211,149393,,,,,,,,,,,,,,,,,,,,265.287900,,123.428584,HT_EEAC,35,,10000.000000,,,,,,,,80.000000,,,165604,0.060385,351.028800,364.328800,7153576.000000,715.357600,0.066938,81018.510000,,,,,,,,,,,,,
10000,96,clustered,clustered,scenario_label=clustered,0.000000,True,True,formal_extended_baseline_screen,1745901410,2216518897,80042235.000000,3593260.000000,3482448.000000,163330,47384413.554749,8927.744000,47393341.298749,10000,10000,5677,147653,,,,,,,,,,,,,,,,,,,,258.766700,,124.934043,HT_EEAC,35,,10000.000000,,,,,,,,,8.000000,64.000000,163330,0.061226,348.244800,359.326000,7075708.000000,707.570800,0.067726,80042.235000,,,,,,,,,,,,,
10000,96,random,random,scenario_label=random,0.000000,True,True,formal_extended_baseline_screen,1928770138,994813466,80497957.500000,3616294.000000,3496096.000000,164377,46925823.516753,8980.636000,46934804.152753,10000,10000,5871,148506,,,,,,,,,,,,,,,,,,,,255.738100,,124.226754,HT_EEAC,36,,10000.000000,,,,,,,,,,,164377,0.060836,349.609600,361.629400,7112390.000000,711.239000,0.067337,80497.957500,,,,,,,,,,,,,
10000,96,prefixed,prefixed,scenario_label=prefixed,0.000000,True,True,formal_extended_baseline_screen,1318647535,4244734124,79159687.500000,3552846.000000,3447440.000000,161493,45950763.263251,8829.412000,45959592.675251,10000,10000,6028,145465,,,,,,,,,,,,,,,,,,,,259.230500,,126.326926,HT_EEAC,36,,10000.000000,,,,,,,,48.000000,,,161493,0.061922,344.744000,355.284600,7000286.000000,700.028600,0.068745,79159.687500,,,,,,,,,,,,,
10000,96,prefix80,prefixed,scenario_label=prefix80,0.000000,True,True,formal_extended_baseline_screen,2487161622,1455751365,77829435.000000,3489420.000000,3399808.000000,158610,45196030.346236,8678.744000,45204709.090236,10000,10000,6122,142488,,,,,,,,,,,,,,,,,,,,243.464500,,128.486093,HT_EEAC,36,,10000.000000,,,,,,,,80.000000,,,158610,0.063048,339.980800,348.942000,6889228.000000,688.922800,0.070181,77829.435000,,,,,,,,,,,,,
10000,96,clustered,clustered,scenario_label=clustered,0.000000,True,True,formal_extended_baseline_screen,3755104620,99980065,77828910.000000,3487352.000000,3403968.000000,158516,45846645.218233,8676.688000,45855321.906233,10000,10000,5768,142748,,,,,,,,,,,,,,,,,,,,253.187200,,128.486959,HT_EEAC,36,,10000.000000,,,,,,,,,8.000000,64.000000,158516,0.063085,340.396800,348.735200,6891320.000000,689.132000,0.070054,77828.910000,,,,,,,,,,,,,
10000,96,random,random,scenario_label=random,0.000000,True,True,formal_extended_baseline_screen,3956758156,2924543032,78656370.000000,3528360.000000,3430416.000000,160380,46280752.778979,8771.928000,46289524.706979,10000,10000,5979,144401,,,,,,,,,,,,,,,,,,,,242.102300,,127.135285,HT_EEAC,37,,10000.000000,,,,,,,,,,,160380,0.062352,343.041600,352.836000,6958776.000000,695.877600,0.069252,78656.370000,,,,,,,,,,,,,
10000,96,prefixed,prefixed,scenario_label=prefixed,0.000000,True,True,formal_extended_baseline_screen,1372255346,811042678,79452427.500000,3565342.000000,3460912.000000,162061,46778172.938249,8861.140000,46787034.078249,10000,10000,5754,146307,,,,,,,,,,,,,,,,,,,,248.683400,,125.861479,HT_EEAC,37,,10000.000000,,,,,,,,48.000000,,,162061,0.061705,346.091200,356.534200,7026254.000000,702.625400,0.068349,79452.427500,,,,,,,,,,,,,
10000,96,prefix80,prefixed,scenario_label=prefix80,0.000000,True,True,formal_extended_baseline_screen,707353532,3224625613,78119902.500000,3500970.000000,3414912.000000,159135,45905015.152506,8709.396000,45913724.548506,10000,10000,5703,143432,,,,,,,,,,,,,,,,,,,,245.800900,,128.008352,HT_EEAC,37,,10000.000000,,,,,,,,80.000000,,,159135,0.062840,341.491200,350.097000,6915882.000000,691.588200,0.069719,78119.902500,,,,,,,,,,,,,
10000,96,clustered,clustered,scenario_label=clustered,0.000000,True,True,formal_extended_baseline_screen,1062845759,1181019968,81964290.000000,3687816.000000,3545312.000000,167628,47921577.499508,9148.288000,47930725.787508,10000,10000,6046,151582,,,,,,,,,,,,,,,,,,,,264.279800,,122.004351,HT_EEAC,37,,10000.000000,,,,,,,,,8.000000,64.000000,167628,0.059656,354.531200,368.781600,7233128.000000,723.312800,0.065971,81964.290000,,,,,,,,,,,,,
10000,96,random,random,scenario_label=random,0.000000,True,True,formal_extended_baseline_screen,957467494,1581138708,78011002.500000,3497274.000000,3407952.000000,158967,45971243.687236,8698.524000,45979942.211236,10000,10000,5970,142997,,,,,,,,,,,,,,,,,,,,251.997300,,128.187046,HT_EEAC,38,,10000.000000,,,,,,,,,,,158967,0.062906,340.795200,349.727400,6905226.000000,690.522600,0.069932,78011.002500,,,,,,,,,,,,,
10000,96,prefixed,prefixed,scenario_label=prefixed,0.000000,True,True,formal_extended_baseline_screen,2919934110,1632123657,79558110.000000,3572184.000000,3461008.000000,162372,46262516.480266,8874.872000,46271391.352266,10000,10000,6059,146313,,,,,,,,,,,,,,,,,,,,254.636400,,125.694288,HT_EEAC,38,,10000.000000,,,,,,,,48.000000,,,162372,0.061587,346.100800,357.218400,7033192.000000,703.319200,0.068347,79558.110000,,,,,,,,,,,,,
10000,96,prefix80,prefixed,scenario_label=prefix80,0.000000,True,True,formal_extended_baseline_screen,3472369517,1498442769,78955972.500000,3543298.000000,3439808.000000,161059,46127092.670260,8806.500000,46135899.170260,10000,10000,6071,144988,,,,,,,,,,,,,,,,,,,,245.908500,,126.652863,HT_EEAC,38,,10000.000000,,,,,,,,80.000000,,,161059,0.062089,343.980800,354.329800,6983106.000000,698.310600,0.068971,78955.972500,,,,,,,,,,,,,
10000,96,clustered,clustered,scenario_label=clustered,0.000000,True,True,formal_extended_baseline_screen,1660287430,1206034903,80324572.500000,3607714.000000,3490528.000000,163987,47296802.778749,8960.692000,47305763.470749,10000,10000,5829,148158,,,,,,,,,,,,,,,,,,,,257.466600,,124.494905,HT_EEAC,38,,10000.000000,,,,,,,,,8.000000,64.000000,163987,0.060980,349.052800,360.771400,7098242.000000,709.824200,0.067496,80324.572500,,,,,,,,,,,,,
10000,96,random,random,scenario_label=random,0.000000,True,True,formal_extended_baseline_screen,2866897990,4032442263,80055990.000000,3594360.000000,3482032.000000,163380,47014347.213747,8929.736000,47023276.949747,10000,10000,5753,147627,,,,,,,,,,,,,,,,,,,,258.733100,,124.912577,HT_EEAC,39,,10000.000000,,,,,,,,,,,163380,0.061207,348.203200,359.436000,7076392.000000,707.639200,0.067738,80055.990000,,,,,,,,,,,,,
10000,96,prefixed,prefixed,scenario_label=prefixed,0.000000,True,True,formal_extended_baseline_screen,86283338,341655743,78214582.500000,3506602.000000,3416016.000000,159391,45605988.660004,8721.212000,45614709.872004,10000,10000,5890,143501,,,,,,,,,,,,,,,,,,,,245.848800,,127.853396,HT_EEAC,39,,10000.000000,,,,,,,,48.000000,,,159391,0.062739,341.601600,350.660200,6922618.000000,692.261800,0.069686,78214.582500,,,,,,,,,,,,,
10000,96,prefix80,prefixed,scenario_label=prefix80,0.000000,True,True,formal_extended_baseline_screen,1243192488,2271441492,77222550.000000,3459896.000000,3379280.000000,157268,45400673.934756,8609.432000,45409283.366756,10000,10000,6063,141205,,,,,,,,,,,,,,,,,,,,240.820800,,129.495853,HT_EEAC,39,,10000.000000,,,,,,,,80.000000,,,157268,0.063586,337.928000,345.989600,6839176.000000,683.917600,0.070819,77222.550000,,,,,,,,,,,,,
10000,96,clustered,clustered,scenario_label=clustered,0.000000,True,True,formal_extended_baseline_screen,481472403,2901654221,80646735.000000,3624060.000000,3500048.000000,164730,47430759.113241,8998.144000,47439757.257241,10000,10000,5977,148753,,,,,,,,,,,,,,,,,,,,260.198500,,123.997580,HT_EEAC,39,,10000.000000,,,,,,,,,8.000000,64.000000,164730,0.060705,350.004800,362.406000,7124108.000000,712.410800,0.067226,80646.735000,,,,,,,,,,,,,
10000,96,random,random,scenario_label=random,0.000000,True,True,formal_extended_baseline_screen,509607359,566811404,77072662.500000,3453450.000000,3372480.000000,156975,45015464.705270,8593.140000,45024057.845270,10000,10000,6195,140780,,,,,,,,,,,,,,,,,,,,235.556700,,129.747691,HT_EEAC,40,,10000.000000,,,,,,,,,,,156975,0.063704,337.248000,345.345000,6825930.000000,682.593000,0.071033,77072.662500,,,,,,,,,,,,,
10000,96,prefixed,prefixed,scenario_label=prefixed,0.000000,True,True,formal_extended_baseline_screen,2673896349,639046274,77469825.000000,3471204.000000,3389120.000000,157782,45412670.622002,8636.968000,45421307.590002,10000,10000,5962,141820,,,,,,,,,,,,,,,,,,,,238.301100,,129.082517,HT_EEAC,40,,10000.000000,,,,,,,,48.000000,,,157782,0.063379,338.912000,347.120400,6860324.000000,686.032400,0.070512,77469.825000,,,,,,,,,,,,,
10000,96,prefix80,prefixed,scenario_label=prefix80,0.000000,True,True,formal_extended_baseline_screen,1445782178,3907788158,79951995.000000,3591148.000000,3474736.000000,163234,46683811.904245,8919.664000,46692731.568245,10000,10000,6063,147171,,,,,,,,,,,,,,,,,,,,255.905300,,125.075053,HT_EEAC,40,,10000.000000,,,,,,,,80.000000,,,163234,0.061262,347.473600,359.114800,7065884.000000,706.588400,0.067948,79951.995000,,,,,,,,,,,,,
10000,96,clustered,clustered,scenario_label=clustered,0.000000,True,True,formal_extended_baseline_screen,3422425815,2171116776,79380900.000000,3563824.000000,3454480.000000,161992,46865407.583239,8854.888000,46874262.471239,10000,10000,6087,145905,,,,,,,,,,,,,,,,,,,,248.163100,,125.974888,HT_EEAC,40,,10000.000000,,,,,,,,,8.000000,64.000000,161992,0.061731,345.448000,356.382400,7018304.000000,701.830400,0.068538,79380.900000,,,,,,,,,,,,,
10000,96,random,random,scenario_label=random,0.000000,True,True,formal_extended_baseline_screen,2374982155,3865249039,79582695.000000,3573372.000000,3461856.000000,162426,46281877.125013,8877.672000,46290754.797013,10000,10000,6060,146366,,,,,,,,,,,,,,,,,,,,248.786500,,125.655458,HT_EEAC,41,,10000.000000,,,,,,,,,,,162426,0.061566,346.185600,357.337200,7035228.000000,703.522800,0.068322,79582.695000,,,,,,,,,,,,,
10000,96,prefixed,prefixed,scenario_label=prefixed,0.000000,True,True,formal_extended_baseline_screen,2076339012,3203610013,78820552.500000,3537138.000000,3434352.000000,160779,46207897.647745,8791.452000,46216689.099745,10000,10000,6132,144647,,,,,,,,,,,,,,,,,,,,249.637600,,126.870463,HT_EEAC,41,,10000.000000,,,,,,,,48.000000,,,160779,0.062197,343.435200,353.713800,6971490.000000,697.149000,0.069134,78820.552500,,,,,,,,,,,,,
10000,96,prefix80,prefixed,scenario_label=prefix80,0.000000,True,True,formal_extended_baseline_screen,3727899068,837331255,81648697.500000,3671030.000000,3537568.000000,166865,48034929.695983,9110.844000,48044040.539983,10000,10000,5767,151098,,,,,,,,,,,,,,,,,,,,275.675700,,122.475928,HT_EEAC,41,,10000.000000,,,,,,,,80.000000,,,166865,0.059929,353.756800,367.103000,7208598.000000,720.859800,0.066182,81648.697500,,,,,,,,,,,,,
10000,96,clustered,clustered,scenario_label=clustered,0.000000,True,True,formal_extended_baseline_screen,4098968949,653604799,78262642.500000,3508890.000000,3417744.000000,159495,46103628.828001,8726.652000,46112355.480001,10000,10000,5886,143609,,,,,,,,,,,,,,,,,,,,253.716500,,127.774883,HT_EEAC,41,,10000.000000,,,,,,,,,8.000000,64.000000,159495,0.062698,341.774400,350.889000,6926634.000000,692.663400,0.069634,78262.642500,,,,,,,,,,,,,
10000,96,random,random,scenario_label=random,0.000000,True,True,formal_extended_baseline_screen,2681934676,1435842531,82287285.000000,3701940.000000,3559488.000000,168270,49025900.323505,9183.624000,49035083.947505,10000,10000,5802,152468,,,,,,,,,,,,,,,,,,,,274.560400,,121.525458,HT_EEAC,42,,10000.000000,,,,,,,,,,,168270,0.059428,355.948800,370.194000,7261428.000000,726.142800,0.065588,82287.285000,,,,,,,,,,,,,
10000,96,prefixed,prefixed,scenario_label=prefixed,0.000000,True,True,formal_extended_baseline_screen,3463721453,1545745251,76903095.000000,3443484.000000,3370256.000000,156522,44831414.389502,8572.096000,44839986.485502,10000,10000,5881,140641,,,,,,,,,,,,,,,,,,,,236.817300,,130.033778,HT_EEAC,42,,10000.000000,,,,,,,,48.000000,,,156522,0.063889,337.025600,344.348400,6813740.000000,681.374000,0.071103,76903.095000,,,,,,,,,,,,,
10000,96,prefix80,prefixed,scenario_label=prefix80,0.000000,True,True,formal_extended_baseline_screen,3090696183,879974590,78680257.500000,3530230.000000,3429776.000000,160465,46641098.667754,8775.348000,46649874.015754,10000,10000,6104,144361,,,,,,,,,,,,,,,,,,,,249.100200,,127.096686,HT_EEAC,42,,10000.000000,,,,,,,,80.000000,,,160465,0.062319,342.977600,353.023000,6960006.000000,696.000600,0.069271,78680.257500,,,,,,,,,,,,,
10000,96,clustered,clustered,scenario_label=clustered,0.000000,True,True,formal_extended_baseline_screen,3927309367,4017912964,78722482.500000,3530714.000000,3434416.000000,160487,46583126.034719,8778.636000,46591904.670719,10000,10000,5836,144651,,,,,,,,,,,,,,,,,,,,251.428000,,127.028514,HT_EEAC,42,,10000.000000,,,,,,,,,8.000000,64.000000,160487,0.062310,343.441600,353.071400,6965130.000000,696.513000,0.069132,78722.482500,,,,,,,,,,,,,
10000,96,random,random,scenario_label=random,0.000000,True,True,formal_extended_baseline_screen,3450749702,744755294,79556722.500000,3571546.000000,3462128.000000,162343,46943632.530002,8874.156000,46952506.686002,10000,10000,5960,146383,,,,,,,,,,,,,,,,,,,,256.763600,,125.696480,HT_EEAC,43,,10000.000000,,,,,,,,,,,162343,0.061598,346.212800,357.154600,7033674.000000,703.367400,0.068314,79556.722500,,,,,,,,,,,,,
10000,96,prefixed,prefixed,scenario_label=prefixed,0.000000,True,True,formal_extended_baseline_screen,144876194,2916122273,78855277.500000,3537798.000000,3437632.000000,160809,45754030.205256,8794.412000,45762824.617256,10000,10000,5957,144852,,,,,,,,,,,,,,,,,,,,252.530600,,126.814594,HT_EEAC,43,,10000.000000,,,,,,,,48.000000,,,160809,0.062186,343.763200,353.779800,6975430.000000,697.543000,0.069036,78855.277500,,,,,,,,,,,,,
10000,96,prefix80,prefixed,scenario_label=prefix80,0.000000,True,True,formal_extended_baseline_screen,1513479548,1389508608,81092985.000000,3645092.000000,3516528.000000,165686,47813216.071501,9048.448000,47822264.519501,10000,10000,5903,149783,,,,,,,,,,,,,,,,,,,,269.346000,,123.315229,HT_EEAC,43,,10000.000000,,,,,,,,80.000000,,,165686,0.060355,351.652800,364.509200,7161620.000000,716.162000,0.066763,81092.985000,,,,,,,,,,,,,
10000,96,clustered,clustered,scenario_label=clustered,0.000000,True,True,formal_extended_baseline_screen,48141908,3784905675,80323620.000000,3608176.000000,3489456.000000,164008,47470839.412498,8961.080000,47479800.492498,10000,10000,5917,148091,,,,,,,,,,,,,,,,,,,,259.267800,,124.496381,HT_EEAC,43,,10000.000000,,,,,,,,,8.000000,64.000000,164008,0.060973,348.945600,360.817600,7097632.000000,709.763200,0.067526,80323.620000,,,,,,,,,,,,,
10000,96,random,random,scenario_label=random,0.000000,True,True,formal_extended_baseline_screen,3987099893,584392423,79797952.500000,3581490.000000,3473952.000000,162795,46982732.804994,8899.956000,46991632.760994,10000,10000,5673,147122,,,,,,,,,,,,,,,,,,,,252.835000,,125.316499,HT_EEAC,44,,10000.000000,,,,,,,,,,,162795,0.061427,347.395200,358.149000,7055442.000000,705.544200,0.067971,79797.952500,,,,,,,,,,,,,
10000,96,prefixed,prefixed,scenario_label=prefixed,0.000000,True,True,formal_extended_baseline_screen,2327316353,2556665930,77423745.000000,3469796.000000,3385856.000000,157718,45864896.751757,8632.520000,45873529.271757,10000,10000,6102,141616,,,,,,,,,,,,,,,,,,,,237.487700,,129.159343,HT_EEAC,44,,10000.000000,,,,,,,,48.000000,,,157718,0.063404,338.585600,346.979600,6855652.000000,685.565200,0.070613,77423.745000,,,,,,,,,,,,,
10000,96,prefix80,prefixed,scenario_label=prefix80,0.000000,True,True,formal_extended_baseline_screen,2316918874,3004025957,80573917.500000,3619462.000000,3499744.000000,164521,47376539.224498,8988.796000,47385528.020498,10000,10000,5787,148734,,,,,,,,,,,,,,,,,,,,262.822300,,124.109641,HT_EEAC,44,,10000.000000,,,,,,,,80.000000,,,164521,0.060783,349.974400,361.946200,7119206.000000,711.920600,0.067234,80573.917500,,,,,,,,,,,,,
10000,96,clustered,clustered,scenario_label=clustered,0.000000,True,True,formal_extended_baseline_screen,828653254,4148074827,80668110.000000,3624280.000000,3502448.000000,164740,47451150.245999,8999.784000,47460150.029999,10000,10000,5837,148903,,,,,,,,,,,,,,,,,,,,260.764600,,123.964724,HT_EEAC,44,,10000.000000,,,,,,,,,8.000000,64.000000,164740,0.060702,350.244800,362.428000,7126728.000000,712.672800,0.067158,80668.110000,,,,,,,,,,,,,
10000,96,random,random,scenario_label=random,0.000000,True,True,formal_extended_baseline_screen,3580828999,2135675028,80511615.000000,3618428.000000,3493552.000000,164474,47459685.950246,8983.632000,47468669.582246,10000,10000,6127,148347,,,,,,,,,,,,,,,,,,,,258.408900,,124.205681,HT_EEAC,45,,10000.000000,,,,,,,,,,,164474,0.060800,349.355200,361.842800,7111980.000000,711.198000,0.067410,80511.615000,,,,,,,,,,,,,
10000,96,prefixed,prefixed,scenario_label=prefixed,0.000000,True,True,formal_extended_baseline_screen,1476163045,66128000,77192130.000000,3457608.000000,3379904.000000,157164,45333234.120755,8605.168000,45341839.288755,10000,10000,5920,141244,,,,,,,,,,,,,,,,,,,,232.196000,,129.546885,HT_EEAC,45,,10000.000000,,,,,,,,48.000000,,,157164,0.063628,337.990400,345.760800,6837512.000000,683.751200,0.070799,77192.130000,,,,,,,,,,,,,
10000,96,prefix80,prefixed,scenario_label=prefix80,0.000000,True,True,formal_extended_baseline_screen,2573149326,1813756121,79251060.000000,3557136.000000,3450848.000000,161688,46669193.923515,8839.696000,46678033.619514,10000,10000,6010,145678,,,,,,,,,,,,,,,,,,,,243.255800,,126.181278,HT_EEAC,45,,10000.000000,,,,,,,,80.000000,,,161688,0.061848,345.084800,355.713600,7007984.000000,700.798400,0.068645,79251.060000,,,,,,,,,,,,,
10000,96,clustered,clustered,scenario_label=clustered,0.000000,True,True,formal_extended_baseline_screen,2581397823,3690177264,80554920.000000,3618912.000000,3498336.000000,164496,47419501.680005,8986.992000,47428488.672005,10000,10000,5850,148646,,,,,,,,,,,,,,,,,,,,260.145200,,124.138910,HT_EEAC,45,,10000.000000,,,,,,,,,8.000000,64.000000,164496,0.060792,349.833600,361.891200,7117248.000000,711.724800,0.067274,80554.920000,,,,,,,,,,,,,
10000,96,random,random,scenario_label=random,0.000000,True,True,formal_extended_baseline_screen,3716381950,3366238535,81608745.000000,3669732.000000,3534896.000000,166806,48491092.992757,9106.912000,48500199.904757,10000,10000,5875,150931,,,,,,,,,,,,,,,,,,,,269.450100,,122.535888,HT_EEAC,46,,10000.000000,,,,,,,,,,,166806,0.059950,353.489600,366.973200,7204628.000000,720.462800,0.066255,81608.745000,,,,,,,,,,,,,
10000,96,prefixed,prefixed,scenario_label=prefixed,0.000000,True,True,formal_extended_baseline_screen,2477060584,492385223,80667975.000000,3625468.000000,3500000.000000,164794,47459537.916740,9000.936000,47468538.852740,10000,10000,6044,148750,,,,,,,,,,,,,,,,,,,,260.930700,,123.964932,HT_EEAC,46,,10000.000000,,,,,,,,48.000000,,,164794,0.060682,350.000000,362.546800,7125468.000000,712.546800,0.067227,80667.975000,,,,,,,,,,,,,
10000,96,prefix80,prefixed,scenario_label=prefix80,0.000000,True,True,formal_extended_baseline_screen,2069287118,3388367763,79224120.000000,3555904.000000,3449776.000000,161632,46624769.187744,8836.696000,46633605.883744,10000,10000,6021,145611,,,,,,,,,,,,,,,,,,,,256.816800,,126.224185,HT_EEAC,46,,10000.000000,,,,,,,,80.000000,,,161632,0.061869,344.977600,355.590400,7005680.000000,700.568000,0.068676,79224.120000,,,,,,,,,,,,,
10000,96,clustered,clustered,scenario_label=clustered,0.000000,True,True,formal_extended_baseline_screen,4117600980,1758856994,77511885.000000,3473492.000000,3390048.000000,157886,45523396.502993,8642.008000,45532038.510993,10000,10000,6008,141878,,,,,,,,,,,,,,,,,,,,234.417800,,129.012473,HT_EEAC,46,,10000.000000,,,,,,,,,8.000000,64.000000,157886,0.063337,339.004800,347.349200,6863540.000000,686.354000,0.070483,77511.885000,,,,,,,,,,,,,
10000,96,random,random,scenario_label=random,0.000000,True,True,formal_extended_baseline_screen,2943036703,2041823145,78333922.500000,3512410.000000,3420048.000000,159655,45923826.753756,8734.844000,45932561.597756,10000,10000,5902,143753,,,,,,,,,,,,,,,,,,,,247.390400,,127.658614,HT_EEAC,47,,10000.000000,,,,,,,,,,,159655,0.062635,342.004800,351.241000,6932458.000000,693.245800,0.069564,78333.922500,,,,,,,,,,,,,
10000,96,prefixed,prefixed,scenario_label=prefixed,0.000000,True,True,formal_extended_baseline_screen,2255604210,341360272,78531150.000000,3521496.000000,3427760.000000,160068,46382107.569014,8756.872000,46390864.441014,10000,10000,5833,144235,,,,,,,,,,,,,,,,,,,,253.711800,,127.338005,HT_EEAC,47,,10000.000000,,,,,,,,48.000000,,,160068,0.062473,342.776000,352.149600,6949256.000000,694.925600,0.069331,78531.150000,,,,,,,,,,,,,
10000,96,prefix80,prefixed,scenario_label=prefix80,0.000000,True,True,formal_extended_baseline_screen,1998039315,56751932,77855347.500000,3490014.000000,3402048.000000,158637,46235566.513492,8681.052000,46244247.565492,10000,10000,6009,142628,,,,,,,,,,,,,,,,,,,,242.592600,,128.443329,HT_EEAC,47,,10000.000000,,,,,,,,80.000000,,,158637,0.063037,340.204800,349.001400,6892062.000000,689.206200,0.070112,77855.347500,,,,,,,,,,,,,
10000,96,clustered,clustered,scenario_label=clustered,0.000000,True,True,formal_extended_baseline_screen,1376940312,2833159723,78441975.000000,3518460.000000,3422080.000000,159930,46015387.731733,8747.960000,46024135.691733,10000,10000,6050,143880,,,,,,,,,,,,,,,,,,,,239.983500,,127.482767,HT_EEAC,47,,10000.000000,,,,,,,,,8.000000,64.000000,159930,0.062527,342.208000,351.846000,6940540.000000,694.054000,0.069502,78441.975000,,,,,,,,,,,,,
10000,96,random,random,scenario_label=random,0.000000,True,True,formal_extended_baseline_screen,4126669249,1090302030,80790405.000000,3630484.000000,3506064.000000,165022,48123382.717506,9014.000000,48132396.717506,10000,10000,5893,149129,,,,,,,,,,,,,,,,,,,,264.662800,,123.777075,HT_EEAC,48,,10000.000000,,,,,,,,,,,165022,0.060598,350.606400,363.048400,7136548.000000,713.654800,0.067056,80790.405000,,,,,,,,,,,,,
10000,96,prefixed,prefixed,scenario_label=prefixed,0.000000,True,True,formal_extended_baseline_screen,2193895526,3944815705,77608200.000000,3479168.000000,3391280.000000,158144,45108559.628984,8653.976000,45117213.604984,10000,10000,6189,141955,,,,,,,,,,,,,,,,,,,,242.512400,,128.852364,HT_EEAC,48,,10000.000000,,,,,,,,48.000000,,,158144,0.063234,339.128000,347.916800,6870448.000000,687.044800,0.070445,77608.200000,,,,,,,,,,,,,
10000,96,prefix80,prefixed,scenario_label=prefix80,0.000000,True,True,formal_extended_baseline_screen,3566718053,2387407534,80524027.500000,3617790.000000,3496512.000000,164445,47364138.333005,8983.836000,47373122.169004,10000,10000,5913,148532,,,,,,,,,,,,,,,,,,,,261.428000,,124.186536,HT_EEAC,48,,10000.000000,,,,,,,,80.000000,,,164445,0.060811,349.651200,361.779000,7114302.000000,711.430200,0.067326,80524.027500,,,,,,,,,,,,,
10000,96,clustered,clustered,scenario_label=clustered,0.000000,True,True,formal_extended_baseline_screen,3761635906,3423675258,79701592.500000,3579378.000000,3465424.000000,162699,46924241.004748,8891.468000,46933132.472748,10000,10000,6110,146589,,,,,,,,,,,,,,,,,,,,252.881300,,125.468007,HT_EEAC,48,,10000.000000,,,,,,,,,8.000000,64.000000,162699,0.061463,346.542400,357.937800,7044802.000000,704.480200,0.068218,79701.592500,,,,,,,,,,,,,
10000,96,random,random,scenario_label=random,0.000000,True,True,formal_extended_baseline_screen,675927661,2781565440,80391585.000000,3610948.000000,3492848.000000,164134,47409653.989494,8968.320000,47418622.309494,10000,10000,5831,148303,,,,,,,,,,,,,,,,,,,,260.609000,,124.391129,HT_EEAC,49,,10000.000000,,,,,,,,,,,164134,0.060926,349.284800,361.094800,7103796.000000,710.379600,0.067430,80391.585000,,,,,,,,,,,,,
10000,96,prefixed,prefixed,scenario_label=prefixed,0.000000,True,True,formal_extended_baseline_screen,2044777110,2300231627,79704060.000000,3578608.000000,3467328.000000,162664,46371752.257511,8890.880000,46380643.137511,10000,10000,5956,146708,,,,,,,,,,,,,,,,,,,,255.114400,,125.464123,HT_EEAC,49,,10000.000000,,,,,,,,48.000000,,,162664,0.061476,346.732800,357.860800,7045936.000000,704.593600,0.068163,79704.060000,,,,,,,,,,,,,
10000,96,prefix80,prefixed,scenario_label=prefix80,0.000000,True,True,formal_extended_baseline_screen,2799794232,3112437567,79334295.000000,3562460.000000,3451056.000000,161930,46737933.176230,8850.448000,46746783.624230,10000,10000,6239,145691,,,,,,,,,,,,,,,,,,,,246.349000,,126.048892,HT_EEAC,49,,10000.000000,,,,,,,,80.000000,,,161930,0.061755,345.105600,356.246000,7013516.000000,701.351600,0.068638,79334.295000,,,,,,,,,,,,,
10000,96,clustered,clustered,scenario_label=clustered,0.000000,True,True,formal_extended_baseline_screen,2841386880,1481822335,77834475.000000,3488716.000000,3401920.000000,158578,45539293.163249,8678.392000,45547971.555249,10000,10000,5958,142620,,,,,,,,,,,,,,,,,,,,237.498700,,128.477773,HT_EEAC,49,,10000.000000,,,,,,,,,8.000000,64.000000,158578,0.063060,340.192000,348.871600,6890636.000000,689.063600,0.070116,77834.475000,,,,,,,,,,,,,
10000,96,random,random,scenario_label=random,0.000000,True,True,formal_extended_baseline_screen,3623283272,3475742770,20796567.500000,703582.000000,13027170.000000,19999,10403781.373250,7920.749000,10411702.122250,10000,10000,0,9999,,,,,,,,,,,,,,,,,,,,14.626200,,480.848582,ICT,0,15.000000,,,,,,,,,,,,19999,0.500025,1302.717000,70.358200,13730752.000000,1373.075200,1.000100,20796.567500,,,,,,,,,,,,,
10000,96,prefixed,prefixed,scenario_label=prefixed,0.000000,True,True,formal_extended_baseline_screen,116656660,3624765905,26796192.500000,1663522.000000,6486747.000000,19999,13406094.300625,6570.417500,13412664.718125,10000,10000,0,9999,,,,,,,,,,,,,,,,,,,,14.627200,,373.187347,ICT,0,15.000000,,,,,,,,,48.000000,,,19999,0.500025,648.674700,166.352200,8150269.000000,815.026900,1.000100,26796.192500,,,,,,,,,,,,,
10000,96,prefix80,prefixed,scenario_label=prefix80,0.000000,True,True,formal_extended_baseline_screen,1741802094,2390303054,30760980.000000,2297888.000000,2130908.000000,19999,15389752.354500,5661.230000,15395413.584500,10000,10000,0,9999,,,,,,,,,,,,,,,,,,,,14.567200,,325.087172,ICT,0,15.000000,,,,,,,,,80.000000,,,19999,0.500025,213.090800,229.788800,4428796.000000,442.879600,1.000100,30760.980000,,,,,,,,,,,,,
10000,96,clustered,clustered,scenario_label=clustered,0.000000,True,True,formal_extended_baseline_screen,2095316255,3138515996,28412805.000000,1922180.000000,6620972.000000,19999,14214319.925375,7154.846000,14221474.771375,10000,10000,0,9999,,,,,,,,,,,,,,,,,,,,14.746600,,351.953987,ICT,0,15.000000,,,,,,,,,,8.000000,64.000000,19999,0.500025,662.097200,192.218000,8543152.000000,854.315200,1.000100,28412.805000,,,,,,,,,,,,,
10000,96,random,random,scenario_label=random,0.000000,True,True,formal_extended_baseline_screen,3864099846,1657072911,20797117.500000,703670.000000,13018001.000000,19999,10405982.731500,7916.340500,10413899.072000,10000,10000,0,9999,,,,,,,,,,,,,,,,,,,,14.615500,,480.835866,ICT,1,15.000000,,,,,,,,,,,,19999,0.500025,1301.800100,70.367000,13721671.000000,1372.167100,1.000100,20797.117500,,,,,,,,,,,,,
10000,96,prefixed,prefixed,scenario_label=prefixed,0.000000,True,True,formal_extended_baseline_screen,889203247,1135858801,26797417.500000,1663718.000000,6484420.000000,19999,13407020.847500,6569.646000,13413590.493500,10000,10000,0,9999,,,,,,,,,,,,,,,,,,,,14.620800,,373.170288,ICT,1,15.000000,,,,,,,,,48.000000,,,19999,0.500025,648.442000,166.371800,8148138.000000,814.813800,1.000100,26797.417500,,,,,,,,,,,,,
10000,96,prefix80,prefixed,scenario_label=prefix80,0.000000,True,True,formal_extended_baseline_screen,2669137359,2404345552,30758642.500000,2297514.000000,2131771.000000,19999,15388717.309750,5660.913500,15394378.223250,10000,10000,0,9999,,,,,,,,,,,,,,,,,,,,14.581400,,325.111877,ICT,1,15.000000,,,,,,,,,80.000000,,,19999,0.500025,213.177100,229.751400,4429285.000000,442.928500,1.000100,30758.642500,,,,,,,,,,,,,
10000,96,clustered,clustered,scenario_label=clustered,0.000000,True,True,formal_extended_baseline_screen,1179273823,3297840154,28415805.000000,1922660.000000,6638619.000000,19999,14215332.480000,7164.629500,14222497.109500,10000,10000,0,9999,,,,,,,,,,,,,,,,,,,,14.733200,,351.916829,ICT,1,15.000000,,,,,,,,,,8.000000,64.000000,19999,0.500025,663.861900,192.266000,8561279.000000,856.127900,1.000100,28415.805000,,,,,,,,,,,,,
10000,96,random,random,scenario_label=random,0.000000,True,True,formal_extended_baseline_screen,813036364,2766098412,20796130.000000,703512.000000,13026696.000000,19999,10406533.142500,7920.372000,10414453.514500,10000,10000,0,9999,,,,,,,,,,,,,,,,,,,,14.625700,,480.858698,ICT,2,14.000000,,,,,,,,,,,,19999,0.500025,1302.669600,70.351200,13730208.000000,1373.020800,1.000100,20796.130000,,,,,,,,,,,,,
10000,96,prefixed,prefixed,scenario_label=prefixed,0.000000,True,True,formal_extended_baseline_screen,1822834370,529124288,26796192.500000,1663522.000000,6484601.000000,19999,13406647.727875,6569.344500,13413217.072375,10000,10000,0,9999,,,,,,,,,,,,,,,,,,,,14.621000,,373.187347,ICT,2,16.000000,,,,,,,,,48.000000,,,19999,0.500025,648.460100,166.352200,8148123.000000,814.812300,1.000100,26796.192500,,,,,,,,,,,,,
10000,96,prefix80,prefixed,scenario_label=prefix80,0.000000,True,True,formal_extended_baseline_screen,2479815273,2134316438,30759505.000000,2297652.000000,2131372.000000,19999,15388962.575625,5660.990000,15394623.565625,10000,10000,0,9999,,,,,,,,,,,,,,,,,,,,14.573200,,325.102761,ICT,2,15.000000,,,,,,,,,80.000000,,,19999,0.500025,213.137200,229.765200,4429024.000000,442.902400,1.000100,30759.505000,,,,,,,,,,,,,
10000,96,clustered,clustered,scenario_label=clustered,0.000000,True,True,formal_extended_baseline_screen,2073761602,4011124099,28413567.500000,1922302.000000,6638772.000000,19999,14214269.982500,7163.990000,14221433.972500,10000,10000,0,9999,,,,,,,,,,,,,,,,,,,,14.743400,,351.944542,ICT,2,15.000000,,,,,,,,,,8.000000,64.000000,19999,0.500025,663.877200,192.230200,8561074.000000,856.107400,1.000100,28413.567500,,,,,,,,,,,,,
10000,96,random,random,scenario_label=random,0.000000,True,True,formal_extended_baseline_screen,57753915,1767208040,20795855.000000,703468.000000,13026021.000000,19999,10403943.364500,7919.946500,10411863.311000,10000,10000,0,9999,,,,,,,,,,,,,,,,,,,,14.624800,,480.865057,ICT,3,14.000000,,,,,,,,,,,,19999,0.500025,1302.602100,70.346800,13729489.000000,1372.948900,1.000100,20795.855000,,,,,,,,,,,,,
10000,96,prefixed,prefixed,scenario_label=prefixed,0.000000,True,True,formal_extended_baseline_screen,2219440691,3841490757,26796430.000000,1663560.000000,6485660.000000,19999,13405570.581500,6569.950000,13412140.531500,10000,10000,0,9999,,,,,,,,,,,,,,,,,,,,14.624100,,373.184040,ICT,3,16.000000,,,,,,,,,48.000000,,,19999,0.500025,648.566000,166.356000,8149220.000000,814.922000,1.000100,26796.430000,,,,,,,,,,,,,
10000,96,prefix80,prefixed,scenario_label=prefix80,0.000000,True,True,formal_extended_baseline_screen,1286928148,3072553869,30758842.500000,2297546.000000,2131603.000000,19999,15388006.754750,5660.893500,15393667.648250,10000,10000,0,9999,,,,,,,,,,,,,,,,,,,,14.577800,,325.109763,ICT,3,14.000000,,,,,,,,,80.000000,,,19999,0.500025,213.160300,229.754600,4429149.000000,442.914900,1.000100,30758.842500,,,,,,,,,,,,,
10000,96,clustered,clustered,scenario_label=clustered,0.000000,True,True,formal_extended_baseline_screen,787561323,984337162,28415742.500000,1922650.000000,6871408.000000,19999,14215075.812000,7281.004000,14222356.816000,10000,10000,0,9999,,,,,,,,,,,,,,,,,,,,14.984400,,351.917603,ICT,3,14.000000,,,,,,,,,,8.000000,64.000000,19999,0.500025,687.140800,192.265000,8794058.000000,879.405800,1.000100,28415.742500,,,,,,,,,,,,,
10000,96,random,random,scenario_label=random,0.000000,True,True,formal_extended_baseline_screen,3819630184,1764839356,20797880.000000,703792.000000,13030345.000000,19999,10404466.655875,7922.756500,10412389.412375,10000,10000,0,9999,,,,,,,,,,,,,,,,,,,,14.630300,,480.818237,ICT,4,15.000000,,,,,,,,,,,,19999,0.500025,1303.034500,70.379200,13734137.000000,1373.413700,1.000100,20797.880000,,,,,,,,,,,,,
10000,96,prefixed,prefixed,scenario_label=prefixed,0.000000,True,True,formal_extended_baseline_screen,889858016,2183991104,26797930.000000,1663800.000000,6488787.000000,19999,13406580.548000,6571.993500,13413152.541500,10000,10000,0,9999,,,,,,,,,,,,,,,,,,,,14.634200,,373.163151,ICT,4,16.000000,,,,,,,,,48.000000,,,19999,0.500025,648.878700,166.380000,8152587.000000,815.258700,1.000100,26797.930000,,,,,,,,,,,,,
10000,96,prefix80,prefixed,scenario_label=prefix80,0.000000,True,True,formal_extended_baseline_screen,2696116183,969307782,30758842.500000,2297546.000000,2131714.000000,19999,15388130.163250,5660.949000,15393791.112250,10000,10000,0,9999,,,,,,,,,,,,,,,,,,,,14.581700,,325.109763,ICT,4,15.000000,,,,,,,,,80.000000,,,19999,0.500025,213.171400,229.754600,4429260.000000,442.926000,1.000100,30758.842500,,,,,,,,,,,,,
10000,96,clustered,clustered,scenario_label=clustered,0.000000,True,True,formal_extended_baseline_screen,688500632,3550594951,28416267.500000,1922734.000000,6613300.000000,19999,14216568.259500,7152.118000,14223720.377500,10000,10000,0,9999,,,,,,,,,,,,,,,,,,,,14.737600,,351.911102,ICT,4,15.000000,,,,,,,,,,8.000000,64.000000,19999,0.500025,661.330000,192.273400,8536034.000000,853.603400,1.000100,28416.267500,,,,,,,,,,,,,
10000,96,random,random,scenario_label=random,0.000000,True,True,formal_extended_baseline_screen,2608777085,2015895376,20793780.000000,703136.000000,13011867.000000,19999,10403003.719750,7912.205500,10410915.925250,10000,10000,0,9999,,,,,,,,,,,,,,,,,,,,14.607000,,480.913042,ICT,5,15.000000,,,,,,,,,,,,19999,0.500025,1301.186700,70.313600,13715003.000000,1371.500300,1.000100,20793.780000,,,,,,,,,,,,,
10000,96,prefixed,prefixed,scenario_label=prefixed,0.000000,True,True,formal_extended_baseline_screen,3513520067,2520413095,26793855.000000,1663148.000000,6487430.000000,19999,13404217.998000,6570.011000,13410788.009000,10000,10000,0,9999,,,,,,,,,,,,,,,,,,,,14.627800,,373.219904,ICT,5,15.000000,,,,,,,,,48.000000,,,19999,0.500025,648.743000,166.314800,8150578.000000,815.057800,1.000100,26793.855000,,,,,,,,,,,,,
10000,96,prefix80,prefixed,scenario_label=prefix80,0.000000,True,True,formal_extended_baseline_screen,1840913042,3179299883,30759542.500000,2297658.000000,2131308.000000,19999,15388196.090375,5660.970000,15393857.060375,10000,10000,0,9999,,,,,,,,,,,,,,,,,,,,14.572400,,325.102365,ICT,5,14.000000,,,,,,,,,80.000000,,,19999,0.500025,213.130800,229.765800,4428966.000000,442.896600,1.000100,30759.542500,,,,,,,,,,,,,
10000,96,clustered,clustered,scenario_label=clustered,0.000000,True,True,formal_extended_baseline_screen,3399855602,3233123510,28415467.500000,1922606.000000,6644735.000000,19999,14213996.811250,7167.579500,14221164.390750,10000,10000,0,9999,,,,,,,,,,,,,,,,,,,,14.749200,,351.921009,ICT,5,15.000000,,,,,,,,,,8.000000,64.000000,19999,0.500025,664.473500,192.260600,8567341.000000,856.734100,1.000100,28415.467500,,,,,,,,,,,,,
10000,96,random,random,scenario_label=random,0.000000,True,True,formal_extended_baseline_screen,1011355210,296723280,20796430.000000,703560.000000,13027375.000000,19999,10404666.057625,7920.807500,10412586.865125,10000,10000,0,9999,,,,,,,,,,,,,,,,,,,,14.626500,,480.851762,ICT,6,15.000000,,,,,,,,,,,,19999,0.500025,1302.737500,70.356000,13730935.000000,1373.093500,1.000100,20796.430000,,,,,,,,,,,,,
10000,96,prefixed,prefixed,scenario_label=prefixed,0.000000,True,True,formal_extended_baseline_screen,4182455193,3948394809,26796880.000000,1663632.000000,6484374.000000,19999,13406312.847875,6569.451000,13412882.298875,10000,10000,0,9999,,,,,,,,,,,,,,,,,,,,14.620600,,373.177773,ICT,6,16.000000,,,,,,,,,48.000000,,,19999,0.500025,648.437400,166.363200,8148006.000000,814.800600,1.000100,26796.880000,,,,,,,,,,,,,
10000,96,prefix80,prefixed,scenario_label=prefix80,0.000000,True,True,formal_extended_baseline_screen,234351616,3680451422,30760530.000000,2297816.000000,2131350.000000,19999,15389686.865875,5661.307000,15395348.172875,10000,10000,0,9999,,,,,,,,,,,,,,,,,,,,14.582300,,325.091928,ICT,6,14.000000,,,,,,,,,80.000000,,,19999,0.500025,213.135000,229.781600,4429166.000000,442.916600,1.000100,30760.530000,,,,,,,,,,,,,
10000,96,clustered,clustered,scenario_label=clustered,0.000000,True,True,formal_extended_baseline_screen,1672192143,1975514218,28418392.500000,1923074.000000,6650686.000000,19999,14216626.162875,7171.491000,14223797.653875,10000,10000,0,9999,,,,,,,,,,,,,,,,,,,,14.751000,,351.884787,ICT,6,14.000000,,,,,,,,,,8.000000,64.000000,19999,0.500025,665.068600,192.307400,8573760.000000,857.376000,1.000100,28418.392500,,,,,,,,,,,,,
10000,96,random,random,scenario_label=random,0.000000,True,True,formal_extended_baseline_screen,2772753435,894029168,20798917.500000,703958.000000,13015269.000000,19999,10406049.806000,7915.550500,10413965.356500,10000,10000,0,9999,,,,,,,,,,,,,,,,,,,,14.612500,,480.794253,ICT,7,14.000000,,,,,,,,,,,,19999,0.500025,1301.526900,70.395800,13719227.000000,1371.922700,1.000100,20798.917500,,,,,,,,,,,,,
10000,96,prefixed,prefixed,scenario_label=prefixed,0.000000,True,True,formal_extended_baseline_screen,1416235163,3585193942,26794417.500000,1663238.000000,6484456.000000,19999,13406464.231750,6568.704000,13413032.935750,10000,10000,0,9999,,,,,,,,,,,,,,,,,,,,14.619100,,373.212069,ICT,7,15.000000,,,,,,,,,48.000000,,,19999,0.500025,648.445600,166.323800,8147694.000000,814.769400,1.000100,26794.417500,,,,,,,,,,,,,
10000,96,prefix80,prefixed,scenario_label=prefix80,0.000000,True,True,formal_extended_baseline_screen,2635025427,1847358999,30759180.000000,2297600.000000,2131479.000000,19999,15389216.748125,5660.939500,15394877.687625,10000,10000,0,9999,,,,,,,,,,,,,,,,,,,,14.577800,,325.106196,ICT,7,15.000000,,,,,,,,,80.000000,,,19999,0.500025,213.147900,229.760000,4429079.000000,442.907900,1.000100,30759.180000,,,,,,,,,,,,,
10000,96,clustered,clustered,scenario_label=clustered,0.000000,True,True,formal_extended_baseline_screen,1710578268,3890034253,28418055.000000,1923020.000000,6650694.000000,19999,14217247.397625,7171.387000,14224418.784625,10000,10000,0,9999,,,,,,,,,,,,,,,,,,,,14.750500,,351.888966,ICT,7,15.000000,,,,,,,,,,8.000000,64.000000,19999,0.500025,665.069400,192.302000,8573714.000000,857.371400,1.000100,28418.055000,,,,,,,,,,,,,
10000,96,random,random,scenario_label=random,0.000000,True,True,formal_extended_baseline_screen,3926250230,3222116749,20793467.500000,703086.000000,13018543.000000,19999,10403406.584375,7915.443500,10411322.027875,10000,10000,0,9999,,,,,,,,,,,,,,,,,,,,14.615000,,480.920270,ICT,8,16.000000,,,,,,,,,,,,19999,0.500025,1301.854300,70.308600,13721629.000000,1372.162900,1.000100,20793.467500,,,,,,,,,,,,,
10000,96,prefixed,prefixed,scenario_label=prefixed,0.000000,True,True,formal_extended_baseline_screen,834749396,2762434067,26793992.500000,1663170.000000,6480967.000000,19999,13404689.228750,6566.823500,13411256.052250,10000,10000,0,9999,,,,,,,,,,,,,,,,,,,,14.608900,,373.217989,ICT,8,15.000000,,,,,,,,,48.000000,,,19999,0.500025,648.096700,166.317000,8144137.000000,814.413700,1.000100,26793.992500,,,,,,,,,,,,,
10000,96,prefix80,prefixed,scenario_label=prefix80,0.000000,True,True,formal_extended_baseline_screen,3619142060,4196288957,30760430.000000,2297800.000000,2131509.000000,19999,15388873.091625,5661.354500,15394534.446125,10000,10000,0,9999,,,,,,,,,,,,,,,,,,,,14.583400,,325.092985,ICT,8,15.000000,,,,,,,,,80.000000,,,19999,0.500025,213.150900,229.780000,4429309.000000,442.930900,1.000100,30760.430000,,,,,,,,,,,,,
10000,96,clustered,clustered,scenario_label=clustered,0.000000,True,True,formal_extended_baseline_screen,3961209957,1306653416,28414480.000000,1922448.000000,6651785.000000,19999,14216617.064125,7170.788500,14223787.852625,10000,10000,0,9999,,,,,,,,,,,,,,,,,,,,14.746500,,351.933240,ICT,8,16.000000,,,,,,,,,,8.000000,64.000000,19999,0.500025,665.178500,192.244800,8574233.000000,857.423300,1.000100,28414.480000,,,,,,,,,,,,,
10000,96,random,random,scenario_label=random,0.000000,True,True,formal_extended_baseline_screen,58426829,1428414364,20796605.000000,703588.000000,13026293.000000,19999,10404999.329750,7920.322500,10412919.652250,10000,10000,0,9999,,,,,,,,,,,,,,,,,,,,14.625300,,480.847715,ICT,9,15.000000,,,,,,,,,,,,19999,0.500025,1302.629300,70.358800,13729881.000000,1372.988100,1.000100,20796.605000,,,,,,,,,,,,,
10000,96,prefixed,prefixed,scenario_label=prefixed,0.000000,True,True,formal_extended_baseline_screen,1183400892,2458780176,26795830.000000,1663464.000000,6487612.000000,19999,13405565.089750,6570.734000,13412135.823750,10000,10000,0,9999,,,,,,,,,,,,,,,,,,,,14.629300,,373.192396,ICT,9,15.000000,,,,,,,,,48.000000,,,19999,0.500025,648.761200,166.346400,8151076.000000,815.107600,1.000100,26795.830000,,,,,,,,,,,,,
10000,96,prefix80,prefixed,scenario_label=prefix80,0.000000,True,True,formal_extended_baseline_screen,3771146367,1887926751,30761167.500000,2297918.000000,2131211.000000,19999,15389662.376250,5661.441500,15395323.817750,10000,10000,0,9999,,,,,,,,,,,,,,,,,,,,14.582300,,325.085191,ICT,9,15.000000,,,,,,,,,80.000000,,,19999,0.500025,213.121100,229.791800,4429129.000000,442.912900,1.000100,30761.167500,,,,,,,,,,,,,
10000,96,clustered,clustered,scenario_label=clustered,0.000000,True,True,formal_extended_baseline_screen,346261855,2931936830,28415767.500000,1922654.000000,6643705.000000,19999,14214984.757125,7167.160500,14222151.917625,10000,10000,0,9999,,,,,,,,,,,,,,,,,,,,14.739400,,351.917294,ICT,9,16.000000,,,,,,,,,,8.000000,64.000000,19999,0.500025,664.370500,192.265400,8566359.000000,856.635900,1.000100,28415.767500,,,,,,,,,,,,,
10000,96,random,random,scenario_label=random,0.000000,True,True,formal_extended_baseline_screen,1020324588,3044808659,20795680.000000,703440.000000,13016986.000000,19999,10403986.250625,7915.373000,10411901.623625,10000,10000,0,9999,,,,,,,,,,,,,,,,,,,,14.613800,,480.869104,ICT,10,16.000000,,,,,,,,,,,,19999,0.500025,1301.698600,70.344000,13720426.000000,1372.042600,1.000100,20795.680000,,,,,,,,,,,,,
10000,96,prefixed,prefixed,scenario_label=prefixed,0.000000,True,True,formal_extended_baseline_screen,2061720330,3700314734,26795292.500000,1663378.000000,6485623.000000,19999,13407677.908625,6569.567500,13414247.476125,10000,10000,0,9999,,,,,,,,,,,,,,,,,,,,14.622900,,373.199882,ICT,10,15.000000,,,,,,,,,48.000000,,,19999,0.500025,648.562300,166.337800,8149001.000000,814.900100,1.000100,26795.292500,,,,,,,,,,,,,
10000,96,prefix80,prefixed,scenario_label=prefix80,0.000000,True,True,formal_extended_baseline_screen,1420417677,1723223334,30759105.000000,2297588.000000,2131554.000000,19999,15388416.490750,5660.953000,15394077.443750,10000,10000,0,9999,,,,,,,,,,,,,,,,,,,,14.577100,,325.106989,ICT,10,14.000000,,,,,,,,,80.000000,,,19999,0.500025,213.155400,229.758800,4429142.000000,442.914200,1.000100,30759.105000,,,,,,,,,,,,,
10000,96,clustered,clustered,scenario_label=clustered,0.000000,True,True,formal_extended_baseline_screen,4285535701,3321085986,28414942.500000,1922522.000000,6644644.000000,19999,14215961.361375,7167.366000,14223128.727375,10000,10000,0,9999,,,,,,,,,,,,,,,,,,,,14.742500,,351.927511,ICT,10,15.000000,,,,,,,,,,8.000000,64.000000,19999,0.500025,664.464400,192.252200,8567166.000000,856.716600,1.000100,28414.942500,,,,,,,,,,,,,
10000,96,random,random,scenario_label=random,0.000000,True,True,formal_extended_baseline_screen,596195424,1764554239,20795967.500000,703486.000000,13018703.000000,19999,10404138.356000,7916.323500,10412054.679500,10000,10000,0,9999,,,,,,,,,,,,,,,,,,,,14.616000,,480.862456,ICT,11,15.000000,,,,,,,,,,,,19999,0.500025,1301.870300,70.348600,13722189.000000,1372.218900,1.000100,20795.967500,,,,,,,,,,,,,
10000,96,prefixed,prefixed,scenario_label=prefixed,0.000000,True,True,formal_extended_baseline_screen,2528955344,2689290775,26796980.000000,1663648.000000,6485515.000000,19999,13407531.343000,6570.053500,13414101.396500,10000,10000,0,9999,,,,,,,,,,,,,,,,,,,,14.623900,,373.176380,ICT,11,15.000000,,,,,,,,,48.000000,,,19999,0.500025,648.551500,166.364800,8149163.000000,814.916300,1.000100,26796.980000,,,,,,,,,,,,,
10000,96,prefix80,prefixed,scenario_label=prefix80,0.000000,True,True,formal_extended_baseline_screen,4029019098,3170970213,30759492.500000,2297650.000000,2131542.000000,19999,15389112.627250,5661.071000,15394773.698250,10000,10000,0,9999,,,,,,,,,,,,,,,,,,,,14.578000,,325.102893,ICT,11,15.000000,,,,,,,,,80.000000,,,19999,0.500025,213.154200,229.765000,4429192.000000,442.919200,1.000100,30759.492500,,,,,,,,,,,,,
10000,96,clustered,clustered,scenario_label=clustered,0.000000,True,True,formal_extended_baseline_screen,2138647285,2829723446,28412830.000000,1922184.000000,6760474.000000,19999,14214885.264750,7224.605000,14222109.869750,10000,10000,0,9999,,,,,,,,,,,,,,,,,,,,14.863900,,351.953677,ICT,11,16.000000,,,,,,,,,,8.000000,64.000000,19999,0.500025,676.047400,192.218400,8682658.000000,868.265800,1.000100,28412.830000,,,,,,,,,,,,,
10000,96,random,random,scenario_label=random,0.000000,True,True,formal_extended_baseline_screen,530428079,4174964893,20797005.000000,703652.000000,13015073.000000,19999,10404396.088625,7914.840500,10412310.929125,10000,10000,0,9999,,,,,,,,,,,,,,,,,,,,14.611700,,480.838467,ICT,12,15.000000,,,,,,,,,,,,19999,0.500025,1301.507300,70.365200,13718725.000000,1371.872500,1.000100,20797.005000,,,,,,,,,,,,,
10000,96,prefixed,prefixed,scenario_label=prefixed,0.000000,True,True,formal_extended_baseline_screen,3403028343,1307153225,26796217.500000,1663526.000000,6484197.000000,19999,13405882.367500,6569.150500,13412451.518000,10000,10000,0,9999,,,,,,,,,,,,,,,,,,,,14.619600,,373.186999,ICT,12,15.000000,,,,,,,,,48.000000,,,19999,0.500025,648.419700,166.352600,8147723.000000,814.772300,1.000100,26796.217500,,,,,,,,,,,,,
10000,96,prefix80,prefixed,scenario_label=prefix80,0.000000,True,True,formal_extended_baseline_screen,4132968395,1101377470,30760230.000000,2297768.000000,2131147.000000,19999,15388910.424000,5661.109500,15394571.533500,10000,10000,0,9999,,,,,,,,,,,,,,,,,,,,14.574600,,325.095098,ICT,12,16.000000,,,,,,,,,80.000000,,,19999,0.500025,213.114700,229.776800,4428915.000000,442.891500,1.000100,30760.230000,,,,,,,,,,,,,
10000,96,clustered,clustered,scenario_label=clustered,0.000000,True,True,formal_extended_baseline_screen,4135791258,3245259608,28417642.500000,1922954.000000,6766499.000000,19999,14215296.983000,7229.157500,14222526.140500,10000,10000,0,9999,,,,,,,,,,,,,,,,,,,,14.872800,,351.894074,ICT,12,14.000000,,,,,,,,,,8.000000,64.000000,19999,0.500025,676.649900,192.295400,8689453.000000,868.945300,1.000100,28417.642500,,,,,,,,,,,,,
10000,96,random,random,scenario_label=random,0.000000,True,True,formal_extended_baseline_screen,3351110087,322397549,20795417.500000,703398.000000,13022462.000000,19999,10405030.103250,7918.027000,10412948.130250,10000,10000,0,9999,,,,,,,,,,,,,,,,,,,,14.620300,,480.875174,ICT,13,15.000000,,,,,,,,,,,,19999,0.500025,1302.246200,70.339800,13725860.000000,1372.586000,1.000100,20795.417500,,,,,,,,,,,,,
10000,96,prefixed,prefixed,scenario_label=prefixed,0.000000,True,True,formal_extended_baseline_screen,3651045357,811282658,26795442.500000,1663402.000000,6485154.000000,19999,13406330.357250,6569.381000,13412899.738250,10000,10000,0,9999,,,,,,,,,,,,,,,,,,,,14.622300,,373.197793,ICT,13,14.000000,,,,,,,,,48.000000,,,19999,0.500025,648.515400,166.340200,8148556.000000,814.855600,1.000100,26795.442500,,,,,,,,,,,,,
10000,96,prefix80,prefixed,scenario_label=prefix80,0.000000,True,True,formal_extended_baseline_screen,3503816222,738237873,30758580.000000,2297504.000000,2131482.000000,19999,15387422.160625,5660.749000,15393082.909625,10000,10000,0,9999,,,,,,,,,,,,,,,,,,,,14.572900,,325.112538,ICT,13,15.000000,,,,,,,,,80.000000,,,19999,0.500025,213.148200,229.750400,4428986.000000,442.898600,1.000100,30758.580000,,,,,,,,,,,,,
10000,96,clustered,clustered,scenario_label=clustered,0.000000,True,True,formal_extended_baseline_screen,2264469608,2959692855,28414667.500000,1922478.000000,6761367.000000,19999,14214542.336875,7225.639500,14221767.976375,10000,10000,0,9999,,,,,,,,,,,,,,,,,,,,14.864000,,351.930917,ICT,13,14.000000,,,,,,,,,,8.000000,64.000000,19999,0.500025,676.136700,192.247800,8683845.000000,868.384500,1.000100,28414.667500,,,,,,,,,,,,,
10000,96,random,random,scenario_label=random,0.000000,True,True,formal_extended_baseline_screen,1692097063,1138331801,20796617.500000,703590.000000,13024948.000000,19999,10405141.691250,7919.654000,10413061.345250,10000,10000,0,9999,,,,,,,,,,,,,,,,,,,,14.623500,,480.847426,ICT,14,15.000000,,,,,,,,,,,,19999,0.500025,1302.494800,70.359000,13728538.000000,1372.853800,1.000100,20796.617500,,,,,,,,,,,,,
10000,96,prefixed,prefixed,scenario_label=prefixed,0.000000,True,True,formal_extended_baseline_screen,1707141452,1880285390,26793830.000000,1663144.000000,6481740.000000,19999,13404587.693375,6567.158000,13411154.851375,10000,10000,0,9999,,,,,,,,,,,,,,,,,,,,14.611000,,373.220253,ICT,14,15.000000,,,,,,,,,48.000000,,,19999,0.500025,648.174000,166.314400,8144884.000000,814.488400,1.000100,26793.830000,,,,,,,,,,,,,
10000,96,prefix80,prefixed,scenario_label=prefix80,0.000000,True,True,formal_extended_baseline_screen,1479387709,2105518357,30759567.500000,2297662.000000,2131631.000000,19999,15387854.075125,5661.139500,15393515.214625,10000,10000,0,9999,,,,,,,,,,,,,,,,,,,,14.583800,,325.102100,ICT,14,16.000000,,,,,,,,,80.000000,,,19999,0.500025,213.163100,229.766200,4429293.000000,442.929300,1.000100,30759.567500,,,,,,,,,,,,,
10000,96,clustered,clustered,scenario_label=clustered,0.000000,True,True,formal_extended_baseline_screen,1193971010,4125827798,28415517.500000,1922614.000000,6530123.000000,19999,14215976.367625,7110.289500,14223086.657125,10000,10000,0,9999,,,,,,,,,,,,,,,,,,,,14.626400,,351.920390,ICT,14,16.000000,,,,,,,,,,8.000000,64.000000,19999,0.500025,653.012300,192.261400,8452737.000000,845.273700,1.000100,28415.517500,,,,,,,,,,,,,
10000,96,random,random,scenario_label=random,0.000000,True,True,formal_extended_baseline_screen,1311958710,2213816117,20796317.500000,703542.000000,13016905.000000,19999,10403625.246250,7915.536500,10411540.782750,10000,10000,0,9999,,,,,,,,,,,,,,,,,,,,14.613900,,480.854363,ICT,15,15.000000,,,,,,,,,,,,19999,0.500025,1301.690500,70.354200,13720447.000000,1372.044700,1.000100,20796.317500,,,,,,,,,,,,,
10000,96,prefixed,prefixed,scenario_label=prefixed,0.000000,True,True,formal_extended_baseline_screen,1066348603,733974407,26798155.000000,1663836.000000,6481897.000000,19999,13406829.963375,6568.620500,13413398.583875,10000,10000,0,9999,,,,,,,,,,,,,,,,,,,,14.613900,,373.160018,ICT,15,14.000000,,,,,,,,,48.000000,,,19999,0.500025,648.189700,166.383600,8145733.000000,814.573300,1.000100,26798.155000,,,,,,,,,,,,,
10000,96,prefix80,prefixed,scenario_label=prefix80,0.000000,True,True,formal_extended_baseline_screen,3410131684,1654221573,30760567.500000,2297822.000000,2131109.000000,19999,15389617.007625,5661.198500,15395278.206125,10000,10000,0,9999,,,,,,,,,,,,,,,,,,,,14.574200,,325.091532,ICT,15,14.000000,,,,,,,,,80.000000,,,19999,0.500025,213.110900,229.782200,4428931.000000,442.893100,1.000100,30760.567500,,,,,,,,,,,,,
10000,96,clustered,clustered,scenario_label=clustered,0.000000,True,True,formal_extended_baseline_screen,2719779022,565298063,28414755.000000,1922492.000000,6644722.000000,19999,14214889.854750,7167.345000,14222057.199750,10000,10000,0,9999,,,,,,,,,,,,,,,,,,,,14.748200,,351.929834,ICT,15,15.000000,,,,,,,,,,8.000000,64.000000,19999,0.500025,664.472200,192.249200,8567214.000000,856.721400,1.000100,28414.755000,,,,,,,,,,,,,
10000,96,random,random,scenario_label=random,0.000000,True,True,formal_extended_baseline_screen,4044322606,4236722450,20795917.500000,703478.000000,13034787.000000,19999,10404066.936375,7924.349500,10411991.285875,10000,10000,0,9999,,,,,,,,,,,,,,,,,,,,14.635500,,480.863612,ICT,16,15.000000,,,,,,,,,,,,19999,0.500025,1303.478700,70.347800,13738265.000000,1373.826500,1.000100,20795.917500,,,,,,,,,,,,,
10000,96,prefixed,prefixed,scenario_label=prefixed,0.000000,True,True,formal_extended_baseline_screen,2310609587,1300872312,26794417.500000,1663238.000000,6484122.000000,19999,13404170.020500,6568.537000,13410738.557500,10000,10000,0,9999,,,,,,,,,,,,,,,,,,,,14.618300,,373.212069,ICT,16,15.000000,,,,,,,,,48.000000,,,19999,0.500025,648.412200,166.323800,8147360.000000,814.736000,1.000100,26794.417500,,,,,,,,,,,,,
10000,96,prefix80,prefixed,scenario_label=prefix80,0.000000,True,True,formal_extended_baseline_screen,556887839,1910620923,30759330.000000,2297624.000000,2131375.000000,19999,15388117.590875,5660.935500,15393778.526375,10000,10000,0,9999,,,,,,,,,,,,,,,,,,,,14.572400,,325.104611,ICT,16,14.000000,,,,,,,,,80.000000,,,19999,0.500025,213.137500,229.762400,4428999.000000,442.899900,1.000100,30759.330000,,,,,,,,,,,,,
10000,96,clustered,clustered,scenario_label=clustered,0.000000,True,True,formal_extended_baseline_screen,2713732995,3968845843,28413130.000000,1922232.000000,6616320.000000,19999,14215176.254750,7152.624000,14222328.878750,10000,10000,0,9999,,,,,,,,,,,,,,,,,,,,14.748400,,351.949961,ICT,16,15.000000,,,,,,,,,,8.000000,64.000000,19999,0.500025,661.632000,192.223200,8538552.000000,853.855200,1.000100,28413.130000,,,,,,,,,,,,,
10000,96,random,random,scenario_label=random,0.000000,True,True,formal_extended_baseline_screen,1698610701,2209894976,20794205.000000,703204.000000,13021166.000000,19999,10403122.825875,7916.991000,10411039.816875,10000,10000,0,9999,,,,,,,,,,,,,,,,,,,,14.618400,,480.903213,ICT,17,15.000000,,,,,,,,,,,,19999,0.500025,1302.116600,70.320400,13724370.000000,1372.437000,1.000100,20794.205000,,,,,,,,,,,,,
10000,96,prefixed,prefixed,scenario_label=prefixed,0.000000,True,True,formal_extended_baseline_screen,862396413,3449699449,26794030.000000,1663176.000000,6481753.000000,19999,13403870.968250,6567.228500,13410438.196750,10000,10000,0,9999,,,,,,,,,,,,,,,,,,,,14.611300,,373.217467,ICT,17,15.000000,,,,,,,,,48.000000,,,19999,0.500025,648.175300,166.317600,8144929.000000,814.492900,1.000100,26794.030000,,,,,,,,,,,,,
10000,96,prefix80,prefixed,scenario_label=prefix80,0.000000,True,True,formal_extended_baseline_screen,3860214662,100264296,30758442.500000,2297482.000000,2131541.000000,19999,15388626.975250,5660.734500,15394287.709750,10000,10000,0,9999,,,,,,,,,,,,,,,,,,,,14.571900,,325.113991,ICT,17,15.000000,,,,,,,,,80.000000,,,19999,0.500025,213.154100,229.748200,4429023.000000,442.902300,1.000100,30758.442500,,,,,,,,,,,,,
10000,96,clustered,clustered,scenario_label=clustered,0.000000,True,True,formal_extended_baseline_screen,2168941655,531696005,28413880.000000,1922352.000000,6759728.000000,19999,14214515.927875,7224.568000,14221740.495875,10000,10000,0,9999,,,,,,,,,,,,,,,,,,,,14.867200,,351.940671,ICT,17,15.000000,,,,,,,,,,8.000000,64.000000,19999,0.500025,675.972800,192.235200,8682080.000000,868.208000,1.000100,28413.880000,,,,,,,,,,,,,
10000,96,random,random,scenario_label=random,0.000000,True,True,formal_extended_baseline_screen,3900906002,1091676338,20797830.000000,703784.000000,13015969.000000,19999,10404793.181500,7915.552500,10412708.734000,10000,10000,0,9999,,,,,,,,,,,,,,,,,,,,14.612900,,480.819393,ICT,18,15.000000,,,,,,,,,,,,19999,0.500025,1301.596900,70.378400,13719753.000000,1371.975300,1.000100,20797.830000,,,,,,,,,,,,,
10000,96,prefixed,prefixed,scenario_label=prefixed,0.000000,True,True,formal_extended_baseline_screen,1976791937,765396922,26796892.500000,1663634.000000,6485463.000000,19999,13405960.504375,6569.999500,13412530.503875,10000,10000,0,9999,,,,,,,,,,,,,,,,,,,,14.623500,,373.177599,ICT,18,15.000000,,,,,,,,,48.000000,,,19999,0.500025,648.546300,166.363400,8149097.000000,814.909700,1.000100,26796.892500,,,,,,,,,,,,,
10000,96,prefix80,prefixed,scenario_label=prefix80,0.000000,True,True,formal_extended_baseline_screen,3973543592,3469991883,30760267.500000,2297774.000000,2131411.000000,19999,15388919.911000,5661.253500,15394581.164500,10000,10000,0,9999,,,,,,,,,,,,,,,,,,,,14.578900,,325.094702,ICT,18,15.000000,,,,,,,,,80.000000,,,19999,0.500025,213.141100,229.777400,4429185.000000,442.918500,1.000100,30760.267500,,,,,,,,,,,,,
10000,96,clustered,clustered,scenario_label=clustered,0.000000,True,True,formal_extended_baseline_screen,3575544916,3570483464,28412505.000000,1922132.000000,6639461.000000,19999,14214610.705750,7163.994500,14221774.700250,10000,10000,0,9999,,,,,,,,,,,,,,,,,,,,14.745200,,351.957703,ICT,18,14.000000,,,,,,,,,,8.000000,64.000000,19999,0.500025,663.946100,192.213200,8561593.000000,856.159300,1.000100,28412.505000,,,,,,,,,,,,,
10000,96,random,random,scenario_label=random,0.000000,True,True,formal_extended_baseline_screen,3061364434,593832421,20795055.000000,703340.000000,13020451.000000,19999,10403090.863500,7916.905500,10411007.769000,10000,10000,0,9999,,,,,,,,,,,,,,,,,,,,14.617700,,480.883556,ICT,19,15.000000,,,,,,,,,,,,19999,0.500025,1302.045100,70.334000,13723791.000000,1372.379100,1.000100,20795.055000,,,,,,,,,,,,,
10000,96,prefixed,prefixed,scenario_label=prefixed,0.000000,True,True,formal_extended_baseline_screen,3116852746,3098536650,26793255.000000,1663052.000000,6483933.000000,19999,13404440.117875,6568.070500,13411008.188375,10000,10000,0,9999,,,,,,,,,,,,,,,,,,,,14.617000,,373.228262,ICT,19,14.000000,,,,,,,,,48.000000,,,19999,0.500025,648.393300,166.305200,8146985.000000,814.698500,1.000100,26793.255000,,,,,,,,,,,,,
10000,96,prefix80,prefixed,scenario_label=prefix80,0.000000,True,True,formal_extended_baseline_screen,1163800006,683981593,30760580.000000,2297824.000000,2131057.000000,19999,15388949.717000,5661.176500,15394610.893500,10000,10000,0,9999,,,,,,,,,,,,,,,,,,,,14.571300,,325.091399,ICT,19,14.000000,,,,,,,,,80.000000,,,19999,0.500025,213.105700,229.782400,4428881.000000,442.888100,1.000100,30760.580000,,,,,,,,,,,,,
10000,96,clustered,clustered,scenario_label=clustered,0.000000,True,True,formal_extended_baseline_screen,99158156,1567625404,28415442.500000,1922602.000000,6852628.000000,19999,14216547.668875,7271.518000,14223819.186875,10000,10000,0,9999,,,,,,,,,,,,,,,,,,,,15.000800,,351.921319,ICT,19,15.000000,,,,,,,,,,8.000000,64.000000,19999,0.500025,685.262800,192.260200,8775230.000000,877.523000,1.000100,28415.442500,,,,,,,,,,,,,
10000,96,random,random,scenario_label=random,0.000000,True,True,formal_extended_baseline_screen,3722875878,2212371745,20796067.500000,703502.000000,13026793.000000,19999,10405187.871125,7920.400500,10413108.271625,10000,10000,0,9999,,,,,,,,,,,,,,,,,,,,14.625600,,480.860143,ICT,20,15.000000,,,,,,,,,,,,19999,0.500025,1302.679300,70.350200,13730295.000000,1373.029500,1.000100,20796.067500,,,,,,,,,,,,,
10000,96,prefixed,prefixed,scenario_label=prefixed,0.000000,True,True,formal_extended_baseline_screen,3001598358,4170822050,26795917.500000,1663478.000000,6484824.000000,19999,13404383.988750,6569.368000,13410953.356750,10000,10000,0,9999,,,,,,,,,,,,,,,,,,,,14.621400,,373.191177,ICT,20,14.000000,,,,,,,,,48.000000,,,19999,0.500025,648.482400,166.347800,8148302.000000,814.830200,1.000100,26795.917500,,,,,,,,,,,,,
10000,96,prefix80,prefixed,scenario_label=prefix80,0.000000,True,True,formal_extended_baseline_screen,1969154653,2721224457,30759967.500000,2297726.000000,2131352.000000,19999,15389664.821500,5661.128000,15395325.949500,10000,10000,0,9999,,,,,,,,,,,,,,,,,,,,14.577400,,325.097873,ICT,20,15.000000,,,,,,,,,80.000000,,,19999,0.500025,213.135200,229.772600,4429078.000000,442.907800,1.000100,30759.967500,,,,,,,,,,,,,
10000,96,clustered,clustered,scenario_label=clustered,0.000000,True,True,formal_extended_baseline_screen,3278615476,2693059277,28416130.000000,1922712.000000,6994626.000000,19999,14215323.059500,7342.737000,14222665.796500,10000,10000,0,9999,,,,,,,,,,,,,,,,,,,,15.123900,,351.912804,ICT,20,14.000000,,,,,,,,,,8.000000,64.000000,19999,0.500025,699.462600,192.271200,8917338.000000,891.733800,1.000100,28416.130000,,,,,,,,,,,,,
10000,96,random,random,scenario_label=random,0.000000,True,True,formal_extended_baseline_screen,1880512712,2497128005,20798542.500000,703898.000000,13031981.000000,19999,10405719.938250,7923.786500,10413643.724750,10000,10000,0,9999,,,,,,,,,,,,,,,,,,,,14.632600,,480.802922,ICT,21,14.000000,,,,,,,,,,,,19999,0.500025,1303.198100,70.389800,13735879.000000,1373.587900,1.000100,20798.542500,,,,,,,,,,,,,
10000,96,prefixed,prefixed,scenario_label=prefixed,0.000000,True,True,formal_extended_baseline_screen,2792116651,2332425898,26793867.500000,1663150.000000,6480447.000000,19999,13404936.974000,6566.523500,13411503.497500,10000,10000,0,9999,,,,,,,,,,,,,,,,,,,,14.607400,,373.219730,ICT,21,15.000000,,,,,,,,,48.000000,,,19999,0.500025,648.044700,166.315000,8143597.000000,814.359700,1.000100,26793.867500,,,,,,,,,,,,,
10000,96,prefix80,prefixed,scenario_label=prefix80,0.000000,True,True,formal_extended_baseline_screen,3818182820,2380795349,30759567.500000,2297662.000000,2131328.000000,19999,15388500.813875,5660.988000,15394161.801875,10000,10000,0,9999,,,,,,,,,,,,,,,,,,,,14.573100,,325.102100,ICT,21,14.000000,,,,,,,,,80.000000,,,19999,0.500025,213.132800,229.766200,4428990.000000,442.899000,1.000100,30759.567500,,,,,,,,,,,,,
10000,96,clustered,clustered,scenario_label=clustered,0.000000,True,True,formal_extended_baseline_screen,1495572643,2354563684,28412405.000000,1922116.000000,6636360.000000,19999,14214472.150375,7162.412000,14221634.562375,10000,10000,0,9999,,,,,,,,,,,,,,,,,,,,14.742700,,351.958942,ICT,21,15.000000,,,,,,,,,,8.000000,64.000000,19999,0.500025,663.636000,192.211600,8558476.000000,855.847600,1.000100,28412.405000,,,,,,,,,,,,,
10000,96,random,random,scenario_label=random,0.000000,True,True,formal_extended_baseline_screen,2483842946,180147045,20798042.500000,703818.000000,13017471.000000,19999,10406174.779375,7916.371500,10414091.150875,10000,10000,0,9999,,,,,,,,,,,,,,,,,,,,14.614900,,480.814480,ICT,22,14.000000,,,,,,,,,,,,19999,0.500025,1301.747100,70.381800,13721289.000000,1372.128900,1.000100,20798.042500,,,,,,,,,,,,,
10000,96,prefixed,prefixed,scenario_label=prefixed,0.000000,True,True,formal_extended_baseline_screen,664859573,717139072,26794680.000000,1663280.000000,6482404.000000,19999,13404686.696750,6567.762000,13411254.458750,10000,10000,0,9999,,,,,,,,,,,,,,,,,,,,14.613500,,373.208413,ICT,22,15.000000,,,,,,,,,48.000000,,,19999,0.500025,648.240400,166.328000,8145684.000000,814.568400,1.000100,26794.680000,,,,,,,,,,,,,
10000,96,prefix80,prefixed,scenario_label=prefix80,0.000000,True,True,formal_extended_baseline_screen,647152320,3438811828,30760155.000000,2297756.000000,2131337.000000,19999,15389972.586375,5661.180500,15395633.766875,10000,10000,0,9999,,,,,,,,,,,,,,,,,,,,14.577300,,325.095891,ICT,22,14.000000,,,,,,,,,80.000000,,,19999,0.500025,213.133700,229.775600,4429093.000000,442.909300,1.000100,30760.155000,,,,,,,,,,,,,
10000,96,clustered,clustered,scenario_label=clustered,0.000000,True,True,formal_extended_baseline_screen,2138889899,2061229828,28415042.500000,1922538.000000,6765193.000000,19999,14216195.014125,7227.672500,14223422.686625,10000,10000,0,9999,,,,,,,,,,,,,,,,,,,,14.864500,,351.926273,ICT,22,15.000000,,,,,,,,,,8.000000,64.000000,19999,0.500025,676.519300,192.253800,8687731.000000,868.773100,1.000100,28415.042500,,,,,,,,,,,,,
10000,96,random,random,scenario_label=random,0.000000,True,True,formal_extended_baseline_screen,484606977,2649652527,20796030.000000,703496.000000,13018934.000000,19999,10403743.735125,7916.459000,10411660.194125,10000,10000,0,9999,,,,,,,,,,,,,,,,,,,,14.616400,,480.861010,ICT,23,15.000000,,,,,,,,,,,,19999,0.500025,1301.893400,70.349600,13722430.000000,1372.243000,1.000100,20796.030000,,,,,,,,,,,,,
10000,96,prefixed,prefixed,scenario_label=prefixed,0.000000,True,True,formal_extended_baseline_screen,4122393112,2273237208,26795317.500000,1663382.000000,6483593.000000,19999,13405860.645500,6568.560500,13412429.206000,10000,10000,0,9999,,,,,,,,,,,,,,,,,,,,14.617200,,373.199534,ICT,23,15.000000,,,,,,,,,48.000000,,,19999,0.500025,648.359300,166.338200,8146975.000000,814.697500,1.000100,26795.317500,,,,,,,,,,,,,
10000,96,prefix80,prefixed,scenario_label=prefix80,0.000000,True,True,formal_extended_baseline_screen,2468324303,88027937,30760642.500000,2297834.000000,2131420.000000,19999,15389559.563500,5661.378000,15395220.941500,10000,10000,0,9999,,,,,,,,,,,,,,,,,,,,14.582100,,325.090739,ICT,23,15.000000,,,,,,,,,80.000000,,,19999,0.500025,213.142000,229.783400,4429254.000000,442.925400,1.000100,30760.642500,,,,,,,,,,,,,
10000,96,clustered,clustered,scenario_label=clustered,0.000000,True,True,formal_extended_baseline_screen,3200206661,1731603650,28412192.500000,1922082.000000,6648138.000000,19999,14214223.550875,7168.233000,14221391.783875,10000,10000,0,9999,,,,,,,,,,,,,,,,,,,,14.744700,,351.961574,ICT,23,16.000000,,,,,,,,,,8.000000,64.000000,19999,0.500025,664.813800,192.208200,8570220.000000,857.022000,1.000100,28412.192500,,,,,,,,,,,,,
10000,96,random,random,scenario_label=random,0.000000,True,True,formal_extended_baseline_screen,4167451253,2152614853,20797292.500000,703698.000000,13022738.000000,19999,10404750.405125,7918.765000,10412669.170125,10000,10000,0,9999,,,,,,,,,,,,,,,,,,,,14.621100,,480.831820,ICT,24,15.000000,,,,,,,,,,,,19999,0.500025,1302.273800,70.369800,13726436.000000,1372.643600,1.000100,20797.292500,,,,,,,,,,,,,
10000,96,prefixed,prefixed,scenario_label=prefixed,0.000000,True,True,formal_extended_baseline_screen,2427110912,3360381004,26796055.000000,1663500.000000,6485562.000000,19999,13406847.737500,6569.781000,13413417.518500,10000,10000,0,9999,,,,,,,,,,,,,,,,,,,,14.623600,,373.189262,ICT,24,15.000000,,,,,,,,,48.000000,,,19999,0.500025,648.556200,166.350000,8149062.000000,814.906200,1.000100,26796.055000,,,,,,,,,,,,,
10000,96,prefix80,prefixed,scenario_label=prefix80,0.000000,True,True,formal_extended_baseline_screen,4263242191,2381978147,30761805.000000,2298020.000000,2131081.000000,19999,15389877.038250,5661.580500,15395538.618750,10000,10000,0,9999,,,,,,,,,,,,,,,,,,,,14.578300,,325.078454,ICT,24,15.000000,,,,,,,,,80.000000,,,19999,0.500025,213.108100,229.802000,4429101.000000,442.910100,1.000100,30761.805000,,,,,,,,,,,,,
10000,96,clustered,clustered,scenario_label=clustered,0.000000,True,True,formal_extended_baseline_screen,3387768436,1398767748,28415117.500000,1922550.000000,7340731.000000,19999,14216348.414375,7515.465500,14223863.879875,10000,10000,0,9999,,,,,,,,,,,,,,,,,,,,15.503600,,351.925344,ICT,24,16.000000,,,,,,,,,,8.000000,64.000000,19999,0.500025,734.073100,192.255000,9263281.000000,926.328100,1.000100,28415.117500,,,,,,,,,,,,,
10000,96,random,random,scenario_label=random,0.000000,True,True,formal_extended_baseline_screen,1401592609,837816401,20798692.500000,703922.000000,13021801.000000,19999,10404616.684750,7918.744500,10412535.429250,10000,10000,0,9999,,,,,,,,,,,,,,,,,,,,14.620300,,480.799454,ICT,25,15.000000,,,,,,,,,,,,19999,0.500025,1302.180100,70.392200,13725723.000000,1372.572300,1.000100,20798.692500,,,,,,,,,,,,,
10000,96,prefixed,prefixed,scenario_label=prefixed,0.000000,True,True,formal_extended_baseline_screen,4217303339,2605290658,26794092.500000,1663186.000000,6482309.000000,19999,13403883.520875,6567.526500,13410451.047375,10000,10000,0,9999,,,,,,,,,,,,,,,,,,,,14.613200,,373.216596,ICT,25,14.000000,,,,,,,,,48.000000,,,19999,0.500025,648.230900,166.318600,8145495.000000,814.549500,1.000100,26794.092500,,,,,,,,,,,,,
10000,96,prefix80,prefixed,scenario_label=prefix80,0.000000,True,True,formal_extended_baseline_screen,2677772902,3268113203,30759580.000000,2297664.000000,2131635.000000,19999,15389487.010125,5661.145500,15395148.155625,10000,10000,0,9999,,,,,,,,,,,,,,,,,,,,14.583700,,325.101968,ICT,25,15.000000,,,,,,,,,80.000000,,,19999,0.500025,213.163500,229.766400,4429299.000000,442.929900,1.000100,30759.580000,,,,,,,,,,,,,
10000,96,clustered,clustered,scenario_label=clustered,0.000000,True,True,formal_extended_baseline_screen,4190779514,2952267118,28413717.500000,1922326.000000,6635360.000000,19999,14214479.971125,7162.332000,14221642.303125,10000,10000,0,9999,,,,,,,,,,,,,,,,,,,,14.745000,,351.942684,ICT,25,15.000000,,,,,,,,,,8.000000,64.000000,19999,0.500025,663.536000,192.232600,8557686.000000,855.768600,1.000100,28413.717500,,,,,,,,,,,,,
10000,96,random,random,scenario_label=random,0.000000,True,True,formal_extended_baseline_screen,2865864341,874965586,20798842.500000,703946.000000,13023452.000000,19999,10405715.868625,7919.618000,10413635.486625,10000,10000,0,9999,,,,,,,,,,,,,,,,,,,,14.622300,,480.795987,ICT,26,15.000000,,,,,,,,,,,,19999,0.500025,1302.345200,70.394600,13727398.000000,1372.739800,1.000100,20798.842500,,,,,,,,,,,,,
10000,96,prefixed,prefixed,scenario_label=prefixed,0.000000,True,True,formal_extended_baseline_screen,1478210380,2334065173,26794805.000000,1663300.000000,6483078.000000,19999,13404258.325375,6568.139000,13410826.464375,10000,10000,0,9999,,,,,,,,,,,,,,,,,,,,14.615600,,373.206672,ICT,26,15.000000,,,,,,,,,48.000000,,,19999,0.500025,648.307800,166.330000,8146378.000000,814.637800,1.000100,26794.805000,,,,,,,,,,,,,
10000,96,prefix80,prefixed,scenario_label=prefix80,0.000000,True,True,formal_extended_baseline_screen,229837212,1734245434,30759442.500000,2297642.000000,2131454.000000,19999,15388360.612500,5661.011000,15394021.623500,10000,10000,0,9999,,,,,,,,,,,,,,,,,,,,14.575800,,325.103421,ICT,26,15.000000,,,,,,,,,80.000000,,,19999,0.500025,213.145400,229.764200,4429096.000000,442.909600,1.000100,30759.442500,,,,,,,,,,,,,
10000,96,clustered,clustered,scenario_label=clustered,0.000000,True,True,formal_extended_baseline_screen,3925234375,3727680487,28417430.000000,1922920.000000,6656854.000000,19999,14216995.524500,7174.267000,14224169.791500,10000,10000,0,9999,,,,,,,,,,,,,,,,,,,,14.755400,,351.896706,ICT,26,14.000000,,,,,,,,,,8.000000,64.000000,19999,0.500025,665.685400,192.292000,8579774.000000,857.977400,1.000100,28417.430000,,,,,,,,,,,,,
10000,96,random,random,scenario_label=random,0.000000,True,True,formal_extended_baseline_screen,1975682606,3000642751,20794492.500000,703250.000000,13019654.000000,19999,10403944.644250,7916.327000,10411860.971250,10000,10000,0,9999,,,,,,,,,,,,,,,,,,,,14.616600,,480.896564,ICT,27,14.000000,,,,,,,,,,,,19999,0.500025,1301.965400,70.325000,13722904.000000,1372.290400,1.000100,20794.492500,,,,,,,,,,,,,
10000,96,prefixed,prefixed,scenario_label=prefixed,0.000000,True,True,formal_extended_baseline_screen,3217990807,3982595904,26796492.500000,1663570.000000,6484501.000000,19999,13406762.045750,6569.390500,13413331.436250,10000,10000,0,9999,,,,,,,,,,,,,,,,,,,,14.620500,,373.183169,ICT,27,15.000000,,,,,,,,,48.000000,,,19999,0.500025,648.450100,166.357000,8148071.000000,814.807100,1.000100,26796.492500,,,,,,,,,,,,,
10000,96,prefix80,prefixed,scenario_label=prefix80,0.000000,True,True,formal_extended_baseline_screen,2830123666,1087680287,30758455.000000,2297484.000000,2131795.000000,19999,15388235.941125,5660.865500,15393896.806625,10000,10000,0,9999,,,,,,,,,,,,,,,,,,,,14.580800,,325.113859,ICT,27,15.000000,,,,,,,,,80.000000,,,19999,0.500025,213.179500,229.748400,4429279.000000,442.927900,1.000100,30758.455000,,,,,,,,,,,,,
10000,96,clustered,clustered,scenario_label=clustered,0.000000,True,True,formal_extended_baseline_screen,3377847691,1506761055,28414405.000000,1922436.000000,6625782.000000,19999,14216085.725250,7157.763000,14223243.488250,10000,10000,0,9999,,,,,,,,,,,,,,,,,,,,14.741300,,351.934169,ICT,27,15.000000,,,,,,,,,,8.000000,64.000000,19999,0.500025,662.578200,192.243600,8548218.000000,854.821800,1.000100,28414.405000,,,,,,,,,,,,,
10000,96,random,random,scenario_label=random,0.000000,True,True,formal_extended_baseline_screen,264712398,1061126937,20795917.500000,703478.000000,13016513.000000,19999,10404630.468375,7915.212500,10412545.680875,10000,10000,0,9999,,,,,,,,,,,,,,,,,,,,14.613200,,480.863612,ICT,28,15.000000,,,,,,,,,,,,19999,0.500025,1301.651300,70.347800,13719991.000000,1371.999100,1.000100,20795.917500,,,,,,,,,,,,,
10000,96,prefixed,prefixed,scenario_label=prefixed,0.000000,True,True,formal_extended_baseline_screen,2849627408,836933949,26795005.000000,1663332.000000,6482664.000000,19999,13405809.603125,6567.996000,13412377.599125,10000,10000,0,9999,,,,,,,,,,,,,,,,,,,,14.614600,,373.203886,ICT,28,14.000000,,,,,,,,,48.000000,,,19999,0.500025,648.266400,166.333200,8145996.000000,814.599600,1.000100,26795.005000,,,,,,,,,,,,,
10000,96,prefix80,prefixed,scenario_label=prefix80,0.000000,True,True,formal_extended_baseline_screen,2205676394,1934330026,30759617.500000,2297670.000000,2131435.000000,19999,15389139.706250,5661.057500,15394800.763750,10000,10000,0,9999,,,,,,,,,,,,,,,,,,,,14.574300,,325.101572,ICT,28,14.000000,,,,,,,,,80.000000,,,19999,0.500025,213.143500,229.767000,4429105.000000,442.910500,1.000100,30759.617500,,,,,,,,,,,,,
10000,96,clustered,clustered,scenario_label=clustered,0.000000,True,True,formal_extended_baseline_screen,1883537458,26362123,28414930.000000,1922520.000000,7105481.000000,19999,14214417.781375,7397.780500,14221815.561875,10000,10000,0,9999,,,,,,,,,,,,,,,,,,,,15.246500,,351.927666,ICT,28,14.000000,,,,,,,,,,8.000000,64.000000,19999,0.500025,710.548100,192.252000,9028001.000000,902.800100,1.000100,28414.930000,,,,,,,,,,,,,
10000,96,random,random,scenario_label=random,0.000000,True,True,formal_extended_baseline_screen,814411954,2894013909,20794967.500000,703326.000000,13019535.000000,19999,10403887.015125,7916.419500,10411803.434625,10000,10000,0,9999,,,,,,,,,,,,,,,,,,,,14.616700,,480.885580,ICT,29,15.000000,,,,,,,,,,,,19999,0.500025,1301.953500,70.332600,13722861.000000,1372.286100,1.000100,20794.967500,,,,,,,,,,,,,
10000,96,prefixed,prefixed,scenario_label=prefixed,0.000000,True,True,formal_extended_baseline_screen,3130433991,3099049,26797855.000000,1663788.000000,6486030.000000,19999,13406233.462625,6570.591000,13412804.053625,10000,10000,0,9999,,,,,,,,,,,,,,,,,,,,14.625500,,373.164195,ICT,29,15.000000,,,,,,,,,48.000000,,,19999,0.500025,648.603000,166.378800,8149818.000000,814.981800,1.000100,26797.855000,,,,,,,,,,,,,
10000,96,prefix80,prefixed,scenario_label=prefix80,0.000000,True,True,formal_extended_baseline_screen,1229335753,2418032337,30758042.500000,2297418.000000,2131542.000000,19999,15387916.222125,5660.607000,15393576.829125,10000,10000,0,9999,,,,,,,,,,,,,,,,,,,,14.570300,,325.118219,ICT,29,17.000000,,,,,,,,,80.000000,,,19999,0.500025,213.154200,229.741800,4428960.000000,442.896000,1.000100,30758.042500,,,,,,,,,,,,,
10000,96,clustered,clustered,scenario_label=clustered,0.000000,True,True,formal_extended_baseline_screen,3172725409,4042300449,28412792.500000,1922178.000000,6876785.000000,19999,14214017.601250,7282.748500,14221300.349750,10000,10000,0,9999,,,,,,,,,,,,,,,,,,,,14.994600,,351.954142,ICT,29,16.000000,,,,,,,,,,8.000000,64.000000,19999,0.500025,687.678500,192.217800,8798963.000000,879.896300,1.000100,28412.792500,,,,,,,,,,,,,
10000,96,random,random,scenario_label=random,0.000000,True,True,formal_extended_baseline_screen,1675969911,3970810288,20797167.500000,703678.000000,13033086.000000,19999,10405356.116500,7923.899000,10413280.015500,10000,10000,0,9999,,,,,,,,,,,,,,,,,,,,14.633800,,480.834710,ICT,30,15.000000,,,,,,,,,,,,19999,0.500025,1303.308600,70.367800,13736764.000000,1373.676400,1.000100,20797.167500,,,,,,,,,,,,,
10000,96,prefixed,prefixed,scenario_label=prefixed,0.000000,True,True,formal_extended_baseline_screen,2782577657,4010116174,26795192.500000,1663362.000000,6487291.000000,19999,13405471.946250,6570.369500,13412042.315750,10000,10000,0,9999,,,,,,,,,,,,,,,,,,,,14.627900,,373.201275,ICT,30,15.000000,,,,,,,,,48.000000,,,19999,0.500025,648.729100,166.336200,8150653.000000,815.065300,1.000100,26795.192500,,,,,,,,,,,,,
10000,96,prefix80,prefixed,scenario_label=prefix80,0.000000,True,True,formal_extended_baseline_screen,511059701,3021084129,30758692.500000,2297522.000000,2131586.000000,19999,15388176.345250,5660.837000,15393837.182250,10000,10000,0,9999,,,,,,,,,,,,,,,,,,,,14.576700,,325.111349,ICT,30,15.000000,,,,,,,,,80.000000,,,19999,0.500025,213.158600,229.752200,4429108.000000,442.910800,1.000100,30758.692500,,,,,,,,,,,,,
10000,96,clustered,clustered,scenario_label=clustered,0.000000,True,True,formal_extended_baseline_screen,3855081597,2668331039,28413992.500000,1922370.000000,6652101.000000,19999,14216223.018375,7170.790500,14223393.808875,10000,10000,0,9999,,,,,,,,,,,,,,,,,,,,14.741900,,351.939278,ICT,30,15.000000,,,,,,,,,,8.000000,64.000000,19999,0.500025,665.210100,192.237000,8574471.000000,857.447100,1.000100,28413.992500,,,,,,,,,,,,,
10000,96,random,random,scenario_label=random,0.000000,True,True,formal_extended_baseline_screen,3265993510,1958014836,20797242.500000,703690.000000,13026669.000000,19999,10405038.428500,7920.714500,10412959.143000,10000,10000,0,9999,,,,,,,,,,,,,,,,,,,,14.626000,,480.832976,ICT,31,14.000000,,,,,,,,,,,,19999,0.500025,1302.666900,70.369000,13730359.000000,1373.035900,1.000100,20797.242500,,,,,,,,,,,,,
10000,96,prefixed,prefixed,scenario_label=prefixed,0.000000,True,True,formal_extended_baseline_screen,1064392848,3427306976,26795892.500000,1663474.000000,6482588.000000,19999,13406056.168000,6568.242000,13412624.410000,10000,10000,0,9999,,,,,,,,,,,,,,,,,,,,14.614500,,373.191526,ICT,31,15.000000,,,,,,,,,48.000000,,,19999,0.500025,648.258800,166.347400,8146062.000000,814.606200,1.000100,26795.892500,,,,,,,,,,,,,
10000,96,prefix80,prefixed,scenario_label=prefix80,0.000000,True,True,formal_extended_baseline_screen,2404369372,86344133,30759655.000000,2297676.000000,2131462.000000,19999,15388258.645875,5661.083000,15393919.728875,10000,10000,0,9999,,,,,,,,,,,,,,,,,,,,14.577100,,325.101176,ICT,31,15.000000,,,,,,,,,80.000000,,,19999,0.500025,213.146200,229.767600,4429138.000000,442.913800,1.000100,30759.655000,,,,,,,,,,,,,
10000,96,clustered,clustered,scenario_label=clustered,0.000000,True,True,formal_extended_baseline_screen,1581184839,3454234692,28417030.000000,1922856.000000,6978553.000000,19999,14215730.740500,7334.988500,14223065.729000,10000,10000,0,9999,,,,,,,,,,,,,,,,,,,,15.126300,,351.901659,ICT,31,15.000000,,,,,,,,,,8.000000,64.000000,19999,0.500025,697.855300,192.285600,8901409.000000,890.140900,1.000100,28417.030000,,,,,,,,,,,,,
10000,96,random,random,scenario_label=random,0.000000,True,True,formal_extended_baseline_screen,2252910599,3036632037,20794742.500000,703290.000000,13023987.000000,19999,10403439.838250,7918.573500,10411358.411750,10000,10000,0,9999,,,,,,,,,,,,,,,,,,,,14.622000,,480.890783,ICT,32,15.000000,,,,,,,,,,,,19999,0.500025,1302.398700,70.329000,13727277.000000,1372.727700,1.000100,20794.742500,,,,,,,,,,,,,
10000,96,prefixed,prefixed,scenario_label=prefixed,0.000000,True,True,formal_extended_baseline_screen,3774357635,132268042,26796030.000000,1663496.000000,6483546.000000,19999,13405812.573250,6568.765000,13412381.338250,10000,10000,0,9999,,,,,,,,,,,,,,,,,,,,14.617800,,373.189611,ICT,32,16.000000,,,,,,,,,48.000000,,,19999,0.500025,648.354600,166.349600,8147042.000000,814.704200,1.000100,26796.030000,,,,,,,,,,,,,
10000,96,prefix80,prefixed,scenario_label=prefix80,0.000000,True,True,formal_extended_baseline_screen,3552680233,3495373218,30760467.500000,2297806.000000,2131098.000000,19999,15389685.124000,5661.161000,15395346.285000,10000,10000,0,9999,,,,,,,,,,,,,,,,,,,,14.571200,,325.092588,ICT,32,15.000000,,,,,,,,,80.000000,,,19999,0.500025,213.109800,229.780600,4428904.000000,442.890400,1.000100,30760.467500,,,,,,,,,,,,,
10000,96,clustered,clustered,scenario_label=clustered,0.000000,True,True,formal_extended_baseline_screen,1120776253,657592623,28414617.500000,1922470.000000,6625113.000000,19999,14214485.703500,7157.496500,14221643.200000,10000,10000,0,9999,,,,,,,,,,,,,,,,,,,,14.738600,,351.931537,ICT,32,15.000000,,,,,,,,,,8.000000,64.000000,19999,0.500025,662.511300,192.247000,8547583.000000,854.758300,1.000100,28414.617500,,,,,,,,,,,,,
10000,96,random,random,scenario_label=random,0.000000,True,True,formal_extended_baseline_screen,2042956436,2473016068,20795592.500000,703426.000000,13030068.000000,19999,10404797.194375,7921.886000,10412719.080375,10000,10000,0,9999,,,,,,,,,,,,,,,,,,,,14.629600,,480.871127,ICT,33,15.000000,,,,,,,,,,,,19999,0.500025,1303.006800,70.342600,13733494.000000,1373.349400,1.000100,20795.592500,,,,,,,,,,,,,
10000,96,prefixed,prefixed,scenario_label=prefixed,0.000000,True,True,formal_extended_baseline_screen,2604247550,3916181683,26796830.000000,1663624.000000,6483786.000000,19999,13406021.599875,6569.141000,13412590.740875,10000,10000,0,9999,,,,,,,,,,,,,,,,,,,,14.618300,,373.178469,ICT,33,15.000000,,,,,,,,,48.000000,,,19999,0.500025,648.378600,166.362400,8147410.000000,814.741000,1.000100,26796.830000,,,,,,,,,,,,,
10000,96,prefix80,prefixed,scenario_label=prefix80,0.000000,True,True,formal_extended_baseline_screen,4264852947,39204321,30760017.500000,2297734.000000,2131354.000000,19999,15389207.598500,5661.145000,15394868.743500,10000,10000,0,9999,,,,,,,,,,,,,,,,,,,,14.578700,,325.097344,ICT,33,16.000000,,,,,,,,,80.000000,,,19999,0.500025,213.135400,229.773400,4429088.000000,442.908800,1.000100,30760.017500,,,,,,,,,,,,,
10000,96,clustered,clustered,scenario_label=clustered,0.000000,True,True,formal_extended_baseline_screen,1884500039,1054225854,28416355.000000,1922748.000000,6748028.000000,19999,14215907.505375,7219.510000,14223127.015375,10000,10000,0,9999,,,,,,,,,,,,,,,,,,,,14.866700,,351.910018,ICT,33,15.000000,,,,,,,,,,8.000000,64.000000,19999,0.500025,674.802800,192.274800,8670776.000000,867.077600,1.000100,28416.355000,,,,,,,,,,,,,
10000,96,random,random,scenario_label=random,0.000000,True,True,formal_extended_baseline_screen,1926156841,2865052132,20798905.000000,703956.000000,13025688.000000,19999,10405934.257375,7920.756000,10413855.013375,10000,10000,0,9999,,,,,,,,,,,,,,,,,,,,14.624800,,480.794542,ICT,34,15.000000,,,,,,,,,,,,19999,0.500025,1302.568800,70.395600,13729644.000000,1372.964400,1.000100,20798.905000,,,,,,,,,,,,,
10000,96,prefixed,prefixed,scenario_label=prefixed,0.000000,True,True,formal_extended_baseline_screen,304335199,2493212428,26797155.000000,1663676.000000,6480770.000000,19999,13405321.770375,6567.737000,13411889.507375,10000,10000,0,9999,,,,,,,,,,,,,,,,,,,,14.610300,,373.173943,ICT,34,14.000000,,,,,,,,,48.000000,,,19999,0.500025,648.077000,166.367600,8144446.000000,814.444600,1.000100,26797.155000,,,,,,,,,,,,,
10000,96,prefix80,prefixed,scenario_label=prefix80,0.000000,True,True,formal_extended_baseline_screen,1538798478,1195382081,30758480.000000,2297488.000000,2131555.000000,19999,15388219.653500,5660.753500,15393880.407000,10000,10000,0,9999,,,,,,,,,,,,,,,,,,,,14.574100,,325.113595,ICT,34,15.000000,,,,,,,,,80.000000,,,19999,0.500025,213.155500,229.748800,4429043.000000,442.904300,1.000100,30758.480000,,,,,,,,,,,,,
10000,96,clustered,clustered,scenario_label=clustered,0.000000,True,True,formal_extended_baseline_screen,2234370540,2456931297,28416192.500000,1922722.000000,6865081.000000,19999,14215825.055125,7277.984500,14223103.039625,10000,10000,0,9999,,,,,,,,,,,,,,,,,,,,15.001500,,351.912030,ICT,34,14.000000,,,,,,,,,,8.000000,64.000000,19999,0.500025,686.508100,192.272200,8787803.000000,878.780300,1.000100,28416.192500,,,,,,,,,,,,,
10000,96,random,random,scenario_label=random,0.000000,True,True,formal_extended_baseline_screen,2690207514,2858115039,20795042.500000,703338.000000,13021517.000000,19999,10403487.784750,7917.434500,10411405.219250,10000,10000,0,9999,,,,,,,,,,,,,,,,,,,,14.619000,,480.883845,ICT,35,15.000000,,,,,,,,,,,,19999,0.500025,1302.151700,70.333800,13724855.000000,1372.485500,1.000100,20795.042500,,,,,,,,,,,,,
10000,96,prefixed,prefixed,scenario_label=prefixed,0.000000,True,True,formal_extended_baseline_screen,4048739445,286811658,26797067.500000,1663662.000000,6483692.000000,19999,13405299.329250,6569.170000,13411868.499250,10000,10000,0,9999,,,,,,,,,,,,,,,,,,,,14.618800,,373.175162,ICT,35,15.000000,,,,,,,,,48.000000,,,19999,0.500025,648.369200,166.366200,8147354.000000,814.735400,1.000100,26797.067500,,,,,,,,,,,,,
10000,96,prefix80,prefixed,scenario_label=prefix80,0.000000,True,True,formal_extended_baseline_screen,2800648159,1605764223,30758017.500000,2297414.000000,2131589.000000,19999,15387775.496375,5660.622500,15393436.118875,10000,10000,0,9999,,,,,,,,,,,,,,,,,,,,14.570200,,325.118483,ICT,35,14.000000,,,,,,,,,80.000000,,,19999,0.500025,213.158900,229.741400,4429003.000000,442.900300,1.000100,30758.017500,,,,,,,,,,,,,
10000,96,clustered,clustered,scenario_label=clustered,0.000000,True,True,formal_extended_baseline_screen,1745901410,3930755034,28415842.500000,1922666.000000,7095637.000000,19999,14216345.680875,7393.150500,14223738.831375,10000,10000,0,9999,,,,,,,,,,,,,,,,,,,,15.253700,,351.916365,ICT,35,15.000000,,,,,,,,,,8.000000,64.000000,19999,0.500025,709.563700,192.266600,9018303.000000,901.830300,1.000100,28415.842500,,,,,,,,,,,,,
10000,96,random,random,scenario_label=random,0.000000,True,True,formal_extended_baseline_screen,1928770138,1596317760,20793192.500000,703042.000000,13014497.000000,19999,10402474.986750,7913.332500,10410388.319250,10000,10000,0,9999,,,,,,,,,,,,,,,,,,,,14.610200,,480.926630,ICT,36,14.000000,,,,,,,,,,,,19999,0.500025,1301.449700,70.304200,13717539.000000,1371.753900,1.000100,20793.192500,,,,,,,,,,,,,
10000,96,prefixed,prefixed,scenario_label=prefixed,0.000000,True,True,formal_extended_baseline_screen,1318647535,2092331887,26792967.500000,1663006.000000,6486006.000000,19999,13405268.719375,6569.015000,13411837.734375,10000,10000,0,9999,,,,,,,,,,,,,,,,,,,,14.623100,,373.232267,ICT,36,14.000000,,,,,,,,,48.000000,,,19999,0.500025,648.600600,166.300600,8149012.000000,814.901200,1.000100,26792.967500,,,,,,,,,,,,,
10000,96,prefix80,prefixed,scenario_label=prefix80,0.000000,True,True,formal_extended_baseline_screen,2487161622,3577168530,30759967.500000,2297726.000000,2131326.000000,19999,15388497.522875,5661.115000,15394158.637875,10000,10000,0,9999,,,,,,,,,,,,,,,,,,,,14.575900,,325.097873,ICT,36,15.000000,,,,,,,,,80.000000,,,19999,0.500025,213.132600,229.772600,4429052.000000,442.905200,1.000100,30759.967500,,,,,,,,,,,,,
10000,96,clustered,clustered,scenario_label=clustered,0.000000,True,True,formal_extended_baseline_screen,3755104620,1491401422,28412492.500000,1922130.000000,6631711.000000,19999,14213510.875250,7160.115500,14220670.990750,10000,10000,0,9999,,,,,,,,,,,,,,,,,,,,14.744600,,351.957858,ICT,36,14.000000,,,,,,,,,,8.000000,64.000000,19999,0.500025,663.171100,192.213000,8553841.000000,855.384100,1.000100,28412.492500,,,,,,,,,,,,,
10000,96,random,random,scenario_label=random,0.000000,True,True,formal_extended_baseline_screen,3956758156,1653828746,20799442.500000,704042.000000,13026751.000000,19999,10404427.123500,7921.459500,10412348.583000,10000,10000,0,9999,,,,,,,,,,,,,,,,,,,,14.626400,,480.782117,ICT,37,15.000000,,,,,,,,,,,,19999,0.500025,1302.675100,70.404200,13730793.000000,1373.079300,1.000100,20799.442500,,,,,,,,,,,,,
10000,96,prefixed,prefixed,scenario_label=prefixed,0.000000,True,True,formal_extended_baseline_screen,1372255346,3102549211,26798155.000000,1663836.000000,6484518.000000,19999,13406951.732250,6569.931000,13413521.663250,10000,10000,0,9999,,,,,,,,,,,,,,,,,,,,14.621900,,373.160018,ICT,37,14.000000,,,,,,,,,48.000000,,,19999,0.500025,648.451800,166.383600,8148354.000000,814.835400,1.000100,26798.155000,,,,,,,,,,,,,
10000,96,prefix80,prefixed,scenario_label=prefix80,0.000000,True,True,formal_extended_baseline_screen,707353532,341463016,30758867.500000,2297550.000000,2131372.000000,19999,15387677.729500,5660.786000,15393338.515500,10000,10000,0,9999,,,,,,,,,,,,,,,,,,,,14.572500,,325.109499,ICT,37,14.000000,,,,,,,,,80.000000,,,19999,0.500025,213.137200,229.755000,4428922.000000,442.892200,1.000100,30758.867500,,,,,,,,,,,,,
10000,96,clustered,clustered,scenario_label=clustered,0.000000,True,True,formal_extended_baseline_screen,1062845759,724745160,28416605.000000,1922788.000000,7324707.000000,19999,14216800.758375,7507.929500,14224308.687875,10000,10000,0,9999,,,,,,,,,,,,,,,,,,,,15.488600,,351.906922,ICT,37,15.000000,,,,,,,,,,8.000000,64.000000,19999,0.500025,732.470700,192.278800,9247495.000000,924.749500,1.000100,28416.605000,,,,,,,,,,,,,
10000,96,random,random,scenario_label=random,0.000000,True,True,formal_extended_baseline_screen,957467494,3883696736,20797130.000000,703672.000000,13029743.000000,19999,10403957.256375,7922.215500,10411879.471875,10000,10000,0,9999,,,,,,,,,,,,,,,,,,,,14.629700,,480.835577,ICT,38,16.000000,,,,,,,,,,,,19999,0.500025,1302.974300,70.367200,13733415.000000,1373.341500,1.000100,20797.130000,,,,,,,,,,,,,
10000,96,prefixed,prefixed,scenario_label=prefixed,0.000000,True,True,formal_extended_baseline_screen,2919934110,3340206556,26795667.500000,1663438.000000,6487111.000000,19999,13405416.462750,6570.431500,13411986.894250,10000,10000,0,9999,,,,,,,,,,,,,,,,,,,,14.627600,,373.194659,ICT,38,15.000000,,,,,,,,,48.000000,,,19999,0.500025,648.711100,166.343800,8150549.000000,815.054900,1.000100,26795.667500,,,,,,,,,,,,,
10000,96,prefix80,prefixed,scenario_label=prefix80,0.000000,True,True,formal_extended_baseline_screen,3472369517,3475478212,30759680.000000,2297680.000000,2131409.000000,19999,15388550.718125,5661.064500,15394211.782625,10000,10000,0,9999,,,,,,,,,,,,,,,,,,,,14.576100,,325.100911,ICT,38,14.000000,,,,,,,,,80.000000,,,19999,0.500025,213.140900,229.768000,4429089.000000,442.908900,1.000100,30759.680000,,,,,,,,,,,,,
10000,96,clustered,clustered,scenario_label=clustered,0.000000,True,True,formal_extended_baseline_screen,1660287430,3028995529,28415192.500000,1922562.000000,6655849.000000,19999,14215387.967875,7173.048500,14222561.016375,10000,10000,0,9999,,,,,,,,,,,,,,,,,,,,14.748300,,351.924415,ICT,38,15.000000,,,,,,,,,,8.000000,64.000000,19999,0.500025,665.584900,192.256200,8578411.000000,857.841100,1.000100,28415.192500,,,,,,,,,,,,,
10000,96,random,random,scenario_label=random,0.000000,True,True,formal_extended_baseline_screen,2866897990,3781570468,20794767.500000,703294.000000,13019907.000000,19999,10403683.947250,7916.541500,10411600.488750,10000,10000,0,9999,,,,,,,,,,,,,,,,,,,,14.617100,,480.890205,ICT,39,15.000000,,,,,,,,,,,,19999,0.500025,1301.990700,70.329400,13723201.000000,1372.320100,1.000100,20794.767500,,,,,,,,,,,,,
10000,96,prefixed,prefixed,scenario_label=prefixed,0.000000,True,True,formal_extended_baseline_screen,86283338,1457214456,26790842.500000,1662666.000000,6481696.000000,19999,13402788.029875,6566.180000,13409354.209875,10000,10000,0,9999,,,,,,,,,,,,,,,,,,,,14.609400,,373.261871,ICT,39,15.000000,,,,,,,,,48.000000,,,19999,0.500025,648.169600,166.266600,8144362.000000,814.436200,1.000100,26790.842500,,,,,,,,,,,,,
10000,96,prefix80,prefixed,scenario_label=prefix80,0.000000,True,True,formal_extended_baseline_screen,1243192488,1610192739,30758592.500000,2297506.000000,2131396.000000,19999,15388840.190625,5660.710000,15394500.900625,10000,10000,0,9999,,,,,,,,,,,,,,,,,,,,14.568100,,325.112406,ICT,39,14.000000,,,,,,,,,80.000000,,,19999,0.500025,213.139600,229.750600,4428902.000000,442.890200,1.000100,30758.592500,,,,,,,,,,,,,
10000,96,clustered,clustered,scenario_label=clustered,0.000000,True,True,formal_extended_baseline_screen,481472403,2977024814,28415580.000000,1922624.000000,6645704.000000,19999,14215156.988125,7168.100000,14222325.088125,10000,10000,0,9999,,,,,,,,,,,,,,,,,,,,14.748300,,351.919616,ICT,39,16.000000,,,,,,,,,,8.000000,64.000000,19999,0.500025,664.570400,192.262400,8568328.000000,856.832800,1.000100,28415.580000,,,,,,,,,,,,,
10000,96,random,random,scenario_label=random,0.000000,True,True,formal_extended_baseline_screen,509607359,1902276661,20793930.000000,703160.000000,13029175.000000,19999,10403467.132625,7920.907500,10411388.040125,10000,10000,0,9999,,,,,,,,,,,,,,,,,,,,14.628100,,480.909573,ICT,40,14.000000,,,,,,,,,,,,19999,0.500025,1302.917500,70.316000,13732335.000000,1373.233500,1.000100,20793.930000,,,,,,,,,,,,,
10000,96,prefixed,prefixed,scenario_label=prefixed,0.000000,True,True,formal_extended_baseline_screen,2673896349,1259666092,26797317.500000,1663702.000000,6485472.000000,19999,13407604.894750,6570.140000,13414175.034750,10000,10000,0,9999,,,,,,,,,,,,,,,,,,,,14.624000,,373.171680,ICT,40,16.000000,,,,,,,,,48.000000,,,19999,0.500025,648.547200,166.370200,8149174.000000,814.917400,1.000100,26797.317500,,,,,,,,,,,,,
10000,96,prefix80,prefixed,scenario_label=prefix80,0.000000,True,True,formal_extended_baseline_screen,1445782178,3725085665,30758592.500000,2297506.000000,2131538.000000,19999,15388511.749375,5660.781000,15394172.530375,10000,10000,0,9999,,,,,,,,,,,,,,,,,,,,14.573500,,325.112406,ICT,40,15.000000,,,,,,,,,80.000000,,,19999,0.500025,213.153800,229.750600,4429044.000000,442.904400,1.000100,30758.592500,,,,,,,,,,,,,
10000,96,clustered,clustered,scenario_label=clustered,0.000000,True,True,formal_extended_baseline_screen,3422425815,3255749587,28415467.500000,1922606.000000,6762167.000000,19999,14215440.136000,7226.295500,14222666.431500,10000,10000,0,9999,,,,,,,,,,,,,,,,,,,,14.874100,,351.921009,ICT,40,15.000000,,,,,,,,,,8.000000,64.000000,19999,0.500025,676.216700,192.260600,8684773.000000,868.477300,1.000100,28415.467500,,,,,,,,,,,,,
10000,96,random,random,scenario_label=random,0.000000,True,True,formal_extended_baseline_screen,2374982155,1288749714,20794967.500000,703326.000000,13020620.000000,19999,10402927.141750,7916.962000,10410844.103750,10000,10000,0,9999,,,,,,,,,,,,,,,,,,,,14.618000,,480.885580,ICT,41,14.000000,,,,,,,,,,,,19999,0.500025,1302.062000,70.332600,13723946.000000,1372.394600,1.000100,20794.967500,,,,,,,,,,,,,
10000,96,prefixed,prefixed,scenario_label=prefixed,0.000000,True,True,formal_extended_baseline_screen,2076339012,893092952,26795805.000000,1663460.000000,6486127.000000,19999,13405884.823375,6569.983500,13412454.806875,10000,10000,0,9999,,,,,,,,,,,,,,,,,,,,14.625100,,373.192744,ICT,41,15.000000,,,,,,,,,48.000000,,,19999,0.500025,648.612700,166.346000,8149587.000000,814.958700,1.000100,26795.805000,,,,,,,,,,,,,
10000,96,prefix80,prefixed,scenario_label=prefix80,0.000000,True,True,formal_extended_baseline_screen,3727899068,751081694,30759792.500000,2297698.000000,2131391.000000,19999,15388277.950375,5661.091500,15393939.041875,10000,10000,0,9999,,,,,,,,,,,,,,,,,,,,14.577800,,325.099722,ICT,41,14.000000,,,,,,,,,80.000000,,,19999,0.500025,213.139100,229.769800,4429089.000000,442.908900,1.000100,30759.792500,,,,,,,,,,,,,
10000,96,clustered,clustered,scenario_label=clustered,0.000000,True,True,formal_extended_baseline_screen,4098968949,1325142157,28415930.000000,1922680.000000,6751065.000000,19999,14215591.640375,7220.892500,14222812.532875,10000,10000,0,9999,,,,,,,,,,,,,,,,,,,,14.881200,,351.915281,ICT,41,15.000000,,,,,,,,,,8.000000,64.000000,19999,0.500025,675.106500,192.268000,8673745.000000,867.374500,1.000100,28415.930000,,,,,,,,,,,,,
10000,96,random,random,scenario_label=random,0.000000,True,True,formal_extended_baseline_screen,2681934676,400073142,20797530.000000,703736.000000,13017652.000000,19999,10405456.707500,7916.298000,10413373.005500,10000,10000,0,9999,,,,,,,,,,,,,,,,,,,,14.614900,,480.826329,ICT,42,15.000000,,,,,,,,,,,,19999,0.500025,1301.765200,70.373600,13721388.000000,1372.138800,1.000100,20797.530000,,,,,,,,,,,,,
10000,96,prefixed,prefixed,scenario_label=prefixed,0.000000,True,True,formal_extended_baseline_screen,3463721453,2638513500,26793842.500000,1663146.000000,6482225.000000,19999,13403658.284500,6567.404500,13410225.689000,10000,10000,0,9999,,,,,,,,,,,,,,,,,,,,14.612400,,373.220078,ICT,42,15.000000,,,,,,,,,48.000000,,,19999,0.500025,648.222500,166.314600,8145371.000000,814.537100,1.000100,26793.842500,,,,,,,,,,,,,
10000,96,prefix80,prefixed,scenario_label=prefix80,0.000000,True,True,formal_extended_baseline_screen,3090696183,1871943523,30760242.500000,2297770.000000,2131331.000000,19999,15388905.910000,5661.205500,15394567.115500,10000,10000,0,9999,,,,,,,,,,,,,,,,,,,,14.578700,,325.094966,ICT,42,15.000000,,,,,,,,,80.000000,,,19999,0.500025,213.133100,229.777000,4429101.000000,442.910100,1.000100,30760.242500,,,,,,,,,,,,,
10000,96,clustered,clustered,scenario_label=clustered,0.000000,True,True,formal_extended_baseline_screen,3927309367,3605063805,28414167.500000,1922398.000000,6872843.000000,19999,14215502.728625,7281.217500,14222783.946125,10000,10000,0,9999,,,,,,,,,,,,,,,,,,,,14.989000,,351.937110,ICT,42,15.000000,,,,,,,,,,8.000000,64.000000,19999,0.500025,687.284300,192.239800,8795241.000000,879.524100,1.000100,28414.167500,,,,,,,,,,,,,
10000,96,random,random,scenario_label=random,0.000000,True,True,formal_extended_baseline_screen,3450749702,4140982265,20793880.000000,703152.000000,13014255.000000,19999,10402975.991125,7913.431500,10410889.422625,10000,10000,0,9999,,,,,,,,,,,,,,,,,,,,14.610100,,480.910730,ICT,43,16.000000,,,,,,,,,,,,19999,0.500025,1301.425500,70.315200,13717407.000000,1371.740700,1.000100,20793.880000,,,,,,,,,,,,,
10000,96,prefixed,prefixed,scenario_label=prefixed,0.000000,True,True,formal_extended_baseline_screen,144876194,1395138150,26794417.500000,1663238.000000,6487160.000000,19999,13405380.547250,6570.056000,13411950.603250,10000,10000,0,9999,,,,,,,,,,,,,,,,,,,,14.627100,,373.212069,ICT,43,15.000000,,,,,,,,,48.000000,,,19999,0.500025,648.716000,166.323800,8150398.000000,815.039800,1.000100,26794.417500,,,,,,,,,,,,,
10000,96,prefix80,prefixed,scenario_label=prefix80,0.000000,True,True,formal_extended_baseline_screen,1513479548,2874443329,30759055.000000,2297580.000000,2131597.000000,19999,15388655.382375,5660.958500,15394316.340875,10000,10000,0,9999,,,,,,,,,,,,,,,,,,,,14.579300,,325.107517,ICT,43,14.000000,,,,,,,,,80.000000,,,19999,0.500025,213.159700,229.758000,4429177.000000,442.917700,1.000100,30759.055000,,,,,,,,,,,,,
10000,96,clustered,clustered,scenario_label=clustered,0.000000,True,True,formal_extended_baseline_screen,48141908,2548740384,28416230.000000,1922728.000000,6641092.000000,19999,14216045.129250,7166.002000,14223211.131250,10000,10000,0,9999,,,,,,,,,,,,,,,,,,,,14.744500,,351.911566,ICT,43,14.000000,,,,,,,,,,8.000000,64.000000,19999,0.500025,664.109200,192.272800,8563820.000000,856.382000,1.000100,28416.230000,,,,,,,,,,,,,
10000,96,random,random,scenario_label=random,0.000000,True,True,formal_extended_baseline_screen,3987099893,992912156,20795380.000000,703392.000000,13029722.000000,19999,10404895.213000,7921.645000,10412816.858000,10000,10000,0,9999,,,,,,,,,,,,,,,,,,,,14.629100,,480.876041,ICT,44,15.000000,,,,,,,,,,,,19999,0.500025,1302.972200,70.339200,13733114.000000,1373.311400,1.000100,20795.380000,,,,,,,,,,,,,
10000,96,prefixed,prefixed,scenario_label=prefixed,0.000000,True,True,formal_extended_baseline_screen,2327316353,3876181498,26797342.500000,1663706.000000,6484820.000000,19999,13406740.698625,6569.822000,13413310.520625,10000,10000,0,9999,,,,,,,,,,,,,,,,,,,,14.621900,,373.171332,ICT,44,15.000000,,,,,,,,,48.000000,,,19999,0.500025,648.482000,166.370600,8148526.000000,814.852600,1.000100,26797.342500,,,,,,,,,,,,,
10000,96,prefix80,prefixed,scenario_label=prefix80,0.000000,True,True,formal_extended_baseline_screen,2316918874,849719543,30760305.000000,2297780.000000,2131244.000000,19999,15389212.962625,5661.182000,15394874.144625,10000,10000,0,9999,,,,,,,,,,,,,,,,,,,,14.578100,,325.094306,ICT,44,14.000000,,,,,,,,,80.000000,,,19999,0.500025,213.124400,229.778000,4429024.000000,442.902400,1.000100,30760.305000,,,,,,,,,,,,,
10000,96,clustered,clustered,scenario_label=clustered,0.000000,True,True,formal_extended_baseline_screen,828653254,4212767797,28414842.500000,1922506.000000,6767172.000000,19999,14215335.614000,7228.598000,14222564.212000,10000,10000,0,9999,,,,,,,,,,,,,,,,,,,,14.873700,,351.928750,ICT,44,15.000000,,,,,,,,,,8.000000,64.000000,19999,0.500025,676.717200,192.250600,8689678.000000,868.967800,1.000100,28414.842500,,,,,,,,,,,,,
10000,96,random,random,scenario_label=random,0.000000,True,True,formal_extended_baseline_screen,3580828999,2126612389,20795842.500000,703466.000000,13015026.000000,19999,10404150.162125,7914.445000,10412064.607125,10000,10000,0,9999,,,,,,,,,,,,,,,,,,,,14.611400,,480.865346,ICT,45,15.000000,,,,,,,,,,,,19999,0.500025,1301.502600,70.346600,13718492.000000,1371.849200,1.000100,20795.842500,,,,,,,,,,,,,
10000,96,prefixed,prefixed,scenario_label=prefixed,0.000000,True,True,formal_extended_baseline_screen,1476163045,3271509512,26792192.500000,1662882.000000,6482616.000000,19999,13403945.817875,6567.072000,13410512.889875,10000,10000,0,9999,,,,,,,,,,,,,,,,,,,,14.612800,,373.243063,ICT,45,15.000000,,,,,,,,,48.000000,,,19999,0.500025,648.261600,166.288200,8145498.000000,814.549800,1.000100,26792.192500,,,,,,,,,,,,,
10000,96,prefix80,prefixed,scenario_label=prefix80,0.000000,True,True,formal_extended_baseline_screen,2573149326,2377561074,30758842.500000,2297546.000000,2131502.000000,19999,15389212.426750,5660.843000,15394873.269750,10000,10000,0,9999,,,,,,,,,,,,,,,,,,,,14.573300,,325.109763,ICT,45,14.000000,,,,,,,,,80.000000,,,19999,0.500025,213.150200,229.754600,4429048.000000,442.904800,1.000100,30758.842500,,,,,,,,,,,,,
10000,96,clustered,clustered,scenario_label=clustered,0.000000,True,True,formal_extended_baseline_screen,2581397823,532907217,28415630.000000,1922632.000000,6647339.000000,19999,14214591.081125,7168.933500,14221760.014625,10000,10000,0,9999,,,,,,,,,,,,,,,,,,,,14.744000,,351.918997,ICT,45,15.000000,,,,,,,,,,8.000000,64.000000,19999,0.500025,664.733900,192.263200,8569971.000000,856.997100,1.000100,28415.630000,,,,,,,,,,,,,
10000,96,random,random,scenario_label=random,0.000000,True,True,formal_extended_baseline_screen,3716381950,582251646,20793592.500000,703106.000000,13016937.000000,19999,10403441.034125,7914.680500,10411355.714625,10000,10000,0,9999,,,,,,,,,,,,,,,,,,,,14.613200,,480.917379,ICT,46,15.000000,,,,,,,,,,,,19999,0.500025,1301.693700,70.310600,13720043.000000,1372.004300,1.000100,20793.592500,,,,,,,,,,,,,
10000,96,prefixed,prefixed,scenario_label=prefixed,0.000000,True,True,formal_extended_baseline_screen,2477060584,3525746708,26796355.000000,1663548.000000,6484239.000000,19999,13406934.209375,6569.215500,13413503.424875,10000,10000,0,9999,,,,,,,,,,,,,,,,,,,,14.619900,,373.185084,ICT,46,14.000000,,,,,,,,,48.000000,,,19999,0.500025,648.423900,166.354800,8147787.000000,814.778700,1.000100,26796.355000,,,,,,,,,,,,,
10000,96,prefix80,prefixed,scenario_label=prefix80,0.000000,True,True,formal_extended_baseline_screen,2069287118,2237613973,30758955.000000,2297564.000000,2131421.000000,19999,15389103.681250,5660.838500,15394764.519750,10000,10000,0,9999,,,,,,,,,,,,,,,,,,,,14.572200,,325.108574,ICT,46,14.000000,,,,,,,,,80.000000,,,19999,0.500025,213.142100,229.756400,4428985.000000,442.898500,1.000100,30758.955000,,,,,,,,,,,,,
10000,96,clustered,clustered,scenario_label=clustered,0.000000,True,True,formal_extended_baseline_screen,4117600980,4134962105,28415005.000000,1922532.000000,6645636.000000,19999,14215856.774500,7167.882000,14223024.656500,10000,10000,0,9999,,,,,,,,,,,,,,,,,,,,14.747700,,351.926737,ICT,46,15.000000,,,,,,,,,,8.000000,64.000000,19999,0.500025,664.563600,192.253200,8568168.000000,856.816800,1.000100,28415.005000,,,,,,,,,,,,,
10000,96,random,random,scenario_label=random,0.000000,True,True,formal_extended_baseline_screen,2943036703,2153012057,20796667.500000,703598.000000,13021530.000000,19999,10405936.265750,7917.961000,10413854.226750,10000,10000,0,9999,,,,,,,,,,,,,,,,,,,,14.619400,,480.846270,ICT,47,15.000000,,,,,,,,,,,,19999,0.500025,1302.153000,70.359800,13725128.000000,1372.512800,1.000100,20796.667500,,,,,,,,,,,,,
10000,96,prefixed,prefixed,scenario_label=prefixed,0.000000,True,True,formal_extended_baseline_screen,2255604210,4173949702,26796292.500000,1663538.000000,6485241.000000,19999,13406751.785250,6569.696500,13413321.481750,10000,10000,0,9999,,,,,,,,,,,,,,,,,,,,14.622700,,373.185955,ICT,47,15.000000,,,,,,,,,48.000000,,,19999,0.500025,648.524100,166.353800,8148779.000000,814.877900,1.000100,26796.292500,,,,,,,,,,,,,
10000,96,prefix80,prefixed,scenario_label=prefix80,0.000000,True,True,formal_extended_baseline_screen,1998039315,1281417785,30759292.500000,2297618.000000,2131626.000000,19999,15389840.808750,5661.049000,15395501.857750,10000,10000,0,9999,,,,,,,,,,,,,,,,,,,,14.580600,,325.105007,ICT,47,15.000000,,,,,,,,,80.000000,,,19999,0.500025,213.162600,229.761800,4429244.000000,442.924400,1.000100,30759.292500,,,,,,,,,,,,,
10000,96,clustered,clustered,scenario_label=clustered,0.000000,True,True,formal_extended_baseline_screen,1376940312,504039203,28415730.000000,1922648.000000,6656802.000000,19999,14215548.060000,7173.697000,14222721.757000,10000,10000,0,9999,,,,,,,,,,,,,,,,,,,,14.753300,,351.917758,ICT,47,15.000000,,,,,,,,,,8.000000,64.000000,19999,0.500025,665.680200,192.264800,8579450.000000,857.945000,1.000100,28415.730000,,,,,,,,,,,,,
10000,96,random,random,scenario_label=random,0.000000,True,True,formal_extended_baseline_screen,4126669249,1351854957,20796442.500000,703562.000000,13024037.000000,19999,10403143.869625,7919.142500,10411063.012125,10000,10000,0,9999,,,,,,,,,,,,,,,,,,,,14.622500,,480.851473,ICT,48,15.000000,,,,,,,,,,,,19999,0.500025,1302.403700,70.356200,13727599.000000,1372.759900,1.000100,20796.442500,,,,,,,,,,,,,
10000,96,prefixed,prefixed,scenario_label=prefixed,0.000000,True,True,formal_extended_baseline_screen,2193895526,3825066430,26797280.000000,1663696.000000,6484132.000000,19999,13406063.321750,6569.458000,13412632.779750,10000,10000,0,9999,,,,,,,,,,,,,,,,,,,,14.619900,,373.172203,ICT,48,15.000000,,,,,,,,,48.000000,,,19999,0.500025,648.413200,166.369600,8147828.000000,814.782800,1.000100,26797.280000,,,,,,,,,,,,,
10000,96,prefix80,prefixed,scenario_label=prefix80,0.000000,True,True,formal_extended_baseline_screen,3566718053,429374728,30760117.500000,2297750.000000,2131646.000000,19999,15388609.691625,5661.323000,15394271.014625,10000,10000,0,9999,,,,,,,,,,,,,,,,,,,,14.587200,,325.096287,ICT,48,14.000000,,,,,,,,,80.000000,,,19999,0.500025,213.164600,229.775000,4429396.000000,442.939600,1.000100,30760.117500,,,,,,,,,,,,,
10000,96,clustered,clustered,scenario_label=clustered,0.000000,True,True,formal_extended_baseline_screen,3761635906,2108625633,28413505.000000,1922292.000000,6654185.000000,19999,14214435.074125,7171.676500,14221606.750625,10000,10000,0,9999,,,,,,,,,,,,,,,,,,,,14.738700,,351.945316,ICT,48,15.000000,,,,,,,,,,8.000000,64.000000,19999,0.500025,665.418500,192.229200,8576477.000000,857.647700,1.000100,28413.505000,,,,,,,,,,,,,
10000,96,random,random,scenario_label=random,0.000000,True,True,formal_extended_baseline_screen,675927661,4071101629,20798417.500000,703878.000000,13018029.000000,19999,10404832.983125,7916.770500,10412749.753625,10000,10000,0,9999,,,,,,,,,,,,,,,,,,,,14.615700,,480.805811,ICT,49,15.000000,,,,,,,,,,,,19999,0.500025,1301.802900,70.387800,13721907.000000,1372.190700,1.000100,20798.417500,,,,,,,,,,,,,
10000,96,prefixed,prefixed,scenario_label=prefixed,0.000000,True,True,formal_extended_baseline_screen,2044777110,3562645042,26798380.000000,1663872.000000,6488433.000000,19999,13406205.466000,6571.960500,13412777.426500,10000,10000,0,9999,,,,,,,,,,,,,,,,,,,,14.633300,,373.156885,ICT,49,14.000000,,,,,,,,,48.000000,,,19999,0.500025,648.843300,166.387200,8152305.000000,815.230500,1.000100,26798.380000,,,,,,,,,,,,,
10000,96,prefix80,prefixed,scenario_label=prefix80,0.000000,True,True,formal_extended_baseline_screen,2799794232,3584084233,30759430.000000,2297640.000000,2131400.000000,19999,15389166.924875,5660.980000,15394827.904875,10000,10000,0,9999,,,,,,,,,,,,,,,,,,,,14.575300,,325.103554,ICT,49,15.000000,,,,,,,,,80.000000,,,19999,0.500025,213.140000,229.764000,4429040.000000,442.904000,1.000100,30759.430000,,,,,,,,,,,,,
10000,96,clustered,clustered,scenario_label=clustered,0.000000,True,True,formal_extended_baseline_screen,2841386880,3777358756,28415130.000000,1922552.000000,6528210.000000,19999,14215567.804875,7109.209000,14222677.013875,10000,10000,0,9999,,,,,,,,,,,,,,,,,,,,14.617200,,351.925189,ICT,49,14.000000,,,,,,,,,,8.000000,64.000000,19999,0.500025,652.821000,192.255200,8450762.000000,845.076200,1.000100,28415.130000,,,,,,,,,,,,,
10000,96,random,random,scenario_label=random,0.000000,True,True,formal_extended_baseline_screen,3623283272,1854437376,25910581.250000,1520671.000000,9413432.000000,19957,12963270.078250,7748.058000,12971018.136250,10000,10000,0,10041,,,,,,,,,,,,,,,,,,,,11.626200,,385.942712,LAPCT,0,18.000000,,,,,,,,,,,,20041,0.498977,941.343200,152.067100,10934103.000000,1093.410300,0.995917,25910.581250,,,,,,,,,,,,,
10000,96,prefixed,prefixed,scenario_label=prefixed,0.000000,True,True,formal_extended_baseline_screen,116656660,3445655714,28878893.750000,1998625.000000,4313019.000000,19957,14447247.270000,6153.759500,14453401.029500,10000,10000,0,10041,,,,,,,,,,,,,,,,,,,,11.627200,,346.273652,LAPCT,0,18.000000,,,,,,,,,48.000000,,,20041,0.498977,431.301900,199.862500,6311644.000000,631.164400,0.995917,28878.893750,,,,,,,,,,,,,
10000,96,prefix80,prefixed,scenario_label=prefix80,0.000000,True,True,formal_extended_baseline_screen,1741802094,917252463,30840287.500000,2314464.000000,916580.000000,19957,15427872.418750,5087.218000,15432959.636750,10000,10000,0,10041,,,,,,,,,,,,,,,,,,,,11.567200,,324.251193,LAPCT,0,17.000000,,,,,,,,,80.000000,,,20041,0.498977,91.658000,231.446400,3231044.000000,323.104400,0.995917,30840.287500,,,,,,,,,,,,,
10000,96,clustered,clustered,scenario_label=clustered,0.000000,True,True,formal_extended_baseline_screen,2095316255,992117153,29643385.000000,2123917.000000,4030938.000000,19916,14830492.822500,6263.303000,14836756.125500,10000,10000,5,10087,,,,,,,,,,,,,,,,,,,,11.496600,,337.343390,LAPCT,0,18.000000,,,,,,,,,,8.000000,64.000000,20092,0.497711,403.093800,212.391700,6154855.000000,615.485500,0.991375,29643.385000,,,,,,,,,,,,,
10000,96,random,random,scenario_label=random,0.000000,True,True,formal_extended_baseline_screen,3864099846,163689293,25910856.250000,1520715.000000,9404156.000000,19957,12962453.724625,7743.508000,12970197.232625,10000,10000,0,10041,,,,,,,,,,,,,,,,,,,,11.615500,,385.938616,LAPCT,1,17.000000,,,,,,,,,,,,20041,0.498977,940.415600,152.071500,10924871.000000,1092.487100,0.995917,25910.856250,,,,,,,,,,,,,
10000,96,prefixed,prefixed,scenario_label=prefixed,0.000000,True,True,formal_extended_baseline_screen,889203247,1937664477,28879506.250000,1998723.000000,4310628.000000,19957,14447409.048625,6152.760000,14453561.808625,10000,10000,0,10041,,,,,,,,,,,,,,,,,,,,11.620800,,346.266308,LAPCT,1,17.000000,,,,,,,,,48.000000,,,20041,0.498977,431.062800,199.872300,6309351.000000,630.935100,0.995917,28879.506250,,,,,,,,,,,,,
10000,96,prefix80,prefixed,scenario_label=prefix80,0.000000,True,True,formal_extended_baseline_screen,2669137359,3133736322,30839118.750000,2314277.000000,917585.000000,19957,15427300.573625,5087.346500,15432387.920125,10000,10000,0,10041,,,,,,,,,,,,,,,,,,,,11.581400,,324.263481,LAPCT,1,17.000000,,,,,,,,,80.000000,,,20041,0.498977,91.758500,231.427700,3231862.000000,323.186200,0.995917,30839.118750,,,,,,,,,,,,,
10000,96,clustered,clustered,scenario_label=clustered,0.000000,True,True,formal_extended_baseline_screen,1179273823,1354222403,29644916.250000,2124156.000000,4164701.000000,19916,14831049.175500,6330.662500,14837379.838000,10000,10000,5,10087,,,,,,,,,,,,,,,,,,,,11.608200,,337.325966,LAPCT,1,17.000000,,,,,,,,,,8.000000,64.000000,20092,0.497711,416.470100,212.415600,6288857.000000,628.885700,0.991375,29644.916250,,,,,,,,,,,,,
10000,96,random,random,scenario_label=random,0.000000,True,True,formal_extended_baseline_screen,813036364,131776408,25910362.500000,1520636.000000,9412953.000000,19957,12961572.067875,7747.748500,12969319.816375,10000,10000,0,10041,,,,,,,,,,,,,,,,,,,,11.625700,,385.945970,LAPCT,2,17.000000,,,,,,,,,,,,20041,0.498977,941.295300,152.063600,10933589.000000,1093.358900,0.995917,25910.362500,,,,,,,,,,,,,
10000,96,prefixed,prefixed,scenario_label=prefixed,0.000000,True,True,formal_extended_baseline_screen,1822834370,1335603542,28878893.750000,1998625.000000,4310811.000000,19957,14447002.676750,6152.655500,14453155.332250,10000,10000,0,10041,,,,,,,,,,,,,,,,,,,,11.621000,,346.273652,LAPCT,2,18.000000,,,,,,,,,48.000000,,,20041,0.498977,431.081100,199.862500,6309436.000000,630.943600,0.995917,28878.893750,,,,,,,,,,,,,
10000,96,prefix80,prefixed,scenario_label=prefix80,0.000000,True,True,formal_extended_baseline_screen,2479815273,2397337182,30839550.000000,2314346.000000,917104.000000,19957,15427658.258125,5087.244000,15432745.502125,10000,10000,0,10041,,,,,,,,,,,,,,,,,,,,11.573200,,324.258947,LAPCT,2,17.000000,,,,,,,,,80.000000,,,20041,0.498977,91.710400,231.434600,3231450.000000,323.145000,0.995917,30839.550000,,,,,,,,,,,,,
10000,96,clustered,clustered,scenario_label=clustered,0.000000,True,True,formal_extended_baseline_screen,2073761602,202695716,29660555.000000,2125429.000000,4464956.000000,19933,14835120.767500,6483.336000,14841604.103500,10000,10000,8,10073,,,,,,,,,,,,,,,,,,,,12.118400,,337.148108,LAPCT,2,17.000000,,,,,,,,,,8.000000,64.000000,20081,0.497983,446.495600,212.542900,6590385.000000,659.038500,0.992753,29660.555000,,,,,,,,,,,,,
10000,96,random,random,scenario_label=random,0.000000,True,True,formal_extended_baseline_screen,57753915,1327077917,25910225.000000,1520614.000000,9412269.000000,19957,12962786.650375,7747.362500,12970534.012875,10000,10000,0,10041,,,,,,,,,,,,,,,,,,,,11.624800,,385.948019,LAPCT,3,18.000000,,,,,,,,,,,,20041,0.498977,941.226900,152.061400,10932883.000000,1093.288300,0.995917,25910.225000,,,,,,,,,,,,,
10000,96,prefixed,prefixed,scenario_label=prefixed,0.000000,True,True,formal_extended_baseline_screen,2219440691,3511176810,28879012.500000,1998644.000000,4311901.000000,19957,14447600.852500,6153.238500,14453754.091000,10000,10000,0,10041,,,,,,,,,,,,,,,,,,,,11.624100,,346.272228,LAPCT,3,17.000000,,,,,,,,,48.000000,,,20041,0.498977,431.190100,199.864400,6310545.000000,631.054500,0.995917,28879.012500,,,,,,,,,,,,,
10000,96,prefix80,prefixed,scenario_label=prefix80,0.000000,True,True,formal_extended_baseline_screen,1286928148,3290392630,30839218.750000,2314293.000000,917381.000000,19957,15427920.688750,5087.276500,15433007.965250,10000,10000,0,10041,,,,,,,,,,,,,,,,,,,,11.577800,,324.262430,LAPCT,3,17.000000,,,,,,,,,80.000000,,,20041,0.498977,91.738100,231.429300,3231674.000000,323.167400,0.995917,30839.218750,,,,,,,,,,,,,
10000,96,clustered,clustered,scenario_label=clustered,0.000000,True,True,formal_extended_baseline_screen,787561323,3425091823,29660437.500000,2125580.000000,4225002.000000,19932,14843713.785625,6363.661000,14850077.446625,10000,10000,5,10071,,,,,,,,,,,,,,,,,,,,11.859400,,337.149444,LAPCT,3,19.000000,,,,,,,,,,8.000000,64.000000,20076,0.498107,422.500200,212.558000,6350582.000000,635.058200,0.992950,29660.437500,,,,,,,,,,,,,
10000,96,random,random,scenario_label=random,0.000000,True,True,formal_extended_baseline_screen,3819630184,612980711,25911237.500000,1520776.000000,9416648.000000,19957,12963569.933500,7749.876000,12971319.809500,10000,10000,0,10041,,,,,,,,,,,,,,,,,,,,11.630300,,385.932937,LAPCT,4,17.000000,,,,,,,,,,,,20041,0.498977,941.664800,152.077600,10937424.000000,1093.742400,0.995917,25911.237500,,,,,,,,,,,,,
10000,96,prefixed,prefixed,scenario_label=prefixed,0.000000,True,True,formal_extended_baseline_screen,889858016,2636649717,28879762.500000,1998764.000000,4315129.000000,19957,14448067.334375,6155.092500,14454222.426875,10000,10000,0,10041,,,,,,,,,,,,,,,,,,,,11.634200,,346.263235,LAPCT,4,17.000000,,,,,,,,,48.000000,,,20041,0.498977,431.512900,199.876400,6313893.000000,631.389300,0.995917,28879.762500,,,,,,,,,,,,,
10000,96,prefix80,prefixed,scenario_label=prefix80,0.000000,True,True,formal_extended_baseline_screen,2696116183,3413352874,30839218.750000,2314293.000000,917531.000000,19957,15427920.717875,5087.351500,15433008.069375,10000,10000,0,10041,,,,,,,,,,,,,,,,,,,,11.581700,,324.262430,LAPCT,4,17.000000,,,,,,,,,80.000000,,,20041,0.498977,91.753100,231.429300,3231824.000000,323.182400,0.995917,30839.218750,,,,,,,,,,,,,
10000,96,clustered,clustered,scenario_label=clustered,0.000000,True,True,formal_extended_baseline_screen,688500632,922139875,29661861.250000,2125642.000000,4448176.000000,19933,14834908.282625,6475.372000,14841383.654625,10000,10000,8,10073,,,,,,,,,,,,,,,,,,,,12.112600,,337.133261,LAPCT,4,18.000000,,,,,,,,,,8.000000,64.000000,20081,0.497983,444.817600,212.564200,6573818.000000,657.381800,0.992753,29661.861250,,,,,,,,,,,,,
10000,96,random,random,scenario_label=random,0.000000,True,True,formal_extended_baseline_screen,2608777085,92243519,25909187.500000,1520448.000000,9397937.000000,19957,12962224.487500,7739.864500,12969964.352000,10000,10000,0,10041,,,,,,,,,,,,,,,,,,,,11.607000,,385.963473,LAPCT,5,18.000000,,,,,,,,,,,,20041,0.498977,939.793700,152.044800,10918385.000000,1091.838500,0.995917,25909.187500,,,,,,,,,,,,,
10000,96,prefixed,prefixed,scenario_label=prefixed,0.000000,True,True,formal_extended_baseline_screen,3513520067,4088351382,28877725.000000,1998438.000000,4313708.000000,19957,14447188.519250,6153.730000,14453342.249250,10000,10000,0,10041,,,,,,,,,,,,,,,,,,,,11.627800,,346.287666,LAPCT,5,18.000000,,,,,,,,,48.000000,,,20041,0.498977,431.370800,199.843800,6312146.000000,631.214600,0.995917,28877.725000,,,,,,,,,,,,,
10000,96,prefix80,prefixed,scenario_label=prefix80,0.000000,True,True,formal_extended_baseline_screen,1840913042,317834416,30839568.750000,2314349.000000,917032.000000,19957,15428150.482625,5087.214000,15433237.696625,10000,10000,0,10041,,,,,,,,,,,,,,,,,,,,11.572400,,324.258750,LAPCT,5,19.000000,,,,,,,,,80.000000,,,20041,0.498977,91.703200,231.434900,3231381.000000,323.138100,0.995917,30839.568750,,,,,,,,,,,,,
10000,96,clustered,clustered,scenario_label=clustered,0.000000,True,True,formal_extended_baseline_screen,3399855602,3691747376,29661523.750000,2125583.000000,4344727.000000,19933,14840137.365375,6423.529500,14846560.894875,10000,10000,8,10073,,,,,,,,,,,,,,,,,,,,11.999200,,337.137097,LAPCT,5,17.000000,,,,,,,,,,8.000000,64.000000,20081,0.497983,434.472700,212.558300,6470310.000000,647.031000,0.992753,29661.523750,,,,,,,,,,,,,
10000,96,random,random,scenario_label=random,0.000000,True,True,formal_extended_baseline_screen,1011355210,1409027520,25910445.000000,1520602.000000,9396018.000000,19955,12962718.225000,7739.213000,12970457.438000,10000,10000,0,10043,,,,,,,,,,,,,,,,,,,,11.606700,,385.944742,LAPCT,6,18.000000,,,,,,,,,,,,20043,0.498927,939.601800,152.060200,10916620.000000,1091.662000,0.995718,25910.445000,,,,,,,,,,,,,
10000,96,prefixed,prefixed,scenario_label=prefixed,0.000000,True,True,formal_extended_baseline_screen,4182455193,952217735,28879237.500000,1998680.000000,4310580.000000,19957,14447430.780250,6152.650000,14453583.430250,10000,10000,0,10041,,,,,,,,,,,,,,,,,,,,11.620600,,346.269530,LAPCT,6,19.000000,,,,,,,,,48.000000,,,20041,0.498977,431.058000,199.868000,6309260.000000,630.926000,0.995917,28879.237500,,,,,,,,,,,,,
10000,96,prefix80,prefixed,scenario_label=prefix80,0.000000,True,True,formal_extended_baseline_screen,234351616,3747890837,30840062.500000,2314428.000000,917173.000000,19957,15427701.256250,5087.442500,15432788.698750,10000,10000,0,10041,,,,,,,,,,,,,,,,,,,,11.582300,,324.253558,LAPCT,6,17.000000,,,,,,,,,80.000000,,,20041,0.498977,91.717300,231.442800,3231601.000000,323.160100,0.995917,30840.062500,,,,,,,,,,,,,
10000,96,clustered,clustered,scenario_label=clustered,0.000000,True,True,formal_extended_baseline_screen,1672192143,3714530878,29646241.250000,2124365.000000,4053196.000000,19916,14832000.827875,6275.328000,14838276.155875,10000,10000,5,10087,,,,,,,,,,,,,,,,,,,,11.501000,,337.310889,LAPCT,6,18.000000,,,,,,,,,,8.000000,64.000000,20092,0.497711,405.319600,212.436500,6177561.000000,617.756100,0.991375,29646.241250,,,,,,,,,,,,,
10000,96,random,random,scenario_label=random,0.000000,True,True,formal_extended_baseline_screen,2772753435,2185401752,25911756.250000,1520859.000000,9401394.000000,19957,12963298.120750,7742.415000,12971040.535750,10000,10000,0,10041,,,,,,,,,,,,,,,,,,,,11.612500,,385.925211,LAPCT,7,18.000000,,,,,,,,,,,,20041,0.498977,940.139400,152.085900,10922253.000000,1092.225300,0.995917,25911.756250,,,,,,,,,,,,,
10000,96,prefixed,prefixed,scenario_label=prefixed,0.000000,True,True,formal_extended_baseline_screen,1416235163,650820845,28876438.750000,1998329.000000,4302693.000000,19955,14445945.561000,6148.004500,14452093.565500,10000,10000,0,10043,,,,,,,,,,,,,,,,,,,,11.599700,,346.303091,LAPCT,7,18.000000,,,,,,,,,48.000000,,,20043,0.498927,430.269300,199.832900,6301022.000000,630.102200,0.995718,28876.438750,,,,,,,,,,,,,
10000,96,prefix80,prefixed,scenario_label=prefix80,0.000000,True,True,formal_extended_baseline_screen,2635025427,3003391856,30839387.500000,2314320.000000,917257.000000,19957,15427337.228625,5087.268500,15432424.497125,10000,10000,0,10041,,,,,,,,,,,,,,,,,,,,11.577800,,324.260655,LAPCT,7,19.000000,,,,,,,,,80.000000,,,20041,0.498977,91.725700,231.432000,3231577.000000,323.157700,0.995917,30839.387500,,,,,,,,,,,,,
10000,96,clustered,clustered,scenario_label=clustered,0.000000,True,True,formal_extended_baseline_screen,1710578268,4263678125,29662830.000000,2125790.000000,4350699.000000,19933,14837567.558250,6426.929500,14843994.487750,10000,10000,8,10073,,,,,,,,,,,,,,,,,,,,12.000500,,337.122250,LAPCT,7,17.000000,,,,,,,,,,8.000000,64.000000,20081,0.497983,435.069900,212.579000,6476489.000000,647.648900,0.992753,29662.830000,,,,,,,,,,,,,
10000,96,random,random,scenario_label=random,0.000000,True,True,formal_extended_baseline_screen,3926250230,3183809433,25909031.250000,1520423.000000,9404693.000000,19957,12961880.552250,7743.192500,12969623.744750,10000,10000,0,10041,,,,,,,,,,,,,,,,,,,,11.615000,,385.965801,LAPCT,8,17.000000,,,,,,,,,,,,20041,0.498977,940.469300,152.042300,10925116.000000,1092.511600,0.995917,25909.031250,,,,,,,,,,,,,
10000,96,prefixed,prefixed,scenario_label=prefixed,0.000000,True,True,formal_extended_baseline_screen,834749396,394781287,28877793.750000,1998449.000000,4307056.000000,19957,14446898.474500,6150.426000,14453048.900500,10000,10000,0,10041,,,,,,,,,,,,,,,,,,,,11.608900,,346.286842,LAPCT,8,18.000000,,,,,,,,,48.000000,,,20041,0.498977,430.705600,199.844900,6305505.000000,630.550500,0.995917,28877.793750,,,,,,,,,,,,,
10000,96,prefix80,prefixed,scenario_label=prefix80,0.000000,True,True,formal_extended_baseline_screen,3619142060,37925633,30840012.500000,2314420.000000,917343.000000,19957,15428449.542125,5087.511500,15433537.053625,10000,10000,0,10041,,,,,,,,,,,,,,,,,,,,11.583400,,324.254084,LAPCT,8,18.000000,,,,,,,,,80.000000,,,20041,0.498977,91.734300,231.442000,3231763.000000,323.176300,0.995917,30840.012500,,,,,,,,,,,,,
10000,96,clustered,clustered,scenario_label=clustered,0.000000,True,True,formal_extended_baseline_screen,3961209957,3895838210,29644285.000000,2124054.000000,4049250.000000,19916,14829721.977000,6272.733000,14835994.710000,10000,10000,5,10087,,,,,,,,,,,,,,,,,,,,11.496500,,337.333149,LAPCT,8,16.000000,,,,,,,,,,8.000000,64.000000,20092,0.497711,404.925000,212.405400,6173304.000000,617.330400,0.991375,29644.285000,,,,,,,,,,,,,
10000,96,random,random,scenario_label=random,0.000000,True,True,formal_extended_baseline_screen,58426829,1010898478,25910600.000000,1520674.000000,9412546.000000,19957,12962656.571375,7747.621000,12970404.192375,10000,10000,0,10041,,,,,,,,,,,,,,,,,,,,11.625300,,385.942433,LAPCT,9,17.000000,,,,,,,,,,,,20041,0.498977,941.254600,152.067400,10933220.000000,1093.322000,0.995917,25910.600000,,,,,,,,,,,,,
10000,96,prefixed,prefixed,scenario_label=prefixed,0.000000,True,True,formal_extended_baseline_screen,1183400892,2283915643,28878712.500000,1998596.000000,4313905.000000,19957,14447434.994375,6154.144500,14453589.138875,10000,10000,0,10041,,,,,,,,,,,,,,,,,,,,11.629300,,346.275825,LAPCT,9,20.000000,,,,,,,,,48.000000,,,20041,0.498977,431.390500,199.859600,6312501.000000,631.250100,0.995917,28878.712500,,,,,,,,,,,,,
10000,96,prefix80,prefixed,scenario_label=prefix80,0.000000,True,True,formal_extended_baseline_screen,3771146367,2972831518,30840381.250000,2314479.000000,917034.000000,19957,15428139.233500,5087.475000,15433226.708500,10000,10000,0,10041,,,,,,,,,,,,,,,,,,,,11.582300,,324.250207,LAPCT,9,17.000000,,,,,,,,,80.000000,,,20041,0.498977,91.703400,231.447900,3231513.000000,323.151300,0.995917,30840.381250,,,,,,,,,,,,,
10000,96,clustered,clustered,scenario_label=clustered,0.000000,True,True,formal_extended_baseline_screen,346261855,4173105736,29661673.750000,2125607.000000,4343599.000000,19933,14833883.029250,6423.013500,14840306.042750,10000,10000,8,10073,,,,,,,,,,,,,,,,,,,,11.989400,,337.135392,LAPCT,9,18.000000,,,,,,,,,,8.000000,64.000000,20081,0.497983,434.359900,212.560700,6469206.000000,646.920600,0.992753,29661.673750,,,,,,,,,,,,,
10000,96,random,random,scenario_label=random,0.000000,True,True,formal_extended_baseline_screen,1020324588,4019989232,25910002.500000,1520484.000000,9368770.000000,19953,12962659.978750,7725.353000,12970385.331750,10000,10000,0,10045,,,,,,,,,,,,,,,,,,,,11.575200,,385.951333,LAPCT,10,18.000000,,,,,,,,,,,,20045,0.498878,936.877000,152.048400,10889254.000000,1088.925400,0.995520,25910.002500,,,,,,,,,,,,,
10000,96,prefixed,prefixed,scenario_label=prefixed,0.000000,True,True,formal_extended_baseline_screen,2061720330,4090234352,28876876.250000,1998399.000000,4303898.000000,19955,14445810.931125,6148.747000,14451959.678125,10000,10000,0,10043,,,,,,,,,,,,,,,,,,,,11.603500,,346.297844,LAPCT,10,17.000000,,,,,,,,,48.000000,,,20043,0.498927,430.389800,199.839900,6302297.000000,630.229700,0.995718,28876.876250,,,,,,,,,,,,,
10000,96,prefix80,prefixed,scenario_label=prefix80,0.000000,True,True,formal_extended_baseline_screen,1420417677,1648429568,30839350.000000,2314314.000000,917325.000000,19957,15427783.464250,5087.290500,15432870.754750,10000,10000,0,10041,,,,,,,,,,,,,,,,,,,,11.577100,,324.261050,LAPCT,10,17.000000,,,,,,,,,80.000000,,,20041,0.498977,91.732500,231.431400,3231639.000000,323.163900,0.995917,30839.350000,,,,,,,,,,,,,
10000,96,clustered,clustered,scenario_label=clustered,0.000000,True,True,formal_extended_baseline_screen,4285535701,3631259017,29644503.750000,2124092.000000,4039569.000000,19916,14830704.341500,6267.968500,14836972.310000,10000,10000,5,10087,,,,,,,,,,,,,,,,,,,,11.492500,,337.330659,LAPCT,10,18.000000,,,,,,,,,,8.000000,64.000000,20092,0.497711,403.956900,212.409200,6163661.000000,616.366100,0.991375,29644.503750,,,,,,,,,,,,,
10000,96,random,random,scenario_label=random,0.000000,True,True,formal_extended_baseline_screen,596195424,2422308570,25910281.250000,1520623.000000,9404863.000000,19957,12962752.263250,7743.677500,12970495.940750,10000,10000,0,10041,,,,,,,,,,,,,,,,,,,,11.616000,,385.947181,LAPCT,11,17.000000,,,,,,,,,,,,20041,0.498977,940.486300,152.062300,10925486.000000,1092.548600,0.995917,25910.281250,,,,,,,,,,,,,
10000,96,prefixed,prefixed,scenario_label=prefixed,0.000000,True,True,formal_extended_baseline_screen,2528955344,1647119109,28879287.500000,1998688.000000,4311754.000000,19957,14446833.856875,6153.253000,14452987.109875,10000,10000,0,10041,,,,,,,,,,,,,,,,,,,,11.623900,,346.268931,LAPCT,11,17.000000,,,,,,,,,48.000000,,,20041,0.498977,431.175400,199.868800,6310442.000000,631.044200,0.995917,28879.287500,,,,,,,,,,,,,
10000,96,prefix80,prefixed,scenario_label=prefix80,0.000000,True,True,formal_extended_baseline_screen,4029019098,3043034362,30839543.750000,2314345.000000,917322.000000,19957,15427463.366875,5087.351000,15432550.717875,10000,10000,0,10041,,,,,,,,,,,,,,,,,,,,11.578000,,324.259012,LAPCT,11,17.000000,,,,,,,,,80.000000,,,20041,0.498977,91.732200,231.434500,3231667.000000,323.166700,0.995917,30839.543750,,,,,,,,,,,,,
10000,96,clustered,clustered,scenario_label=clustered,0.000000,True,True,formal_extended_baseline_screen,2138647285,1179902015,29658987.500000,2125345.000000,4234113.000000,19932,14839932.342375,6367.746500,14846300.088875,10000,10000,5,10071,,,,,,,,,,,,,,,,,,,,11.863900,,337.165927,LAPCT,11,19.000000,,,,,,,,,,8.000000,64.000000,20076,0.498107,423.411300,212.534500,6359458.000000,635.945800,0.992950,29658.987500,,,,,,,,,,,,,
10000,96,random,random,scenario_label=random,0.000000,True,True,formal_extended_baseline_screen,530428079,797416560,25910800.000000,1520706.000000,9401190.000000,19957,12963115.158125,7742.007000,12970857.165125,10000,10000,0,10041,,,,,,,,,,,,,,,,,,,,11.611700,,385.939454,LAPCT,12,18.000000,,,,,,,,,,,,20041,0.498977,940.119000,152.070600,10921896.000000,1092.189600,0.995917,25910.800000,,,,,,,,,,,,,
10000,96,prefixed,prefixed,scenario_label=prefixed,0.000000,True,True,formal_extended_baseline_screen,3403028343,2144544906,28877338.750000,1998473.000000,4302029.000000,19955,14446775.835875,6147.960500,14452923.796375,10000,10000,0,10043,,,,,,,,,,,,,,,,,,,,11.599200,,346.292298,LAPCT,12,18.000000,,,,,,,,,48.000000,,,20043,0.498927,430.202900,199.847300,6300502.000000,630.050200,0.995718,28877.338750,,,,,,,,,,,,,
10000,96,prefix80,prefixed,scenario_label=prefix80,0.000000,True,True,formal_extended_baseline_screen,4132968395,421114757,30837345.000000,2314186.000000,915138.000000,19955,15427858.988125,5085.941000,15432944.929125,10000,10000,0,10043,,,,,,,,,,,,,,,,,,,,11.555100,,324.282133,LAPCT,12,18.000000,,,,,,,,,80.000000,,,20043,0.498927,91.513800,231.418600,3229324.000000,322.932400,0.995718,30837.345000,,,,,,,,,,,,,
10000,96,clustered,clustered,scenario_label=clustered,0.000000,True,True,formal_extended_baseline_screen,4135791258,2686546753,29645853.750000,2124305.000000,4170227.000000,19916,14831907.792125,6333.723500,14838241.515625,10000,10000,5,10087,,,,,,,,,,,,,,,,,,,,11.622800,,337.315298,LAPCT,12,18.000000,,,,,,,,,,8.000000,64.000000,20092,0.497711,417.022700,212.430500,6294532.000000,629.453200,0.991375,29645.853750,,,,,,,,,,,,,
10000,96,random,random,scenario_label=random,0.000000,True,True,formal_extended_baseline_screen,3351110087,2203787142,25910006.250000,1520579.000000,9408665.000000,19957,12962038.739750,7745.490500,12969784.230250,10000,10000,0,10041,,,,,,,,,,,,,,,,,,,,11.620300,,385.951277,LAPCT,13,17.000000,,,,,,,,,,,,20041,0.498977,940.866500,152.057900,10929244.000000,1092.924400,0.995917,25910.006250,,,,,,,,,,,,,
10000,96,prefixed,prefixed,scenario_label=prefixed,0.000000,True,True,formal_extended_baseline_screen,3651045357,902709641,28878518.750000,1998565.000000,4311377.000000,19957,14446710.509125,6152.818500,14452863.327625,10000,10000,0,10041,,,,,,,,,,,,,,,,,,,,11.622300,,346.278148,LAPCT,13,18.000000,,,,,,,,,48.000000,,,20041,0.498977,431.137700,199.856500,6309942.000000,630.994200,0.995917,28878.518750,,,,,,,,,,,,,
10000,96,prefix80,prefixed,scenario_label=prefix80,0.000000,True,True,formal_extended_baseline_screen,3503816222,2412403380,30839087.500000,2314272.000000,917211.000000,19957,15428203.118500,5087.149500,15433290.268000,10000,10000,0,10041,,,,,,,,,,,,,,,,,,,,11.572900,,324.263810,LAPCT,13,17.000000,,,,,,,,,80.000000,,,20041,0.498977,91.721100,231.427200,3231483.000000,323.148300,0.995917,30839.087500,,,,,,,,,,,,,
10000,96,clustered,clustered,scenario_label=clustered,0.000000,True,True,formal_extended_baseline_screen,2264469608,779081397,29659900.000000,2125492.000000,4353757.000000,19932,14839337.682625,6427.862500,14845765.545125,10000,10000,5,10071,,,,,,,,,,,,,,,,,,,,11.989000,,337.155553,LAPCT,13,18.000000,,,,,,,,,,8.000000,64.000000,20076,0.498107,435.375700,212.549200,6479249.000000,647.924900,0.992950,29659.900000,,,,,,,,,,,,,
10000,96,random,random,scenario_label=random,0.000000,True,True,formal_extended_baseline_screen,1692097063,2782788788,25910606.250000,1520675.000000,9411183.000000,19957,12962592.819125,7746.941500,12970339.760625,10000,10000,0,10041,,,,,,,,,,,,,,,,,,,,11.623500,,385.942340,LAPCT,14,18.000000,,,,,,,,,,,,20041,0.498977,941.118300,152.067500,10931858.000000,1093.185800,0.995917,25910.606250,,,,,,,,,,,,,
10000,96,prefixed,prefixed,scenario_label=prefixed,0.000000,True,True,formal_extended_baseline_screen,1707141452,3442190112,28877712.500000,1998436.000000,4307850.000000,19957,14446707.791875,6150.797000,14452858.588875,10000,10000,0,10041,,,,,,,,,,,,,,,,,,,,11.611000,,346.287816,LAPCT,14,18.000000,,,,,,,,,48.000000,,,20041,0.498977,430.785000,199.843600,6306286.000000,630.628600,0.995917,28877.712500,,,,,,,,,,,,,
10000,96,prefix80,prefixed,scenario_label=prefix80,0.000000,True,True,formal_extended_baseline_screen,1479387709,912824354,30839581.250000,2314351.000000,917469.000000,19957,15428591.865625,5087.436500,15433679.302125,10000,10000,0,10041,,,,,,,,,,,,,,,,,,,,11.583800,,324.258618,LAPCT,14,17.000000,,,,,,,,,80.000000,,,20041,0.498977,91.746900,231.435100,3231820.000000,323.182000,0.995917,30839.581250,,,,,,,,,,,,,
10000,96,clustered,clustered,scenario_label=clustered,0.000000,True,True,formal_extended_baseline_screen,1193971010,492034487,29646008.750000,2124163.000000,4156387.000000,19917,14831336.558000,6326.519500,14837663.077500,10000,10000,8,10089,,,,,,,,,,,,,,,,,,,,11.626400,,337.313535,LAPCT,14,17.000000,,,,,,,,,,8.000000,64.000000,20097,0.497587,415.638700,212.416300,6280550.000000,628.055000,0.991179,29646.008750,,,,,,,,,,,,,
10000,96,random,random,scenario_label=random,0.000000,True,True,formal_extended_baseline_screen,1311958710,948081431,25910456.250000,1520651.000000,9403044.000000,19957,12963203.889375,7742.824000,12970946.713375,10000,10000,0,10041,,,,,,,,,,,,,,,,,,,,11.613900,,385.944574,LAPCT,15,17.000000,,,,,,,,,,,,20041,0.498977,940.304400,152.065100,10923695.000000,1092.369500,0.995917,25910.456250,,,,,,,,,,,,,
10000,96,prefixed,prefixed,scenario_label=prefixed,0.000000,True,True,formal_extended_baseline_screen,1066348603,3313505613,28879875.000000,1998782.000000,4308036.000000,19957,14447812.515125,6151.582000,14453964.097125,10000,10000,0,10041,,,,,,,,,,,,,,,,,,,,11.613900,,346.261887,LAPCT,15,18.000000,,,,,,,,,48.000000,,,20041,0.498977,430.803600,199.878200,6306818.000000,630.681800,0.995917,28879.875000,,,,,,,,,,,,,
10000,96,prefix80,prefixed,scenario_label=prefix80,0.000000,True,True,formal_extended_baseline_screen,3410131684,622635844,30837513.750000,2314213.000000,915123.000000,19955,15426137.015750,5085.987500,15431223.003250,10000,10000,0,10043,,,,,,,,,,,,,,,,,,,,11.555000,,324.280358,LAPCT,15,17.000000,,,,,,,,,80.000000,,,20043,0.498927,91.512300,231.421300,3229336.000000,322.933600,0.995718,30837.513750,,,,,,,,,,,,,
10000,96,clustered,clustered,scenario_label=clustered,0.000000,True,True,formal_extended_baseline_screen,2719779022,2418166082,29661155.000000,2125523.000000,4470954.000000,19933,14835201.631375,6486.523000,14841688.154375,10000,10000,8,10073,,,,,,,,,,,,,,,,,,,,12.123200,,337.141288,LAPCT,15,18.000000,,,,,,,,,,8.000000,64.000000,20081,0.497983,447.095400,212.552300,6596477.000000,659.647700,0.992753,29661.155000,,,,,,,,,,,,,
10000,96,random,random,scenario_label=random,0.000000,True,True,formal_extended_baseline_screen,4044322606,113353241,25910256.250000,1520619.000000,9421142.000000,19957,12962779.904250,7751.809000,12970531.713250,10000,10000,0,10041,,,,,,,,,,,,,,,,,,,,11.635500,,385.947553,LAPCT,16,18.000000,,,,,,,,,,,,20041,0.498977,942.114200,152.061900,10941761.000000,1094.176100,0.995917,25910.256250,,,,,,,,,,,,,
10000,96,prefixed,prefixed,scenario_label=prefixed,0.000000,True,True,formal_extended_baseline_screen,2310609587,2917560017,28878006.250000,1998483.000000,4310305.000000,19957,14447370.800500,6152.118500,14453522.919000,10000,10000,0,10041,,,,,,,,,,,,,,,,,,,,11.618300,,346.284294,LAPCT,16,18.000000,,,,,,,,,48.000000,,,20041,0.498977,431.030500,199.848300,6308788.000000,630.878800,0.995917,28878.006250,,,,,,,,,,,,,
10000,96,prefix80,prefixed,scenario_label=prefix80,0.000000,True,True,formal_extended_baseline_screen,556887839,3107409775,30839462.500000,2314332.000000,917099.000000,19957,15428128.599625,5087.213500,15433215.813125,10000,10000,0,10041,,,,,,,,,,,,,,,,,,,,11.572400,,324.259867,LAPCT,16,18.000000,,,,,,,,,80.000000,,,20041,0.498977,91.709900,231.433200,3231431.000000,323.143100,0.995917,30839.462500,,,,,,,,,,,,,
10000,96,clustered,clustered,scenario_label=clustered,0.000000,True,True,formal_extended_baseline_screen,2713732995,2124562455,29660280.000000,2125393.000000,4446304.000000,19933,14836507.966000,6473.938000,14842981.904000,10000,10000,8,10073,,,,,,,,,,,,,,,,,,,,12.123400,,337.151234,LAPCT,16,17.000000,,,,,,,,,,8.000000,64.000000,20081,0.497983,444.630400,212.539300,6571697.000000,657.169700,0.992753,29660.280000,,,,,,,,,,,,,
10000,96,random,random,scenario_label=random,0.000000,True,True,formal_extended_baseline_screen,1698610701,447416481,25909332.500000,1520424.000000,9390084.000000,19955,12962394.634125,7735.890000,12970130.524125,10000,10000,0,10043,,,,,,,,,,,,,,,,,,,,11.599000,,385.961313,LAPCT,17,18.000000,,,,,,,,,,,,20043,0.498927,939.008400,152.042400,10910508.000000,1091.050800,0.995718,25909.332500,,,,,,,,,,,,,
10000,96,prefixed,prefixed,scenario_label=prefixed,0.000000,True,True,formal_extended_baseline_screen,862396413,1966580626,28877812.500000,1998452.000000,4307866.000000,19957,14447409.614875,6150.837000,14453560.451875,10000,10000,0,10041,,,,,,,,,,,,,,,,,,,,11.611300,,346.286617,LAPCT,17,18.000000,,,,,,,,,48.000000,,,20041,0.498977,430.786600,199.845200,6306318.000000,630.631800,0.995917,28877.812500,,,,,,,,,,,,,
10000,96,prefix80,prefixed,scenario_label=prefix80,0.000000,True,True,formal_extended_baseline_screen,3860214662,1433690244,30839018.750000,2314261.000000,917260.000000,19957,15427426.904750,5087.152000,15432514.056750,10000,10000,0,10041,,,,,,,,,,,,,,,,,,,,11.571900,,324.264533,LAPCT,17,17.000000,,,,,,,,,80.000000,,,20041,0.498977,91.726000,231.426100,3231521.000000,323.152100,0.995917,30839.018750,,,,,,,,,,,,,
10000,96,clustered,clustered,scenario_label=clustered,0.000000,True,True,formal_extended_baseline_screen,2168941655,139171498,29659506.250000,2125430.000000,4230900.000000,19932,14842780.028250,6366.310000,14849146.338250,10000,10000,5,10071,,,,,,,,,,,,,,,,,,,,11.867200,,337.160029,LAPCT,17,17.000000,,,,,,,,,,8.000000,64.000000,20076,0.498107,423.090000,212.543000,6356330.000000,635.633000,0.992950,29659.506250,,,,,,,,,,,,,
10000,96,random,random,scenario_label=random,0.000000,True,True,formal_extended_baseline_screen,3900906002,1614143856,25911212.500000,1520772.000000,9402098.000000,19957,12963371.101125,7742.593000,12971113.694125,10000,10000,0,10041,,,,,,,,,,,,,,,,,,,,11.612900,,385.933310,LAPCT,18,17.000000,,,,,,,,,,,,20041,0.498977,940.209800,152.077200,10922870.000000,1092.287000,0.995917,25911.212500,,,,,,,,,,,,,
10000,96,prefixed,prefixed,scenario_label=prefixed,0.000000,True,True,formal_extended_baseline_screen,1976791937,1202117014,28879243.750000,1998681.000000,4311698.000000,19957,14447706.910375,6153.211000,14453860.121375,10000,10000,0,10041,,,,,,,,,,,,,,,,,,,,11.623500,,346.269455,LAPCT,18,18.000000,,,,,,,,,48.000000,,,20041,0.498977,431.169800,199.868100,6310379.000000,631.037900,0.995917,28879.243750,,,,,,,,,,,,,
10000,96,prefix80,prefixed,scenario_label=prefix80,0.000000,True,True,formal_extended_baseline_screen,3973543592,2376359509,30837363.750000,2314189.000000,915463.000000,19955,15427672.390625,5086.109500,15432758.500125,10000,10000,0,10043,,,,,,,,,,,,,,,,,,,,11.559600,,324.281935,LAPCT,18,17.000000,,,,,,,,,80.000000,,,20043,0.498927,91.546300,231.418900,3229652.000000,322.965200,0.995718,30837.363750,,,,,,,,,,,,,
10000,96,clustered,clustered,scenario_label=clustered,0.000000,True,True,formal_extended_baseline_screen,3575544916,509361578,29660023.750000,2125344.000000,4465663.000000,19933,14842373.025875,6483.519500,14848856.545375,10000,10000,8,10073,,,,,,,,,,,,,,,,,,,,12.120200,,337.154147,LAPCT,18,17.000000,,,,,,,,,,8.000000,64.000000,20081,0.497983,446.566300,212.534400,6591007.000000,659.100700,0.992753,29660.023750,,,,,,,,,,,,,
10000,96,random,random,scenario_label=random,0.000000,True,True,formal_extended_baseline_screen,3061364434,3968096531,25909825.000000,1520550.000000,9406628.000000,19957,12962814.720750,7744.414000,12970559.134750,10000,10000,0,10041,,,,,,,,,,,,,,,,,,,,11.617700,,385.953977,LAPCT,19,18.000000,,,,,,,,,,,,20041,0.498977,940.662800,152.055000,10927178.000000,1092.717800,0.995917,25909.825000,,,,,,,,,,,,,
10000,96,prefixed,prefixed,scenario_label=prefixed,0.000000,True,True,formal_extended_baseline_screen,3116852746,801113545,28875857.500000,1998236.000000,4301903.000000,19955,14446104.470500,6147.423500,14452251.894000,10000,10000,0,10043,,,,,,,,,,,,,,,,,,,,11.597000,,346.310062,LAPCT,19,20.000000,,,,,,,,,48.000000,,,20043,0.498927,430.190300,199.823600,6300139.000000,630.013900,0.995718,28875.857500,,,,,,,,,,,,,
10000,96,prefix80,prefixed,scenario_label=prefix80,0.000000,True,True,formal_extended_baseline_screen,1163800006,2983188738,30840087.500000,2314432.000000,916770.000000,19957,15428440.631375,5087.249000,15433527.880375,10000,10000,0,10041,,,,,,,,,,,,,,,,,,,,11.571300,,324.253295,LAPCT,19,17.000000,,,,,,,,,80.000000,,,20041,0.498977,91.677000,231.443200,3231202.000000,323.120200,0.995917,30840.087500,,,,,,,,,,,,,
10000,96,clustered,clustered,scenario_label=clustered,0.000000,True,True,formal_extended_baseline_screen,99158156,1059329916,29660231.250000,2125556.000000,4206386.000000,19932,14834187.624750,6354.305000,14840541.929750,10000,10000,5,10071,,,,,,,,,,,,,,,,,,,,11.875800,,337.151788,LAPCT,19,17.000000,,,,,,,,,,8.000000,64.000000,20076,0.498107,420.638600,212.555600,6331942.000000,633.194200,0.992950,29660.231250,,,,,,,,,,,,,
10000,96,random,random,scenario_label=random,0.000000,True,True,formal_extended_baseline_screen,3722875878,533100252,25910263.750000,1520573.000000,9395694.000000,19955,12962283.959375,7738.993000,12970022.952375,10000,10000,0,10043,,,,,,,,,,,,,,,,,,,,11.606100,,385.947441,LAPCT,20,18.000000,,,,,,,,,,,,20043,0.498927,939.569400,152.057300,10916267.000000,1091.626700,0.995718,25910.263750,,,,,,,,,,,,,
10000,96,prefixed,prefixed,scenario_label=prefixed,0.000000,True,True,formal_extended_baseline_screen,3001598358,2437176827,28878756.250000,1998603.000000,4311038.000000,19957,14448140.382500,6152.725000,14454293.107500,10000,10000,0,10041,,,,,,,,,,,,,,,,,,,,11.621400,,346.275301,LAPCT,20,18.000000,,,,,,,,,48.000000,,,20041,0.498977,431.103800,199.860300,6309641.000000,630.964100,0.995917,28878.756250,,,,,,,,,,,,,
10000,96,prefix80,prefixed,scenario_label=prefix80,0.000000,True,True,formal_extended_baseline_screen,1969154653,1491532987,30839781.250000,2314383.000000,917126.000000,19957,15427476.808500,5087.329000,15432564.137500,10000,10000,0,10041,,,,,,,,,,,,,,,,,,,,11.577400,,324.256515,LAPCT,20,18.000000,,,,,,,,,80.000000,,,20041,0.498977,91.712600,231.438300,3231509.000000,323.150900,0.995917,30839.781250,,,,,,,,,,,,,
10000,96,clustered,clustered,scenario_label=clustered,0.000000,True,True,formal_extended_baseline_screen,3278615476,200789372,29643861.250000,2124159.000000,4049615.000000,19915,14830984.321125,6273.125500,14837257.446625,10000,10000,2,10085,,,,,,,,,,,,,,,,,,,,11.498900,,337.337971,LAPCT,20,19.000000,,,,,,,,,,8.000000,64.000000,20087,0.497834,404.961500,212.415900,6173774.000000,617.377400,0.991572,29643.861250,,,,,,,,,,,,,
10000,96,random,random,scenario_label=random,0.000000,True,True,formal_extended_baseline_screen,1880512712,1179381329,25911568.750000,1520829.000000,9418307.000000,19957,12963198.822875,7750.811500,12970949.634375,10000,10000,0,10041,,,,,,,,,,,,,,,,,,,,11.632600,,385.928004,LAPCT,21,18.000000,,,,,,,,,,,,20041,0.498977,941.830700,152.082900,10939136.000000,1093.913600,0.995917,25911.568750,,,,,,,,,,,,,
10000,96,prefixed,prefixed,scenario_label=prefixed,0.000000,True,True,formal_extended_baseline_screen,2792116651,3015837657,28877731.250000,1998439.000000,4306521.000000,19957,14446720.787875,6150.138500,14452870.926375,10000,10000,0,10041,,,,,,,,,,,,,,,,,,,,11.607400,,346.287591,LAPCT,21,19.000000,,,,,,,,,48.000000,,,20041,0.498977,430.652100,199.843900,6304960.000000,630.496000,0.995917,28877.731250,,,,,,,,,,,,,
10000,96,prefix80,prefixed,scenario_label=prefix80,0.000000,True,True,formal_extended_baseline_screen,3818182820,4099169990,30839581.250000,2314351.000000,917059.000000,19957,15428084.271500,5087.231500,15433171.503000,10000,10000,0,10041,,,,,,,,,,,,,,,,,,,,11.573100,,324.258618,LAPCT,21,18.000000,,,,,,,,,80.000000,,,20041,0.498977,91.705900,231.435100,3231410.000000,323.141000,0.995917,30839.581250,,,,,,,,,,,,,
10000,96,clustered,clustered,scenario_label=clustered,0.000000,True,True,formal_extended_baseline_screen,1495572643,3628416693,29643203.750000,2123886.000000,4038787.000000,19916,14830000.179500,6267.165500,14836267.345000,10000,10000,5,10087,,,,,,,,,,,,,,,,,,,,11.492700,,337.345453,LAPCT,21,18.000000,,,,,,,,,,8.000000,64.000000,20092,0.497711,403.878700,212.388600,6162673.000000,616.267300,0.991375,29643.203750,,,,,,,,,,,,,
10000,96,random,random,scenario_label=random,0.000000,True,True,formal_extended_baseline_screen,2483842946,2158457959,25911318.750000,1520789.000000,9403620.000000,19957,12962784.539500,7743.388000,12970527.927500,10000,10000,0,10041,,,,,,,,,,,,,,,,,,,,11.614900,,385.931727,LAPCT,22,18.000000,,,,,,,,,,,,20041,0.498977,940.362000,152.078900,10924409.000000,1092.440900,0.995917,25911.318750,,,,,,,,,,,,,
10000,96,prefixed,prefixed,scenario_label=prefixed,0.000000,True,True,formal_extended_baseline_screen,664859573,2985177951,28878137.500000,1998504.000000,4308539.000000,19957,14447310.910250,6151.277500,14453462.187750,10000,10000,0,10041,,,,,,,,,,,,,,,,,,,,11.613500,,346.282720,LAPCT,22,17.000000,,,,,,,,,48.000000,,,20041,0.498977,430.853900,199.850400,6307043.000000,630.704300,0.995917,28878.137500,,,,,,,,,,,,,
10000,96,prefix80,prefixed,scenario_label=prefix80,0.000000,True,True,formal_extended_baseline_screen,647152320,3682648664,30839875.000000,2314398.000000,917110.000000,19957,15427129.026625,5087.351000,15432216.377625,10000,10000,0,10041,,,,,,,,,,,,,,,,,,,,11.577300,,324.255530,LAPCT,22,18.000000,,,,,,,,,80.000000,,,20041,0.498977,91.711000,231.439800,3231508.000000,323.150800,0.995917,30839.875000,,,,,,,,,,,,,
10000,96,clustered,clustered,scenario_label=clustered,0.000000,True,True,formal_extended_baseline_screen,2138889899,1191876386,29644553.750000,2124097.000000,4168838.000000,19916,14830555.346125,6332.613000,14836887.959125,10000,10000,5,10087,,,,,,,,,,,,,,,,,,,,11.614500,,337.330091,LAPCT,22,17.000000,,,,,,,,,,8.000000,64.000000,20092,0.497711,416.883800,212.409700,6292935.000000,629.293500,0.991375,29644.553750,,,,,,,,,,,,,
10000,96,random,random,scenario_label=random,0.000000,True,True,formal_extended_baseline_screen,484606977,2048519711,25910312.500000,1520628.000000,9405098.000000,19957,12962999.146500,7743.805000,12970742.951500,10000,10000,0,10041,,,,,,,,,,,,,,,,,,,,11.616400,,385.946715,LAPCT,23,18.000000,,,,,,,,,,,,20041,0.498977,940.509800,152.062800,10925726.000000,1092.572600,0.995917,25910.312500,,,,,,,,,,,,,
10000,96,prefixed,prefixed,scenario_label=prefixed,0.000000,True,True,formal_extended_baseline_screen,4122393112,3594873935,28878456.250000,1998555.000000,4309765.000000,19957,14446828.529000,6151.992500,14452980.521500,10000,10000,0,10041,,,,,,,,,,,,,,,,,,,,11.617200,,346.278898,LAPCT,23,17.000000,,,,,,,,,48.000000,,,20041,0.498977,430.976500,199.855500,6308320.000000,630.832000,0.995917,28878.456250,,,,,,,,,,,,,
10000,96,prefix80,prefixed,scenario_label=prefix80,0.000000,True,True,formal_extended_baseline_screen,2468324303,1701812021,30840118.750000,2314437.000000,917241.000000,19957,15427852.491750,5087.494500,15432939.986250,10000,10000,0,10041,,,,,,,,,,,,,,,,,,,,11.582100,,324.252967,LAPCT,23,18.000000,,,,,,,,,80.000000,,,20041,0.498977,91.724100,231.443700,3231678.000000,323.167800,0.995917,30840.118750,,,,,,,,,,,,,
10000,96,clustered,clustered,scenario_label=clustered,0.000000,True,True,formal_extended_baseline_screen,3200206661,1338094642,29643135.000000,2123872.000000,4043085.000000,19916,14830018.403250,6269.286500,14836287.689750,10000,10000,5,10087,,,,,,,,,,,,,,,,,,,,11.494700,,337.346235,LAPCT,23,19.000000,,,,,,,,,,8.000000,64.000000,20092,0.497711,404.308500,212.387200,6166957.000000,616.695700,0.991375,29643.135000,,,,,,,,,,,,,
10000,96,random,random,scenario_label=random,0.000000,True,True,formal_extended_baseline_screen,4167451253,2542325446,25910876.250000,1520671.000000,9391683.000000,19955,12962990.443125,7737.183500,12970727.626625,10000,10000,0,10043,,,,,,,,,,,,,,,,,,,,11.601700,,385.938318,LAPCT,24,18.000000,,,,,,,,,,,,20043,0.498927,939.168300,152.067100,10912354.000000,1091.235400,0.995718,25910.876250,,,,,,,,,,,,,
10000,96,prefixed,prefixed,scenario_label=prefixed,0.000000,True,True,formal_extended_baseline_screen,2427110912,662080635,28878825.000000,1998614.000000,4311798.000000,19957,14446699.231875,6153.127000,14452852.358875,10000,10000,0,10041,,,,,,,,,,,,,,,,,,,,11.623600,,346.274476,LAPCT,24,17.000000,,,,,,,,,48.000000,,,20041,0.498977,431.179800,199.861400,6310412.000000,631.041200,0.995917,28878.825000,,,,,,,,,,,,,
10000,96,prefix80,prefixed,scenario_label=prefix80,0.000000,True,True,formal_extended_baseline_screen,4263242191,493472493,30838132.500000,2314312.000000,915136.000000,19955,15426277.797250,5086.192000,15431363.989250,10000,10000,0,10043,,,,,,,,,,,,,,,,,,,,11.559100,,324.273852,LAPCT,24,17.000000,,,,,,,,,80.000000,,,20043,0.498927,91.513600,231.431200,3229448.000000,322.944800,0.995718,30838.132500,,,,,,,,,,,,,
10000,96,clustered,clustered,scenario_label=clustered,0.000000,True,True,formal_extended_baseline_screen,3387768436,4265201960,29675652.500000,2126952.000000,4542017.000000,19948,14846551.134375,6524.912500,14853076.046875,10000,10000,5,10055,,,,,,,,,,,,,,,,,,,,12.378600,,336.976584,LAPCT,24,17.000000,,,,,,,,,,8.000000,64.000000,20060,0.498504,454.201700,212.695200,6668969.000000,666.896900,0.994530,29675.652500,,,,,,,,,,,,,
10000,96,random,random,scenario_label=random,0.000000,True,True,formal_extended_baseline_screen,1401592609,3453108995,25911643.750000,1520841.000000,9408004.000000,19957,12963881.186250,7745.684000,12971626.870250,10000,10000,0,10041,,,,,,,,,,,,,,,,,,,,11.620300,,385.926887,LAPCT,25,18.000000,,,,,,,,,,,,20041,0.498977,940.800400,152.084100,10928845.000000,1092.884500,0.995917,25911.643750,,,,,,,,,,,,,
10000,96,prefixed,prefixed,scenario_label=prefixed,0.000000,True,True,formal_extended_baseline_screen,4217303339,3557884349,28877843.750000,1998457.000000,4308441.000000,19957,14447477.375375,6151.134500,14453628.509875,10000,10000,0,10041,,,,,,,,,,,,,,,,,,,,11.613200,,346.286242,LAPCT,25,17.000000,,,,,,,,,48.000000,,,20041,0.498977,430.844100,199.845700,6306898.000000,630.689800,0.995917,28877.843750,,,,,,,,,,,,,
10000,96,prefix80,prefixed,scenario_label=prefix80,0.000000,True,True,formal_extended_baseline_screen,2677772902,3711207477,30839587.500000,2314352.000000,917472.000000,19957,15427055.604125,5087.440000,15432143.044125,10000,10000,0,10041,,,,,,,,,,,,,,,,,,,,11.583700,,324.258552,LAPCT,25,18.000000,,,,,,,,,80.000000,,,20041,0.498977,91.747200,231.435200,3231824.000000,323.182400,0.995917,30839.587500,,,,,,,,,,,,,
10000,96,clustered,clustered,scenario_label=clustered,0.000000,True,True,formal_extended_baseline_screen,4190779514,1758823195,29643860.000000,2123990.000000,4040310.000000,19916,14830367.505750,6268.135000,14836635.640750,10000,10000,5,10087,,,,,,,,,,,,,,,,,,,,11.495000,,337.337985,LAPCT,25,17.000000,,,,,,,,,,8.000000,64.000000,20092,0.497711,404.031000,212.399000,6164300.000000,616.430000,0.991375,29643.860000,,,,,,,,,,,,,
10000,96,random,random,scenario_label=random,0.000000,True,True,formal_extended_baseline_screen,2865864341,194329366,25911718.750000,1520853.000000,9409675.000000,19957,12963405.851000,7746.543500,12971152.394500,10000,10000,0,10041,,,,,,,,,,,,,,,,,,,,11.622300,,385.925770,LAPCT,26,17.000000,,,,,,,,,,,,20041,0.498977,940.967500,152.085300,10930528.000000,1093.052800,0.995917,25911.718750,,,,,,,,,,,,,
10000,96,prefixed,prefixed,scenario_label=prefixed,0.000000,True,True,formal_extended_baseline_screen,1478210380,233106320,28878200.000000,1998514.000000,4309234.000000,19957,14447633.500375,6151.645000,14453785.145375,10000,10000,0,10041,,,,,,,,,,,,,,,,,,,,11.615600,,346.281970,LAPCT,26,17.000000,,,,,,,,,48.000000,,,20041,0.498977,430.923400,199.851400,6307748.000000,630.774800,0.995917,28878.200000,,,,,,,,,,,,,
10000,96,prefix80,prefixed,scenario_label=prefix80,0.000000,True,True,formal_extended_baseline_screen,229837212,3328940281,30839518.750000,2314341.000000,917212.000000,19957,15428061.359625,5087.288000,15433148.647625,10000,10000,0,10041,,,,,,,,,,,,,,,,,,,,11.575800,,324.259275,LAPCT,26,17.000000,,,,,,,,,80.000000,,,20041,0.498977,91.721200,231.434100,3231553.000000,323.155300,0.995917,30839.518750,,,,,,,,,,,,,
10000,96,clustered,clustered,scenario_label=clustered,0.000000,True,True,formal_extended_baseline_screen,3925234375,3620292155,29645772.500000,2124291.000000,4051908.000000,19916,14831424.573375,6274.536000,14837699.109375,10000,10000,5,10087,,,,,,,,,,,,,,,,,,,,11.505400,,337.316223,LAPCT,26,18.000000,,,,,,,,,,8.000000,64.000000,20092,0.497711,405.190800,212.429100,6176199.000000,617.619900,0.991375,29645.772500,,,,,,,,,,,,,
10000,96,random,random,scenario_label=random,0.000000,True,True,formal_extended_baseline_screen,1975682606,3073512202,25909476.250000,1520447.000000,9388732.000000,19955,12962118.767750,7735.260000,12969854.027750,10000,10000,0,10043,,,,,,,,,,,,,,,,,,,,11.597400,,385.959172,LAPCT,27,18.000000,,,,,,,,,,,,20043,0.498927,938.873200,152.044700,10909179.000000,1090.917900,0.995718,25909.476250,,,,,,,,,,,,,
10000,96,prefixed,prefixed,scenario_label=prefixed,0.000000,True,True,formal_extended_baseline_screen,3217990807,2939548154,28879043.750000,1998649.000000,4310706.000000,19957,14447050.060000,6152.651000,14453202.711000,10000,10000,0,10041,,,,,,,,,,,,,,,,,,,,11.620500,,346.271853,LAPCT,27,18.000000,,,,,,,,,48.000000,,,20041,0.498977,431.070600,199.864900,6309355.000000,630.935500,0.995917,28879.043750,,,,,,,,,,,,,
10000,96,prefix80,prefixed,scenario_label=prefix80,0.000000,True,True,formal_extended_baseline_screen,2830123666,209959438,30836457.500000,2314044.000000,915866.000000,19955,15425302.077500,5086.021000,15430388.098500,10000,10000,0,10043,,,,,,,,,,,,,,,,,,,,11.561500,,324.291466,LAPCT,27,17.000000,,,,,,,,,80.000000,,,20043,0.498927,91.586600,231.404400,3229910.000000,322.991000,0.995718,30836.457500,,,,,,,,,,,,,
10000,96,clustered,clustered,scenario_label=clustered,0.000000,True,True,formal_extended_baseline_screen,3377847691,2598696557,29660955.000000,2125498.000000,4325695.000000,19933,14832343.069750,6413.843500,14838756.913250,10000,10000,8,10073,,,,,,,,,,,,,,,,,,,,11.991300,,337.143561,LAPCT,27,18.000000,,,,,,,,,,8.000000,64.000000,20081,0.497983,432.569500,212.549800,6451193.000000,645.119300,0.992753,29660.955000,,,,,,,,,,,,,
10000,96,random,random,scenario_label=random,0.000000,True,True,formal_extended_baseline_screen,264712398,2762699178,25910256.250000,1520619.000000,9402645.000000,19957,12962486.814625,7742.560500,12970229.375125,10000,10000,0,10041,,,,,,,,,,,,,,,,,,,,11.613200,,385.947553,LAPCT,28,17.000000,,,,,,,,,,,,20041,0.498977,940.264500,152.061900,10923264.000000,1092.326400,0.995917,25910.256250,,,,,,,,,,,,,
10000,96,prefixed,prefixed,scenario_label=prefixed,0.000000,True,True,formal_extended_baseline_screen,2849627408,3767627734,28878300.000000,1998530.000000,4308810.000000,19957,14446681.810750,6151.465000,14452833.275750,10000,10000,0,10041,,,,,,,,,,,,,,,,,,,,11.614600,,346.280771,LAPCT,28,18.000000,,,,,,,,,48.000000,,,20041,0.498977,430.881000,199.853000,6307340.000000,630.734000,0.995917,28878.300000,,,,,,,,,,,,,
10000,96,prefix80,prefixed,scenario_label=prefix80,0.000000,True,True,formal_extended_baseline_screen,2205676394,2923308952,30839606.250000,2314355.000000,917178.000000,19957,15427422.436875,5087.299000,15432509.735875,10000,10000,0,10041,,,,,,,,,,,,,,,,,,,,11.574300,,324.258355,LAPCT,28,18.000000,,,,,,,,,80.000000,,,20041,0.498977,91.717800,231.435500,3231533.000000,323.153300,0.995917,30839.606250,,,,,,,,,,,,,
10000,96,clustered,clustered,scenario_label=clustered,0.000000,True,True,formal_extended_baseline_screen,1883537458,226623807,29660012.500000,2125513.000000,4347946.000000,19932,14843505.166625,6424.999000,14849930.165625,10000,10000,5,10071,,,,,,,,,,,,,,,,,,,,11.996500,,337.154275,LAPCT,28,18.000000,,,,,,,,,,8.000000,64.000000,20076,0.498107,434.794600,212.551300,6473459.000000,647.345900,0.992950,29660.012500,,,,,,,,,,,,,
10000,96,random,random,scenario_label=random,0.000000,True,True,formal_extended_baseline_screen,814411954,1040353400,25909781.250000,1520543.000000,9405702.000000,19957,12962396.760375,7743.937000,12970140.697375,10000,10000,0,10041,,,,,,,,,,,,,,,,,,,,11.616700,,385.954629,LAPCT,29,17.000000,,,,,,,,,,,,20041,0.498977,940.570200,152.054300,10926245.000000,1092.624500,0.995917,25909.781250,,,,,,,,,,,,,
10000,96,prefixed,prefixed,scenario_label=prefixed,0.000000,True,True,formal_extended_baseline_screen,3130433991,455845323,28879725.000000,1998758.000000,4312285.000000,19957,14448075.053875,6153.658500,14454228.712375,10000,10000,0,10041,,,,,,,,,,,,,,,,,,,,11.625500,,346.263685,LAPCT,29,17.000000,,,,,,,,,48.000000,,,20041,0.498977,431.228500,199.875800,6311043.000000,631.104300,0.995917,28879.725000,,,,,,,,,,,,,
10000,96,prefix80,prefixed,scenario_label=prefix80,0.000000,True,True,formal_extended_baseline_screen,1229335753,2863576241,30838818.750000,2314229.000000,917245.000000,19957,15427553.267250,5087.080500,15432640.347750,10000,10000,0,10041,,,,,,,,,,,,,,,,,,,,11.570300,,324.266636,LAPCT,29,18.000000,,,,,,,,,80.000000,,,20041,0.498977,91.724500,231.422900,3231474.000000,323.147400,0.995917,30838.818750,,,,,,,,,,,,,
10000,96,clustered,clustered,scenario_label=clustered,0.000000,True,True,formal_extended_baseline_screen,3172725409,3726842955,29658968.750000,2125344.000000,4230481.000000,19932,14838308.150750,6365.928500,14844674.079250,10000,10000,5,10071,,,,,,,,,,,,,,,,,,,,11.869600,,337.166140,LAPCT,29,18.000000,,,,,,,,,,8.000000,64.000000,20076,0.498107,423.048100,212.534400,6355825.000000,635.582500,0.992950,29658.968750,,,,,,,,,,,,,
10000,96,random,random,scenario_label=random,0.000000,True,True,formal_extended_baseline_screen,1675969911,1640261468,25910881.250000,1520719.000000,9419424.000000,19957,12962760.835500,7751.150000,12970511.985500,10000,10000,0,10041,,,,,,,,,,,,,,,,,,,,11.633800,,385.938244,LAPCT,30,18.000000,,,,,,,,,,,,20041,0.498977,941.942400,152.071900,10940143.000000,1094.014300,0.995917,25910.881250,,,,,,,,,,,,,
10000,96,prefixed,prefixed,scenario_label=prefixed,0.000000,True,True,formal_extended_baseline_screen,2782577657,2798886943,28878393.750000,1998545.000000,4313570.000000,19957,14447002.453125,6153.875000,14453156.328125,10000,10000,0,10041,,,,,,,,,,,,,,,,,,,,11.627900,,346.279647,LAPCT,30,18.000000,,,,,,,,,48.000000,,,20041,0.498977,431.357000,199.854500,6312115.000000,631.211500,0.995917,28878.393750,,,,,,,,,,,,,
10000,96,prefix80,prefixed,scenario_label=prefix80,0.000000,True,True,formal_extended_baseline_screen,511059701,4245817829,30839143.750000,2314281.000000,917353.000000,19957,15427736.019250,5087.238500,15432823.257750,10000,10000,0,10041,,,,,,,,,,,,,,,,,,,,11.576700,,324.263218,LAPCT,30,17.000000,,,,,,,,,80.000000,,,20041,0.498977,91.735300,231.428100,3231634.000000,323.163400,0.995917,30839.143750,,,,,,,,,,,,,
10000,96,clustered,clustered,scenario_label=clustered,0.000000,True,True,formal_extended_baseline_screen,3855081597,2190634792,29660805.000000,2125465.000000,4352020.000000,19933,14834044.007250,6426.940000,14840470.947250,10000,10000,8,10073,,,,,,,,,,,,,,,,,,,,11.991900,,337.145266,LAPCT,30,16.000000,,,,,,,,,,8.000000,64.000000,20081,0.497983,435.202000,212.546500,6477485.000000,647.748500,0.992753,29660.805000,,,,,,,,,,,,,
10000,96,random,random,scenario_label=random,0.000000,True,True,formal_extended_baseline_screen,3265993510,581093114,25910851.250000,1520667.000000,9395574.000000,19955,12962954.784125,7739.121000,12970693.905125,10000,10000,0,10043,,,,,,,,,,,,,,,,,,,,11.606500,,385.938690,LAPCT,31,17.000000,,,,,,,,,,,,20043,0.498927,939.557400,152.066700,10916241.000000,1091.624100,0.995718,25910.851250,,,,,,,,,,,,,
10000,96,prefixed,prefixed,scenario_label=prefixed,0.000000,True,True,formal_extended_baseline_screen,1064392848,572826694,28877176.250000,1998447.000000,4300861.000000,19955,14446715.193625,6147.324500,14452862.518125,10000,10000,0,10043,,,,,,,,,,,,,,,,,,,,11.595300,,346.294247,LAPCT,31,18.000000,,,,,,,,,48.000000,,,20043,0.498927,430.086100,199.844700,6299308.000000,629.930800,0.995718,28877.176250,,,,,,,,,,,,,
10000,96,prefix80,prefixed,scenario_label=prefix80,0.000000,True,True,formal_extended_baseline_screen,2404369372,1757570496,30839625.000000,2314358.000000,917233.000000,19957,15428374.328500,5087.332500,15433461.661000,10000,10000,0,10041,,,,,,,,,,,,,,,,,,,,11.577100,,324.258158,LAPCT,31,18.000000,,,,,,,,,80.000000,,,20041,0.498977,91.723300,231.435800,3231591.000000,323.159100,0.995917,30839.625000,,,,,,,,,,,,,
10000,96,clustered,clustered,scenario_label=clustered,0.000000,True,True,formal_extended_baseline_screen,1581184839,558580567,29694546.250000,2128579.000000,4946066.000000,19966,14859004.103875,6730.191000,14865734.294875,10000,10000,11,10043,,,,,,,,,,,,,,,,,,,,13.001300,,336.762176,LAPCT,31,16.000000,,,,,,,,,,8.000000,64.000000,20054,0.498654,494.606600,212.857900,7074645.000000,707.464500,0.995718,29694.546250,,,,,,,,,,,,,
10000,96,random,random,scenario_label=random,0.000000,True,True,formal_extended_baseline_screen,2252910599,135307546,25909668.750000,1520525.000000,9410207.000000,19957,12962467.982250,7746.153500,12970214.135750,10000,10000,0,10041,,,,,,,,,,,,,,,,,,,,11.622000,,385.956304,LAPCT,32,17.000000,,,,,,,,,,,,20041,0.498977,941.020700,152.052500,10930732.000000,1093.073200,0.995917,25909.668750,,,,,,,,,,,,,
10000,96,prefixed,prefixed,scenario_label=prefixed,0.000000,True,True,formal_extended_baseline_screen,3774357635,1485087258,28878812.500000,1998612.000000,4309724.000000,19957,14447458.055875,6152.086000,14453610.141875,10000,10000,0,10041,,,,,,,,,,,,,,,,,,,,11.617800,,346.274626,LAPCT,32,17.000000,,,,,,,,,48.000000,,,20041,0.498977,430.972400,199.861200,6308336.000000,630.833600,0.995917,28878.812500,,,,,,,,,,,,,
10000,96,prefix80,prefixed,scenario_label=prefix80,0.000000,True,True,formal_extended_baseline_screen,3552680233,929627721,30840031.250000,2314423.000000,916810.000000,19957,15427885.452625,5087.251000,15432972.703625,10000,10000,0,10041,,,,,,,,,,,,,,,,,,,,11.571200,,324.253887,LAPCT,32,18.000000,,,,,,,,,80.000000,,,20041,0.498977,91.681000,231.442300,3231233.000000,323.123300,0.995917,30840.031250,,,,,,,,,,,,,
10000,96,clustered,clustered,scenario_label=clustered,0.000000,True,True,formal_extended_baseline_screen,1120776253,3880470901,29668806.250000,2126222.000000,4611249.000000,19941,14839103.680625,6558.068500,14845661.749125,10000,10000,8,10065,,,,,,,,,,,,,,,,,,,,12.363600,,337.054343,LAPCT,32,17.000000,,,,,,,,,,8.000000,64.000000,20073,0.498182,461.124900,212.622200,6737471.000000,673.747100,0.993542,29668.806250,,,,,,,,,,,,,
10000,96,random,random,scenario_label=random,0.000000,True,True,formal_extended_baseline_screen,2042956436,107211894,25910026.250000,1520535.000000,9398920.000000,19955,12962248.328125,7740.530000,12969988.858125,10000,10000,0,10043,,,,,,,,,,,,,,,,,,,,11.610000,,385.950979,LAPCT,33,18.000000,,,,,,,,,,,,20043,0.498927,939.892000,152.053500,10919455.000000,1091.945500,0.995718,25910.026250,,,,,,,,,,,,,
10000,96,prefixed,prefixed,scenario_label=prefixed,0.000000,True,True,formal_extended_baseline_screen,2604247550,852778464,28879212.500000,1998676.000000,4309969.000000,19957,14447742.707250,6152.336500,14453895.043750,10000,10000,0,10041,,,,,,,,,,,,,,,,,,,,11.618300,,346.269830,LAPCT,33,17.000000,,,,,,,,,48.000000,,,20041,0.498977,430.996900,199.867600,6308645.000000,630.864500,0.995917,28879.212500,,,,,,,,,,,,,
10000,96,prefix80,prefixed,scenario_label=prefix80,0.000000,True,True,formal_extended_baseline_screen,4264852947,1552458844,30839806.250000,2314387.000000,917141.000000,19957,15427663.674625,5087.344500,15432751.019125,10000,10000,0,10041,,,,,,,,,,,,,,,,,,,,11.578700,,324.256252,LAPCT,33,17.000000,,,,,,,,,80.000000,,,20041,0.498977,91.714100,231.438700,3231528.000000,323.152800,0.995917,30839.806250,,,,,,,,,,,,,
10000,96,clustered,clustered,scenario_label=clustered,0.000000,True,True,formal_extended_baseline_screen,1884500039,2665478102,29677476.250000,2127078.000000,4521695.000000,19949,14855997.091000,6515.003500,14862512.094500,10000,10000,8,10057,,,,,,,,,,,,,,,,,,,,12.366700,,336.955876,LAPCT,33,18.000000,,,,,,,,,,8.000000,64.000000,20065,0.498380,452.169500,212.707800,6648773.000000,664.877300,0.994332,29677.476250,,,,,,,,,,,,,
10000,96,random,random,scenario_label=random,0.000000,True,True,formal_extended_baseline_screen,1926156841,1669485496,25911615.000000,1520742.000000,9377315.000000,19953,12963261.405375,7730.141500,12970991.546875,10000,10000,0,10045,,,,,,,,,,,,,,,,,,,,11.585900,,385.927315,LAPCT,34,18.000000,,,,,,,,,,,,20045,0.498878,937.731500,152.074200,10898057.000000,1089.805700,0.995520,25911.615000,,,,,,,,,,,,,
10000,96,prefixed,prefixed,scenario_label=prefixed,0.000000,True,True,formal_extended_baseline_screen,304335199,2426566780,28877807.500000,1998548.000000,4298919.000000,19955,14448134.296250,6146.555500,14454280.851750,10000,10000,0,10043,,,,,,,,,,,,,,,,,,,,11.590900,,346.286677,LAPCT,34,18.000000,,,,,,,,,48.000000,,,20043,0.498927,429.891900,199.854800,6297467.000000,629.746700,0.995718,28877.807500,,,,,,,,,,,,,
10000,96,prefix80,prefixed,scenario_label=prefix80,0.000000,True,True,formal_extended_baseline_screen,1538798478,3671008847,30839037.500000,2314264.000000,917296.000000,19957,15427606.002125,5087.176000,15432693.178125,10000,10000,0,10041,,,,,,,,,,,,,,,,,,,,11.574100,,324.264335,LAPCT,34,18.000000,,,,,,,,,80.000000,,,20041,0.498977,91.729600,231.426400,3231560.000000,323.156000,0.995917,30839.037500,,,,,,,,,,,,,
10000,96,clustered,clustered,scenario_label=clustered,0.000000,True,True,formal_extended_baseline_screen,2234370540,3014591947,29660625.000000,2125613.000000,4345096.000000,19932,14842932.281750,6423.774000,14849356.055750,10000,10000,5,10071,,,,,,,,,,,,,,,,,,,,12.001500,,337.147312,LAPCT,34,17.000000,,,,,,,,,,8.000000,64.000000,20076,0.498107,434.509600,212.561300,6470709.000000,647.070900,0.992950,29660.625000,,,,,,,,,,,,,
10000,96,random,random,scenario_label=random,0.000000,True,True,formal_extended_baseline_screen,2690207514,2987863500,25909818.750000,1520549.000000,9407707.000000,19957,12962664.177750,7744.951500,12970409.129250,10000,10000,0,10041,,,,,,,,,,,,,,,,,,,,11.619000,,385.954070,LAPCT,35,17.000000,,,,,,,,,,,,20041,0.498977,940.770700,152.054900,10928256.000000,1092.825600,0.995917,25909.818750,,,,,,,,,,,,,
10000,96,prefixed,prefixed,scenario_label=prefixed,0.000000,True,True,formal_extended_baseline_screen,4048739445,3520051213,28879331.250000,1998695.000000,4309880.000000,19957,14448237.882875,6152.330000,14454390.212875,10000,10000,0,10041,,,,,,,,,,,,,,,,,,,,11.618800,,346.268406,LAPCT,35,17.000000,,,,,,,,,48.000000,,,20041,0.498977,430.988000,199.869500,6308575.000000,630.857500,0.995917,28879.331250,,,,,,,,,,,,,
10000,96,prefix80,prefixed,scenario_label=prefix80,0.000000,True,True,formal_extended_baseline_screen,2800648159,416432001,30838806.250000,2314227.000000,917291.000000,19957,15427683.753875,5087.099500,15432770.853375,10000,10000,0,10041,,,,,,,,,,,,,,,,,,,,11.570200,,324.266767,LAPCT,35,18.000000,,,,,,,,,80.000000,,,20041,0.498977,91.729100,231.422700,3231518.000000,323.151800,0.995917,30838.806250,,,,,,,,,,,,,
10000,96,clustered,clustered,scenario_label=clustered,0.000000,True,True,formal_extended_baseline_screen,1745901410,2578020833,29677201.250000,2127035.000000,4643174.000000,19949,14849674.343250,6575.657000,14856250.000250,10000,10000,8,10057,,,,,,,,,,,,,,,,,,,,12.503700,,336.958998,LAPCT,35,17.000000,,,,,,,,,,8.000000,64.000000,20065,0.498380,464.317400,212.703500,6770209.000000,677.020900,0.994332,29677.201250,,,,,,,,,,,,,
10000,96,random,random,scenario_label=random,0.000000,True,True,formal_extended_baseline_screen,1928770138,979496750,25908893.750000,1520401.000000,9400599.000000,19957,12962201.944000,7741.101500,12969943.045500,10000,10000,0,10041,,,,,,,,,,,,,,,,,,,,11.610200,,385.967849,LAPCT,36,18.000000,,,,,,,,,,,,20041,0.498977,940.059900,152.040100,10921000.000000,1092.100000,0.995917,25908.893750,,,,,,,,,,,,,
10000,96,prefixed,prefixed,scenario_label=prefixed,0.000000,True,True,formal_extended_baseline_screen,1318647535,3793049258,28877281.250000,1998367.000000,4312237.000000,19957,14445940.007625,6152.852500,14452092.860125,10000,10000,0,10041,,,,,,,,,,,,,,,,,,,,11.623100,,346.292988,LAPCT,36,18.000000,,,,,,,,,48.000000,,,20041,0.498977,431.223700,199.836700,6310604.000000,631.060400,0.995917,28877.281250,,,,,,,,,,,,,
10000,96,prefix80,prefixed,scenario_label=prefix80,0.000000,True,True,formal_extended_baseline_screen,2487161622,1051533846,30839781.250000,2314383.000000,917085.000000,19957,15428376.665750,5087.308500,15433463.974250,10000,10000,0,10041,,,,,,,,,,,,,,,,,,,,11.575900,,324.256515,LAPCT,36,19.000000,,,,,,,,,80.000000,,,20041,0.498977,91.708500,231.438300,3231468.000000,323.146800,0.995917,30839.781250,,,,,,,,,,,,,
10000,96,clustered,clustered,scenario_label=clustered,0.000000,True,True,formal_extended_baseline_screen,3755104620,3687933793,29643241.250000,2123895.000000,4029157.000000,19916,14830065.819500,6262.368500,14836328.188000,10000,10000,5,10087,,,,,,,,,,,,,,,,,,,,11.494600,,337.345026,LAPCT,36,19.000000,,,,,,,,,,8.000000,64.000000,20092,0.497711,402.915700,212.389500,6153052.000000,615.305200,0.991375,29643.241250,,,,,,,,,,,,,
10000,96,random,random,scenario_label=random,0.000000,True,True,formal_extended_baseline_screen,3956758156,46267126,25912018.750000,1520901.000000,9413015.000000,19957,12964333.501250,7748.309500,12972081.810750,10000,10000,0,10041,,,,,,,,,,,,,,,,,,,,11.626400,,385.921301,LAPCT,37,18.000000,,,,,,,,,,,,20041,0.498977,941.301500,152.090100,10933916.000000,1093.391600,0.995917,25912.018750,,,,,,,,,,,,,
10000,96,prefixed,prefixed,scenario_label=prefixed,0.000000,True,True,formal_extended_baseline_screen,1372255346,621302137,28879875.000000,1998782.000000,4310737.000000,19957,14447806.513625,6152.932500,14453959.446125,10000,10000,0,10041,,,,,,,,,,,,,,,,,,,,11.621900,,346.261887,LAPCT,37,18.000000,,,,,,,,,48.000000,,,20041,0.498977,431.073700,199.878200,6309519.000000,630.951900,0.995917,28879.875000,,,,,,,,,,,,,
10000,96,prefix80,prefixed,scenario_label=prefix80,0.000000,True,True,formal_extended_baseline_screen,707353532,1205772109,30839231.250000,2314295.000000,917097.000000,19957,15428093.526750,5087.138500,15433180.665250,10000,10000,0,10041,,,,,,,,,,,,,,,,,,,,11.572500,,324.262298,LAPCT,37,18.000000,,,,,,,,,80.000000,,,20041,0.498977,91.709700,231.429500,3231392.000000,323.139200,0.995917,30839.231250,,,,,,,,,,,,,
10000,96,clustered,clustered,scenario_label=clustered,0.000000,True,True,formal_extended_baseline_screen,1062845759,1782913278,29691886.250000,2128491.000000,4840843.000000,19964,14854802.758875,6677.403500,14861480.162375,10000,10000,5,10039,,,,,,,,,,,,,,,,,,,,12.863600,,336.792345,LAPCT,37,16.000000,,,,,,,,,,8.000000,64.000000,20044,0.498902,484.084300,212.849100,6969334.000000,696.933400,0.996115,29691.886250,,,,,,,,,,,,,
10000,96,random,random,scenario_label=random,0.000000,True,True,formal_extended_baseline_screen,957467494,2941516142,25910862.500000,1520716.000000,9416040.000000,19957,12963446.347750,7749.452000,12971195.799750,10000,10000,0,10041,,,,,,,,,,,,,,,,,,,,11.629700,,385.938523,LAPCT,38,18.000000,,,,,,,,,,,,20041,0.498977,941.604000,152.071600,10936756.000000,1093.675600,0.995917,25910.862500,,,,,,,,,,,,,
10000,96,prefixed,prefixed,scenario_label=prefixed,0.000000,True,True,formal_extended_baseline_screen,2919934110,1463786,28878631.250000,1998583.000000,4313387.000000,19957,14447356.928500,6153.859500,14453510.788000,10000,10000,0,10041,,,,,,,,,,,,,,,,,,,,11.627600,,346.276799,LAPCT,38,17.000000,,,,,,,,,48.000000,,,20041,0.498977,431.338700,199.858300,6311970.000000,631.197000,0.995917,28878.631250,,,,,,,,,,,,,
10000,96,prefix80,prefixed,scenario_label=prefix80,0.000000,True,True,formal_extended_baseline_screen,3472369517,2092381457,30837070.000000,2314142.000000,915442.000000,19955,15426764.193375,5086.005000,15431850.198375,10000,10000,0,10043,,,,,,,,,,,,,,,,,,,,11.556900,,324.285024,LAPCT,38,18.000000,,,,,,,,,80.000000,,,20043,0.498927,91.544200,231.414200,3229584.000000,322.958400,0.995718,30837.070000,,,,,,,,,,,,,
10000,96,clustered,clustered,scenario_label=clustered,0.000000,True,True,formal_extended_baseline_screen,1660287430,76809302,29644653.750000,2124111.000000,4053332.000000,19916,14831242.451125,6274.888000,14837517.339125,10000,10000,5,10087,,,,,,,,,,,,,,,,,,,,11.498300,,337.328953,LAPCT,38,18.000000,,,,,,,,,,8.000000,64.000000,20092,0.497711,405.333200,212.411100,6177443.000000,617.744300,0.991375,29644.653750,,,,,,,,,,,,,
10000,96,random,random,scenario_label=random,0.000000,True,True,formal_extended_baseline_screen,2866897990,1056813195,25909681.250000,1520527.000000,9406078.000000,19957,12962371.614000,7744.093000,12970115.707000,10000,10000,0,10041,,,,,,,,,,,,,,,,,,,,11.617100,,385.956118,LAPCT,39,18.000000,,,,,,,,,,,,20041,0.498977,940.607800,152.052700,10926605.000000,1092.660500,0.995917,25909.681250,,,,,,,,,,,,,
10000,96,prefixed,prefixed,scenario_label=prefixed,0.000000,True,True,formal_extended_baseline_screen,86283338,2223440030,28876218.750000,1998197.000000,4307790.000000,19957,14446313.656125,6150.289000,14452463.945125,10000,10000,0,10041,,,,,,,,,,,,,,,,,,,,11.609400,,346.305730,LAPCT,39,17.000000,,,,,,,,,48.000000,,,20041,0.498977,430.779000,199.819700,6305987.000000,630.598700,0.995917,28876.218750,,,,,,,,,,,,,
10000,96,prefix80,prefixed,scenario_label=prefix80,0.000000,True,True,formal_extended_baseline_screen,1243192488,304626558,30839093.750000,2314273.000000,917077.000000,19957,15427163.133125,5087.084500,15432250.217625,10000,10000,0,10041,,,,,,,,,,,,,,,,,,,,11.568100,,324.263744,LAPCT,39,18.000000,,,,,,,,,80.000000,,,20041,0.498977,91.707700,231.427300,3231350.000000,323.135000,0.995917,30839.093750,,,,,,,,,,,,,
10000,96,clustered,clustered,scenario_label=clustered,0.000000,True,True,formal_extended_baseline_screen,481472403,1349694315,29661580.000000,2125592.000000,4345687.000000,19933,14835591.702000,6424.027500,14842015.729500,10000,10000,8,10073,,,,,,,,,,,,,,,,,,,,11.998300,,337.136457,LAPCT,39,17.000000,,,,,,,,,,8.000000,64.000000,20081,0.497983,434.568700,212.559200,6471279.000000,647.127900,0.992753,29661.580000,,,,,,,,,,,,,
10000,96,random,random,scenario_label=random,0.000000,True,True,formal_extended_baseline_screen,509607359,373890606,25909262.500000,1520460.000000,9415456.000000,19957,12962082.689875,7748.648000,12969831.337875,10000,10000,0,10041,,,,,,,,,,,,,,,,,,,,11.628100,,385.962356,LAPCT,40,18.000000,,,,,,,,,,,,20041,0.498977,941.545600,152.046000,10935916.000000,1093.591600,0.995917,25909.262500,,,,,,,,,,,,,
10000,96,prefixed,prefixed,scenario_label=prefixed,0.000000,True,True,formal_extended_baseline_screen,2673896349,333065443,28879456.250000,1998715.000000,4311712.000000,19957,14446811.458375,6153.286000,14452964.744375,10000,10000,0,10041,,,,,,,,,,,,,,,,,,,,11.624000,,346.266907,LAPCT,40,17.000000,,,,,,,,,48.000000,,,20041,0.498977,431.171200,199.871500,6310427.000000,631.042700,0.995917,28879.456250,,,,,,,,,,,,,
10000,96,prefix80,prefixed,scenario_label=prefix80,0.000000,True,True,formal_extended_baseline_screen,1445782178,656415461,30839093.750000,2314273.000000,917273.000000,19957,15427400.245875,5087.182500,15432487.428375,10000,10000,0,10041,,,,,,,,,,,,,,,,,,,,11.573500,,324.263744,LAPCT,40,17.000000,,,,,,,,,80.000000,,,20041,0.498977,91.727300,231.427300,3231546.000000,323.154600,0.995917,30839.093750,,,,,,,,,,,,,
10000,96,clustered,clustered,scenario_label=clustered,0.000000,True,True,formal_extended_baseline_screen,3422425815,2418343577,29660306.250000,2125558.000000,4230908.000000,19932,14842895.068000,6366.570000,14849261.638000,10000,10000,5,10071,,,,,,,,,,,,,,,,,,,,11.874100,,337.150936,LAPCT,40,17.000000,,,,,,,,,,8.000000,64.000000,20076,0.498107,423.090800,212.555800,6356466.000000,635.646600,0.992950,29660.306250,,,,,,,,,,,,,
10000,96,random,random,scenario_label=random,0.000000,True,True,formal_extended_baseline_screen,2374982155,3454975129,25909781.250000,1520543.000000,9406800.000000,19957,12962845.610125,7744.486000,12970590.096125,10000,10000,0,10041,,,,,,,,,,,,,,,,,,,,11.618000,,385.954629,LAPCT,41,18.000000,,,,,,,,,,,,20041,0.498977,940.680000,152.054300,10927343.000000,1092.734300,0.995917,25909.781250,,,,,,,,,,,,,
10000,96,prefixed,prefixed,scenario_label=prefixed,0.000000,True,True,formal_extended_baseline_screen,2076339012,3575047212,28878700.000000,1998594.000000,4312378.000000,19957,14447042.279500,6153.377000,14453195.656500,10000,10000,0,10041,,,,,,,,,,,,,,,,,,,,11.625100,,346.275975,LAPCT,41,18.000000,,,,,,,,,48.000000,,,20041,0.498977,431.237800,199.859400,6310972.000000,631.097200,0.995917,28878.700000,,,,,,,,,,,,,
10000,96,prefix80,prefixed,scenario_label=prefix80,0.000000,True,True,formal_extended_baseline_screen,3727899068,1886835552,30839693.750000,2314369.000000,917169.000000,19957,15428226.165000,5087.322500,15433313.487500,10000,10000,0,10041,,,,,,,,,,,,,,,,,,,,11.577800,,324.257435,LAPCT,41,18.000000,,,,,,,,,80.000000,,,20041,0.498977,91.716900,231.436900,3231538.000000,323.153800,0.995917,30839.693750,,,,,,,,,,,,,
10000,96,clustered,clustered,scenario_label=clustered,0.000000,True,True,formal_extended_baseline_screen,4098968949,1374470541,29677270.000000,2127044.000000,4524877.000000,19949,14847645.521375,6516.526500,14854162.047875,10000,10000,8,10057,,,,,,,,,,,,,,,,,,,,12.381200,,336.958218,LAPCT,41,18.000000,,,,,,,,,,8.000000,64.000000,20065,0.498380,452.487700,212.704400,6651921.000000,665.192100,0.994332,29677.270000,,,,,,,,,,,,,
10000,96,random,random,scenario_label=random,0.000000,True,True,formal_extended_baseline_screen,2681934676,3485522780,25911062.500000,1520748.000000,9403801.000000,19957,12962878.856625,7743.396500,12970622.253125,10000,10000,0,10041,,,,,,,,,,,,,,,,,,,,11.614900,,385.935544,LAPCT,42,18.000000,,,,,,,,,,,,20041,0.498977,940.380100,152.074800,10924549.000000,1092.454900,0.995917,25911.062500,,,,,,,,,,,,,
10000,96,prefixed,prefixed,scenario_label=prefixed,0.000000,True,True,formal_extended_baseline_screen,3463721453,3999750579,28877718.750000,1998437.000000,4308349.000000,19957,14447459.753750,6151.048500,14453610.802250,10000,10000,0,10041,,,,,,,,,,,,,,,,,,,,11.612400,,346.287741,LAPCT,42,18.000000,,,,,,,,,48.000000,,,20041,0.498977,430.834900,199.843700,6306786.000000,630.678600,0.995917,28877.718750,,,,,,,,,,,,,
10000,96,prefix80,prefixed,scenario_label=prefix80,0.000000,True,True,formal_extended_baseline_screen,3090696183,476712408,30839918.750000,2314405.000000,917118.000000,19957,15428145.100250,5087.369000,15433232.469250,10000,10000,0,10041,,,,,,,,,,,,,,,,,,,,11.578700,,324.255070,LAPCT,42,18.000000,,,,,,,,,80.000000,,,20041,0.498977,91.711800,231.440500,3231523.000000,323.152300,0.995917,30839.918750,,,,,,,,,,,,,
10000,96,clustered,clustered,scenario_label=clustered,0.000000,True,True,formal_extended_baseline_screen,3927309367,3117191206,29660855.000000,2125477.000000,4463983.000000,19933,14837103.649250,6482.945500,14843586.594750,10000,10000,8,10073,,,,,,,,,,,,,,,,,,,,12.114000,,337.144698,LAPCT,42,16.000000,,,,,,,,,,8.000000,64.000000,20081,0.497983,446.398300,212.547700,6589460.000000,658.946000,0.992753,29660.855000,,,,,,,,,,,,,
10000,96,random,random,scenario_label=random,0.000000,True,True,formal_extended_baseline_screen,3450749702,3703455595,25909237.500000,1520456.000000,9400356.000000,19957,12962326.943000,7741.090000,12970068.033000,10000,10000,0,10041,,,,,,,,,,,,,,,,,,,,11.610100,,385.962729,LAPCT,43,18.000000,,,,,,,,,,,,20041,0.498977,940.035600,152.045600,10920812.000000,1092.081200,0.995917,25909.237500,,,,,,,,,,,,,
10000,96,prefixed,prefixed,scenario_label=prefixed,0.000000,True,True,formal_extended_baseline_screen,144876194,3856485888,28878006.250000,1998483.000000,4313431.000000,19957,14446684.551000,6153.681500,14452838.232500,10000,10000,0,10041,,,,,,,,,,,,,,,,,,,,11.627100,,346.284294,LAPCT,43,18.000000,,,,,,,,,48.000000,,,20041,0.498977,431.343100,199.848300,6311914.000000,631.191400,0.995917,28878.006250,,,,,,,,,,,,,
10000,96,prefix80,prefixed,scenario_label=prefix80,0.000000,True,True,formal_extended_baseline_screen,1513479548,1078516927,30839325.000000,2314310.000000,917390.000000,19957,15427594.638125,5087.315000,15432681.953125,10000,10000,0,10041,,,,,,,,,,,,,,,,,,,,11.579300,,324.261312,LAPCT,43,17.000000,,,,,,,,,80.000000,,,20041,0.498977,91.739000,231.431000,3231700.000000,323.170000,0.995917,30839.325000,,,,,,,,,,,,,
10000,96,clustered,clustered,scenario_label=clustered,0.000000,True,True,formal_extended_baseline_screen,48141908,249992458,29661898.750000,2125644.000000,4341037.000000,19933,14841263.013750,6421.806500,14847684.820250,10000,10000,8,10073,,,,,,,,,,,,,,,,,,,,11.994500,,337.132834,LAPCT,43,17.000000,,,,,,,,,,8.000000,64.000000,20081,0.497983,434.103700,212.564400,6466681.000000,646.668100,0.992753,29661.898750,,,,,,,,,,,,,
10000,96,random,random,scenario_label=random,0.000000,True,True,formal_extended_baseline_screen,3987099893,3998794202,25909987.500000,1520576.000000,9416013.000000,19957,12962070.633375,7749.158500,12969819.791875,10000,10000,0,10041,,,,,,,,,,,,,,,,,,,,11.629100,,385.951556,LAPCT,44,18.000000,,,,,,,,,,,,20041,0.498977,941.601300,152.057600,10936589.000000,1093.658900,0.995917,25909.987500,,,,,,,,,,,,,
10000,96,prefixed,prefixed,scenario_label=prefixed,0.000000,True,True,formal_extended_baseline_screen,2327316353,452743037,28877901.250000,1998563.000000,4303003.000000,19955,14445976.994875,6148.627500,14452125.622375,10000,10000,0,10043,,,,,,,,,,,,,,,,,,,,11.602300,,346.285553,LAPCT,44,19.000000,,,,,,,,,48.000000,,,20043,0.498927,430.300300,199.856300,6301566.000000,630.156600,0.995718,28877.901250,,,,,,,,,,,,,
10000,96,prefix80,prefixed,scenario_label=prefix80,0.000000,True,True,formal_extended_baseline_screen,2316918874,616946177,30837382.500000,2314192.000000,915243.000000,19955,15426638.234500,5086.005500,15431724.240000,10000,10000,0,10043,,,,,,,,,,,,,,,,,,,,11.558300,,324.281738,LAPCT,44,17.000000,,,,,,,,,80.000000,,,20043,0.498927,91.524300,231.419200,3229435.000000,322.943500,0.995718,30837.382500,,,,,,,,,,,,,
10000,96,clustered,clustered,scenario_label=clustered,0.000000,True,True,formal_extended_baseline_screen,828653254,2440203697,29643248.750000,2124059.000000,3930909.000000,19915,14830219.134375,6213.572500,14836432.706875,10000,10000,2,10085,,,,,,,,,,,,,,,,,,,,11.373700,,337.344941,LAPCT,44,19.000000,,,,,,,,,,8.000000,64.000000,20087,0.497834,393.090900,212.405900,6054968.000000,605.496800,0.991572,29643.248750,,,,,,,,,,,,,
10000,96,random,random,scenario_label=random,0.000000,True,True,formal_extended_baseline_screen,3580828999,1386859329,25910218.750000,1520613.000000,9401140.000000,19957,12962663.055875,7741.796000,12970404.851875,10000,10000,0,10041,,,,,,,,,,,,,,,,,,,,11.611400,,385.948112,LAPCT,45,18.000000,,,,,,,,,,,,20041,0.498977,940.114000,152.061300,10921753.000000,1092.175300,0.995917,25910.218750,,,,,,,,,,,,,
10000,96,prefixed,prefixed,scenario_label=prefixed,0.000000,True,True,formal_extended_baseline_screen,1476163045,3199992403,28876893.750000,1998305.000000,4308744.000000,19957,14446398.376250,6150.982000,14452549.358250,10000,10000,0,10041,,,,,,,,,,,,,,,,,,,,11.612800,,346.297635,LAPCT,45,17.000000,,,,,,,,,48.000000,,,20041,0.498977,430.874400,199.830500,6307049.000000,630.704900,0.995917,28876.893750,,,,,,,,,,,,,
10000,96,prefix80,prefixed,scenario_label=prefix80,0.000000,True,True,formal_extended_baseline_screen,2573149326,2712394161,30839218.750000,2314293.000000,917235.000000,19957,15427052.311750,5087.203500,15432139.515250,10000,10000,0,10041,,,,,,,,,,,,,,,,,,,,11.573300,,324.262430,LAPCT,45,17.000000,,,,,,,,,80.000000,,,20041,0.498977,91.723500,231.429300,3231528.000000,323.152800,0.995917,30839.218750,,,,,,,,,,,,,
10000,96,clustered,clustered,scenario_label=clustered,0.000000,True,True,formal_extended_baseline_screen,2581397823,1104864753,29644853.750000,2124143.000000,4052279.000000,19916,14831554.328125,6274.425500,14837828.753625,10000,10000,5,10087,,,,,,,,,,,,,,,,,,,,11.494000,,337.326677,LAPCT,45,19.000000,,,,,,,,,,8.000000,64.000000,20092,0.497711,405.227900,212.414300,6176422.000000,617.642200,0.991375,29644.853750,,,,,,,,,,,,,
10000,96,random,random,scenario_label=random,0.000000,True,True,formal_extended_baseline_screen,3716381950,2881570359,25909026.250000,1520375.000000,9385358.000000,19955,12961911.213625,7733.429000,12969644.642625,10000,10000,0,10043,,,,,,,,,,,,,,,,,,,,11.593300,,385.965876,LAPCT,46,18.000000,,,,,,,,,,,,20043,0.498927,938.535800,152.037500,10905733.000000,1090.573300,0.995718,25909.026250,,,,,,,,,,,,,
10000,96,prefixed,prefixed,scenario_label=prefixed,0.000000,True,True,formal_extended_baseline_screen,2477060584,3959725138,28878975.000000,1998638.000000,4310438.000000,19957,14446856.186875,6152.495000,14453008.681875,10000,10000,0,10041,,,,,,,,,,,,,,,,,,,,11.619900,,346.272678,LAPCT,46,18.000000,,,,,,,,,48.000000,,,20041,0.498977,431.043800,199.863800,6309076.000000,630.907600,0.995917,28878.975000,,,,,,,,,,,,,
10000,96,prefix80,prefixed,scenario_label=prefix80,0.000000,True,True,formal_extended_baseline_screen,2069287118,1232959322,30836707.500000,2314084.000000,915415.000000,19955,15425009.794750,5085.875500,15430095.670250,10000,10000,0,10043,,,,,,,,,,,,,,,,,,,,11.553000,,324.288837,LAPCT,46,18.000000,,,,,,,,,80.000000,,,20043,0.498927,91.541500,231.408400,3229499.000000,322.949900,0.995718,30836.707500,,,,,,,,,,,,,
10000,96,clustered,clustered,scenario_label=clustered,0.000000,True,True,formal_extended_baseline_screen,4117600980,3803844485,29661292.500000,2125546.000000,4345613.000000,19933,14841506.215000,6423.898500,14847930.113500,10000,10000,8,10073,,,,,,,,,,,,,,,,,,,,11.997700,,337.139725,LAPCT,46,17.000000,,,,,,,,,,8.000000,64.000000,20081,0.497983,434.561300,212.554600,6471159.000000,647.115900,0.992753,29661.292500,,,,,,,,,,,,,
10000,96,random,random,scenario_label=random,0.000000,True,True,formal_extended_baseline_screen,2943036703,2515939308,25910631.250000,1520679.000000,9407724.000000,19957,12962207.789500,7745.220000,12969953.009500,10000,10000,0,10041,,,,,,,,,,,,,,,,,,,,11.619400,,385.941967,LAPCT,47,18.000000,,,,,,,,,,,,20041,0.498977,940.772400,152.067900,10928403.000000,1092.840300,0.995917,25910.631250,,,,,,,,,,,,,
10000,96,prefixed,prefixed,scenario_label=prefixed,0.000000,True,True,formal_extended_baseline_screen,2255604210,3544650165,28878943.750000,1998633.000000,4311468.000000,19957,14447074.113000,6153.000000,14453227.113000,10000,10000,0,10041,,,,,,,,,,,,,,,,,,,,11.622700,,346.273052,LAPCT,47,18.000000,,,,,,,,,48.000000,,,20041,0.498977,431.146800,199.863300,6310101.000000,631.010100,0.995917,28878.943750,,,,,,,,,,,,,
10000,96,prefix80,prefixed,scenario_label=prefix80,0.000000,True,True,formal_extended_baseline_screen,1998039315,3519465244,30839443.750000,2314329.000000,917432.000000,19957,15426785.038000,5087.374000,15431872.412000,10000,10000,0,10041,,,,,,,,,,,,,,,,,,,,11.580600,,324.260064,LAPCT,47,18.000000,,,,,,,,,80.000000,,,20041,0.498977,91.743200,231.432900,3231761.000000,323.176100,0.995917,30839.443750,,,,,,,,,,,,,
10000,96,clustered,clustered,scenario_label=clustered,0.000000,True,True,formal_extended_baseline_screen,1376940312,3577365569,29644922.500000,2124155.000000,4051835.000000,19916,14830907.667000,6274.227500,14837181.894500,10000,10000,5,10087,,,,,,,,,,,,,,,,,,,,11.503300,,337.325895,LAPCT,47,20.000000,,,,,,,,,,8.000000,64.000000,20092,0.497711,405.183500,212.415500,6175990.000000,617.599000,0.991375,29644.922500,,,,,,,,,,,,,
10000,96,random,random,scenario_label=random,0.000000,True,True,formal_extended_baseline_screen,4126669249,2795232165,25910518.750000,1520661.000000,9410262.000000,19957,12963524.607750,7746.453000,12971271.060750,10000,10000,0,10041,,,,,,,,,,,,,,,,,,,,11.622500,,385.943643,LAPCT,48,17.000000,,,,,,,,,,,,20041,0.498977,941.026200,152.066100,10930923.000000,1093.092300,0.995917,25910.518750,,,,,,,,,,,,,
10000,96,prefixed,prefixed,scenario_label=prefixed,0.000000,True,True,formal_extended_baseline_screen,2193895526,1268163400,28877870.000000,1998558.000000,4302459.000000,19955,14447345.890875,6148.345500,14453494.236375,10000,10000,0,10043,,,,,,,,,,,,,,,,,,,,11.600700,,346.285928,LAPCT,48,17.000000,,,,,,,,,48.000000,,,20043,0.498927,430.245900,199.855800,6301017.000000,630.101700,0.995718,28877.870000,,,,,,,,,,,,,
10000,96,prefix80,prefixed,scenario_label=prefix80,0.000000,True,True,formal_extended_baseline_screen,3566718053,3417646733,30839856.250000,2314395.000000,917518.000000,19957,15428317.692875,5087.549000,15433405.241875,10000,10000,0,10041,,,,,,,,,,,,,,,,,,,,11.587200,,324.255727,LAPCT,48,18.000000,,,,,,,,,80.000000,,,20041,0.498977,91.751800,231.439500,3231913.000000,323.191300,0.995917,30839.856250,,,,,,,,,,,,,
10000,96,clustered,clustered,scenario_label=clustered,0.000000,True,True,formal_extended_baseline_screen,3761635906,490879358,29643810.000000,2123977.000000,4049072.000000,19916,14830453.953375,6272.490000,14836726.443375,10000,10000,5,10087,,,,,,,,,,,,,,,,,,,,11.488700,,337.338554,LAPCT,48,18.000000,,,,,,,,,,8.000000,64.000000,20092,0.497711,404.907200,212.397700,6173049.000000,617.304900,0.991375,29643.810000,,,,,,,,,,,,,
10000,96,random,random,scenario_label=random,0.000000,True,True,formal_extended_baseline_screen,675927661,2149127740,25911506.250000,1520819.000000,9404186.000000,19957,12963653.394750,7743.731000,12971397.125750,10000,10000,0,10041,,,,,,,,,,,,,,,,,,,,11.615700,,385.928935,LAPCT,49,18.000000,,,,,,,,,,,,20041,0.498977,940.418600,152.081900,10925005.000000,1092.500500,0.995917,25911.506250,,,,,,,,,,,,,
10000,96,prefixed,prefixed,scenario_label=prefixed,0.000000,True,True,formal_extended_baseline_screen,2044777110,392014262,28879987.500000,1998800.000000,4314766.000000,19957,14448405.751750,6154.983000,14454560.734750,10000,10000,0,10041,,,,,,,,,,,,,,,,,,,,11.633300,,346.260538,LAPCT,49,17.000000,,,,,,,,,48.000000,,,20041,0.498977,431.476600,199.880000,6313566.000000,631.356600,0.995917,28879.987500,,,,,,,,,,,,,
10000,96,prefix80,prefixed,scenario_label=prefix80,0.000000,True,True,formal_extended_baseline_screen,2799794232,4187554248,30839512.500000,2314340.000000,917153.000000,19957,15427491.807625,5087.256500,15432579.064125,10000,10000,0,10041,,,,,,,,,,,,,,,,,,,,11.575300,,324.259341,LAPCT,49,17.000000,,,,,,,,,80.000000,,,20041,0.498977,91.715300,231.434000,3231493.000000,323.149300,0.995917,30839.512500,,,,,,,,,,,,,
10000,96,clustered,clustered,scenario_label=clustered,0.000000,True,True,formal_extended_baseline_screen,2841386880,4184879742,29645815.000000,2124132.000000,4154382.000000,19917,14831354.001250,6325.455000,14837679.456250,10000,10000,8,10089,,,,,,,,,,,,,,,,,,,,11.617200,,337.315739,LAPCT,49,18.000000,,,,,,,,,,8.000000,64.000000,20097,0.497587,415.438200,212.413200,6278514.000000,627.851400,0.991179,29645.815000,,,,,,,,,,,,,
10000,96,random,random,scenario_label=random,0.000000,True,True,formal_extended_baseline_screen,3623283272,3708725806,18462717.500000,657136.000000,2091308.000000,17244,9242532.218750,2359.926000,9244892.144750,10000,10000,0,18249,,,,,,,,,,,,,,,,,,,,9.565400,,541.632076,NLHQT(n=2),0,20.000000,,,,,,,,,,,,28249,0.353995,209.130800,65.713600,2748444.000000,274.844400,0.547975,18462.717500,,,,,,,,,,,,,
10000,96,prefixed,prefixed,scenario_label=prefixed,0.000000,True,True,formal_extended_baseline_screen,116656660,1072995145,13266050.000000,655804.000000,1131244.000000,17215,6635286.563500,1877.230000,6637163.793500,10000,10000,0,18213,,,,,,,,,,,,,,,,,,,,9.562200,,753.803883,NLHQT(n=2),0,21.000000,,,,,,,,,48.000000,,,28213,0.354447,113.124400,65.580400,1787048.000000,178.704800,0.549058,13266.050000,,,,,,,,,,,,,
10000,96,prefix80,prefixed,scenario_label=prefix80,0.000000,True,True,formal_extended_baseline_screen,1741802094,2102510632,9216197.500000,603696.000000,478366.000000,16253,4605937.308250,1446.575000,4607383.883250,10000,10000,0,16550,,,,,,,,,,,,,,,,,,,,9.318300,,1085.046192,NLHQT(n=2),0,22.000000,,,,,,,,,80.000000,,,26550,0.376648,47.836600,60.369600,1082062.000000,108.206200,0.604230,9216.197500,,,,,,,,,,,,,
10000,96,clustered,clustered,scenario_label=clustered,0.000000,True,True,formal_extended_baseline_screen,2095316255,2602988951,24643371.250000,1670949.000000,2650636.000000,17317,12354109.431750,4667.216000,12358776.647750,10000,10000,0,18482,,,,,,,,,,,,,,,,,,,,39.031800,,405.788636,NLHQT(n=2),0,20.000000,,,,,,,,,,8.000000,64.000000,28482,0.351099,265.063600,167.094900,4321585.000000,432.158500,0.541067,24643.371250,,,,,,,,,,,,,
10000,96,random,random,scenario_label=random,0.000000,True,True,formal_extended_baseline_screen,3864099846,2636503049,18441220.000000,656094.000000,2091236.000000,17226,9240330.139250,2357.806000,9242687.945250,10000,10000,0,18199,,,,,,,,,,,,,,,,,,,,9.561800,,542.263473,NLHQT(n=2),1,22.000000,,,,,,,,,,,,28199,0.354623,209.123600,65.609400,2747330.000000,274.733000,0.549481,18441.220000,,,,,,,,,,,,,
10000,96,prefixed,prefixed,scenario_label=prefixed,0.000000,True,True,formal_extended_baseline_screen,889203247,1686804998,13302330.000000,657860.000000,1131404.000000,17259,6670111.828000,1881.422000,6671993.250000,10000,10000,0,18276,,,,,,,,,,,,,,,,,,,,9.570200,,751.748002,NLHQT(n=2),1,21.000000,,,,,,,,,48.000000,,,28276,0.353657,113.140400,65.786000,1789264.000000,178.926400,0.547166,13302.330000,,,,,,,,,,,,,
10000,96,prefix80,prefixed,scenario_label=prefix80,0.000000,True,True,formal_extended_baseline_screen,2669137359,412308795,9169527.500000,600438.000000,478348.000000,16167,4586277.653750,1440.050000,4587717.703750,10000,10000,0,16424,,,,,,,,,,,,,,,,,,,,9.304200,,1090.568734,NLHQT(n=2),1,21.000000,,,,,,,,,80.000000,,,26424,0.378444,47.834800,60.043800,1078786.000000,107.878600,0.608865,9169.527500,,,,,,,,,,,,,
10000,96,clustered,clustered,scenario_label=clustered,0.000000,True,True,formal_extended_baseline_screen,1179273823,840814783,25366957.500000,1725584.000000,2701364.000000,17516,12685438.767750,4801.850000,12690240.617750,10000,10000,0,18773,,,,,,,,,,,,,,,,,,,,40.068200,,394.213614,NLHQT(n=2),1,21.000000,,,,,,,,,,8.000000,64.000000,28773,0.347548,270.136400,172.558400,4426948.000000,442.694800,0.532680,25366.957500,,,,,,,,,,,,,
10000,96,random,random,scenario_label=random,0.000000,True,True,formal_extended_baseline_screen,813036364,7951163,18415595.000000,655324.000000,2091194.000000,17201,9240788.086000,2356.245000,9243144.331000,10000,10000,0,18181,,,,,,,,,,,,,,,,,,,,9.559700,,543.018024,NLHQT(n=2),2,20.000000,,,,,,,,,,,,28181,0.354849,209.119400,65.532400,2746518.000000,274.651800,0.550025,18415.595000,,,,,,,,,,,,,
10000,96,prefixed,prefixed,scenario_label=prefixed,0.000000,True,True,formal_extended_baseline_screen,1822834370,276468428,13274990.000000,656212.000000,1131304.000000,17227,6645584.021000,1878.076000,6647462.097000,10000,10000,0,18183,,,,,,,,,,,,,,,,,,,,9.565200,,753.296236,NLHQT(n=2),2,22.000000,,,,,,,,,48.000000,,,28183,0.354824,113.130400,65.621200,1787516.000000,178.751600,0.549964,13274.990000,,,,,,,,,,,,,
10000,96,prefix80,prefixed,scenario_label=prefix80,0.000000,True,True,formal_extended_baseline_screen,2479815273,4012706320,9170725.000000,600534.000000,478336.000000,16170,4590376.550750,1440.236000,4591816.786750,10000,10000,0,16446,,,,,,,,,,,,,,,,,,,,9.304900,,1090.426329,NLHQT(n=2),2,21.000000,,,,,,,,,80.000000,,,26446,0.378129,47.833600,60.053400,1078870.000000,107.887000,0.608051,9170.725000,,,,,,,,,,,,,
10000,96,clustered,clustered,scenario_label=clustered,0.000000,True,True,formal_extended_baseline_screen,2073761602,3687818246,25167170.000000,1711600.000000,2700906.000000,17381,12581755.944750,4773.653000,12586529.597750,10000,10000,0,18554,,,,,,,,,,,,,,,,,,,,40.045300,,397.343047,NLHQT(n=2),2,20.000000,,,,,,,,,,8.000000,64.000000,28554,0.350214,270.090600,171.160000,4412506.000000,441.250600,0.538967,25167.170000,,,,,,,,,,,,,
10000,96,random,random,scenario_label=random,0.000000,True,True,formal_extended_baseline_screen,57753915,3141454191,18437902.500000,656096.000000,2091220.000000,17222,9208591.638750,2357.802000,9210949.440750,10000,10000,0,18202,,,,,,,,,,,,,,,,,,,,9.561000,,542.361041,NLHQT(n=2),3,21.000000,,,,,,,,,,,,28202,0.354585,209.122000,65.609600,2747316.000000,274.731600,0.549390,18437.902500,,,,,,,,,,,,,
10000,96,prefixed,prefixed,scenario_label=prefixed,0.000000,True,True,formal_extended_baseline_screen,2219440691,1295151113,13309755.000000,658196.000000,1131396.000000,17269,6650283.694250,1882.090000,6652165.784250,10000,10000,0,18258,,,,,,,,,,,,,,,,,,,,9.569800,,751.328631,NLHQT(n=2),3,23.000000,,,,,,,,,48.000000,,,28258,0.353882,113.139600,65.819600,1789592.000000,178.959200,0.547705,13309.755000,,,,,,,,,,,,,
10000,96,prefix80,prefixed,scenario_label=prefix80,0.000000,True,True,formal_extended_baseline_screen,1286928148,2357963960,9180245.000000,601140.000000,478346.000000,16186,4596120.277500,1441.453000,4597561.730500,10000,10000,0,16444,,,,,,,,,,,,,,,,,,,,9.304500,,1089.295547,NLHQT(n=2),3,21.000000,,,,,,,,,80.000000,,,26444,0.378158,47.834600,60.114000,1079486.000000,107.948600,0.608125,9180.245000,,,,,,,,,,,,,
10000,96,clustered,clustered,scenario_label=clustered,0.000000,True,True,formal_extended_baseline_screen,787561323,2844714428,25147175.000000,1708066.000000,2681342.000000,17515,12594991.155125,4756.803000,12599747.958125,10000,10000,0,18749,,,,,,,,,,,,,,,,,,,,39.567100,,397.658982,NLHQT(n=2),3,19.000000,,,,,,,,,,8.000000,64.000000,28749,0.347838,268.134200,170.806600,4389408.000000,438.940800,0.533362,25147.175000,,,,,,,,,,,,,
10000,96,random,random,scenario_label=random,0.000000,True,True,formal_extended_baseline_screen,3819630184,3593834397,18493465.000000,658326.000000,2091418.000000,17272,9236686.233750,2362.361000,9239048.594750,10000,10000,0,18329,,,,,,,,,,,,,,,,,,,,9.570900,,540.731550,NLHQT(n=2),4,20.000000,,,,,,,,,,,,28329,0.352995,209.141800,65.832600,2749744.000000,274.974400,0.545584,18493.465000,,,,,,,,,,,,,
10000,96,prefixed,prefixed,scenario_label=prefixed,0.000000,True,True,formal_extended_baseline_screen,889858016,3060797510,13287967.500000,657266.000000,1131444.000000,17239,6659777.089000,1880.254000,6661657.343000,10000,10000,0,18273,,,,,,,,,,,,,,,,,,,,9.572200,,752.560540,NLHQT(n=2),4,22.000000,,,,,,,,,48.000000,,,28273,0.353694,113.144400,65.726600,1788710.000000,178.871000,0.547256,13287.967500,,,,,,,,,,,,,
10000,96,prefix80,prefixed,scenario_label=prefix80,0.000000,True,True,formal_extended_baseline_screen,2696116183,2755827150,9152650.000000,599356.000000,478220.000000,16140,4580902.292500,1437.822000,4582340.114500,10000,10000,0,16398,,,,,,,,,,,,,,,,,,,,9.299600,,1092.579745,NLHQT(n=2),4,21.000000,,,,,,,,,80.000000,,,26398,0.378817,47.822000,59.935600,1077576.000000,107.757600,0.609830,9152.650000,,,,,,,,,,,,,
10000,96,clustered,clustered,scenario_label=clustered,0.000000,True,True,formal_extended_baseline_screen,688500632,359146686,24954718.750000,1692819.000000,2651532.000000,17530,12509789.933750,4711.404000,12514501.337750,10000,10000,0,18787,,,,,,,,,,,,,,,,,,,,39.076600,,400.725815,NLHQT(n=2),4,21.000000,,,,,,,,,,8.000000,64.000000,28787,0.347379,265.153200,169.281900,4344351.000000,434.435100,0.532283,24954.718750,,,,,,,,,,,,,
10000,96,random,random,scenario_label=random,0.000000,True,True,formal_extended_baseline_screen,2608777085,1856235316,18460595.000000,656530.000000,2091088.000000,17246,9234410.277000,2358.604000,9236768.881000,10000,10000,0,18250,,,,,,,,,,,,,,,,,,,,9.554400,,541.694350,NLHQT(n=2),5,20.000000,,,,,,,,,,,,28250,0.353982,209.108800,65.653000,2747618.000000,274.761800,0.547945,18460.595000,,,,,,,,,,,,,
10000,96,prefixed,prefixed,scenario_label=prefixed,0.000000,True,True,formal_extended_baseline_screen,3513520067,4142506908,13231590.000000,653954.000000,1131028.000000,17172,6618789.516500,1873.422000,6620662.938500,10000,10000,0,18129,,,,,,,,,,,,,,,,,,,,9.551400,,755.767070,NLHQT(n=2),5,21.000000,,,,,,,,,48.000000,,,28129,0.355505,113.102800,65.395400,1784982.000000,178.498200,0.551602,13231.590000,,,,,,,,,,,,,
10000,96,prefix80,prefixed,scenario_label=prefix80,0.000000,True,True,formal_extended_baseline_screen,1840913042,1806229791,9173487.500000,600730.000000,478330.000000,16175,4592375.804750,1440.625000,4593816.429750,10000,10000,0,16435,,,,,,,,,,,,,,,,,,,,9.305500,,1090.097959,NLHQT(n=2),5,21.000000,,,,,,,,,80.000000,,,26435,0.378286,47.833000,60.073000,1079060.000000,107.906000,0.608458,9173.487500,,,,,,,,,,,,,
10000,96,clustered,clustered,scenario_label=clustered,0.000000,True,True,formal_extended_baseline_screen,3399855602,4275544710,25271295.000000,1718936.000000,2701170.000000,17451,12598343.844750,4788.457000,12603132.301750,10000,10000,0,18673,,,,,,,,,,,,,,,,,,,,40.058500,,395.705879,NLHQT(n=2),5,20.000000,,,,,,,,,,8.000000,64.000000,28673,0.348760,270.117000,171.893600,4420106.000000,442.010600,0.535533,25271.295000,,,,,,,,,,,,,
10000,96,random,random,scenario_label=random,0.000000,True,True,formal_extended_baseline_screen,1011355210,2051461028,18404107.500000,654818.000000,2091170.000000,17191,9176243.217000,2355.221000,9178598.438000,10000,10000,0,18165,,,,,,,,,,,,,,,,,,,,9.558500,,543.356965,NLHQT(n=2),6,20.000000,,,,,,,,,,,,28165,0.355051,209.117000,65.481800,2745988.000000,274.598800,0.550509,18404.107500,,,,,,,,,,,,,
10000,96,prefixed,prefixed,scenario_label=prefixed,0.000000,True,True,formal_extended_baseline_screen,4182455193,2793802208,13303020.000000,657800.000000,1131406.000000,17261,6645283.345750,1881.303000,6647164.648750,10000,10000,0,18289,,,,,,,,,,,,,,,,,,,,9.570300,,751.709010,NLHQT(n=2),6,22.000000,,,,,,,,,48.000000,,,28289,0.353494,113.140600,65.780000,1789206.000000,178.920600,0.546777,13303.020000,,,,,,,,,,,,,
10000,96,prefix80,prefixed,scenario_label=prefix80,0.000000,True,True,formal_extended_baseline_screen,234351616,4071145802,9167845.000000,600408.000000,478312.000000,16166,4586275.928500,1439.972000,4587715.900500,10000,10000,0,16414,,,,,,,,,,,,,,,,,,,,9.307200,,1090.768878,NLHQT(n=2),6,20.000000,,,,,,,,,80.000000,,,26414,0.378587,47.831200,60.040800,1078720.000000,107.872000,0.609236,9167.845000,,,,,,,,,,,,,
10000,96,clustered,clustered,scenario_label=clustered,0.000000,True,True,formal_extended_baseline_screen,1672192143,810624823,24850827.500000,1685774.000000,2661462.000000,17457,12434481.395500,4702.279000,12439183.674500,10000,10000,0,18687,,,,,,,,,,,,,,,,,,,,39.073100,,402.401087,NLHQT(n=2),6,20.000000,,,,,,,,,,8.000000,64.000000,28687,0.348590,266.146200,168.577400,4347236.000000,434.723600,0.535131,24850.827500,,,,,,,,,,,,,
10000,96,random,random,scenario_label=random,0.000000,True,True,formal_extended_baseline_screen,2772753435,2774277493,18533135.000000,659878.000000,2091574.000000,17308,9282492.795000,2365.543000,9284858.338000,10000,10000,0,18344,,,,,,,,,,,,,,,,,,,,9.578700,,539.574120,NLHQT(n=2),7,21.000000,,,,,,,,,,,,28344,0.352808,209.157400,65.987800,2751452.000000,275.145200,0.545137,18533.135000,,,,,,,,,,,,,
10000,96,prefixed,prefixed,scenario_label=prefixed,0.000000,True,True,formal_extended_baseline_screen,1416235163,2104835071,13278002.500000,656694.000000,1131154.000000,17227,6647091.867750,1878.965000,6648970.832750,10000,10000,0,18257,,,,,,,,,,,,,,,,,,,,9.557700,,753.125329,NLHQT(n=2),7,20.000000,,,,,,,,,48.000000,,,28257,0.353895,113.115400,65.669400,1787848.000000,178.784800,0.547735,13278.002500,,,,,,,,,,,,,
10000,96,prefix80,prefixed,scenario_label=prefix80,0.000000,True,True,formal_extended_baseline_screen,2635025427,1825844724,9160815.000000,599856.000000,478314.000000,16152,4584314.374000,1438.869000,4585753.243000,10000,10000,0,16414,,,,,,,,,,,,,,,,,,,,9.301800,,1091.605932,NLHQT(n=2),7,22.000000,,,,,,,,,80.000000,,,26414,0.378587,47.831400,59.985600,1078170.000000,107.817000,0.609236,9160.815000,,,,,,,,,,,,,
10000,96,clustered,clustered,scenario_label=clustered,0.000000,True,True,formal_extended_baseline_screen,1710578268,2750747225,25202707.500000,1712192.000000,2681632.000000,17551,12628504.935250,4765.200000,12633270.135250,10000,10000,0,18854,,,,,,,,,,,,,,,,,,,,39.581600,,396.782766,NLHQT(n=2),7,21.000000,,,,,,,,,,8.000000,64.000000,28854,0.346572,268.163200,171.219200,4393824.000000,439.382400,0.530391,25202.707500,,,,,,,,,,,,,
10000,96,random,random,scenario_label=random,0.000000,True,True,formal_extended_baseline_screen,3926250230,2488273803,18452747.500000,656340.000000,2091028.000000,17238,9228047.904750,2358.194000,9230406.098750,10000,10000,0,18277,,,,,,,,,,,,,,,,,,,,9.551400,,541.924719,NLHQT(n=2),8,21.000000,,,,,,,,,,,,28277,0.353644,209.102800,65.634000,2747368.000000,274.736800,0.547136,18452.747500,,,,,,,,,,,,,
10000,96,prefixed,prefixed,scenario_label=prefixed,0.000000,True,True,formal_extended_baseline_screen,834749396,19994035,13299210.000000,657446.000000,1131172.000000,17258,6658626.095500,1880.478000,6660506.573500,10000,10000,0,18302,,,,,,,,,,,,,,,,,,,,9.558600,,751.924362,NLHQT(n=2),8,20.000000,,,,,,,,,48.000000,,,28302,0.353332,113.117200,65.744600,1788618.000000,178.861800,0.546388,13299.210000,,,,,,,,,,,,,
10000,96,prefix80,prefixed,scenario_label=prefix80,0.000000,True,True,formal_extended_baseline_screen,3619142060,4137217097,9159630.000000,599940.000000,478226.000000,16154,4582031.436000,1438.993000,4583470.429000,10000,10000,0,16403,,,,,,,,,,,,,,,,,,,,9.307200,,1091.747156,NLHQT(n=2),8,22.000000,,,,,,,,,80.000000,,,26403,0.378745,47.822600,59.994000,1078166.000000,107.816600,0.609645,9159.630000,,,,,,,,,,,,,
10000,96,clustered,clustered,scenario_label=clustered,0.000000,True,True,formal_extended_baseline_screen,3961209957,1050931861,25046538.750000,1701086.000000,2681138.000000,17446,12570466.722500,4742.741000,12575209.463500,10000,10000,0,18659,,,,,,,,,,,,,,,,,,,,39.556900,,399.256764,NLHQT(n=2),8,22.000000,,,,,,,,,,8.000000,64.000000,28659,0.348931,268.113800,170.108600,4382224.000000,438.222400,0.535934,25046.538750,,,,,,,,,,,,,
10000,96,random,random,scenario_label=random,0.000000,True,True,formal_extended_baseline_screen,58426829,3006353802,18447745.000000,656472.000000,2091288.000000,17231,9259038.452250,2358.588000,9261397.040250,10000,10000,0,18212,,,,,,,,,,,,,,,,,,,,9.564400,,542.071673,NLHQT(n=2),9,21.000000,,,,,,,,,,,,28212,0.354459,209.128800,65.647200,2747760.000000,274.776000,0.549089,18447.745000,,,,,,,,,,,,,
10000,96,prefixed,prefixed,scenario_label=prefixed,0.000000,True,True,formal_extended_baseline_screen,1183400892,3692620259,13217077.500000,653336.000000,1131062.000000,17152,6601367.264500,1872.203000,6603239.467500,10000,10000,0,18108,,,,,,,,,,,,,,,,,,,,9.553100,,756.596910,NLHQT(n=2),9,21.000000,,,,,,,,,48.000000,,,28108,0.355771,113.106200,65.333600,1784398.000000,178.439800,0.552242,13217.077500,,,,,,,,,,,,,
10000,96,prefix80,prefixed,scenario_label=prefix80,0.000000,True,True,formal_extended_baseline_screen,3771146367,1792432880,9191757.500000,602136.000000,478318.000000,16211,4595726.361250,1443.431000,4597169.792250,10000,10000,0,16454,,,,,,,,,,,,,,,,,,,,9.317600,,1087.931225,NLHQT(n=2),9,21.000000,,,,,,,,,80.000000,,,26454,0.378015,47.831800,60.213600,1080454.000000,108.045400,0.607755,9191.757500,,,,,,,,,,,,,
10000,96,clustered,clustered,scenario_label=clustered,0.000000,True,True,formal_extended_baseline_screen,346261855,1156882995,25262455.000000,1718454.000000,2701260.000000,17444,12593144.387750,4787.538000,12597931.925750,10000,10000,0,18640,,,,,,,,,,,,,,,,,,,,40.063000,,395.844347,NLHQT(n=2),9,22.000000,,,,,,,,,,8.000000,64.000000,28640,0.349162,270.126000,171.845400,4419714.000000,441.971400,0.536481,25262.455000,,,,,,,,,,,,,
10000,96,random,random,scenario_label=random,0.000000,True,True,formal_extended_baseline_screen,1020324588,2167749626,18480177.500000,657532.000000,2091292.000000,17262,9235969.115000,2360.710000,9238329.825000,10000,10000,0,18259,,,,,,,,,,,,,,,,,,,,9.564600,,541.120344,NLHQT(n=2),10,22.000000,,,,,,,,,,,,28259,0.353870,209.129200,65.753200,2748824.000000,274.882400,0.547675,18480.177500,,,,,,,,,,,,,
10000,96,prefixed,prefixed,scenario_label=prefixed,0.000000,True,True,formal_extended_baseline_screen,2061720330,169962132,13271515.000000,656082.000000,1131194.000000,17222,6668035.412250,1877.761000,6669913.173250,10000,10000,0,18221,,,,,,,,,,,,,,,,,,,,9.559700,,753.493478,NLHQT(n=2),10,22.000000,,,,,,,,,48.000000,,,28221,0.354346,113.119400,65.608200,1787276.000000,178.727600,0.548817,13271.515000,,,,,,,,,,,,,
10000,96,prefix80,prefixed,scenario_label=prefix80,0.000000,True,True,formal_extended_baseline_screen,1420417677,31047295,9190062.500000,601836.000000,478318.000000,16205,4595438.949250,1442.831000,4596881.780250,10000,10000,0,16490,,,,,,,,,,,,,,,,,,,,9.306800,,1088.131882,NLHQT(n=2),10,21.000000,,,,,,,,,80.000000,,,26490,0.377501,47.831800,60.183600,1080154.000000,108.015400,0.606428,9190.062500,,,,,,,,,,,,,
10000,96,clustered,clustered,scenario_label=clustered,0.000000,True,True,formal_extended_baseline_screen,4285535701,4046672055,25063115.000000,1702284.000000,2681208.000000,17457,12539264.432125,4745.172000,12544009.604125,10000,10000,0,18676,,,,,,,,,,,,,,,,,,,,39.560400,,398.992703,NLHQT(n=2),10,20.000000,,,,,,,,,,8.000000,64.000000,28676,0.348724,268.120800,170.228400,4383492.000000,438.349200,0.535447,25063.115000,,,,,,,,,,,,,
10000,96,random,random,scenario_label=random,0.000000,True,True,formal_extended_baseline_screen,596195424,4098920773,18431872.500000,655664.000000,2091162.000000,17218,9195023.961500,2356.909000,9197380.870500,10000,10000,0,18161,,,,,,,,,,,,,,,,,,,,9.558100,,542.538475,NLHQT(n=2),11,21.000000,,,,,,,,,,,,28161,0.355101,209.116200,65.566400,2746826.000000,274.682600,0.550630,18431.872500,,,,,,,,,,,,,
10000,96,prefixed,prefixed,scenario_label=prefixed,0.000000,True,True,formal_extended_baseline_screen,2528955344,513932799,13281347.500000,656718.000000,1131336.000000,17233,6655539.250750,1879.104000,6657418.354750,10000,10000,0,18231,,,,,,,,,,,,,,,,,,,,9.566800,,752.935649,NLHQT(n=2),11,21.000000,,,,,,,,,48.000000,,,28231,0.354221,113.133600,65.671800,1788054.000000,178.805400,0.548516,13281.347500,,,,,,,,,,,,,
10000,96,prefix80,prefixed,scenario_label=prefix80,0.000000,True,True,formal_extended_baseline_screen,4029019098,1960119835,9184130.000000,601440.000000,478326.000000,16194,4602490.161250,1442.043000,4603932.204250,10000,10000,0,16445,,,,,,,,,,,,,,,,,,,,9.306400,,1088.834762,NLHQT(n=2),11,21.000000,,,,,,,,,80.000000,,,26445,0.378143,47.832600,60.144000,1079766.000000,107.976600,0.608088,9184.130000,,,,,,,,,,,,,
10000,96,clustered,clustered,scenario_label=clustered,0.000000,True,True,formal_extended_baseline_screen,2138647285,3613737659,25200700.000000,1713768.000000,2700922.000000,17405,12644696.936750,4777.997000,12649474.933750,10000,10000,0,18614,,,,,,,,,,,,,,,,,,,,40.046100,,396.814374,NLHQT(n=2),11,21.000000,,,,,,,,,,8.000000,64.000000,28614,0.349479,270.092200,171.376800,4414690.000000,441.469000,0.537230,25200.700000,,,,,,,,,,,,,
10000,96,random,random,scenario_label=random,0.000000,True,True,formal_extended_baseline_screen,530428079,1827682010,18519852.500000,659218.000000,2091422.000000,17297,9265621.759500,2364.147000,9267985.906500,10000,10000,0,18337,,,,,,,,,,,,,,,,,,,,9.571100,,539.961104,NLHQT(n=2),12,22.000000,,,,,,,,,,,,28337,0.352896,209.142200,65.921800,2750640.000000,275.064000,0.545345,18519.852500,,,,,,,,,,,,,
10000,96,prefixed,prefixed,scenario_label=prefixed,0.000000,True,True,formal_extended_baseline_screen,3403028343,1910655611,13266632.500000,655812.000000,1131218.000000,17216,6644281.881750,1877.233000,6646159.114750,10000,10000,0,18182,,,,,,,,,,,,,,,,,,,,9.560900,,753.770785,NLHQT(n=2),12,21.000000,,,,,,,,,48.000000,,,28182,0.354836,113.121800,65.581200,1787030.000000,178.703000,0.549995,13266.632500,,,,,,,,,,,,,
10000,96,prefix80,prefixed,scenario_label=prefix80,0.000000,True,True,formal_extended_baseline_screen,4132968395,3302229610,9183862.500000,601508.000000,478338.000000,16195,4593882.270250,1442.185000,4595324.455250,10000,10000,0,16458,,,,,,,,,,,,,,,,,,,,9.311900,,1088.866476,NLHQT(n=2),12,22.000000,,,,,,,,,80.000000,,,26458,0.377958,47.833800,60.150800,1079846.000000,107.984600,0.607607,9183.862500,,,,,,,,,,,,,
10000,96,clustered,clustered,scenario_label=clustered,0.000000,True,True,formal_extended_baseline_screen,4135791258,1004827502,25343642.500000,1724118.000000,2701424.000000,17499,12648069.275750,4798.948000,12652868.223750,10000,10000,0,18787,,,,,,,,,,,,,,,,,,,,40.071200,,394.576273,NLHQT(n=2),12,20.000000,,,,,,,,,,8.000000,64.000000,28787,0.347379,270.142400,172.411800,4425542.000000,442.554200,0.532283,25343.642500,,,,,,,,,,,,,
10000,96,random,random,scenario_label=random,0.000000,True,True,formal_extended_baseline_screen,3351110087,3357806182,18406375.000000,654648.000000,2091050.000000,17195,9193162.003500,2354.821000,9195516.824500,10000,10000,0,18169,,,,,,,,,,,,,,,,,,,,9.552500,,543.290029,NLHQT(n=2),13,21.000000,,,,,,,,,,,,28169,0.355000,209.105000,65.464800,2745698.000000,274.569800,0.550388,18406.375000,,,,,,,,,,,,,
10000,96,prefixed,prefixed,scenario_label=prefixed,0.000000,True,True,formal_extended_baseline_screen,3651045357,2587603183,13233330.000000,654062.000000,1131092.000000,17174,6623277.770000,1873.670000,6625151.440000,10000,10000,0,18148,,,,,,,,,,,,,,,,,,,,9.554600,,755.667697,NLHQT(n=2),13,20.000000,,,,,,,,,48.000000,,,28148,0.355265,113.109200,65.406200,1785154.000000,178.515400,0.551025,13233.330000,,,,,,,,,,,,,
10000,96,prefix80,prefixed,scenario_label=prefix80,0.000000,True,True,formal_extended_baseline_screen,3503816222,1289880668,9165260.000000,600090.000000,478342.000000,16158,4581457.830250,1439.351000,4582897.181250,10000,10000,0,16402,,,,,,,,,,,,,,,,,,,,9.299700,,1091.076522,NLHQT(n=2),13,22.000000,,,,,,,,,80.000000,,,26402,0.378759,47.834200,60.009000,1078432.000000,107.843200,0.609682,9165.260000,,,,,,,,,,,,,
10000,96,clustered,clustered,scenario_label=clustered,0.000000,True,True,formal_extended_baseline_screen,2264469608,3890260240,25236527.500000,1716570.000000,2701116.000000,17427,12612040.237750,4783.698000,12616823.935750,10000,10000,0,18655,,,,,,,,,,,,,,,,,,,,40.055800,,396.251029,NLHQT(n=2),13,19.000000,,,,,,,,,,8.000000,64.000000,28655,0.348979,270.111600,171.657000,4417686.000000,441.768600,0.536049,25236.527500,,,,,,,,,,,,,
10000,96,random,random,scenario_label=random,0.000000,True,True,formal_extended_baseline_screen,1692097063,138500060,18451562.500000,656550.000000,2091254.000000,17235,9222616.486250,2358.727000,9224975.213250,10000,10000,0,18209,,,,,,,,,,,,,,,,,,,,9.562700,,541.959522,NLHQT(n=2),14,21.000000,,,,,,,,,,,,28209,0.354497,209.125400,65.655000,2747804.000000,274.780400,0.549179,18451.562500,,,,,,,,,,,,,
10000,96,prefixed,prefixed,scenario_label=prefixed,0.000000,True,True,formal_extended_baseline_screen,1707141452,1272718977,13302785.000000,657592.000000,1131128.000000,17263,6630995.704500,1880.748000,6632876.452500,10000,10000,0,18266,,,,,,,,,,,,,,,,,,,,9.556400,,751.722290,NLHQT(n=2),14,22.000000,,,,,,,,,48.000000,,,28266,0.353782,113.112800,65.759200,1788720.000000,178.872000,0.547465,13302.785000,,,,,,,,,,,,,
10000,96,prefix80,prefixed,scenario_label=prefix80,0.000000,True,True,formal_extended_baseline_screen,1479387709,2041989737,9143197.500000,598734.000000,478222.000000,16123,4579423.728750,1436.579000,4580860.307750,10000,10000,0,16355,,,,,,,,,,,,,,,,,,,,9.299100,,1093.709285,NLHQT(n=2),14,22.000000,,,,,,,,,80.000000,,,26355,0.379435,47.822200,59.873400,1076956.000000,107.695600,0.611434,9143.197500,,,,,,,,,,,,,
10000,96,clustered,clustered,scenario_label=clustered,0.000000,True,True,formal_extended_baseline_screen,1193971010,2314687022,25253830.000000,1717740.000000,2701236.000000,17439,12660236.868750,4786.098000,12665022.966750,10000,10000,0,18643,,,,,,,,,,,,,,,,,,,,40.061800,,395.979541,NLHQT(n=2),14,22.000000,,,,,,,,,,8.000000,64.000000,28643,0.349125,270.123600,171.774000,4418976.000000,441.897600,0.536394,25253.830000,,,,,,,,,,,,,
10000,96,random,random,scenario_label=random,0.000000,True,True,formal_extended_baseline_screen,1311958710,2431007234,18416302.500000,655304.000000,2091190.000000,17202,9225758.560000,2356.203000,9228114.763000,10000,10000,0,18191,,,,,,,,,,,,,,,,,,,,9.559500,,542.997162,NLHQT(n=2),15,22.000000,,,,,,,,,,,,28191,0.354723,209.119000,65.530400,2746494.000000,274.649400,0.549722,18416.302500,,,,,,,,,,,,,
10000,96,prefixed,prefixed,scenario_label=prefixed,0.000000,True,True,formal_extended_baseline_screen,1066348603,857957971,13334167.500000,659546.000000,1131546.000000,17299,6669880.103250,1884.865000,6671764.968250,10000,10000,0,18358,,,,,,,,,,,,,,,,,,,,9.577300,,749.953081,NLHQT(n=2),15,21.000000,,,,,,,,,48.000000,,,28358,0.352634,113.154600,65.954600,1791092.000000,179.109200,0.544722,13334.167500,,,,,,,,,,,,,
10000,96,prefix80,prefixed,scenario_label=prefix80,0.000000,True,True,formal_extended_baseline_screen,3410131684,1064576329,9195620.000000,602312.000000,478364.000000,16216,4604578.769750,1443.806000,4606022.575750,10000,10000,0,16476,,,,,,,,,,,,,,,,,,,,9.315400,,1087.474254,NLHQT(n=2),15,20.000000,,,,,,,,,80.000000,,,26476,0.377701,47.836400,60.231200,1080676.000000,108.067600,0.606943,9195.620000,,,,,,,,,,,,,
10000,96,clustered,clustered,scenario_label=clustered,0.000000,True,True,formal_extended_baseline_screen,2719779022,165962522,25246192.500000,1717184.000000,2701110.000000,17434,12649213.988750,4784.923000,12653998.911750,10000,10000,0,18639,,,,,,,,,,,,,,,,,,,,40.055500,,396.099333,NLHQT(n=2),15,20.000000,,,,,,,,,,8.000000,64.000000,28639,0.349174,270.111000,171.718400,4418294.000000,441.829400,0.536509,25246.192500,,,,,,,,,,,,,
10000,96,random,random,scenario_label=random,0.000000,True,True,formal_extended_baseline_screen,4044322606,1617857604,18322470.000000,651746.000000,2090986.000000,17116,9161474.335750,2348.985000,9163823.320750,10000,10000,0,18038,,,,,,,,,,,,,,,,,,,,9.549300,,545.777944,NLHQT(n=2),16,21.000000,,,,,,,,,,,,28038,0.356659,209.098600,65.174600,2742732.000000,274.273200,0.554385,18322.470000,,,,,,,,,,,,,
10000,96,prefixed,prefixed,scenario_label=prefixed,0.000000,True,True,formal_extended_baseline_screen,2310609587,1788191999,13247635.000000,654732.000000,1131040.000000,17193,6612684.240500,1874.984000,6614559.224500,10000,10000,0,18165,,,,,,,,,,,,,,,,,,,,9.552000,,754.851715,NLHQT(n=2),16,21.000000,,,,,,,,,48.000000,,,28165,0.355051,113.104000,65.473200,1785772.000000,178.577200,0.550509,13247.635000,,,,,,,,,,,,,
10000,96,prefix80,prefixed,scenario_label=prefix80,0.000000,True,True,formal_extended_baseline_screen,556887839,904717526,9195330.000000,602190.000000,478348.000000,16214,4594189.996250,1443.554000,4595633.550250,10000,10000,0,16486,,,,,,,,,,,,,,,,,,,,9.308800,,1087.508551,NLHQT(n=2),16,21.000000,,,,,,,,,80.000000,,,26486,0.377558,47.834800,60.219000,1080538.000000,108.053800,0.606575,9195.330000,,,,,,,,,,,,,
10000,96,clustered,clustered,scenario_label=clustered,0.000000,True,True,formal_extended_baseline_screen,2713732995,2180044297,24768715.000000,1679852.000000,2661000.000000,17402,12413723.833750,4690.204000,12418414.037750,10000,10000,0,18593,,,,,,,,,,,,,,,,,,,,39.050000,,403.735115,NLHQT(n=2),16,21.000000,,,,,,,,,,8.000000,64.000000,28593,0.349736,266.100000,167.985200,4340852.000000,434.085200,0.537837,24768.715000,,,,,,,,,,,,,
10000,96,random,random,scenario_label=random,0.000000,True,True,formal_extended_baseline_screen,1698610701,3316324356,18394817.500000,654264.000000,2090958.000000,17184,9207248.935250,2354.007000,9209602.942250,10000,10000,0,18164,,,,,,,,,,,,,,,,,,,,9.547900,,543.631379,NLHQT(n=2),17,21.000000,,,,,,,,,,,,28164,0.355063,209.095800,65.426400,2745222.000000,274.522200,0.550540,18394.817500,,,,,,,,,,,,,
10000,96,prefixed,prefixed,scenario_label=prefixed,0.000000,True,True,formal_extended_baseline_screen,862396413,4041936220,13234132.500000,654020.000000,1130986.000000,17176,6607996.552750,1873.533000,6609870.085750,10000,10000,0,18135,,,,,,,,,,,,,,,,,,,,9.549300,,755.621874,NLHQT(n=2),17,21.000000,,,,,,,,,48.000000,,,28135,0.355429,113.098600,65.402000,1785006.000000,178.500600,0.551420,13234.132500,,,,,,,,,,,,,
10000,96,prefix80,prefixed,scenario_label=prefix80,0.000000,True,True,formal_extended_baseline_screen,3860214662,3471605961,9175145.000000,600766.000000,478356.000000,16176,4593817.071250,1440.710000,4595257.781250,10000,10000,0,16424,,,,,,,,,,,,,,,,,,,,9.302400,,1089.901032,NLHQT(n=2),17,22.000000,,,,,,,,,80.000000,,,26424,0.378444,47.835600,60.076600,1079122.000000,107.912200,0.608865,9175.145000,,,,,,,,,,,,,
10000,96,clustered,clustered,scenario_label=clustered,0.000000,True,True,formal_extended_baseline_screen,2168941655,3823113829,25237755.000000,1716500.000000,2701040.000000,17429,12628103.561250,4783.520000,12632887.081250,10000,10000,0,18627,,,,,,,,,,,,,,,,,,,,40.052000,,396.231757,NLHQT(n=2),17,21.000000,,,,,,,,,,8.000000,64.000000,28627,0.349321,270.104000,171.650000,4417540.000000,441.754000,0.536855,25237.755000,,,,,,,,,,,,,
10000,96,random,random,scenario_label=random,0.000000,True,True,formal_extended_baseline_screen,3900906002,2099026082,18601425.000000,662546.000000,2091706.000000,17370,9307144.295750,2370.945000,9309515.240750,10000,10000,0,18467,,,,,,,,,,,,,,,,,,,,9.585300,,537.593222,NLHQT(n=2),18,21.000000,,,,,,,,,,,,28467,0.351284,209.170600,66.254600,2754252.000000,275.425200,0.541506,18601.425000,,,,,,,,,,,,,
10000,96,prefixed,prefixed,scenario_label=prefixed,0.000000,True,True,formal_extended_baseline_screen,1976791937,2428729705,13301205.000000,657680.000000,1131394.000000,17259,6647879.445000,1881.057000,6649760.502000,10000,10000,0,18262,,,,,,,,,,,,,,,,,,,,9.569700,,751.811584,NLHQT(n=2),18,21.000000,,,,,,,,,48.000000,,,28262,0.353832,113.139400,65.768000,1789074.000000,178.907400,0.547585,13301.205000,,,,,,,,,,,,,
10000,96,prefix80,prefixed,scenario_label=prefix80,0.000000,True,True,formal_extended_baseline_screen,3973543592,3597778886,9192400.000000,602076.000000,478334.000000,16210,4587569.829000,1443.319000,4589013.148000,10000,10000,0,16461,,,,,,,,,,,,,,,,,,,,9.312400,,1087.855185,NLHQT(n=2),18,21.000000,,,,,,,,,80.000000,,,26461,0.377915,47.833400,60.207600,1080410.000000,108.041000,0.607497,9192.400000,,,,,,,,,,,,,
10000,96,clustered,clustered,scenario_label=clustered,0.000000,True,True,formal_extended_baseline_screen,3575544916,1835856704,25160170.000000,1711146.000000,2700832.000000,17376,12630198.619000,4772.708000,12634971.327000,10000,10000,0,18544,,,,,,,,,,,,,,,,,,,,40.041600,,397.453594,NLHQT(n=2),18,19.000000,,,,,,,,,,8.000000,64.000000,28544,0.350336,270.083200,171.114600,4411978.000000,441.197800,0.539258,25160.170000,,,,,,,,,,,,,
10000,96,random,random,scenario_label=random,0.000000,True,True,formal_extended_baseline_screen,3061364434,869225369,18475722.500000,657352.000000,2091208.000000,17258,9226751.943500,2360.308000,9229112.251500,10000,10000,0,18295,,,,,,,,,,,,,,,,,,,,9.560400,,541.250823,NLHQT(n=2),19,21.000000,,,,,,,,,,,,28295,0.353419,209.120800,65.735200,2748560.000000,274.856000,0.546597,18475.722500,,,,,,,,,,,,,
10000,96,prefixed,prefixed,scenario_label=prefixed,0.000000,True,True,formal_extended_baseline_screen,3116852746,3754993467,13247547.500000,654718.000000,1130998.000000,17193,6619015.437250,1874.935000,6620890.372250,10000,10000,0,18177,,,,,,,,,,,,,,,,,,,,9.549900,,754.856701,NLHQT(n=2),19,20.000000,,,,,,,,,48.000000,,,28177,0.354899,113.099800,65.471800,1785716.000000,178.571600,0.550146,13247.547500,,,,,,,,,,,,,
10000,96,prefix80,prefixed,scenario_label=prefix80,0.000000,True,True,formal_extended_baseline_screen,1163800006,3507122113,9191320.000000,601942.000000,478418.000000,16206,4604735.384250,1443.093000,4606178.477250,10000,10000,0,16462,,,,,,,,,,,,,,,,,,,,9.312500,,1087.983010,NLHQT(n=2),19,21.000000,,,,,,,,,80.000000,,,26462,0.377900,47.841800,60.194200,1080360.000000,108.036000,0.607460,9191.320000,,,,,,,,,,,,,
10000,96,clustered,clustered,scenario_label=clustered,0.000000,True,True,formal_extended_baseline_screen,99158156,1483725595,25265525.000000,1718812.000000,2701196.000000,17445,12663822.804500,4788.222000,12668611.026500,10000,10000,0,18658,,,,,,,,,,,,,,,,,,,,40.059800,,395.796248,NLHQT(n=2),19,21.000000,,,,,,,,,,8.000000,64.000000,28658,0.348943,270.119600,171.881200,4420008.000000,442.000800,0.535963,25265.525000,,,,,,,,,,,,,
10000,96,random,random,scenario_label=random,0.000000,True,True,formal_extended_baseline_screen,3722875878,2687114475,18428555.000000,655666.000000,2091142.000000,17214,9230768.196750,2356.903000,9233125.099750,10000,10000,0,18216,,,,,,,,,,,,,,,,,,,,9.557100,,542.636143,NLHQT(n=2),20,21.000000,,,,,,,,,,,,28216,0.354409,209.114200,65.566600,2746808.000000,274.680800,0.548968,18428.555000,,,,,,,,,,,,,
10000,96,prefixed,prefixed,scenario_label=prefixed,0.000000,True,True,formal_extended_baseline_screen,3001598358,3860379905,13279952.500000,656580.000000,1131262.000000,17232,6618921.349250,1878.791000,6620800.140250,10000,10000,0,18213,,,,,,,,,,,,,,,,,,,,9.563100,,753.014742,NLHQT(n=2),20,21.000000,,,,,,,,,48.000000,,,28213,0.354447,113.126200,65.658000,1787842.000000,178.784200,0.549058,13279.952500,,,,,,,,,,,,,
10000,96,prefix80,prefixed,scenario_label=prefix80,0.000000,True,True,formal_extended_baseline_screen,1969154653,3359227957,9178835.000000,601088.000000,478402.000000,16183,4587643.036750,1441.377000,4589084.413750,10000,10000,0,16428,,,,,,,,,,,,,,,,,,,,9.309000,,1089.462878,NLHQT(n=2),20,22.000000,,,,,,,,,80.000000,,,26428,0.378387,47.840200,60.108800,1079490.000000,107.949000,0.608717,9178.835000,,,,,,,,,,,,,
10000,96,clustered,clustered,scenario_label=clustered,0.000000,True,True,formal_extended_baseline_screen,3278615476,446132711,25300675.000000,1721106.000000,2701344.000000,17470,12661839.273000,4792.884000,12666632.157000,10000,10000,0,18709,,,,,,,,,,,,,,,,,,,,40.067200,,395.246372,NLHQT(n=2),20,21.000000,,,,,,,,,,8.000000,64.000000,28709,0.348323,270.134400,172.110600,4422450.000000,442.245000,0.534502,25300.675000,,,,,,,,,,,,,
10000,96,random,random,scenario_label=random,0.000000,True,True,formal_extended_baseline_screen,1880512712,2912604839,18462210.000000,657188.000000,2091434.000000,17243,9238989.370000,2360.093000,9241349.463000,10000,10000,0,18264,,,,,,,,,,,,,,,,,,,,9.571700,,541.646964,NLHQT(n=2),21,21.000000,,,,,,,,,,,,28264,0.353807,209.143400,65.718800,2748622.000000,274.862200,0.547525,18462.210000,,,,,,,,,,,,,
10000,96,prefixed,prefixed,scenario_label=prefixed,0.000000,True,True,formal_extended_baseline_screen,2792116651,940178382,13281740.000000,656440.000000,1131112.000000,17237,6671133.964000,1878.436000,6673012.400000,10000,10000,0,18266,,,,,,,,,,,,,,,,,,,,9.555600,,752.913398,NLHQT(n=2),21,21.000000,,,,,,,,,48.000000,,,28266,0.353782,113.111200,65.644000,1787552.000000,178.755200,0.547465,13281.740000,,,,,,,,,,,,,
10000,96,prefix80,prefixed,scenario_label=prefix80,0.000000,True,True,formal_extended_baseline_screen,3818182820,3683237198,9202537.500000,602668.000000,478430.000000,16225,4605890.042250,1444.551000,4607334.593250,10000,10000,0,16496,,,,,,,,,,,,,,,,,,,,9.312700,,1086.656805,NLHQT(n=2),21,20.000000,,,,,,,,,80.000000,,,26496,0.377415,47.843000,60.266800,1081098.000000,108.109800,0.606208,9202.537500,,,,,,,,,,,,,
10000,96,clustered,clustered,scenario_label=clustered,0.000000,True,True,formal_extended_baseline_screen,1495572643,2524426013,25165912.500000,1711532.000000,2700828.000000,17380,12646970.606250,4773.478000,12651744.084250,10000,10000,0,18563,,,,,,,,,,,,,,,,,,,,40.041400,,397.362901,NLHQT(n=2),21,21.000000,,,,,,,,,,8.000000,64.000000,28563,0.350103,270.082800,171.153200,4412360.000000,441.236000,0.538706,25165.912500,,,,,,,,,,,,,
10000,96,random,random,scenario_label=random,0.000000,True,True,formal_extended_baseline_screen,2483842946,3730686162,18536415.000000,659870.000000,2091484.000000,17312,9281614.858000,2365.482000,9283980.340000,10000,10000,0,18372,,,,,,,,,,,,,,,,,,,,9.574200,,539.478642,NLHQT(n=2),22,20.000000,,,,,,,,,,,,28372,0.352460,209.148400,65.987000,2751354.000000,275.135400,0.544307,18536.415000,,,,,,,,,,,,,
10000,96,prefixed,prefixed,scenario_label=prefixed,0.000000,True,True,formal_extended_baseline_screen,664859573,1673411645,13256010.000000,655220.000000,1131074.000000,17203,6618940.608500,1875.977000,6620816.585500,10000,10000,0,18185,,,,,,,,,,,,,,,,,,,,9.553700,,754.374808,NLHQT(n=2),22,21.000000,,,,,,,,,48.000000,,,28185,0.354799,113.107400,65.522000,1786294.000000,178.629400,0.549904,13256.010000,,,,,,,,,,,,,
10000,96,prefix80,prefixed,scenario_label=prefix80,0.000000,True,True,formal_extended_baseline_screen,647152320,1896900247,9195677.500000,602346.000000,478338.000000,16217,4598140.993500,1443.861000,4599584.854500,10000,10000,0,16474,,,,,,,,,,,,,,,,,,,,9.316000,,1087.467454,NLHQT(n=2),22,20.000000,,,,,,,,,80.000000,,,26474,0.377729,47.833800,60.234600,1080684.000000,108.068400,0.607017,9195.677500,,,,,,,,,,,,,
10000,96,clustered,clustered,scenario_label=clustered,0.000000,True,True,formal_extended_baseline_screen,2138889899,3250263341,25283505.000000,1719824.000000,2701188.000000,17459,12695916.819500,4790.242000,12700707.061500,10000,10000,0,18704,,,,,,,,,,,,,,,,,,,,40.059400,,395.514783,NLHQT(n=2),22,19.000000,,,,,,,,,,8.000000,64.000000,28704,0.348384,270.118800,171.982400,4421012.000000,442.101200,0.534645,25283.505000,,,,,,,,,,,,,
10000,96,random,random,scenario_label=random,0.000000,True,True,formal_extended_baseline_screen,484606977,3733014889,18379347.500000,653920.000000,2091058.000000,17168,9189550.036000,2353.369000,9191903.405000,10000,10000,0,18122,,,,,,,,,,,,,,,,,,,,9.552900,,544.088956,NLHQT(n=2),23,22.000000,,,,,,,,,,,,28122,0.355593,209.105800,65.392000,2744978.000000,274.497800,0.551815,18379.347500,,,,,,,,,,,,,
10000,96,prefixed,prefixed,scenario_label=prefixed,0.000000,True,True,formal_extended_baseline_screen,4122393112,2379770086,13297117.500000,657452.000000,1131258.000000,17254,6644913.639500,1880.533000,6646794.172500,10000,10000,0,18253,,,,,,,,,,,,,,,,,,,,9.562900,,752.042689,NLHQT(n=2),23,21.000000,,,,,,,,,48.000000,,,28253,0.353945,113.125800,65.745200,1788710.000000,178.871000,0.547855,13297.117500,,,,,,,,,,,,,
10000,96,prefix80,prefixed,scenario_label=prefix80,0.000000,True,True,formal_extended_baseline_screen,2468324303,1069710771,9206975.000000,603182.000000,478280.000000,16240,4604525.502000,1445.504000,4605971.006000,10000,10000,0,16498,,,,,,,,,,,,,,,,,,,,9.319600,,1086.133068,NLHQT(n=2),23,20.000000,,,,,,,,,80.000000,,,26498,0.377387,47.828000,60.318200,1081462.000000,108.146200,0.606134,9206.975000,,,,,,,,,,,,,
10000,96,clustered,clustered,scenario_label=clustered,0.000000,True,True,formal_extended_baseline_screen,3200206661,3033880394,25109952.500000,1707640.000000,2700730.000000,17342,12575659.521250,4765.645000,12580425.166250,10000,10000,0,18525,,,,,,,,,,,,,,,,,,,,40.036500,,398.248463,NLHQT(n=2),23,21.000000,,,,,,,,,,8.000000,64.000000,28525,0.350570,270.073000,170.764000,4408370.000000,440.837000,0.539811,25109.952500,,,,,,,,,,,,,
10000,96,random,random,scenario_label=random,0.000000,True,True,formal_extended_baseline_screen,4167451253,3097060639,18431832.500000,655924.000000,2091254.000000,17216,9241155.726750,2357.475000,9243513.201750,10000,10000,0,18237,,,,,,,,,,,,,,,,,,,,9.562700,,542.539653,NLHQT(n=2),24,22.000000,,,,,,,,,,,,28237,0.354145,209.125400,65.592400,2747178.000000,274.717800,0.548336,18431.832500,,,,,,,,,,,,,
10000,96,prefixed,prefixed,scenario_label=prefixed,0.000000,True,True,formal_extended_baseline_screen,2427110912,1033367670,13253505.000000,655160.000000,1131234.000000,17199,6634344.649000,1875.937000,6636220.586000,10000,10000,0,18177,,,,,,,,,,,,,,,,,,,,9.561700,,754.517390,NLHQT(n=2),24,21.000000,,,,,,,,,48.000000,,,28177,0.354899,113.123400,65.516000,1786394.000000,178.639400,0.550146,13253.505000,,,,,,,,,,,,,
10000,96,prefix80,prefixed,scenario_label=prefix80,0.000000,True,True,formal_extended_baseline_screen,4263242191,3582603806,9207732.500000,603252.000000,478320.000000,16241,4613350.623500,1445.664000,4614796.287500,10000,10000,0,16536,,,,,,,,,,,,,,,,,,,,9.322500,,1086.043714,NLHQT(n=2),24,21.000000,,,,,,,,,80.000000,,,26536,0.376847,47.832000,60.325200,1081572.000000,108.157200,0.604741,9207.732500,,,,,,,,,,,,,
10000,96,clustered,clustered,scenario_label=clustered,0.000000,True,True,formal_extended_baseline_screen,3387768436,3921442432,25249732.500000,1717484.000000,2701190.000000,17436,12663075.240250,4785.563000,12667860.803250,10000,10000,0,18635,,,,,,,,,,,,,,,,,,,,40.059500,,396.043800,NLHQT(n=2),24,21.000000,,,,,,,,,,8.000000,64.000000,28635,0.349223,270.119000,171.748400,4418674.000000,441.867400,0.536625,25249.732500,,,,,,,,,,,,,
10000,96,random,random,scenario_label=random,0.000000,True,True,formal_extended_baseline_screen,1401592609,1721573870,18508832.500000,658920.000000,2091552.000000,17286,9234690.637250,2363.616000,9237054.253250,10000,10000,0,18288,,,,,,,,,,,,,,,,,,,,9.577600,,540.282592,NLHQT(n=2),25,21.000000,,,,,,,,,,,,28288,0.353507,209.155200,65.892000,2750472.000000,275.047200,0.546807,18508.832500,,,,,,,,,,,,,
10000,96,prefixed,prefixed,scenario_label=prefixed,0.000000,True,True,formal_extended_baseline_screen,4217303339,1636871134,13244092.500000,654506.000000,1131044.000000,17189,6620509.977000,1874.534000,6622384.511000,10000,10000,0,18167,,,,,,,,,,,,,,,,,,,,9.552200,,755.053621,NLHQT(n=2),25,20.000000,,,,,,,,,48.000000,,,28167,0.355025,113.104400,65.450600,1785550.000000,178.555000,0.550449,13244.092500,,,,,,,,,,,,,
10000,96,prefix80,prefixed,scenario_label=prefix80,0.000000,True,True,formal_extended_baseline_screen,2677772902,1974363537,9152152.500000,599306.000000,478306.000000,16137,4575676.599500,1437.765000,4577114.364500,10000,10000,0,16374,,,,,,,,,,,,,,,,,,,,9.302100,,1092.639136,NLHQT(n=2),25,21.000000,,,,,,,,,80.000000,,,26374,0.379161,47.830600,59.930600,1077612.000000,107.761200,0.610724,9152.152500,,,,,,,,,,,,,
10000,96,clustered,clustered,scenario_label=clustered,0.000000,True,True,formal_extended_baseline_screen,4190779514,95957851,25013635.000000,1698862.000000,2681050.000000,17423,12486971.738125,4738.249000,12491709.987125,10000,10000,0,18593,,,,,,,,,,,,,,,,,,,,39.552500,,399.781959,NLHQT(n=2),25,21.000000,,,,,,,,,,8.000000,64.000000,28593,0.349736,268.105000,169.886200,4379912.000000,437.991200,0.537837,25013.635000,,,,,,,,,,,,,
10000,96,random,random,scenario_label=random,0.000000,True,True,formal_extended_baseline_screen,2865864341,3595999459,18542657.500000,660336.000000,2091612.000000,17316,9282917.853250,2366.478000,9285284.331250,10000,10000,0,18376,,,,,,,,,,,,,,,,,,,,9.580600,,539.297024,NLHQT(n=2),26,21.000000,,,,,,,,,,,,28376,0.352410,209.161200,66.033600,2751948.000000,275.194800,0.544188,18542.657500,,,,,,,,,,,,,
10000,96,prefixed,prefixed,scenario_label=prefixed,0.000000,True,True,formal_extended_baseline_screen,1478210380,649431248,13285432.500000,656690.000000,1131190.000000,17241,6638052.175000,1878.975000,6639931.150000,10000,10000,0,18222,,,,,,,,,,,,,,,,,,,,9.559500,,752.704137,NLHQT(n=2),26,20.000000,,,,,,,,,48.000000,,,28222,0.354333,113.119000,65.669000,1787880.000000,178.788000,0.548787,13285.432500,,,,,,,,,,,,,
10000,96,prefix80,prefixed,scenario_label=prefix80,0.000000,True,True,formal_extended_baseline_screen,229837212,4213036849,9201145.000000,602636.000000,478312.000000,16226,4606004.490750,1444.428000,4607448.918750,10000,10000,0,16497,,,,,,,,,,,,,,,,,,,,9.311200,,1086.821260,NLHQT(n=2),26,21.000000,,,,,,,,,80.000000,,,26497,0.377401,47.831200,60.263600,1080948.000000,108.094800,0.606171,9201.145000,,,,,,,,,,,,,
10000,96,clustered,clustered,scenario_label=clustered,0.000000,True,True,formal_extended_baseline_screen,3925234375,3751920540,25121877.500000,1706398.000000,2681458.000000,17497,12603824.315625,4753.525000,12608577.840625,10000,10000,0,18769,,,,,,,,,,,,,,,,,,,,39.572900,,398.059421,NLHQT(n=2),26,21.000000,,,,,,,,,,8.000000,64.000000,28769,0.347596,268.145800,170.639800,4387856.000000,438.785600,0.532793,25121.877500,,,,,,,,,,,,,
10000,96,random,random,scenario_label=random,0.000000,True,True,formal_extended_baseline_screen,1975682606,1179985118,18410655.000000,654800.000000,2091004.000000,17199,9215325.843000,2355.102000,9217680.945000,10000,10000,0,18157,,,,,,,,,,,,,,,,,,,,9.550200,,543.163728,NLHQT(n=2),27,21.000000,,,,,,,,,,,,28157,0.355151,209.100400,65.480000,2745804.000000,274.580400,0.550752,18410.655000,,,,,,,,,,,,,
10000,96,prefixed,prefixed,scenario_label=prefixed,0.000000,True,True,formal_extended_baseline_screen,3217990807,1062888137,13297047.500000,657526.000000,1131318.000000,17253,6668175.718250,1880.711000,6670056.429250,10000,10000,0,18296,,,,,,,,,,,,,,,,,,,,9.565900,,752.046648,NLHQT(n=2),27,22.000000,,,,,,,,,48.000000,,,28296,0.353407,113.131800,65.752600,1788844.000000,178.884400,0.546568,13297.047500,,,,,,,,,,,,,
10000,96,prefix80,prefixed,scenario_label=prefix80,0.000000,True,True,formal_extended_baseline_screen,2830123666,3881830966,9158775.000000,599758.000000,478260.000000,16150,4588308.332750,1438.646000,4589746.978750,10000,10000,0,16394,,,,,,,,,,,,,,,,,,,,9.301500,,1091.849074,NLHQT(n=2),27,21.000000,,,,,,,,,80.000000,,,26394,0.378874,47.826000,59.975800,1078018.000000,107.801800,0.609979,9158.775000,,,,,,,,,,,,,
10000,96,clustered,clustered,scenario_label=clustered,0.000000,True,True,formal_extended_baseline_screen,3377847691,3712909529,25257320.000000,1718032.000000,2701160.000000,17441,12667753.947750,4786.644000,12672540.591750,10000,10000,0,18661,,,,,,,,,,,,,,,,,,,,40.058000,,395.924825,NLHQT(n=2),27,20.000000,,,,,,,,,,8.000000,64.000000,28661,0.348906,270.116000,171.803200,4419192.000000,441.919200,0.535877,25257.320000,,,,,,,,,,,,,
10000,96,random,random,scenario_label=random,0.000000,True,True,formal_extended_baseline_screen,264712398,2665877370,18467142.500000,657178.000000,2091230.000000,17249,9232971.296750,2359.971000,9235331.267750,10000,10000,0,18249,,,,,,,,,,,,,,,,,,,,9.561500,,541.502293,NLHQT(n=2),28,21.000000,,,,,,,,,,,,28249,0.353995,209.123000,65.717800,2748408.000000,274.840800,0.547975,18467.142500,,,,,,,,,,,,,
10000,96,prefixed,prefixed,scenario_label=prefixed,0.000000,True,True,formal_extended_baseline_screen,2849627408,3921305770,13309275.000000,658034.000000,1131312.000000,17270,6650947.007500,1881.724000,6652828.731500,10000,10000,0,18315,,,,,,,,,,,,,,,,,,,,9.565600,,751.355727,NLHQT(n=2),28,21.000000,,,,,,,,,48.000000,,,28315,0.353170,113.131200,65.803400,1789346.000000,178.934600,0.546001,13309.275000,,,,,,,,,,,,,
10000,96,prefix80,prefixed,scenario_label=prefix80,0.000000,True,True,formal_extended_baseline_screen,2205676394,2703653733,9193200.000000,602086.000000,478366.000000,16210,4599947.520000,1443.355000,4601390.875000,10000,10000,0,16456,,,,,,,,,,,,,,,,,,,,9.311300,,1087.760519,NLHQT(n=2),28,21.000000,,,,,,,,,80.000000,,,26456,0.377986,47.836600,60.208600,1080452.000000,108.045200,0.607681,9193.200000,,,,,,,,,,,,,
10000,96,clustered,clustered,scenario_label=clustered,0.000000,True,True,formal_extended_baseline_screen,1883537458,2875996702,25189650.000000,1713332.000000,2701050.000000,17395,12596844.056250,4777.189000,12601621.245250,10000,10000,0,18591,,,,,,,,,,,,,,,,,,,,40.052500,,396.988446,NLHQT(n=2),28,19.000000,,,,,,,,,,8.000000,64.000000,28591,0.349760,270.105000,171.333200,4414382.000000,441.438200,0.537895,25189.650000,,,,,,,,,,,,,
10000,96,random,random,scenario_label=random,0.000000,True,True,formal_extended_baseline_screen,814411954,315599030,18396932.500000,654336.000000,2091048.000000,17186,9213951.375500,2354.196000,9216305.571500,10000,10000,0,18147,,,,,,,,,,,,,,,,,,,,9.552400,,543.568880,NLHQT(n=2),29,21.000000,,,,,,,,,,,,28147,0.355278,209.104800,65.433600,2745384.000000,274.538400,0.551055,18396.932500,,,,,,,,,,,,,
10000,96,prefixed,prefixed,scenario_label=prefixed,0.000000,True,True,formal_extended_baseline_screen,3130433991,3905362018,13318797.500000,658876.000000,1131496.000000,17278,6637216.038000,1883.500000,6639099.538000,10000,10000,0,18317,,,,,,,,,,,,,,,,,,,,9.574800,,750.818533,NLHQT(n=2),29,22.000000,,,,,,,,,48.000000,,,28317,0.353145,113.149600,65.887600,1790372.000000,179.037200,0.545941,13318.797500,,,,,,,,,,,,,
10000,96,prefix80,prefixed,scenario_label=prefix80,0.000000,True,True,formal_extended_baseline_screen,1229335753,3961825225,9166840.000000,600200.000000,478306.000000,16162,4585966.376000,1439.553000,4587405.929000,10000,10000,0,16415,,,,,,,,,,,,,,,,,,,,9.298800,,1090.888463,NLHQT(n=2),29,23.000000,,,,,,,,,80.000000,,,26415,0.378573,47.830600,60.020000,1078506.000000,107.850600,0.609199,9166.840000,,,,,,,,,,,,,
10000,96,clustered,clustered,scenario_label=clustered,0.000000,True,True,formal_extended_baseline_screen,3172725409,782404950,25162997.500000,1711332.000000,2700838.000000,17378,12558474.429250,4773.083000,12563247.512250,10000,10000,0,18580,,,,,,,,,,,,,,,,,,,,40.041900,,397.408933,NLHQT(n=2),29,21.000000,,,,,,,,,,8.000000,64.000000,28580,0.349895,270.083800,171.133200,4412170.000000,441.217000,0.538213,25162.997500,,,,,,,,,,,,,
10000,96,random,random,scenario_label=random,0.000000,True,True,formal_extended_baseline_screen,1675969911,659657334,18404820.000000,654932.000000,2091192.000000,17191,9228833.952000,2355.460000,9231189.412000,10000,10000,0,18141,,,,,,,,,,,,,,,,,,,,9.559600,,543.335930,NLHQT(n=2),30,21.000000,,,,,,,,,,,,28141,0.355353,209.119200,65.493200,2746124.000000,274.612400,0.551238,18404.820000,,,,,,,,,,,,,
10000,96,prefixed,prefixed,scenario_label=prefixed,0.000000,True,True,formal_extended_baseline_screen,2782577657,96977436,13242312.500000,654562.000000,1131072.000000,17185,6603172.349750,1874.660000,6605047.009750,10000,10000,0,18149,,,,,,,,,,,,,,,,,,,,9.553600,,755.155114,NLHQT(n=2),30,21.000000,,,,,,,,,48.000000,,,28149,0.355252,113.107200,65.456200,1785634.000000,178.563400,0.550995,13242.312500,,,,,,,,,,,,,
10000,96,prefix80,prefixed,scenario_label=prefix80,0.000000,True,True,formal_extended_baseline_screen,511059701,2030163088,9168155.000000,600292.000000,478338.000000,16164,4588974.458250,1439.753000,4590414.211250,10000,10000,0,16418,,,,,,,,,,,,,,,,,,,,9.300600,,1090.731996,NLHQT(n=2),30,22.000000,,,,,,,,,80.000000,,,26418,0.378530,47.833800,60.029200,1078630.000000,107.863000,0.609088,9168.155000,,,,,,,,,,,,,
10000,96,clustered,clustered,scenario_label=clustered,0.000000,True,True,formal_extended_baseline_screen,3855081597,2931372706,25170785.000000,1711912.000000,2700958.000000,17383,12636365.081250,4774.303000,12641139.384250,10000,10000,0,18587,,,,,,,,,,,,,,,,,,,,40.047900,,397.285981,NLHQT(n=2),30,20.000000,,,,,,,,,,8.000000,64.000000,28587,0.349809,270.095800,171.191200,4412870.000000,441.287000,0.538010,25170.785000,,,,,,,,,,,,,
10000,96,random,random,scenario_label=random,0.000000,True,True,formal_extended_baseline_screen,3265993510,3252182139,18422090.000000,655564.000000,2091252.000000,17207,9213844.084500,2356.754000,9216200.838500,10000,10000,0,18191,,,,,,,,,,,,,,,,,,,,9.562600,,542.826574,NLHQT(n=2),31,21.000000,,,,,,,,,,,,28191,0.354723,209.125200,65.556400,2746816.000000,274.681600,0.549722,18422.090000,,,,,,,,,,,,,
10000,96,prefixed,prefixed,scenario_label=prefixed,0.000000,True,True,formal_extended_baseline_screen,1064392848,1531710162,13341612.500000,659800.000000,1131422.000000,17310,6672555.416500,1885.311000,6674440.727500,10000,10000,0,18373,,,,,,,,,,,,,,,,,,,,9.571100,,749.534586,NLHQT(n=2),31,21.000000,,,,,,,,,48.000000,,,28373,0.352448,113.142200,65.980000,1791222.000000,179.122200,0.544277,13341.612500,,,,,,,,,,,,,
10000,96,prefix80,prefixed,scenario_label=prefix80,0.000000,True,True,formal_extended_baseline_screen,2404369372,3610444082,9202635.000000,602756.000000,478354.000000,16228,4602995.097000,1444.689000,4604439.786000,10000,10000,0,16498,,,,,,,,,,,,,,,,,,,,9.314200,,1086.645292,NLHQT(n=2),31,21.000000,,,,,,,,,80.000000,,,26498,0.377387,47.835400,60.275600,1081110.000000,108.111000,0.606134,9202.635000,,,,,,,,,,,,,
10000,96,clustered,clustered,scenario_label=clustered,0.000000,True,True,formal_extended_baseline_screen,1581184839,488516901,24826625.000000,1684132.000000,2661304.000000,17440,12452879.693750,4698.916000,12457578.609750,10000,10000,0,18655,,,,,,,,,,,,,,,,,,,,39.065200,,402.793372,NLHQT(n=2),31,19.000000,,,,,,,,,,8.000000,64.000000,28655,0.348979,266.130400,168.413200,4345436.000000,434.543600,0.536049,24826.625000,,,,,,,,,,,,,
10000,96,random,random,scenario_label=random,0.000000,True,True,formal_extended_baseline_screen,2252910599,1637148950,18349582.500000,652754.000000,2090898.000000,17141,9178756.645000,2350.957000,9181107.602000,10000,10000,0,18093,,,,,,,,,,,,,,,,,,,,9.544900,,544.971527,NLHQT(n=2),32,21.000000,,,,,,,,,,,,28093,0.355961,209.089800,65.275400,2743652.000000,274.365200,0.552700,18349.582500,,,,,,,,,,,,,
10000,96,prefixed,prefixed,scenario_label=prefixed,0.000000,True,True,formal_extended_baseline_screen,3774357635,2546777435,13296397.500000,657422.000000,1131334.000000,17253,6659768.046000,1880.511000,6661648.557000,10000,10000,0,18255,,,,,,,,,,,,,,,,,,,,9.566700,,752.083412,NLHQT(n=2),32,21.000000,,,,,,,,,48.000000,,,28255,0.353920,113.133400,65.742200,1788756.000000,178.875600,0.547795,13296.397500,,,,,,,,,,,,,
10000,96,prefix80,prefixed,scenario_label=prefix80,0.000000,True,True,formal_extended_baseline_screen,3552680233,2229856762,9197225.000000,602432.000000,478324.000000,16220,4608481.232000,1444.026000,4609925.258000,10000,10000,0,16492,,,,,,,,,,,,,,,,,,,,9.314700,,1087.284480,NLHQT(n=2),32,21.000000,,,,,,,,,80.000000,,,26492,0.377472,47.832400,60.243200,1080756.000000,108.075600,0.606355,9197.225000,,,,,,,,,,,,,
10000,96,clustered,clustered,scenario_label=clustered,0.000000,True,True,formal_extended_baseline_screen,1120776253,3248019721,25275485.000000,1719340.000000,2701146.000000,17453,12624136.731500,4789.253000,12628925.984500,10000,10000,0,18686,,,,,,,,,,,,,,,,,,,,40.057300,,395.640281,NLHQT(n=2),32,19.000000,,,,,,,,,,8.000000,64.000000,28686,0.348602,270.114600,171.934000,4420486.000000,442.048600,0.535160,25275.485000,,,,,,,,,,,,,
10000,96,random,random,scenario_label=random,0.000000,True,True,formal_extended_baseline_screen,2042956436,3012156040,18384010.000000,654000.000000,2091112.000000,17173,9198304.076500,2353.556000,9200657.632500,10000,10000,0,18091,,,,,,,,,,,,,,,,,,,,9.555600,,543.950966,NLHQT(n=2),33,21.000000,,,,,,,,,,,,28091,0.355986,209.111200,65.400000,2745112.000000,274.511200,0.552761,18384.010000,,,,,,,,,,,,,
10000,96,prefixed,prefixed,scenario_label=prefixed,0.000000,True,True,formal_extended_baseline_screen,2604247550,2871962862,13321192.500000,658748.000000,1131450.000000,17284,6659158.459250,1883.221000,6661041.680250,10000,10000,0,18318,,,,,,,,,,,,,,,,,,,,9.572500,,750.683544,NLHQT(n=2),33,20.000000,,,,,,,,,48.000000,,,28318,0.353132,113.145000,65.874800,1790198.000000,179.019800,0.545911,13321.192500,,,,,,,,,,,,,
10000,96,prefix80,prefixed,scenario_label=prefix80,0.000000,True,True,formal_extended_baseline_screen,4264852947,1863936733,9183047.500000,601438.000000,478344.000000,16193,4593876.831750,1442.048000,4595318.879750,10000,10000,0,16449,,,,,,,,,,,,,,,,,,,,9.311100,,1088.963114,NLHQT(n=2),33,22.000000,,,,,,,,,80.000000,,,26449,0.378086,47.834400,60.143800,1079782.000000,107.978200,0.607940,9183.047500,,,,,,,,,,,,,
10000,96,clustered,clustered,scenario_label=clustered,0.000000,True,True,formal_extended_baseline_screen,1884500039,2914085316,25208863.750000,1712516.000000,2681504.000000,17556,12621304.397375,4765.784000,12626070.181375,10000,10000,0,18799,,,,,,,,,,,,,,,,,,,,39.575200,,396.685868,NLHQT(n=2),33,20.000000,,,,,,,,,,8.000000,64.000000,28799,0.347234,268.150400,171.251600,4394020.000000,439.402000,0.531943,25208.863750,,,,,,,,,,,,,
10000,96,random,random,scenario_label=random,0.000000,True,True,formal_extended_baseline_screen,1926156841,1731371406,18532115.000000,659848.000000,2091546.000000,17307,9267684.357250,2365.469000,9270049.826250,10000,10000,0,18404,,,,,,,,,,,,,,,,,,,,9.577300,,539.603817,NLHQT(n=2),34,20.000000,,,,,,,,,,,,28404,0.352063,209.154600,65.984800,2751394.000000,275.139400,0.543360,18532.115000,,,,,,,,,,,,,
10000,96,prefixed,prefixed,scenario_label=prefixed,0.000000,True,True,formal_extended_baseline_screen,304335199,430311369,13338627.500000,659578.000000,1131488.000000,17307,6670653.245750,1884.900000,6672538.145750,10000,10000,0,18330,,,,,,,,,,,,,,,,,,,,9.574400,,749.702321,NLHQT(n=2),34,21.000000,,,,,,,,,48.000000,,,28330,0.352983,113.148800,65.957800,1791066.000000,179.106600,0.545554,13338.627500,,,,,,,,,,,,,
10000,96,prefix80,prefixed,scenario_label=prefix80,0.000000,True,True,formal_extended_baseline_screen,1538798478,477026278,9174835.000000,600786.000000,478270.000000,16178,4587065.959500,1440.707000,4588506.666500,10000,10000,0,16449,,,,,,,,,,,,,,,,,,,,9.301200,,1089.937857,NLHQT(n=2),34,22.000000,,,,,,,,,80.000000,,,26449,0.378086,47.827000,60.078600,1079056.000000,107.905600,0.607940,9174.835000,,,,,,,,,,,,,
10000,96,clustered,clustered,scenario_label=clustered,0.000000,True,True,formal_extended_baseline_screen,2234370540,3118165947,25281627.500000,1719790.000000,2701290.000000,17457,12671884.362000,4790.225000,12676674.587000,10000,10000,0,18696,,,,,,,,,,,,,,,,,,,,40.064500,,395.544156,NLHQT(n=2),34,19.000000,,,,,,,,,,8.000000,64.000000,28696,0.348481,270.129000,171.979000,4421080.000000,442.108000,0.534874,25281.627500,,,,,,,,,,,,,
10000,96,random,random,scenario_label=random,0.000000,True,True,formal_extended_baseline_screen,2690207514,1373205557,18384230.000000,653902.000000,2091016.000000,17174,9188607.149250,2353.312000,9190960.461250,10000,10000,0,18134,,,,,,,,,,,,,,,,,,,,9.550800,,543.944457,NLHQT(n=2),35,21.000000,,,,,,,,,,,,28134,0.355442,209.101600,65.390200,2744918.000000,274.491800,0.551450,18384.230000,,,,,,,,,,,,,
10000,96,prefixed,prefixed,scenario_label=prefixed,0.000000,True,True,formal_extended_baseline_screen,4048739445,3782541017,13321322.500000,658854.000000,1131480.000000,17283,6660937.654500,1883.448000,6662821.102500,10000,10000,0,18313,,,,,,,,,,,,,,,,,,,,9.574000,,750.676219,NLHQT(n=2),35,21.000000,,,,,,,,,48.000000,,,28313,0.353195,113.148000,65.885400,1790334.000000,179.033400,0.546060,13321.322500,,,,,,,,,,,,,
10000,96,prefix80,prefixed,scenario_label=prefix80,0.000000,True,True,formal_extended_baseline_screen,2800648159,2190256001,9183032.500000,601304.000000,478320.000000,16191,4593305.342000,1441.768000,4594747.110000,10000,10000,0,16434,,,,,,,,,,,,,,,,,,,,9.302400,,1088.964893,NLHQT(n=2),35,21.000000,,,,,,,,,80.000000,,,26434,0.378301,47.832000,60.130400,1079624.000000,107.962400,0.608495,9183.032500,,,,,,,,,,,,,
10000,96,clustered,clustered,scenario_label=clustered,0.000000,True,True,formal_extended_baseline_screen,1745901410,2249849770,25176005.000000,1712614.000000,2701094.000000,17384,12641460.094250,4775.775000,12646235.869250,10000,10000,0,18562,,,,,,,,,,,,,,,,,,,,40.054700,,397.203607,NLHQT(n=2),35,20.000000,,,,,,,,,,8.000000,64.000000,28562,0.350116,270.109400,171.261400,4413708.000000,441.370800,0.538735,25176.005000,,,,,,,,,,,,,
10000,96,random,random,scenario_label=random,0.000000,True,True,formal_extended_baseline_screen,1928770138,2229731857,18410110.000000,654846.000000,2090964.000000,17198,9209701.318250,2355.174000,9212056.492250,10000,10000,0,18193,,,,,,,,,,,,,,,,,,,,9.548200,,543.179807,NLHQT(n=2),36,20.000000,,,,,,,,,,,,28193,0.354698,209.096400,65.484600,2745810.000000,274.581000,0.549662,18410.110000,,,,,,,,,,,,,
10000,96,prefixed,prefixed,scenario_label=prefixed,0.000000,True,True,formal_extended_baseline_screen,1318647535,2704774161,13213037.500000,652860.000000,1130844.000000,17150,6626133.160500,1871.142000,6628004.302500,10000,10000,0,18094,,,,,,,,,,,,,,,,,,,,9.542200,,756.828246,NLHQT(n=2),36,20.000000,,,,,,,,,48.000000,,,28094,0.355948,113.084400,65.286000,1783704.000000,178.370400,0.552669,13213.037500,,,,,,,,,,,,,
10000,96,prefix80,prefixed,scenario_label=prefix80,0.000000,True,True,formal_extended_baseline_screen,2487161622,1790322822,9184887.500000,601528.000000,478380.000000,16195,4598117.028000,1442.246000,4599559.274000,10000,10000,0,16453,,,,,,,,,,,,,,,,,,,,9.310900,,1088.744963,NLHQT(n=2),36,20.000000,,,,,,,,,80.000000,,,26453,0.378029,47.838000,60.152800,1079908.000000,107.990800,0.607792,9184.887500,,,,,,,,,,,,,
10000,96,clustered,clustered,scenario_label=clustered,0.000000,True,True,formal_extended_baseline_screen,3755104620,1784722862,25070787.500000,1704970.000000,2700680.000000,17315,12518547.110000,4760.280000,12523307.390000,10000,10000,0,18475,,,,,,,,,,,,,,,,,,,,40.034000,,398.870598,NLHQT(n=2),36,21.000000,,,,,,,,,,8.000000,64.000000,28475,0.351185,270.068000,170.497000,4405650.000000,440.565000,0.541272,25070.787500,,,,,,,,,,,,,
10000,96,random,random,scenario_label=random,0.000000,True,True,formal_extended_baseline_screen,3956758156,3413933435,18529980.000000,659906.000000,2091636.000000,17304,9253355.988500,2365.630000,9255721.618500,10000,10000,0,18350,,,,,,,,,,,,,,,,,,,,9.581800,,539.665990,NLHQT(n=2),37,22.000000,,,,,,,,,,,,28350,0.352734,209.163600,65.990600,2751542.000000,275.154200,0.544959,18529.980000,,,,,,,,,,,,,
10000,96,prefixed,prefixed,scenario_label=prefixed,0.000000,True,True,formal_extended_baseline_screen,1372255346,647016550,13321735.000000,658920.000000,1131532.000000,17283,6670103.290750,1883.606000,6671986.896750,10000,10000,0,18306,,,,,,,,,,,,,,,,,,,,9.576600,,750.652974,NLHQT(n=2),37,20.000000,,,,,,,,,48.000000,,,28306,0.353282,113.153200,65.892000,1790452.000000,179.045200,0.546269,13321.735000,,,,,,,,,,,,,
10000,96,prefix80,prefixed,scenario_label=prefix80,0.000000,True,True,formal_extended_baseline_screen,707353532,2420936059,9193922.500000,602138.000000,478322.000000,16213,4596207.407500,1443.437000,4597650.844500,10000,10000,0,16495,,,,,,,,,,,,,,,,,,,,9.310100,,1087.675038,NLHQT(n=2),37,20.000000,,,,,,,,,80.000000,,,26495,0.377430,47.832200,60.213800,1080460.000000,108.046000,0.606244,9193.922500,,,,,,,,,,,,,
10000,96,clustered,clustered,scenario_label=clustered,0.000000,True,True,formal_extended_baseline_screen,1062845759,263739611,25115020.000000,1706094.000000,2681366.000000,17491,12590892.398250,4752.871000,12595645.269250,10000,10000,0,18728,,,,,,,,,,,,,,,,,,,,39.568300,,398.168108,NLHQT(n=2),37,19.000000,,,,,,,,,,8.000000,64.000000,28728,0.348092,268.136600,170.609400,4387460.000000,438.746000,0.533960,25115.020000,,,,,,,,,,,,,
10000,96,random,random,scenario_label=random,0.000000,True,True,formal_extended_baseline_screen,957467494,1583414377,18407142.500000,654904.000000,2091224.000000,17194,9216853.879000,2355.420000,9219209.299000,10000,10000,0,18139,,,,,,,,,,,,,,,,,,,,9.561200,,543.267376,NLHQT(n=2),38,22.000000,,,,,,,,,,,,28139,0.355379,209.122400,65.490400,2746128.000000,274.612800,0.551298,18407.142500,,,,,,,,,,,,,
10000,96,prefixed,prefixed,scenario_label=prefixed,0.000000,True,True,formal_extended_baseline_screen,2919934110,465573624,13207482.500000,652738.000000,1131020.000000,17141,6595011.944750,1870.986000,6596882.930750,10000,10000,0,18083,,,,,,,,,,,,,,,,,,,,9.551000,,757.146564,NLHQT(n=2),38,22.000000,,,,,,,,,48.000000,,,28083,0.356087,113.102000,65.273800,1783758.000000,178.375800,0.553006,13207.482500,,,,,,,,,,,,,
10000,96,prefix80,prefixed,scenario_label=prefix80,0.000000,True,True,formal_extended_baseline_screen,3472369517,949427229,9175577.500000,600838.000000,478386.000000,16177,4585993.476250,1440.869000,4587434.345250,10000,10000,0,16433,,,,,,,,,,,,,,,,,,,,9.306200,,1089.849658,NLHQT(n=2),38,20.000000,,,,,,,,,80.000000,,,26433,0.378315,47.838600,60.083800,1079224.000000,107.922400,0.608532,9175.577500,,,,,,,,,,,,,
10000,96,clustered,clustered,scenario_label=clustered,0.000000,True,True,formal_extended_baseline_screen,1660287430,2570687786,25209417.500000,1714630.000000,2701068.000000,17409,12641919.153000,4779.794000,12646698.947000,10000,10000,0,18630,,,,,,,,,,,,,,,,,,,,40.053400,,396.677154,NLHQT(n=2),38,20.000000,,,,,,,,,,8.000000,64.000000,28630,0.349284,270.106800,171.463000,4415698.000000,441.569800,0.536769,25209.417500,,,,,,,,,,,,,
10000,96,random,random,scenario_label=random,0.000000,True,True,formal_extended_baseline_screen,2866897990,104908783,18339072.500000,652138.000000,2090828.000000,17133,9157428.444500,2349.690000,9159778.134500,10000,10000,0,18103,,,,,,,,,,,,,,,,,,,,9.541400,,545.283847,NLHQT(n=2),39,22.000000,,,,,,,,,,,,28103,0.355834,209.082800,65.213800,2742966.000000,274.296600,0.552395,18339.072500,,,,,,,,,,,,,
10000,96,prefixed,prefixed,scenario_label=prefixed,0.000000,True,True,formal_extended_baseline_screen,86283338,1618560998,13210737.500000,652492.000000,1130728.000000,17150,6610419.436000,1870.348000,6612289.784000,10000,10000,0,18077,,,,,,,,,,,,,,,,,,,,9.536400,,756.960011,NLHQT(n=2),39,21.000000,,,,,,,,,48.000000,,,28077,0.356163,113.072800,65.249200,1783220.000000,178.322000,0.553189,13210.737500,,,,,,,,,,,,,
10000,96,prefix80,prefixed,scenario_label=prefix80,0.000000,True,True,formal_extended_baseline_screen,1243192488,169384161,9187892.500000,601650.000000,478384.000000,16199,4593352.555750,1442.492000,4594795.047750,10000,10000,0,16440,,,,,,,,,,,,,,,,,,,,9.306900,,1088.388877,NLHQT(n=2),39,21.000000,,,,,,,,,80.000000,,,26440,0.378215,47.838400,60.165000,1080034.000000,108.003400,0.608273,9187.892500,,,,,,,,,,,,,
10000,96,clustered,clustered,scenario_label=clustered,0.000000,True,True,formal_extended_baseline_screen,481472403,1455728249,25085096.250000,1703818.000000,2681264.000000,17472,12534398.532750,4748.268000,12539146.800750,10000,10000,0,18715,,,,,,,,,,,,,,,,,,,,39.563200,,398.643079,NLHQT(n=2),39,20.000000,,,,,,,,,,8.000000,64.000000,28715,0.348250,268.126400,170.381800,4385082.000000,438.508200,0.534331,25085.096250,,,,,,,,,,,,,
10000,96,random,random,scenario_label=random,0.000000,True,True,formal_extended_baseline_screen,509607359,3428477489,18332220.000000,651974.000000,2090856.000000,17126,9192157.355500,2349.376000,9194506.731500,10000,10000,0,18055,,,,,,,,,,,,,,,,,,,,9.542800,,545.487671,NLHQT(n=2),40,21.000000,,,,,,,,,,,,28055,0.356443,209.085600,65.197400,2742830.000000,274.283000,0.553863,18332.220000,,,,,,,,,,,,,
10000,96,prefixed,prefixed,scenario_label=prefixed,0.000000,True,True,formal_extended_baseline_screen,2673896349,3337738040,13321472.500000,658878.000000,1131508.000000,17283,6657114.615250,1883.510000,6658998.125250,10000,10000,0,18327,,,,,,,,,,,,,,,,,,,,9.575400,,750.667766,NLHQT(n=2),40,23.000000,,,,,,,,,48.000000,,,28327,0.353020,113.150800,65.887800,1790386.000000,179.038600,0.545643,13321.472500,,,,,,,,,,,,,
10000,96,prefix80,prefixed,scenario_label=prefix80,0.000000,True,True,formal_extended_baseline_screen,1445782178,4257066799,9176035.000000,600838.000000,478356.000000,16178,4591398.705750,1440.854000,4592839.559750,10000,10000,0,16436,,,,,,,,,,,,,,,,,,,,9.303300,,1089.795320,NLHQT(n=2),40,22.000000,,,,,,,,,80.000000,,,26436,0.378272,47.835600,60.083800,1079194.000000,107.919400,0.608421,9176.035000,,,,,,,,,,,,,
10000,96,clustered,clustered,scenario_label=clustered,0.000000,True,True,formal_extended_baseline_screen,3422425815,2308126051,25292125.000000,1720404.000000,2701260.000000,17465,12657414.639000,4791.438000,12662206.077000,10000,10000,0,18684,,,,,,,,,,,,,,,,,,,,40.063000,,395.379985,NLHQT(n=2),40,21.000000,,,,,,,,,,8.000000,64.000000,28684,0.348626,270.126000,172.040400,4421664.000000,442.166400,0.535217,25292.125000,,,,,,,,,,,,,
10000,96,random,random,scenario_label=random,0.000000,True,True,formal_extended_baseline_screen,2374982155,3037555381,18405485.000000,654772.000000,2091050.000000,17193,9204344.095250,2355.069000,9206699.164250,10000,10000,0,18155,,,,,,,,,,,,,,,,,,,,9.552500,,543.316299,NLHQT(n=2),41,20.000000,,,,,,,,,,,,28155,0.355177,209.105000,65.477200,2745822.000000,274.582200,0.550812,18405.485000,,,,,,,,,,,,,
10000,96,prefixed,prefixed,scenario_label=prefixed,0.000000,True,True,formal_extended_baseline_screen,2076339012,2387039822,13247362.500000,654944.000000,1131164.000000,17190,6623459.644250,1875.470000,6625335.114250,10000,10000,0,18152,,,,,,,,,,,,,,,,,,,,9.558200,,754.867242,NLHQT(n=2),41,21.000000,,,,,,,,,48.000000,,,28152,0.355215,113.116400,65.494400,1786108.000000,178.610800,0.550903,13247.362500,,,,,,,,,,,,,
10000,96,prefix80,prefixed,scenario_label=prefix80,0.000000,True,True,formal_extended_baseline_screen,3727899068,4075698279,9151247.500000,599202.000000,478368.000000,16133,4573095.533000,1437.588000,4574533.121000,10000,10000,0,16369,,,,,,,,,,,,,,,,,,,,9.301900,,1092.747191,NLHQT(n=2),41,21.000000,,,,,,,,,80.000000,,,26369,0.379233,47.836800,59.920200,1077570.000000,107.757000,0.610911,9151.247500,,,,,,,,,,,,,
10000,96,clustered,clustered,scenario_label=clustered,0.000000,True,True,formal_extended_baseline_screen,4098968949,3897848114,25167205.000000,1711868.000000,2701086.000000,17379,12604306.385250,4774.279000,12609080.664250,10000,10000,0,18514,,,,,,,,,,,,,,,,,,,,40.054300,,397.342494,NLHQT(n=2),41,21.000000,,,,,,,,,,8.000000,64.000000,28514,0.350705,270.108600,171.186800,4412954.000000,441.295400,0.540132,25167.205000,,,,,,,,,,,,,
10000,96,random,random,scenario_label=random,0.000000,True,True,formal_extended_baseline_screen,2681934676,699019776,18526935.000000,659552.000000,2091486.000000,17303,9285041.036750,2364.847000,9287405.883750,10000,10000,0,18359,,,,,,,,,,,,,,,,,,,,9.574300,,539.754687,NLHQT(n=2),42,22.000000,,,,,,,,,,,,28359,0.352622,209.148600,65.955200,2751038.000000,275.103800,0.544692,18526.935000,,,,,,,,,,,,,
10000,96,prefixed,prefixed,scenario_label=prefixed,0.000000,True,True,formal_extended_baseline_screen,3463721453,2349616209,13278415.000000,656334.000000,1131108.000000,17232,6631272.302250,1878.222000,6633150.524250,10000,10000,0,18243,,,,,,,,,,,,,,,,,,,,9.555400,,753.101933,NLHQT(n=2),42,21.000000,,,,,,,,,48.000000,,,28243,0.354070,113.110800,65.633400,1787442.000000,178.744200,0.548155,13278.415000,,,,,,,,,,,,,
10000,96,prefix80,prefixed,scenario_label=prefix80,0.000000,True,True,formal_extended_baseline_screen,3090696183,1337622440,9188840.000000,601824.000000,478408.000000,16202,4599631.368500,1442.852000,4601074.220500,10000,10000,0,16464,,,,,,,,,,,,,,,,,,,,9.314300,,1088.276649,NLHQT(n=2),42,21.000000,,,,,,,,,80.000000,,,26464,0.377872,47.840800,60.182400,1080232.000000,108.023200,0.607386,9188.840000,,,,,,,,,,,,,
10000,96,clustered,clustered,scenario_label=clustered,0.000000,True,True,formal_extended_baseline_screen,3927309367,2275067988,25105038.750000,1705158.000000,2681138.000000,17486,12577406.479500,4750.885000,12582157.364500,10000,10000,0,18746,,,,,,,,,,,,,,,,,,,,39.556900,,398.326412,NLHQT(n=2),42,19.000000,,,,,,,,,,8.000000,64.000000,28746,0.347874,268.113800,170.515800,4386296.000000,438.629600,0.533447,25105.038750,,,,,,,,,,,,,
10000,96,random,random,scenario_label=random,0.000000,True,True,formal_extended_baseline_screen,3450749702,21407387,18413315.000000,654826.000000,2090994.000000,17202,9215880.766000,2355.149000,9218235.915000,10000,10000,0,18174,,,,,,,,,,,,,,,,,,,,9.549700,,543.085262,NLHQT(n=2),43,23.000000,,,,,,,,,,,,28174,0.354937,209.099400,65.482600,2745820.000000,274.582000,0.550237,18413.315000,,,,,,,,,,,,,
10000,96,prefixed,prefixed,scenario_label=prefixed,0.000000,True,True,formal_extended_baseline_screen,144876194,2813688376,13239997.500000,654362.000000,1131080.000000,17183,6614532.620500,1874.264000,6616406.884500,10000,10000,0,18144,,,,,,,,,,,,,,,,,,,,9.554000,,755.287152,NLHQT(n=2),43,22.000000,,,,,,,,,48.000000,,,28144,0.355316,113.108000,65.436200,1785442.000000,178.544200,0.551146,13239.997500,,,,,,,,,,,,,
10000,96,prefix80,prefixed,scenario_label=prefix80,0.000000,True,True,formal_extended_baseline_screen,1513479548,3711006225,9165957.500000,600196.000000,478318.000000,16161,4585076.102750,1439.551000,4586515.653750,10000,10000,0,16415,,,,,,,,,,,,,,,,,,,,9.302300,,1090.993494,NLHQT(n=2),43,20.000000,,,,,,,,,80.000000,,,26415,0.378573,47.831800,60.019600,1078514.000000,107.851400,0.609199,9165.957500,,,,,,,,,,,,,
10000,96,clustered,clustered,scenario_label=clustered,0.000000,True,True,formal_extended_baseline_screen,48141908,730410362,24937585.000000,1691652.000000,2661498.000000,17518,12479103.167500,4714.053000,12483817.220500,10000,10000,0,18799,,,,,,,,,,,,,,,,,,,,39.074900,,401.001139,NLHQT(n=2),43,20.000000,,,,,,,,,,8.000000,64.000000,28799,0.347234,266.149800,169.165200,4353150.000000,435.315000,0.531943,24937.585000,,,,,,,,,,,,,
10000,96,random,random,scenario_label=random,0.000000,True,True,formal_extended_baseline_screen,3987099893,2497277493,18372052.500000,653552.000000,2091018.000000,17162,9186479.410500,2352.613000,9188832.023500,10000,10000,0,18110,,,,,,,,,,,,,,,,,,,,9.550900,,544.304998,NLHQT(n=2),44,21.000000,,,,,,,,,,,,28110,0.355745,209.101800,65.355200,2744570.000000,274.457000,0.552181,18372.052500,,,,,,,,,,,,,
10000,96,prefixed,prefixed,scenario_label=prefixed,0.000000,True,True,formal_extended_baseline_screen,2327316353,3860409512,13333852.500000,659666.000000,1131544.000000,17297,6662323.791750,1885.104000,6664208.895750,10000,10000,0,18340,,,,,,,,,,,,,,,,,,,,9.577200,,749.970798,NLHQT(n=2),44,21.000000,,,,,,,,,48.000000,,,28340,0.352858,113.154400,65.966600,1791210.000000,179.121000,0.545256,13333.852500,,,,,,,,,,,,,
10000,96,prefix80,prefixed,scenario_label=prefix80,0.000000,True,True,formal_extended_baseline_screen,2316918874,3621766918,9168535.000000,600488.000000,478326.000000,16168,4583158.103250,1440.139000,4584598.242250,10000,10000,0,16417,,,,,,,,,,,,,,,,,,,,9.310000,,1090.686789,NLHQT(n=2),44,21.000000,,,,,,,,,80.000000,,,26417,0.378544,47.832600,60.048800,1078814.000000,107.881400,0.609125,9168.535000,,,,,,,,,,,,,
10000,96,clustered,clustered,scenario_label=clustered,0.000000,True,True,formal_extended_baseline_screen,828653254,1726883903,24776172.500000,1680258.000000,2661106.000000,17408,12459229.445500,4691.069000,12463920.514500,10000,10000,0,18601,,,,,,,,,,,,,,,,,,,,39.055300,,403.613593,NLHQT(n=2),44,21.000000,,,,,,,,,,8.000000,64.000000,28601,0.349638,266.110600,168.025800,4341364.000000,434.136400,0.537606,24776.172500,,,,,,,,,,,,,
10000,96,random,random,scenario_label=random,0.000000,True,True,formal_extended_baseline_screen,3580828999,4282229716,18474740.000000,657328.000000,2091230.000000,17257,9227489.083500,2360.271000,9229849.354500,10000,10000,0,18257,,,,,,,,,,,,,,,,,,,,9.561500,,541.279607,NLHQT(n=2),45,21.000000,,,,,,,,,,,,28257,0.353895,209.123000,65.732800,2748558.000000,274.855800,0.547735,18474.740000,,,,,,,,,,,,,
10000,96,prefixed,prefixed,scenario_label=prefixed,0.000000,True,True,formal_extended_baseline_screen,1476163045,4111513835,13213852.500000,652820.000000,1130756.000000,17152,6609208.334750,1871.018000,6611079.352750,10000,10000,0,18135,,,,,,,,,,,,,,,,,,,,9.537800,,756.781567,NLHQT(n=2),45,21.000000,,,,,,,,,48.000000,,,28135,0.355429,113.075600,65.282000,1783576.000000,178.357600,0.551420,13213.852500,,,,,,,,,,,,,
10000,96,prefix80,prefixed,scenario_label=prefix80,0.000000,True,True,formal_extended_baseline_screen,2573149326,2215012348,9175410.000000,600836.000000,478312.000000,16178,4594915.416000,1440.828000,4596356.244000,10000,10000,0,16443,,,,,,,,,,,,,,,,,,,,9.303500,,1089.869554,NLHQT(n=2),45,20.000000,,,,,,,,,80.000000,,,26443,0.378172,47.831200,60.083600,1079148.000000,107.914800,0.608162,9175.410000,,,,,,,,,,,,,
10000,96,clustered,clustered,scenario_label=clustered,0.000000,True,True,formal_extended_baseline_screen,2581397823,3833629220,25353095.000000,1724698.000000,2701346.000000,17506,12664691.439250,4800.069000,12669491.508250,10000,10000,0,18759,,,,,,,,,,,,,,,,,,,,40.067300,,394.429161,NLHQT(n=2),45,20.000000,,,,,,,,,,8.000000,64.000000,28759,0.347717,270.134600,172.469800,4426044.000000,442.604400,0.533077,25353.095000,,,,,,,,,,,,,
10000,96,random,random,scenario_label=random,0.000000,True,True,formal_extended_baseline_screen,3716381950,42625320,18396145.000000,654210.000000,2090938.000000,17186,9213018.914500,2353.889000,9215372.803500,10000,10000,0,18106,,,,,,,,,,,,,,,,,,,,9.546900,,543.592149,NLHQT(n=2),46,21.000000,,,,,,,,,,,,28106,0.355796,209.093800,65.421000,2745148.000000,274.514800,0.552303,18396.145000,,,,,,,,,,,,,
10000,96,prefixed,prefixed,scenario_label=prefixed,0.000000,True,True,formal_extended_baseline_screen,2477060584,2358068424,13280202.500000,656620.000000,1131310.000000,17232,6639741.748500,1878.895000,6641620.643500,10000,10000,0,18244,,,,,,,,,,,,,,,,,,,,9.565500,,753.000566,NLHQT(n=2),46,22.000000,,,,,,,,,48.000000,,,28244,0.354057,113.131000,65.662000,1787930.000000,178.793000,0.548125,13280.202500,,,,,,,,,,,,,
10000,96,prefix80,prefixed,scenario_label=prefix80,0.000000,True,True,formal_extended_baseline_screen,2069287118,65178042,9176892.500000,600870.000000,478364.000000,16179,4584927.929250,1440.922000,4586368.851250,10000,10000,0,16406,,,,,,,,,,,,,,,,,,,,9.302300,,1089.693488,NLHQT(n=2),46,20.000000,,,,,,,,,80.000000,,,26406,0.378702,47.836400,60.087000,1079234.000000,107.923400,0.609533,9176.892500,,,,,,,,,,,,,
10000,96,clustered,clustered,scenario_label=clustered,0.000000,True,True,formal_extended_baseline_screen,4117600980,1958800056,25012358.750000,1698790.000000,2681122.000000,17422,12547067.316750,4738.141000,12551805.457750,10000,10000,0,18596,,,,,,,,,,,,,,,,,,,,39.556100,,399.802358,NLHQT(n=2),46,20.000000,,,,,,,,,,8.000000,64.000000,28596,0.349699,268.112200,169.879000,4379912.000000,437.991200,0.537750,25012.358750,,,,,,,,,,,,,
10000,96,random,random,scenario_label=random,0.000000,True,True,formal_extended_baseline_screen,2943036703,1750828172,18460547.500000,656922.000000,2091252.000000,17243,9257543.909250,2359.470000,9259903.379250,10000,10000,0,18279,,,,,,,,,,,,,,,,,,,,9.562600,,541.695743,NLHQT(n=2),47,21.000000,,,,,,,,,,,,28279,0.353619,209.125200,65.692200,2748174.000000,274.817400,0.547076,18460.547500,,,,,,,,,,,,,
10000,96,prefixed,prefixed,scenario_label=prefixed,0.000000,True,True,formal_extended_baseline_screen,2255604210,2139589276,13306662.500000,658042.000000,1131376.000000,17265,6683757.697000,1881.772000,6685639.469000,10000,10000,0,18271,,,,,,,,,,,,,,,,,,,,9.568800,,751.503241,NLHQT(n=2),47,21.000000,,,,,,,,,48.000000,,,28271,0.353719,113.137600,65.804200,1789418.000000,178.941800,0.547315,13306.662500,,,,,,,,,,,,,
10000,96,prefix80,prefixed,scenario_label=prefix80,0.000000,True,True,formal_extended_baseline_screen,1998039315,1200754089,9189885.000000,601944.000000,478264.000000,16208,4596240.109500,1443.020000,4597683.129500,10000,10000,0,16465,,,,,,,,,,,,,,,,,,,,9.311500,,1088.152899,NLHQT(n=2),47,21.000000,,,,,,,,,80.000000,,,26465,0.377858,47.826400,60.194400,1080208.000000,108.020800,0.607349,9189.885000,,,,,,,,,,,,,
10000,96,clustered,clustered,scenario_label=clustered,0.000000,True,True,formal_extended_baseline_screen,1376940312,3010253153,25216950.000000,1715036.000000,2701102.000000,17415,12643074.663000,4780.623000,12647855.286000,10000,10000,0,18631,,,,,,,,,,,,,,,,,,,,40.055100,,396.558664,NLHQT(n=2),47,20.000000,,,,,,,,,,8.000000,64.000000,28631,0.349272,270.110200,171.503600,4416138.000000,441.613800,0.536740,25216.950000,,,,,,,,,,,,,
10000,96,random,random,scenario_label=random,0.000000,True,True,formal_extended_baseline_screen,4126669249,3052017662,18413375.000000,655102.000000,2091114.000000,17200,9192345.066000,2355.761000,9194700.827000,10000,10000,0,18180,,,,,,,,,,,,,,,,,,,,9.555700,,543.083492,NLHQT(n=2),48,21.000000,,,,,,,,,,,,28180,0.354862,209.111400,65.510200,2746216.000000,274.621600,0.550055,18413.375000,,,,,,,,,,,,,
10000,96,prefixed,prefixed,scenario_label=prefixed,0.000000,True,True,formal_extended_baseline_screen,2193895526,2130248272,13302335.000000,657946.000000,1131410.000000,17258,6644514.959500,1881.597000,6646396.556500,10000,10000,0,18264,,,,,,,,,,,,,,,,,,,,9.570500,,751.747719,NLHQT(n=2),48,20.000000,,,,,,,,,48.000000,,,28264,0.353807,113.141000,65.794600,1789356.000000,178.935600,0.547525,13302.335000,,,,,,,,,,,,,
10000,96,prefix80,prefixed,scenario_label=prefix80,0.000000,True,True,formal_extended_baseline_screen,3566718053,588724130,9167270.000000,600390.000000,478274.000000,16166,4581713.547500,1439.917000,4583153.464500,10000,10000,0,16425,,,,,,,,,,,,,,,,,,,,9.306700,,1090.837294,NLHQT(n=2),48,21.000000,,,,,,,,,80.000000,,,26425,0.378430,47.827400,60.039000,1078664.000000,107.866400,0.608828,9167.270000,,,,,,,,,,,,,
10000,96,clustered,clustered,scenario_label=clustered,0.000000,True,True,formal_extended_baseline_screen,3761635906,4231446583,25055172.500000,1701542.000000,2681070.000000,17453,12532878.416750,4743.619000,12537622.035750,10000,10000,0,18695,,,,,,,,,,,,,,,,,,,,39.553500,,399.119184,NLHQT(n=2),48,20.000000,,,,,,,,,,8.000000,64.000000,28695,0.348493,268.107000,170.154200,4382612.000000,438.261200,0.534902,25055.172500,,,,,,,,,,,,,
10000,96,random,random,scenario_label=random,0.000000,True,True,formal_extended_baseline_screen,675927661,3996971155,18510780.000000,658832.000000,2091472.000000,17289,9253667.303250,2363.400000,9256030.703250,10000,10000,0,18304,,,,,,,,,,,,,,,,,,,,9.573600,,540.225750,NLHQT(n=2),49,21.000000,,,,,,,,,,,,28304,0.353307,209.147200,65.883200,2750304.000000,275.030400,0.546329,18510.780000,,,,,,,,,,,,,
10000,96,prefixed,prefixed,scenario_label=prefixed,0.000000,True,True,formal_extended_baseline_screen,2044777110,1694442716,13262797.500000,655880.000000,1131410.000000,17208,6625288.530750,1877.465000,6627165.995750,10000,10000,0,18188,,,,,,,,,,,,,,,,,,,,9.570500,,753.988742,NLHQT(n=2),49,21.000000,,,,,,,,,48.000000,,,28188,0.354761,113.141000,65.588000,1787290.000000,178.729000,0.549813,13262.797500,,,,,,,,,,,,,
10000,96,prefix80,prefixed,scenario_label=prefix80,0.000000,True,True,formal_extended_baseline_screen,2799794232,3852926552,9170175.000000,600538.000000,478304.000000,16170,4590556.095750,1440.228000,4591996.323750,10000,10000,0,16411,,,,,,,,,,,,,,,,,,,,9.305700,,1090.491730,NLHQT(n=2),49,21.000000,,,,,,,,,80.000000,,,26411,0.378630,47.830400,60.053800,1078842.000000,107.884200,0.609347,9170.175000,,,,,,,,,,,,,
10000,96,clustered,clustered,scenario_label=clustered,0.000000,True,True,formal_extended_baseline_screen,2841386880,1129704753,25239530.000000,1716784.000000,2701160.000000,17429,12671709.301750,4784.148000,12676493.449750,10000,10000,0,18647,,,,,,,,,,,,,,,,,,,,40.058000,,396.203891,NLHQT(n=2),49,20.000000,,,,,,,,,,8.000000,64.000000,28647,0.349077,270.116000,171.678400,4417944.000000,441.794400,0.536279,25239.530000,,,,,,,,,,,,,
10000,96,random,random,scenario_label=random,0.000000,True,True,formal_extended_baseline_screen,3623283272,2501884362,11238790.000000,331022.000000,1322451.000000,13769,5652158.036375,1323.269500,5653481.305875,10000,10000,0,1885,944.000000,942.000000,257.000000,65811.000000,10941.000000,21397.000000,21397.000000,10941.000000,941.000000,10000.000000,0.000000,0.000000,0.000000,0.000000,0.000000,0.000000,8.000000,10000.000000,0.000000,4.279800,0.000000,889.775501,SGCT,0,257.000000,,,,,,,,,,,,11885,0.841397,132.245100,33.102200,1653473.000000,165.347300,5.305040,11238.790000,942.000000,10941.000000,65811.000000,21397.000000,941.000000,10000.000000,8.000000,,,,,,
10000,96,prefixed,prefixed,scenario_label=prefixed,0.000000,True,True,formal_extended_baseline_screen,116656660,4109090212,9449691.250000,427064.000000,843759.000000,13877,4741444.251625,1276.007500,4742720.259125,10000,10000,0,1939,971.000000,969.000000,257.000000,66216.000000,10968.000000,21469.000000,21469.000000,10968.000000,968.000000,10000.000000,0.000000,0.000000,0.000000,0.000000,0.000000,0.000000,8.000000,10000.000000,0.000000,4.294200,0.000000,1058.235633,SGCT,0,257.000000,,,,,,,,,48.000000,,,11939,0.837591,84.375900,42.706400,1270823.000000,127.082300,5.157298,9449.691250,969.000000,10968.000000,66216.000000,21469.000000,968.000000,10000.000000,8.000000,,,,,,
10000,96,prefix80,prefixed,scenario_label=prefix80,0.000000,True,True,formal_extended_baseline_screen,1741802094,3792119631,5490737.500000,293225.000000,420000.000000,11027,2776833.886750,796.450000,2777630.336750,10000,10000,0,513,257.000000,257.000000,257.000000,55536.000000,10256.000000,20000.000000,20000.000000,10256.000000,256.000000,10000.000000,0.000000,0.000000,0.000000,0.000000,0.000000,0.000000,8.000000,10000.000000,0.000000,4.000000,0.000000,1821.248967,SGCT,0,256.000000,,,,,,,,,80.000000,,,10513,0.951203,42.000000,29.322500,713225.000000,71.322500,19.493177,5490.737500,257.000000,10256.000000,55536.000000,20000.000000,256.000000,10000.000000,8.000000,,,,,,
10000,96,clustered,clustered,scenario_label=clustered,0.000000,True,True,formal_extended_baseline_screen,2095316255,528921191,9988045.000000,535609.000000,990390.000000,15357,4982599.254125,1566.413000,4984165.667125,10000,10000,0,2679,1341.000000,1337.000000,129.000000,41018.000000,11334.000000,32520.000000,32520.000000,11334.000000,1338.000000,9996.000000,2.000000,0.000000,0.000000,0.000000,0.000000,0.000000,8.000000,10000.000000,0.000000,6.505200,0.000000,1001.196931,SGCT,0,36.000000,,,,,,,,,,8.000000,64.000000,12679,0.788706,99.039000,53.560900,1525999.000000,152.599900,3.732736,9988.045000,1337.000000,11334.000000,41018.000000,32520.000000,1338.000000,9996.000000,8.000000,,,,,,
10000,96,random,random,scenario_label=random,0.000000,True,True,formal_extended_baseline_screen,3864099846,912700962,11240393.750000,331114.000000,1322707.000000,13772,5635352.991500,1323.581500,5636676.573000,10000,10000,0,1888,947.000000,942.000000,257.000000,65811.000000,10941.000000,21404.000000,21404.000000,10941.000000,941.000000,10000.000000,0.000000,0.000000,0.000000,0.000000,0.000000,0.000000,8.000000,10000.000000,0.000000,4.281800,0.000000,889.648550,SGCT,1,257.000000,,,,,,,,,,,,11888,0.841184,132.270700,33.111400,1653821.000000,165.382100,5.296610,11240.393750,942.000000,10941.000000,65811.000000,21404.000000,941.000000,10000.000000,8.000000,,,,,,
10000,96,prefixed,prefixed,scenario_label=prefixed,0.000000,True,True,formal_extended_baseline_screen,889203247,3487219230,9417805.000000,424962.000000,843216.000000,13831,4716399.031000,1271.532000,4717670.563000,10000,10000,0,1917,961.000000,957.000000,257.000000,66036.000000,10956.000000,21445.000000,21445.000000,10956.000000,956.000000,10000.000000,0.000000,0.000000,0.000000,0.000000,0.000000,0.000000,8.000000,10000.000000,0.000000,4.289800,0.000000,1061.818545,SGCT,1,258.000000,,,,,,,,,48.000000,,,11917,0.839137,84.321600,42.496200,1268178.000000,126.817800,5.216484,9417.805000,957.000000,10956.000000,66036.000000,21445.000000,956.000000,10000.000000,8.000000,,,,,,
10000,96,prefix80,prefixed,scenario_label=prefix80,0.000000,True,True,formal_extended_baseline_screen,2669137359,2814027586,5490737.500000,293225.000000,420000.000000,11027,2773627.264500,796.450000,2774423.714500,10000,10000,0,513,257.000000,257.000000,257.000000,55536.000000,10256.000000,20000.000000,20000.000000,10256.000000,256.000000,10000.000000,0.000000,0.000000,0.000000,0.000000,0.000000,0.000000,8.000000,10000.000000,0.000000,4.000000,0.000000,1821.248967,SGCT,1,256.000000,,,,,,,,,80.000000,,,10513,0.951203,42.000000,29.322500,713225.000000,71.322500,19.493177,5490.737500,257.000000,10256.000000,55536.000000,20000.000000,256.000000,10000.000000,8.000000,,,,,,
10000,96,clustered,clustered,scenario_label=clustered,0.000000,True,True,formal_extended_baseline_screen,1179273823,4211550800,10230406.250000,552698.000000,992919.000000,15646,5149804.533125,1601.855500,5151406.388625,10000,10000,0,2824,1414.000000,1411.000000,129.000000,42126.000000,11410.000000,32672.000000,32672.000000,11410.000000,1410.000000,10000.000000,0.000000,0.000000,0.000000,0.000000,0.000000,0.000000,8.000000,10000.000000,0.000000,6.535000,0.000000,977.478289,SGCT,1,37.000000,,,,,,,,,,8.000000,64.000000,12824,0.779788,99.291900,55.269800,1545617.000000,154.561700,3.541076,10230.406250,1411.000000,11410.000000,42126.000000,32672.000000,1410.000000,10000.000000,8.000000,,,,,,
10000,96,random,random,scenario_label=random,0.000000,True,True,formal_extended_baseline_screen,813036364,3584647037,11246802.500000,331556.000000,1322892.000000,13789,5628152.459000,1324.558000,5629477.017000,10000,10000,0,1895,949.000000,947.000000,257.000000,65886.000000,10946.000000,21422.000000,21422.000000,10946.000000,946.000000,10000.000000,0.000000,0.000000,0.000000,0.000000,0.000000,0.000000,8.000000,10000.000000,0.000000,4.284800,0.000000,889.141603,SGCT,2,258.000000,,,,,,,,,,,,11895,0.840689,132.289200,33.155600,1654448.000000,165.444800,5.277045,11246.802500,947.000000,10946.000000,65886.000000,21422.000000,946.000000,10000.000000,8.000000,,,,,,
10000,96,prefixed,prefixed,scenario_label=prefixed,0.000000,True,True,formal_extended_baseline_screen,1822834370,3635567691,9286125.000000,415648.000000,841668.000000,13660,4638741.418875,1252.130000,4639993.548875,10000,10000,0,1830,916.000000,915.000000,257.000000,65406.000000,10914.000000,21347.000000,21347.000000,10914.000000,914.000000,10000.000000,0.000000,0.000000,0.000000,0.000000,0.000000,0.000000,8.000000,10000.000000,0.000000,4.269600,0.000000,1076.875446,SGCT,2,258.000000,,,,,,,,,48.000000,,,11830,0.845309,84.166800,41.564800,1257316.000000,125.731600,5.464481,9286.125000,915.000000,10914.000000,65406.000000,21347.000000,914.000000,10000.000000,8.000000,,,,,,
10000,96,prefix80,prefixed,scenario_label=prefix80,0.000000,True,True,formal_extended_baseline_screen,2479815273,597652162,5490737.500000,293225.000000,420000.000000,11027,2773692.260000,796.450000,2774488.710000,10000,10000,0,513,257.000000,257.000000,257.000000,55536.000000,10256.000000,20000.000000,20000.000000,10256.000000,256.000000,10000.000000,0.000000,0.000000,0.000000,0.000000,0.000000,0.000000,8.000000,10000.000000,0.000000,4.000000,0.000000,1821.248967,SGCT,2,256.000000,,,,,,,,,80.000000,,,10513,0.951203,42.000000,29.322500,713225.000000,71.322500,19.493177,5490.737500,257.000000,10256.000000,55536.000000,20000.000000,256.000000,10000.000000,8.000000,,,,,,
10000,96,clustered,clustered,scenario_label=clustered,0.000000,True,True,formal_extended_baseline_screen,2073761602,3156932131,10072883.750000,541523.000000,991469.000000,15455,5089661.711375,1578.780500,5091240.491875,10000,10000,0,2729,1367.000000,1363.000000,129.000000,41406.000000,11362.000000,32576.000000,32576.000000,11362.000000,1362.000000,10000.000000,0.000000,0.000000,0.000000,0.000000,0.000000,0.000000,8.000000,10000.000000,0.000000,6.516000,0.000000,992.764361,SGCT,2,32.000000,,,,,,,,,,8.000000,64.000000,12729,0.785608,99.146900,54.152300,1532992.000000,153.299200,3.664346,10072.883750,1363.000000,11362.000000,41406.000000,32576.000000,1362.000000,10000.000000,8.000000,,,,,,
10000,96,random,random,scenario_label=random,0.000000,True,True,formal_extended_baseline_screen,57753915,326469589,11216821.250000,329696.000000,1322246.000000,13722,5647397.941250,1320.515000,5648718.456250,10000,10000,0,1862,933.000000,930.000000,257.000000,65631.000000,10929.000000,21385.000000,21385.000000,10929.000000,929.000000,10000.000000,0.000000,0.000000,0.000000,0.000000,0.000000,0.000000,8.000000,10000.000000,0.000000,4.277600,0.000000,891.518174,SGCT,3,258.000000,,,,,,,,,,,,11862,0.843028,132.224600,32.969600,1651942.000000,165.194200,5.370569,11216.821250,930.000000,10929.000000,65631.000000,21385.000000,929.000000,10000.000000,8.000000,,,,,,
10000,96,prefixed,prefixed,scenario_label=prefixed,0.000000,True,True,formal_extended_baseline_screen,2219440691,2964721071,9404243.750000,423940.000000,842996.000000,13812,4750068.600625,1269.378000,4751337.978625,10000,10000,0,1908,957.000000,952.000000,257.000000,65961.000000,10951.000000,21425.000000,21425.000000,10951.000000,951.000000,10000.000000,0.000000,0.000000,0.000000,0.000000,0.000000,0.000000,8.000000,10000.000000,0.000000,4.286000,0.000000,1063.349724,SGCT,3,259.000000,,,,,,,,,48.000000,,,11908,0.839772,84.299600,42.394000,1266936.000000,126.693600,5.241090,9404.243750,952.000000,10951.000000,65961.000000,21425.000000,951.000000,10000.000000,8.000000,,,,,,
10000,96,prefix80,prefixed,scenario_label=prefix80,0.000000,True,True,formal_extended_baseline_screen,1286928148,1243840116,5490737.500000,293225.000000,420000.000000,11027,2769962.477250,796.450000,2770758.927250,10000,10000,0,513,257.000000,257.000000,257.000000,55536.000000,10256.000000,20000.000000,20000.000000,10256.000000,256.000000,10000.000000,0.000000,0.000000,0.000000,0.000000,0.000000,0.000000,8.000000,10000.000000,0.000000,4.000000,0.000000,1821.248967,SGCT,3,256.000000,,,,,,,,,80.000000,,,10513,0.951203,42.000000,29.322500,713225.000000,71.322500,19.493177,5490.737500,257.000000,10256.000000,55536.000000,20000.000000,256.000000,10000.000000,8.000000,,,,,,
10000,96,clustered,clustered,scenario_label=clustered,0.000000,True,True,formal_extended_baseline_screen,787561323,3871871975,10163118.750000,547926.000000,1054732.000000,15567,5105271.332250,1623.218000,5106894.550250,10000,10000,0,2785,1395.000000,1390.000000,129.000000,41812.000000,11388.000000,35127.000000,35127.000000,11388.000000,1390.000000,9998.000000,1.000000,0.000000,0.000000,0.000000,0.000000,0.000000,8.000000,10000.000000,0.000000,7.026600,0.000000,983.949932,SGCT,3,35.000000,,,,,,,,,,8.000000,64.000000,12785,0.782167,105.473200,54.792600,1602658.000000,160.265800,3.590664,10163.118750,1390.000000,11388.000000,41812.000000,35127.000000,1390.000000,9998.000000,8.000000,,,,,,
10000,96,random,random,scenario_label=random,0.000000,True,True,formal_extended_baseline_screen,3819630184,3534597161,11300167.500000,334876.000000,1323557.000000,13905,5687850.621750,1331.530500,5689182.152250,10000,10000,0,1953,978.000000,976.000000,257.000000,66321.000000,10975.000000,21465.000000,21465.000000,10975.000000,975.000000,10000.000000,0.000000,0.000000,0.000000,0.000000,0.000000,0.000000,8.000000,10000.000000,0.000000,4.293400,0.000000,884.942635,SGCT,4,259.000000,,,,,,,,,,,,11953,0.836610,132.355700,33.487600,1658433.000000,165.843300,5.120328,11300.167500,976.000000,10975.000000,66321.000000,21465.000000,975.000000,10000.000000,8.000000,,,,,,
10000,96,prefixed,prefixed,scenario_label=prefixed,0.000000,True,True,formal_extended_baseline_screen,889858016,2870772211,9411753.750000,424522.000000,843193.000000,13823,4713946.892750,1270.640500,4715217.533250,10000,10000,0,1913,959.000000,955.000000,257.000000,66006.000000,10954.000000,21441.000000,21441.000000,10954.000000,954.000000,10000.000000,0.000000,0.000000,0.000000,0.000000,0.000000,0.000000,8.000000,10000.000000,0.000000,4.289000,0.000000,1062.501237,SGCT,4,257.000000,,,,,,,,,48.000000,,,11913,0.839419,84.319300,42.452200,1267715.000000,126.771500,5.227392,9411.753750,955.000000,10954.000000,66006.000000,21441.000000,954.000000,10000.000000,8.000000,,,,,,
10000,96,prefix80,prefixed,scenario_label=prefix80,0.000000,True,True,formal_extended_baseline_screen,2696116183,2108551122,5490737.500000,293225.000000,420000.000000,11027,2770947.532000,796.450000,2771743.982000,10000,10000,0,513,257.000000,257.000000,257.000000,55536.000000,10256.000000,20000.000000,20000.000000,10256.000000,256.000000,10000.000000,0.000000,0.000000,0.000000,0.000000,0.000000,0.000000,8.000000,10000.000000,0.000000,4.000000,0.000000,1821.248967,SGCT,4,256.000000,,,,,,,,,80.000000,,,10513,0.951203,42.000000,29.322500,713225.000000,71.322500,19.493177,5490.737500,257.000000,10256.000000,55536.000000,20000.000000,256.000000,10000.000000,8.000000,,,,,,
10000,96,clustered,clustered,scenario_label=clustered,0.000000,True,True,formal_extended_baseline_screen,688500632,3937957854,10220895.000000,552121.000000,992974.000000,15635,5060148.118750,1600.729000,5061748.847750,10000,10000,0,2819,1412.000000,1407.000000,129.000000,42067.000000,11405.000000,32677.000000,32677.000000,11405.000000,1407.000000,9998.000000,1.000000,0.000000,0.000000,0.000000,0.000000,0.000000,8.000000,10000.000000,0.000000,6.536600,0.000000,978.387900,SGCT,4,33.000000,,,,,,,,,,8.000000,64.000000,12819,0.780092,99.297400,55.212100,1545095.000000,154.509500,3.547357,10220.895000,1407.000000,11405.000000,42067.000000,32677.000000,1407.000000,9998.000000,8.000000,,,,,,
10000,96,random,random,scenario_label=random,0.000000,True,True,formal_extended_baseline_screen,2608777085,3485282471,11220141.250000,329754.000000,1322252.000000,13730,5632346.316125,1320.634000,5633666.950125,10000,10000,0,1866,935.000000,932.000000,257.000000,65661.000000,10931.000000,21375.000000,21375.000000,10931.000000,931.000000,10000.000000,0.000000,0.000000,0.000000,0.000000,0.000000,0.000000,8.000000,10000.000000,0.000000,4.275600,0.000000,891.254377,SGCT,5,262.000000,,,,,,,,,,,,11866,0.842744,132.225200,32.975400,1652006.000000,165.200600,5.359057,11220.141250,932.000000,10931.000000,65661.000000,21375.000000,931.000000,10000.000000,8.000000,,,,,,
10000,96,prefixed,prefixed,scenario_label=prefixed,0.000000,True,True,formal_extended_baseline_screen,3513520067,2913874979,9346811.250000,419861.000000,842393.000000,13738,4689591.867000,1260.918500,4690852.785500,10000,10000,0,1870,937.000000,934.000000,257.000000,65691.000000,10933.000000,21385.000000,21385.000000,10933.000000,933.000000,10000.000000,0.000000,0.000000,0.000000,0.000000,0.000000,0.000000,8.000000,10000.000000,0.000000,4.277600,0.000000,1069.883593,SGCT,5,260.000000,,,,,,,,,48.000000,,,11870,0.842460,84.239300,41.986100,1262254.000000,126.225400,5.347594,9346.811250,934.000000,10933.000000,65691.000000,21385.000000,933.000000,10000.000000,8.000000,,,,,,
10000,96,prefix80,prefixed,scenario_label=prefix80,0.000000,True,True,formal_extended_baseline_screen,1840913042,1677103059,5490737.500000,293225.000000,420000.000000,11027,2772426.446000,796.450000,2773222.896000,10000,10000,0,513,257.000000,257.000000,257.000000,55536.000000,10256.000000,20000.000000,20000.000000,10256.000000,256.000000,10000.000000,0.000000,0.000000,0.000000,0.000000,0.000000,0.000000,8.000000,10000.000000,0.000000,4.000000,0.000000,1821.248967,SGCT,5,256.000000,,,,,,,,,80.000000,,,10513,0.951203,42.000000,29.322500,713225.000000,71.322500,19.493177,5490.737500,257.000000,10256.000000,55536.000000,20000.000000,256.000000,10000.000000,8.000000,,,,,,
10000,96,clustered,clustered,scenario_label=clustered,0.000000,True,True,formal_extended_baseline_screen,3399855602,825029817,10166227.500000,548204.000000,992464.000000,15572,5175494.343625,1592.640000,5177086.983625,10000,10000,0,2788,1397.000000,1389.000000,129.000000,41799.000000,11385.000000,32637.000000,32637.000000,11385.000000,1391.000000,9994.000000,3.000000,0.000000,0.000000,0.000000,0.000000,0.000000,8.000000,10000.000000,0.000000,6.529600,0.000000,983.649048,SGCT,5,36.000000,,,,,,,,,,8.000000,64.000000,12788,0.781983,99.246400,54.820400,1540668.000000,154.066800,3.586801,10166.227500,1389.000000,11385.000000,41799.000000,32637.000000,1391.000000,9994.000000,8.000000,,,,,,
10000,96,random,random,scenario_label=random,0.000000,True,True,formal_extended_baseline_screen,1011355210,37650201,11253780.000000,331929.000000,1322994.000000,13805,5656114.961375,1325.355000,5657440.316375,10000,10000,0,1903,953.000000,951.000000,257.000000,65946.000000,10950.000000,21424.000000,21424.000000,10950.000000,950.000000,10000.000000,0.000000,0.000000,0.000000,0.000000,0.000000,0.000000,8.000000,10000.000000,0.000000,4.285200,0.000000,888.590323,SGCT,6,257.000000,,,,,,,,,,,,11903,0.840124,132.299400,33.192900,1654923.000000,165.492300,5.254861,11253.780000,951.000000,10950.000000,65946.000000,21424.000000,950.000000,10000.000000,8.000000,,,,,,
10000,96,prefixed,prefixed,scenario_label=prefixed,0.000000,True,True,formal_extended_baseline_screen,4182455193,3360529562,9425447.500000,425397.000000,843149.000000,13844,4740775.115750,1272.368500,4742047.484250,10000,10000,0,1922,962.000000,961.000000,257.000000,66096.000000,10960.000000,21441.000000,21441.000000,10960.000000,960.000000,10000.000000,0.000000,0.000000,0.000000,0.000000,0.000000,0.000000,8.000000,10000.000000,0.000000,4.288400,0.000000,1060.957583,SGCT,6,258.000000,,,,,,,,,48.000000,,,11922,0.838785,84.314900,42.539700,1268546.000000,126.854600,5.202914,9425.447500,961.000000,10960.000000,66096.000000,21441.000000,960.000000,10000.000000,8.000000,,,,,,
10000,96,prefix80,prefixed,scenario_label=prefix80,0.000000,True,True,formal_extended_baseline_screen,234351616,589221233,5490737.500000,293225.000000,420000.000000,11027,2776932.445500,796.450000,2777728.895500,10000,10000,0,513,257.000000,257.000000,257.000000,55536.000000,10256.000000,20000.000000,20000.000000,10256.000000,256.000000,10000.000000,0.000000,0.000000,0.000000,0.000000,0.000000,0.000000,8.000000,10000.000000,0.000000,4.000000,0.000000,1821.248967,SGCT,6,256.000000,,,,,,,,,80.000000,,,10513,0.951203,42.000000,29.322500,713225.000000,71.322500,19.493177,5490.737500,257.000000,10256.000000,55536.000000,20000.000000,256.000000,10000.000000,8.000000,,,,,,
10000,96,clustered,clustered,scenario_label=clustered,0.000000,True,True,formal_extended_baseline_screen,1672192143,3779158558,10220157.500000,552147.000000,993386.000000,15635,5108755.786750,1600.987000,5110356.773750,10000,10000,0,2819,1412.000000,1407.000000,129.000000,42067.000000,11405.000000,32700.000000,32700.000000,11405.000000,1407.000000,9998.000000,1.000000,0.000000,0.000000,0.000000,0.000000,0.000000,8.000000,10000.000000,0.000000,6.541200,0.000000,978.458502,SGCT,6,32.000000,,,,,,,,,,8.000000,64.000000,12819,0.780092,99.338600,55.214700,1545533.000000,154.553300,3.547357,10220.157500,1407.000000,11405.000000,42067.000000,32700.000000,1407.000000,9998.000000,8.000000,,,,,,
10000,96,random,random,scenario_label=random,0.000000,True,True,formal_extended_baseline_screen,2772753435,597550849,11313270.000000,335760.000000,1323981.000000,13934,5666252.351000,1333.510500,5667585.861500,10000,10000,0,1968,986.000000,983.000000,257.000000,66426.000000,10982.000000,21491.000000,21491.000000,10982.000000,982.000000,10000.000000,0.000000,0.000000,0.000000,0.000000,0.000000,0.000000,8.000000,10000.000000,0.000000,4.298800,0.000000,883.917736,SGCT,7,256.000000,,,,,,,,,,,,11968,0.835561,132.398100,33.576000,1659741.000000,165.974100,5.081301,11313.270000,983.000000,10982.000000,66426.000000,21491.000000,982.000000,10000.000000,8.000000,,,,,,
10000,96,prefixed,prefixed,scenario_label=prefixed,0.000000,True,True,formal_extended_baseline_screen,1416235163,3701067242,9337773.750000,419393.000000,841941.000000,13725,4678571.411625,1259.756500,4679831.168125,10000,10000,0,1863,933.000000,931.000000,257.000000,65646.000000,10930.000000,21378.000000,21378.000000,10930.000000,930.000000,10000.000000,0.000000,0.000000,0.000000,0.000000,0.000000,0.000000,8.000000,10000.000000,0.000000,4.276000,0.000000,1070.919072,SGCT,7,258.000000,,,,,,,,,48.000000,,,11863,0.842957,84.194100,41.939300,1261334.000000,126.133400,5.367687,9337.773750,931.000000,10930.000000,65646.000000,21378.000000,930.000000,10000.000000,8.000000,,,,,,
10000,96,prefix80,prefixed,scenario_label=prefix80,0.000000,True,True,formal_extended_baseline_screen,2635025427,3815485971,5490737.500000,293225.000000,420000.000000,11027,2776637.302000,796.450000,2777433.752000,10000,10000,0,513,257.000000,257.000000,257.000000,55536.000000,10256.000000,20000.000000,20000.000000,10256.000000,256.000000,10000.000000,0.000000,0.000000,0.000000,0.000000,0.000000,0.000000,8.000000,10000.000000,0.000000,4.000000,0.000000,1821.248967,SGCT,7,256.000000,,,,,,,,,80.000000,,,10513,0.951203,42.000000,29.322500,713225.000000,71.322500,19.493177,5490.737500,257.000000,10256.000000,55536.000000,20000.000000,256.000000,10000.000000,8.000000,,,,,,
10000,96,clustered,clustered,scenario_label=clustered,0.000000,True,True,formal_extended_baseline_screen,1710578268,507682261,10281912.500000,556488.000000,993685.000000,15705,5135761.543875,1609.818500,5137371.362375,10000,10000,0,2855,1431.000000,1425.000000,129.000000,42336.000000,11424.000000,32724.000000,32724.000000,11424.000000,1424.000000,10000.000000,0.000000,0.000000,0.000000,0.000000,0.000000,0.000000,8.000000,10000.000000,0.000000,6.546000,0.000000,972.581706,SGCT,7,34.000000,,,,,,,,,,8.000000,64.000000,12855,0.777907,99.368500,55.648800,1550173.000000,155.017300,3.502627,10281.912500,1425.000000,11424.000000,42336.000000,32724.000000,1424.000000,10000.000000,8.000000,,,,,,
10000,96,random,random,scenario_label=random,0.000000,True,True,formal_extended_baseline_screen,3926250230,1319160723,11203186.250000,328776.000000,1321756.000000,13692,5622344.452000,1318.430000,5623662.882000,10000,10000,0,1846,924.000000,923.000000,257.000000,65526.000000,10922.000000,21357.000000,21357.000000,10922.000000,922.000000,10000.000000,0.000000,0.000000,0.000000,0.000000,0.000000,0.000000,8.000000,10000.000000,0.000000,4.271600,0.000000,892.603209,SGCT,8,257.000000,,,,,,,,,,,,11846,0.844167,132.175600,32.877600,1650532.000000,165.053200,5.417118,11203.186250,923.000000,10922.000000,65526.000000,21357.000000,922.000000,10000.000000,8.000000,,,,,,
10000,96,prefixed,prefixed,scenario_label=prefixed,0.000000,True,True,formal_extended_baseline_screen,834749396,3397812465,9357555.000000,420674.000000,842427.000000,13751,4712598.426500,1262.561500,4713860.988000,10000,10000,0,1877,941.000000,937.000000,257.000000,65736.000000,10936.000000,21392.000000,21392.000000,10936.000000,936.000000,10000.000000,0.000000,0.000000,0.000000,0.000000,0.000000,0.000000,8.000000,10000.000000,0.000000,4.279200,0.000000,1068.655220,SGCT,8,259.000000,,,,,,,,,48.000000,,,11877,0.841963,84.242700,42.067400,1263101.000000,126.310100,5.327651,9357.555000,937.000000,10936.000000,65736.000000,21392.000000,936.000000,10000.000000,8.000000,,,,,,
10000,96,prefix80,prefixed,scenario_label=prefix80,0.000000,True,True,formal_extended_baseline_screen,3619142060,2919207842,5490737.500000,293225.000000,420000.000000,11027,2768339.720750,796.450000,2769136.170750,10000,10000,0,513,257.000000,257.000000,257.000000,55536.000000,10256.000000,20000.000000,20000.000000,10256.000000,256.000000,10000.000000,0.000000,0.000000,0.000000,0.000000,0.000000,0.000000,8.000000,10000.000000,0.000000,4.000000,0.000000,1821.248967,SGCT,8,256.000000,,,,,,,,,80.000000,,,10513,0.951203,42.000000,29.322500,713225.000000,71.322500,19.493177,5490.737500,257.000000,10256.000000,55536.000000,20000.000000,256.000000,10000.000000,8.000000,,,,,,
10000,96,clustered,clustered,scenario_label=clustered,0.000000,True,True,formal_extended_baseline_screen,3961209957,3568172335,10147491.250000,546905.000000,992080.000000,15542,5035525.340375,1589.850000,5037115.190375,10000,10000,0,2774,1391.000000,1384.000000,129.000000,41721.000000,11383.000000,32622.000000,32622.000000,11383.000000,1383.000000,10000.000000,0.000000,0.000000,0.000000,0.000000,0.000000,0.000000,8.000000,10000.000000,0.000000,6.525800,0.000000,985.465250,SGCT,8,40.000000,,,,,,,,,,8.000000,64.000000,12774,0.782840,99.208000,54.690500,1538985.000000,153.898500,3.604903,10147.491250,1384.000000,11383.000000,41721.000000,32622.000000,1383.000000,10000.000000,8.000000,,,,,,
10000,96,random,random,scenario_label=random,0.000000,True,True,formal_extended_baseline_screen,58426829,3050744341,11232441.250000,330604.000000,1322435.000000,13757,5620131.709000,1322.425500,5621454.134500,10000,10000,0,1879,941.000000,939.000000,257.000000,65766.000000,10938.000000,21394.000000,21394.000000,10938.000000,938.000000,10000.000000,0.000000,0.000000,0.000000,0.000000,0.000000,0.000000,8.000000,10000.000000,0.000000,4.279200,0.000000,890.278416,SGCT,9,257.000000,,,,,,,,,,,,11879,0.841822,132.243500,33.060400,1653039.000000,165.303900,5.321980,11232.441250,939.000000,10938.000000,65766.000000,21394.000000,938.000000,10000.000000,8.000000,,,,,,
10000,96,prefixed,prefixed,scenario_label=prefixed,0.000000,True,True,formal_extended_baseline_screen,1183400892,248980515,9282025.000000,415399.000000,841546.000000,13653,4693379.905000,1251.571000,4694631.476000,10000,10000,0,1827,915.000000,913.000000,257.000000,65376.000000,10912.000000,21342.000000,21342.000000,10912.000000,912.000000,10000.000000,0.000000,0.000000,0.000000,0.000000,0.000000,0.000000,8.000000,10000.000000,0.000000,4.268800,0.000000,1077.351117,SGCT,9,261.000000,,,,,,,,,48.000000,,,11827,0.845523,84.154600,41.539900,1256945.000000,125.694500,5.473454,9282.025000,913.000000,10912.000000,65376.000000,21342.000000,912.000000,10000.000000,8.000000,,,,,,
10000,96,prefix80,prefixed,scenario_label=prefix80,0.000000,True,True,formal_extended_baseline_screen,3771146367,198444807,5490737.500000,293225.000000,420000.000000,11027,2774627.769000,796.450000,2775424.219000,10000,10000,0,513,257.000000,257.000000,257.000000,55536.000000,10256.000000,20000.000000,20000.000000,10256.000000,256.000000,10000.000000,0.000000,0.000000,0.000000,0.000000,0.000000,0.000000,8.000000,10000.000000,0.000000,4.000000,0.000000,1821.248967,SGCT,9,256.000000,,,,,,,,,80.000000,,,10513,0.951203,42.000000,29.322500,713225.000000,71.322500,19.493177,5490.737500,257.000000,10256.000000,55536.000000,20000.000000,256.000000,10000.000000,8.000000,,,,,,
10000,96,clustered,clustered,scenario_label=clustered,0.000000,True,True,formal_extended_baseline_screen,346261855,575674565,10177617.500000,549004.000000,1055019.000000,15587,5145538.558375,1625.517500,5147164.075875,10000,10000,0,2795,1400.000000,1394.000000,129.000000,41873.000000,11391.000000,35146.000000,35146.000000,11391.000000,1395.000000,9996.000000,2.000000,0.000000,0.000000,0.000000,0.000000,0.000000,8.000000,10000.000000,0.000000,7.030800,0.000000,982.548224,SGCT,9,34.000000,,,,,,,,,,8.000000,64.000000,12795,0.781555,105.501900,54.900400,1604023.000000,160.402300,3.577818,10177.617500,1394.000000,11391.000000,41873.000000,35146.000000,1395.000000,9996.000000,8.000000,,,,,,
10000,96,random,random,scenario_label=random,0.000000,True,True,formal_extended_baseline_screen,1020324588,2546133255,11245512.500000,331401.000000,1322928.000000,13786,5663860.843500,1324.266000,5665185.109500,10000,10000,0,1894,949.000000,946.000000,257.000000,65871.000000,10945.000000,21416.000000,21416.000000,10945.000000,945.000000,10000.000000,0.000000,0.000000,0.000000,0.000000,0.000000,0.000000,8.000000,10000.000000,0.000000,4.283800,0.000000,889.243598,SGCT,10,258.000000,,,,,,,,,,,,11894,0.840760,132.292800,33.140100,1654329.000000,165.432900,5.279831,11245.512500,946.000000,10945.000000,65871.000000,21416.000000,945.000000,10000.000000,8.000000,,,,,,
10000,96,prefixed,prefixed,scenario_label=prefixed,0.000000,True,True,formal_extended_baseline_screen,2061720330,940670196,9431478.750000,425796.000000,843215.000000,13850,4704724.233125,1273.199500,4705997.432625,10000,10000,0,1926,965.000000,962.000000,257.000000,66111.000000,10961.000000,21440.000000,21440.000000,10961.000000,961.000000,10000.000000,0.000000,0.000000,0.000000,0.000000,0.000000,0.000000,8.000000,10000.000000,0.000000,4.288600,0.000000,1060.279121,SGCT,10,258.000000,,,,,,,,,48.000000,,,11926,0.838504,84.321500,42.579600,1269011.000000,126.901100,5.192108,9431.478750,962.000000,10961.000000,66111.000000,21440.000000,961.000000,10000.000000,8.000000,,,,,,
10000,96,prefix80,prefixed,scenario_label=prefix80,0.000000,True,True,formal_extended_baseline_screen,1420417677,4001310971,5490737.500000,293225.000000,420000.000000,11027,2773606.487250,796.450000,2774402.937250,10000,10000,0,513,257.000000,257.000000,257.000000,55536.000000,10256.000000,20000.000000,20000.000000,10256.000000,256.000000,10000.000000,0.000000,0.000000,0.000000,0.000000,0.000000,0.000000,8.000000,10000.000000,0.000000,4.000000,0.000000,1821.248967,SGCT,10,256.000000,,,,,,,,,80.000000,,,10513,0.951203,42.000000,29.322500,713225.000000,71.322500,19.493177,5490.737500,257.000000,10256.000000,55536.000000,20000.000000,256.000000,10000.000000,8.000000,,,,,,
10000,96,clustered,clustered,scenario_label=clustered,0.000000,True,True,formal_extended_baseline_screen,4285535701,2479908845,10177152.500000,548943.000000,992596.000000,15583,5086988.238500,1594.184000,5088582.422500,10000,10000,0,2793,1399.000000,1394.000000,129.000000,41872.000000,11392.000000,32646.000000,32646.000000,11392.000000,1394.000000,9998.000000,1.000000,0.000000,0.000000,0.000000,0.000000,0.000000,8.000000,10000.000000,0.000000,6.530400,0.000000,982.593117,SGCT,10,35.000000,,,,,,,,,,8.000000,64.000000,12793,0.781677,99.259600,54.894300,1541539.000000,154.153900,3.580380,10177.152500,1394.000000,11392.000000,41872.000000,32646.000000,1394.000000,9998.000000,8.000000,,,,,,
10000,96,random,random,scenario_label=random,0.000000,True,True,formal_extended_baseline_screen,596195424,716317773,11220773.750000,329814.000000,1322386.000000,13731,5641213.671750,1320.821000,5642534.492750,10000,10000,0,1867,936.000000,932.000000,257.000000,65661.000000,10931.000000,21381.000000,21381.000000,10931.000000,931.000000,10000.000000,0.000000,0.000000,0.000000,0.000000,0.000000,0.000000,8.000000,10000.000000,0.000000,4.277000,0.000000,891.204138,SGCT,11,259.000000,,,,,,,,,,,,11867,0.842673,132.238600,32.981400,1652200.000000,165.220000,5.356186,11220.773750,932.000000,10931.000000,65661.000000,21381.000000,931.000000,10000.000000,8.000000,,,,,,
10000,96,prefixed,prefixed,scenario_label=prefixed,0.000000,True,True,formal_extended_baseline_screen,2528955344,1516424952,9399715.000000,423632.000000,842958.000000,13809,4711157.772250,1268.743000,4712426.515250,10000,10000,0,1905,954.000000,952.000000,257.000000,65961.000000,10951.000000,21428.000000,21428.000000,10951.000000,951.000000,10000.000000,0.000000,0.000000,0.000000,0.000000,0.000000,0.000000,8.000000,10000.000000,0.000000,4.286000,0.000000,1063.862043,SGCT,11,258.000000,,,,,,,,,48.000000,,,11905,0.839983,84.295800,42.363200,1266590.000000,126.659000,5.249344,9399.715000,952.000000,10951.000000,65961.000000,21428.000000,951.000000,10000.000000,8.000000,,,,,,
10000,96,prefix80,prefixed,scenario_label=prefix80,0.000000,True,True,formal_extended_baseline_screen,4029019098,4266614446,5490737.500000,293225.000000,420000.000000,11027,2776806.716500,796.450000,2777603.166500,10000,10000,0,513,257.000000,257.000000,257.000000,55536.000000,10256.000000,20000.000000,20000.000000,10256.000000,256.000000,10000.000000,0.000000,0.000000,0.000000,0.000000,0.000000,0.000000,8.000000,10000.000000,0.000000,4.000000,0.000000,1821.248967,SGCT,11,256.000000,,,,,,,,,80.000000,,,10513,0.951203,42.000000,29.322500,713225.000000,71.322500,19.493177,5490.737500,257.000000,10256.000000,55536.000000,20000.000000,256.000000,10000.000000,8.000000,,,,,,
10000,96,clustered,clustered,scenario_label=clustered,0.000000,True,True,formal_extended_baseline_screen,2138647285,2051395683,10108620.000000,544030.000000,992347.000000,15502,5007958.522625,1584.233500,5009542.756125,10000,10000,0,2752,1378.000000,1374.000000,129.000000,41572.000000,11372.000000,32617.000000,32617.000000,11372.000000,1374.000000,9998.000000,1.000000,0.000000,0.000000,0.000000,0.000000,0.000000,8.000000,10000.000000,0.000000,6.524400,0.000000,989.254715,SGCT,11,34.000000,,,,,,,,,,8.000000,64.000000,12752,0.784191,99.234700,54.403000,1536377.000000,153.637700,3.633721,10108.620000,1374.000000,11372.000000,41572.000000,32617.000000,1374.000000,9998.000000,8.000000,,,,,,
10000,96,random,random,scenario_label=random,0.000000,True,True,formal_extended_baseline_screen,530428079,4013552300,11313476.250000,335713.000000,1323858.000000,13934,5683055.007250,1333.355000,5684388.362250,10000,10000,0,1968,986.000000,983.000000,257.000000,66426.000000,10982.000000,21481.000000,21481.000000,10982.000000,982.000000,10000.000000,0.000000,0.000000,0.000000,0.000000,0.000000,0.000000,8.000000,10000.000000,0.000000,4.296800,0.000000,883.901621,SGCT,12,259.000000,,,,,,,,,,,,11968,0.835561,132.385800,33.571300,1659571.000000,165.957100,5.081301,11313.476250,983.000000,10982.000000,66426.000000,21481.000000,982.000000,10000.000000,8.000000,,,,,,
10000,96,prefixed,prefixed,scenario_label=prefixed,0.000000,True,True,formal_extended_baseline_screen,3403028343,768573931,9422323.750000,425111.000000,843473.000000,13837,4735077.590875,1271.958500,4736349.549375,10000,10000,0,1921,964.000000,958.000000,257.000000,66051.000000,10957.000000,21441.000000,21441.000000,10957.000000,957.000000,10000.000000,0.000000,0.000000,0.000000,0.000000,0.000000,0.000000,8.000000,10000.000000,0.000000,4.289400,0.000000,1061.309319,SGCT,12,257.000000,,,,,,,,,48.000000,,,11921,0.838856,84.347300,42.511100,1268584.000000,126.858400,5.205622,9422.323750,958.000000,10957.000000,66051.000000,21441.000000,957.000000,10000.000000,8.000000,,,,,,
10000,96,prefix80,prefixed,scenario_label=prefix80,0.000000,True,True,formal_extended_baseline_screen,4132968395,2014269370,5490737.500000,293225.000000,420000.000000,11027,2774868.572000,796.450000,2775665.022000,10000,10000,0,513,257.000000,257.000000,257.000000,55536.000000,10256.000000,20000.000000,20000.000000,10256.000000,256.000000,10000.000000,0.000000,0.000000,0.000000,0.000000,0.000000,0.000000,8.000000,10000.000000,0.000000,4.000000,0.000000,1821.248967,SGCT,12,256.000000,,,,,,,,,80.000000,,,10513,0.951203,42.000000,29.322500,713225.000000,71.322500,19.493177,5490.737500,257.000000,10256.000000,55536.000000,20000.000000,256.000000,10000.000000,8.000000,,,,,,
10000,96,clustered,clustered,scenario_label=clustered,0.000000,True,True,formal_extended_baseline_screen,4135791258,3413183916,10380322.500000,563327.000000,994250.000000,15825,5233136.800250,1623.779000,5234760.579250,10000,10000,0,2915,1461.000000,1453.000000,129.000000,42758.000000,11450.000000,32752.000000,32752.000000,11450.000000,1454.000000,9996.000000,2.000000,0.000000,0.000000,0.000000,0.000000,0.000000,8.000000,10000.000000,0.000000,6.552400,0.000000,963.361206,SGCT,12,36.000000,,,,,,,,,,8.000000,64.000000,12915,0.774293,99.425000,56.332700,1557577.000000,155.757700,3.430532,10380.322500,1453.000000,11450.000000,42758.000000,32752.000000,1454.000000,9996.000000,8.000000,,,,,,
10000,96,random,random,scenario_label=random,0.000000,True,True,formal_extended_baseline_screen,3351110087,1737694337,11158376.250000,325990.000000,1321304.000000,13594,5598315.118375,1312.632000,5599627.750375,10000,10000,0,1798,901.000000,898.000000,257.000000,65151.000000,10897.000000,21323.000000,21323.000000,10897.000000,897.000000,10000.000000,0.000000,0.000000,0.000000,0.000000,0.000000,0.000000,8.000000,10000.000000,0.000000,4.265200,0.000000,896.187741,SGCT,13,259.000000,,,,,,,,,,,,11798,0.847601,132.130400,32.599000,1647294.000000,164.729400,5.561735,11158.376250,898.000000,10897.000000,65151.000000,21323.000000,897.000000,10000.000000,8.000000,,,,,,
10000,96,prefixed,prefixed,scenario_label=prefixed,0.000000,True,True,formal_extended_baseline_screen,3651045357,2003548175,9433752.500000,425913.000000,843383.000000,13856,4718016.916125,1273.517500,4719290.433625,10000,10000,0,1928,965.000000,964.000000,257.000000,66141.000000,10963.000000,21448.000000,21448.000000,10963.000000,963.000000,10000.000000,0.000000,0.000000,0.000000,0.000000,0.000000,0.000000,8.000000,10000.000000,0.000000,4.289800,0.000000,1060.023570,SGCT,13,257.000000,,,,,,,,,48.000000,,,11928,0.838364,84.338300,42.591300,1269296.000000,126.929600,5.186722,9433.752500,964.000000,10963.000000,66141.000000,21448.000000,963.000000,10000.000000,8.000000,,,,,,
10000,96,prefix80,prefixed,scenario_label=prefix80,0.000000,True,True,formal_extended_baseline_screen,3503816222,2349609983,5490737.500000,293225.000000,420000.000000,11027,2768454.794750,796.450000,2769251.244750,10000,10000,0,513,257.000000,257.000000,257.000000,55536.000000,10256.000000,20000.000000,20000.000000,10256.000000,256.000000,10000.000000,0.000000,0.000000,0.000000,0.000000,0.000000,0.000000,8.000000,10000.000000,0.000000,4.000000,0.000000,1821.248967,SGCT,13,256.000000,,,,,,,,,80.000000,,,10513,0.951203,42.000000,29.322500,713225.000000,71.322500,19.493177,5490.737500,257.000000,10256.000000,55536.000000,20000.000000,256.000000,10000.000000,8.000000,,,,,,
10000,96,clustered,clustered,scenario_label=clustered,0.000000,True,True,formal_extended_baseline_screen,2264469608,3704741890,10123610.000000,545237.000000,991958.000000,15518,5080066.721750,1586.453000,5081653.174750,10000,10000,0,2760,1382.000000,1378.000000,129.000000,41632.000000,11376.000000,32616.000000,32616.000000,11376.000000,1378.000000,9998.000000,1.000000,0.000000,0.000000,0.000000,0.000000,0.000000,8.000000,10000.000000,0.000000,6.524200,0.000000,987.789929,SGCT,13,38.000000,,,,,,,,,,8.000000,64.000000,12760,0.783699,99.195800,54.523700,1537195.000000,153.719500,3.623188,10123.610000,1378.000000,11376.000000,41632.000000,32616.000000,1378.000000,9998.000000,8.000000,,,,,,
10000,96,random,random,scenario_label=random,0.000000,True,True,formal_extended_baseline_screen,1692097063,68157174,11287411.250000,334034.000000,1323585.000000,13878,5667792.469000,1329.860500,5669122.329500,10000,10000,0,1940,972.000000,969.000000,257.000000,66216.000000,10968.000000,21458.000000,21458.000000,10968.000000,968.000000,10000.000000,0.000000,0.000000,0.000000,0.000000,0.000000,0.000000,8.000000,10000.000000,0.000000,4.292200,0.000000,885.942736,SGCT,14,260.000000,,,,,,,,,,,,11940,0.837521,132.358500,33.403400,1657619.000000,165.761900,5.154639,11287.411250,969.000000,10968.000000,66216.000000,21458.000000,968.000000,10000.000000,8.000000,,,,,,
10000,96,prefixed,prefixed,scenario_label=prefixed,0.000000,True,True,formal_extended_baseline_screen,1707141452,317787069,9290466.250000,416032.000000,841516.000000,13664,4723316.150000,1252.822000,4724568.972000,10000,10000,0,1832,917.000000,916.000000,257.000000,65421.000000,10915.000000,21347.000000,21347.000000,10915.000000,915.000000,10000.000000,0.000000,0.000000,0.000000,0.000000,0.000000,0.000000,8.000000,10000.000000,0.000000,4.269600,0.000000,1076.372243,SGCT,14,258.000000,,,,,,,,,48.000000,,,11832,0.845166,84.151600,41.603200,1257548.000000,125.754800,5.458515,9290.466250,916.000000,10915.000000,65421.000000,21347.000000,915.000000,10000.000000,8.000000,,,,,,
10000,96,prefix80,prefixed,scenario_label=prefix80,0.000000,True,True,formal_extended_baseline_screen,1479387709,303942471,5490737.500000,293225.000000,420000.000000,11027,2765470.329250,796.450000,2766266.779250,10000,10000,0,513,257.000000,257.000000,257.000000,55536.000000,10256.000000,20000.000000,20000.000000,10256.000000,256.000000,10000.000000,0.000000,0.000000,0.000000,0.000000,0.000000,0.000000,8.000000,10000.000000,0.000000,4.000000,0.000000,1821.248967,SGCT,14,256.000000,,,,,,,,,80.000000,,,10513,0.951203,42.000000,29.322500,713225.000000,71.322500,19.493177,5490.737500,257.000000,10256.000000,55536.000000,20000.000000,256.000000,10000.000000,8.000000,,,,,,
10000,96,clustered,clustered,scenario_label=clustered,0.000000,True,True,formal_extended_baseline_screen,1193971010,3214586448,10136770.000000,546135.000000,992276.000000,15534,5051215.915375,1588.408000,5052804.323375,10000,10000,0,2768,1386.000000,1383.000000,129.000000,41706.000000,11382.000000,32632.000000,32632.000000,11382.000000,1382.000000,10000.000000,0.000000,0.000000,0.000000,0.000000,0.000000,0.000000,8.000000,10000.000000,0.000000,6.527000,0.000000,986.507536,SGCT,14,36.000000,,,,,,,,,,8.000000,64.000000,12768,0.783208,99.227600,54.613500,1538411.000000,153.841100,3.612717,10136.770000,1383.000000,11382.000000,41706.000000,32632.000000,1382.000000,10000.000000,8.000000,,,,,,
10000,96,random,random,scenario_label=random,0.000000,True,True,formal_extended_baseline_screen,1311958710,595364950,11238643.750000,331026.000000,1322890.000000,13773,5646807.810375,1323.497000,5648131.307375,10000,10000,0,1887,945.000000,943.000000,257.000000,65826.000000,10942.000000,21419.000000,21419.000000,10942.000000,942.000000,10000.000000,0.000000,0.000000,0.000000,0.000000,0.000000,0.000000,8.000000,10000.000000,0.000000,4.284200,0.000000,889.787080,SGCT,15,262.000000,,,,,,,,,,,,11887,0.841255,132.289000,33.102600,1653916.000000,165.391600,5.299417,11238.643750,943.000000,10942.000000,65826.000000,21419.000000,942.000000,10000.000000,8.000000,,,,,,
10000,96,prefixed,prefixed,scenario_label=prefixed,0.000000,True,True,formal_extended_baseline_screen,1066348603,675267593,9515933.750000,431733.000000,844201.000000,13962,4783174.559375,1285.566500,4784460.125875,10000,10000,0,1982,993.000000,990.000000,257.000000,66531.000000,10989.000000,21503.000000,21503.000000,10989.000000,989.000000,10000.000000,0.000000,0.000000,0.000000,0.000000,0.000000,0.000000,8.000000,10000.000000,0.000000,4.301200,0.000000,1050.869023,SGCT,15,256.000000,,,,,,,,,48.000000,,,11982,0.834585,84.420100,43.173300,1275934.000000,127.593400,5.045409,9515.933750,990.000000,10989.000000,66531.000000,21503.000000,989.000000,10000.000000,8.000000,,,,,,
10000,96,prefix80,prefixed,scenario_label=prefix80,0.000000,True,True,formal_extended_baseline_screen,3410131684,1308112396,5490737.500000,293225.000000,420000.000000,11027,2775272.396500,796.450000,2776068.846500,10000,10000,0,513,257.000000,257.000000,257.000000,55536.000000,10256.000000,20000.000000,20000.000000,10256.000000,256.000000,10000.000000,0.000000,0.000000,0.000000,0.000000,0.000000,0.000000,8.000000,10000.000000,0.000000,4.000000,0.000000,1821.248967,SGCT,15,256.000000,,,,,,,,,80.000000,,,10513,0.951203,42.000000,29.322500,713225.000000,71.322500,19.493177,5490.737500,257.000000,10256.000000,55536.000000,20000.000000,256.000000,10000.000000,8.000000,,,,,,
10000,96,clustered,clustered,scenario_label=clustered,0.000000,True,True,formal_extended_baseline_screen,2719779022,2515179600,10072658.750000,541620.000000,991572.000000,15458,5066656.313250,1579.026000,5068235.339250,10000,10000,0,2732,1370.000000,1360.000000,129.000000,41364.000000,11356.000000,32581.000000,32581.000000,11356.000000,1362.000000,9994.000000,3.000000,0.000000,0.000000,0.000000,0.000000,0.000000,8.000000,10000.000000,0.000000,6.518800,0.000000,992.786537,SGCT,15,40.000000,,,,,,,,,,8.000000,64.000000,12732,0.785423,99.157200,54.162000,1533192.000000,153.319200,3.660322,10072.658750,1360.000000,11356.000000,41364.000000,32581.000000,1362.000000,9994.000000,8.000000,,,,,,
10000,96,random,random,scenario_label=random,0.000000,True,True,formal_extended_baseline_screen,4044322606,1207221855,11210090.000000,329197.000000,1322441.000000,13708,5633715.643625,1319.614500,5635035.258125,10000,10000,0,1856,931.000000,926.000000,257.000000,65571.000000,10925.000000,21383.000000,21383.000000,10925.000000,925.000000,10000.000000,0.000000,0.000000,0.000000,0.000000,0.000000,0.000000,8.000000,10000.000000,0.000000,4.277600,0.000000,892.053498,SGCT,16,257.000000,,,,,,,,,,,,11856,0.843455,132.244100,32.919700,1651638.000000,165.163800,5.387931,11210.090000,926.000000,10925.000000,65571.000000,21383.000000,925.000000,10000.000000,8.000000,,,,,,
10000,96,prefixed,prefixed,scenario_label=prefixed,0.000000,True,True,formal_extended_baseline_screen,2310609587,585102639,9389038.750000,422830.000000,842773.000000,13794,4761693.303375,1267.046500,4762960.349875,10000,10000,0,1898,951.000000,948.000000,257.000000,65901.000000,10947.000000,21412.000000,21412.000000,10947.000000,947.000000,10000.000000,0.000000,0.000000,0.000000,0.000000,0.000000,0.000000,8.000000,10000.000000,0.000000,4.283000,0.000000,1065.071757,SGCT,16,257.000000,,,,,,,,,48.000000,,,11898,0.840477,84.277300,42.283000,1265603.000000,126.560300,5.268704,9389.038750,948.000000,10947.000000,65901.000000,21412.000000,947.000000,10000.000000,8.000000,,,,,,
10000,96,prefix80,prefixed,scenario_label=prefix80,0.000000,True,True,formal_extended_baseline_screen,556887839,73543184,5490737.500000,293225.000000,420000.000000,11027,2770552.231500,796.450000,2771348.681500,10000,10000,0,513,257.000000,257.000000,257.000000,55536.000000,10256.000000,20000.000000,20000.000000,10256.000000,256.000000,10000.000000,0.000000,0.000000,0.000000,0.000000,0.000000,0.000000,8.000000,10000.000000,0.000000,4.000000,0.000000,1821.248967,SGCT,16,256.000000,,,,,,,,,80.000000,,,10513,0.951203,42.000000,29.322500,713225.000000,71.322500,19.493177,5490.737500,257.000000,10256.000000,55536.000000,20000.000000,256.000000,10000.000000,8.000000,,,,,,
10000,96,clustered,clustered,scenario_label=clustered,0.000000,True,True,formal_extended_baseline_screen,2713732995,783699115,10122708.750000,545073.000000,991835.000000,15518,5027870.593250,1586.063500,5029456.656750,10000,10000,0,2760,1382.000000,1377.000000,129.000000,41618.000000,11374.000000,32601.000000,32601.000000,11374.000000,1378.000000,9996.000000,2.000000,0.000000,0.000000,0.000000,0.000000,0.000000,8.000000,10000.000000,0.000000,6.521600,0.000000,987.877874,SGCT,16,35.000000,,,,,,,,,,8.000000,64.000000,12760,0.783699,99.183500,54.507300,1536908.000000,153.690800,3.623188,10122.708750,1377.000000,11374.000000,41618.000000,32601.000000,1378.000000,9996.000000,8.000000,,,,,,
10000,96,random,random,scenario_label=random,0.000000,True,True,formal_extended_baseline_screen,1698610701,2927537970,11260168.750000,332293.000000,1322992.000000,13820,5631092.444500,1326.082000,5632418.526500,10000,10000,0,1910,956.000000,955.000000,257.000000,66006.000000,10954.000000,21425.000000,21425.000000,10954.000000,954.000000,10000.000000,0.000000,0.000000,0.000000,0.000000,0.000000,0.000000,8.000000,10000.000000,0.000000,4.285200,0.000000,888.086158,SGCT,17,259.000000,,,,,,,,,,,,11910,0.839631,132.299200,33.229300,1655285.000000,165.528500,5.235602,11260.168750,955.000000,10954.000000,66006.000000,21425.000000,954.000000,10000.000000,8.000000,,,,,,
10000,96,prefixed,prefixed,scenario_label=prefixed,0.000000,True,True,formal_extended_baseline_screen,862396413,4066351789,9350680.000000,420156.000000,842588.000000,13745,4721806.918000,1261.606000,4723068.524000,10000,10000,0,1873,938.000000,936.000000,257.000000,65721.000000,10935.000000,21398.000000,21398.000000,10935.000000,935.000000,10000.000000,0.000000,0.000000,0.000000,0.000000,0.000000,0.000000,8.000000,10000.000000,0.000000,4.280000,0.000000,1069.440939,SGCT,17,260.000000,,,,,,,,,48.000000,,,11873,0.842247,84.258800,42.015600,1262744.000000,126.274400,5.339028,9350.680000,936.000000,10935.000000,65721.000000,21398.000000,935.000000,10000.000000,8.000000,,,,,,
10000,96,prefix80,prefixed,scenario_label=prefix80,0.000000,True,True,formal_extended_baseline_screen,3860214662,3323108763,5490737.500000,293225.000000,420000.000000,11027,2771257.059750,796.450000,2772053.509750,10000,10000,0,513,257.000000,257.000000,257.000000,55536.000000,10256.000000,20000.000000,20000.000000,10256.000000,256.000000,10000.000000,0.000000,0.000000,0.000000,0.000000,0.000000,0.000000,8.000000,10000.000000,0.000000,4.000000,0.000000,1821.248967,SGCT,17,256.000000,,,,,,,,,80.000000,,,10513,0.951203,42.000000,29.322500,713225.000000,71.322500,19.493177,5490.737500,257.000000,10256.000000,55536.000000,20000.000000,256.000000,10000.000000,8.000000,,,,,,
10000,96,clustered,clustered,scenario_label=clustered,0.000000,True,True,formal_extended_baseline_screen,2168941655,592032243,10181633.750000,549228.000000,992760.000000,15590,5107349.526125,1594.836000,5108944.362125,10000,10000,0,2796,1400.000000,1396.000000,129.000000,41902.000000,11394.000000,32653.000000,32653.000000,11394.000000,1396.000000,9998.000000,1.000000,0.000000,0.000000,0.000000,0.000000,0.000000,8.000000,10000.000000,0.000000,6.531600,0.000000,982.160648,SGCT,17,37.000000,,,,,,,,,,8.000000,64.000000,12796,0.781494,99.276000,54.922800,1541988.000000,154.198800,3.576538,10181.633750,1396.000000,11394.000000,41902.000000,32653.000000,1396.000000,9998.000000,8.000000,,,,,,
10000,96,random,random,scenario_label=random,0.000000,True,True,formal_extended_baseline_screen,3900906002,2886759017,11349698.750000,338059.000000,1324377.000000,14011,5691112.174750,1338.306500,5692450.481250,10000,10000,0,2007,1006.000000,1002.000000,257.000000,66711.000000,11001.000000,21518.000000,21518.000000,11001.000000,1001.000000,10000.000000,0.000000,0.000000,0.000000,0.000000,0.000000,0.000000,8.000000,10000.000000,0.000000,4.304400,0.000000,881.080654,SGCT,18,257.000000,,,,,,,,,,,,12007,0.832848,132.437700,33.805900,1662436.000000,166.243600,4.982561,11349.698750,1002.000000,11001.000000,66711.000000,21518.000000,1001.000000,10000.000000,8.000000,,,,,,
10000,96,prefixed,prefixed,scenario_label=prefixed,0.000000,True,True,formal_extended_baseline_screen,1976791937,1385293399,9399808.750000,423609.000000,842866.000000,13809,4716453.273875,1268.651000,4717721.924875,10000,10000,0,1905,954.000000,952.000000,257.000000,65961.000000,10951.000000,21422.000000,21422.000000,10951.000000,951.000000,10000.000000,0.000000,0.000000,0.000000,0.000000,0.000000,0.000000,8.000000,10000.000000,0.000000,4.284800,0.000000,1063.851432,SGCT,18,259.000000,,,,,,,,,48.000000,,,11905,0.839983,84.286600,42.360900,1266475.000000,126.647500,5.249344,9399.808750,952.000000,10951.000000,65961.000000,21422.000000,951.000000,10000.000000,8.000000,,,,,,
10000,96,prefix80,prefixed,scenario_label=prefix80,0.000000,True,True,formal_extended_baseline_screen,3973543592,969907768,5490737.500000,293225.000000,420000.000000,11027,2773985.272500,796.450000,2774781.722500,10000,10000,0,513,257.000000,257.000000,257.000000,55536.000000,10256.000000,20000.000000,20000.000000,10256.000000,256.000000,10000.000000,0.000000,0.000000,0.000000,0.000000,0.000000,0.000000,8.000000,10000.000000,0.000000,4.000000,0.000000,1821.248967,SGCT,18,256.000000,,,,,,,,,80.000000,,,10513,0.951203,42.000000,29.322500,713225.000000,71.322500,19.493177,5490.737500,257.000000,10256.000000,55536.000000,20000.000000,256.000000,10000.000000,8.000000,,,,,,
10000,96,clustered,clustered,scenario_label=clustered,0.000000,True,True,formal_extended_baseline_screen,3575544916,3551308180,10041973.750000,539359.000000,991021.000000,15418,5001986.271875,1574.228500,5003560.500375,10000,10000,0,2710,1357.000000,1354.000000,129.000000,41271.000000,11353.000000,32554.000000,32554.000000,11353.000000,1353.000000,10000.000000,0.000000,0.000000,0.000000,0.000000,0.000000,0.000000,8.000000,10000.000000,0.000000,6.511400,0.000000,995.820169,SGCT,18,35.000000,,,,,,,,,,8.000000,64.000000,12710,0.786782,99.102100,53.935900,1530380.000000,153.038000,3.690037,10041.973750,1354.000000,11353.000000,41271.000000,32554.000000,1353.000000,10000.000000,8.000000,,,,,,
10000,96,random,random,scenario_label=random,0.000000,True,True,formal_extended_baseline_screen,3061364434,3801192023,11274333.750000,333248.000000,1323169.000000,13849,5673209.197250,1328.080500,5674537.277750,10000,10000,0,1925,964.000000,962.000000,257.000000,66111.000000,10961.000000,21440.000000,21440.000000,10961.000000,961.000000,10000.000000,0.000000,0.000000,0.000000,0.000000,0.000000,0.000000,8.000000,10000.000000,0.000000,4.288400,0.000000,886.970372,SGCT,19,260.000000,,,,,,,,,,,,11925,0.838574,132.316900,33.324800,1656417.000000,165.641700,5.194805,11274.333750,962.000000,10961.000000,66111.000000,21440.000000,961.000000,10000.000000,8.000000,,,,,,
10000,96,prefixed,prefixed,scenario_label=prefixed,0.000000,True,True,formal_extended_baseline_screen,3116852746,1158843745,9268771.250000,414489.000000,841413.000000,13636,4664377.660125,1249.684500,4665627.344625,10000,10000,0,1818,910.000000,909.000000,257.000000,65316.000000,10908.000000,21336.000000,21336.000000,10908.000000,908.000000,10000.000000,0.000000,0.000000,0.000000,0.000000,0.000000,0.000000,8.000000,10000.000000,0.000000,4.267400,0.000000,1078.891660,SGCT,19,259.000000,,,,,,,,,48.000000,,,11818,0.846167,84.141300,41.448900,1255902.000000,125.590200,5.500550,9268.771250,909.000000,10908.000000,65316.000000,21336.000000,908.000000,10000.000000,8.000000,,,,,,
10000,96,prefix80,prefixed,scenario_label=prefix80,0.000000,True,True,formal_extended_baseline_screen,1163800006,2710609363,5490737.500000,293225.000000,420000.000000,11027,2767897.538250,796.450000,2768693.988250,10000,10000,0,513,257.000000,257.000000,257.000000,55536.000000,10256.000000,20000.000000,20000.000000,10256.000000,256.000000,10000.000000,0.000000,0.000000,0.000000,0.000000,0.000000,0.000000,8.000000,10000.000000,0.000000,4.000000,0.000000,1821.248967,SGCT,19,256.000000,,,,,,,,,80.000000,,,10513,0.951203,42.000000,29.322500,713225.000000,71.322500,19.493177,5490.737500,257.000000,10256.000000,55536.000000,20000.000000,256.000000,10000.000000,8.000000,,,,,,
10000,96,clustered,clustered,scenario_label=clustered,0.000000,True,True,formal_extended_baseline_screen,99158156,3178130049,10217707.500000,551770.000000,1117981.000000,15634,5118061.527375,1662.530500,5119724.057875,10000,10000,0,2818,1411.000000,1408.000000,129.000000,42081.000000,11407.000000,37673.000000,37673.000000,11407.000000,1407.000000,10000.000000,0.000000,0.000000,0.000000,0.000000,0.000000,0.000000,8.000000,10000.000000,0.000000,7.535200,0.000000,978.693117,SGCT,19,32.000000,,,,,,,,,,8.000000,64.000000,12818,0.780153,111.798100,55.177000,1669751.000000,166.975100,3.548616,10217.707500,1408.000000,11407.000000,42081.000000,37673.000000,1407.000000,10000.000000,8.000000,,,,,,
10000,96,random,random,scenario_label=random,0.000000,True,True,formal_extended_baseline_screen,3722875878,2360944987,11254726.250000,331974.000000,1322898.000000,13808,5619989.276000,1325.397000,5621314.673000,10000,10000,0,1904,953.000000,952.000000,257.000000,65961.000000,10951.000000,21421.000000,21421.000000,10951.000000,951.000000,10000.000000,0.000000,0.000000,0.000000,0.000000,0.000000,0.000000,8.000000,10000.000000,0.000000,4.284400,0.000000,888.515614,SGCT,20,258.000000,,,,,,,,,,,,11904,0.840054,132.289800,33.197400,1654872.000000,165.487200,5.252101,11254.726250,952.000000,10951.000000,65961.000000,21421.000000,951.000000,10000.000000,8.000000,,,,,,
10000,96,prefixed,prefixed,scenario_label=prefixed,0.000000,True,True,formal_extended_baseline_screen,3001598358,129848534,9362225.000000,421046.000000,842484.000000,13760,4733829.390750,1263.334000,4735092.724750,10000,10000,0,1880,941.000000,940.000000,257.000000,65781.000000,10939.000000,21404.000000,21404.000000,10939.000000,939.000000,10000.000000,0.000000,0.000000,0.000000,0.000000,0.000000,0.000000,8.000000,10000.000000,0.000000,4.281000,0.000000,1068.122161,SGCT,20,257.000000,,,,,,,,,48.000000,,,11880,0.841751,84.248400,42.104600,1263530.000000,126.353000,5.319149,9362.225000,940.000000,10939.000000,65781.000000,21404.000000,939.000000,10000.000000,8.000000,,,,,,
10000,96,prefix80,prefixed,scenario_label=prefix80,0.000000,True,True,formal_extended_baseline_screen,1969154653,2160426264,5490737.500000,293225.000000,420000.000000,11027,2776245.730750,796.450000,2777042.180750,10000,10000,0,513,257.000000,257.000000,257.000000,55536.000000,10256.000000,20000.000000,20000.000000,10256.000000,256.000000,10000.000000,0.000000,0.000000,0.000000,0.000000,0.000000,0.000000,8.000000,10000.000000,0.000000,4.000000,0.000000,1821.248967,SGCT,20,256.000000,,,,,,,,,80.000000,,,10513,0.951203,42.000000,29.322500,713225.000000,71.322500,19.493177,5490.737500,257.000000,10256.000000,55536.000000,20000.000000,256.000000,10000.000000,8.000000,,,,,,
10000,96,clustered,clustered,scenario_label=clustered,0.000000,True,True,formal_extended_baseline_screen,3278615476,2366163272,10259246.250000,554876.000000,993868.000000,15683,5126516.504750,1606.686000,5128123.190750,10000,10000,0,2843,1424.000000,1419.000000,129.000000,42247.000000,11417.000000,32726.000000,32726.000000,11417.000000,1419.000000,9998.000000,1.000000,0.000000,0.000000,0.000000,0.000000,0.000000,8.000000,10000.000000,0.000000,6.546400,0.000000,974.730478,SGCT,20,36.000000,,,,,,,,,,8.000000,64.000000,12843,0.778634,99.386800,55.487600,1548744.000000,154.874400,3.517411,10259.246250,1419.000000,11417.000000,42247.000000,32726.000000,1419.000000,9998.000000,8.000000,,,,,,
10000,96,random,random,scenario_label=random,0.000000,True,True,formal_extended_baseline_screen,1880512712,1563954663,11249702.500000,331789.000000,1322978.000000,13796,5642567.730750,1325.067000,5643892.797750,10000,10000,0,1898,950.000000,949.000000,257.000000,65916.000000,10948.000000,21432.000000,21432.000000,10948.000000,948.000000,10000.000000,0.000000,0.000000,0.000000,0.000000,0.000000,0.000000,8.000000,10000.000000,0.000000,4.286600,0.000000,888.912396,SGCT,21,258.000000,,,,,,,,,,,,11898,0.840477,132.297800,33.178900,1654767.000000,165.476700,5.268704,11249.702500,949.000000,10948.000000,65916.000000,21432.000000,948.000000,10000.000000,8.000000,,,,,,
10000,96,prefixed,prefixed,scenario_label=prefixed,0.000000,True,True,formal_extended_baseline_screen,2792116651,600381618,9399065.000000,423508.000000,842969.000000,13809,4686268.375000,1268.500500,4687536.875500,10000,10000,0,1905,954.000000,952.000000,257.000000,65961.000000,10951.000000,21423.000000,21423.000000,10951.000000,951.000000,10000.000000,0.000000,0.000000,0.000000,0.000000,0.000000,0.000000,8.000000,10000.000000,0.000000,4.285000,0.000000,1063.935615,SGCT,21,261.000000,,,,,,,,,48.000000,,,11905,0.839983,84.296900,42.350800,1266477.000000,126.647700,5.249344,9399.065000,952.000000,10951.000000,65961.000000,21423.000000,951.000000,10000.000000,8.000000,,,,,,
10000,96,prefix80,prefixed,scenario_label=prefix80,0.000000,True,True,formal_extended_baseline_screen,3818182820,3036914843,5490737.500000,293225.000000,420000.000000,11027,2769591.683250,796.450000,2770388.133250,10000,10000,0,513,257.000000,257.000000,257.000000,55536.000000,10256.000000,20000.000000,20000.000000,10256.000000,256.000000,10000.000000,0.000000,0.000000,0.000000,0.000000,0.000000,0.000000,8.000000,10000.000000,0.000000,4.000000,0.000000,1821.248967,SGCT,21,256.000000,,,,,,,,,80.000000,,,10513,0.951203,42.000000,29.322500,713225.000000,71.322500,19.493177,5490.737500,257.000000,10256.000000,55536.000000,20000.000000,256.000000,10000.000000,8.000000,,,,,,
10000,96,clustered,clustered,scenario_label=clustered,0.000000,True,True,formal_extended_baseline_screen,1495572643,3172865727,10065057.500000,540952.000000,991064.000000,15454,5002353.281875,1577.436000,5003930.717875,10000,10000,0,2728,1366.000000,1358.000000,129.000000,41336.000000,11352.000000,32549.000000,32549.000000,11352.000000,1362.000000,9990.000000,5.000000,0.000000,0.000000,0.000000,0.000000,0.000000,8.000000,10000.000000,0.000000,6.512400,0.000000,993.536301,SGCT,21,35.000000,,,,,,,,,,8.000000,64.000000,12728,0.785669,99.106400,54.095200,1532016.000000,153.201600,3.665689,10065.057500,1358.000000,11352.000000,41336.000000,32549.000000,1362.000000,9990.000000,8.000000,,,,,,
10000,96,random,random,scenario_label=random,0.000000,True,True,formal_extended_baseline_screen,2483842946,971872449,11249143.750000,331768.000000,1322788.000000,13793,5629408.678750,1324.930000,5630733.608750,10000,10000,0,1897,950.000000,948.000000,257.000000,65901.000000,10947.000000,21423.000000,21423.000000,10947.000000,947.000000,10000.000000,0.000000,0.000000,0.000000,0.000000,0.000000,0.000000,8.000000,10000.000000,0.000000,4.285000,0.000000,888.956548,SGCT,22,257.000000,,,,,,,,,,,,11897,0.840548,132.278800,33.176800,1654556.000000,165.455600,5.271481,11249.143750,948.000000,10947.000000,65901.000000,21423.000000,947.000000,10000.000000,8.000000,,,,,,
10000,96,prefixed,prefixed,scenario_label=prefixed,0.000000,True,True,formal_extended_baseline_screen,664859573,3817149033,9377555.000000,422069.000000,842596.000000,13778,4726939.900000,1265.436000,4728205.336000,10000,10000,0,1890,947.000000,944.000000,257.000000,65841.000000,10943.000000,21405.000000,21405.000000,10943.000000,943.000000,10000.000000,0.000000,0.000000,0.000000,0.000000,0.000000,0.000000,8.000000,10000.000000,0.000000,4.281600,0.000000,1066.376044,SGCT,22,261.000000,,,,,,,,,48.000000,,,11890,0.841043,84.259600,42.206900,1264665.000000,126.466500,5.291005,9377.555000,944.000000,10943.000000,65841.000000,21405.000000,943.000000,10000.000000,8.000000,,,,,,
10000,96,prefix80,prefixed,scenario_label=prefix80,0.000000,True,True,formal_extended_baseline_screen,647152320,3049414936,5490737.500000,293225.000000,420000.000000,11027,2783045.219000,796.450000,2783841.669000,10000,10000,0,513,257.000000,257.000000,257.000000,55536.000000,10256.000000,20000.000000,20000.000000,10256.000000,256.000000,10000.000000,0.000000,0.000000,0.000000,0.000000,0.000000,0.000000,8.000000,10000.000000,0.000000,4.000000,0.000000,1821.248967,SGCT,22,256.000000,,,,,,,,,80.000000,,,10513,0.951203,42.000000,29.322500,713225.000000,71.322500,19.493177,5490.737500,257.000000,10256.000000,55536.000000,20000.000000,256.000000,10000.000000,8.000000,,,,,,
10000,96,clustered,clustered,scenario_label=clustered,0.000000,True,True,formal_extended_baseline_screen,2138889899,4184330429,10196060.000000,550308.000000,992620.000000,15607,5062118.736125,1596.926000,5063715.662125,10000,10000,0,2805,1405.000000,1398.000000,129.000000,41934.000000,11394.000000,32649.000000,32649.000000,11394.000000,1400.000000,9994.000000,3.000000,0.000000,0.000000,0.000000,0.000000,0.000000,8.000000,10000.000000,0.000000,6.531800,0.000000,980.771004,SGCT,22,33.000000,,,,,,,,,,8.000000,64.000000,12805,0.780945,99.262000,55.030800,1542928.000000,154.292800,3.565062,10196.060000,1398.000000,11394.000000,41934.000000,32649.000000,1400.000000,9994.000000,8.000000,,,,,,
10000,96,random,random,scenario_label=random,0.000000,True,True,formal_extended_baseline_screen,484606977,511595098,11218010.000000,329746.000000,1322239.000000,13723,5638970.038375,1320.611500,5640290.649875,10000,10000,0,1863,934.000000,930.000000,257.000000,65631.000000,10929.000000,21381.000000,21381.000000,10929.000000,929.000000,10000.000000,0.000000,0.000000,0.000000,0.000000,0.000000,0.000000,8.000000,10000.000000,0.000000,4.277000,0.000000,891.423702,SGCT,23,258.000000,,,,,,,,,,,,11863,0.842957,132.223900,32.974600,1651985.000000,165.198500,5.367687,11218.010000,930.000000,10929.000000,65631.000000,21381.000000,929.000000,10000.000000,8.000000,,,,,,
10000,96,prefixed,prefixed,scenario_label=prefixed,0.000000,True,True,formal_extended_baseline_screen,4122393112,3450568188,9264316.250000,414226.000000,841378.000000,13631,4665996.776875,1249.141000,4667245.917875,10000,10000,0,1815,908.000000,908.000000,257.000000,65301.000000,10907.000000,21339.000000,21339.000000,10907.000000,907.000000,10000.000000,0.000000,0.000000,0.000000,0.000000,0.000000,0.000000,8.000000,10000.000000,0.000000,4.267800,0.000000,1079.410475,SGCT,23,258.000000,,,,,,,,,48.000000,,,11815,0.846382,84.137800,41.422600,1255604.000000,125.560400,5.509642,9264.316250,908.000000,10907.000000,65301.000000,21339.000000,907.000000,10000.000000,8.000000,,,,,,
10000,96,prefix80,prefixed,scenario_label=prefix80,0.000000,True,True,formal_extended_baseline_screen,2468324303,4136836538,5490737.500000,293225.000000,420000.000000,11027,2775644.256000,796.450000,2776440.706000,10000,10000,0,513,257.000000,257.000000,257.000000,55536.000000,10256.000000,20000.000000,20000.000000,10256.000000,256.000000,10000.000000,0.000000,0.000000,0.000000,0.000000,0.000000,0.000000,8.000000,10000.000000,0.000000,4.000000,0.000000,1821.248967,SGCT,23,256.000000,,,,,,,,,80.000000,,,10513,0.951203,42.000000,29.322500,713225.000000,71.322500,19.493177,5490.737500,257.000000,10256.000000,55536.000000,20000.000000,256.000000,10000.000000,8.000000,,,,,,
10000,96,clustered,clustered,scenario_label=clustered,0.000000,True,True,formal_extended_baseline_screen,3200206661,3084029128,9989320.000000,535725.000000,990646.000000,15356,4983422.058125,1566.773000,4984988.831125,10000,10000,0,2680,1343.000000,1336.000000,129.000000,41003.000000,11333.000000,32530.000000,32530.000000,11333.000000,1337.000000,9996.000000,2.000000,0.000000,0.000000,0.000000,0.000000,0.000000,8.000000,10000.000000,0.000000,6.507800,0.000000,1001.069142,SGCT,23,35.000000,,,,,,,,,,8.000000,64.000000,12680,0.788644,99.064600,53.572500,1526371.000000,152.637100,3.731343,9989.320000,1336.000000,11333.000000,41003.000000,32530.000000,1337.000000,9996.000000,8.000000,,,,,,
10000,96,random,random,scenario_label=random,0.000000,True,True,formal_extended_baseline_screen,4167451253,1770316104,11277997.500000,333484.000000,1323512.000000,13856,5658052.384750,1328.724000,5659381.108750,10000,10000,0,1930,968.000000,963.000000,257.000000,66126.000000,10962.000000,21452.000000,21452.000000,10962.000000,962.000000,10000.000000,0.000000,0.000000,0.000000,0.000000,0.000000,0.000000,8.000000,10000.000000,0.000000,4.291400,0.000000,886.682232,SGCT,24,260.000000,,,,,,,,,,,,11930,0.838223,132.351200,33.348400,1656996.000000,165.699600,5.181347,11277.997500,963.000000,10962.000000,66126.000000,21452.000000,962.000000,10000.000000,8.000000,,,,,,
10000,96,prefixed,prefixed,scenario_label=prefixed,0.000000,True,True,formal_extended_baseline_screen,2427110912,1564941207,9319116.250000,417964.000000,842111.000000,13704,4670980.538875,1256.983500,4672237.522375,10000,10000,0,1852,927.000000,926.000000,257.000000,65571.000000,10925.000000,21374.000000,21374.000000,10925.000000,925.000000,10000.000000,0.000000,0.000000,0.000000,0.000000,0.000000,0.000000,8.000000,10000.000000,0.000000,4.275000,0.000000,1073.063124,SGCT,24,258.000000,,,,,,,,,48.000000,,,11852,0.843739,84.211100,41.796400,1260075.000000,126.007500,5.399568,9319.116250,926.000000,10925.000000,65571.000000,21374.000000,925.000000,10000.000000,8.000000,,,,,,
10000,96,prefix80,prefixed,scenario_label=prefix80,0.000000,True,True,formal_extended_baseline_screen,4263242191,93625226,5490737.500000,293225.000000,420000.000000,11027,2771116.413750,796.450000,2771912.863750,10000,10000,0,513,257.000000,257.000000,257.000000,55536.000000,10256.000000,20000.000000,20000.000000,10256.000000,256.000000,10000.000000,0.000000,0.000000,0.000000,0.000000,0.000000,0.000000,8.000000,10000.000000,0.000000,4.000000,0.000000,1821.248967,SGCT,24,256.000000,,,,,,,,,80.000000,,,10513,0.951203,42.000000,29.322500,713225.000000,71.322500,19.493177,5490.737500,257.000000,10256.000000,55536.000000,20000.000000,256.000000,10000.000000,8.000000,,,,,,
10000,96,clustered,clustered,scenario_label=clustered,0.000000,True,True,formal_extended_baseline_screen,3387768436,4223243441,10104152.500000,543812.000000,991937.000000,15496,5045921.548000,1583.592500,5047505.140500,10000,10000,0,2748,1375.000000,1374.000000,129.000000,41571.000000,11373.000000,32611.000000,32611.000000,11373.000000,1373.000000,10000.000000,0.000000,0.000000,0.000000,0.000000,0.000000,0.000000,8.000000,10000.000000,0.000000,6.522400,0.000000,989.692109,SGCT,24,34.000000,,,,,,,,,,8.000000,64.000000,12748,0.784437,99.193700,54.381200,1535749.000000,153.574900,3.639010,10104.152500,1374.000000,11373.000000,41571.000000,32611.000000,1373.000000,10000.000000,8.000000,,,,,,
10000,96,random,random,scenario_label=random,0.000000,True,True,formal_extended_baseline_screen,1401592609,1109987880,11267902.500000,332866.000000,1323478.000000,13835,5673587.499250,1327.471000,5674914.970250,10000,10000,0,1919,962.000000,958.000000,257.000000,66051.000000,10957.000000,21450.000000,21450.000000,10957.000000,957.000000,10000.000000,0.000000,0.000000,0.000000,0.000000,0.000000,0.000000,8.000000,10000.000000,0.000000,4.290800,0.000000,887.476618,SGCT,25,260.000000,,,,,,,,,,,,11919,0.838997,132.347800,33.286600,1656344.000000,165.634400,5.211047,11267.902500,958.000000,10957.000000,66051.000000,21450.000000,957.000000,10000.000000,8.000000,,,,,,
10000,96,prefixed,prefixed,scenario_label=prefixed,0.000000,True,True,formal_extended_baseline_screen,4217303339,3100991847,9333163.750000,418904.000000,842165.000000,13721,4706309.670375,1258.890500,4707568.560875,10000,10000,0,1861,932.000000,930.000000,257.000000,65631.000000,10929.000000,21374.000000,21374.000000,10929.000000,929.000000,10000.000000,0.000000,0.000000,0.000000,0.000000,0.000000,0.000000,8.000000,10000.000000,0.000000,4.275200,0.000000,1071.448039,SGCT,25,259.000000,,,,,,,,,48.000000,,,11861,0.843099,84.216500,41.890400,1261069.000000,126.106900,5.373455,9333.163750,930.000000,10929.000000,65631.000000,21374.000000,929.000000,10000.000000,8.000000,,,,,,
10000,96,prefix80,prefixed,scenario_label=prefix80,0.000000,True,True,formal_extended_baseline_screen,2677772902,2149626281,5490737.500000,293225.000000,420000.000000,11027,2782354.775000,796.450000,2783151.225000,10000,10000,0,513,257.000000,257.000000,257.000000,55536.000000,10256.000000,20000.000000,20000.000000,10256.000000,256.000000,10000.000000,0.000000,0.000000,0.000000,0.000000,0.000000,0.000000,8.000000,10000.000000,0.000000,4.000000,0.000000,1821.248967,SGCT,25,256.000000,,,,,,,,,80.000000,,,10513,0.951203,42.000000,29.322500,713225.000000,71.322500,19.493177,5490.737500,257.000000,10256.000000,55536.000000,20000.000000,256.000000,10000.000000,8.000000,,,,,,
10000,96,clustered,clustered,scenario_label=clustered,0.000000,True,True,formal_extended_baseline_screen,4190779514,1487512009,10115220.000000,544534.000000,991914.000000,15509,5082521.713500,1585.025000,5084106.738500,10000,10000,0,2755,1379.000000,1376.000000,129.000000,41602.000000,11374.000000,32604.000000,32604.000000,11374.000000,1376.000000,9998.000000,1.000000,0.000000,0.000000,0.000000,0.000000,0.000000,8.000000,10000.000000,0.000000,6.521600,0.000000,988.609244,SGCT,25,37.000000,,,,,,,,,,8.000000,64.000000,12755,0.784006,99.191400,54.453400,1536448.000000,153.644800,3.629764,10115.220000,1376.000000,11374.000000,41602.000000,32604.000000,1376.000000,9998.000000,8.000000,,,,,,
10000,96,random,random,scenario_label=random,0.000000,True,True,formal_extended_baseline_screen,2865864341,3576227328,11379856.250000,339927.000000,1324925.000000,14080,5715235.116000,1342.316500,5716577.432500,10000,10000,0,2040,1021.000000,1020.000000,257.000000,66981.000000,11019.000000,21554.000000,21554.000000,11019.000000,1019.000000,10000.000000,0.000000,0.000000,0.000000,0.000000,0.000000,0.000000,8.000000,10000.000000,0.000000,4.311000,0.000000,878.745722,SGCT,26,260.000000,,,,,,,,,,,,12040,0.830565,132.492500,33.992700,1664852.000000,166.485200,4.901961,11379.856250,1020.000000,11019.000000,66981.000000,21554.000000,1019.000000,10000.000000,8.000000,,,,,,
10000,96,prefixed,prefixed,scenario_label=prefixed,0.000000,True,True,formal_extended_baseline_screen,1478210380,668084591,9404083.750000,423841.000000,842926.000000,13816,4714185.826000,1269.145000,4715454.971000,10000,10000,0,1908,955.000000,954.000000,257.000000,65991.000000,10953.000000,21422.000000,21422.000000,10953.000000,953.000000,10000.000000,0.000000,0.000000,0.000000,0.000000,0.000000,0.000000,8.000000,10000.000000,0.000000,4.284600,0.000000,1063.367816,SGCT,26,258.000000,,,,,,,,,48.000000,,,11908,0.839772,84.292600,42.384100,1266767.000000,126.676700,5.241090,9404.083750,954.000000,10953.000000,65991.000000,21422.000000,953.000000,10000.000000,8.000000,,,,,,
10000,96,prefix80,prefixed,scenario_label=prefix80,0.000000,True,True,formal_extended_baseline_screen,229837212,641735599,5490737.500000,293225.000000,420000.000000,11027,2771156.902750,796.450000,2771953.352750,10000,10000,0,513,257.000000,257.000000,257.000000,55536.000000,10256.000000,20000.000000,20000.000000,10256.000000,256.000000,10000.000000,0.000000,0.000000,0.000000,0.000000,0.000000,0.000000,8.000000,10000.000000,0.000000,4.000000,0.000000,1821.248967,SGCT,26,256.000000,,,,,,,,,80.000000,,,10513,0.951203,42.000000,29.322500,713225.000000,71.322500,19.493177,5490.737500,257.000000,10256.000000,55536.000000,20000.000000,256.000000,10000.000000,8.000000,,,,,,
10000,96,clustered,clustered,scenario_label=clustered,0.000000,True,True,formal_extended_baseline_screen,3925234375,2023597223,10219858.750000,552052.000000,993517.000000,15639,5100099.912000,1600.862500,5101700.774500,10000,10000,0,2821,1413.000000,1406.000000,129.000000,42054.000000,11402.000000,32697.000000,32697.000000,11402.000000,1408.000000,9994.000000,3.000000,0.000000,0.000000,0.000000,0.000000,0.000000,8.000000,10000.000000,0.000000,6.541400,0.000000,978.487105,SGCT,26,35.000000,,,,,,,,,,8.000000,64.000000,12821,0.779970,99.351700,55.205200,1545569.000000,154.556900,3.544842,10219.858750,1406.000000,11402.000000,42054.000000,32697.000000,1408.000000,9994.000000,8.000000,,,,,,
10000,96,random,random,scenario_label=random,0.000000,True,True,formal_extended_baseline_screen,1975682606,3668361650,11238572.500000,330930.000000,1322528.000000,13770,5637083.003250,1323.124000,5638406.127250,10000,10000,0,1886,945.000000,942.000000,257.000000,65811.000000,10941.000000,21394.000000,21394.000000,10941.000000,941.000000,10000.000000,0.000000,0.000000,0.000000,0.000000,0.000000,0.000000,8.000000,10000.000000,0.000000,4.279400,0.000000,889.792721,SGCT,27,258.000000,,,,,,,,,,,,11886,0.841326,132.252800,33.093000,1653458.000000,165.345800,5.302227,11238.572500,942.000000,10941.000000,65811.000000,21394.000000,941.000000,10000.000000,8.000000,,,,,,
10000,96,prefixed,prefixed,scenario_label=prefixed,0.000000,True,True,formal_extended_baseline_screen,3217990807,2689976468,9444977.500000,426786.000000,843472.000000,13869,4734478.466750,1275.308000,4735753.774750,10000,10000,0,1935,969.000000,967.000000,257.000000,66186.000000,10966.000000,21459.000000,21459.000000,10966.000000,966.000000,10000.000000,0.000000,0.000000,0.000000,0.000000,0.000000,0.000000,8.000000,10000.000000,0.000000,4.292200,0.000000,1058.763772,SGCT,27,259.000000,,,,,,,,,48.000000,,,11935,0.837872,84.347200,42.678600,1270258.000000,127.025800,5.167959,9444.977500,967.000000,10966.000000,66186.000000,21459.000000,966.000000,10000.000000,8.000000,,,,,,
10000,96,prefix80,prefixed,scenario_label=prefix80,0.000000,True,True,formal_extended_baseline_screen,2830123666,103520727,5490737.500000,293225.000000,420000.000000,11027,2769490.460750,796.450000,2770286.910750,10000,10000,0,513,257.000000,257.000000,257.000000,55536.000000,10256.000000,20000.000000,20000.000000,10256.000000,256.000000,10000.000000,0.000000,0.000000,0.000000,0.000000,0.000000,0.000000,8.000000,10000.000000,0.000000,4.000000,0.000000,1821.248967,SGCT,27,256.000000,,,,,,,,,80.000000,,,10513,0.951203,42.000000,29.322500,713225.000000,71.322500,19.493177,5490.737500,257.000000,10256.000000,55536.000000,20000.000000,256.000000,10000.000000,8.000000,,,,,,
10000,96,clustered,clustered,scenario_label=clustered,0.000000,True,True,formal_extended_baseline_screen,3377847691,3391875656,10143763.750000,546607.000000,991980.000000,15545,5033560.747875,1589.204000,5035149.951875,10000,10000,0,2775,1391.000000,1381.000000,129.000000,41680.000000,11376.000000,32608.000000,32608.000000,11376.000000,1384.000000,9992.000000,4.000000,0.000000,0.000000,0.000000,0.000000,0.000000,8.000000,10000.000000,0.000000,6.524400,0.000000,985.827376,SGCT,27,35.000000,,,,,,,,,,8.000000,64.000000,12775,0.782779,99.198000,54.660700,1538587.000000,153.858700,3.603604,10143.763750,1381.000000,11376.000000,41680.000000,32608.000000,1384.000000,9992.000000,8.000000,,,,,,
10000,96,random,random,scenario_label=random,0.000000,True,True,formal_extended_baseline_screen,264712398,226578717,11254180.000000,331983.000000,1322950.000000,13805,5646524.642625,1325.441000,5647850.083625,10000,10000,0,1903,953.000000,951.000000,257.000000,65946.000000,10950.000000,21424.000000,21424.000000,10950.000000,950.000000,10000.000000,0.000000,0.000000,0.000000,0.000000,0.000000,0.000000,8.000000,10000.000000,0.000000,4.285200,0.000000,888.558740,SGCT,28,261.000000,,,,,,,,,,,,11903,0.840124,132.295000,33.198300,1654933.000000,165.493300,5.254861,11254.180000,951.000000,10950.000000,65946.000000,21424.000000,950.000000,10000.000000,8.000000,,,,,,
10000,96,prefixed,prefixed,scenario_label=prefixed,0.000000,True,True,formal_extended_baseline_screen,2849627408,324872400,9481395.000000,429256.000000,843722.000000,13913,4764095.499375,1280.373000,4765375.872375,10000,10000,0,1959,983.000000,977.000000,257.000000,66336.000000,10976.000000,21465.000000,21465.000000,10976.000000,976.000000,10000.000000,0.000000,0.000000,0.000000,0.000000,0.000000,0.000000,8.000000,10000.000000,0.000000,4.294200,0.000000,1054.697120,SGCT,28,257.000000,,,,,,,,,48.000000,,,11959,0.836190,84.372200,42.925600,1272978.000000,127.297800,5.104645,9481.395000,977.000000,10976.000000,66336.000000,21465.000000,976.000000,10000.000000,8.000000,,,,,,
10000,96,prefix80,prefixed,scenario_label=prefix80,0.000000,True,True,formal_extended_baseline_screen,2205676394,2819532289,5490737.500000,293225.000000,420000.000000,11027,2779038.939000,796.450000,2779835.389000,10000,10000,0,513,257.000000,257.000000,257.000000,55536.000000,10256.000000,20000.000000,20000.000000,10256.000000,256.000000,10000.000000,0.000000,0.000000,0.000000,0.000000,0.000000,0.000000,8.000000,10000.000000,0.000000,4.000000,0.000000,1821.248967,SGCT,28,256.000000,,,,,,,,,80.000000,,,10513,0.951203,42.000000,29.322500,713225.000000,71.322500,19.493177,5490.737500,257.000000,10256.000000,55536.000000,20000.000000,256.000000,10000.000000,8.000000,,,,,,
10000,96,clustered,clustered,scenario_label=clustered,0.000000,True,True,formal_extended_baseline_screen,1883537458,1054371425,10172535.000000,548655.000000,992485.000000,15578,5130176.357250,1593.552500,5131769.909750,10000,10000,0,2790,1397.000000,1393.000000,129.000000,41857.000000,11391.000000,32645.000000,32645.000000,11391.000000,1393.000000,9998.000000,1.000000,0.000000,0.000000,0.000000,0.000000,0.000000,8.000000,10000.000000,0.000000,6.530000,0.000000,983.039134,SGCT,28,39.000000,,,,,,,,,,8.000000,64.000000,12790,0.781861,99.248500,54.865500,1541140.000000,154.114000,3.584229,10172.535000,1393.000000,11391.000000,41857.000000,32645.000000,1393.000000,9998.000000,8.000000,,,,,,
10000,96,random,random,scenario_label=random,0.000000,True,True,formal_extended_baseline_screen,814411954,4041577814,11194933.750000,328246.000000,1321964.000000,13676,5623000.242750,1317.474000,5624317.716750,10000,10000,0,1838,920.000000,919.000000,257.000000,65466.000000,10918.000000,21363.000000,21363.000000,10918.000000,918.000000,10000.000000,0.000000,0.000000,0.000000,0.000000,0.000000,0.000000,8.000000,10000.000000,0.000000,4.272800,0.000000,893.261204,SGCT,29,257.000000,,,,,,,,,,,,11838,0.844737,132.196400,32.824600,1650210.000000,165.021000,5.440696,11194.933750,919.000000,10918.000000,65466.000000,21363.000000,918.000000,10000.000000,8.000000,,,,,,
10000,96,prefixed,prefixed,scenario_label=prefixed,0.000000,True,True,formal_extended_baseline_screen,3130433991,885182070,9517046.250000,431831.000000,843935.000000,13962,4802059.291250,1285.629500,4803344.920750,10000,10000,0,1982,993.000000,990.000000,257.000000,66531.000000,10989.000000,21493.000000,21493.000000,10989.000000,989.000000,10000.000000,0.000000,0.000000,0.000000,0.000000,0.000000,0.000000,8.000000,10000.000000,0.000000,4.299200,0.000000,1050.746181,SGCT,29,259.000000,,,,,,,,,48.000000,,,11982,0.834585,84.393500,43.183100,1275766.000000,127.576600,5.045409,9517.046250,990.000000,10989.000000,66531.000000,21493.000000,989.000000,10000.000000,8.000000,,,,,,
10000,96,prefix80,prefixed,scenario_label=prefix80,0.000000,True,True,formal_extended_baseline_screen,1229335753,3938658798,5490737.500000,293225.000000,420000.000000,11027,2771884.106500,796.450000,2772680.556500,10000,10000,0,513,257.000000,257.000000,257.000000,55536.000000,10256.000000,20000.000000,20000.000000,10256.000000,256.000000,10000.000000,0.000000,0.000000,0.000000,0.000000,0.000000,0.000000,8.000000,10000.000000,0.000000,4.000000,0.000000,1821.248967,SGCT,29,256.000000,,,,,,,,,80.000000,,,10513,0.951203,42.000000,29.322500,713225.000000,71.322500,19.493177,5490.737500,257.000000,10256.000000,55536.000000,20000.000000,256.000000,10000.000000,8.000000,,,,,,
10000,96,clustered,clustered,scenario_label=clustered,0.000000,True,True,formal_extended_baseline_screen,3172725409,4035699363,10013705.000000,537388.000000,990763.000000,15385,5018756.495000,1570.157500,5020326.652500,10000,10000,0,2693,1348.000000,1346.000000,129.000000,41151.000000,11345.000000,32541.000000,32541.000000,11345.000000,1345.000000,10000.000000,0.000000,0.000000,0.000000,0.000000,0.000000,0.000000,8.000000,10000.000000,0.000000,6.508600,0.000000,998.631376,SGCT,29,36.000000,,,,,,,,,,8.000000,64.000000,12693,0.787836,99.076300,53.738800,1528151.000000,152.815100,3.713331,10013.705000,1346.000000,11345.000000,41151.000000,32541.000000,1345.000000,10000.000000,8.000000,,,,,,
10000,96,random,random,scenario_label=random,0.000000,True,True,formal_extended_baseline_screen,1675969911,3702850557,11229161.250000,330420.000000,1322780.000000,13752,5634860.856250,1322.230000,5636183.086250,10000,10000,0,1876,939.000000,938.000000,257.000000,65751.000000,10937.000000,21411.000000,21411.000000,10937.000000,937.000000,10000.000000,0.000000,0.000000,0.000000,0.000000,0.000000,0.000000,8.000000,10000.000000,0.000000,4.282400,0.000000,890.538463,SGCT,30,258.000000,,,,,,,,,,,,11876,0.842034,132.278000,33.042000,1653200.000000,165.320000,5.330490,11229.161250,938.000000,10937.000000,65751.000000,21411.000000,937.000000,10000.000000,8.000000,,,,,,
10000,96,prefixed,prefixed,scenario_label=prefixed,0.000000,True,True,formal_extended_baseline_screen,2782577657,2157268900,9295603.750000,416379.000000,841743.000000,13670,4681120.804875,1253.629500,4682374.434375,10000,10000,0,1836,920.000000,917.000000,257.000000,65436.000000,10916.000000,21354.000000,21354.000000,10916.000000,916.000000,10000.000000,0.000000,0.000000,0.000000,0.000000,0.000000,0.000000,8.000000,10000.000000,0.000000,4.271400,0.000000,1075.777353,SGCT,30,260.000000,,,,,,,,,48.000000,,,11836,0.844880,84.174300,41.637900,1258122.000000,125.812200,5.446623,9295.603750,917.000000,10916.000000,65436.000000,21354.000000,916.000000,10000.000000,8.000000,,,,,,
10000,96,prefix80,prefixed,scenario_label=prefix80,0.000000,True,True,formal_extended_baseline_screen,511059701,1426657520,5490737.500000,293225.000000,420000.000000,11027,2772158.472750,796.450000,2772954.922750,10000,10000,0,513,257.000000,257.000000,257.000000,55536.000000,10256.000000,20000.000000,20000.000000,10256.000000,256.000000,10000.000000,0.000000,0.000000,0.000000,0.000000,0.000000,0.000000,8.000000,10000.000000,0.000000,4.000000,0.000000,1821.248967,SGCT,30,256.000000,,,,,,,,,80.000000,,,10513,0.951203,42.000000,29.322500,713225.000000,71.322500,19.493177,5490.737500,257.000000,10256.000000,55536.000000,20000.000000,256.000000,10000.000000,8.000000,,,,,,
10000,96,clustered,clustered,scenario_label=clustered,0.000000,True,True,formal_extended_baseline_screen,3855081597,4197070672,10043756.250000,539551.000000,991305.000000,15419,4965480.568000,1574.754500,4967055.322500,10000,10000,0,2713,1361.000000,1352.000000,129.000000,41242.000000,11350.000000,32565.000000,32565.000000,11350.000000,1352.000000,9998.000000,1.000000,0.000000,0.000000,0.000000,0.000000,0.000000,8.000000,10000.000000,0.000000,6.515000,0.000000,995.643438,SGCT,30,34.000000,,,,,,,,,,8.000000,64.000000,12713,0.786596,99.130500,53.955100,1530856.000000,153.085600,3.685957,10043.756250,1352.000000,11350.000000,41242.000000,32565.000000,1352.000000,9998.000000,8.000000,,,,,,
10000,96,random,random,scenario_label=random,0.000000,True,True,formal_extended_baseline_screen,3265993510,4210570131,11247203.750000,331579.000000,1323063.000000,13790,5643483.379875,1324.689500,5644808.069375,10000,10000,0,1896,950.000000,947.000000,257.000000,65886.000000,10946.000000,21428.000000,21428.000000,10946.000000,946.000000,10000.000000,0.000000,0.000000,0.000000,0.000000,0.000000,0.000000,8.000000,10000.000000,0.000000,4.286200,0.000000,889.109882,SGCT,31,260.000000,,,,,,,,,,,,11896,0.840619,132.306300,33.157900,1654642.000000,165.464200,5.274262,11247.203750,947.000000,10946.000000,65886.000000,21428.000000,946.000000,10000.000000,8.000000,,,,,,
10000,96,prefixed,prefixed,scenario_label=prefixed,0.000000,True,True,formal_extended_baseline_screen,1064392848,4165521812,9424383.750000,425335.000000,843052.000000,13843,4735221.429375,1272.196000,4736493.625375,10000,10000,0,1921,961.000000,961.000000,257.000000,66096.000000,10960.000000,21439.000000,21439.000000,10960.000000,960.000000,10000.000000,0.000000,0.000000,0.000000,0.000000,0.000000,0.000000,8.000000,10000.000000,0.000000,4.287800,0.000000,1061.077336,SGCT,31,258.000000,,,,,,,,,48.000000,,,11921,0.838856,84.305200,42.533500,1268387.000000,126.838700,5.205622,9424.383750,961.000000,10960.000000,66096.000000,21439.000000,960.000000,10000.000000,8.000000,,,,,,
10000,96,prefix80,prefixed,scenario_label=prefix80,0.000000,True,True,formal_extended_baseline_screen,2404369372,3087249055,5490737.500000,293225.000000,420000.000000,11027,2766622.667500,796.450000,2767419.117500,10000,10000,0,513,257.000000,257.000000,257.000000,55536.000000,10256.000000,20000.000000,20000.000000,10256.000000,256.000000,10000.000000,0.000000,0.000000,0.000000,0.000000,0.000000,0.000000,8.000000,10000.000000,0.000000,4.000000,0.000000,1821.248967,SGCT,31,256.000000,,,,,,,,,80.000000,,,10513,0.951203,42.000000,29.322500,713225.000000,71.322500,19.493177,5490.737500,257.000000,10256.000000,55536.000000,20000.000000,256.000000,10000.000000,8.000000,,,,,,
10000,96,clustered,clustered,scenario_label=clustered,0.000000,True,True,formal_extended_baseline_screen,1581184839,1488720163,10217107.500000,551813.000000,1055696.000000,15637,5130958.737875,1631.474000,5132590.211875,10000,10000,0,2819,1411.000000,1407.000000,129.000000,42068.000000,11404.000000,35185.000000,35185.000000,11404.000000,1408.000000,9996.000000,2.000000,0.000000,0.000000,0.000000,0.000000,0.000000,8.000000,10000.000000,0.000000,7.038200,0.000000,978.750591,SGCT,31,34.000000,,,,,,,,,,8.000000,64.000000,12819,0.780092,105.569600,55.181300,1607509.000000,160.750900,3.547357,10217.107500,1407.000000,11404.000000,42068.000000,35185.000000,1408.000000,9996.000000,8.000000,,,,,,
10000,96,random,random,scenario_label=random,0.000000,True,True,formal_extended_baseline_screen,2252910599,2819853344,11236625.000000,330914.000000,1322490.000000,13767,5632410.643375,1323.073000,5633733.716375,10000,10000,0,1883,942.000000,942.000000,257.000000,65811.000000,10941.000000,21404.000000,21404.000000,10941.000000,941.000000,10000.000000,0.000000,0.000000,0.000000,0.000000,0.000000,0.000000,8.000000,10000.000000,0.000000,4.280800,0.000000,889.946937,SGCT,32,257.000000,,,,,,,,,,,,11883,0.841538,132.249000,33.091400,1653404.000000,165.340400,5.310674,11236.625000,942.000000,10941.000000,65811.000000,21404.000000,941.000000,10000.000000,8.000000,,,,,,
10000,96,prefixed,prefixed,scenario_label=prefixed,0.000000,True,True,formal_extended_baseline_screen,3774357635,2834455415,9398180.000000,423492.000000,842904.000000,13804,4672425.489125,1268.436000,4673693.925125,10000,10000,0,1904,955.000000,950.000000,257.000000,65931.000000,10949.000000,21418.000000,21418.000000,10949.000000,949.000000,10000.000000,0.000000,0.000000,0.000000,0.000000,0.000000,0.000000,8.000000,10000.000000,0.000000,4.284600,0.000000,1064.035803,SGCT,32,257.000000,,,,,,,,,48.000000,,,11904,0.840054,84.290400,42.349200,1266396.000000,126.639600,5.252101,9398.180000,950.000000,10949.000000,65931.000000,21418.000000,949.000000,10000.000000,8.000000,,,,,,
10000,96,prefix80,prefixed,scenario_label=prefix80,0.000000,True,True,formal_extended_baseline_screen,3552680233,2773820865,5490737.500000,293225.000000,420000.000000,11027,2773290.033750,796.450000,2774086.483750,10000,10000,0,513,257.000000,257.000000,257.000000,55536.000000,10256.000000,20000.000000,20000.000000,10256.000000,256.000000,10000.000000,0.000000,0.000000,0.000000,0.000000,0.000000,0.000000,8.000000,10000.000000,0.000000,4.000000,0.000000,1821.248967,SGCT,32,256.000000,,,,,,,,,80.000000,,,10513,0.951203,42.000000,29.322500,713225.000000,71.322500,19.493177,5490.737500,257.000000,10256.000000,55536.000000,20000.000000,256.000000,10000.000000,8.000000,,,,,,
10000,96,clustered,clustered,scenario_label=clustered,0.000000,True,True,formal_extended_baseline_screen,1120776253,1070754723,10154596.250000,547380.000000,992336.000000,15559,5117600.997375,1590.928000,5119191.925375,10000,10000,0,2781,1393.000000,1386.000000,129.000000,41754.000000,11382.000000,32630.000000,32630.000000,11382.000000,1388.000000,9994.000000,3.000000,0.000000,0.000000,0.000000,0.000000,0.000000,8.000000,10000.000000,0.000000,6.528000,0.000000,984.775736,SGCT,32,34.000000,,,,,,,,,,8.000000,64.000000,12781,0.782411,99.233600,54.738000,1539716.000000,153.971600,3.595829,10154.596250,1386.000000,11382.000000,41754.000000,32630.000000,1388.000000,9994.000000,8.000000,,,,,,
10000,96,random,random,scenario_label=random,0.000000,True,True,formal_extended_baseline_screen,2042956436,705352614,11185415.000000,327614.000000,1321778.000000,13656,5619730.251875,1316.117000,5621046.368875,10000,10000,0,1828,915.000000,914.000000,257.000000,65391.000000,10913.000000,21350.000000,21350.000000,10913.000000,913.000000,10000.000000,0.000000,0.000000,0.000000,0.000000,0.000000,0.000000,8.000000,10000.000000,0.000000,4.270200,0.000000,894.021366,SGCT,33,259.000000,,,,,,,,,,,,11828,0.845451,132.177800,32.761400,1649392.000000,164.939200,5.470460,11185.415000,914.000000,10913.000000,65391.000000,21350.000000,913.000000,10000.000000,8.000000,,,,,,
10000,96,prefixed,prefixed,scenario_label=prefixed,0.000000,True,True,formal_extended_baseline_screen,2604247550,3120950137,9438863.750000,426307.000000,843312.000000,13861,4778785.057125,1274.270000,4780059.327125,10000,10000,0,1931,967.000000,965.000000,257.000000,66156.000000,10964.000000,21447.000000,21447.000000,10964.000000,964.000000,10000.000000,0.000000,0.000000,0.000000,0.000000,0.000000,0.000000,8.000000,10000.000000,0.000000,4.289800,0.000000,1059.449555,SGCT,33,258.000000,,,,,,,,,48.000000,,,11931,0.838153,84.331200,42.630700,1269619.000000,126.961900,5.178664,9438.863750,965.000000,10964.000000,66156.000000,21447.000000,964.000000,10000.000000,8.000000,,,,,,
10000,96,prefix80,prefixed,scenario_label=prefix80,0.000000,True,True,formal_extended_baseline_screen,4264852947,332606635,5490737.500000,293225.000000,420000.000000,11027,2776041.687500,796.450000,2776838.137500,10000,10000,0,513,257.000000,257.000000,257.000000,55536.000000,10256.000000,20000.000000,20000.000000,10256.000000,256.000000,10000.000000,0.000000,0.000000,0.000000,0.000000,0.000000,0.000000,8.000000,10000.000000,0.000000,4.000000,0.000000,1821.248967,SGCT,33,256.000000,,,,,,,,,80.000000,,,10513,0.951203,42.000000,29.322500,713225.000000,71.322500,19.493177,5490.737500,257.000000,10256.000000,55536.000000,20000.000000,256.000000,10000.000000,8.000000,,,,,,
10000,96,clustered,clustered,scenario_label=clustered,0.000000,True,True,formal_extended_baseline_screen,1884500039,3006875597,10285508.750000,556571.000000,1056213.000000,15717,5135549.641875,1641.248500,5137190.890375,10000,10000,0,2859,1431.000000,1428.000000,129.000000,42382.000000,11426.000000,35215.000000,35215.000000,11426.000000,1428.000000,9998.000000,1.000000,0.000000,0.000000,0.000000,0.000000,0.000000,8.000000,10000.000000,0.000000,7.043800,0.000000,972.241650,SGCT,33,36.000000,,,,,,,,,,8.000000,64.000000,12859,0.777665,105.621300,55.657100,1612784.000000,161.278400,3.497726,10285.508750,1428.000000,11426.000000,42382.000000,35215.000000,1428.000000,9998.000000,8.000000,,,,,,
10000,96,random,random,scenario_label=random,0.000000,True,True,formal_extended_baseline_screen,1926156841,231029176,11282286.250000,333802.000000,1323265.000000,13865,5666528.522250,1329.236500,5667857.758750,10000,10000,0,1933,968.000000,966.000000,257.000000,66171.000000,10965.000000,21450.000000,21450.000000,10965.000000,965.000000,10000.000000,0.000000,0.000000,0.000000,0.000000,0.000000,0.000000,8.000000,10000.000000,0.000000,4.290400,0.000000,886.345177,SGCT,34,259.000000,,,,,,,,,,,,11933,0.838012,132.326500,33.380200,1657067.000000,165.706700,5.173306,11282.286250,966.000000,10965.000000,66171.000000,21450.000000,965.000000,10000.000000,8.000000,,,,,,
10000,96,prefixed,prefixed,scenario_label=prefixed,0.000000,True,True,formal_extended_baseline_screen,304335199,3487458115,9494682.500000,430236.000000,843973.000000,13934,4779572.287750,1282.458500,4780854.746250,10000,10000,0,1968,986.000000,983.000000,257.000000,66426.000000,10982.000000,21488.000000,21488.000000,10982.000000,982.000000,10000.000000,0.000000,0.000000,0.000000,0.000000,0.000000,0.000000,8.000000,10000.000000,0.000000,4.298200,0.000000,1053.221106,SGCT,34,258.000000,,,,,,,,,48.000000,,,11968,0.835561,84.397300,43.023600,1274209.000000,127.420900,5.081301,9494.682500,983.000000,10982.000000,66426.000000,21488.000000,982.000000,10000.000000,8.000000,,,,,,
10000,96,prefix80,prefixed,scenario_label=prefix80,0.000000,True,True,formal_extended_baseline_screen,1538798478,1662006714,5490737.500000,293225.000000,420000.000000,11027,2771415.286500,796.450000,2772211.736500,10000,10000,0,513,257.000000,257.000000,257.000000,55536.000000,10256.000000,20000.000000,20000.000000,10256.000000,256.000000,10000.000000,0.000000,0.000000,0.000000,0.000000,0.000000,0.000000,8.000000,10000.000000,0.000000,4.000000,0.000000,1821.248967,SGCT,34,256.000000,,,,,,,,,80.000000,,,10513,0.951203,42.000000,29.322500,713225.000000,71.322500,19.493177,5490.737500,257.000000,10256.000000,55536.000000,20000.000000,256.000000,10000.000000,8.000000,,,,,,
10000,96,clustered,clustered,scenario_label=clustered,0.000000,True,True,formal_extended_baseline_screen,2234370540,1552916312,10173631.250000,548720.000000,992730.000000,15581,5043999.464375,1593.805000,5045593.269375,10000,10000,0,2791,1397.000000,1394.000000,129.000000,41872.000000,11392.000000,32655.000000,32655.000000,11392.000000,1394.000000,9998.000000,1.000000,0.000000,0.000000,0.000000,0.000000,0.000000,8.000000,10000.000000,0.000000,6.531800,0.000000,982.933208,SGCT,34,34.000000,,,,,,,,,,8.000000,64.000000,12791,0.781800,99.273000,54.872000,1541450.000000,154.145000,3.582945,10173.631250,1394.000000,11392.000000,41872.000000,32655.000000,1394.000000,9998.000000,8.000000,,,,,,
10000,96,random,random,scenario_label=random,0.000000,True,True,formal_extended_baseline_screen,2690207514,1223534964,11218965.000000,329701.000000,1322367.000000,13729,5639601.751875,1320.585500,5640922.337375,10000,10000,0,1865,934.000000,932.000000,257.000000,65661.000000,10931.000000,21383.000000,21383.000000,10931.000000,931.000000,10000.000000,0.000000,0.000000,0.000000,0.000000,0.000000,0.000000,8.000000,10000.000000,0.000000,4.277000,0.000000,891.347820,SGCT,35,258.000000,,,,,,,,,,,,11865,0.842815,132.236700,32.970100,1652068.000000,165.206800,5.361930,11218.965000,932.000000,10931.000000,65661.000000,21383.000000,931.000000,10000.000000,8.000000,,,,,,
10000,96,prefixed,prefixed,scenario_label=prefixed,0.000000,True,True,formal_extended_baseline_screen,4048739445,2062694229,9473820.000000,428785.000000,843741.000000,13908,4785997.795125,1279.440500,4787277.235625,10000,10000,0,1954,978.000000,977.000000,257.000000,66336.000000,10976.000000,21477.000000,21477.000000,10976.000000,976.000000,10000.000000,0.000000,0.000000,0.000000,0.000000,0.000000,0.000000,8.000000,10000.000000,0.000000,4.295600,0.000000,1055.540426,SGCT,35,257.000000,,,,,,,,,48.000000,,,11954,0.836540,84.374100,42.878500,1272526.000000,127.252600,5.117707,9473.820000,977.000000,10976.000000,66336.000000,21477.000000,976.000000,10000.000000,8.000000,,,,,,
10000,96,prefix80,prefixed,scenario_label=prefix80,0.000000,True,True,formal_extended_baseline_screen,2800648159,2867625559,5490737.500000,293225.000000,420000.000000,11027,2769988.582000,796.450000,2770785.032000,10000,10000,0,513,257.000000,257.000000,257.000000,55536.000000,10256.000000,20000.000000,20000.000000,10256.000000,256.000000,10000.000000,0.000000,0.000000,0.000000,0.000000,0.000000,0.000000,8.000000,10000.000000,0.000000,4.000000,0.000000,1821.248967,SGCT,35,256.000000,,,,,,,,,80.000000,,,10513,0.951203,42.000000,29.322500,713225.000000,71.322500,19.493177,5490.737500,257.000000,10256.000000,55536.000000,20000.000000,256.000000,10000.000000,8.000000,,,,,,
10000,96,clustered,clustered,scenario_label=clustered,0.000000,True,True,formal_extended_baseline_screen,1745901410,1701118000,10170593.750000,548560.000000,992887.000000,15572,5064124.297250,1593.563500,5065717.860750,10000,10000,0,2788,1397.000000,1392.000000,129.000000,41841.000000,11391.000000,32664.000000,32664.000000,11391.000000,1391.000000,10000.000000,0.000000,0.000000,0.000000,0.000000,0.000000,0.000000,8.000000,10000.000000,0.000000,6.533800,0.000000,983.226766,SGCT,35,37.000000,,,,,,,,,,8.000000,64.000000,12788,0.781983,99.288700,54.856000,1541447.000000,154.144700,3.586801,10170.593750,1392.000000,11391.000000,41841.000000,32664.000000,1391.000000,10000.000000,8.000000,,,,,,
10000,96,random,random,scenario_label=random,0.000000,True,True,formal_extended_baseline_screen,1928770138,3574613200,11192633.750000,328129.000000,1321717.000000,13669,5614136.202875,1317.116500,5615453.319375,10000,10000,0,1835,919.000000,917.000000,257.000000,65436.000000,10916.000000,21352.000000,21352.000000,10916.000000,916.000000,10000.000000,0.000000,0.000000,0.000000,0.000000,0.000000,0.000000,8.000000,10000.000000,0.000000,4.270800,0.000000,893.444762,SGCT,36,258.000000,,,,,,,,,,,,11835,0.844951,132.171700,32.812900,1649846.000000,164.984600,5.449591,11192.633750,917.000000,10916.000000,65436.000000,21352.000000,916.000000,10000.000000,8.000000,,,,,,
10000,96,prefixed,prefixed,scenario_label=prefixed,0.000000,True,True,formal_extended_baseline_screen,1318647535,1415880893,9246893.750000,412939.000000,841330.000000,13606,4644427.826750,1246.543000,4645674.369750,10000,10000,0,1804,904.000000,901.000000,257.000000,65196.000000,10900.000000,21323.000000,21323.000000,10900.000000,900.000000,10000.000000,0.000000,0.000000,0.000000,0.000000,0.000000,0.000000,8.000000,10000.000000,0.000000,4.265200,0.000000,1081.444242,SGCT,36,261.000000,,,,,,,,,48.000000,,,11804,0.847170,84.133000,41.293900,1254269.000000,125.426900,5.543237,9246.893750,901.000000,10900.000000,65196.000000,21323.000000,900.000000,10000.000000,8.000000,,,,,,
10000,96,prefix80,prefixed,scenario_label=prefix80,0.000000,True,True,formal_extended_baseline_screen,2487161622,2986296922,5490737.500000,293225.000000,420000.000000,11027,2767328.028500,796.450000,2768124.478500,10000,10000,0,513,257.000000,257.000000,257.000000,55536.000000,10256.000000,20000.000000,20000.000000,10256.000000,256.000000,10000.000000,0.000000,0.000000,0.000000,0.000000,0.000000,0.000000,8.000000,10000.000000,0.000000,4.000000,0.000000,1821.248967,SGCT,36,256.000000,,,,,,,,,80.000000,,,10513,0.951203,42.000000,29.322500,713225.000000,71.322500,19.493177,5490.737500,257.000000,10256.000000,55536.000000,20000.000000,256.000000,10000.000000,8.000000,,,,,,
10000,96,clustered,clustered,scenario_label=clustered,0.000000,True,True,formal_extended_baseline_screen,3755104620,2975941644,10067878.750000,541180.000000,991461.000000,15451,5071239.167125,1578.090500,5072817.257625,10000,10000,0,2727,1366.000000,1361.000000,129.000000,41377.000000,11359.000000,32574.000000,32574.000000,11359.000000,1361.000000,9998.000000,1.000000,0.000000,0.000000,0.000000,0.000000,0.000000,8.000000,10000.000000,0.000000,6.516000,0.000000,993.257890,SGCT,36,38.000000,,,,,,,,,,8.000000,64.000000,12727,0.785731,99.146100,54.118000,1532641.000000,153.264100,3.667033,10067.878750,1361.000000,11359.000000,41377.000000,32574.000000,1361.000000,9998.000000,8.000000,,,,,,
10000,96,random,random,scenario_label=random,0.000000,True,True,formal_extended_baseline_screen,3956758156,3364035982,11282718.750000,333834.000000,1323298.000000,13866,5690175.482375,1329.317000,5691504.799375,10000,10000,0,1934,969.000000,966.000000,257.000000,66171.000000,10965.000000,21451.000000,21451.000000,10965.000000,965.000000,10000.000000,0.000000,0.000000,0.000000,0.000000,0.000000,0.000000,8.000000,10000.000000,0.000000,4.290800,0.000000,886.311200,SGCT,37,260.000000,,,,,,,,,,,,11934,0.837942,132.329800,33.383400,1657132.000000,165.713200,5.170631,11282.718750,966.000000,10965.000000,66171.000000,21451.000000,965.000000,10000.000000,8.000000,,,,,,
10000,96,prefixed,prefixed,scenario_label=prefixed,0.000000,True,True,formal_extended_baseline_screen,1372255346,3550353062,9407267.500000,424205.000000,843036.000000,13818,4733964.159500,1269.928000,4735234.087500,10000,10000,0,1910,957.000000,954.000000,257.000000,65991.000000,10953.000000,21435.000000,21435.000000,10953.000000,953.000000,10000.000000,0.000000,0.000000,0.000000,0.000000,0.000000,0.000000,8.000000,10000.000000,0.000000,4.287600,0.000000,1063.007935,SGCT,37,259.000000,,,,,,,,,48.000000,,,11910,0.839631,84.303600,42.420500,1267241.000000,126.724100,5.235602,9407.267500,954.000000,10953.000000,65991.000000,21435.000000,953.000000,10000.000000,8.000000,,,,,,
10000,96,prefix80,prefixed,scenario_label=prefix80,0.000000,True,True,formal_extended_baseline_screen,707353532,190756221,5490737.500000,293225.000000,420000.000000,11027,2770154.267250,796.450000,2770950.717250,10000,10000,0,513,257.000000,257.000000,257.000000,55536.000000,10256.000000,20000.000000,20000.000000,10256.000000,256.000000,10000.000000,0.000000,0.000000,0.000000,0.000000,0.000000,0.000000,8.000000,10000.000000,0.000000,4.000000,0.000000,1821.248967,SGCT,37,256.000000,,,,,,,,,80.000000,,,10513,0.951203,42.000000,29.322500,713225.000000,71.322500,19.493177,5490.737500,257.000000,10256.000000,55536.000000,20000.000000,256.000000,10000.000000,8.000000,,,,,,
10000,96,clustered,clustered,scenario_label=clustered,0.000000,True,True,formal_extended_baseline_screen,1062845759,1220547210,10202161.250000,550771.000000,992555.000000,15614,5072127.482750,1597.819500,5073725.302250,10000,10000,0,2808,1406.000000,1401.000000,129.000000,41978.000000,11398.000000,32653.000000,32653.000000,11398.000000,1402.000000,9996.000000,2.000000,0.000000,0.000000,0.000000,0.000000,0.000000,8.000000,10000.000000,0.000000,6.532000,0.000000,980.184468,SGCT,37,33.000000,,,,,,,,,,8.000000,64.000000,12808,0.780762,99.255500,55.077100,1543326.000000,154.332600,3.561254,10202.161250,1401.000000,11398.000000,41978.000000,32653.000000,1402.000000,9996.000000,8.000000,,,,,,
10000,96,random,random,scenario_label=random,0.000000,True,True,formal_extended_baseline_screen,957467494,77131335,11264352.500000,332585.000000,1323246.000000,13829,5665821.581500,1326.793000,5667148.374500,10000,10000,0,1915,959.000000,957.000000,257.000000,66036.000000,10956.000000,21438.000000,21438.000000,10956.000000,956.000000,10000.000000,0.000000,0.000000,0.000000,0.000000,0.000000,0.000000,8.000000,10000.000000,0.000000,4.288000,0.000000,887.756309,SGCT,38,258.000000,,,,,,,,,,,,11915,0.839278,132.324600,33.258500,1655831.000000,165.583100,5.221932,11264.352500,957.000000,10956.000000,66036.000000,21438.000000,956.000000,10000.000000,8.000000,,,,,,
10000,96,prefixed,prefixed,scenario_label=prefixed,0.000000,True,True,formal_extended_baseline_screen,2919934110,4165242763,9309078.750000,417249.000000,841900.000000,13691,4714218.075000,1255.448000,4715473.523000,10000,10000,0,1845,923.000000,923.000000,257.000000,65526.000000,10922.000000,21363.000000,21363.000000,10922.000000,922.000000,10000.000000,0.000000,0.000000,0.000000,0.000000,0.000000,0.000000,8.000000,10000.000000,0.000000,4.272600,0.000000,1074.220153,SGCT,38,258.000000,,,,,,,,,48.000000,,,11845,0.844238,84.190000,41.724900,1259149.000000,125.914900,5.420054,9309.078750,923.000000,10922.000000,65526.000000,21363.000000,922.000000,10000.000000,8.000000,,,,,,
10000,96,prefix80,prefixed,scenario_label=prefix80,0.000000,True,True,formal_extended_baseline_screen,3472369517,2614926778,5490737.500000,293225.000000,420000.000000,11027,2773757.255500,796.450000,2774553.705500,10000,10000,0,513,257.000000,257.000000,257.000000,55536.000000,10256.000000,20000.000000,20000.000000,10256.000000,256.000000,10000.000000,0.000000,0.000000,0.000000,0.000000,0.000000,0.000000,8.000000,10000.000000,0.000000,4.000000,0.000000,1821.248967,SGCT,38,256.000000,,,,,,,,,80.000000,,,10513,0.951203,42.000000,29.322500,713225.000000,71.322500,19.493177,5490.737500,257.000000,10256.000000,55536.000000,20000.000000,256.000000,10000.000000,8.000000,,,,,,
10000,96,clustered,clustered,scenario_label=clustered,0.000000,True,True,formal_extended_baseline_screen,1660287430,338919096,10090660.000000,542882.000000,991756.000000,15477,5045973.887250,1581.642000,5047555.529250,10000,10000,0,2739,1371.000000,1369.000000,129.000000,41496.000000,11368.000000,32601.000000,32601.000000,11368.000000,1368.000000,10000.000000,0.000000,0.000000,0.000000,0.000000,0.000000,0.000000,8.000000,10000.000000,0.000000,6.520600,0.000000,991.015454,SGCT,38,36.000000,,,,,,,,,,8.000000,64.000000,12739,0.784991,99.175600,54.288200,1534638.000000,153.463800,3.650968,10090.660000,1369.000000,11368.000000,41496.000000,32601.000000,1368.000000,10000.000000,8.000000,,,,,,
10000,96,random,random,scenario_label=random,0.000000,True,True,formal_extended_baseline_screen,2866897990,3913826412,11209607.500000,329143.000000,1322106.000000,13708,5637718.744125,1319.339000,5639038.083125,10000,10000,0,1854,928.000000,927.000000,257.000000,65586.000000,10926.000000,21372.000000,21372.000000,10926.000000,926.000000,10000.000000,0.000000,0.000000,0.000000,0.000000,0.000000,0.000000,8.000000,10000.000000,0.000000,4.274600,0.000000,892.091895,SGCT,39,257.000000,,,,,,,,,,,,11854,0.843597,132.210600,32.914300,1651249.000000,165.124900,5.393743,11209.607500,927.000000,10926.000000,65586.000000,21372.000000,926.000000,10000.000000,8.000000,,,,,,
10000,96,prefixed,prefixed,scenario_label=prefixed,0.000000,True,True,formal_extended_baseline_screen,86283338,804387610,9221556.250000,411063.000000,841012.000000,13573,4645043.028625,1242.632000,4646285.660625,10000,10000,0,1787,895.000000,893.000000,257.000000,65076.000000,10892.000000,21297.000000,21297.000000,10892.000000,892.000000,10000.000000,0.000000,0.000000,0.000000,0.000000,0.000000,0.000000,8.000000,10000.000000,0.000000,4.259800,0.000000,1084.415659,SGCT,39,257.000000,,,,,,,,,48.000000,,,11787,0.848392,84.101200,41.106300,1252075.000000,125.207500,5.595971,9221.556250,893.000000,10892.000000,65076.000000,21297.000000,892.000000,10000.000000,8.000000,,,,,,
10000,96,prefix80,prefixed,scenario_label=prefix80,0.000000,True,True,formal_extended_baseline_screen,1243192488,2276568342,5490737.500000,293225.000000,420000.000000,11027,2776398.097250,796.450000,2777194.547250,10000,10000,0,513,257.000000,257.000000,257.000000,55536.000000,10256.000000,20000.000000,20000.000000,10256.000000,256.000000,10000.000000,0.000000,0.000000,0.000000,0.000000,0.000000,0.000000,8.000000,10000.000000,0.000000,4.000000,0.000000,1821.248967,SGCT,39,256.000000,,,,,,,,,80.000000,,,10513,0.951203,42.000000,29.322500,713225.000000,71.322500,19.493177,5490.737500,257.000000,10256.000000,55536.000000,20000.000000,256.000000,10000.000000,8.000000,,,,,,
10000,96,clustered,clustered,scenario_label=clustered,0.000000,True,True,formal_extended_baseline_screen,481472403,507329427,10225025.000000,552342.000000,992933.000000,15639,5152905.238750,1601.150500,5154506.389250,10000,10000,0,2821,1413.000000,1409.000000,129.000000,42096.000000,11408.000000,32673.000000,32673.000000,11408.000000,1408.000000,10000.000000,0.000000,0.000000,0.000000,0.000000,0.000000,0.000000,8.000000,10000.000000,0.000000,6.535400,0.000000,977.992719,SGCT,39,37.000000,,,,,,,,,,8.000000,64.000000,12821,0.779970,99.293300,55.234200,1545275.000000,154.527500,3.544842,10225.025000,1409.000000,11408.000000,42096.000000,32673.000000,1408.000000,10000.000000,8.000000,,,,,,
10000,96,random,random,scenario_label=random,0.000000,True,True,formal_extended_baseline_screen,509607359,1561700905,11194657.500000,328228.000000,1321891.000000,13674,5609404.749500,1317.401500,5610722.151000,10000,10000,0,1838,921.000000,918.000000,257.000000,65451.000000,10917.000000,21357.000000,21357.000000,10917.000000,917.000000,10000.000000,0.000000,0.000000,0.000000,0.000000,0.000000,0.000000,8.000000,10000.000000,0.000000,4.272000,0.000000,893.283247,SGCT,40,259.000000,,,,,,,,,,,,11838,0.844737,132.189100,32.822800,1650119.000000,165.011900,5.440696,11194.657500,918.000000,10917.000000,65451.000000,21357.000000,917.000000,10000.000000,8.000000,,,,,,
10000,96,prefixed,prefixed,scenario_label=prefixed,0.000000,True,True,formal_extended_baseline_screen,2673896349,4280596517,9428193.750000,425649.000000,843417.000000,13846,4741741.701500,1273.006500,4743014.708000,10000,10000,0,1924,964.000000,961.000000,257.000000,66096.000000,10960.000000,21454.000000,21454.000000,10960.000000,960.000000,10000.000000,0.000000,0.000000,0.000000,0.000000,0.000000,0.000000,8.000000,10000.000000,0.000000,4.291400,0.000000,1060.648547,SGCT,40,259.000000,,,,,,,,,48.000000,,,11924,0.838645,84.341700,42.564900,1269066.000000,126.906600,5.197505,9428.193750,961.000000,10960.000000,66096.000000,21454.000000,960.000000,10000.000000,8.000000,,,,,,
10000,96,prefix80,prefixed,scenario_label=prefix80,0.000000,True,True,formal_extended_baseline_screen,1445782178,3370834350,5490737.500000,293225.000000,420000.000000,11027,2775356.571000,796.450000,2776153.021000,10000,10000,0,513,257.000000,257.000000,257.000000,55536.000000,10256.000000,20000.000000,20000.000000,10256.000000,256.000000,10000.000000,0.000000,0.000000,0.000000,0.000000,0.000000,0.000000,8.000000,10000.000000,0.000000,4.000000,0.000000,1821.248967,SGCT,40,256.000000,,,,,,,,,80.000000,,,10513,0.951203,42.000000,29.322500,713225.000000,71.322500,19.493177,5490.737500,257.000000,10256.000000,55536.000000,20000.000000,256.000000,10000.000000,8.000000,,,,,,
10000,96,clustered,clustered,scenario_label=clustered,0.000000,True,True,formal_extended_baseline_screen,3422425815,1490762503,10122457.500000,545143.000000,991696.000000,15516,5105848.417250,1586.134000,5107434.551250,10000,10000,0,2760,1383.000000,1376.000000,129.000000,41603.000000,11373.000000,32600.000000,32600.000000,11373.000000,1377.000000,9996.000000,2.000000,0.000000,0.000000,0.000000,0.000000,0.000000,8.000000,10000.000000,0.000000,6.521800,0.000000,987.902394,SGCT,40,40.000000,,,,,,,,,,8.000000,64.000000,12760,0.783699,99.169600,54.514300,1536839.000000,153.683900,3.623188,10122.457500,1376.000000,11373.000000,41603.000000,32600.000000,1377.000000,9996.000000,8.000000,,,,,,
10000,96,random,random,scenario_label=random,0.000000,True,True,formal_extended_baseline_screen,2374982155,922371134,11211385.000000,329317.000000,1322173.000000,13710,5641528.628875,1319.720500,5642848.349375,10000,10000,0,1856,930.000000,927.000000,257.000000,65586.000000,10926.000000,21377.000000,21377.000000,10926.000000,926.000000,10000.000000,0.000000,0.000000,0.000000,0.000000,0.000000,0.000000,8.000000,10000.000000,0.000000,4.276000,0.000000,891.950459,SGCT,41,258.000000,,,,,,,,,,,,11856,0.843455,132.217300,32.931700,1651490.000000,165.149000,5.387931,11211.385000,927.000000,10926.000000,65586.000000,21377.000000,926.000000,10000.000000,8.000000,,,,,,
10000,96,prefixed,prefixed,scenario_label=prefixed,0.000000,True,True,formal_extended_baseline_screen,2076339012,3547431955,9342700.000000,419671.000000,842218.000000,13733,4701082.165750,1260.451000,4702342.616750,10000,10000,0,1867,935.000000,933.000000,257.000000,65676.000000,10932.000000,21386.000000,21386.000000,10932.000000,932.000000,10000.000000,0.000000,0.000000,0.000000,0.000000,0.000000,0.000000,8.000000,10000.000000,0.000000,4.277600,0.000000,1070.354394,SGCT,41,262.000000,,,,,,,,,48.000000,,,11867,0.842673,84.221800,41.967100,1261889.000000,126.188900,5.356186,9342.700000,933.000000,10932.000000,65676.000000,21386.000000,932.000000,10000.000000,8.000000,,,,,,
10000,96,prefix80,prefixed,scenario_label=prefix80,0.000000,True,True,formal_extended_baseline_screen,3727899068,8436632,5490737.500000,293225.000000,420000.000000,11027,2771633.181250,796.450000,2772429.631250,10000,10000,0,513,257.000000,257.000000,257.000000,55536.000000,10256.000000,20000.000000,20000.000000,10256.000000,256.000000,10000.000000,0.000000,0.000000,0.000000,0.000000,0.000000,0.000000,8.000000,10000.000000,0.000000,4.000000,0.000000,1821.248967,SGCT,41,256.000000,,,,,,,,,80.000000,,,10513,0.951203,42.000000,29.322500,713225.000000,71.322500,19.493177,5490.737500,257.000000,10256.000000,55536.000000,20000.000000,256.000000,10000.000000,8.000000,,,,,,
10000,96,clustered,clustered,scenario_label=clustered,0.000000,True,True,formal_extended_baseline_screen,4098968949,697692354,10050343.750000,540026.000000,991686.000000,15435,5047450.894875,1575.895000,5049026.789875,10000,10000,0,2717,1359.000000,1358.000000,129.000000,41332.000000,11356.000000,32592.000000,32592.000000,11356.000000,1358.000000,9998.000000,1.000000,0.000000,0.000000,0.000000,0.000000,0.000000,8.000000,10000.000000,0.000000,6.518800,0.000000,994.990843,SGCT,41,37.000000,,,,,,,,,,8.000000,64.000000,12717,0.786349,99.168600,54.002600,1531712.000000,153.171200,3.680530,10050.343750,1358.000000,11356.000000,41332.000000,32592.000000,1358.000000,9998.000000,8.000000,,,,,,
10000,96,random,random,scenario_label=random,0.000000,True,True,formal_extended_baseline_screen,2681934676,3669870106,11274340.000000,333361.000000,1323319.000000,13849,5649648.580250,1328.381500,5650976.961750,10000,10000,0,1925,964.000000,962.000000,257.000000,66111.000000,10961.000000,21455.000000,21455.000000,10961.000000,961.000000,10000.000000,0.000000,0.000000,0.000000,0.000000,0.000000,0.000000,8.000000,10000.000000,0.000000,4.291400,0.000000,886.969880,SGCT,42,256.000000,,,,,,,,,,,,11925,0.838574,132.331900,33.336100,1656680.000000,165.668000,5.194805,11274.340000,962.000000,10961.000000,66111.000000,21455.000000,961.000000,10000.000000,8.000000,,,,,,
10000,96,prefixed,prefixed,scenario_label=prefixed,0.000000,True,True,formal_extended_baseline_screen,3463721453,2278726137,9341637.500000,419573.000000,842494.000000,13733,4712650.580250,1260.393000,4713910.973250,10000,10000,0,1867,935.000000,933.000000,257.000000,65676.000000,10932.000000,21396.000000,21396.000000,10932.000000,932.000000,10000.000000,0.000000,0.000000,0.000000,0.000000,0.000000,0.000000,8.000000,10000.000000,0.000000,4.279600,0.000000,1070.476134,SGCT,42,257.000000,,,,,,,,,48.000000,,,11867,0.842673,84.249400,41.957300,1262067.000000,126.206700,5.356186,9341.637500,933.000000,10932.000000,65676.000000,21396.000000,932.000000,10000.000000,8.000000,,,,,,
10000,96,prefix80,prefixed,scenario_label=prefix80,0.000000,True,True,formal_extended_baseline_screen,3090696183,1005388839,5490737.500000,293225.000000,420000.000000,11027,2772105.197750,796.450000,2772901.647750,10000,10000,0,513,257.000000,257.000000,257.000000,55536.000000,10256.000000,20000.000000,20000.000000,10256.000000,256.000000,10000.000000,0.000000,0.000000,0.000000,0.000000,0.000000,0.000000,8.000000,10000.000000,0.000000,4.000000,0.000000,1821.248967,SGCT,42,256.000000,,,,,,,,,80.000000,,,10513,0.951203,42.000000,29.322500,713225.000000,71.322500,19.493177,5490.737500,257.000000,10256.000000,55536.000000,20000.000000,256.000000,10000.000000,8.000000,,,,,,
10000,96,clustered,clustered,scenario_label=clustered,0.000000,True,True,formal_extended_baseline_screen,3927309367,2482086410,10191680.000000,549981.000000,992427.000000,15599,5108034.718125,1596.175500,5109630.893625,10000,10000,0,2801,1403.000000,1398.000000,129.000000,41932.000000,11396.000000,32643.000000,32643.000000,11396.000000,1398.000000,9998.000000,1.000000,0.000000,0.000000,0.000000,0.000000,0.000000,8.000000,10000.000000,0.000000,6.529800,0.000000,981.192502,SGCT,42,38.000000,,,,,,,,,,8.000000,64.000000,12801,0.781189,99.242700,54.998100,1542408.000000,154.240800,3.570154,10191.680000,1398.000000,11396.000000,41932.000000,32643.000000,1398.000000,9998.000000,8.000000,,,,,,
10000,96,random,random,scenario_label=random,0.000000,True,True,formal_extended_baseline_screen,3450749702,1535215968,11213283.750000,329403.000000,1322240.000000,13716,5630265.019875,1319.926000,5631584.945875,10000,10000,0,1858,930.000000,929.000000,257.000000,65616.000000,10928.000000,21381.000000,21381.000000,10928.000000,928.000000,10000.000000,0.000000,0.000000,0.000000,0.000000,0.000000,0.000000,8.000000,10000.000000,0.000000,4.276400,0.000000,891.799425,SGCT,43,258.000000,,,,,,,,,,,,11858,0.843313,132.224000,32.940300,1651643.000000,165.164300,5.382131,11213.283750,929.000000,10928.000000,65616.000000,21381.000000,928.000000,10000.000000,8.000000,,,,,,
10000,96,prefixed,prefixed,scenario_label=prefixed,0.000000,True,True,formal_extended_baseline_screen,144876194,3447151657,9335955.000000,419118.000000,842330.000000,13725,4722576.789250,1259.401000,4723836.190250,10000,10000,0,1863,933.000000,931.000000,257.000000,65646.000000,10930.000000,21383.000000,21383.000000,10930.000000,930.000000,10000.000000,0.000000,0.000000,0.000000,0.000000,0.000000,0.000000,8.000000,10000.000000,0.000000,4.277000,0.000000,1071.127699,SGCT,43,257.000000,,,,,,,,,48.000000,,,11863,0.842957,84.233000,41.911800,1261448.000000,126.144800,5.367687,9335.955000,931.000000,10930.000000,65646.000000,21383.000000,930.000000,10000.000000,8.000000,,,,,,
10000,96,prefix80,prefixed,scenario_label=prefix80,0.000000,True,True,formal_extended_baseline_screen,1513479548,1910187873,5490737.500000,293225.000000,420000.000000,11027,2773530.836750,796.450000,2774327.286750,10000,10000,0,513,257.000000,257.000000,257.000000,55536.000000,10256.000000,20000.000000,20000.000000,10256.000000,256.000000,10000.000000,0.000000,0.000000,0.000000,0.000000,0.000000,0.000000,8.000000,10000.000000,0.000000,4.000000,0.000000,1821.248967,SGCT,43,256.000000,,,,,,,,,80.000000,,,10513,0.951203,42.000000,29.322500,713225.000000,71.322500,19.493177,5490.737500,257.000000,10256.000000,55536.000000,20000.000000,256.000000,10000.000000,8.000000,,,,,,
10000,96,clustered,clustered,scenario_label=clustered,0.000000,True,True,formal_extended_baseline_screen,48141908,1512100571,10248858.750000,554170.000000,993378.000000,15672,5140311.654250,1605.029000,5141916.683250,10000,10000,0,2838,1422.000000,1414.000000,129.000000,42174.000000,11410.000000,32702.000000,32702.000000,11410.000000,1416.000000,9994.000000,3.000000,0.000000,0.000000,0.000000,0.000000,0.000000,8.000000,10000.000000,0.000000,6.542600,0.000000,975.718394,SGCT,43,34.000000,,,,,,,,,,8.000000,64.000000,12838,0.778938,99.337800,55.417000,1547548.000000,154.754800,3.523608,10248.858750,1414.000000,11410.000000,42174.000000,32702.000000,1416.000000,9994.000000,8.000000,,,,,,
10000,96,random,random,scenario_label=random,0.000000,True,True,formal_extended_baseline_screen,3987099893,3218780090,11203928.750000,328844.000000,1322287.000000,13697,5623608.140875,1318.831500,5624926.972375,10000,10000,0,1849,926.000000,924.000000,257.000000,65541.000000,10923.000000,21382.000000,21382.000000,10923.000000,923.000000,10000.000000,0.000000,0.000000,0.000000,0.000000,0.000000,0.000000,8.000000,10000.000000,0.000000,4.276800,0.000000,892.544055,SGCT,44,258.000000,,,,,,,,,,,,11849,0.843953,132.228700,32.884400,1651131.000000,165.113100,5.408329,11203.928750,924.000000,10923.000000,65541.000000,21382.000000,923.000000,10000.000000,8.000000,,,,,,
10000,96,prefixed,prefixed,scenario_label=prefixed,0.000000,True,True,formal_extended_baseline_screen,2327316353,99745614,9432048.750000,425902.000000,843162.000000,13852,4769876.753125,1273.385000,4771150.138125,10000,10000,0,1926,964.000000,963.000000,257.000000,66126.000000,10962.000000,21446.000000,21446.000000,10962.000000,962.000000,10000.000000,0.000000,0.000000,0.000000,0.000000,0.000000,0.000000,8.000000,10000.000000,0.000000,4.289400,0.000000,1060.215046,SGCT,44,265.000000,,,,,,,,,48.000000,,,11926,0.838504,84.316200,42.590200,1269064.000000,126.906400,5.192108,9432.048750,963.000000,10962.000000,66126.000000,21446.000000,962.000000,10000.000000,8.000000,,,,,,
10000,96,prefix80,prefixed,scenario_label=prefix80,0.000000,True,True,formal_extended_baseline_screen,2316918874,1525474492,5490737.500000,293225.000000,420000.000000,11027,2776831.755750,796.450000,2777628.205750,10000,10000,0,513,257.000000,257.000000,257.000000,55536.000000,10256.000000,20000.000000,20000.000000,10256.000000,256.000000,10000.000000,0.000000,0.000000,0.000000,0.000000,0.000000,0.000000,8.000000,10000.000000,0.000000,4.000000,0.000000,1821.248967,SGCT,44,256.000000,,,,,,,,,80.000000,,,10513,0.951203,42.000000,29.322500,713225.000000,71.322500,19.493177,5490.737500,257.000000,10256.000000,55536.000000,20000.000000,256.000000,10000.000000,8.000000,,,,,,
10000,96,clustered,clustered,scenario_label=clustered,0.000000,True,True,formal_extended_baseline_screen,828653254,2206225739,10079281.250000,542103.000000,991986.000000,15469,4997719.114250,1580.199000,4999299.313250,10000,10000,0,2735,1369.000000,1365.000000,129.000000,41438.000000,11362.000000,32608.000000,32608.000000,11362.000000,1366.000000,9996.000000,2.000000,0.000000,0.000000,0.000000,0.000000,0.000000,8.000000,10000.000000,0.000000,6.522800,0.000000,992.134236,SGCT,44,33.000000,,,,,,,,,,8.000000,64.000000,12735,0.785238,99.198600,54.210300,1534089.000000,153.408900,3.656307,10079.281250,1365.000000,11362.000000,41438.000000,32608.000000,1366.000000,9996.000000,8.000000,,,,,,
10000,96,random,random,scenario_label=random,0.000000,True,True,formal_extended_baseline_screen,3580828999,2098562708,11258401.250000,332221.000000,1323043.000000,13814,5661115.908750,1325.963500,5662441.872250,10000,10000,0,1908,956.000000,953.000000,257.000000,65976.000000,10952.000000,21426.000000,21426.000000,10952.000000,952.000000,10000.000000,0.000000,0.000000,0.000000,0.000000,0.000000,0.000000,8.000000,10000.000000,0.000000,4.285800,0.000000,888.225582,SGCT,45,259.000000,,,,,,,,,,,,11908,0.839772,132.304300,33.222100,1655264.000000,165.526400,5.241090,11258.401250,953.000000,10952.000000,65976.000000,21426.000000,952.000000,10000.000000,8.000000,,,,,,
10000,96,prefixed,prefixed,scenario_label=prefixed,0.000000,True,True,formal_extended_baseline_screen,1476163045,778260774,9239301.250000,412404.000000,841311.000000,13593,4635280.453875,1245.463500,4636525.917375,10000,10000,0,1799,903.000000,897.000000,257.000000,65136.000000,10896.000000,21315.000000,21315.000000,10896.000000,896.000000,10000.000000,0.000000,0.000000,0.000000,0.000000,0.000000,0.000000,8.000000,10000.000000,0.000000,4.264200,0.000000,1082.332931,SGCT,45,258.000000,,,,,,,,,48.000000,,,11799,0.847529,84.131100,41.240400,1253715.000000,125.371500,5.558644,9239.301250,897.000000,10896.000000,65136.000000,21315.000000,896.000000,10000.000000,8.000000,,,,,,
10000,96,prefix80,prefixed,scenario_label=prefix80,0.000000,True,True,formal_extended_baseline_screen,2573149326,1815124122,5490737.500000,293225.000000,420000.000000,11027,2776111.477750,796.450000,2776907.927750,10000,10000,0,513,257.000000,257.000000,257.000000,55536.000000,10256.000000,20000.000000,20000.000000,10256.000000,256.000000,10000.000000,0.000000,0.000000,0.000000,0.000000,0.000000,0.000000,8.000000,10000.000000,0.000000,4.000000,0.000000,1821.248967,SGCT,45,256.000000,,,,,,,,,80.000000,,,10513,0.951203,42.000000,29.322500,713225.000000,71.322500,19.493177,5490.737500,257.000000,10256.000000,55536.000000,20000.000000,256.000000,10000.000000,8.000000,,,,,,
10000,96,clustered,clustered,scenario_label=clustered,0.000000,True,True,formal_extended_baseline_screen,2581397823,2006198988,10218655.000000,551968.000000,992741.000000,15636,5133656.942500,1600.306500,5135257.249000,10000,10000,0,2820,1413.000000,1404.000000,129.000000,42025.000000,11399.000000,32662.000000,32662.000000,11399.000000,1407.000000,9992.000000,4.000000,0.000000,0.000000,0.000000,0.000000,0.000000,8.000000,10000.000000,0.000000,6.535000,0.000000,978.602370,SGCT,45,39.000000,,,,,,,,,,8.000000,64.000000,12820,0.780031,99.274100,55.196800,1544709.000000,154.470900,3.546099,10218.655000,1404.000000,11399.000000,42025.000000,32662.000000,1407.000000,9992.000000,8.000000,,,,,,
10000,96,random,random,scenario_label=random,0.000000,True,True,formal_extended_baseline_screen,3716381950,4044092054,11181947.500000,327424.000000,1321555.000000,13643,5604222.492250,1315.625500,5605538.117750,10000,10000,0,1823,914.000000,910.000000,257.000000,65331.000000,10909.000000,21335.000000,21335.000000,10909.000000,909.000000,10000.000000,0.000000,0.000000,0.000000,0.000000,0.000000,0.000000,8.000000,10000.000000,0.000000,4.267800,0.000000,894.298600,SGCT,46,258.000000,,,,,,,,,,,,11823,0.845809,132.155500,32.742400,1648979.000000,164.897900,5.485464,11181.947500,910.000000,10909.000000,65331.000000,21335.000000,909.000000,10000.000000,8.000000,,,,,,
10000,96,prefixed,prefixed,scenario_label=prefixed,0.000000,True,True,formal_extended_baseline_screen,2477060584,2777811460,9435491.250000,426096.000000,843445.000000,13857,4735132.077000,1273.914500,4736405.991500,10000,10000,0,1929,966.000000,964.000000,257.000000,66141.000000,10963.000000,21454.000000,21454.000000,10963.000000,963.000000,10000.000000,0.000000,0.000000,0.000000,0.000000,0.000000,0.000000,8.000000,10000.000000,0.000000,4.291200,0.000000,1059.828231,SGCT,46,258.000000,,,,,,,,,48.000000,,,11929,0.838293,84.344500,42.609600,1269541.000000,126.954100,5.184033,9435.491250,964.000000,10963.000000,66141.000000,21454.000000,963.000000,10000.000000,8.000000,,,,,,
10000,96,prefix80,prefixed,scenario_label=prefix80,0.000000,True,True,formal_extended_baseline_screen,2069287118,2476603507,5490737.500000,293225.000000,420000.000000,11027,2773991.132750,796.450000,2774787.582750,10000,10000,0,513,257.000000,257.000000,257.000000,55536.000000,10256.000000,20000.000000,20000.000000,10256.000000,256.000000,10000.000000,0.000000,0.000000,0.000000,0.000000,0.000000,0.000000,8.000000,10000.000000,0.000000,4.000000,0.000000,1821.248967,SGCT,46,256.000000,,,,,,,,,80.000000,,,10513,0.951203,42.000000,29.322500,713225.000000,71.322500,19.493177,5490.737500,257.000000,10256.000000,55536.000000,20000.000000,256.000000,10000.000000,8.000000,,,,,,
10000,96,clustered,clustered,scenario_label=clustered,0.000000,True,True,formal_extended_baseline_screen,4117600980,1962461409,10142752.500000,546524.000000,992125.000000,15548,5056345.781250,1589.110500,5057934.891750,10000,10000,0,2774,1388.000000,1383.000000,129.000000,41710.000000,11378.000000,32619.000000,32619.000000,11378.000000,1386.000000,9992.000000,4.000000,0.000000,0.000000,0.000000,0.000000,0.000000,8.000000,10000.000000,0.000000,6.525600,0.000000,985.925665,SGCT,46,33.000000,,,,,,,,,,8.000000,64.000000,12774,0.782840,99.212500,54.652400,1538649.000000,153.864900,3.604903,10142.752500,1383.000000,11378.000000,41710.000000,32619.000000,1386.000000,9992.000000,8.000000,,,,,,
10000,96,random,random,scenario_label=random,0.000000,True,True,formal_extended_baseline_screen,2943036703,313637112,11305568.750000,335274.000000,1323954.000000,13920,5667078.910250,1332.525000,5668411.435250,10000,10000,0,1960,981.000000,980.000000,257.000000,66381.000000,10979.000000,21491.000000,21491.000000,10979.000000,979.000000,10000.000000,0.000000,0.000000,0.000000,0.000000,0.000000,0.000000,8.000000,10000.000000,0.000000,4.298400,0.000000,884.519852,SGCT,47,257.000000,,,,,,,,,,,,11960,0.836120,132.395400,33.527400,1659228.000000,165.922800,5.102041,11305.568750,980.000000,10979.000000,66381.000000,21491.000000,979.000000,10000.000000,8.000000,,,,,,
10000,96,prefixed,prefixed,scenario_label=prefixed,0.000000,True,True,formal_extended_baseline_screen,2255604210,638219515,9397356.250000,423516.000000,842782.000000,13807,4695400.388500,1268.423000,4696668.811500,10000,10000,0,1903,952.000000,952.000000,257.000000,65961.000000,10951.000000,21427.000000,21427.000000,10951.000000,951.000000,10000.000000,0.000000,0.000000,0.000000,0.000000,0.000000,0.000000,8.000000,10000.000000,0.000000,4.285400,0.000000,1064.129074,SGCT,47,260.000000,,,,,,,,,48.000000,,,11903,0.840124,84.278200,42.351600,1266298.000000,126.629800,5.254861,9397.356250,952.000000,10951.000000,65961.000000,21427.000000,951.000000,10000.000000,8.000000,,,,,,
10000,96,prefix80,prefixed,scenario_label=prefix80,0.000000,True,True,formal_extended_baseline_screen,1998039315,1404926981,5490737.500000,293225.000000,420000.000000,11027,2782140.609500,796.450000,2782937.059500,10000,10000,0,513,257.000000,257.000000,257.000000,55536.000000,10256.000000,20000.000000,20000.000000,10256.000000,256.000000,10000.000000,0.000000,0.000000,0.000000,0.000000,0.000000,0.000000,8.000000,10000.000000,0.000000,4.000000,0.000000,1821.248967,SGCT,47,256.000000,,,,,,,,,80.000000,,,10513,0.951203,42.000000,29.322500,713225.000000,71.322500,19.493177,5490.737500,257.000000,10256.000000,55536.000000,20000.000000,256.000000,10000.000000,8.000000,,,,,,
10000,96,clustered,clustered,scenario_label=clustered,0.000000,True,True,formal_extended_baseline_screen,1376940312,826841568,10179868.750000,549065.000000,992668.000000,15589,5103982.052875,1594.464000,5105576.516875,10000,10000,0,2795,1399.000000,1395.000000,129.000000,41888.000000,11392.000000,32644.000000,32644.000000,11392.000000,1396.000000,9996.000000,2.000000,0.000000,0.000000,0.000000,0.000000,0.000000,8.000000,10000.000000,0.000000,6.530000,0.000000,982.330936,SGCT,47,34.000000,,,,,,,,,,8.000000,64.000000,12795,0.781555,99.266800,54.906500,1541733.000000,154.173300,3.577818,10179.868750,1395.000000,11392.000000,41888.000000,32644.000000,1396.000000,9996.000000,8.000000,,,,,,
10000,96,random,random,scenario_label=random,0.000000,True,True,formal_extended_baseline_screen,4126669249,1634196669,11267897.500000,332837.000000,1323325.000000,13837,5672188.499875,1327.336500,5673515.836375,10000,10000,0,1919,961.000000,959.000000,257.000000,66066.000000,10958.000000,21445.000000,21445.000000,10958.000000,958.000000,10000.000000,0.000000,0.000000,0.000000,0.000000,0.000000,0.000000,8.000000,10000.000000,0.000000,4.289400,0.000000,887.477012,SGCT,48,260.000000,,,,,,,,,,,,11919,0.838997,132.332500,33.283700,1656162.000000,165.616200,5.211047,11267.897500,959.000000,10958.000000,66066.000000,21445.000000,958.000000,10000.000000,8.000000,,,,,,
10000,96,prefixed,prefixed,scenario_label=prefixed,0.000000,True,True,formal_extended_baseline_screen,2193895526,3769007895,9486571.250000,429678.000000,843637.000000,13922,4799460.703875,1281.174500,4800741.878375,10000,10000,0,1962,983.000000,980.000000,257.000000,66381.000000,10979.000000,21472.000000,21472.000000,10979.000000,979.000000,10000.000000,0.000000,0.000000,0.000000,0.000000,0.000000,0.000000,8.000000,10000.000000,0.000000,4.295000,0.000000,1054.121635,SGCT,48,259.000000,,,,,,,,,48.000000,,,11962,0.835981,84.363700,42.967800,1273315.000000,127.331500,5.096840,9486.571250,980.000000,10979.000000,66381.000000,21472.000000,979.000000,10000.000000,8.000000,,,,,,
10000,96,prefix80,prefixed,scenario_label=prefix80,0.000000,True,True,formal_extended_baseline_screen,3566718053,2795476630,5490737.500000,293225.000000,420000.000000,11027,2769595.945250,796.450000,2770392.395250,10000,10000,0,513,257.000000,257.000000,257.000000,55536.000000,10256.000000,20000.000000,20000.000000,10256.000000,256.000000,10000.000000,0.000000,0.000000,0.000000,0.000000,0.000000,0.000000,8.000000,10000.000000,0.000000,4.000000,0.000000,1821.248967,SGCT,48,256.000000,,,,,,,,,80.000000,,,10513,0.951203,42.000000,29.322500,713225.000000,71.322500,19.493177,5490.737500,257.000000,10256.000000,55536.000000,20000.000000,256.000000,10000.000000,8.000000,,,,,,
10000,96,clustered,clustered,scenario_label=clustered,0.000000,True,True,formal_extended_baseline_screen,3761635906,1735304347,10202475.000000,550690.000000,992583.000000,15613,5116570.040625,1597.671500,5118167.712125,10000,10000,0,2807,1405.000000,1403.000000,129.000000,42006.000000,11402.000000,32651.000000,32651.000000,11402.000000,1402.000000,10000.000000,0.000000,0.000000,0.000000,0.000000,0.000000,0.000000,8.000000,10000.000000,0.000000,6.530600,0.000000,980.154325,SGCT,48,35.000000,,,,,,,,,,8.000000,64.000000,12807,0.780823,99.258300,55.069000,1543273.000000,154.327300,3.562522,10202.475000,1403.000000,11402.000000,42006.000000,32651.000000,1402.000000,10000.000000,8.000000,,,,,,
10000,96,random,random,scenario_label=random,0.000000,True,True,formal_extended_baseline_screen,675927661,527904602,11246405.000000,331551.000000,1322756.000000,13784,5653883.546625,1324.480000,5655208.026625,10000,10000,0,1894,950.000000,945.000000,257.000000,65856.000000,10944.000000,21412.000000,21412.000000,10944.000000,944.000000,10000.000000,0.000000,0.000000,0.000000,0.000000,0.000000,0.000000,8.000000,10000.000000,0.000000,4.283400,0.000000,889.173029,SGCT,49,257.000000,,,,,,,,,,,,11894,0.840760,132.275600,33.155100,1654307.000000,165.430700,5.279831,11246.405000,945.000000,10944.000000,65856.000000,21412.000000,944.000000,10000.000000,8.000000,,,,,,
10000,96,prefixed,prefixed,scenario_label=prefixed,0.000000,True,True,formal_extended_baseline_screen,2044777110,2764680686,9407336.250000,424188.000000,843007.000000,13818,4735389.950375,1269.879500,4736659.829875,10000,10000,0,1910,957.000000,954.000000,257.000000,65991.000000,10953.000000,21432.000000,21432.000000,10953.000000,953.000000,10000.000000,0.000000,0.000000,0.000000,0.000000,0.000000,0.000000,8.000000,10000.000000,0.000000,4.287000,0.000000,1063.000166,SGCT,49,263.000000,,,,,,,,,48.000000,,,11910,0.839631,84.300700,42.418800,1267195.000000,126.719500,5.235602,9407.336250,954.000000,10953.000000,65991.000000,21432.000000,953.000000,10000.000000,8.000000,,,,,,
10000,96,prefix80,prefixed,scenario_label=prefix80,0.000000,True,True,formal_extended_baseline_screen,2799794232,1535215301,5490737.500000,293225.000000,420000.000000,11027,2775381.610250,796.450000,2776178.060250,10000,10000,0,513,257.000000,257.000000,257.000000,55536.000000,10256.000000,20000.000000,20000.000000,10256.000000,256.000000,10000.000000,0.000000,0.000000,0.000000,0.000000,0.000000,0.000000,8.000000,10000.000000,0.000000,4.000000,0.000000,1821.248967,SGCT,49,256.000000,,,,,,,,,80.000000,,,10513,0.951203,42.000000,29.322500,713225.000000,71.322500,19.493177,5490.737500,257.000000,10256.000000,55536.000000,20000.000000,256.000000,10000.000000,8.000000,,,,,,
10000,96,clustered,clustered,scenario_label=clustered,0.000000,True,True,formal_extended_baseline_screen,2841386880,1150921890,10124136.250000,545314.000000,992146.000000,15520,5043168.931125,1586.701000,5044755.632125,10000,10000,0,2762,1384.000000,1377.000000,129.000000,41618.000000,11374.000000,32624.000000,32624.000000,11374.000000,1378.000000,9996.000000,2.000000,0.000000,0.000000,0.000000,0.000000,0.000000,8.000000,10000.000000,0.000000,6.526600,0.000000,987.738584,SGCT,49,34.000000,,,,,,,,,,8.000000,64.000000,12762,0.783576,99.214600,54.531400,1537460.000000,153.746000,3.620565,10124.136250,1377.000000,11374.000000,41618.000000,32624.000000,1378.000000,9996.000000,8.000000,,,,,,
10000,96,random,random,scenario_label=random,0.000000,True,True,formal_extended_baseline_screen,3623283272,3600738917,4125670.000000,158304.000000,1962467.000000,4738,1815491.711250,1297.841500,1816789.552750,10000,1923,0,2733,,,,,,,,,,,,,,,,,,,,10.931000,,2423.848732,SD-CGQT,0,,,2.000000,28.000000,,,,,,,,,4656,0.413015,196.246700,15.830400,2120771.000000,212.077100,3.658983,4125.670000,,,,,,,,,,,,,
10000,96,prefixed,prefixed,scenario_label=prefixed,0.000000,True,True,formal_extended_baseline_screen,116656660,1865901951,6067152.500000,386627.000000,1635568.000000,4785,2730204.917000,1591.038000,2731795.955000,10000,1943,0,2774,,,,,,,,,,,,,,,,,,,,10.932800,,1648.219655,SD-CGQT,0,,,2.000000,28.000000,,,,,,48.000000,,,4717,0.411914,163.556800,38.662700,2022195.000000,202.219500,3.604903,6067.152500,,,,,,,,,,,,,
10000,96,prefix80,prefixed,scenario_label=prefix80,0.000000,True,True,formal_extended_baseline_screen,1741802094,145458961,7477470.000000,549043.000000,1401454.000000,4843,3293428.847875,1798.813000,3295227.660875,10000,2005,0,2821,,,,,,,,,,,,,,,,,,,,10.977600,,1337.350735,SD-CGQT,0,,,2.000000,29.000000,,,,,,80.000000,,,4826,0.415458,140.145400,54.904300,1950497.000000,195.049700,3.544842,7477.470000,,,,,,,,,,,,,
10000,96,clustered,clustered,scenario_label=clustered,0.000000,True,True,formal_extended_baseline_screen,2095316255,3780004300,7700252.500000,524623.000000,2326806.000000,5727,3758815.956875,2212.649000,3761028.605875,10000,2277,0,3250,,,,,,,,,,,,,,,,,,,,24.295300,,1298.658713,SD-CGQT,0,,,2.000000,42.000000,,,,,,,8.000000,64.000000,5527,0.411978,232.680600,52.462300,2851429.000000,285.142900,3.076923,7700.252500,,,,,,,,,,,,,
10000,96,random,random,scenario_label=random,0.000000,True,True,formal_extended_baseline_screen,3864099846,2001259386,4045786.250000,154003.000000,1967426.000000,4609,1799313.592625,1291.719000,1800605.311625,10000,1879,0,2655,,,,,,,,,,,,,,,,,,,,10.679800,,2471.707446,SD-CGQT,1,,,2.000000,28.000000,,,,,,,,,4534,0.414424,196.742600,15.400300,2121429.000000,212.142900,3.766478,4045.786250,,,,,,,,,,,,,
10000,96,prefixed,prefixed,scenario_label=prefixed,0.000000,True,True,formal_extended_baseline_screen,889203247,3003686283,6060727.500000,386242.000000,1636422.000000,4784,2691527.307000,1590.695000,2693118.002000,10000,1952,0,2755,,,,,,,,,,,,,,,,,,,,10.988100,,1649.966939,SD-CGQT,1,,,2.000000,29.000000,,,,,,48.000000,,,4707,0.414702,163.642200,38.624200,2022664.000000,202.266400,3.629764,6060.727500,,,,,,,,,,,,,
10000,96,prefix80,prefixed,scenario_label=prefix80,0.000000,True,True,formal_extended_baseline_screen,2669137359,3731495789,7311796.250000,536152.000000,1400276.000000,4734,3291654.508125,1772.442000,3293426.950125,10000,1934,0,2783,,,,,,,,,,,,,,,,,,,,10.939600,,1367.652990,SD-CGQT,1,,,2.000000,28.000000,,,,,,80.000000,,,4717,0.410006,140.027600,53.615200,1936428.000000,193.642800,3.593245,7311.796250,,,,,,,,,,,,,
10000,96,clustered,clustered,scenario_label=clustered,0.000000,True,True,formal_extended_baseline_screen,1179273823,746536812,6622422.500000,451129.000000,2736826.000000,4940,3213262.877125,2270.671000,3215533.548125,10000,1953,0,2800,,,,,,,,,,,,,,,,,,,,21.031600,,1510.021446,SD-CGQT,1,,,2.000000,41.000000,,,,,,,8.000000,64.000000,4753,0.410898,273.682600,45.112900,3187955.000000,318.795500,3.571429,6622.422500,,,,,,,,,,,,,
10000,96,random,random,scenario_label=random,0.000000,True,True,formal_extended_baseline_screen,813036364,2237512659,4174367.500000,159038.000000,1991195.000000,4753,1836661.218125,1313.673500,1837974.891625,10000,1938,0,2726,,,,,,,,,,,,,,,,,,,,10.803400,,2395.572503,SD-CGQT,2,,,2.000000,30.000000,,,,,,,,,4664,0.415523,199.119500,15.903800,2150233.000000,215.023300,3.668379,4174.367500,,,,,,,,,,,,,
10000,96,prefixed,prefixed,scenario_label=prefixed,0.000000,True,True,formal_extended_baseline_screen,1822834370,2693998402,6029406.250000,384389.000000,1632245.000000,4767,2641877.075125,1584.900500,2643461.975625,10000,1936,0,2749,,,,,,,,,,,,,,,,,,,,10.873100,,1658.538102,SD-CGQT,2,,,2.000000,28.000000,,,,,,48.000000,,,4685,0.413234,163.224500,38.438900,2016634.000000,201.663400,3.637686,6029.406250,,,,,,,,,,,,,
10000,96,prefix80,prefixed,scenario_label=prefix80,0.000000,True,True,formal_extended_baseline_screen,2479815273,2011217478,7339908.750000,538619.000000,1396266.000000,4751,3250327.556500,1775.371000,3252102.927500,10000,1956,0,2781,,,,,,,,,,,,,,,,,,,,10.828600,,1362.414758,SD-CGQT,2,,,2.000000,28.000000,,,,,,80.000000,,,4737,0.412920,139.626600,53.861900,1934885.000000,193.488500,3.595829,7339.908750,,,,,,,,,,,,,
10000,96,clustered,clustered,scenario_label=clustered,0.000000,True,True,formal_extended_baseline_screen,2073761602,2262280587,8807166.250000,599670.000000,3706907.000000,6526,4194082.943375,3052.793500,4197135.736875,10000,2591,0,3732,,,,,,,,,,,,,,,,,,,,27.144900,,1135.438995,SD-CGQT,2,,,19.000000,42.000000,,,,,,,8.000000,64.000000,6323,0.409774,370.690700,59.967000,4306577.000000,430.657700,2.679528,8807.166250,,,,,,,,,,,,,
10000,96,random,random,scenario_label=random,0.000000,True,True,formal_extended_baseline_screen,57753915,2101705929,4016635.000000,153415.000000,1954310.000000,4594,1782086.333875,1283.985000,1783370.318875,10000,1870,0,2648,,,,,,,,,,,,,,,,,,,,10.770300,,2489.646184,SD-CGQT,3,,,2.000000,30.000000,,,,,,,,,4518,0.413900,195.431000,15.341500,2107725.000000,210.772500,3.776435,4016.635000,,,,,,,,,,,,,
10000,96,prefixed,prefixed,scenario_label=prefixed,0.000000,True,True,formal_extended_baseline_screen,2219440691,2038692638,5971638.750000,380424.000000,1629291.000000,4711,2614688.620875,1575.493500,2616264.114375,10000,1926,0,2710,,,,,,,,,,,,,,,,,,,,10.820700,,1674.582207,SD-CGQT,3,,,2.000000,30.000000,,,,,,48.000000,,,4636,0.415444,162.929100,38.042400,2009715.000000,200.971500,3.690037,5971.638750,,,,,,,,,,,,,
10000,96,prefix80,prefixed,scenario_label=prefix80,0.000000,True,True,formal_extended_baseline_screen,1286928148,764849112,7456540.000000,547238.000000,1403679.000000,4822,3272931.739125,1796.315500,3274728.054625,10000,1995,0,2817,,,,,,,,,,,,,,,,,,,,10.961200,,1341.104587,SD-CGQT,3,,,2.000000,28.000000,,,,,,80.000000,,,4812,0.414589,140.367900,54.723800,1950917.000000,195.091700,3.549876,7456.540000,,,,,,,,,,,,,
10000,96,clustered,clustered,scenario_label=clustered,0.000000,True,True,formal_extended_baseline_screen,787561323,2186492359,6952841.250000,473551.000000,2786470.000000,5160,3437644.910000,2340.337000,3439985.247000,10000,2065,0,2923,,,,,,,,,,,,,,,,,,,,20.924200,,1438.260941,SD-CGQT,3,,,2.000000,41.000000,,,,,,,8.000000,64.000000,4988,0.413994,278.647000,47.355100,3260021.000000,326.002100,3.421143,6952.841250,,,,,,,,,,,,,
10000,96,random,random,scenario_label=random,0.000000,True,True,formal_extended_baseline_screen,3819630184,2208917530,4309806.250000,165034.000000,2005361.000000,4932,1904874.035750,1332.748500,1906206.784250,10000,2000,0,2835,,,,,,,,,,,,,,,,,,,,11.121700,,2320.289920,SD-CGQT,4,,,2.000000,28.000000,,,,,,,,,4835,0.413650,200.536100,16.503400,2170395.000000,217.039500,3.527337,4309.806250,,,,,,,,,,,,,
10000,96,prefixed,prefixed,scenario_label=prefixed,0.000000,True,True,formal_extended_baseline_screen,889858016,1505849302,5817122.500000,370794.000000,1617332.000000,4605,2557137.218500,1550.254000,2558687.472500,10000,1864,0,2659,,,,,,,,,,,,,,,,,,,,10.717200,,1719.062990,SD-CGQT,4,,,2.000000,29.000000,,,,,,48.000000,,,4523,0.412116,161.733200,37.079400,1988126.000000,198.812600,3.760812,5817.122500,,,,,,,,,,,,,
10000,96,prefix80,prefixed,scenario_label=prefix80,0.000000,True,True,formal_extended_baseline_screen,2696116183,2634544596,7180147.500000,526482.000000,1395087.000000,4648,3221577.923250,1750.507500,3223328.430750,10000,1894,0,2739,,,,,,,,,,,,,,,,,,,,10.828500,,1392.729049,SD-CGQT,4,,,2.000000,28.000000,,,,,,80.000000,,,4633,0.408806,139.508700,52.648200,1921569.000000,192.156900,3.650968,7180.147500,,,,,,,,,,,,,
10000,96,clustered,clustered,scenario_label=clustered,0.000000,True,True,formal_extended_baseline_screen,688500632,228296156,9018571.250000,614384.000000,3662046.000000,6706,4403847.762125,3059.791000,4406907.553125,10000,2684,0,3783,,,,,,,,,,,,,,,,,,,,26.976500,,1108.823085,SD-CGQT,4,,,18.000000,41.000000,,,,,,,8.000000,64.000000,6467,0.415030,366.204600,61.438400,4276430.000000,427.643000,2.643405,9018.571250,,,,,,,,,,,,,
10000,96,random,random,scenario_label=random,0.000000,True,True,formal_extended_baseline_screen,2608777085,2826454347,4185162.500000,159968.000000,1978059.000000,4781,1834376.605500,1308.965500,1835685.571000,10000,1941,0,2764,,,,,,,,,,,,,,,,,,,,10.864700,,2389.393482,SD-CGQT,5,,,2.000000,28.000000,,,,,,,,,4705,0.412540,197.805900,15.996800,2138027.000000,213.802700,3.617945,4185.162500,,,,,,,,,,,,,
10000,96,prefixed,prefixed,scenario_label=prefixed,0.000000,True,True,formal_extended_baseline_screen,3513520067,3647225798,5852717.500000,372850.000000,1621311.000000,4634,2601649.165125,1556.355500,2603205.520625,10000,1885,0,2664,,,,,,,,,,,,,,,,,,,,10.787600,,1708.608010,SD-CGQT,5,,,2.000000,29.000000,,,,,,48.000000,,,4549,0.414377,162.131100,37.285000,1994161.000000,199.416100,3.753754,5852.717500,,,,,,,,,,,,,
10000,96,prefix80,prefixed,scenario_label=prefix80,0.000000,True,True,formal_extended_baseline_screen,1840913042,1919154771,7421880.000000,544638.000000,1403310.000000,4799,3286118.408125,1790.931000,3287909.339125,10000,1983,0,2806,,,,,,,,,,,,,,,,,,,,10.969100,,1347.367513,SD-CGQT,5,,,2.000000,28.000000,,,,,,80.000000,,,4789,0.414074,140.331000,54.463800,1947948.000000,194.794800,3.563792,7421.880000,,,,,,,,,,,,,
10000,96,clustered,clustered,scenario_label=clustered,0.000000,True,True,formal_extended_baseline_screen,3399855602,1624164688,6960597.500000,474337.000000,2711983.000000,5191,3097712.121875,2304.665500,3100016.787375,10000,2063,0,2930,,,,,,,,,,,,,,,,,,,,21.463900,,1436.658275,SD-CGQT,5,,,2.000000,42.000000,,,,,,,8.000000,64.000000,4993,0.413178,271.198300,47.433700,3186320.000000,318.632000,3.412969,6960.597500,,,,,,,,,,,,,
10000,96,random,random,scenario_label=random,0.000000,True,True,formal_extended_baseline_screen,1011355210,2497580920,4177242.500000,159412.000000,1995229.000000,4764,1851604.725000,1316.438500,1852921.163500,10000,1940,0,2744,,,,,,,,,,,,,,,,,,,,10.852700,,2393.923743,SD-CGQT,6,,,2.000000,27.000000,,,,,,,,,4684,0.414176,199.522900,15.941200,2154641.000000,215.464100,3.644315,4177.242500,,,,,,,,,,,,,
10000,96,prefixed,prefixed,scenario_label=prefixed,0.000000,True,True,formal_extended_baseline_screen,4182455193,653717891,6033283.750000,384435.000000,1628828.000000,4770,2629448.850125,1583.284000,2631032.134125,10000,1944,0,2743,,,,,,,,,,,,,,,,,,,,10.906000,,1657.472185,SD-CGQT,6,,,2.000000,29.000000,,,,,,48.000000,,,4687,0.414764,162.882800,38.443500,2013263.000000,201.326300,3.645643,6033.283750,,,,,,,,,,,,,
10000,96,prefix80,prefixed,scenario_label=prefix80,0.000000,True,True,formal_extended_baseline_screen,234351616,2055084215,7267673.750000,533061.000000,1398530.000000,4699,3138691.263125,1765.387000,3140456.650125,10000,1932,0,2757,,,,,,,,,,,,,,,,,,,,10.870000,,1375.956096,SD-CGQT,6,,,2.000000,28.000000,,,,,,80.000000,,,4689,0.412028,139.853000,53.306100,1931591.000000,193.159100,3.627131,7267.673750,,,,,,,,,,,,,
10000,96,clustered,clustered,scenario_label=clustered,0.000000,True,True,formal_extended_baseline_screen,1672192143,1791437551,7086252.500000,482781.000000,2487307.000000,5258,3446427.874875,2209.215500,3448637.090375,10000,2096,0,2986,,,,,,,,,,,,,,,,,,,,21.317800,,1411.183132,SD-CGQT,6,,,2.000000,42.000000,,,,,,,8.000000,64.000000,5082,0.412436,248.730700,48.278100,2970088.000000,297.008800,3.348962,7086.252500,,,,,,,,,,,,,
10000,96,random,random,scenario_label=random,0.000000,True,True,formal_extended_baseline_screen,2772753435,3980475923,4100576.250000,156958.000000,1964182.000000,4703,1822787.252250,1296.007000,1824083.259250,10000,1903,0,2708,,,,,,,,,,,,,,,,,,,,10.762400,,2438.681637,SD-CGQT,7,,,2.000000,28.000000,,,,,,,,,4611,0.412709,196.418200,15.695800,2121140.000000,212.114000,3.692762,4100.576250,,,,,,,,,,,,,
10000,96,prefixed,prefixed,scenario_label=prefixed,0.000000,True,True,formal_extended_baseline_screen,1416235163,3888734184,5852790.000000,372903.000000,1621670.000000,4633,2578666.394500,1556.641000,2580223.035500,10000,1883,0,2669,,,,,,,,,,,,,,,,,,,,10.837400,,1708.586845,SD-CGQT,7,,,2.000000,30.000000,,,,,,48.000000,,,4552,0.413664,162.167000,37.290300,1994573.000000,199.457300,3.746722,5852.790000,,,,,,,,,,,,,
10000,96,prefix80,prefixed,scenario_label=prefix80,0.000000,True,True,formal_extended_baseline_screen,2635025427,768951152,7126882.500000,522945.000000,1391509.000000,4618,3112461.667625,1741.644500,3114203.312125,10000,1908,0,2693,,,,,,,,,,,,,,,,,,,,10.715200,,1403.138048,SD-CGQT,7,,,2.000000,27.000000,,,,,,80.000000,,,4601,0.414692,139.150900,52.294500,1914454.000000,191.445400,3.713331,7126.882500,,,,,,,,,,,,,
10000,96,clustered,clustered,scenario_label=clustered,0.000000,True,True,formal_extended_baseline_screen,1710578268,619195095,7667160.000000,522461.000000,2643953.000000,5705,3205949.277000,2366.898500,3208316.175500,10000,2258,0,3245,,,,,,,,,,,,,,,,,,,,24.444900,,1304.263900,SD-CGQT,7,,,2.000000,42.000000,,,,,,,8.000000,64.000000,5503,0.410322,264.395300,52.246100,3166414.000000,316.641400,3.081664,7667.160000,,,,,,,,,,,,,
10000,96,random,random,scenario_label=random,0.000000,True,True,formal_extended_baseline_screen,3926250230,323639338,4191956.250000,160221.000000,1979562.000000,4801,1850004.443625,1310.223000,1851314.666625,10000,1943,0,2767,,,,,,,,,,,,,,,,,,,,10.982800,,2385.521080,SD-CGQT,8,,,2.000000,31.000000,,,,,,,,,4710,0.412527,197.956200,16.022100,2139783.000000,213.978300,3.614022,4191.956250,,,,,,,,,,,,,
10000,96,prefixed,prefixed,scenario_label=prefixed,0.000000,True,True,formal_extended_baseline_screen,834749396,928857868,5969490.000000,380681.000000,1622221.000000,4748,2641271.335625,1572.472500,2642843.808125,10000,1914,0,2728,,,,,,,,,,,,,,,,,,,,10.876200,,1675.184982,SD-CGQT,8,,,2.000000,28.000000,,,,,,48.000000,,,4642,0.412322,162.222100,38.068100,2002902.000000,200.290200,3.665689,5969.490000,,,,,,,,,,,,,
10000,96,prefix80,prefixed,scenario_label=prefix80,0.000000,True,True,formal_extended_baseline_screen,3619142060,238903913,7313962.500000,536709.000000,1402411.000000,4739,3249762.595000,1774.623500,3251537.218500,10000,1943,0,2777,,,,,,,,,,,,,,,,,,,,10.952400,,1367.247918,SD-CGQT,8,,,2.000000,27.000000,,,,,,80.000000,,,4720,0.411653,140.241100,53.670900,1939120.000000,193.912000,3.601008,7313.962500,,,,,,,,,,,,,
10000,96,clustered,clustered,scenario_label=clustered,0.000000,True,True,formal_extended_baseline_screen,3961209957,671724900,5680546.250000,386919.000000,2033954.000000,4224,1738066.519625,1790.815000,1739857.334625,10000,1682,0,2395,,,,,,,,,,,,,,,,,,,,17.714700,,1760.394082,SD-CGQT,8,,,2.000000,40.000000,,,,,,,8.000000,64.000000,4077,0.412558,203.395400,38.691900,2420873.000000,242.087300,4.175365,5680.546250,,,,,,,,,,,,,
10000,96,random,random,scenario_label=random,0.000000,True,True,formal_extended_baseline_screen,58426829,3571645961,3997517.500000,153242.000000,1949740.000000,4583,1780246.191625,1281.354000,1781527.545625,10000,1855,0,2664,,,,,,,,,,,,,,,,,,,,10.805500,,2501.552526,SD-CGQT,9,,,2.000000,29.000000,,,,,,,,,4519,0.410489,194.974000,15.324200,2102982.000000,210.298200,3.753754,3997.517500,,,,,,,,,,,,,
10000,96,prefixed,prefixed,scenario_label=prefixed,0.000000,True,True,formal_extended_baseline_screen,1183400892,3676911472,5864431.250000,373924.000000,1626590.000000,4643,2557128.974250,1561.143000,2558690.117250,10000,1866,0,2699,,,,,,,,,,,,,,,,,,,,10.993900,,1705.195197,SD-CGQT,9,,,2.000000,29.000000,,,,,,48.000000,,,4565,0.408762,162.659000,37.392400,2000514.000000,200.051400,3.705076,5864.431250,,,,,,,,,,,,,
10000,96,prefix80,prefixed,scenario_label=prefix80,0.000000,True,True,formal_extended_baseline_screen,3771146367,1752085945,7438030.000000,545907.000000,1401541.000000,4819,3328522.240875,1792.584500,3330314.825375,10000,1982,0,2817,,,,,,,,,,,,,,,,,,,,11.017900,,1344.442010,SD-CGQT,9,,,2.000000,28.000000,,,,,,80.000000,,,4799,0.413003,140.154100,54.590700,1947448.000000,194.744800,3.549876,7438.030000,,,,,,,,,,,,,
10000,96,clustered,clustered,scenario_label=clustered,0.000000,True,True,formal_extended_baseline_screen,346261855,4075154169,5652628.750000,384971.000000,2615055.000000,4197,3518294.184625,2077.469500,3520371.654125,10000,1664,0,2394,,,,,,,,,,,,,,,,,,,,17.571000,,1769.088409,SD-CGQT,9,,,2.000000,40.000000,,,,,,,8.000000,64.000000,4058,0.410054,261.505500,38.497100,3000026.000000,300.002600,4.177109,5652.628750,,,,,,,,,,,,,
10000,96,random,random,scenario_label=random,0.000000,True,True,formal_extended_baseline_screen,1020324588,1603416914,4119746.250000,157624.000000,1965158.000000,4726,1795626.135625,1297.827000,1796923.962625,10000,1909,0,2728,,,,,,,,,,,,,,,,,,,,10.761200,,2427.333965,SD-CGQT,10,,,2.000000,29.000000,,,,,,,,,4637,0.411689,196.515800,15.762400,2122782.000000,212.278200,3.665689,4119.746250,,,,,,,,,,,,,
10000,96,prefixed,prefixed,scenario_label=prefixed,0.000000,True,True,formal_extended_baseline_screen,2061720330,1419610660,5782382.500000,368374.000000,1610189.000000,4577,2609068.410250,1541.842500,2610610.252750,10000,1854,0,2642,,,,,,,,,,,,,,,,,,,,10.621800,,1729.390956,SD-CGQT,10,,,2.000000,28.000000,,,,,,48.000000,,,4496,0.412367,161.018900,36.837400,1978563.000000,197.856300,3.785011,5782.382500,,,,,,,,,,,,,
10000,96,prefix80,prefixed,scenario_label=prefix80,0.000000,True,True,formal_extended_baseline_screen,1420417677,3119240261,7259873.750000,532476.000000,1401882.000000,4696,3214727.221500,1765.893000,3216493.114500,10000,1924,0,2760,,,,,,,,,,,,,,,,,,,,10.912800,,1377.434422,SD-CGQT,10,,,2.000000,27.000000,,,,,,80.000000,,,4684,0.410760,140.188200,53.247600,1934358.000000,193.435800,3.623188,7259.873750,,,,,,,,,,,,,
10000,96,clustered,clustered,scenario_label=clustered,0.000000,True,True,formal_extended_baseline_screen,4285535701,2961694052,7930663.750000,540303.000000,2917549.000000,5911,3413829.188750,2539.380500,3416368.569250,10000,2349,0,3342,,,,,,,,,,,,,,,,,,,,23.919100,,1260.928507,SD-CGQT,10,,,2.000000,41.000000,,,,,,,8.000000,64.000000,5691,0.412757,291.754900,54.030300,3457852.000000,345.785200,2.992220,7930.663750,,,,,,,,,,,,,
10000,96,random,random,scenario_label=random,0.000000,True,True,formal_extended_baseline_screen,596195424,1495888928,4140396.250000,159242.000000,1956987.000000,4774,1855495.319250,1296.977500,1856792.296750,10000,1918,0,2764,,,,,,,,,,,,,,,,,,,,10.961600,,2415.227770,SD-CGQT,11,,,2.000000,30.000000,,,,,,,,,4682,0.409654,195.698700,15.924200,2116229.000000,211.622900,3.617945,4140.396250,,,,,,,,,,,,,
10000,96,prefixed,prefixed,scenario_label=prefixed,0.000000,True,True,formal_extended_baseline_screen,2528955344,3082924345,5891307.500000,375600.000000,1619656.000000,4671,2614230.751500,1561.028000,2615791.779500,10000,1888,0,2693,,,,,,,,,,,,,,,,,,,,10.786500,,1697.416066,SD-CGQT,11,,,2.000000,29.000000,,,,,,48.000000,,,4581,0.412137,161.965600,37.560000,1995256.000000,199.525600,3.713331,5891.307500,,,,,,,,,,,,,
10000,96,prefix80,prefixed,scenario_label=prefix80,0.000000,True,True,formal_extended_baseline_screen,4029019098,1960338083,7330056.250000,537811.000000,1400050.000000,4749,3291402.078875,1775.647000,3293177.725875,10000,1948,0,2782,,,,,,,,,,,,,,,,,,,,10.933900,,1364.246011,SD-CGQT,11,,,2.000000,29.000000,,,,,,80.000000,,,4730,0.411839,140.005000,53.781100,1937861.000000,193.786100,3.594536,7330.056250,,,,,,,,,,,,,
10000,96,clustered,clustered,scenario_label=clustered,0.000000,True,True,formal_extended_baseline_screen,2138647285,247400150,8058778.750000,548801.000000,3391694.000000,5978,4028520.340875,2793.449000,4031313.789875,10000,2392,0,3391,,,,,,,,,,,,,,,,,,,,24.105300,,1240.882807,SD-CGQT,11,,,2.000000,40.000000,,,,,,,8.000000,64.000000,5783,0.413626,339.169400,54.880100,3940495.000000,394.049500,2.948983,8058.778750,,,,,,,,,,,,,
10000,96,random,random,scenario_label=random,0.000000,True,True,formal_extended_baseline_screen,530428079,593516955,4151451.250000,158964.000000,1977052.000000,4767,1805999.056750,1306.454000,1807305.510750,10000,1923,0,2748,,,,,,,,,,,,,,,,,,,,10.935800,,2408.796201,SD-CGQT,12,,,2.000000,28.000000,,,,,,,,,4671,0.411689,197.705200,15.896400,2136016.000000,213.601600,3.639010,4151.451250,,,,,,,,,,,,,
10000,96,prefixed,prefixed,scenario_label=prefixed,0.000000,True,True,formal_extended_baseline_screen,3403028343,2738754521,5937617.500000,378424.000000,1624742.000000,4697,2646785.252625,1569.219000,2648354.471625,10000,1904,0,2710,,,,,,,,,,,,,,,,,,,,10.785800,,1684.177197,SD-CGQT,12,,,2.000000,30.000000,,,,,,48.000000,,,4614,0.412657,162.474200,37.842400,2003166.000000,200.316600,3.690037,5937.617500,,,,,,,,,,,,,
10000,96,prefix80,prefixed,scenario_label=prefix80,0.000000,True,True,formal_extended_baseline_screen,4132968395,66341355,7371102.500000,540891.000000,1400757.000000,4770,3234134.226000,1782.160500,3235916.386500,10000,1967,0,2790,,,,,,,,,,,,,,,,,,,,10.887900,,1356.649158,SD-CGQT,12,,,2.000000,29.000000,,,,,,80.000000,,,4757,0.413496,140.075700,54.089100,1941648.000000,194.164800,3.584229,7371.102500,,,,,,,,,,,,,
10000,96,clustered,clustered,scenario_label=clustered,0.000000,True,True,formal_extended_baseline_screen,4135791258,913616782,6989687.500000,476080.000000,2523660.000000,5181,3149233.552625,2213.990000,3151447.542625,10000,2063,0,2952,,,,,,,,,,,,,,,,,,,,21.216500,,1430.679125,SD-CGQT,12,,,2.000000,41.000000,,,,,,,8.000000,64.000000,5015,0.411366,252.366000,47.608000,2999740.000000,299.974000,3.387534,6989.687500,,,,,,,,,,,,,
10000,96,random,random,scenario_label=random,0.000000,True,True,formal_extended_baseline_screen,3351110087,295002224,3990863.750000,153137.000000,1942032.000000,4593,1755396.919875,1277.290000,1756674.209875,10000,1854,0,2667,,,,,,,,,,,,,,,,,,,,10.819600,,2505.723228,SD-CGQT,13,,,2.000000,28.000000,,,,,,,,,4521,0.410086,194.203200,15.313700,2095169.000000,209.516900,3.749531,3990.863750,,,,,,,,,,,,,
10000,96,prefixed,prefixed,scenario_label=prefixed,0.000000,True,True,formal_extended_baseline_screen,3651045357,2492060834,5972860.000000,380658.000000,1632060.000000,4721,2681149.568750,1577.346000,2682726.914750,10000,1910,0,2733,,,,,,,,,,,,,,,,,,,,10.930100,,1674.239811,SD-CGQT,13,,,2.000000,28.000000,,,,,,48.000000,,,4643,0.411372,163.206000,38.065800,2012718.000000,201.271800,3.658983,5972.860000,,,,,,,,,,,,,
10000,96,prefix80,prefixed,scenario_label=prefix80,0.000000,True,True,formal_extended_baseline_screen,3503816222,639269936,7166125.000000,525630.000000,1398452.000000,4640,3191639.593000,1750.486000,3193390.079000,10000,1900,0,2725,,,,,,,,,,,,,,,,,,,,10.845400,,1395.454308,SD-CGQT,13,,,2.000000,29.000000,,,,,,80.000000,,,4625,0.410811,139.845200,52.563000,1924082.000000,192.408200,3.669725,7166.125000,,,,,,,,,,,,,
10000,96,clustered,clustered,scenario_label=clustered,0.000000,True,True,formal_extended_baseline_screen,2264469608,1972905339,8853940.000000,603105.000000,3198912.000000,6581,4370048.133500,2805.666000,4372853.799500,10000,2623,0,3729,,,,,,,,,,,,,,,,,,,,27.225500,,1129.440678,SD-CGQT,13,,,19.000000,43.000000,,,,,,,8.000000,64.000000,6352,0.412941,319.891200,60.310500,3802017.000000,380.201700,2.681684,8853.940000,,,,,,,,,,,,,
10000,96,random,random,scenario_label=random,0.000000,True,True,formal_extended_baseline_screen,1692097063,2508736950,4215652.500000,161639.000000,1986992.000000,4836,1845922.686625,1316.774000,1847239.460625,10000,1950,0,2797,,,,,,,,,,,,,,,,,,,,10.989800,,2372.112028,SD-CGQT,14,,,2.000000,28.000000,,,,,,,,,4747,0.410786,198.699200,16.163900,2148631.000000,214.863100,3.575259,4215.652500,,,,,,,,,,,,,
10000,96,prefixed,prefixed,scenario_label=prefixed,0.000000,True,True,formal_extended_baseline_screen,1707141452,1941778635,5844665.000000,372780.000000,1612985.000000,4645,2621523.330375,1552.052500,2623075.382875,10000,1857,0,2690,,,,,,,,,,,,,,,,,,,,10.805700,,1710.962048,SD-CGQT,14,,,2.000000,30.000000,,,,,,48.000000,,,4547,0.408401,161.298500,37.278000,1985765.000000,198.576500,3.717472,5844.665000,,,,,,,,,,,,,
10000,96,prefix80,prefixed,scenario_label=prefix80,0.000000,True,True,formal_extended_baseline_screen,1479387709,3413140741,7316458.750000,536932.000000,1397960.000000,4736,3292570.532750,1772.844000,3294343.376750,10000,1955,0,2767,,,,,,,,,,,,,,,,,,,,10.859900,,1366.781436,SD-CGQT,14,,,2.000000,29.000000,,,,,,80.000000,,,4722,0.414019,139.796000,53.693200,1934892.000000,193.489200,3.614022,7316.458750,,,,,,,,,,,,,
10000,96,clustered,clustered,scenario_label=clustered,0.000000,True,True,formal_extended_baseline_screen,1193971010,1258321329,8780425.000000,598180.000000,2603846.000000,6539,4302134.246250,2498.283000,4304632.529250,10000,2603,0,3697,,,,,,,,,,,,,,,,,,,,27.318000,,1138.897035,SD-CGQT,14,,,19.000000,42.000000,,,,,,,8.000000,64.000000,6300,0.413175,260.384600,59.818000,3202026.000000,320.202600,2.704896,8780.425000,,,,,,,,,,,,,
10000,96,random,random,scenario_label=random,0.000000,True,True,formal_extended_baseline_screen,1311958710,2591083986,4170925.000000,160212.000000,1970016.000000,4788,1890372.259375,1305.432000,1891677.691375,10000,1929,0,2776,,,,,,,,,,,,,,,,,,,,10.970300,,2397.549704,SD-CGQT,15,,,2.000000,29.000000,,,,,,,,,4705,0.409989,197.001600,16.021200,2130228.000000,213.022800,3.602305,4170.925000,,,,,,,,,,,,,
10000,96,prefixed,prefixed,scenario_label=prefixed,0.000000,True,True,formal_extended_baseline_screen,1066348603,2998145228,6051340.000000,385700.000000,1638857.000000,4779,2670298.236750,1590.828500,2671889.065250,10000,1936,0,2766,,,,,,,,,,,,,,,,,,,,10.993100,,1652.526548,SD-CGQT,15,,,2.000000,28.000000,,,,,,48.000000,,,4702,0.411740,163.885700,38.570000,2024557.000000,202.455700,3.615329,6051.340000,,,,,,,,,,,,,
10000,96,prefix80,prefixed,scenario_label=prefix80,0.000000,True,True,formal_extended_baseline_screen,3410131684,1305832223,7189682.500000,527417.000000,1393920.000000,4655,3142352.820000,1751.794000,3144104.614000,10000,1915,0,2726,,,,,,,,,,,,,,,,,,,,10.766300,,1390.882003,SD-CGQT,15,,,2.000000,29.000000,,,,,,80.000000,,,4641,0.412627,139.392000,52.741700,1921337.000000,192.133700,3.668379,7189.682500,,,,,,,,,,,,,
10000,96,clustered,clustered,scenario_label=clustered,0.000000,True,True,formal_extended_baseline_screen,2719779022,989072453,5675398.750000,386396.000000,2391312.000000,4215,3016452.766625,1968.448000,3018421.214625,10000,1684,0,2390,,,,,,,,,,,,,,,,,,,,17.465600,,1761.990732,SD-CGQT,15,,,2.000000,40.000000,,,,,,,8.000000,64.000000,4074,0.413353,239.131200,38.639600,2777708.000000,277.770800,4.184100,5675.398750,,,,,,,,,,,,,
10000,96,random,random,scenario_label=random,0.000000,True,True,formal_extended_baseline_screen,4044322606,2645020492,4125903.750000,157952.000000,1969131.000000,4721,1841469.544125,1300.469500,1842770.013625,10000,1911,0,2742,,,,,,,,,,,,,,,,,,,,10.871100,,2423.711411,SD-CGQT,16,,,2.000000,29.000000,,,,,,,,,4653,0.410703,196.913100,15.795200,2127083.000000,212.708300,3.646973,4125.903750,,,,,,,,,,,,,
10000,96,prefixed,prefixed,scenario_label=prefixed,0.000000,True,True,formal_extended_baseline_screen,2310609587,2763376862,6109926.250000,389517.000000,1641912.000000,4817,2715781.180500,1599.990000,2717381.170500,10000,1954,0,2797,,,,,,,,,,,,,,,,,,,,11.026400,,1636.680966,SD-CGQT,16,,,2.000000,28.000000,,,,,,48.000000,,,4751,0.411282,164.191200,38.951700,2031429.000000,203.142900,3.575259,6109.926250,,,,,,,,,,,,,
10000,96,prefix80,prefixed,scenario_label=prefix80,0.000000,True,True,formal_extended_baseline_screen,556887839,4227483949,7251593.750000,532107.000000,1397085.000000,4699,3194925.606000,1762.756500,3196688.362500,10000,1931,0,2749,,,,,,,,,,,,,,,,,,,,10.862800,,1379.007201,SD-CGQT,16,,,2.000000,29.000000,,,,,,80.000000,,,4680,0.412607,139.708500,53.210700,1929192.000000,192.919200,3.637686,7251.593750,,,,,,,,,,,,,
10000,96,clustered,clustered,scenario_label=clustered,0.000000,True,True,formal_extended_baseline_screen,2713732995,233837962,8814908.750000,600422.000000,3699114.000000,6550,4405385.011875,3050.401000,4408435.412875,10000,2590,0,3737,,,,,,,,,,,,,,,,,,,,26.881100,,1134.441692,SD-CGQT,16,,,18.000000,42.000000,,,,,,,8.000000,64.000000,6327,0.409357,369.911400,60.042200,4299536.000000,429.953600,2.675943,8814.908750,,,,,,,,,,,,,
10000,96,random,random,scenario_label=random,0.000000,True,True,formal_extended_baseline_screen,1698610701,1428412068,4188282.500000,160112.000000,1970678.000000,4790,1781512.680250,1305.563000,1782818.243250,10000,1949,0,2762,,,,,,,,,,,,,,,,,,,,10.900900,,2387.613538,SD-CGQT,17,,,2.000000,28.000000,,,,,,,,,4711,0.413713,197.067800,16.011200,2130790.000000,213.079000,3.620565,4188.282500,,,,,,,,,,,,,
10000,96,prefixed,prefixed,scenario_label=prefixed,0.000000,True,True,formal_extended_baseline_screen,862396413,1781827683,5992031.250000,382202.000000,1621463.000000,4754,2662453.978375,1575.135500,2664029.113875,10000,1915,0,2745,,,,,,,,,,,,,,,,,,,,10.865200,,1668.883152,SD-CGQT,17,,,2.000000,28.000000,,,,,,48.000000,,,4660,0.410944,162.146300,38.220200,2003665.000000,200.366500,3.642987,5992.031250,,,,,,,,,,,,,
10000,96,prefix80,prefixed,scenario_label=prefix80,0.000000,True,True,formal_extended_baseline_screen,3860214662,2800764020,7369555.000000,540539.000000,1396226.000000,4772,3261130.101000,1779.191000,3262909.292000,10000,1955,0,2799,,,,,,,,,,,,,,,,,,,,10.848800,,1356.934035,SD-CGQT,17,,,2.000000,30.000000,,,,,,80.000000,,,4754,0.411233,139.622600,54.053900,1936765.000000,193.676500,3.572705,7369.555000,,,,,,,,,,,,,
10000,96,clustered,clustered,scenario_label=clustered,0.000000,True,True,formal_extended_baseline_screen,2168941655,4002682484,9073432.500000,617969.000000,3913562.000000,6733,4383038.790625,3192.719000,4386231.509625,10000,2680,0,3831,,,,,,,,,,,,,,,,,,,,27.162700,,1102.118741,SD-CGQT,17,,,19.000000,43.000000,,,,,,,8.000000,64.000000,6511,0.411611,391.356200,61.796900,4531531.000000,453.153100,2.610285,9073.432500,,,,,,,,,,,,,
10000,96,random,random,scenario_label=random,0.000000,True,True,formal_extended_baseline_screen,3900906002,803553724,4045002.500000,154636.000000,1955304.000000,4660,1773263.027500,1286.924000,1774549.951500,10000,1878,0,2664,,,,,,,,,,,,,,,,,,,,10.802700,,2472.186358,SD-CGQT,18,,,2.000000,29.000000,,,,,,,,,4542,0.413474,195.530400,15.463600,2109940.000000,210.994000,3.753754,4045.002500,,,,,,,,,,,,,
10000,96,prefixed,prefixed,scenario_label=prefixed,0.000000,True,True,formal_extended_baseline_screen,1976791937,2574255428,6067536.250000,386799.000000,1630555.000000,4806,2739304.564250,1588.875500,2740893.439750,10000,1944,0,2770,,,,,,,,,,,,,,,,,,,,10.909800,,1648.115411,SD-CGQT,18,,,2.000000,28.000000,,,,,,48.000000,,,4714,0.412389,163.055500,38.679900,2017354.000000,201.735400,3.610108,6067.536250,,,,,,,,,,,,,
10000,96,prefix80,prefixed,scenario_label=prefix80,0.000000,True,True,formal_extended_baseline_screen,3973543592,3142498350,7461773.750000,547542.000000,1400279.000000,4834,3343910.948500,1795.223500,3345706.172000,10000,1978,0,2836,,,,,,,,,,,,,,,,,,,,11.001900,,1340.163926,SD-CGQT,18,,,2.000000,28.000000,,,,,,80.000000,,,4814,0.410885,140.027900,54.754200,1947821.000000,194.782100,3.526093,7461.773750,,,,,,,,,,,,,
10000,96,clustered,clustered,scenario_label=clustered,0.000000,True,True,formal_extended_baseline_screen,3575544916,2712929300,8110453.750000,552653.000000,2922895.000000,6032,3576202.584625,2566.753500,3578769.338125,10000,2405,0,3413,,,,,,,,,,,,,,,,,,,,24.428900,,1232.976638,SD-CGQT,18,,,2.000000,42.000000,,,,,,,8.000000,64.000000,5818,0.413372,292.289500,55.265300,3475548.000000,347.554800,2.929974,8110.453750,,,,,,,,,,,,,
10000,96,random,random,scenario_label=random,0.000000,True,True,formal_extended_baseline_screen,3061364434,3056039119,4149617.500000,158710.000000,1972581.000000,4753,1786935.632000,1303.710500,1788239.342500,10000,1928,0,2741,,,,,,,,,,,,,,,,,,,,10.893200,,2409.860668,SD-CGQT,19,,,2.000000,28.000000,,,,,,,,,4669,0.412936,197.258100,15.871000,2131291.000000,213.129100,3.648304,4149.617500,,,,,,,,,,,,,
10000,96,prefixed,prefixed,scenario_label=prefixed,0.000000,True,True,formal_extended_baseline_screen,3116852746,2776907425,5790010.000000,368861.000000,1613917.000000,4571,2540298.412500,1544.680500,2541843.093000,10000,1860,0,2643,,,,,,,,,,,,,,,,,,,,10.693500,,1727.112734,SD-CGQT,19,,,2.000000,28.000000,,,,,,48.000000,,,4503,0.413058,161.391700,36.886100,1982778.000000,198.277800,3.783579,5790.010000,,,,,,,,,,,,,
10000,96,prefix80,prefixed,scenario_label=prefix80,0.000000,True,True,formal_extended_baseline_screen,1163800006,3701352512,7519416.250000,552138.000000,1400195.000000,4869,3362429.673750,1804.373500,3364234.047250,10000,2018,0,2835,,,,,,,,,,,,,,,,,,,,10.985200,,1329.890469,SD-CGQT,19,,,2.000000,29.000000,,,,,,80.000000,,,4853,0.415825,140.019500,55.213800,1952333.000000,195.233300,3.527337,7519.416250,,,,,,,,,,,,,
10000,96,clustered,clustered,scenario_label=clustered,0.000000,True,True,formal_extended_baseline_screen,99158156,162614223,6996186.250000,476444.000000,2459689.000000,5189,2570702.079750,2182.732500,2572884.812250,10000,2083,0,2936,,,,,,,,,,,,,,,,,,,,21.348500,,1429.350169,SD-CGQT,19,,,3.000000,41.000000,,,,,,,8.000000,64.000000,5019,0.415023,245.968900,47.644400,2936133.000000,293.613300,3.405995,6996.186250,,,,,,,,,,,,,
10000,96,random,random,scenario_label=random,0.000000,True,True,formal_extended_baseline_screen,3722875878,3586809956,4060036.250000,155654.000000,1956090.000000,4666,1786808.791375,1289.353000,1788098.144375,10000,1880,0,2709,,,,,,,,,,,,,,,,,,,,10.833100,,2463.032196,SD-CGQT,20,,,2.000000,27.000000,,,,,,,,,4589,0.409675,195.609000,15.565400,2111744.000000,211.174400,3.691399,4060.036250,,,,,,,,,,,,,
10000,96,prefixed,prefixed,scenario_label=prefixed,0.000000,True,True,formal_extended_baseline_screen,3001598358,2386424442,5900737.500000,376289.000000,1621713.000000,4666,2606066.983875,1563.434500,2607630.418375,10000,1890,0,2705,,,,,,,,,,,,,,,,,,,,10.855700,,1694.703416,SD-CGQT,20,,,2.000000,29.000000,,,,,,48.000000,,,4595,0.411317,162.171300,37.628900,1998002.000000,199.800200,3.696858,5900.737500,,,,,,,,,,,,,
10000,96,prefix80,prefixed,scenario_label=prefix80,0.000000,True,True,formal_extended_baseline_screen,1969154653,752444552,7140887.500000,523961.000000,1395478.000000,4627,3187774.873000,1745.661000,3189520.534000,10000,1905,0,2705,,,,,,,,,,,,,,,,,,,,10.767300,,1400.386156,SD-CGQT,20,,,2.000000,30.000000,,,,,,80.000000,,,4610,0.413232,139.547800,52.396100,1919439.000000,191.943900,3.696858,7140.887500,,,,,,,,,,,,,
10000,96,clustered,clustered,scenario_label=clustered,0.000000,True,True,formal_extended_baseline_screen,3278615476,903920593,8848951.250000,603043.000000,3161647.000000,6587,4424588.823000,2786.909500,4427375.732500,10000,2627,0,3719,,,,,,,,,,,,,,,,,,,,27.521900,,1130.077420,SD-CGQT,20,,,18.000000,43.000000,,,,,,,8.000000,64.000000,6346,0.413962,316.164700,60.304300,3764690.000000,376.469000,2.688895,8848.951250,,,,,,,,,,,,,
10000,96,random,random,scenario_label=random,0.000000,True,True,formal_extended_baseline_screen,1880512712,1566121202,4137952.500000,158026.000000,1975379.000000,4729,1814671.626750,1303.741500,1815975.368250,10000,1918,0,2724,,,,,,,,,,,,,,,,,,,,10.835500,,2416.654130,SD-CGQT,21,,,2.000000,30.000000,,,,,,,,,4642,0.413184,197.537900,15.802600,2133405.000000,213.340500,3.671072,4137.952500,,,,,,,,,,,,,
10000,96,prefixed,prefixed,scenario_label=prefixed,0.000000,True,True,formal_extended_baseline_screen,2792116651,2658775351,5962411.250000,380167.000000,1628262.000000,4708,2672052.662250,1574.465000,2673627.127250,10000,1899,0,2740,,,,,,,,,,,,,,,,,,,,10.882300,,1677.173811,SD-CGQT,21,,,2.000000,29.000000,,,,,,48.000000,,,4639,0.409355,162.826200,38.016700,2008429.000000,200.842900,3.649635,5962.411250,,,,,,,,,,,,,
10000,96,prefix80,prefixed,scenario_label=prefix80,0.000000,True,True,formal_extended_baseline_screen,3818182820,1397938529,7440946.250000,546135.000000,1407077.000000,4815,3328929.579500,1795.808500,3330725.388000,10000,1993,0,2809,,,,,,,,,,,,,,,,,,,,11.060600,,1343.915097,SD-CGQT,21,,,2.000000,28.000000,,,,,,80.000000,,,4802,0.415035,140.707700,54.613500,1953212.000000,195.321200,3.559986,7440.946250,,,,,,,,,,,,,
10000,96,clustered,clustered,scenario_label=clustered,0.000000,True,True,formal_extended_baseline_screen,1495572643,1287301966,9069861.250000,617711.000000,3527523.000000,6727,4368493.598000,2999.183500,4371492.781500,10000,2679,0,3830,,,,,,,,,,,,,,,,,,,,27.126800,,1102.552699,SD-CGQT,21,,,19.000000,41.000000,,,,,,,8.000000,64.000000,6509,0.411584,352.752300,61.771100,4145234.000000,414.523400,2.610966,9069.861250,,,,,,,,,,,,,
10000,96,random,random,scenario_label=random,0.000000,True,True,formal_extended_baseline_screen,2483842946,1365558626,4009548.750000,153238.000000,1959549.000000,4595,1735609.122875,1286.250500,1736895.373375,10000,1853,0,2656,,,,,,,,,,,,,,,,,,,,10.736900,,2494.046244,SD-CGQT,22,,,2.000000,28.000000,,,,,,,,,4509,0.410956,195.954900,15.323800,2112787.000000,211.278700,3.765060,4009.548750,,,,,,,,,,,,,
10000,96,prefixed,prefixed,scenario_label=prefixed,0.000000,True,True,formal_extended_baseline_screen,664859573,2873195327,6063143.750000,386301.000000,1634117.000000,4804,2716950.588750,1589.660500,2718540.249250,10000,1953,0,2757,,,,,,,,,,,,,,,,,,,,10.963900,,1649.309403,SD-CGQT,22,,,2.000000,29.000000,,,,,,48.000000,,,4710,0.414650,163.411700,38.630100,2020418.000000,202.041800,3.627131,6063.143750,,,,,,,,,,,,,
10000,96,prefix80,prefixed,scenario_label=prefix80,0.000000,True,True,formal_extended_baseline_screen,647152320,1270654078,7465615.000000,547886.000000,1398498.000000,4829,3316345.016875,1795.021000,3318140.037875,10000,1991,0,2826,,,,,,,,,,,,,,,,,,,,10.941900,,1339.474377,SD-CGQT,22,,,2.000000,29.000000,,,,,,80.000000,,,4817,0.413328,139.849800,54.788600,1946384.000000,194.638400,3.538570,7465.615000,,,,,,,,,,,,,
10000,96,clustered,clustered,scenario_label=clustered,0.000000,True,True,formal_extended_baseline_screen,2138889899,1269508825,7114402.500000,484616.000000,2361280.000000,5287,2662069.389500,2149.872000,2664219.261500,10000,2113,0,2989,,,,,,,,,,,,,,,,,,,,21.380900,,1405.599416,SD-CGQT,22,,,2.000000,41.000000,,,,,,,8.000000,64.000000,5102,0.414151,236.128000,48.461600,2845896.000000,284.589600,3.345601,7114.402500,,,,,,,,,,,,,
10000,96,random,random,scenario_label=random,0.000000,True,True,formal_extended_baseline_screen,484606977,867494546,4185815.000000,160311.000000,1981043.000000,4805,1856449.713375,1311.143500,1857760.856875,10000,1939,0,2773,,,,,,,,,,,,,,,,,,,,10.935100,,2389.021015,SD-CGQT,23,,,2.000000,28.000000,,,,,,,,,4712,0.411503,198.104300,16.031100,2141354.000000,214.135400,3.606203,4185.815000,,,,,,,,,,,,,
10000,96,prefixed,prefixed,scenario_label=prefixed,0.000000,True,True,formal_extended_baseline_screen,4122393112,442325061,5943317.500000,378787.000000,1622076.000000,4698,2649181.426750,1568.612000,2650750.038750,10000,1914,0,2705,,,,,,,,,,,,,,,,,,,,10.860800,,1682.561970,SD-CGQT,23,,,2.000000,29.000000,,,,,,48.000000,,,4619,0.414375,162.207600,37.878700,2000863.000000,200.086300,3.696858,5943.317500,,,,,,,,,,,,,
10000,96,prefix80,prefixed,scenario_label=prefix80,0.000000,True,True,formal_extended_baseline_screen,2468324303,3045559247,7281198.750000,534098.000000,1398172.000000,4711,3252884.794875,1767.282000,3254652.076875,10000,1944,0,2755,,,,,,,,,,,,,,,,,,,,10.846100,,1373.400225,SD-CGQT,23,,,2.000000,29.000000,,,,,,80.000000,,,4699,0.413705,139.817200,53.409800,1932270.000000,193.227000,3.629764,7281.198750,,,,,,,,,,,,,
10000,96,clustered,clustered,scenario_label=clustered,0.000000,True,True,formal_extended_baseline_screen,3200206661,1077925747,5361761.250000,365211.000000,2224837.000000,3984,1610321.760500,1842.840500,1612164.601000,10000,1579,0,2270,,,,,,,,,,,,,,,,,,,,17.997300,,1865.058799,SD-CGQT,23,,,2.000000,42.000000,,,,,,,8.000000,64.000000,3849,0.410236,222.483700,36.521100,2590048.000000,259.004800,4.405286,5361.761250,,,,,,,,,,,,,
10000,96,random,random,scenario_label=random,0.000000,True,True,formal_extended_baseline_screen,4167451253,1322614049,4266512.500000,162861.000000,1998182.000000,4871,1895073.076750,1324.813000,1896397.889750,10000,1976,0,2799,,,,,,,,,,,,,,,,,,,,10.923400,,2343.834689,SD-CGQT,24,,,2.000000,28.000000,,,,,,,,,4775,0.413822,199.818200,16.286100,2161043.000000,216.104300,3.572705,4266.512500,,,,,,,,,,,,,
10000,96,prefixed,prefixed,scenario_label=prefixed,0.000000,True,True,formal_extended_baseline_screen,2427110912,3262688619,5845238.750000,372467.000000,1627741.000000,4619,2618861.880750,1558.804500,2620420.685250,10000,1866,0,2680,,,,,,,,,,,,,,,,,,,,10.844300,,1710.794106,SD-CGQT,24,,,2.000000,28.000000,,,,,,48.000000,,,4546,0.410471,162.774100,37.246700,2000208.000000,200.020800,3.731343,5845.238750,,,,,,,,,,,,,
10000,96,prefix80,prefixed,scenario_label=prefix80,0.000000,True,True,formal_extended_baseline_screen,4263242191,3713899231,7328553.750000,537529.000000,1402070.000000,4754,3310063.523250,1776.093000,3311839.616250,10000,1936,0,2792,,,,,,,,,,,,,,,,,,,,10.969700,,1364.525709,SD-CGQT,24,,,2.000000,30.000000,,,,,,80.000000,,,4728,0.409475,140.207000,53.752900,1939599.000000,193.959900,3.581662,7328.553750,,,,,,,,,,,,,
10000,96,clustered,clustered,scenario_label=clustered,0.000000,True,True,formal_extended_baseline_screen,3387768436,3531899277,4605898.750000,313692.000000,2325807.000000,3410,1663959.060500,1790.287500,1665749.348000,10000,1354,0,1955,,,,,,,,,,,,,,,,,,,,15.131800,,2171.128925,SD-CGQT,24,,,2.000000,41.000000,,,,,,,8.000000,64.000000,3309,0.409187,232.580700,31.369200,2639499.000000,263.949900,5.115090,4605.898750,,,,,,,,,,,,,
10000,96,random,random,scenario_label=random,0.000000,True,True,formal_extended_baseline_screen,1401592609,544597396,4088893.750000,155950.000000,1967881.000000,4661,1814509.838125,1295.840500,1815805.678625,10000,1900,0,2680,,,,,,,,,,,,,,,,,,,,10.746000,,2445.649266,SD-CGQT,25,,,2.000000,28.000000,,,,,,,,,4580,0.414847,196.788100,15.595000,2123831.000000,212.383100,3.731343,4088.893750,,,,,,,,,,,,,
10000,96,prefixed,prefixed,scenario_label=prefixed,0.000000,True,True,formal_extended_baseline_screen,4217303339,1547871561,5989778.750000,381743.000000,1626471.000000,4737,2664724.110500,1576.721500,2666300.832000,10000,1931,0,2722,,,,,,,,,,,,,,,,,,,,10.826600,,1669.510748,SD-CGQT,25,,,2.000000,29.000000,,,,,,48.000000,,,4653,0.415001,162.647100,38.174300,2008214.000000,200.821400,3.673769,5989.778750,,,,,,,,,,,,,
10000,96,prefix80,prefixed,scenario_label=prefix80,0.000000,True,True,formal_extended_baseline_screen,2677772902,3399134439,7290982.500000,534972.000000,1389932.000000,4721,3194948.664500,1764.910000,3196713.574500,10000,1947,0,2759,,,,,,,,,,,,,,,,,,,,10.760000,,1371.557263,SD-CGQT,25,,,2.000000,28.000000,,,,,,80.000000,,,4706,0.413727,138.993200,53.497200,1924904.000000,192.490400,3.624502,7290.982500,,,,,,,,,,,,,
10000,96,clustered,clustered,scenario_label=clustered,0.000000,True,True,formal_extended_baseline_screen,4190779514,2030005870,8568295.000000,583489.000000,3593015.000000,6357,4126484.312000,2963.485500,4129447.797500,10000,2551,0,3595,,,,,,,,,,,,,,,,,,,,26.808800,,1167.093337,SD-CGQT,25,,,19.000000,44.000000,,,,,,,8.000000,64.000000,6146,0.415067,359.301500,58.348900,4176504.000000,417.650400,2.781641,8568.295000,,,,,,,,,,,,,
10000,96,random,random,scenario_label=random,0.000000,True,True,formal_extended_baseline_screen,2865864341,3575466405,4203931.250000,161260.000000,1982446.000000,4816,1842658.943750,1313.743000,1843972.686750,10000,1958,0,2782,,,,,,,,,,,,,,,,,,,,11.020400,,2378.725865,SD-CGQT,26,,,2.000000,29.000000,,,,,,,,,4740,0.413080,198.244600,16.126000,2143706.000000,214.370600,3.594536,4203.931250,,,,,,,,,,,,,
10000,96,prefixed,prefixed,scenario_label=prefixed,0.000000,True,True,formal_extended_baseline_screen,1478210380,2024499748,6029101.250000,384168.000000,1626173.000000,4759,2679836.729000,1581.422500,2681418.151500,10000,1940,0,2746,,,,,,,,,,,,,,,,,,,,10.775900,,1658.622004,SD-CGQT,26,,,2.000000,28.000000,,,,,,48.000000,,,4686,0.413999,162.617300,38.416800,2010341.000000,201.034100,3.641661,6029.101250,,,,,,,,,,,,,
10000,96,prefix80,prefixed,scenario_label=prefix80,0.000000,True,True,formal_extended_baseline_screen,229837212,2091308580,7309213.750000,536191.000000,1397455.000000,4737,3216105.694500,1771.109500,3217876.804000,10000,1941,0,2775,,,,,,,,,,,,,,,,,,,,10.899100,,1368.136210,SD-CGQT,26,,,2.000000,28.000000,,,,,,80.000000,,,4716,0.411578,139.745500,53.619100,1933646.000000,193.364600,3.603604,7309.213750,,,,,,,,,,,,,
10000,96,clustered,clustered,scenario_label=clustered,0.000000,True,True,formal_extended_baseline_screen,3925234375,1239901282,3529540.000000,240516.000000,1628437.000000,2621,1514933.807375,1295.250500,1516229.057875,10000,1046,0,1486,,,,,,,,,,,,,,,,,,,,11.420500,,2833.230393,SD-CGQT,26,,,2.000000,41.000000,,,,,,,8.000000,64.000000,2532,0.413112,162.843700,24.051600,1868953.000000,186.895300,6.729475,3529.540000,,,,,,,,,,,,,
10000,96,random,random,scenario_label=random,0.000000,True,True,formal_extended_baseline_screen,1975682606,2970253724,4097583.750000,156642.000000,1970322.000000,4684,1839442.153125,1298.445000,1840740.598125,10000,1906,0,2701,,,,,,,,,,,,,,,,,,,,10.898000,,2440.462626,SD-CGQT,27,,,2.000000,29.000000,,,,,,,,,4607,0.413718,197.032200,15.664200,2126964.000000,212.696400,3.702332,4097.583750,,,,,,,,,,,,,
10000,96,prefixed,prefixed,scenario_label=prefixed,0.000000,True,True,formal_extended_baseline_screen,3217990807,2935183448,5917003.750000,377026.000000,1619979.000000,4692,2657096.214875,1564.041500,2658660.256375,10000,1902,0,2696,,,,,,,,,,,,,,,,,,,,10.719000,,1690.044560,SD-CGQT,27,,,2.000000,28.000000,,,,,,48.000000,,,4598,0.413658,161.997900,37.702600,1997005.000000,199.700500,3.709199,5917.003750,,,,,,,,,,,,,
10000,96,prefix80,prefixed,scenario_label=prefix80,0.000000,True,True,formal_extended_baseline_screen,2830123666,3120364960,7089005.000000,519640.000000,1392888.000000,4583,3093523.943875,1735.724000,3095259.667875,10000,1869,0,2705,,,,,,,,,,,,,,,,,,,,10.717500,,1410.635202,SD-CGQT,27,,,2.000000,27.000000,,,,,,80.000000,,,4574,0.408614,139.288800,51.964000,1912528.000000,191.252800,3.696858,7089.005000,,,,,,,,,,,,,
10000,96,clustered,clustered,scenario_label=clustered,0.000000,True,True,formal_extended_baseline_screen,3377847691,2666442710,7865753.750000,535779.000000,3296670.000000,5843,3270110.370750,2719.893000,3272830.263750,10000,2333,0,3310,,,,,,,,,,,,,,,,,,,,24.265800,,1271.333977,SD-CGQT,27,,,2.000000,41.000000,,,,,,,8.000000,64.000000,5643,0.413433,329.667000,53.577900,3832449.000000,383.244900,3.021148,7865.753750,,,,,,,,,,,,,
10000,96,random,random,scenario_label=random,0.000000,True,True,formal_extended_baseline_screen,264712398,2845447952,4029446.250000,154017.000000,1957434.000000,4617,1766094.944750,1286.751000,1767381.695750,10000,1868,0,2669,,,,,,,,,,,,,,,,,,,,10.831700,,2481.730585,SD-CGQT,28,,,2.000000,29.000000,,,,,,,,,4537,0.411726,195.743400,15.401700,2111451.000000,211.145100,3.746722,4029.446250,,,,,,,,,,,,,
10000,96,prefixed,prefixed,scenario_label=prefixed,0.000000,True,True,formal_extended_baseline_screen,2849627408,697815564,6025125.000000,383997.000000,1636141.000000,4781,2677462.169750,1586.064500,2679048.234250,10000,1932,0,2748,,,,,,,,,,,,,,,,,,,,10.912500,,1659.716603,SD-CGQT,28,,,2.000000,28.000000,,,,,,48.000000,,,4680,0.412821,163.614100,38.399700,2020138.000000,202.013800,3.639010,6025.125000,,,,,,,,,,,,,
10000,96,prefix80,prefixed,scenario_label=prefix80,0.000000,True,True,formal_extended_baseline_screen,2205676394,61958015,7220176.250000,529825.000000,1397195.000000,4679,3197604.084000,1758.247500,3199362.331500,10000,1922,0,2739,,,,,,,,,,,,,,,,,,,,10.848600,,1385.007741,SD-CGQT,28,,,2.000000,27.000000,,,,,,80.000000,,,4661,0.412358,139.719500,52.982500,1927020.000000,192.702000,3.650968,7220.176250,,,,,,,,,,,,,
10000,96,clustered,clustered,scenario_label=clustered,0.000000,True,True,formal_extended_baseline_screen,1883537458,3310826855,7669838.750000,522451.000000,2904508.000000,5697,3559594.700250,2497.156000,3562091.856250,10000,2267,0,3239,,,,,,,,,,,,,,,,,,,,24.957900,,1303.808375,SD-CGQT,28,,,2.000000,44.000000,,,,,,,8.000000,64.000000,5506,0.411733,290.450800,52.245100,3426959.000000,342.695900,3.087373,7669.838750,,,,,,,,,,,,,
10000,96,random,random,scenario_label=random,0.000000,True,True,formal_extended_baseline_screen,814411954,2311214120,4065597.500000,155648.000000,1969337.000000,4668,1817248.462500,1295.964500,1818544.427000,10000,1878,0,2705,,,,,,,,,,,,,,,,,,,,10.930800,,2459.663063,SD-CGQT,29,,,2.000000,27.000000,,,,,,,,,4583,0.409775,196.933700,15.564800,2124985.000000,212.498500,3.696858,4065.597500,,,,,,,,,,,,,
10000,96,prefixed,prefixed,scenario_label=prefixed,0.000000,True,True,formal_extended_baseline_screen,3130433991,2940467592,5897487.500000,375603.000000,1626391.000000,4667,2607855.751500,1564.401500,2609420.153000,10000,1895,0,2685,,,,,,,,,,,,,,,,,,,,10.725600,,1695.637337,SD-CGQT,29,,,2.000000,28.000000,,,,,,48.000000,,,4580,0.413755,162.639100,37.560300,2001994.000000,200.199400,3.724395,5897.487500,,,,,,,,,,,,,
10000,96,prefix80,prefixed,scenario_label=prefix80,0.000000,True,True,formal_extended_baseline_screen,1229335753,3766872210,7224433.750000,529914.000000,1402556.000000,4676,3217952.965000,1761.106000,3219714.071000,10000,1915,0,2747,,,,,,,,,,,,,,,,,,,,10.891400,,1384.191529,SD-CGQT,29,,,2.000000,28.000000,,,,,,80.000000,,,4662,0.410768,140.255600,52.991400,1932470.000000,193.247000,3.640335,7224.433750,,,,,,,,,,,,,
10000,96,clustered,clustered,scenario_label=clustered,0.000000,True,True,formal_extended_baseline_screen,3172725409,414061794,6726205.000000,458209.000000,2741062.000000,4994,3388292.452125,2286.949000,3390579.401125,10000,1980,0,2849,,,,,,,,,,,,,,,,,,,,21.111000,,1486.722453,SD-CGQT,29,,,2.000000,42.000000,,,,,,,8.000000,64.000000,4829,0.410023,274.106200,45.820900,3199271.000000,319.927100,3.510004,6726.205000,,,,,,,,,,,,,
10000,96,random,random,scenario_label=random,0.000000,True,True,formal_extended_baseline_screen,1675969911,3395074188,4058182.500000,155723.000000,1956286.000000,4664,1788587.588375,1289.589000,1789877.177375,10000,1889,0,2692,,,,,,,,,,,,,,,,,,,,10.803800,,2464.157292,SD-CGQT,30,,,2.000000,29.000000,,,,,,,,,4581,0.412355,195.628600,15.572300,2112009.000000,211.200900,3.714710,4058.182500,,,,,,,,,,,,,
10000,96,prefixed,prefixed,scenario_label=prefixed,0.000000,True,True,formal_extended_baseline_screen,2782577657,1364297075,5966277.500000,380559.000000,1623648.000000,4724,2646446.138125,1572.942000,2648019.080125,10000,1908,0,2734,,,,,,,,,,,,,,,,,,,,10.835800,,1676.086974,SD-CGQT,30,,,2.000000,29.000000,,,,,,48.000000,,,4642,0.411030,162.364800,38.055900,2004207.000000,200.420700,3.657644,5966.277500,,,,,,,,,,,,,
10000,96,prefix80,prefixed,scenario_label=prefix80,0.000000,True,True,formal_extended_baseline_screen,511059701,425625686,7271540.000000,533384.000000,1402205.000000,4711,3247637.472625,1767.870500,3249405.343125,10000,1926,0,2766,,,,,,,,,,,,,,,,,,,,10.931200,,1375.224505,SD-CGQT,30,,,2.000000,29.000000,,,,,,80.000000,,,4692,0.410486,140.220500,53.338400,1935589.000000,193.558900,3.615329,7271.540000,,,,,,,,,,,,,
10000,96,clustered,clustered,scenario_label=clustered,0.000000,True,True,formal_extended_baseline_screen,3855081597,2377951141,4658673.750000,317397.000000,1717050.000000,3459,2013810.115125,1493.319000,2015303.434125,10000,1371,0,1973,,,,,,,,,,,,,,,,,,,,14.896600,,2146.533657,SD-CGQT,30,,,2.000000,41.000000,,,,,,,8.000000,64.000000,3344,0.409988,171.705000,31.739700,2034447.000000,203.444700,5.068424,4658.673750,,,,,,,,,,,,,
10000,96,random,random,scenario_label=random,0.000000,True,True,formal_extended_baseline_screen,3265993510,2074325858,4162085.000000,158523.000000,1980629.000000,4722,1852269.511375,1307.360500,1853576.871875,10000,1940,0,2718,,,,,,,,,,,,,,,,,,,,10.830300,,2402.641945,SD-CGQT,31,,,2.000000,27.000000,,,,,,,,,4658,0.416488,198.062900,15.852300,2139152.000000,213.915200,3.679176,4162.085000,,,,,,,,,,,,,
10000,96,prefixed,prefixed,scenario_label=prefixed,0.000000,True,True,formal_extended_baseline_screen,1064392848,429625002,5967016.250000,380362.000000,1628612.000000,4722,2655747.704625,1575.030000,2657322.734625,10000,1909,0,2729,,,,,,,,,,,,,,,,,,,,10.984300,,1675.879465,SD-CGQT,31,,,2.000000,29.000000,,,,,,48.000000,,,4638,0.411600,162.861200,38.036200,2008974.000000,200.897400,3.664346,5967.016250,,,,,,,,,,,,,
10000,96,prefix80,prefixed,scenario_label=prefix80,0.000000,True,True,formal_extended_baseline_screen,2404369372,1909448837,7208845.000000,528379.000000,1400462.000000,4666,3191444.485125,1756.989000,3193201.474125,10000,1896,0,2755,,,,,,,,,,,,,,,,,,,,10.872300,,1387.184771,SD-CGQT,31,,,2.000000,29.000000,,,,,,80.000000,,,4651,0.407654,140.046200,52.837900,1928841.000000,192.884100,3.629764,7208.845000,,,,,,,,,,,,,
10000,96,clustered,clustered,scenario_label=clustered,0.000000,True,True,formal_extended_baseline_screen,1581184839,2770897670,5778222.500000,393533.000000,2142360.000000,4278,2174871.880375,1858.246000,2176730.126375,10000,1700,0,2448,,,,,,,,,,,,,,,,,,,,18.054300,,1730.636022,SD-CGQT,31,,,2.000000,41.000000,,,,,,,8.000000,64.000000,4148,0.409836,214.236000,39.353300,2535893.000000,253.589300,4.084967,5778.222500,,,,,,,,,,,,,
10000,96,random,random,scenario_label=random,0.000000,True,True,formal_extended_baseline_screen,2252910599,207323243,4133887.500000,158847.000000,1966986.000000,4762,1846254.264250,1301.187000,1847555.451250,10000,1912,0,2763,,,,,,,,,,,,,,,,,,,,10.895800,,2419.030513,SD-CGQT,32,,,2.000000,29.000000,,,,,,,,,4675,0.408984,196.698600,15.884700,2125833.000000,212.583300,3.619254,4133.887500,,,,,,,,,,,,,
10000,96,prefixed,prefixed,scenario_label=prefixed,0.000000,True,True,formal_extended_baseline_screen,3774357635,3652505701,6164417.500000,393106.000000,1637489.000000,4868,2761014.416625,1604.956500,2762619.373125,10000,1973,0,2821,,,,,,,,,,,,,,,,,,,,11.045000,,1622.213291,SD-CGQT,32,,,2.000000,29.000000,,,,,,48.000000,,,4794,0.411556,163.748900,39.310600,2030595.000000,203.059500,3.544842,6164.417500,,,,,,,,,,,,,
10000,96,prefix80,prefixed,scenario_label=prefix80,0.000000,True,True,formal_extended_baseline_screen,3552680233,3874581546,7090193.750000,520036.000000,1397408.000000,4596,3195895.921000,1738.776000,3197634.697000,10000,1881,0,2694,,,,,,,,,,,,,,,,,,,,10.821900,,1410.398693,SD-CGQT,32,,,2.000000,28.000000,,,,,,80.000000,,,4575,0.411148,139.740800,52.003600,1917444.000000,191.744400,3.711952,7090.193750,,,,,,,,,,,,,
10000,96,clustered,clustered,scenario_label=clustered,0.000000,True,True,formal_extended_baseline_screen,1120776253,1336289687,7028728.750000,478691.000000,2942774.000000,5216,3836328.083250,2428.769000,3838756.852250,10000,2078,0,2965,,,,,,,,,,,,,,,,,,,,20.871800,,1422.732382,SD-CGQT,32,,,2.000000,40.000000,,,,,,,8.000000,64.000000,5043,0.412056,294.277400,47.869100,3421465.000000,342.146500,3.372681,7028.728750,,,,,,,,,,,,,
10000,96,random,random,scenario_label=random,0.000000,True,True,formal_extended_baseline_screen,2042956436,2196698167,4241670.000000,162545.000000,1993869.000000,4858,1888614.439125,1322.024500,1889936.463625,10000,1966,0,2810,,,,,,,,,,,,,,,,,,,,11.013000,,2357.561998,SD-CGQT,33,,,2.000000,28.000000,,,,,,,,,4776,0.411642,199.386900,16.254500,2156414.000000,215.641400,3.558719,4241.670000,,,,,,,,,,,,,
10000,96,prefixed,prefixed,scenario_label=prefixed,0.000000,True,True,formal_extended_baseline_screen,2604247550,4159853691,6081295.000000,387677.000000,1631904.000000,4815,2692873.508625,1591.306000,2694464.814625,10000,1949,0,2777,,,,,,,,,,,,,,,,,,,,10.970000,,1644.386599,SD-CGQT,33,,,2.000000,30.000000,,,,,,48.000000,,,4726,0.412399,163.190400,38.767700,2019581.000000,201.958100,3.601008,6081.295000,,,,,,,,,,,,,
10000,96,prefix80,prefixed,scenario_label=prefix80,0.000000,True,True,formal_extended_baseline_screen,4264852947,1497008900,7621296.250000,559579.000000,1403660.000000,4935,3365138.953625,1820.988000,3366959.941625,10000,2040,0,2877,,,,,,,,,,,,,,,,,,,,11.021000,,1312.112752,SD-CGQT,33,,,2.000000,30.000000,,,,,,80.000000,,,4917,0.414887,140.366000,55.957900,1963239.000000,196.323900,3.475843,7621.296250,,,,,,,,,,,,,
10000,96,clustered,clustered,scenario_label=clustered,0.000000,True,True,formal_extended_baseline_screen,1884500039,4200411994,6818500.000000,464421.000000,2738914.000000,5057,3398707.595875,2298.299000,3401005.894875,10000,2032,0,2858,,,,,,,,,,,,,,,,,,,,21.154400,,1466.598225,SD-CGQT,33,,,2.000000,42.000000,,,,,,,8.000000,64.000000,4890,0.415542,273.891400,46.442100,3203335.000000,320.333500,3.498950,6818.500000,,,,,,,,,,,,,
10000,96,random,random,scenario_label=random,0.000000,True,True,formal_extended_baseline_screen,1926156841,1630639437,4203555.000000,160858.000000,1989337.000000,4816,1832288.798875,1316.384500,1833605.183375,10000,1949,0,2775,,,,,,,,,,,,,,,,,,,,10.953200,,2378.938779,SD-CGQT,34,,,2.000000,29.000000,,,,,,,,,4724,0.412574,198.933700,16.085800,2150195.000000,215.019500,3.603604,4203.555000,,,,,,,,,,,,,
10000,96,prefixed,prefixed,scenario_label=prefixed,0.000000,True,True,formal_extended_baseline_screen,304335199,3935027652,5986125.000000,381343.000000,1627366.000000,4729,2673836.476250,1576.369000,2675412.845250,10000,1915,0,2740,,,,,,,,,,,,,,,,,,,,10.890600,,1670.529767,SD-CGQT,34,,,2.000000,29.000000,,,,,,48.000000,,,4655,0.411386,162.736600,38.134300,2008709.000000,200.870900,3.649635,5986.125000,,,,,,,,,,,,,
10000,96,prefix80,prefixed,scenario_label=prefix80,0.000000,True,True,formal_extended_baseline_screen,1538798478,2050799502,7108260.000000,521430.000000,1397606.000000,4612,3164322.505250,1741.663000,3166064.168250,10000,1884,0,2704,,,,,,,,,,,,,,,,,,,,10.838100,,1406.814045,SD-CGQT,34,,,2.000000,27.000000,,,,,,80.000000,,,4588,0.410636,139.760600,52.143000,1919036.000000,191.903600,3.698225,7108.260000,,,,,,,,,,,,,
10000,96,clustered,clustered,scenario_label=clustered,0.000000,True,True,formal_extended_baseline_screen,2234370540,1210300315,4398395.000000,299465.000000,2024311.000000,3266,2673025.112750,1611.085500,2674636.198250,10000,1311,0,1845,,,,,,,,,,,,,,,,,,,,14.095900,,2273.556604,SD-CGQT,34,,,2.000000,39.000000,,,,,,,8.000000,64.000000,3156,0.415399,202.431100,29.946500,2323776.000000,232.377600,5.420054,4398.395000,,,,,,,,,,,,,
10000,96,random,random,scenario_label=random,0.000000,True,True,formal_extended_baseline_screen,2690207514,1987476153,4124090.000000,157966.000000,1979922.000000,4727,1846140.345875,1305.893000,1847446.238875,10000,1904,0,2738,,,,,,,,,,,,,,,,,,,,10.898600,,2424.777345,SD-CGQT,35,,,2.000000,29.000000,,,,,,,,,4642,0.410168,197.992200,15.796600,2137888.000000,213.788800,3.652301,4124.090000,,,,,,,,,,,,,
10000,96,prefixed,prefixed,scenario_label=prefixed,0.000000,True,True,formal_extended_baseline_screen,4048739445,2512226881,5775486.250000,368314.000000,1614005.000000,4591,2548395.696000,1543.630500,2549939.326500,10000,1843,0,2651,,,,,,,,,,,,,,,,,,,,10.710000,,1731.455945,SD-CGQT,35,,,2.000000,30.000000,,,,,,48.000000,,,4494,0.410102,161.400500,36.831400,1982319.000000,198.231900,3.772161,5775.486250,,,,,,,,,,,,,
10000,96,prefix80,prefixed,scenario_label=prefix80,0.000000,True,True,formal_extended_baseline_screen,2800648159,3424082516,7273192.500000,533504.000000,1400259.000000,4706,3249670.332125,1767.137500,3251437.469625,10000,1935,0,2759,,,,,,,,,,,,,,,,,,,,10.911000,,1374.912049,SD-CGQT,35,,,2.000000,27.000000,,,,,,80.000000,,,4694,0.412228,140.025900,53.350400,1933763.000000,193.376300,3.624502,7273.192500,,,,,,,,,,,,,
10000,96,clustered,clustered,scenario_label=clustered,0.000000,True,True,formal_extended_baseline_screen,1745901410,2729177940,7524557.500000,512432.000000,3458823.000000,5579,3357809.690625,2754.275500,3360563.966125,10000,2224,0,3177,,,,,,,,,,,,,,,,,,,,24.531900,,1328.981804,SD-CGQT,35,,,2.000000,43.000000,,,,,,,8.000000,64.000000,5401,0.411776,345.882300,51.243200,3971255.000000,397.125500,3.147624,7524.557500,,,,,,,,,,,,,
10000,96,random,random,scenario_label=random,0.000000,True,True,formal_extended_baseline_screen,1928770138,2993018012,4093742.500000,156470.000000,1969608.000000,4685,1786353.655750,1297.744000,1787651.399750,10000,1894,0,2710,,,,,,,,,,,,,,,,,,,,10.881400,,2442.752567,SD-CGQT,36,,,2.000000,28.000000,,,,,,,,,4604,0.411381,196.960800,15.647000,2126078.000000,212.607800,3.690037,4093.742500,,,,,,,,,,,,,
10000,96,prefixed,prefixed,scenario_label=prefixed,0.000000,True,True,formal_extended_baseline_screen,1318647535,3714408373,5991831.250000,381971.000000,1625059.000000,4729,2628486.399750,1576.471500,2630062.871250,10000,1918,0,2742,,,,,,,,,,,,,,,,,,,,10.841800,,1668.938857,SD-CGQT,36,,,2.000000,28.000000,,,,,,48.000000,,,4660,0.411588,162.505900,38.197100,2007030.000000,200.703000,3.646973,5991.831250,,,,,,,,,,,,,
10000,96,prefix80,prefixed,scenario_label=prefix80,0.000000,True,True,formal_extended_baseline_screen,2487161622,181224618,7418871.250000,544489.000000,1401072.000000,4806,3310012.164375,1789.514000,3311801.678375,10000,1974,0,2813,,,,,,,,,,,,,,,,,,,,10.972300,,1347.913943,SD-CGQT,36,,,2.000000,28.000000,,,,,,80.000000,,,4787,0.412367,140.107200,54.448900,1945561.000000,194.556100,3.554924,7418.871250,,,,,,,,,,,,,
10000,96,clustered,clustered,scenario_label=clustered,0.000000,True,True,formal_extended_baseline_screen,3755104620,3699601797,7510370.000000,511529.000000,2750932.000000,5585,3696479.323875,2398.524000,3698877.847875,10000,2224,0,3167,,,,,,,,,,,,,,,,,,,,24.060700,,1331.492323,SD-CGQT,36,,,2.000000,42.000000,,,,,,,8.000000,64.000000,5391,0.412539,275.093200,51.152900,3262461.000000,326.246100,3.157562,7510.370000,,,,,,,,,,,,,
10000,96,random,random,scenario_label=random,0.000000,True,True,formal_extended_baseline_screen,3956758156,1532475289,4143871.250000,158545.000000,1967405.000000,4747,1814910.704500,1300.792500,1816211.497000,10000,1923,0,2734,,,,,,,,,,,,,,,,,,,,10.792600,,2413.202389,SD-CGQT,37,,,2.000000,28.000000,,,,,,,,,4657,0.412927,196.740500,15.854500,2125950.000000,212.595000,3.657644,4143.871250,,,,,,,,,,,,,
10000,96,prefixed,prefixed,scenario_label=prefixed,0.000000,True,True,formal_extended_baseline_screen,1372255346,69495341,6029188.750000,384379.000000,1635045.000000,4765,2645112.795750,1586.280500,2646699.076250,10000,1925,0,2761,,,,,,,,,,,,,,,,,,,,11.022700,,1658.597933,SD-CGQT,37,,,2.000000,29.000000,,,,,,48.000000,,,4686,0.410798,163.504500,38.437900,2019424.000000,201.942400,3.621876,6029.188750,,,,,,,,,,,,,
10000,96,prefix80,prefixed,scenario_label=prefix80,0.000000,True,True,formal_extended_baseline_screen,707353532,2785970295,7474546.250000,548487.000000,1401230.000000,4842,3428689.790625,1797.589000,3430487.379625,10000,1993,0,2829,,,,,,,,,,,,,,,,,,,,10.999800,,1337.873854,SD-CGQT,37,,,2.000000,28.000000,,,,,,80.000000,,,4822,0.413314,140.123000,54.848700,1949717.000000,194.971700,3.534818,7474.546250,,,,,,,,,,,,,
10000,96,clustered,clustered,scenario_label=clustered,0.000000,True,True,formal_extended_baseline_screen,1062845759,2329669862,4714033.750000,321171.000000,1715484.000000,3494,1705271.624875,1500.084000,1706771.708875,10000,1388,0,1994,,,,,,,,,,,,,,,,,,,,14.781200,,2121.325500,SD-CGQT,37,,,2.000000,41.000000,,,,,,,8.000000,64.000000,3382,0.410408,171.548400,32.117100,2036655.000000,203.665500,5.015045,4714.033750,,,,,,,,,,,,,
10000,96,random,random,scenario_label=random,0.000000,True,True,formal_extended_baseline_screen,957467494,3671345866,4142271.250000,158512.000000,1973579.000000,4740,1824571.105875,1303.813500,1825874.919375,10000,1923,0,2739,,,,,,,,,,,,,,,,,,,,10.865200,,2414.134516,SD-CGQT,38,,,2.000000,28.000000,,,,,,,,,4662,0.412484,197.357900,15.851200,2132091.000000,213.209100,3.650968,4142.271250,,,,,,,,,,,,,
10000,96,prefixed,prefixed,scenario_label=prefixed,0.000000,True,True,formal_extended_baseline_screen,2919934110,2655127168,5906981.250000,376356.000000,1623481.000000,4661,2612714.838750,1564.452500,2614279.291250,10000,1894,0,2696,,,,,,,,,,,,,,,,,,,,10.727500,,1692.912094,SD-CGQT,38,,,2.000000,28.000000,,,,,,48.000000,,,4590,0.412636,162.348100,37.635600,1999837.000000,199.983700,3.709199,5906.981250,,,,,,,,,,,,,
10000,96,prefix80,prefixed,scenario_label=prefix80,0.000000,True,True,formal_extended_baseline_screen,3472369517,2416733805,7426817.500000,545186.000000,1398620.000000,4804,3253708.272000,1789.682000,3255497.954000,10000,1990,0,2804,,,,,,,,,,,,,,,,,,,,10.922800,,1346.471756,SD-CGQT,38,,,2.000000,29.000000,,,,,,80.000000,,,4794,0.415102,139.862000,54.518600,1943806.000000,194.380600,3.566334,7426.817500,,,,,,,,,,,,,
10000,96,clustered,clustered,scenario_label=clustered,0.000000,True,True,formal_extended_baseline_screen,1660287430,2576912646,5949563.750000,405341.000000,2039794.000000,4410,1840356.013750,1830.579000,1842186.592750,10000,1773,0,2493,,,,,,,,,,,,,,,,,,,,17.825900,,1680.795504,SD-CGQT,38,,,2.000000,40.000000,,,,,,,8.000000,64.000000,4266,0.415612,203.979400,40.534100,2445135.000000,244.513500,4.011231,5949.563750,,,,,,,,,,,,,
10000,96,random,random,scenario_label=random,0.000000,True,True,formal_extended_baseline_screen,2866897990,3226122379,4078725.000000,156400.000000,1959796.000000,4680,1823820.364625,1292.698000,1825113.062625,10000,1881,0,2729,,,,,,,,,,,,,,,,,,,,10.808200,,2451.746563,SD-CGQT,39,,,2.000000,30.000000,,,,,,,,,4610,0.408026,195.979600,15.640000,2116196.000000,211.619600,3.664346,4078.725000,,,,,,,,,,,,,
10000,96,prefixed,prefixed,scenario_label=prefixed,0.000000,True,True,formal_extended_baseline_screen,86283338,1497469816,6041300.000000,385079.000000,1631154.000000,4788,2685829.682125,1585.735000,2687415.417125,10000,1934,0,2761,,,,,,,,,,,,,,,,,,,,10.912400,,1655.272872,SD-CGQT,39,,,2.000000,29.000000,,,,,,48.000000,,,4695,0.411928,163.115400,38.507900,2016233.000000,201.623300,3.621876,6041.300000,,,,,,,,,,,,,
10000,96,prefix80,prefixed,scenario_label=prefix80,0.000000,True,True,formal_extended_baseline_screen,1243192488,39039562,7202616.250000,528174.000000,1396331.000000,4660,3160785.584750,1754.513500,3162540.098250,10000,1911,0,2737,,,,,,,,,,,,,,,,,,,,10.766600,,1388.384394,SD-CGQT,39,,,2.000000,29.000000,,,,,,80.000000,,,4648,0.411145,139.633100,52.817400,1924505.000000,192.450500,3.653635,7202.616250,,,,,,,,,,,,,
10000,96,clustered,clustered,scenario_label=clustered,0.000000,True,True,formal_extended_baseline_screen,481472403,2597142061,7022698.750000,478313.000000,2846740.000000,5211,2587170.832375,2379.996000,2589550.828375,10000,2080,0,2959,,,,,,,,,,,,,,,,,,,,20.780500,,1423.954003,SD-CGQT,39,,,2.000000,41.000000,,,,,,,8.000000,64.000000,5039,0.412780,284.674000,47.831300,3325053.000000,332.505300,3.379520,7022.698750,,,,,,,,,,,,,
10000,96,random,random,scenario_label=random,0.000000,True,True,formal_extended_baseline_screen,509607359,2262515758,4088633.750000,156434.000000,1956624.000000,4678,1844101.322500,1291.180000,1845392.502500,10000,1905,0,2707,,,,,,,,,,,,,,,,,,,,10.779000,,2445.804787,SD-CGQT,40,,,2.000000,28.000000,,,,,,,,,4612,0.413053,195.662400,15.643400,2113058.000000,211.305800,3.694126,4088.633750,,,,,,,,,,,,,
10000,96,prefixed,prefixed,scenario_label=prefixed,0.000000,True,True,formal_extended_baseline_screen,2673896349,43178404,6055800.000000,385965.000000,1630932.000000,4769,2698662.226125,1587.396000,2700249.622125,10000,1951,0,2754,,,,,,,,,,,,,,,,,,,,10.892200,,1651.309488,SD-CGQT,40,,,2.000000,29.000000,,,,,,48.000000,,,4705,0.414665,163.093200,38.596500,2016897.000000,201.689700,3.631082,6055.800000,,,,,,,,,,,,,
10000,96,prefix80,prefixed,scenario_label=prefix80,0.000000,True,True,formal_extended_baseline_screen,1445782178,3823194291,7332527.500000,538098.000000,1396619.000000,4752,3250721.425750,1774.505500,3252495.931250,10000,1953,0,2779,,,,,,,,,,,,,,,,,,,,10.819300,,1363.786225,SD-CGQT,40,,,2.000000,28.000000,,,,,,80.000000,,,4732,0.412722,139.661900,53.809800,1934717.000000,193.471700,3.598417,7332.527500,,,,,,,,,,,,,
10000,96,clustered,clustered,scenario_label=clustered,0.000000,True,True,formal_extended_baseline_screen,3422425815,1027118514,7524318.750000,512450.000000,3258530.000000,5609,3190894.935375,2654.165000,3193549.100375,10000,2228,0,3172,,,,,,,,,,,,,,,,,,,,24.325600,,1329.023973,SD-CGQT,40,,,2.000000,41.000000,,,,,,,8.000000,64.000000,5400,0.412593,325.853000,51.245000,3770980.000000,377.098000,3.152585,7524.318750,,,,,,,,,,,,,
10000,96,random,random,scenario_label=random,0.000000,True,True,formal_extended_baseline_screen,2374982155,2765185951,4060638.750000,155727.000000,1949367.000000,4664,1807988.957125,1286.137500,1809275.094625,10000,1880,0,2701,,,,,,,,,,,,,,,,,,,,10.820600,,2462.666742,SD-CGQT,41,,,2.000000,29.000000,,,,,,,,,4581,0.410391,194.936700,15.572700,2105094.000000,210.509400,3.702332,4060.638750,,,,,,,,,,,,,
10000,96,prefixed,prefixed,scenario_label=prefixed,0.000000,True,True,formal_extended_baseline_screen,2076339012,3527510611,5996436.250000,382039.000000,1632193.000000,4735,2643271.362250,1580.174500,2644851.536750,10000,1918,0,2741,,,,,,,,,,,,,,,,,,,,10.853900,,1667.657186,SD-CGQT,41,,,2.000000,28.000000,,,,,,48.000000,,,4659,0.411676,163.219300,38.203900,2014232.000000,201.423200,3.648304,5996.436250,,,,,,,,,,,,,
10000,96,prefix80,prefixed,scenario_label=prefix80,0.000000,True,True,formal_extended_baseline_screen,3727899068,1258941768,7560502.500000,554904.000000,1404088.000000,4894,3407337.157750,1811.852000,3409149.009750,10000,2014,0,2863,,,,,,,,,,,,,,,,,,,,11.092200,,1322.663408,SD-CGQT,41,,,2.000000,28.000000,,,,,,80.000000,,,4877,0.412959,140.408800,55.490400,1958992.000000,195.899200,3.492840,7560.502500,,,,,,,,,,,,,
10000,96,clustered,clustered,scenario_label=clustered,0.000000,True,True,formal_extended_baseline_screen,4098968949,251906091,9635135.000000,656395.000000,3960583.000000,7114,4717553.941625,3293.081500,4720847.023125,10000,2867,0,4041,,,,,,,,,,,,,,,,,,,,27.257100,,1037.868177,SD-CGQT,41,,,19.000000,40.000000,,,,,,,8.000000,64.000000,6908,0.415026,396.058300,65.639500,4616978.000000,461.697800,2.474635,9635.135000,,,,,,,,,,,,,
10000,96,random,random,scenario_label=random,0.000000,True,True,formal_extended_baseline_screen,2681934676,1642560560,4099642.500000,156861.000000,1961682.000000,4694,1801656.041625,1294.563000,1802950.604625,10000,1903,0,2716,,,,,,,,,,,,,,,,,,,,10.830800,,2439.237080,SD-CGQT,42,,,2.000000,28.000000,,,,,,,,,4619,0.411994,196.168200,15.686100,2118543.000000,211.854300,3.681885,4099.642500,,,,,,,,,,,,,
10000,96,prefixed,prefixed,scenario_label=prefixed,0.000000,True,True,formal_extended_baseline_screen,3463721453,4062358798,5965533.750000,380618.000000,1627590.000000,4733,2665767.743500,1575.031000,2667342.774500,10000,1906,0,2736,,,,,,,,,,,,,,,,,,,,10.966300,,1676.295939,SD-CGQT,42,,,2.000000,29.000000,,,,,,48.000000,,,4642,0.410599,162.759000,38.061800,2008208.000000,200.820800,3.654971,5965.533750,,,,,,,,,,,,,
10000,96,prefix80,prefixed,scenario_label=prefix80,0.000000,True,True,formal_extended_baseline_screen,3090696183,1570865632,7339087.500000,538535.000000,1394952.000000,4750,3260506.068500,1774.546000,3262280.614500,10000,1952,0,2783,,,,,,,,,,,,,,,,,,,,10.865400,,1362.567213,SD-CGQT,42,,,2.000000,27.000000,,,,,,80.000000,,,4735,0.412249,139.495200,53.853500,1933487.000000,193.348700,3.593245,7339.087500,,,,,,,,,,,,,
10000,96,clustered,clustered,scenario_label=clustered,0.000000,True,True,formal_extended_baseline_screen,3927309367,981267720,8048400.000000,548264.000000,2378101.000000,5973,3376445.854250,2285.578500,3378731.432750,10000,2383,0,3392,,,,,,,,,,,,,,,,,,,,24.531000,,1242.482978,SD-CGQT,42,,,3.000000,43.000000,,,,,,,8.000000,64.000000,5775,0.412641,237.810100,54.826400,2926365.000000,292.636500,2.948113,8048.400000,,,,,,,,,,,,,
10000,96,random,random,scenario_label=random,0.000000,True,True,formal_extended_baseline_screen,3450749702,3729132711,4093055.000000,156186.000000,1965226.000000,4680,1848249.909625,1294.985000,1849544.894625,10000,1905,0,2694,,,,,,,,,,,,,,,,,,,,10.815900,,2443.162870,SD-CGQT,43,,,2.000000,28.000000,,,,,,,,,4599,0.414220,196.522600,15.618600,2121412.000000,212.141200,3.711952,4093.055000,,,,,,,,,,,,,
10000,96,prefixed,prefixed,scenario_label=prefixed,0.000000,True,True,formal_extended_baseline_screen,144876194,1594727553,5887102.500000,375146.000000,1617843.000000,4662,2570091.431625,1559.213500,2571650.645125,10000,1892,0,2685,,,,,,,,,,,,,,,,,,,,10.743000,,1698.628485,SD-CGQT,43,,,2.000000,29.000000,,,,,,48.000000,,,4577,0.413371,161.784300,37.514600,1992989.000000,199.298900,3.724395,5887.102500,,,,,,,,,,,,,
10000,96,prefix80,prefixed,scenario_label=prefix80,0.000000,True,True,formal_extended_baseline_screen,1513479548,951256184,7473222.500000,548526.000000,1404235.000000,4841,3350972.603125,1799.169500,3352771.772625,10000,1998,0,2825,,,,,,,,,,,,,,,,,,,,11.040100,,1338.110835,SD-CGQT,43,,,2.000000,29.000000,,,,,,80.000000,,,4823,0.414265,140.423500,54.852600,1952761.000000,195.276100,3.539823,7473.222500,,,,,,,,,,,,,
10000,96,clustered,clustered,scenario_label=clustered,0.000000,True,True,formal_extended_baseline_screen,48141908,2347541658,8614638.750000,586825.000000,3628661.000000,6407,4180372.619750,2987.980500,4183360.600250,10000,2553,0,3628,,,,,,,,,,,,,,,,,,,,26.996800,,1160.814782,SD-CGQT,43,,,19.000000,41.000000,,,,,,,8.000000,64.000000,6181,0.413040,362.866100,58.682500,4215486.000000,421.548600,2.756340,8614.638750,,,,,,,,,,,,,
10000,96,random,random,scenario_label=random,0.000000,True,True,formal_extended_baseline_screen,3987099893,2962226737,4215248.750000,161151.000000,1986362.000000,4801,1853826.600750,1315.483000,1855142.083750,10000,1958,0,2781,,,,,,,,,,,,,,,,,,,,11.049800,,2372.339236,SD-CGQT,44,,,2.000000,31.000000,,,,,,,,,4739,0.413167,198.636200,16.115100,2147513.000000,214.751300,3.595829,4215.248750,,,,,,,,,,,,,
10000,96,prefixed,prefixed,scenario_label=prefixed,0.000000,True,True,formal_extended_baseline_screen,2327316353,4203492027,5860861.250000,373554.000000,1619001.000000,4642,2648600.252375,1556.608500,2650156.860875,10000,1879,0,2680,,,,,,,,,,,,,,,,,,,,10.833600,,1706.233875,SD-CGQT,44,,,2.000000,29.000000,,,,,,48.000000,,,4559,0.412152,161.900100,37.355400,1992555.000000,199.255500,3.731343,5860.861250,,,,,,,,,,,,,
10000,96,prefix80,prefixed,scenario_label=prefix80,0.000000,True,True,formal_extended_baseline_screen,2316918874,3838680527,7285788.750000,534667.000000,1400461.000000,4721,3253199.032750,1769.564500,3254968.597250,10000,1938,0,2763,,,,,,,,,,,,,,,,,,,,10.911100,,1372.534991,SD-CGQT,44,,,2.000000,28.000000,,,,,,80.000000,,,4701,0.412253,140.046100,53.466700,1935128.000000,193.512800,3.619254,7285.788750,,,,,,,,,,,,,
10000,96,clustered,clustered,scenario_label=clustered,0.000000,True,True,formal_extended_baseline_screen,828653254,4026913130,3589282.500000,244614.000000,1414517.000000,2669,1840721.721125,1196.486500,1841918.207625,10000,1064,0,1512,,,,,,,,,,,,,,,,,,,,12.130500,,2786.072147,SD-CGQT,44,,,2.000000,40.000000,,,,,,,8.000000,64.000000,2576,0.413043,141.451700,24.461400,1659131.000000,165.913100,6.613757,3589.282500,,,,,,,,,,,,,
10000,96,random,random,scenario_label=random,0.000000,True,True,formal_extended_baseline_screen,3580828999,1846562590,4091311.250000,156499.000000,1964632.000000,4688,1813917.365500,1295.314000,1815212.679500,10000,1901,0,2708,,,,,,,,,,,,,,,,,,,,10.744400,,2444.204166,SD-CGQT,45,,,2.000000,28.000000,,,,,,,,,4609,0.412454,196.463200,15.649900,2121131.000000,212.113100,3.692762,4091.311250,,,,,,,,,,,,,
10000,96,prefixed,prefixed,scenario_label=prefixed,0.000000,True,True,formal_extended_baseline_screen,1476163045,1823163615,5973547.500000,380845.000000,1622261.000000,4725,2634685.600125,1572.820500,2636258.420625,10000,1905,0,2743,,,,,,,,,,,,,,,,,,,,10.851300,,1674.047122,SD-CGQT,45,,,2.000000,28.000000,,,,,,48.000000,,,4648,0.409854,162.226100,38.084500,2003106.000000,200.310600,3.645643,5973.547500,,,,,,,,,,,,,
10000,96,prefix80,prefixed,scenario_label=prefix80,0.000000,True,True,formal_extended_baseline_screen,2573149326,3653726382,7418133.750000,544475.000000,1399697.000000,4801,3272539.960750,1788.798500,3274328.759250,10000,1977,0,2810,,,,,,,,,,,,,,,,,,,,10.886400,,1348.047951,SD-CGQT,45,,,2.000000,28.000000,,,,,,80.000000,,,4787,0.412994,139.969700,54.447500,1944172.000000,194.417200,3.558719,7418.133750,,,,,,,,,,,,,
10000,96,clustered,clustered,scenario_label=clustered,0.000000,True,True,formal_extended_baseline_screen,2581397823,372710084,8866515.000000,603802.000000,3745580.000000,6592,4436611.236375,3080.394000,4439691.630375,10000,2623,0,3739,,,,,,,,,,,,,,,,,,,,27.453000,,1127.838841,SD-CGQT,45,,,19.000000,42.000000,,,,,,,8.000000,64.000000,6362,0.412292,374.558000,60.380200,4349382.000000,434.938200,2.674512,8866.515000,,,,,,,,,,,,,
10000,96,random,random,scenario_label=random,0.000000,True,True,formal_extended_baseline_screen,3716381950,3121914827,4029105.000000,155098.000000,1942722.000000,4665,1778897.835375,1281.557000,1780179.392375,10000,1866,0,2703,,,,,,,,,,,,,,,,,,,,10.889100,,2481.940778,SD-CGQT,46,,,2.000000,29.000000,,,,,,,,,4569,0.408404,194.272200,15.509800,2097820.000000,209.782000,3.699593,4029.105000,,,,,,,,,,,,,
10000,96,prefixed,prefixed,scenario_label=prefixed,0.000000,True,True,formal_extended_baseline_screen,2477060584,443869341,6091912.500000,388073.000000,1632238.000000,4816,2705768.497750,1592.265000,2707360.762750,10000,1964,0,2766,,,,,,,,,,,,,,,,,,,,10.870100,,1641.520623,SD-CGQT,46,,,2.000000,28.000000,,,,,,48.000000,,,4730,0.415222,163.223800,38.807300,2020311.000000,202.031100,3.615329,6091.912500,,,,,,,,,,,,,
10000,96,prefix80,prefixed,scenario_label=prefix80,0.000000,True,True,formal_extended_baseline_screen,2069287118,1834396358,7401440.000000,543277.000000,1402904.000000,4789,3288184.932875,1788.006000,3289972.938875,10000,1982,0,2795,,,,,,,,,,,,,,,,,,,,10.943100,,1351.088437,SD-CGQT,46,,,2.000000,29.000000,,,,,,80.000000,,,4777,0.414905,140.290400,54.327700,1946181.000000,194.618100,3.577818,7401.440000,,,,,,,,,,,,,
10000,96,clustered,clustered,scenario_label=clustered,0.000000,True,True,formal_extended_baseline_screen,4117600980,803949327,8543603.750000,581937.000000,3057520.000000,6350,4142336.684750,2692.634000,4145029.318750,10000,2523,0,3610,,,,,,,,,,,,,,,,,,,,27.208700,,1170.466268,SD-CGQT,46,,,19.000000,42.000000,,,,,,,8.000000,64.000000,6133,0.411381,305.752000,58.193700,3639457.000000,363.945700,2.770083,8543.603750,,,,,,,,,,,,,
10000,96,random,random,scenario_label=random,0.000000,True,True,formal_extended_baseline_screen,2943036703,346635789,4034126.250000,155162.000000,1950105.000000,4650,1756660.787625,1285.376500,1757946.164125,10000,1866,0,2705,,,,,,,,,,,,,,,,,,,,10.793300,,2478.851523,SD-CGQT,47,,,2.000000,29.000000,,,,,,,,,4571,0.408226,195.010500,15.516200,2105267.000000,210.526700,3.696858,4034.126250,,,,,,,,,,,,,
10000,96,prefixed,prefixed,scenario_label=prefixed,0.000000,True,True,formal_extended_baseline_screen,2255604210,3392570735,5929137.500000,377988.000000,1628201.000000,4691,2650878.576250,1570.076500,2652448.652750,10000,1907,0,2703,,,,,,,,,,,,,,,,,,,,10.893700,,1686.585949,SD-CGQT,47,,,2.000000,28.000000,,,,,,48.000000,,,4610,0.413666,162.820100,37.798800,2006189.000000,200.618900,3.699593,5929.137500,,,,,,,,,,,,,
10000,96,prefix80,prefixed,scenario_label=prefix80,0.000000,True,True,formal_extended_baseline_screen,1998039315,425168394,7211012.500000,529151.000000,1397609.000000,4671,3052176.029125,1757.106500,3053933.135625,10000,1928,0,2727,,,,,,,,,,,,,,,,,,,,10.818700,,1386.767808,SD-CGQT,47,,,2.000000,28.000000,,,,,,80.000000,,,4655,0.414178,139.760900,52.915100,1926760.000000,192.676000,3.667033,7211.012500,,,,,,,,,,,,,
10000,96,clustered,clustered,scenario_label=clustered,0.000000,True,True,formal_extended_baseline_screen,1376940312,1120755888,7734562.500000,526880.000000,2289503.000000,5732,3998193.668250,2198.511500,4000392.179750,10000,2298,0,3252,,,,,,,,,,,,,,,,,,,,24.347200,,1292.897950,SD-CGQT,47,,,3.000000,42.000000,,,,,,,8.000000,64.000000,5550,0.414054,228.950300,52.688000,2816383.000000,281.638300,3.075031,7734.562500,,,,,,,,,,,,,
10000,96,random,random,scenario_label=random,0.000000,True,True,formal_extended_baseline_screen,4126669249,3202770521,3965436.250000,151905.000000,1934667.000000,4565,1731335.522625,1271.143500,1732606.666125,10000,1842,0,2642,,,,,,,,,,,,,,,,,,,,10.742100,,2521.790635,SD-CGQT,48,,,2.000000,29.000000,,,,,,,,,4484,0.410794,193.466700,15.190500,2086572.000000,208.657200,3.785011,3965.436250,,,,,,,,,,,,,
10000,96,prefixed,prefixed,scenario_label=prefixed,0.000000,True,True,formal_extended_baseline_screen,2193895526,1611739006,5806586.250000,370104.000000,1616027.000000,4596,2526867.592875,1548.221500,2528415.814375,10000,1852,0,2667,,,,,,,,,,,,,,,,,,,,10.769400,,1722.182289,SD-CGQT,48,,,2.000000,28.000000,,,,,,48.000000,,,4519,0.409825,161.602700,37.010400,1986131.000000,198.613100,3.749531,5806.586250,,,,,,,,,,,,,
10000,96,prefix80,prefixed,scenario_label=prefix80,0.000000,True,True,formal_extended_baseline_screen,3566718053,3772541427,7228676.250000,530423.000000,1398671.000000,4680,3152503.791750,1760.181500,3154263.973250,10000,1932,0,2734,,,,,,,,,,,,,,,,,,,,10.828500,,1383.379149,SD-CGQT,48,,,2.000000,27.000000,,,,,,80.000000,,,4666,0.414059,139.867100,53.042300,1929094.000000,192.909400,3.657644,7228.676250,,,,,,,,,,,,,
10000,96,clustered,clustered,scenario_label=clustered,0.000000,True,True,formal_extended_baseline_screen,3761635906,1701233111,6664980.000000,454103.000000,2757489.000000,4968,2432618.827000,2286.950500,2434905.777500,10000,1965,0,2819,,,,,,,,,,,,,,,,,,,,21.157400,,1500.379596,SD-CGQT,48,,,2.000000,42.000000,,,,,,,8.000000,64.000000,4784,0.410744,275.748900,45.410300,3211592.000000,321.159200,3.547357,6664.980000,,,,,,,,,,,,,
10000,96,random,random,scenario_label=random,0.000000,True,True,formal_extended_baseline_screen,675927661,1170323445,3932306.250000,150074.000000,1935904.000000,4515,1742124.710750,1268.100000,1743392.810750,10000,1820,0,2605,,,,,,,,,,,,,,,,,,,,10.622400,,2543.036926,SD-CGQT,49,,,2.000000,29.000000,,,,,,,,,4425,0.411299,193.590400,15.007400,2085978.000000,208.597800,3.838772,3932.306250,,,,,,,,,,,,,
10000,96,prefixed,prefixed,scenario_label=prefixed,0.000000,True,True,formal_extended_baseline_screen,2044777110,2221867916,6070860.000000,387069.000000,1637800.000000,4816,2719706.385000,1593.038000,2721299.423000,10000,1938,0,2780,,,,,,,,,,,,,,,,,,,,11.024100,,1647.213080,SD-CGQT,49,,,2.000000,30.000000,,,,,,48.000000,,,4718,0.410767,163.780000,38.706900,2024869.000000,202.486900,3.597122,6070.860000,,,,,,,,,,,,,
10000,96,prefix80,prefixed,scenario_label=prefix80,0.000000,True,True,formal_extended_baseline_screen,2799794232,2925961714,7223351.250000,529752.000000,1394355.000000,4676,3236849.282250,1756.681500,3238605.963750,10000,1919,0,2742,,,,,,,,,,,,,,,,,,,,10.733000,,1384.398966,SD-CGQT,49,,,2.000000,27.000000,,,,,,80.000000,,,4661,0.411714,139.435500,52.975200,1924107.000000,192.410700,3.646973,7223.351250,,,,,,,,,,,,,
10000,96,clustered,clustered,scenario_label=clustered,0.000000,True,True,formal_extended_baseline_screen,2841386880,1374737692,8859600.000000,603424.000000,3642556.000000,6586,4331688.983875,3028.126000,4334717.109875,10000,2630,0,3725,,,,,,,,,,,,,,,,,,,,26.777500,,1128.719130,SD-CGQT,49,,,19.000000,42.000000,,,,,,,8.000000,64.000000,6355,0.413847,364.255600,60.342400,4245980.000000,424.598000,2.684564,8859.600000,,,,,,,,,,,,,
10000,96,random,random,scenario_label=random,0.000000,True,True,formal_extended_baseline_screen,3623283272,2557654636,11744570.000000,4312.000000,2314752.000000,28617,5879550.746000,1166.000000,5880716.746000,10000,0,0,0,,,,,,,,,,,,,,,,,,,,,,851.457312,SUBF-CGDFSA,0,,,,,,,,,,,,,0,0.000000,231.475200,0.431200,2319064.000000,231.906400,10000.000000,11744.570000,,,,,,,,,,,,,
10000,96,prefixed,prefixed,scenario_label=prefixed,0.000000,True,True,formal_extended_baseline_screen,116656660,341459163,11510132.500000,3652.000000,2222784.000000,28688,5762424.201000,1118.696000,5763542.897000,10000,0,0,0,,,,,,,,,,,,,,,,,,,,,,868.799729,SUBF-CGDFSA,0,,,,,,,,,,48.000000,,,0,0.000000,222.278400,0.365200,2226436.000000,222.643600,10000.000000,11510.132500,,,,,,,,,,,,,
10000,96,prefix80,prefixed,scenario_label=prefix80,0.000000,True,True,formal_extended_baseline_screen,1741802094,3261752418,11631822.500000,3894.000000,2275872.000000,28445,5826321.008250,1145.724000,5827466.732250,10000,0,0,0,,,,,,,,,,,,,,,,,,,,,,859.710505,SUBF-CGDFSA,0,,,,,,,,,,80.000000,,,0,0.000000,227.587200,0.389400,2279766.000000,227.976600,10000.000000,11631.822500,,,,,,,,,,,,,
10000,96,clustered,clustered,scenario_label=clustered,0.000000,True,True,formal_extended_baseline_screen,2095316255,3218153837,11786390.000000,4334.000000,2328384.000000,28628,5935136.531750,1172.860000,5936309.391750,10000,0,0,0,,,,,,,,,,,,,,,,,,,,,,848.436205,SUBF-CGDFSA,0,,,,,,,,,,,8.000000,64.000000,0,0.000000,232.838400,0.433400,2332718.000000,233.271800,10000.000000,11786.390000,,,,,,,,,,,,,
10000,96,random,random,scenario_label=random,0.000000,True,True,formal_extended_baseline_screen,3864099846,3732089115,11704050.000000,3784.000000,2314368.000000,28457,5828687.700500,1164.752000,5829852.452500,10000,0,0,0,,,,,,,,,,,,,,,,,,,,,,854.405099,SUBF-CGDFSA,1,,,,,,,,,,,,,0,0.000000,231.436800,0.378400,2318152.000000,231.815200,10000.000000,11704.050000,,,,,,,,,,,,,
10000,96,prefixed,prefixed,scenario_label=prefixed,0.000000,True,True,formal_extended_baseline_screen,889203247,2168071839,11649207.500000,3938.000000,2293632.000000,28141,5796111.939750,1154.692000,5797266.631750,10000,0,0,0,,,,,,,,,,,,,,,,,,,,,,858.427494,SUBF-CGDFSA,1,,,,,,,,,,48.000000,,,0,0.000000,229.363200,0.393800,2297570.000000,229.757000,10000.000000,11649.207500,,,,,,,,,,,,,
10000,96,prefix80,prefixed,scenario_label=prefix80,0.000000,True,True,formal_extended_baseline_screen,2669137359,385941092,11709152.500000,4070.000000,2314080.000000,28177,5829767.726750,1165.180000,5830932.906750,10000,0,0,0,,,,,,,,,,,,,,,,,,,,,,854.032775,SUBF-CGDFSA,1,,,,,,,,,,80.000000,,,0,0.000000,231.408000,0.407000,2318150.000000,231.815000,10000.000000,11709.152500,,,,,,,,,,,,,
10000,96,clustered,clustered,scenario_label=clustered,0.000000,True,True,formal_extended_baseline_screen,1179273823,2173919946,11634460.000000,4048.000000,2280288.000000,28513,5822688.296750,1148.240000,5823836.536750,10000,0,0,0,,,,,,,,,,,,,,,,,,,,,,859.515611,SUBF-CGDFSA,1,,,,,,,,,,,8.000000,64.000000,0,0.000000,228.028800,0.404800,2284336.000000,228.433600,10000.000000,11634.460000,,,,,,,,,,,,,
10000,96,random,random,scenario_label=random,0.000000,True,True,formal_extended_baseline_screen,813036364,3629657009,11601157.500000,4312.000000,2264928.000000,28356,5800372.631000,1141.088000,5801513.719000,10000,0,0,0,,,,,,,,,,,,,,,,,,,,,,861.982953,SUBF-CGDFSA,2,,,,,,,,,,,,,0,0.000000,226.492800,0.431200,2269240.000000,226.924000,10000.000000,11601.157500,,,,,,,,,,,,,
10000,96,prefixed,prefixed,scenario_label=prefixed,0.000000,True,True,formal_extended_baseline_screen,1822834370,794379707,11874325.000000,3916.000000,2343840.000000,29177,5892047.574000,1179.752000,5893227.326000,10000,0,0,0,,,,,,,,,,,,,,,,,,,,,,842.153133,SUBF-CGDFSA,2,,,,,,,,,,48.000000,,,0,0.000000,234.384000,0.391600,2347756.000000,234.775600,10000.000000,11874.325000,,,,,,,,,,,,,
10000,96,prefix80,prefixed,scenario_label=prefix80,0.000000,True,True,formal_extended_baseline_screen,2479815273,3739031449,11719865.000000,3938.000000,2308224.000000,28468,5899416.725500,1161.988000,5900578.713500,10000,0,0,0,,,,,,,,,,,,,,,,,,,,,,853.252149,SUBF-CGDFSA,2,,,,,,,,,,80.000000,,,0,0.000000,230.822400,0.393800,2312162.000000,231.216200,10000.000000,11719.865000,,,,,,,,,,,,,
10000,96,clustered,clustered,scenario_label=clustered,0.000000,True,True,formal_extended_baseline_screen,2073761602,2728615415,11703247.500000,4224.000000,2296704.000000,28644,5878397.552000,1156.800000,5879554.352000,10000,0,0,0,,,,,,,,,,,,,,,,,,,,,,854.463686,SUBF-CGDFSA,2,,,,,,,,,,,8.000000,64.000000,0,0.000000,229.670400,0.422400,2300928.000000,230.092800,10000.000000,11703.247500,,,,,,,,,,,,,
10000,96,random,random,scenario_label=random,0.000000,True,True,formal_extended_baseline_screen,57753915,1874979188,11528160.000000,4180.000000,2242944.000000,28131,5775498.328250,1129.832000,5776628.160250,10000,0,0,0,,,,,,,,,,,,,,,,,,,,,,867.441118,SUBF-CGDFSA,3,,,,,,,,,,,,,0,0.000000,224.294400,0.418000,2247124.000000,224.712400,10000.000000,11528.160000,,,,,,,,,,,,,
10000,96,prefixed,prefixed,scenario_label=prefixed,0.000000,True,True,formal_extended_baseline_screen,2219440691,1970432480,11731162.500000,4180.000000,2318400.000000,28532,5863840.633500,1167.560000,5865008.193500,10000,0,0,0,,,,,,,,,,,,,,,,,,,,,,852.430439,SUBF-CGDFSA,3,,,,,,,,,,48.000000,,,0,0.000000,231.840000,0.418000,2322580.000000,232.258000,10000.000000,11731.162500,,,,,,,,,,,,,
10000,96,prefix80,prefixed,scenario_label=prefix80,0.000000,True,True,formal_extended_baseline_screen,1286928148,1185423279,11552295.000000,3916.000000,2249568.000000,28429,5835859.454750,1132.616000,5836992.070750,10000,0,0,0,,,,,,,,,,,,,,,,,,,,,,865.628864,SUBF-CGDFSA,3,,,,,,,,,,80.000000,,,0,0.000000,224.956800,0.391600,2253484.000000,225.348400,10000.000000,11552.295000,,,,,,,,,,,,,
10000,96,clustered,clustered,scenario_label=clustered,0.000000,True,True,formal_extended_baseline_screen,787561323,451168106,11513122.500000,3872.000000,2239968.000000,28186,5743722.339500,1127.728000,5744850.067500,10000,0,0,0,,,,,,,,,,,,,,,,,,,,,,868.574099,SUBF-CGDFSA,3,,,,,,,,,,,8.000000,64.000000,0,0.000000,223.996800,0.387200,2243840.000000,224.384000,10000.000000,11513.122500,,,,,,,,,,,,,
10000,96,random,random,scenario_label=random,0.000000,True,True,formal_extended_baseline_screen,3819630184,531556471,11788155.000000,3828.000000,2323488.000000,28913,5898745.811500,1169.400000,5899915.211500,10000,0,0,0,,,,,,,,,,,,,,,,,,,,,,848.309171,SUBF-CGDFSA,4,,,,,,,,,,,,,0,0.000000,232.348800,0.382800,2327316.000000,232.731600,10000.000000,11788.155000,,,,,,,,,,,,,
10000,96,prefixed,prefixed,scenario_label=prefixed,0.000000,True,True,formal_extended_baseline_screen,889858016,3563803262,11680260.000000,4290.000000,2293248.000000,28514,5796645.374500,1155.204000,5797800.578500,10000,0,0,0,,,,,,,,,,,,,,,,,,,,,,856.145326,SUBF-CGDFSA,4,,,,,,,,,,48.000000,,,0,0.000000,229.324800,0.429000,2297538.000000,229.753800,10000.000000,11680.260000,,,,,,,,,,,,,
10000,96,prefix80,prefixed,scenario_label=prefix80,0.000000,True,True,formal_extended_baseline_screen,2696116183,1907758489,11631992.500000,3938.000000,2273280.000000,28679,5795195.246000,1144.516000,5796339.762000,10000,0,0,0,,,,,,,,,,,,,,,,,,,,,,859.697941,SUBF-CGDFSA,4,,,,,,,,,,80.000000,,,0,0.000000,227.328000,0.393800,2277218.000000,227.721800,10000.000000,11631.992500,,,,,,,,,,,,,
10000,96,clustered,clustered,scenario_label=clustered,0.000000,True,True,formal_extended_baseline_screen,688500632,2192920695,11638582.500000,3960.000000,2293344.000000,28166,5829996.609250,1154.592000,5831151.201250,10000,0,0,0,,,,,,,,,,,,,,,,,,,,,,859.211163,SUBF-CGDFSA,4,,,,,,,,,,,8.000000,64.000000,0,0.000000,229.334400,0.396000,2297304.000000,229.730400,10000.000000,11638.582500,,,,,,,,,,,,,
10000,96,random,random,scenario_label=random,0.000000,True,True,formal_extended_baseline_screen,2608777085,798944362,11701780.000000,3784.000000,2308704.000000,28381,5875090.790000,1161.920000,5876252.710000,10000,0,0,0,,,,,,,,,,,,,,,,,,,,,,854.570843,SUBF-CGDFSA,5,,,,,,,,,,,,,0,0.000000,230.870400,0.378400,2312488.000000,231.248800,10000.000000,11701.780000,,,,,,,,,,,,,
10000,96,prefixed,prefixed,scenario_label=prefixed,0.000000,True,True,formal_extended_baseline_screen,3513520067,2461707946,11739017.500000,3784.000000,2313024.000000,28580,5879045.968500,1164.080000,5880210.048500,10000,0,0,0,,,,,,,,,,,,,,,,,,,,,,851.860047,SUBF-CGDFSA,5,,,,,,,,,,48.000000,,,0,0.000000,231.302400,0.378400,2316808.000000,231.680800,10000.000000,11739.017500,,,,,,,,,,,,,
10000,96,prefix80,prefixed,scenario_label=prefix80,0.000000,True,True,formal_extended_baseline_screen,1840913042,3007204070,11870975.000000,4334.000000,2357280.000000,28662,5955589.323750,1187.308000,5956776.631750,10000,0,0,0,,,,,,,,,,,,,,,,,,,,,,842.390789,SUBF-CGDFSA,5,,,,,,,,,,80.000000,,,0,0.000000,235.728000,0.433400,2361614.000000,236.161400,10000.000000,11870.975000,,,,,,,,,,,,,
10000,96,clustered,clustered,scenario_label=clustered,0.000000,True,True,formal_extended_baseline_screen,3399855602,2701608668,11647347.500000,3938.000000,2284224.000000,28389,5870314.156000,1149.988000,5871464.144000,10000,0,0,0,,,,,,,,,,,,,,,,,,,,,,858.564579,SUBF-CGDFSA,5,,,,,,,,,,,8.000000,64.000000,0,0.000000,228.422400,0.393800,2288162.000000,228.816200,10000.000000,11647.347500,,,,,,,,,,,,,
10000,96,random,random,scenario_label=random,0.000000,True,True,formal_extended_baseline_screen,1011355210,354128381,11820107.500000,4224.000000,2343264.000000,28500,5894127.440000,1180.080000,5895307.520000,10000,0,0,0,,,,,,,,,,,,,,,,,,,,,,846.015994,SUBF-CGDFSA,6,,,,,,,,,,,,,0,0.000000,234.326400,0.422400,2347488.000000,234.748800,10000.000000,11820.107500,,,,,,,,,,,,,
10000,96,prefixed,prefixed,scenario_label=prefixed,0.000000,True,True,formal_extended_baseline_screen,4182455193,3058382507,11636670.000000,4466.000000,2270112.000000,28702,5802966.921750,1143.988000,5804110.909750,10000,0,0,0,,,,,,,,,,,,,,,,,,,,,,859.352375,SUBF-CGDFSA,6,,,,,,,,,,48.000000,,,0,0.000000,227.011200,0.446600,2274578.000000,227.457800,10000.000000,11636.670000,,,,,,,,,,,,,
10000,96,prefix80,prefixed,scenario_label=prefix80,0.000000,True,True,formal_extended_baseline_screen,234351616,3946988260,11677807.500000,3850.000000,2292768.000000,28761,5868351.078250,1154.084000,5869505.162250,10000,0,0,0,,,,,,,,,,,,,,,,,,,,,,856.325128,SUBF-CGDFSA,6,,,,,,,,,,80.000000,,,0,0.000000,229.276800,0.385000,2296618.000000,229.661800,10000.000000,11677.807500,,,,,,,,,,,,,
10000,96,clustered,clustered,scenario_label=clustered,0.000000,True,True,formal_extended_baseline_screen,1672192143,2526798079,11739740.000000,4246.000000,2315808.000000,28788,5924480.071750,1166.396000,5925646.467750,10000,0,0,0,,,,,,,,,,,,,,,,,,,,,,851.807621,SUBF-CGDFSA,6,,,,,,,,,,,8.000000,64.000000,0,0.000000,231.580800,0.424600,2320054.000000,232.005400,10000.000000,11739.740000,,,,,,,,,,,,,
10000,96,random,random,scenario_label=random,0.000000,True,True,formal_extended_baseline_screen,2772753435,3682784673,11758297.500000,4070.000000,2320224.000000,28755,5926263.115250,1168.252000,5927431.367250,10000,0,0,0,,,,,,,,,,,,,,,,,,,,,,850.463258,SUBF-CGDFSA,7,,,,,,,,,,,,,0,0.000000,232.022400,0.407000,2324294.000000,232.429400,10000.000000,11758.297500,,,,,,,,,,,,,
10000,96,prefixed,prefixed,scenario_label=prefixed,0.000000,True,True,formal_extended_baseline_screen,1416235163,3639130301,11729845.000000,4202.000000,2305536.000000,28696,5869506.940000,1161.172000,5870668.112000,10000,0,0,0,,,,,,,,,,,,,,,,,,,,,,852.526184,SUBF-CGDFSA,7,,,,,,,,,,48.000000,,,0,0.000000,230.553600,0.420200,2309738.000000,230.973800,10000.000000,11729.845000,,,,,,,,,,,,,
10000,96,prefix80,prefixed,scenario_label=prefix80,0.000000,True,True,formal_extended_baseline_screen,2635025427,1465786163,11843520.000000,4268.000000,2358528.000000,28471,5917920.553500,1187.800000,5919108.353500,10000,0,0,0,,,,,,,,,,,,,,,,,,,,,,844.343574,SUBF-CGDFSA,7,,,,,,,,,,80.000000,,,0,0.000000,235.852800,0.426800,2362796.000000,236.279600,10000.000000,11843.520000,,,,,,,,,,,,,
10000,96,clustered,clustered,scenario_label=clustered,0.000000,True,True,formal_extended_baseline_screen,1710578268,2497908410,11708367.500000,4422.000000,2292864.000000,28735,5912270.519500,1155.276000,5913425.795500,10000,0,0,0,,,,,,,,,,,,,,,,,,,,,,854.090034,SUBF-CGDFSA,7,,,,,,,,,,,8.000000,64.000000,0,0.000000,229.286400,0.442200,2297286.000000,229.728600,10000.000000,11708.367500,,,,,,,,,,,,,
10000,96,random,random,scenario_label=random,0.000000,True,True,formal_extended_baseline_screen,3926250230,16754227,11739910.000000,4180.000000,2312736.000000,28543,5879521.230000,1164.728000,5880685.958000,10000,0,0,0,,,,,,,,,,,,,,,,,,,,,,851.795286,SUBF-CGDFSA,8,,,,,,,,,,,,,0,0.000000,231.273600,0.418000,2316916.000000,231.691600,10000.000000,11739.910000,,,,,,,,,,,,,
10000,96,prefixed,prefixed,scenario_label=prefixed,0.000000,True,True,formal_extended_baseline_screen,834749396,3110707298,11806555.000000,4158.000000,2340288.000000,28710,5958066.362000,1178.460000,5959244.822000,10000,0,0,0,,,,,,,,,,,,,,,,,,,,,,846.987119,SUBF-CGDFSA,8,,,,,,,,,,48.000000,,,0,0.000000,234.028800,0.415800,2344446.000000,234.444600,10000.000000,11806.555000,,,,,,,,,,,,,
10000,96,prefix80,prefixed,scenario_label=prefix80,0.000000,True,True,formal_extended_baseline_screen,3619142060,2976838842,11649240.000000,3894.000000,2283936.000000,28188,5813978.106750,1149.756000,5815127.862750,10000,0,0,0,,,,,,,,,,,,,,,,,,,,,,858.425099,SUBF-CGDFSA,8,,,,,,,,,,80.000000,,,0,0.000000,228.393600,0.389400,2287830.000000,228.783000,10000.000000,11649.240000,,,,,,,,,,,,,
10000,96,clustered,clustered,scenario_label=clustered,0.000000,True,True,formal_extended_baseline_screen,3961209957,1073115070,11671987.500000,4136.000000,2283552.000000,28832,5857807.227250,1150.048000,5858957.275250,10000,0,0,0,,,,,,,,,,,,,,,,,,,,,,856.752117,SUBF-CGDFSA,8,,,,,,,,,,,8.000000,64.000000,0,0.000000,228.355200,0.413600,2287688.000000,228.768800,10000.000000,11671.987500,,,,,,,,,,,,,
10000,96,random,random,scenario_label=random,0.000000,True,True,formal_extended_baseline_screen,58426829,3116816648,11506640.000000,3784.000000,2228544.000000,28453,5754226.336500,1121.840000,5755348.176500,10000,0,0,0,,,,,,,,,,,,,,,,,,,,,,869.063428,SUBF-CGDFSA,9,,,,,,,,,,,,,0,0.000000,222.854400,0.378400,2232328.000000,223.232800,10000.000000,11506.640000,,,,,,,,,,,,,
10000,96,prefixed,prefixed,scenario_label=prefixed,0.000000,True,True,formal_extended_baseline_screen,1183400892,1778509546,11625665.000000,3960.000000,2261280.000000,28743,5776978.515500,1138.560000,5778117.075500,10000,0,0,0,,,,,,,,,,,,,,,,,,,,,,860.165849,SUBF-CGDFSA,9,,,,,,,,,,48.000000,,,0,0.000000,226.128000,0.396000,2265240.000000,226.524000,10000.000000,11625.665000,,,,,,,,,,,,,
10000,96,prefix80,prefixed,scenario_label=prefix80,0.000000,True,True,formal_extended_baseline_screen,3771146367,1513519672,11638940.000000,3938.000000,2274912.000000,28810,5818570.576750,1145.332000,5819715.908750,10000,0,0,0,,,,,,,,,,,,,,,,,,,,,,859.184771,SUBF-CGDFSA,9,,,,,,,,,,80.000000,,,0,0.000000,227.491200,0.393800,2278850.000000,227.885000,10000.000000,11638.940000,,,,,,,,,,,,,
10000,96,clustered,clustered,scenario_label=clustered,0.000000,True,True,formal_extended_baseline_screen,346261855,1678142620,11785727.500000,4136.000000,2334720.000000,28648,5842448.853500,1175.632000,5843624.485500,10000,0,0,0,,,,,,,,,,,,,,,,,,,,,,848.483897,SUBF-CGDFSA,9,,,,,,,,,,,8.000000,64.000000,0,0.000000,233.472000,0.413600,2338856.000000,233.885600,10000.000000,11785.727500,,,,,,,,,,,,,
10000,96,random,random,scenario_label=random,0.000000,True,True,formal_extended_baseline_screen,1020324588,2199429041,11666862.500000,4158.000000,2282208.000000,28449,5838935.586000,1149.420000,5840085.006000,10000,0,0,0,,,,,,,,,,,,,,,,,,,,,,857.128470,SUBF-CGDFSA,10,,,,,,,,,,,,,0,0.000000,228.220800,0.415800,2286366.000000,228.636600,10000.000000,11666.862500,,,,,,,,,,,,,
10000,96,prefixed,prefixed,scenario_label=prefixed,0.000000,True,True,formal_extended_baseline_screen,2061720330,4153746617,11696722.500000,3982.000000,2311872.000000,28329,5859406.184750,1163.900000,5860570.084750,10000,0,0,0,,,,,,,,,,,,,,,,,,,,,,854.940348,SUBF-CGDFSA,10,,,,,,,,,,48.000000,,,0,0.000000,231.187200,0.398200,2315854.000000,231.585400,10000.000000,11696.722500,,,,,,,,,,,,,
10000,96,prefix80,prefixed,scenario_label=prefix80,0.000000,True,True,formal_extended_baseline_screen,1420417677,3505072119,11706522.500000,4136.000000,2307648.000000,28214,5881470.375500,1162.096000,5882632.471500,10000,0,0,0,,,,,,,,,,,,,,,,,,,,,,854.224643,SUBF-CGDFSA,10,,,,,,,,,,80.000000,,,0,0.000000,230.764800,0.413600,2311784.000000,231.178400,10000.000000,11706.522500,,,,,,,,,,,,,
10000,96,clustered,clustered,scenario_label=clustered,0.000000,True,True,formal_extended_baseline_screen,4285535701,3595603046,11767295.000000,4048.000000,2329728.000000,28575,5891002.063250,1172.960000,5892175.023250,10000,0,0,0,,,,,,,,,,,,,,,,,,,,,,849.812977,SUBF-CGDFSA,10,,,,,,,,,,,8.000000,64.000000,0,0.000000,232.972800,0.404800,2333776.000000,233.377600,10000.000000,11767.295000,,,,,,,,,,,,,
10000,96,random,random,scenario_label=random,0.000000,True,True,formal_extended_baseline_screen,596195424,1079230710,11628947.500000,4488.000000,2275200.000000,28456,5828535.950250,1146.576000,5829682.526250,10000,0,0,0,,,,,,,,,,,,,,,,,,,,,,859.923050,SUBF-CGDFSA,11,,,,,,,,,,,,,0,0.000000,227.520000,0.448800,2279688.000000,227.968800,10000.000000,11628.947500,,,,,,,,,,,,,
10000,96,prefixed,prefixed,scenario_label=prefixed,0.000000,True,True,formal_extended_baseline_screen,2528955344,4262720764,11621122.500000,3762.000000,2278656.000000,28443,5839482.491000,1146.852000,5840629.343000,10000,0,0,0,,,,,,,,,,,,,,,,,,,,,,860.502073,SUBF-CGDFSA,11,,,,,,,,,,48.000000,,,0,0.000000,227.865600,0.376200,2282418.000000,228.241800,10000.000000,11621.122500,,,,,,,,,,,,,
10000,96,prefix80,prefixed,scenario_label=prefix80,0.000000,True,True,formal_extended_baseline_screen,4029019098,967096158,11657407.500000,3762.000000,2290656.000000,28349,5837161.032250,1152.852000,5838313.884250,10000,0,0,0,,,,,,,,,,,,,,,,,,,,,,857.823663,SUBF-CGDFSA,11,,,,,,,,,,80.000000,,,0,0.000000,229.065600,0.376200,2294418.000000,229.441800,10000.000000,11657.407500,,,,,,,,,,,,,
10000,96,clustered,clustered,scenario_label=clustered,0.000000,True,True,formal_extended_baseline_screen,2138647285,2868051668,11650257.500000,3828.000000,2290272.000000,28522,5840355.872250,1152.792000,5841508.664250,10000,0,0,0,,,,,,,,,,,,,,,,,,,,,,858.350127,SUBF-CGDFSA,11,,,,,,,,,,,8.000000,64.000000,0,0.000000,229.027200,0.382800,2294100.000000,229.410000,10000.000000,11650.257500,,,,,,,,,,,,,
10000,96,random,random,scenario_label=random,0.000000,True,True,formal_extended_baseline_screen,530428079,336980297,11684555.000000,4070.000000,2296992.000000,28458,5801474.655500,1156.636000,5802631.291500,10000,0,0,0,,,,,,,,,,,,,,,,,,,,,,855.830624,SUBF-CGDFSA,12,,,,,,,,,,,,,0,0.000000,229.699200,0.407000,2301062.000000,230.106200,10000.000000,11684.555000,,,,,,,,,,,,,
10000,96,prefixed,prefixed,scenario_label=prefixed,0.000000,True,True,formal_extended_baseline_screen,3403028343,3466121879,11598630.000000,4158.000000,2273184.000000,28260,5884190.780000,1144.908000,5885335.688000,10000,0,0,0,,,,,,,,,,,,,,,,,,,,,,862.170791,SUBF-CGDFSA,12,,,,,,,,,,48.000000,,,0,0.000000,227.318400,0.415800,2277342.000000,227.734200,10000.000000,11598.630000,,,,,,,,,,,,,
10000,96,prefix80,prefixed,scenario_label=prefix80,0.000000,True,True,formal_extended_baseline_screen,4132968395,2792091518,11696845.000000,4004.000000,2305536.000000,28397,5870918.039000,1160.776000,5872078.815000,10000,0,0,0,,,,,,,,,,,,,,,,,,,,,,854.931394,SUBF-CGDFSA,12,,,,,,,,,,80.000000,,,0,0.000000,230.553600,0.400400,2309540.000000,230.954000,10000.000000,11696.845000,,,,,,,,,,,,,
10000,96,clustered,clustered,scenario_label=clustered,0.000000,True,True,formal_extended_baseline_screen,4135791258,692339852,11643867.500000,3718.000000,2282112.000000,28655,5839074.344250,1148.492000,5840222.836250,10000,0,0,0,,,,,,,,,,,,,,,,,,,,,,858.821178,SUBF-CGDFSA,12,,,,,,,,,,,8.000000,64.000000,0,0.000000,228.211200,0.371800,2285830.000000,228.583000,10000.000000,11643.867500,,,,,,,,,,,,,
10000,96,random,random,scenario_label=random,0.000000,True,True,formal_extended_baseline_screen,3351110087,1877507684,11731660.000000,3784.000000,2328096.000000,28373,5924449.192000,1171.616000,5925620.808000,10000,0,0,0,,,,,,,,,,,,,,,,,,,,,,852.394290,SUBF-CGDFSA,13,,,,,,,,,,,,,0,0.000000,232.809600,0.378400,2331880.000000,233.188000,10000.000000,11731.660000,,,,,,,,,,,,,
10000,96,prefixed,prefixed,scenario_label=prefixed,0.000000,True,True,formal_extended_baseline_screen,3651045357,1629748152,11794475.000000,3564.000000,2343168.000000,28549,5938867.570250,1178.712000,5940046.282250,10000,0,0,0,,,,,,,,,,,,,,,,,,,,,,847.854610,SUBF-CGDFSA,13,,,,,,,,,,48.000000,,,0,0.000000,234.316800,0.356400,2346732.000000,234.673200,10000.000000,11794.475000,,,,,,,,,,,,,
10000,96,prefix80,prefixed,scenario_label=prefix80,0.000000,True,True,formal_extended_baseline_screen,3503816222,3836698640,11563512.500000,3916.000000,2248512.000000,28420,5786559.687750,1132.088000,5787691.775750,10000,0,0,0,,,,,,,,,,,,,,,,,,,,,,864.789137,SUBF-CGDFSA,13,,,,,,,,,,80.000000,,,0,0.000000,224.851200,0.391600,2252428.000000,225.242800,10000.000000,11563.512500,,,,,,,,,,,,,
10000,96,clustered,clustered,scenario_label=clustered,0.000000,True,True,formal_extended_baseline_screen,2264469608,1581782468,11742660.000000,4114.000000,2323872.000000,28498,5916671.143750,1170.164000,5917841.307750,10000,0,0,0,,,,,,,,,,,,,,,,,,,,,,851.595805,SUBF-CGDFSA,13,,,,,,,,,,,8.000000,64.000000,0,0.000000,232.387200,0.411400,2327986.000000,232.798600,10000.000000,11742.660000,,,,,,,,,,,,,
10000,96,random,random,scenario_label=random,0.000000,True,True,formal_extended_baseline_screen,1692097063,3295771853,11672685.000000,4136.000000,2285376.000000,28863,5888475.698750,1150.960000,5889626.658750,10000,0,0,0,,,,,,,,,,,,,,,,,,,,,,856.700922,SUBF-CGDFSA,14,,,,,,,,,,,,,0,0.000000,228.537600,0.413600,2289512.000000,228.951200,10000.000000,11672.685000,,,,,,,,,,,,,
10000,96,prefixed,prefixed,scenario_label=prefixed,0.000000,True,True,formal_extended_baseline_screen,1707141452,4201574566,11607600.000000,3740.000000,2276160.000000,28111,5827351.139750,1145.560000,5828496.699750,10000,0,0,0,,,,,,,,,,,,,,,,,,,,,,861.504532,SUBF-CGDFSA,14,,,,,,,,,,48.000000,,,0,0.000000,227.616000,0.374000,2279900.000000,227.990000,10000.000000,11607.600000,,,,,,,,,,,,,
10000,96,prefix80,prefixed,scenario_label=prefix80,0.000000,True,True,formal_extended_baseline_screen,1479387709,2220595854,11750735.000000,4224.000000,2327424.000000,28511,5909719.733750,1172.160000,5910891.893750,10000,0,0,0,,,,,,,,,,,,,,,,,,,,,,851.010596,SUBF-CGDFSA,14,,,,,,,,,,80.000000,,,0,0.000000,232.742400,0.422400,2331648.000000,233.164800,10000.000000,11750.735000,,,,,,,,,,,,,
10000,96,clustered,clustered,scenario_label=clustered,0.000000,True,True,formal_extended_baseline_screen,1193971010,651460264,11727282.500000,4004.000000,2300640.000000,28636,5848304.721000,1158.328000,5849463.049000,10000,0,0,0,,,,,,,,,,,,,,,,,,,,,,852.712468,SUBF-CGDFSA,14,,,,,,,,,,,8.000000,64.000000,0,0.000000,230.064000,0.400400,2304644.000000,230.464400,10000.000000,11727.282500,,,,,,,,,,,,,
10000,96,random,random,scenario_label=random,0.000000,True,True,formal_extended_baseline_screen,1311958710,4188479184,11761562.500000,4092.000000,2323584.000000,28536,5878706.498000,1169.976000,5879876.474000,10000,0,0,0,,,,,,,,,,,,,,,,,,,,,,850.227170,SUBF-CGDFSA,15,,,,,,,,,,,,,0,0.000000,232.358400,0.409200,2327676.000000,232.767600,10000.000000,11761.562500,,,,,,,,,,,,,
10000,96,prefixed,prefixed,scenario_label=prefixed,0.000000,True,True,formal_extended_baseline_screen,1066348603,3595351437,11800507.500000,4026.000000,2334912.000000,28713,5899357.389000,1175.508000,5900532.897000,10000,0,0,0,,,,,,,,,,,,,,,,,,,,,,847.421181,SUBF-CGDFSA,15,,,,,,,,,,48.000000,,,0,0.000000,233.491200,0.402600,2338938.000000,233.893800,10000.000000,11800.507500,,,,,,,,,,,,,
10000,96,prefix80,prefixed,scenario_label=prefix80,0.000000,True,True,formal_extended_baseline_screen,3410131684,2632241803,11523687.500000,3850.000000,2228448.000000,28537,5786798.562750,1121.924000,5787920.486750,10000,0,0,0,,,,,,,,,,,,,,,,,,,,,,867.777784,SUBF-CGDFSA,15,,,,,,,,,,80.000000,,,0,0.000000,222.844800,0.385000,2232298.000000,223.229800,10000.000000,11523.687500,,,,,,,,,,,,,
10000,96,clustered,clustered,scenario_label=clustered,0.000000,True,True,formal_extended_baseline_screen,2719779022,4132456362,11696820.000000,4378.000000,2281248.000000,28686,5847806.145250,1149.380000,5848955.525250,10000,0,0,0,,,,,,,,,,,,,,,,,,,,,,854.933221,SUBF-CGDFSA,15,,,,,,,,,,,8.000000,64.000000,0,0.000000,228.124800,0.437800,2285626.000000,228.562600,10000.000000,11696.820000,,,,,,,,,,,,,
10000,96,random,random,scenario_label=random,0.000000,True,True,formal_extended_baseline_screen,4044322606,2662897767,11803292.500000,4158.000000,2337600.000000,28509,5940963.189250,1177.116000,5942140.305250,10000,0,0,0,,,,,,,,,,,,,,,,,,,,,,847.221231,SUBF-CGDFSA,16,,,,,,,,,,,,,0,0.000000,233.760000,0.415800,2341758.000000,234.175800,10000.000000,11803.292500,,,,,,,,,,,,,
10000,96,prefixed,prefixed,scenario_label=prefixed,0.000000,True,True,formal_extended_baseline_screen,2310609587,266284243,11649582.500000,4004.000000,2275584.000000,28732,5833553.170250,1145.800000,5834698.970250,10000,0,0,0,,,,,,,,,,,,,,,,,,,,,,858.399861,SUBF-CGDFSA,16,,,,,,,,,,48.000000,,,0,0.000000,227.558400,0.400400,2279588.000000,227.958800,10000.000000,11649.582500,,,,,,,,,,,,,
10000,96,prefix80,prefixed,scenario_label=prefix80,0.000000,True,True,formal_extended_baseline_screen,556887839,1822209753,11703012.500000,3960.000000,2307648.000000,28314,5844272.295000,1161.744000,5845434.039000,10000,0,0,0,,,,,,,,,,,,,,,,,,,,,,854.480844,SUBF-CGDFSA,16,,,,,,,,,,80.000000,,,0,0.000000,230.764800,0.396000,2311608.000000,231.160800,10000.000000,11703.012500,,,,,,,,,,,,,
10000,96,clustered,clustered,scenario_label=clustered,0.000000,True,True,formal_extended_baseline_screen,2713732995,2981131322,11759405.000000,3718.000000,2323200.000000,28470,5887693.110750,1169.036000,5888862.146750,10000,0,0,0,,,,,,,,,,,,,,,,,,,,,,850.383161,SUBF-CGDFSA,16,,,,,,,,,,,8.000000,64.000000,0,0.000000,232.320000,0.371800,2326918.000000,232.691800,10000.000000,11759.405000,,,,,,,,,,,,,
10000,96,random,random,scenario_label=random,0.000000,True,True,formal_extended_baseline_screen,1698610701,4067978619,11713932.500000,4312.000000,2308896.000000,28474,5872969.326500,1163.072000,5874132.398500,10000,0,0,0,,,,,,,,,,,,,,,,,,,,,,853.684277,SUBF-CGDFSA,17,,,,,,,,,,,,,0,0.000000,230.889600,0.431200,2313208.000000,231.320800,10000.000000,11713.932500,,,,,,,,,,,,,
10000,96,prefixed,prefixed,scenario_label=prefixed,0.000000,True,True,formal_extended_baseline_screen,862396413,3487802209,11692305.000000,4004.000000,2291136.000000,28741,5852970.813750,1153.576000,5854124.389750,10000,0,0,0,,,,,,,,,,,,,,,,,,,,,,855.263355,SUBF-CGDFSA,17,,,,,,,,,,48.000000,,,0,0.000000,229.113600,0.400400,2295140.000000,229.514000,10000.000000,11692.305000,,,,,,,,,,,,,
10000,96,prefix80,prefixed,scenario_label=prefix80,0.000000,True,True,formal_extended_baseline_screen,3860214662,4095754778,11730187.500000,3652.000000,2314464.000000,28350,5879815.630500,1164.536000,5880980.166500,10000,0,0,0,,,,,,,,,,,,,,,,,,,,,,852.501292,SUBF-CGDFSA,17,,,,,,,,,,80.000000,,,0,0.000000,231.446400,0.365200,2318116.000000,231.811600,10000.000000,11730.187500,,,,,,,,,,,,,
10000,96,clustered,clustered,scenario_label=clustered,0.000000,True,True,formal_extended_baseline_screen,2168941655,769811876,11674742.500000,4048.000000,2291616.000000,28602,5813477.996000,1153.904000,5814631.900000,10000,0,0,0,,,,,,,,,,,,,,,,,,,,,,856.549941,SUBF-CGDFSA,17,,,,,,,,,,,8.000000,64.000000,0,0.000000,229.161600,0.404800,2295664.000000,229.566400,10000.000000,11674.742500,,,,,,,,,,,,,
10000,96,random,random,scenario_label=random,0.000000,True,True,formal_extended_baseline_screen,3900906002,2524548328,11721222.500000,3828.000000,2297376.000000,28844,5871218.116500,1156.344000,5872374.460500,10000,0,0,0,,,,,,,,,,,,,,,,,,,,,,853.153329,SUBF-CGDFSA,18,,,,,,,,,,,,,0,0.000000,229.737600,0.382800,2301204.000000,230.120400,10000.000000,11721.222500,,,,,,,,,,,,,
10000,96,prefixed,prefixed,scenario_label=prefixed,0.000000,True,True,formal_extended_baseline_screen,1976791937,3346242726,11668557.500000,3960.000000,2287968.000000,28596,5858830.033250,1151.904000,5859981.937250,10000,0,0,0,,,,,,,,,,,,,,,,,,,,,,857.003961,SUBF-CGDFSA,18,,,,,,,,,,48.000000,,,0,0.000000,228.796800,0.396000,2291928.000000,229.192800,10000.000000,11668.557500,,,,,,,,,,,,,
10000,96,prefix80,prefixed,scenario_label=prefix80,0.000000,True,True,formal_extended_baseline_screen,3973543592,3778917065,11738815.000000,3718.000000,2319744.000000,28458,5803943.296500,1167.308000,5805110.604500,10000,0,0,0,,,,,,,,,,,,,,,,,,,,,,851.874742,SUBF-CGDFSA,18,,,,,,,,,,80.000000,,,0,0.000000,231.974400,0.371800,2323462.000000,232.346200,10000.000000,11738.815000,,,,,,,,,,,,,
10000,96,clustered,clustered,scenario_label=clustered,0.000000,True,True,formal_extended_baseline_screen,3575544916,1823182563,11729230.000000,4092.000000,2327232.000000,28227,5899566.531750,1171.800000,5900738.331750,10000,0,0,0,,,,,,,,,,,,,,,,,,,,,,852.570885,SUBF-CGDFSA,18,,,,,,,,,,,8.000000,64.000000,0,0.000000,232.723200,0.409200,2331324.000000,233.132400,10000.000000,11729.230000,,,,,,,,,,,,,
10000,96,random,random,scenario_label=random,0.000000,True,True,formal_extended_baseline_screen,3061364434,3691858050,11639620.000000,4092.000000,2279040.000000,28559,5819352.127750,1147.704000,5820499.831750,10000,0,0,0,,,,,,,,,,,,,,,,,,,,,,859.134577,SUBF-CGDFSA,19,,,,,,,,,,,,,0,0.000000,227.904000,0.409200,2283132.000000,228.313200,10000.000000,11639.620000,,,,,,,,,,,,,
10000,96,prefixed,prefixed,scenario_label=prefixed,0.000000,True,True,formal_extended_baseline_screen,3116852746,513086443,11778095.000000,4268.000000,2332416.000000,28813,5838758.718000,1174.744000,5839933.462000,10000,0,0,0,,,,,,,,,,,,,,,,,,,,,,849.033736,SUBF-CGDFSA,19,,,,,,,,,,48.000000,,,0,0.000000,233.241600,0.426800,2336684.000000,233.668400,10000.000000,11778.095000,,,,,,,,,,,,,
10000,96,prefix80,prefixed,scenario_label=prefix80,0.000000,True,True,formal_extended_baseline_screen,1163800006,417499656,11660672.500000,3630.000000,2294112.000000,28501,5854673.389250,1154.316000,5855827.705250,10000,0,0,0,,,,,,,,,,,,,,,,,,,,,,857.583471,SUBF-CGDFSA,19,,,,,,,,,,80.000000,,,0,0.000000,229.411200,0.363000,2297742.000000,229.774200,10000.000000,11660.672500,,,,,,,,,,,,,
10000,96,clustered,clustered,scenario_label=clustered,0.000000,True,True,formal_extended_baseline_screen,99158156,3024715323,11658895.000000,3916.000000,2281344.000000,28349,5852507.090750,1148.504000,5853655.594750,10000,0,0,0,,,,,,,,,,,,,,,,,,,,,,857.714217,SUBF-CGDFSA,19,,,,,,,,,,,8.000000,64.000000,0,0.000000,228.134400,0.391600,2285260.000000,228.526000,10000.000000,11658.895000,,,,,,,,,,,,,
10000,96,random,random,scenario_label=random,0.000000,True,True,formal_extended_baseline_screen,3722875878,523673905,11528247.500000,4422.000000,2239776.000000,28343,5768878.473250,1128.732000,5770007.205250,10000,0,0,0,,,,,,,,,,,,,,,,,,,,,,867.434534,SUBF-CGDFSA,20,,,,,,,,,,,,,0,0.000000,223.977600,0.442200,2244198.000000,224.419800,10000.000000,11528.247500,,,,,,,,,,,,,
10000,96,prefixed,prefixed,scenario_label=prefixed,0.000000,True,True,formal_extended_baseline_screen,3001598358,1618293077,11766920.000000,4268.000000,2311392.000000,28783,5891013.962000,1164.232000,5892178.194000,10000,0,0,0,,,,,,,,,,,,,,,,,,,,,,849.840060,SUBF-CGDFSA,20,,,,,,,,,,48.000000,,,0,0.000000,231.139200,0.426800,2315660.000000,231.566000,10000.000000,11766.920000,,,,,,,,,,,,,
10000,96,prefix80,prefixed,scenario_label=prefix80,0.000000,True,True,formal_extended_baseline_screen,1969154653,1970673850,11625740.000000,3608.000000,2279328.000000,28501,5800023.529500,1146.880000,5801170.409500,10000,0,0,0,,,,,,,,,,,,,,,,,,,,,,860.160299,SUBF-CGDFSA,20,,,,,,,,,,80.000000,,,0,0.000000,227.932800,0.360800,2282936.000000,228.293600,10000.000000,11625.740000,,,,,,,,,,,,,
10000,96,clustered,clustered,scenario_label=clustered,0.000000,True,True,formal_extended_baseline_screen,3278615476,1765395087,11623130.000000,3784.000000,2259168.000000,28809,5830536.004250,1137.152000,5831673.156250,10000,0,0,0,,,,,,,,,,,,,,,,,,,,,,860.353450,SUBF-CGDFSA,20,,,,,,,,,,,8.000000,64.000000,0,0.000000,225.916800,0.378400,2262952.000000,226.295200,10000.000000,11623.130000,,,,,,,,,,,,,
10000,96,random,random,scenario_label=random,0.000000,True,True,formal_extended_baseline_screen,1880512712,3504840932,11681395.000000,3586.000000,2287104.000000,28760,5841050.013500,1150.724000,5842200.737500,10000,0,0,0,,,,,,,,,,,,,,,,,,,,,,856.062140,SUBF-CGDFSA,21,,,,,,,,,,,,,0,0.000000,228.710400,0.358600,2290690.000000,229.069000,10000.000000,11681.395000,,,,,,,,,,,,,
10000,96,prefixed,prefixed,scenario_label=prefixed,0.000000,True,True,formal_extended_baseline_screen,2792116651,2649466410,11642480.000000,3806.000000,2292384.000000,28024,5822767.694000,1153.804000,5823921.498000,10000,0,0,0,,,,,,,,,,,,,,,,,,,,,,858.923528,SUBF-CGDFSA,21,,,,,,,,,,48.000000,,,0,0.000000,229.238400,0.380600,2296190.000000,229.619000,10000.000000,11642.480000,,,,,,,,,,,,,
10000,96,prefix80,prefixed,scenario_label=prefix80,0.000000,True,True,formal_extended_baseline_screen,3818182820,975888675,11657867.500000,3806.000000,2290944.000000,28419,5851005.989750,1153.084000,5852159.073750,10000,0,0,0,,,,,,,,,,,,,,,,,,,,,,857.789814,SUBF-CGDFSA,21,,,,,,,,,,80.000000,,,0,0.000000,229.094400,0.380600,2294750.000000,229.475000,10000.000000,11657.867500,,,,,,,,,,,,,
10000,96,clustered,clustered,scenario_label=clustered,0.000000,True,True,formal_extended_baseline_screen,1495572643,3550377324,11708442.500000,4070.000000,2313504.000000,28245,5913410.392000,1164.892000,5914575.284000,10000,0,0,0,,,,,,,,,,,,,,,,,,,,,,854.084563,SUBF-CGDFSA,21,,,,,,,,,,,8.000000,64.000000,0,0.000000,231.350400,0.407000,2317574.000000,231.757400,10000.000000,11708.442500,,,,,,,,,,,,,
10000,96,random,random,scenario_label=random,0.000000,True,True,formal_extended_baseline_screen,2483842946,3368567180,11681482.500000,4180.000000,2301408.000000,28124,5868458.538500,1159.064000,5869617.602500,10000,0,0,0,,,,,,,,,,,,,,,,,,,,,,856.055728,SUBF-CGDFSA,22,,,,,,,,,,,,,0,0.000000,230.140800,0.418000,2305588.000000,230.558800,10000.000000,11681.482500,,,,,,,,,,,,,
10000,96,prefixed,prefixed,scenario_label=prefixed,0.000000,True,True,formal_extended_baseline_screen,664859573,136864390,11616987.500000,3410.000000,2272896.000000,28709,5823878.017000,1143.268000,5825021.285000,10000,0,0,0,,,,,,,,,,,,,,,,,,,,,,860.808364,SUBF-CGDFSA,22,,,,,,,,,,48.000000,,,0,0.000000,227.289600,0.341000,2276306.000000,227.630600,10000.000000,11616.987500,,,,,,,,,,,,,
10000,96,prefix80,prefixed,scenario_label=prefix80,0.000000,True,True,formal_extended_baseline_screen,647152320,1467082590,11891987.500000,4180.000000,2367936.000000,29022,5955697.413000,1192.328000,5956889.741000,10000,0,0,0,,,,,,,,,,,,,,,,,,,,,,840.902330,SUBF-CGDFSA,22,,,,,,,,,,80.000000,,,0,0.000000,236.793600,0.418000,2372116.000000,237.211600,10000.000000,11891.987500,,,,,,,,,,,,,
10000,96,clustered,clustered,scenario_label=clustered,0.000000,True,True,formal_extended_baseline_screen,2138889899,1038880587,11774367.500000,4488.000000,2316768.000000,28888,5832147.829250,1167.360000,5833315.189250,10000,0,0,0,,,,,,,,,,,,,,,,,,,,,,849.302521,SUBF-CGDFSA,22,,,,,,,,,,,8.000000,64.000000,0,0.000000,231.676800,0.448800,2321256.000000,232.125600,10000.000000,11774.367500,,,,,,,,,,,,,
10000,96,random,random,scenario_label=random,0.000000,True,True,formal_extended_baseline_screen,484606977,3113554289,11722127.500000,3652.000000,2311200.000000,28598,5898278.123250,1162.904000,5899441.027250,10000,0,0,0,,,,,,,,,,,,,,,,,,,,,,853.087462,SUBF-CGDFSA,23,,,,,,,,,,,,,0,0.000000,231.120000,0.365200,2314852.000000,231.485200,10000.000000,11722.127500,,,,,,,,,,,,,
10000,96,prefixed,prefixed,scenario_label=prefixed,0.000000,True,True,formal_extended_baseline_screen,4122393112,274034932,11810675.000000,4334.000000,2343264.000000,28590,5967806.030750,1180.300000,5968986.330750,10000,0,0,0,,,,,,,,,,,,,,,,,,,,,,846.691658,SUBF-CGDFSA,23,,,,,,,,,,48.000000,,,0,0.000000,234.326400,0.433400,2347598.000000,234.759800,10000.000000,11810.675000,,,,,,,,,,,,,
10000,96,prefix80,prefixed,scenario_label=prefix80,0.000000,True,True,formal_extended_baseline_screen,2468324303,2607527816,11747607.500000,4092.000000,2324448.000000,28402,5901010.318500,1170.408000,5902180.726500,10000,0,0,0,,,,,,,,,,,,,,,,,,,,,,851.237156,SUBF-CGDFSA,23,,,,,,,,,,80.000000,,,0,0.000000,232.444800,0.409200,2328540.000000,232.854000,10000.000000,11747.607500,,,,,,,,,,,,,
10000,96,clustered,clustered,scenario_label=clustered,0.000000,True,True,formal_extended_baseline_screen,3200206661,3129420073,11760212.500000,3982.000000,2328288.000000,28333,5901262.989000,1172.108000,5902435.097000,10000,0,0,0,,,,,,,,,,,,,,,,,,,,,,850.324771,SUBF-CGDFSA,23,,,,,,,,,,,8.000000,64.000000,0,0.000000,232.828800,0.398200,2332270.000000,233.227000,10000.000000,11760.212500,,,,,,,,,,,,,
10000,96,random,random,scenario_label=random,0.000000,True,True,formal_extended_baseline_screen,4167451253,1318130111,11501047.500000,3806.000000,2229696.000000,28251,5735985.490000,1122.460000,5737107.950000,10000,0,0,0,,,,,,,,,,,,,,,,,,,,,,869.486019,SUBF-CGDFSA,24,,,,,,,,,,,,,0,0.000000,222.969600,0.380600,2233502.000000,223.350200,10000.000000,11501.047500,,,,,,,,,,,,,
10000,96,prefixed,prefixed,scenario_label=prefixed,0.000000,True,True,formal_extended_baseline_screen,2427110912,2382453170,11765640.000000,3982.000000,2329632.000000,28648,5855915.586500,1172.780000,5857088.366500,10000,0,0,0,,,,,,,,,,,,,,,,,,,,,,849.932515,SUBF-CGDFSA,24,,,,,,,,,,48.000000,,,0,0.000000,232.963200,0.398200,2333614.000000,233.361400,10000.000000,11765.640000,,,,,,,,,,,,,
10000,96,prefix80,prefixed,scenario_label=prefix80,0.000000,True,True,formal_extended_baseline_screen,4263242191,1498497325,11724840.000000,3982.000000,2317920.000000,28392,5859469.538000,1166.924000,5860636.462000,10000,0,0,0,,,,,,,,,,,,,,,,,,,,,,852.890103,SUBF-CGDFSA,24,,,,,,,,,,80.000000,,,0,0.000000,231.792000,0.398200,2321902.000000,232.190200,10000.000000,11724.840000,,,,,,,,,,,,,
10000,96,clustered,clustered,scenario_label=clustered,0.000000,True,True,formal_extended_baseline_screen,3387768436,2542224635,11815617.500000,3806.000000,2338080.000000,28959,5912721.217750,1176.652000,5913897.869750,10000,0,0,0,,,,,,,,,,,,,,,,,,,,,,846.337485,SUBF-CGDFSA,24,,,,,,,,,,,8.000000,64.000000,0,0.000000,233.808000,0.380600,2341886.000000,234.188600,10000.000000,11815.617500,,,,,,,,,,,,,
10000,96,random,random,scenario_label=random,0.000000,True,True,formal_extended_baseline_screen,1401592609,3461116534,11699282.500000,4004.000000,2317824.000000,28188,5811885.004750,1166.920000,5813051.924750,10000,0,0,0,,,,,,,,,,,,,,,,,,,,,,854.753272,SUBF-CGDFSA,25,,,,,,,,,,,,,0,0.000000,231.782400,0.400400,2321828.000000,232.182800,10000.000000,11699.282500,,,,,,,,,,,,,
10000,96,prefixed,prefixed,scenario_label=prefixed,0.000000,True,True,formal_extended_baseline_screen,4217303339,2725276458,11841400.000000,4290.000000,2342208.000000,28642,5920892.341000,1179.684000,5922072.025000,10000,0,0,0,,,,,,,,,,,,,,,,,,,,,,844.494739,SUBF-CGDFSA,25,,,,,,,,,,48.000000,,,0,0.000000,234.220800,0.429000,2346498.000000,234.649800,10000.000000,11841.400000,,,,,,,,,,,,,
10000,96,prefix80,prefixed,scenario_label=prefix80,0.000000,True,True,formal_extended_baseline_screen,2677772902,4187239085,11745275.000000,3696.000000,2315808.000000,28535,5880406.872000,1165.296000,5881572.168000,10000,0,0,0,,,,,,,,,,,,,,,,,,,,,,851.406204,SUBF-CGDFSA,25,,,,,,,,,,80.000000,,,0,0.000000,231.580800,0.369600,2319504.000000,231.950400,10000.000000,11745.275000,,,,,,,,,,,,,
10000,96,clustered,clustered,scenario_label=clustered,0.000000,True,True,formal_extended_baseline_screen,4190779514,1161073444,11672835.000000,4180.000000,2279424.000000,28809,5847371.504750,1148.072000,5848519.576750,10000,0,0,0,,,,,,,,,,,,,,,,,,,,,,856.689913,SUBF-CGDFSA,25,,,,,,,,,,,8.000000,64.000000,0,0.000000,227.942400,0.418000,2283604.000000,228.360400,10000.000000,11672.835000,,,,,,,,,,,,,
10000,96,random,random,scenario_label=random,0.000000,True,True,formal_extended_baseline_screen,2865864341,2364776680,11577082.500000,3828.000000,2255520.000000,28492,5804477.858250,1135.416000,5805613.274250,10000,0,0,0,,,,,,,,,,,,,,,,,,,,,,863.775481,SUBF-CGDFSA,26,,,,,,,,,,,,,0,0.000000,225.552000,0.382800,2259348.000000,225.934800,10000.000000,11577.082500,,,,,,,,,,,,,
10000,96,prefixed,prefixed,scenario_label=prefixed,0.000000,True,True,formal_extended_baseline_screen,1478210380,2311461557,11676807.500000,3652.000000,2282208.000000,28726,5827979.377500,1148.408000,5829127.785500,10000,0,0,0,,,,,,,,,,,,,,,,,,,,,,856.398463,SUBF-CGDFSA,26,,,,,,,,,,48.000000,,,0,0.000000,228.220800,0.365200,2285860.000000,228.586000,10000.000000,11676.807500,,,,,,,,,,,,,
10000,96,prefix80,prefixed,scenario_label=prefix80,0.000000,True,True,formal_extended_baseline_screen,229837212,3197251015,11731157.500000,3872.000000,2309664.000000,28520,5908381.011250,1162.576000,5909543.587250,10000,0,0,0,,,,,,,,,,,,,,,,,,,,,,852.430802,SUBF-CGDFSA,26,,,,,,,,,,80.000000,,,0,0.000000,230.966400,0.387200,2313536.000000,231.353600,10000.000000,11731.157500,,,,,,,,,,,,,
10000,96,clustered,clustered,scenario_label=clustered,0.000000,True,True,formal_extended_baseline_screen,3925234375,541455008,11459600.000000,4158.000000,2203776.000000,28704,5763025.743500,1110.204000,5764135.947500,10000,0,0,0,,,,,,,,,,,,,,,,,,,,,,872.630807,SUBF-CGDFSA,26,,,,,,,,,,,8.000000,64.000000,0,0.000000,220.377600,0.415800,2207934.000000,220.793400,10000.000000,11459.600000,,,,,,,,,,,,,
10000,96,random,random,scenario_label=random,0.000000,True,True,formal_extended_baseline_screen,1975682606,1795262106,11664697.500000,3938.000000,2282112.000000,28617,5836659.273000,1148.932000,5837808.205000,10000,0,0,0,,,,,,,,,,,,,,,,,,,,,,857.287555,SUBF-CGDFSA,27,,,,,,,,,,,,,0,0.000000,228.211200,0.393800,2286050.000000,228.605000,10000.000000,11664.697500,,,,,,,,,,,,,
10000,96,prefixed,prefixed,scenario_label=prefixed,0.000000,True,True,formal_extended_baseline_screen,3217990807,371010669,11677725.000000,3850.000000,2295264.000000,28472,5854671.533000,1155.332000,5855826.865000,10000,0,0,0,,,,,,,,,,,,,,,,,,,,,,856.331178,SUBF-CGDFSA,27,,,,,,,,,,48.000000,,,0,0.000000,229.526400,0.385000,2299114.000000,229.911400,10000.000000,11677.725000,,,,,,,,,,,,,
10000,96,prefix80,prefixed,scenario_label=prefix80,0.000000,True,True,formal_extended_baseline_screen,2830123666,2448652859,11781852.500000,4312.000000,2332704.000000,28658,5934751.025500,1174.976000,5935926.001500,10000,0,0,0,,,,,,,,,,,,,,,,,,,,,,848.762960,SUBF-CGDFSA,27,,,,,,,,,,80.000000,,,0,0.000000,233.270400,0.431200,2337016.000000,233.701600,10000.000000,11781.852500,,,,,,,,,,,,,
10000,96,clustered,clustered,scenario_label=clustered,0.000000,True,True,formal_extended_baseline_screen,3377847691,1224371159,11634125.000000,3652.000000,2282208.000000,28301,5831484.239250,1148.408000,5832632.647250,10000,0,0,0,,,,,,,,,,,,,,,,,,,,,,859.540361,SUBF-CGDFSA,27,,,,,,,,,,,8.000000,64.000000,0,0.000000,228.220800,0.365200,2285860.000000,228.586000,10000.000000,11634.125000,,,,,,,,,,,,,
10000,96,random,random,scenario_label=random,0.000000,True,True,formal_extended_baseline_screen,264712398,949561121,11709520.000000,4202.000000,2296512.000000,28718,5870031.232750,1156.660000,5871187.892750,10000,0,0,0,,,,,,,,,,,,,,,,,,,,,,854.005971,SUBF-CGDFSA,28,,,,,,,,,,,,,0,0.000000,229.651200,0.420200,2300714.000000,230.071400,10000.000000,11709.520000,,,,,,,,,,,,,
10000,96,prefixed,prefixed,scenario_label=prefixed,0.000000,True,True,formal_extended_baseline_screen,2849627408,1537233084,11555567.500000,3740.000000,2250240.000000,28330,5802248.759750,1132.600000,5803381.359750,10000,0,0,0,,,,,,,,,,,,,,,,,,,,,,865.383721,SUBF-CGDFSA,28,,,,,,,,,,48.000000,,,0,0.000000,225.024000,0.374000,2253980.000000,225.398000,10000.000000,11555.567500,,,,,,,,,,,,,
10000,96,prefix80,prefixed,scenario_label=prefix80,0.000000,True,True,formal_extended_baseline_screen,2205676394,867386834,11748865.000000,3960.000000,2330688.000000,28135,5874193.573750,1173.264000,5875366.837750,10000,0,0,0,,,,,,,,,,,,,,,,,,,,,,851.146047,SUBF-CGDFSA,28,,,,,,,,,,80.000000,,,0,0.000000,233.068800,0.396000,2334648.000000,233.464800,10000.000000,11748.865000,,,,,,,,,,,,,
10000,96,clustered,clustered,scenario_label=clustered,0.000000,True,True,formal_extended_baseline_screen,1883537458,2182225992,11727647.500000,4158.000000,2319648.000000,28499,5908998.792500,1168.140000,5910166.932500,10000,0,0,0,,,,,,,,,,,,,,,,,,,,,,852.685929,SUBF-CGDFSA,28,,,,,,,,,,,8.000000,64.000000,0,0.000000,231.964800,0.415800,2323806.000000,232.380600,10000.000000,11727.647500,,,,,,,,,,,,,
10000,96,random,random,scenario_label=random,0.000000,True,True,formal_extended_baseline_screen,814411954,2231188458,11565817.500000,3630.000000,2273088.000000,28015,5771099.909750,1143.804000,5772243.713750,10000,0,0,0,,,,,,,,,,,,,,,,,,,,,,864.616790,SUBF-CGDFSA,29,,,,,,,,,,,,,0,0.000000,227.308800,0.363000,2276718.000000,227.671800,10000.000000,11565.817500,,,,,,,,,,,,,
10000,96,prefixed,prefixed,scenario_label=prefixed,0.000000,True,True,formal_extended_baseline_screen,3130433991,2606739936,11638860.000000,3938.000000,2277792.000000,28650,5787639.156250,1146.772000,5788785.928250,10000,0,0,0,,,,,,,,,,,,,,,,,,,,,,859.190677,SUBF-CGDFSA,29,,,,,,,,,,48.000000,,,0,0.000000,227.779200,0.393800,2281730.000000,228.173000,10000.000000,11638.860000,,,,,,,,,,,,,
10000,96,prefix80,prefixed,scenario_label=prefix80,0.000000,True,True,formal_extended_baseline_screen,1229335753,3354404303,11779715.000000,4422.000000,2329824.000000,28458,5902984.141500,1173.756000,5904157.897500,10000,0,0,0,,,,,,,,,,,,,,,,,,,,,,848.916973,SUBF-CGDFSA,29,,,,,,,,,,80.000000,,,0,0.000000,232.982400,0.442200,2334246.000000,233.424600,10000.000000,11779.715000,,,,,,,,,,,,,
10000,96,clustered,clustered,scenario_label=clustered,0.000000,True,True,formal_extended_baseline_screen,3172725409,17143574,11599300.000000,3762.000000,2264832.000000,28570,5785245.970000,1139.940000,5786385.910000,10000,0,0,0,,,,,,,,,,,,,,,,,,,,,,862.120990,SUBF-CGDFSA,29,,,,,,,,,,,8.000000,64.000000,0,0.000000,226.483200,0.376200,2268594.000000,226.859400,10000.000000,11599.300000,,,,,,,,,,,,,
10000,96,random,random,scenario_label=random,0.000000,True,True,formal_extended_baseline_screen,1675969911,851006345,11893090.000000,4224.000000,2359968.000000,28765,5963566.090750,1188.432000,5964754.522750,10000,0,0,0,,,,,,,,,,,,,,,,,,,,,,840.824378,SUBF-CGDFSA,30,,,,,,,,,,,,,0,0.000000,235.996800,0.422400,2364192.000000,236.419200,10000.000000,11893.090000,,,,,,,,,,,,,
10000,96,prefixed,prefixed,scenario_label=prefixed,0.000000,True,True,formal_extended_baseline_screen,2782577657,3092856974,11504090.000000,3608.000000,2247264.000000,27745,5731506.915750,1130.848000,5732637.763750,10000,0,0,0,,,,,,,,,,,,,,,,,,,,,,869.256065,SUBF-CGDFSA,30,,,,,,,,,,48.000000,,,0,0.000000,224.726400,0.360800,2250872.000000,225.087200,10000.000000,11504.090000,,,,,,,,,,,,,
10000,96,prefix80,prefixed,scenario_label=prefix80,0.000000,True,True,formal_extended_baseline_screen,511059701,522568230,11744055.000000,3806.000000,2323584.000000,28310,5829188.961000,1169.404000,5830358.365000,10000,0,0,0,,,,,,,,,,,,,,,,,,,,,,851.494650,SUBF-CGDFSA,30,,,,,,,,,,80.000000,,,0,0.000000,232.358400,0.380600,2327390.000000,232.739000,10000.000000,11744.055000,,,,,,,,,,,,,
10000,96,clustered,clustered,scenario_label=clustered,0.000000,True,True,formal_extended_baseline_screen,3855081597,1153061028,11595752.500000,4136.000000,2259456.000000,28386,5776476.447500,1138.000000,5777614.447500,10000,0,0,0,,,,,,,,,,,,,,,,,,,,,,862.384740,SUBF-CGDFSA,30,,,,,,,,,,,8.000000,64.000000,0,0.000000,225.945600,0.413600,2263592.000000,226.359200,10000.000000,11595.752500,,,,,,,,,,,,,
10000,96,random,random,scenario_label=random,0.000000,True,True,formal_extended_baseline_screen,3265993510,3091198678,11725872.500000,3674.000000,2319744.000000,28347,5902042.182500,1167.220000,5903209.402500,10000,0,0,0,,,,,,,,,,,,,,,,,,,,,,852.815004,SUBF-CGDFSA,31,,,,,,,,,,,,,0,0.000000,231.974400,0.367400,2323418.000000,232.341800,10000.000000,11725.872500,,,,,,,,,,,,,
10000,96,prefixed,prefixed,scenario_label=prefixed,0.000000,True,True,formal_extended_baseline_screen,1064392848,934404885,11651907.500000,4290.000000,2282880.000000,28477,5883808.119000,1150.020000,5884958.139000,10000,0,0,0,,,,,,,,,,,,,,,,,,,,,,858.228578,SUBF-CGDFSA,31,,,,,,,,,,48.000000,,,0,0.000000,228.288000,0.429000,2287170.000000,228.717000,10000.000000,11651.907500,,,,,,,,,,,,,
10000,96,prefix80,prefixed,scenario_label=prefix80,0.000000,True,True,formal_extended_baseline_screen,2404369372,1026751790,11656375.000000,4224.000000,2302848.000000,28271,5863778.140750,1159.872000,5864938.012750,10000,0,0,0,,,,,,,,,,,,,,,,,,,,,,857.899647,SUBF-CGDFSA,31,,,,,,,,,,80.000000,,,0,0.000000,230.284800,0.422400,2307072.000000,230.707200,10000.000000,11656.375000,,,,,,,,,,,,,
10000,96,clustered,clustered,scenario_label=clustered,0.000000,True,True,formal_extended_baseline_screen,1581184839,935468471,11717460.000000,3850.000000,2306496.000000,28582,5910147.722500,1160.948000,5911308.670500,10000,0,0,0,,,,,,,,,,,,,,,,,,,,,,853.427279,SUBF-CGDFSA,31,,,,,,,,,,,8.000000,64.000000,0,0.000000,230.649600,0.385000,2310346.000000,231.034600,10000.000000,11717.460000,,,,,,,,,,,,,
10000,96,random,random,scenario_label=random,0.000000,True,True,formal_extended_baseline_screen,2252910599,3939149707,11866152.500000,3850.000000,2360544.000000,28739,5992465.327750,1187.972000,5993653.299750,10000,0,0,0,,,,,,,,,,,,,,,,,,,,,,842.733144,SUBF-CGDFSA,32,,,,,,,,,,,,,0,0.000000,236.054400,0.385000,2364394.000000,236.439400,10000.000000,11866.152500,,,,,,,,,,,,,
10000,96,prefixed,prefixed,scenario_label=prefixed,0.000000,True,True,formal_extended_baseline_screen,3774357635,3863741349,11676455.000000,3960.000000,2294112.000000,28395,5841523.054250,1154.976000,5842678.030250,10000,0,0,0,,,,,,,,,,,,,,,,,,,,,,856.424317,SUBF-CGDFSA,32,,,,,,,,,,48.000000,,,0,0.000000,229.411200,0.396000,2298072.000000,229.807200,10000.000000,11676.455000,,,,,,,,,,,,,
10000,96,prefix80,prefixed,scenario_label=prefix80,0.000000,True,True,formal_extended_baseline_screen,3552680233,2043022081,11735065.000000,4158.000000,2314176.000000,28578,5877222.752250,1165.404000,5878388.156250,10000,0,0,0,,,,,,,,,,,,,,,,,,,,,,852.146963,SUBF-CGDFSA,32,,,,,,,,,,80.000000,,,0,0.000000,231.417600,0.415800,2318334.000000,231.833400,10000.000000,11735.065000,,,,,,,,,,,,,
10000,96,clustered,clustered,scenario_label=clustered,0.000000,True,True,formal_extended_baseline_screen,1120776253,1675764504,11750357.500000,4026.000000,2321568.000000,28605,5951213.792500,1168.836000,5952382.628500,10000,0,0,0,,,,,,,,,,,,,,,,,,,,,,851.037937,SUBF-CGDFSA,32,,,,,,,,,,,8.000000,64.000000,0,0.000000,232.156800,0.402600,2325594.000000,232.559400,10000.000000,11750.357500,,,,,,,,,,,,,
10000,96,random,random,scenario_label=random,0.000000,True,True,formal_extended_baseline_screen,2042956436,3951039211,11613527.500000,3960.000000,2262432.000000,28400,5793909.041500,1139.136000,5795048.177500,10000,0,0,0,,,,,,,,,,,,,,,,,,,,,,861.064823,SUBF-CGDFSA,33,,,,,,,,,,,,,0,0.000000,226.243200,0.396000,2266392.000000,226.639200,10000.000000,11613.527500,,,,,,,,,,,,,
10000,96,prefixed,prefixed,scenario_label=prefixed,0.000000,True,True,formal_extended_baseline_screen,2604247550,2331808000,11764100.000000,4114.000000,2329728.000000,28474,5897732.299750,1173.092000,5898905.391750,10000,0,0,0,,,,,,,,,,,,,,,,,,,,,,850.043777,SUBF-CGDFSA,33,,,,,,,,,,48.000000,,,0,0.000000,232.972800,0.411400,2333842.000000,233.384200,10000.000000,11764.100000,,,,,,,,,,,,,
10000,96,prefix80,prefixed,scenario_label=prefix80,0.000000,True,True,formal_extended_baseline_screen,4264852947,3971192609,11684410.000000,3938.000000,2301024.000000,28238,5874634.296500,1158.388000,5875792.684500,10000,0,0,0,,,,,,,,,,,,,,,,,,,,,,855.841245,SUBF-CGDFSA,33,,,,,,,,,,80.000000,,,0,0.000000,230.102400,0.393800,2304962.000000,230.496200,10000.000000,11684.410000,,,,,,,,,,,,,
10000,96,clustered,clustered,scenario_label=clustered,0.000000,True,True,formal_extended_baseline_screen,1884500039,92229640,11695895.000000,4202.000000,2316480.000000,28252,5848004.764250,1166.644000,5849171.408250,10000,0,0,0,,,,,,,,,,,,,,,,,,,,,,855.000836,SUBF-CGDFSA,33,,,,,,,,,,,8.000000,64.000000,0,0.000000,231.648000,0.420200,2320682.000000,232.068200,10000.000000,11695.895000,,,,,,,,,,,,,
10000,96,random,random,scenario_label=random,0.000000,True,True,formal_extended_baseline_screen,1926156841,3004686745,11688250.000000,3784.000000,2295840.000000,28601,5867694.143250,1155.488000,5868849.631250,10000,0,0,0,,,,,,,,,,,,,,,,,,,,,,855.560071,SUBF-CGDFSA,34,,,,,,,,,,,,,0,0.000000,229.584000,0.378400,2299624.000000,229.962400,10000.000000,11688.250000,,,,,,,,,,,,,
10000,96,prefixed,prefixed,scenario_label=prefixed,0.000000,True,True,formal_extended_baseline_screen,304335199,1831467705,11810217.500000,4202.000000,2343744.000000,28365,5918367.982500,1180.276000,5919548.258500,10000,0,0,0,,,,,,,,,,,,,,,,,,,,,,846.724457,SUBF-CGDFSA,34,,,,,,,,,,48.000000,,,0,0.000000,234.374400,0.420200,2347946.000000,234.794600,10000.000000,11810.217500,,,,,,,,,,,,,
10000,96,prefix80,prefixed,scenario_label=prefix80,0.000000,True,True,formal_extended_baseline_screen,1538798478,2070303155,11776825.000000,3828.000000,2342400.000000,28077,5916255.234500,1178.856000,5917434.090500,10000,0,0,0,,,,,,,,,,,,,,,,,,,,,,849.125295,SUBF-CGDFSA,34,,,,,,,,,,80.000000,,,0,0.000000,234.240000,0.382800,2346228.000000,234.622800,10000.000000,11776.825000,,,,,,,,,,,,,
10000,96,clustered,clustered,scenario_label=clustered,0.000000,True,True,formal_extended_baseline_screen,2234370540,2125591593,11591610.000000,3784.000000,2271072.000000,28265,5832862.445750,1143.104000,5834005.549750,10000,0,0,0,,,,,,,,,,,,,,,,,,,,,,862.692930,SUBF-CGDFSA,34,,,,,,,,,,,8.000000,64.000000,0,0.000000,227.107200,0.378400,2274856.000000,227.485600,10000.000000,11591.610000,,,,,,,,,,,,,
10000,96,random,random,scenario_label=random,0.000000,True,True,formal_extended_baseline_screen,2690207514,2798314292,11585725.000000,3564.000000,2259264.000000,28185,5813194.711500,1136.760000,5814331.471500,10000,0,0,0,,,,,,,,,,,,,,,,,,,,,,863.131138,SUBF-CGDFSA,35,,,,,,,,,,,,,0,0.000000,225.926400,0.356400,2262828.000000,226.282800,10000.000000,11585.725000,,,,,,,,,,,,,
10000,96,prefixed,prefixed,scenario_label=prefixed,0.000000,True,True,formal_extended_baseline_screen,4048739445,3464891693,11740212.500000,3960.000000,2304768.000000,28810,5864857.600250,1160.304000,5866017.904250,10000,0,0,0,,,,,,,,,,,,,,,,,,,,,,851.773339,SUBF-CGDFSA,35,,,,,,,,,,48.000000,,,0,0.000000,230.476800,0.396000,2308728.000000,230.872800,10000.000000,11740.212500,,,,,,,,,,,,,
10000,96,prefix80,prefixed,scenario_label=prefix80,0.000000,True,True,formal_extended_baseline_screen,2800648159,3064611110,11639910.000000,4026.000000,2260992.000000,28802,5844710.498000,1138.548000,5845849.046000,10000,0,0,0,,,,,,,,,,,,,,,,,,,,,,859.113172,SUBF-CGDFSA,35,,,,,,,,,,80.000000,,,0,0.000000,226.099200,0.402600,2265018.000000,226.501800,10000.000000,11639.910000,,,,,,,,,,,,,
10000,96,clustered,clustered,scenario_label=clustered,0.000000,True,True,formal_extended_baseline_screen,1745901410,2398640763,11712107.500000,3938.000000,2312352.000000,28453,5854517.994250,1164.052000,5855682.046250,10000,0,0,0,,,,,,,,,,,,,,,,,,,,,,853.817300,SUBF-CGDFSA,35,,,,,,,,,,,8.000000,64.000000,0,0.000000,231.235200,0.393800,2316290.000000,231.629000,10000.000000,11712.107500,,,,,,,,,,,,,
10000,96,random,random,scenario_label=random,0.000000,True,True,formal_extended_baseline_screen,1928770138,3151823517,11792075.000000,4048.000000,2331264.000000,28535,5920104.129000,1173.728000,5921277.857000,10000,0,0,0,,,,,,,,,,,,,,,,,,,,,,848.027171,SUBF-CGDFSA,36,,,,,,,,,,,,,0,0.000000,233.126400,0.404800,2335312.000000,233.531200,10000.000000,11792.075000,,,,,,,,,,,,,
10000,96,prefixed,prefixed,scenario_label=prefixed,0.000000,True,True,formal_extended_baseline_screen,1318647535,3989318087,11619272.500000,3608.000000,2282880.000000,28090,5861517.522000,1148.656000,5862666.178000,10000,0,0,0,,,,,,,,,,,,,,,,,,,,,,860.639080,SUBF-CGDFSA,36,,,,,,,,,,48.000000,,,0,0.000000,228.288000,0.360800,2286488.000000,228.648800,10000.000000,11619.272500,,,,,,,,,,,,,
10000,96,prefix80,prefixed,scenario_label=prefix80,0.000000,True,True,formal_extended_baseline_screen,2487161622,2576464596,11634952.500000,3652.000000,2280192.000000,28096,5843842.067250,1147.400000,5844989.467250,10000,0,0,0,,,,,,,,,,,,,,,,,,,,,,859.479229,SUBF-CGDFSA,36,,,,,,,,,,80.000000,,,0,0.000000,228.019200,0.365200,2283844.000000,228.384400,10000.000000,11634.952500,,,,,,,,,,,,,
10000,96,clustered,clustered,scenario_label=clustered,0.000000,True,True,formal_extended_baseline_screen,3755104620,3017004385,11807667.500000,3938.000000,2340000.000000,28861,5902116.109500,1177.876000,5903293.985500,10000,0,0,0,,,,,,,,,,,,,,,,,,,,,,846.907317,SUBF-CGDFSA,36,,,,,,,,,,,8.000000,64.000000,0,0.000000,234.000000,0.393800,2343938.000000,234.393800,10000.000000,11807.667500,,,,,,,,,,,,,
10000,96,random,random,scenario_label=random,0.000000,True,True,formal_extended_baseline_screen,3956758156,1287671809,11692925.000000,4026.000000,2306016.000000,28440,5886331.903500,1161.060000,5887492.963500,10000,0,0,0,,,,,,,,,,,,,,,,,,,,,,855.218006,SUBF-CGDFSA,37,,,,,,,,,,,,,0,0.000000,230.601600,0.402600,2310042.000000,231.004200,10000.000000,11692.925000,,,,,,,,,,,,,
10000,96,prefixed,prefixed,scenario_label=prefixed,0.000000,True,True,formal_extended_baseline_screen,1372255346,4122856424,11718452.500000,3564.000000,2301984.000000,28652,5846988.847250,1158.120000,5848146.967250,10000,0,0,0,,,,,,,,,,,,,,,,,,,,,,853.354997,SUBF-CGDFSA,37,,,,,,,,,,48.000000,,,0,0.000000,230.198400,0.356400,2305548.000000,230.554800,10000.000000,11718.452500,,,,,,,,,,,,,
10000,96,prefix80,prefixed,scenario_label=prefix80,0.000000,True,True,formal_extended_baseline_screen,707353532,1327074156,11613687.500000,4136.000000,2262528.000000,28544,5748088.555000,1139.536000,5749228.091000,10000,0,0,0,,,,,,,,,,,,,,,,,,,,,,861.052960,SUBF-CGDFSA,37,,,,,,,,,,80.000000,,,0,0.000000,226.252800,0.413600,2266664.000000,226.666400,10000.000000,11613.687500,,,,,,,,,,,,,
10000,96,clustered,clustered,scenario_label=clustered,0.000000,True,True,formal_extended_baseline_screen,1062845759,1012028685,11663225.000000,4026.000000,2284224.000000,28560,5898065.802750,1150.164000,5899215.966750,10000,0,0,0,,,,,,,,,,,,,,,,,,,,,,857.395789,SUBF-CGDFSA,37,,,,,,,,,,,8.000000,64.000000,0,0.000000,228.422400,0.402600,2288250.000000,228.825000,10000.000000,11663.225000,,,,,,,,,,,,,
10000,96,random,random,scenario_label=random,0.000000,True,True,formal_extended_baseline_screen,957467494,3119192497,11794000.000000,4114.000000,2346624.000000,28258,5918151.253250,1181.540000,5919332.793250,10000,0,0,0,,,,,,,,,,,,,,,,,,,,,,847.888757,SUBF-CGDFSA,38,,,,,,,,,,,,,0,0.000000,234.662400,0.411400,2350738.000000,235.073800,10000.000000,11794.000000,,,,,,,,,,,,,
10000,96,prefixed,prefixed,scenario_label=prefixed,0.000000,True,True,formal_extended_baseline_screen,2919934110,1888074572,11793375.000000,3982.000000,2334144.000000,28566,5866121.046750,1175.036000,5867296.082750,10000,0,0,0,,,,,,,,,,,,,,,,,,,,,,847.933692,SUBF-CGDFSA,38,,,,,,,,,,48.000000,,,0,0.000000,233.414400,0.398200,2338126.000000,233.812600,10000.000000,11793.375000,,,,,,,,,,,,,
10000,96,prefix80,prefixed,scenario_label=prefix80,0.000000,True,True,formal_extended_baseline_screen,3472369517,385565717,11729687.500000,3872.000000,2302848.000000,28804,5924136.428000,1159.168000,5925295.596000,10000,0,0,0,,,,,,,,,,,,,,,,,,,,,,852.537632,SUBF-CGDFSA,38,,,,,,,,,,80.000000,,,0,0.000000,230.284800,0.387200,2306720.000000,230.672000,10000.000000,11729.687500,,,,,,,,,,,,,
10000,96,clustered,clustered,scenario_label=clustered,0.000000,True,True,formal_extended_baseline_screen,1660287430,2455624283,11709642.500000,3960.000000,2303808.000000,28430,5881758.820500,1159.824000,5882918.644500,10000,0,0,0,,,,,,,,,,,,,,,,,,,,,,853.997037,SUBF-CGDFSA,38,,,,,,,,,,,8.000000,64.000000,0,0.000000,230.380800,0.396000,2307768.000000,230.776800,10000.000000,11709.642500,,,,,,,,,,,,,
10000,96,random,random,scenario_label=random,0.000000,True,True,formal_extended_baseline_screen,2866897990,1030994380,11721805.000000,3850.000000,2309088.000000,28592,5899130.892000,1162.244000,5900293.136000,10000,0,0,0,,,,,,,,,,,,,,,,,,,,,,853.110933,SUBF-CGDFSA,39,,,,,,,,,,,,,0,0.000000,230.908800,0.385000,2312938.000000,231.293800,10000.000000,11721.805000,,,,,,,,,,,,,
10000,96,prefixed,prefixed,scenario_label=prefixed,0.000000,True,True,formal_extended_baseline_screen,86283338,3314783214,11644815.000000,3916.000000,2285184.000000,28461,5845785.758500,1150.424000,5846936.182500,10000,0,0,0,,,,,,,,,,,,,,,,,,,,,,858.751298,SUBF-CGDFSA,39,,,,,,,,,,48.000000,,,0,0.000000,228.518400,0.391600,2289100.000000,228.910000,10000.000000,11644.815000,,,,,,,,,,,,,
10000,96,prefix80,prefixed,scenario_label=prefix80,0.000000,True,True,formal_extended_baseline_screen,1243192488,1158679957,11587537.500000,3850.000000,2255136.000000,28765,5804955.813000,1135.268000,5806091.081000,10000,0,0,0,,,,,,,,,,,,,,,,,,,,,,862.996128,SUBF-CGDFSA,39,,,,,,,,,,80.000000,,,0,0.000000,225.513600,0.385000,2258986.000000,225.898600,10000.000000,11587.537500,,,,,,,,,,,,,
10000,96,clustered,clustered,scenario_label=clustered,0.000000,True,True,formal_extended_baseline_screen,481472403,1347677236,11673685.000000,4070.000000,2263680.000000,29038,5873746.570000,1139.980000,5874886.550000,10000,0,0,0,,,,,,,,,,,,,,,,,,,,,,856.627534,SUBF-CGDFSA,39,,,,,,,,,,,8.000000,64.000000,0,0.000000,226.368000,0.407000,2267750.000000,226.775000,10000.000000,11673.685000,,,,,,,,,,,,,
10000,96,random,random,scenario_label=random,0.000000,True,True,formal_extended_baseline_screen,509607359,2737034292,11576322.500000,3762.000000,2261376.000000,28371,5814113.685250,1138.212000,5815251.897250,10000,0,0,0,,,,,,,,,,,,,,,,,,,,,,863.832189,SUBF-CGDFSA,40,,,,,,,,,,,,,0,0.000000,226.137600,0.376200,2265138.000000,226.513800,10000.000000,11576.322500,,,,,,,,,,,,,
10000,96,prefixed,prefixed,scenario_label=prefixed,0.000000,True,True,formal_extended_baseline_screen,2673896349,2077007893,11601605.000000,4334.000000,2269632.000000,28330,5821269.882250,1143.484000,5822413.366250,10000,0,0,0,,,,,,,,,,,,,,,,,,,,,,861.949704,SUBF-CGDFSA,40,,,,,,,,,,48.000000,,,0,0.000000,226.963200,0.433400,2273966.000000,227.396600,10000.000000,11601.605000,,,,,,,,,,,,,
10000,96,prefix80,prefixed,scenario_label=prefix80,0.000000,True,True,formal_extended_baseline_screen,1445782178,4131092504,11508205.000000,3256.000000,2244384.000000,28143,5794848.591750,1128.704000,5795977.295750,10000,0,0,0,,,,,,,,,,,,,,,,,,,,,,868.945244,SUBF-CGDFSA,40,,,,,,,,,,80.000000,,,0,0.000000,224.438400,0.325600,2247640.000000,224.764000,10000.000000,11508.205000,,,,,,,,,,,,,
10000,96,clustered,clustered,scenario_label=clustered,0.000000,True,True,formal_extended_baseline_screen,3422425815,3185319407,11651260.000000,4004.000000,2276064.000000,28739,5857579.157000,1146.040000,5858725.197000,10000,0,0,0,,,,,,,,,,,,,,,,,,,,,,858.276272,SUBF-CGDFSA,40,,,,,,,,,,,8.000000,64.000000,0,0.000000,227.606400,0.400400,2280068.000000,228.006800,10000.000000,11651.260000,,,,,,,,,,,,,
10000,96,random,random,scenario_label=random,0.000000,True,True,formal_extended_baseline_screen,2374982155,1560473271,11694995.000000,3740.000000,2307168.000000,28309,5877554.886500,1161.064000,5878715.950500,10000,0,0,0,,,,,,,,,,,,,,,,,,,,,,855.066633,SUBF-CGDFSA,41,,,,,,,,,,,,,0,0.000000,230.716800,0.374000,2310908.000000,231.090800,10000.000000,11694.995000,,,,,,,,,,,,,
10000,96,prefixed,prefixed,scenario_label=prefixed,0.000000,True,True,formal_extended_baseline_screen,2076339012,1004933770,11713692.500000,3960.000000,2308992.000000,28594,5898060.163000,1162.416000,5899222.579000,10000,0,0,0,,,,,,,,,,,,,,,,,,,,,,853.701768,SUBF-CGDFSA,41,,,,,,,,,,48.000000,,,0,0.000000,230.899200,0.396000,2312952.000000,231.295200,10000.000000,11713.692500,,,,,,,,,,,,,
10000,96,prefix80,prefixed,scenario_label=prefix80,0.000000,True,True,formal_extended_baseline_screen,3727899068,1732447380,11617752.500000,4334.000000,2270016.000000,28509,5807187.719500,1143.676000,5808331.395500,10000,0,0,0,,,,,,,,,,,,,,,,,,,,,,860.751682,SUBF-CGDFSA,41,,,,,,,,,,80.000000,,,0,0.000000,227.001600,0.433400,2274350.000000,227.435000,10000.000000,11617.752500,,,,,,,,,,,,,
10000,96,clustered,clustered,scenario_label=clustered,0.000000,True,True,formal_extended_baseline_screen,4098968949,3722083226,11639317.500000,4114.000000,2281728.000000,28521,5831481.548750,1149.092000,5832630.640750,10000,0,0,0,,,,,,,,,,,,,,,,,,,,,,859.156905,SUBF-CGDFSA,41,,,,,,,,,,,8.000000,64.000000,0,0.000000,228.172800,0.411400,2285842.000000,228.584200,10000.000000,11639.317500,,,,,,,,,,,,,
10000,96,random,random,scenario_label=random,0.000000,True,True,formal_extended_baseline_screen,2681934676,235568272,11685677.500000,3938.000000,2297376.000000,28417,5806257.916750,1156.564000,5807414.480750,10000,0,0,0,,,,,,,,,,,,,,,,,,,,,,855.748415,SUBF-CGDFSA,42,,,,,,,,,,,,,0,0.000000,229.737600,0.393800,2301314.000000,230.131400,10000.000000,11685.677500,,,,,,,,,,,,,
10000,96,prefixed,prefixed,scenario_label=prefixed,0.000000,True,True,formal_extended_baseline_screen,3463721453,1351407376,11643242.500000,4004.000000,2277696.000000,28452,5878770.259750,1146.856000,5879917.115750,10000,0,0,0,,,,,,,,,,,,,,,,,,,,,,858.867279,SUBF-CGDFSA,42,,,,,,,,,,48.000000,,,0,0.000000,227.769600,0.400400,2281700.000000,228.170000,10000.000000,11643.242500,,,,,,,,,,,,,
10000,96,prefix80,prefixed,scenario_label=prefix80,0.000000,True,True,formal_extended_baseline_screen,3090696183,193942682,11613700.000000,4312.000000,2269056.000000,28269,5764185.502500,1143.152000,5765328.654500,10000,0,0,0,,,,,,,,,,,,,,,,,,,,,,861.052033,SUBF-CGDFSA,42,,,,,,,,,,80.000000,,,0,0.000000,226.905600,0.431200,2273368.000000,227.336800,10000.000000,11613.700000,,,,,,,,,,,,,
10000,96,clustered,clustered,scenario_label=clustered,0.000000,True,True,formal_extended_baseline_screen,3927309367,2635883847,11630152.500000,3586.000000,2266272.000000,28575,5802087.852000,1140.308000,5803228.160000,10000,0,0,0,,,,,,,,,,,,,,,,,,,,,,859.833953,SUBF-CGDFSA,42,,,,,,,,,,,8.000000,64.000000,0,0.000000,226.627200,0.358600,2269858.000000,226.985800,10000.000000,11630.152500,,,,,,,,,,,,,
10000,96,random,random,scenario_label=random,0.000000,True,True,formal_extended_baseline_screen,3450749702,2353355603,11623905.000000,3366.000000,2268096.000000,28390,5825583.810000,1140.780000,5826724.590000,10000,0,0,0,,,,,,,,,,,,,,,,,,,,,,860.296088,SUBF-CGDFSA,43,,,,,,,,,,,,,0,0.000000,226.809600,0.336600,2271462.000000,227.146200,10000.000000,11623.905000,,,,,,,,,,,,,
10000,96,prefixed,prefixed,scenario_label=prefixed,0.000000,True,True,formal_extended_baseline_screen,144876194,285531862,11774302.500000,4554.000000,2318784.000000,28847,5900965.852750,1168.500000,5902134.352750,10000,0,0,0,,,,,,,,,,,,,,,,,,,,,,849.307209,SUBF-CGDFSA,43,,,,,,,,,,48.000000,,,0,0.000000,231.878400,0.455400,2323338.000000,232.333800,10000.000000,11774.302500,,,,,,,,,,,,,
10000,96,prefix80,prefixed,scenario_label=prefix80,0.000000,True,True,formal_extended_baseline_screen,1513479548,2911654257,11716437.500000,3454.000000,2297760.000000,28607,5863482.451750,1155.788000,5864638.239750,10000,0,0,0,,,,,,,,,,,,,,,,,,,,,,853.501758,SUBF-CGDFSA,43,,,,,,,,,,80.000000,,,0,0.000000,229.776000,0.345400,2301214.000000,230.121400,10000.000000,11716.437500,,,,,,,,,,,,,
10000,96,clustered,clustered,scenario_label=clustered,0.000000,True,True,formal_extended_baseline_screen,48141908,2056765164,11581110.000000,3784.000000,2262432.000000,28345,5825607.301250,1138.784000,5826746.085250,10000,0,0,0,,,,,,,,,,,,,,,,,,,,,,863.475090,SUBF-CGDFSA,43,,,,,,,,,,,8.000000,64.000000,0,0.000000,226.243200,0.378400,2266216.000000,226.621600,10000.000000,11581.110000,,,,,,,,,,,,,
10000,96,random,random,scenario_label=random,0.000000,True,True,formal_extended_baseline_screen,3987099893,1942314030,11507192.500000,3828.000000,2226336.000000,28336,5743349.690750,1120.824000,5744470.514750,10000,0,0,0,,,,,,,,,,,,,,,,,,,,,,869.021701,SUBF-CGDFSA,44,,,,,,,,,,,,,0,0.000000,222.633600,0.382800,2230164.000000,223.016400,10000.000000,11507.192500,,,,,,,,,,,,,
10000,96,prefixed,prefixed,scenario_label=prefixed,0.000000,True,True,formal_extended_baseline_screen,2327316353,3560788070,11621342.500000,4180.000000,2273856.000000,28372,5785745.090750,1145.288000,5786890.378750,10000,0,0,0,,,,,,,,,,,,,,,,,,,,,,860.485783,SUBF-CGDFSA,44,,,,,,,,,,48.000000,,,0,0.000000,227.385600,0.418000,2278036.000000,227.803600,10000.000000,11621.342500,,,,,,,,,,,,,
10000,96,prefix80,prefixed,scenario_label=prefix80,0.000000,True,True,formal_extended_baseline_screen,2316918874,3362925156,11480897.500000,3806.000000,2219328.000000,28375,5757899.340250,1117.276000,5759016.616250,10000,0,0,0,,,,,,,,,,,,,,,,,,,,,,871.012044,SUBF-CGDFSA,44,,,,,,,,,,80.000000,,,0,0.000000,221.932800,0.380600,2223134.000000,222.313400,10000.000000,11480.897500,,,,,,,,,,,,,
10000,96,clustered,clustered,scenario_label=clustered,0.000000,True,True,formal_extended_baseline_screen,828653254,2000304340,11768152.500000,4048.000000,2323104.000000,28678,5901815.208500,1169.648000,5902984.856500,10000,0,0,0,,,,,,,,,,,,,,,,,,,,,,849.751055,SUBF-CGDFSA,44,,,,,,,,,,,8.000000,64.000000,0,0.000000,232.310400,0.404800,2327152.000000,232.715200,10000.000000,11768.152500,,,,,,,,,,,,,
10000,96,random,random,scenario_label=random,0.000000,True,True,formal_extended_baseline_screen,3580828999,2147391900,11742175.000000,3872.000000,2307360.000000,28855,5865052.970500,1161.424000,5866214.394500,10000,0,0,0,,,,,,,,,,,,,,,,,,,,,,851.630980,SUBF-CGDFSA,45,,,,,,,,,,,,,0,0.000000,230.736000,0.387200,2311232.000000,231.123200,10000.000000,11742.175000,,,,,,,,,,,,,
10000,96,prefixed,prefixed,scenario_label=prefixed,0.000000,True,True,formal_extended_baseline_screen,1476163045,2670090799,11716385.000000,3652.000000,2296320.000000,28893,5880938.038000,1155.464000,5882093.502000,10000,0,0,0,,,,,,,,,,,,,,,,,,,,,,853.505582,SUBF-CGDFSA,45,,,,,,,,,,48.000000,,,0,0.000000,229.632000,0.365200,2299972.000000,229.997200,10000.000000,11716.385000,,,,,,,,,,,,,
10000,96,prefix80,prefixed,scenario_label=prefix80,0.000000,True,True,formal_extended_baseline_screen,2573149326,2556774563,11680532.500000,3894.000000,2285280.000000,28897,5842590.774000,1150.428000,5843741.202000,10000,0,0,0,,,,,,,,,,,,,,,,,,,,,,856.125352,SUBF-CGDFSA,45,,,,,,,,,,80.000000,,,0,0.000000,228.528000,0.389400,2289174.000000,228.917400,10000.000000,11680.532500,,,,,,,,,,,,,
10000,96,clustered,clustered,scenario_label=clustered,0.000000,True,True,formal_extended_baseline_screen,2581397823,910387654,11650977.500000,3850.000000,2269920.000000,28669,5849630.807000,1142.660000,5850773.467000,10000,0,0,0,,,,,,,,,,,,,,,,,,,,,,858.297083,SUBF-CGDFSA,45,,,,,,,,,,,8.000000,64.000000,0,0.000000,226.992000,0.385000,2273770.000000,227.377000,10000.000000,11650.977500,,,,,,,,,,,,,
10000,96,random,random,scenario_label=random,0.000000,True,True,formal_extended_baseline_screen,3716381950,4266735233,11664052.500000,3828.000000,2294688.000000,28584,5912463.036750,1155.000000,5913618.036750,10000,0,0,0,,,,,,,,,,,,,,,,,,,,,,857.334961,SUBF-CGDFSA,46,,,,,,,,,,,,,0,0.000000,229.468800,0.382800,2298516.000000,229.851600,10000.000000,11664.052500,,,,,,,,,,,,,
10000,96,prefixed,prefixed,scenario_label=prefixed,0.000000,True,True,formal_extended_baseline_screen,2477060584,192523025,11619775.000000,4400.000000,2272704.000000,28303,5862715.385250,1145.152000,5863860.537250,10000,0,0,0,,,,,,,,,,,,,,,,,,,,,,860.601862,SUBF-CGDFSA,46,,,,,,,,,,48.000000,,,0,0.000000,227.270400,0.440000,2277104.000000,227.710400,10000.000000,11619.775000,,,,,,,,,,,,,
10000,96,prefix80,prefixed,scenario_label=prefix80,0.000000,True,True,formal_extended_baseline_screen,2069287118,79095513,11744892.500000,3366.000000,2328672.000000,28689,5877636.691000,1171.068000,5878807.759000,10000,0,0,0,,,,,,,,,,,,,,,,,,,,,,851.433932,SUBF-CGDFSA,46,,,,,,,,,,80.000000,,,0,0.000000,232.867200,0.336600,2332038.000000,233.203800,10000.000000,11744.892500,,,,,,,,,,,,,
10000,96,clustered,clustered,scenario_label=clustered,0.000000,True,True,formal_extended_baseline_screen,4117600980,3508622759,11759885.000000,4532.000000,2324832.000000,28461,5904847.519750,1171.480000,5906018.999750,10000,0,0,0,,,,,,,,,,,,,,,,,,,,,,850.348452,SUBF-CGDFSA,46,,,,,,,,,,,8.000000,64.000000,0,0.000000,232.483200,0.453200,2329364.000000,232.936400,10000.000000,11759.885000,,,,,,,,,,,,,
10000,96,random,random,scenario_label=random,0.000000,True,True,formal_extended_baseline_screen,2943036703,3310202169,11544220.000000,3806.000000,2260320.000000,27920,5767169.769500,1137.772000,5768307.541500,10000,0,0,0,,,,,,,,,,,,,,,,,,,,,,866.234358,SUBF-CGDFSA,47,,,,,,,,,,,,,0,0.000000,226.032000,0.380600,2264126.000000,226.412600,10000.000000,11544.220000,,,,,,,,,,,,,
10000,96,prefixed,prefixed,scenario_label=prefixed,0.000000,True,True,formal_extended_baseline_screen,2255604210,3252958688,11746147.500000,3388.000000,2333088.000000,28418,5855154.462000,1173.320000,5856327.782000,10000,0,0,0,,,,,,,,,,,,,,,,,,,,,,851.342962,SUBF-CGDFSA,47,,,,,,,,,,48.000000,,,0,0.000000,233.308800,0.338800,2336476.000000,233.647600,10000.000000,11746.147500,,,,,,,,,,,,,
10000,96,prefix80,prefixed,scenario_label=prefix80,0.000000,True,True,formal_extended_baseline_screen,1998039315,4008908489,11863630.000000,4048.000000,2353056.000000,28797,5916455.625750,1184.624000,5917640.249750,10000,0,0,0,,,,,,,,,,,,,,,,,,,,,,842.912330,SUBF-CGDFSA,47,,,,,,,,,,80.000000,,,0,0.000000,235.305600,0.404800,2357104.000000,235.710400,10000.000000,11863.630000,,,,,,,,,,,,,
10000,96,clustered,clustered,scenario_label=clustered,0.000000,True,True,formal_extended_baseline_screen,1376940312,3541791915,11851185.000000,4114.000000,2353344.000000,28796,5968556.483500,1184.900000,5969741.383500,10000,0,0,0,,,,,,,,,,,,,,,,,,,,,,843.797477,SUBF-CGDFSA,47,,,,,,,,,,,8.000000,64.000000,0,0.000000,235.334400,0.411400,2357458.000000,235.745800,10000.000000,11851.185000,,,,,,,,,,,,,
10000,96,random,random,scenario_label=random,0.000000,True,True,formal_extended_baseline_screen,4126669249,3370599435,11776967.500000,4422.000000,2319072.000000,28543,5976259.842750,1168.380000,5977428.222750,10000,0,0,0,,,,,,,,,,,,,,,,,,,,,,849.115020,SUBF-CGDFSA,48,,,,,,,,,,,,,0,0.000000,231.907200,0.442200,2323494.000000,232.349400,10000.000000,11776.967500,,,,,,,,,,,,,
10000,96,prefixed,prefixed,scenario_label=prefixed,0.000000,True,True,formal_extended_baseline_screen,2193895526,1125793520,11666100.000000,4136.000000,2284704.000000,28589,5877754.271250,1150.624000,5878904.895250,10000,0,0,0,,,,,,,,,,,,,,,,,,,,,,857.184492,SUBF-CGDFSA,48,,,,,,,,,,48.000000,,,0,0.000000,228.470400,0.413600,2288840.000000,228.884000,10000.000000,11666.100000,,,,,,,,,,,,,
10000,96,prefix80,prefixed,scenario_label=prefix80,0.000000,True,True,formal_extended_baseline_screen,3566718053,1822516008,11675850.000000,3916.000000,2288640.000000,28531,5845421.923250,1152.152000,5846574.075250,10000,0,0,0,,,,,,,,,,,,,,,,,,,,,,856.468694,SUBF-CGDFSA,48,,,,,,,,,,80.000000,,,0,0.000000,228.864000,0.391600,2292556.000000,229.255600,10000.000000,11675.850000,,,,,,,,,,,,,
10000,96,clustered,clustered,scenario_label=clustered,0.000000,True,True,formal_extended_baseline_screen,3761635906,1694715960,11576657.500000,3894.000000,2258880.000000,28227,5751911.121000,1137.228000,5753048.349000,10000,0,0,0,,,,,,,,,,,,,,,,,,,,,,863.807191,SUBF-CGDFSA,48,,,,,,,,,,,8.000000,64.000000,0,0.000000,225.888000,0.389400,2262774.000000,226.277400,10000.000000,11576.657500,,,,,,,,,,,,,
10000,96,random,random,scenario_label=random,0.000000,True,True,formal_extended_baseline_screen,675927661,745857188,11870785.000000,4004.000000,2350368.000000,29077,6001193.600250,1183.192000,6002376.792250,10000,0,0,0,,,,,,,,,,,,,,,,,,,,,,842.404272,SUBF-CGDFSA,49,,,,,,,,,,,,,0,0.000000,235.036800,0.400400,2354372.000000,235.437200,10000.000000,11870.785000,,,,,,,,,,,,,
10000,96,prefixed,prefixed,scenario_label=prefixed,0.000000,True,True,formal_extended_baseline_screen,2044777110,483661296,11800767.500000,4180.000000,2348064.000000,28366,5868638.110750,1182.392000,5869820.502750,10000,0,0,0,,,,,,,,,,,,,,,,,,,,,,847.402510,SUBF-CGDFSA,49,,,,,,,,,,48.000000,,,0,0.000000,234.806400,0.418000,2352244.000000,235.224400,10000.000000,11800.767500,,,,,,,,,,,,,
10000,96,prefix80,prefixed,scenario_label=prefix80,0.000000,True,True,formal_extended_baseline_screen,2799794232,2248966679,11825565.000000,4158.000000,2354208.000000,28538,5933210.478000,1185.420000,5934395.898000,10000,0,0,0,,,,,,,,,,,,,,,,,,,,,,845.625558,SUBF-CGDFSA,49,,,,,,,,,,80.000000,,,0,0.000000,235.420800,0.415800,2358366.000000,235.836600,10000.000000,11825.565000,,,,,,,,,,,,,
10000,96,clustered,clustered,scenario_label=clustered,0.000000,True,True,formal_extended_baseline_screen,2841386880,337236279,11553727.500000,3916.000000,2247168.000000,28442,5761935.320000,1131.416000,5763066.736000,10000,0,0,0,,,,,,,,,,,,,,,,,,,,,,865.521538,SUBF-CGDFSA,49,,,,,,,,,,,8.000000,64.000000,0,0.000000,224.716800,0.391600,2251084.000000,225.108400,10000.000000,11553.727500,,,,,,,,,,,,,
10000,96,random,random,scenario_label=random,0.000000,True,True,formal_extended_baseline_screen,3864099846,1230381627,15260212.500000,583052.000000,1476438.000000,43383,7658378.118875,1904.323000,7660282.441875,10000,10000,4462,14460,,,,,,,,,,,,,,,,,,,,14.630700,,655.298870,DRCT,1,14.000000,,,,14461.000000,7200.000000,7260.000000,68530.000000,469.000000,,,,28922,0.345758,147.643800,58.305200,2059490.000000,205.949000,0.691563,15260.212500,,,,,,,,1166.104000,738.219000,766.028244,146307.000000,0.000000,0.845723
10000,96,random,random,scenario_label=random,0.000000,True,True,formal_extended_baseline_screen,3623283272,3007295198,15241788.750000,582767.000000,1472432.000000,43341,7636276.816000,1901.750000,7638178.566000,10000,10000,4448,14446,,,,,,,,,,,,,,,,,,,,14.624900,,656.090972,DRCT,0,13.000000,,,,14447.000000,7164.000000,7282.000000,68252.000000,442.000000,,,,28894,0.346093,147.243200,58.276700,2055199.000000,205.519900,0.692233,15241.788750,,,,,,,,1165.534000,736.216000,763.817857,146249.000000,0.000000,0.846058
10000,96,random,random,scenario_label=random,0.000000,True,True,formal_extended_baseline_screen,57753915,1053099424,15189642.500000,579634.000000,1471042.000000,43110,7596349.357875,1894.789000,7598244.146875,10000,10000,4371,14369,,,,,,,,,,,,,,,,,,,,14.611500,,658.343342,DRCT,3,13.000000,,,,14370.000000,7180.000000,7189.000000,68485.000000,441.000000,,,,28740,0.347947,147.104200,57.963400,2050676.000000,205.067600,0.695943,15189.642500,,,,,,,,1159.268000,735.521000,759.824415,146115.000000,0.000000,0.847912
10000,96,random,random,scenario_label=random,0.000000,True,True,formal_extended_baseline_screen,813036364,2494479434,15175940.000000,579048.000000,1469883.000000,43074,7625443.854875,1893.037500,7627336.892375,10000,10000,4359,14357,,,,,,,,,,,,,,,,,,,,14.612500,,658.937766,DRCT,2,13.000000,,,,14358.000000,7223.000000,7134.000000,68188.000000,433.000000,,,,28716,0.348238,146.988300,57.904800,2048931.000000,204.893100,0.696524,15175.940000,,,,,,,,1158.096000,734.941500,762.733689,146125.000000,0.000000,0.848203
10000,96,random,random,scenario_label=random,0.000000,True,True,formal_extended_baseline_screen,3819630184,3731283758,15279470.000000,585503.000000,1470318.000000,43551,7635365.375750,1906.165000,7637271.540750,10000,10000,4518,14516,,,,,,,,,,,,,,,,,,,,14.642400,,654.472963,DRCT,4,13.000000,,,,14517.000000,7246.000000,7270.000000,67949.000000,427.000000,,,,29034,0.344424,147.031800,58.550300,2055821.000000,205.582100,0.688895,15279.470000,,,,,,,,1171.006000,735.159000,763.727154,146424.000000,0.000000,0.844389
10000,96,random,random,scenario_label=random,0.000000,True,True,formal_extended_baseline_screen,2608777085,2654394564,15226657.500000,582151.000000,1468186.000000,43371,7622076.426375,1898.395000,7623974.821375,10000,10000,4458,14456,,,,,,,,,,,,,,,,,,,,14.603600,,656.742952,DRCT,5,13.000000,,,,14457.000000,7276.000000,7180.000000,67966.000000,420.000000,,,,28914,0.345853,146.818600,58.215100,2050337.000000,205.033700,0.691754,15226.657500,,,,,,,,1164.302000,734.093000,762.397482,146036.000000,0.000000,0.845819
10000,96,random,random,scenario_label=random,0.000000,True,True,formal_extended_baseline_screen,1011355210,3159867198,15199615.000000,579482.000000,1475438.000000,43119,7570811.451125,1896.683000,7572708.134125,10000,10000,4374,14372,,,,,,,,,,,,,,,,,,,,14.616400,,657.911401,DRCT,6,13.000000,,,,14373.000000,7227.000000,7145.000000,68151.000000,464.000000,,,,28746,0.347874,147.543800,57.948200,2054920.000000,205.492000,0.695797,15199.615000,,,,,,,,1158.964000,737.719000,757.270813,146164.000000,0.000000,0.847840
10000,96,random,random,scenario_label=random,0.000000,True,True,formal_extended_baseline_screen,2772753435,1436449062,15352110.000000,589494.000000,1473287.000000,43827,7695758.931250,1915.631500,7697674.562750,10000,10000,4610,14608,,,,,,,,,,,,,,,,,,,,14.659900,,651.376260,DRCT,7,13.000000,,,,14609.000000,7265.000000,7343.000000,68589.000000,445.000000,,,,29218,0.342255,147.328700,58.949400,2062781.000000,206.278100,0.684556,15352.110000,,,,,,,,1178.988000,736.643500,769.767456,146599.000000,0.000000,0.842221
10000,96,random,random,scenario_label=random,0.000000,True,True,formal_extended_baseline_screen,3926250230,3246055751,15202083.750000,579709.000000,1473753.000000,43149,7619129.122875,1896.294500,7621025.417375,10000,10000,4384,14382,,,,,,,,,,,,,,,,,,,,14.593700,,657.804559,DRCT,8,12.000000,,,,14383.000000,7176.000000,7206.000000,67862.000000,457.000000,,,,28766,0.347633,147.375300,57.970900,2053462.000000,205.346200,0.695314,15202.083750,,,,,,,,1159.418000,736.876500,762.102542,145937.000000,0.000000,0.847598
10000,96,random,random,scenario_label=random,0.000000,True,True,formal_extended_baseline_screen,58426829,4246924223,15225872.500000,580776.000000,1477540.000000,43212,7657397.402750,1900.322000,7659297.724750,10000,10000,4405,14403,,,,,,,,,,,,,,,,,,,,14.620900,,656.776812,DRCT,9,13.000000,,,,14404.000000,7144.000000,7259.000000,68185.000000,476.000000,,,,28808,0.347126,147.754000,58.077600,2058316.000000,205.831600,0.694300,15225.872500,,,,,,,,1161.552000,738.770000,765.929772,146209.000000,0.000000,0.847091
10000,96,random,random,scenario_label=random,0.000000,True,True,formal_extended_baseline_screen,1020324588,2773480104,15244586.250000,581839.000000,1476961.000000,43305,7630834.905625,1902.158500,7632737.064125,10000,10000,4436,14434,,,,,,,,,,,,,,,,,,,,14.616600,,655.970574,DRCT,10,13.000000,,,,14435.000000,7207.000000,7227.000000,68259.000000,475.000000,,,,28870,0.346380,147.696100,58.183900,2058800.000000,205.880000,0.692809,15244.586250,,,,,,,,1163.678000,738.480500,763.273706,146166.000000,0.000000,0.846346
10000,96,random,random,scenario_label=random,0.000000,True,True,formal_extended_baseline_screen,596195424,943269521,15208633.750000,580112.000000,1474075.000000,43209,7581999.190875,1897.261500,7583896.452375,10000,10000,4404,14402,,,,,,,,,,,,,,,,,,,,14.615700,,657.521258,DRCT,11,13.000000,,,,14403.000000,7250.000000,7152.000000,67860.000000,457.000000,,,,28806,0.347150,147.407500,58.011200,2054187.000000,205.418700,0.694348,15208.633750,,,,,,,,1160.224000,737.037500,758.389645,146157.000000,0.000000,0.847115
10000,96,random,random,scenario_label=random,0.000000,True,True,formal_extended_baseline_screen,530428079,3353163520,15336805.000000,587957.000000,1475236.000000,43740,7683107.396500,1913.532000,7685020.928500,10000,10000,4581,14579,,,,,,,,,,,,,,,,,,,,14.641700,,652.026286,DRCT,12,13.000000,,,,14580.000000,7342.000000,7237.000000,67923.000000,459.000000,,,,29160,0.342936,147.523600,58.795700,2063193.000000,206.319300,0.685918,15336.805000,,,,,,,,1175.914000,737.618000,768.502093,146417.000000,0.000000,0.842901
10000,96,random,random,scenario_label=random,0.000000,True,True,formal_extended_baseline_screen,3351110087,3421033273,15203972.500000,580072.000000,1472667.000000,43182,7598219.591125,1896.477500,7600116.068625,10000,10000,4395,14393,,,,,,,,,,,,,,,,,,,,14.610400,,657.722842,DRCT,13,13.000000,,,,14394.000000,7218.000000,7175.000000,68195.000000,450.000000,,,,28788,0.347367,147.266700,58.007200,2052739.000000,205.273900,0.694782,15203.972500,,,,,,,,1160.144000,736.333500,760.011607,146104.000000,0.000000,0.847332
10000,96,random,random,scenario_label=random,0.000000,True,True,formal_extended_baseline_screen,1692097063,632512706,15242483.750000,582583.000000,1472482.000000,43359,7627813.342250,1901.407000,7629714.749250,10000,10000,4454,14452,,,,,,,,,,,,,,,,,,,,14.625900,,656.061057,DRCT,14,13.000000,,,,14453.000000,7203.000000,7249.000000,68282.000000,446.000000,,,,28906,0.345949,147.248200,58.258300,2055065.000000,205.506500,0.691946,15242.483750,,,,,,,,1165.166000,736.241000,762.971475,146259.000000,0.000000,0.845914
10000,96,random,random,scenario_label=random,0.000000,True,True,formal_extended_baseline_screen,1311958710,2376578527,15211445.000000,581354.000000,1469036.000000,43266,7620133.211625,1897.226000,7622030.437625,10000,10000,4423,14421,,,,,,,,,,,,,,,,,,,,14.620400,,657.399741,DRCT,15,14.000000,,,,14422.000000,7151.000000,7270.000000,68067.000000,424.000000,,,,28844,0.346693,146.903600,58.135400,2050390.000000,205.039000,0.693433,15211.445000,,,,,,,,1162.708000,734.518000,762.203044,146204.000000,0.000000,0.846658
10000,96,random,random,scenario_label=random,0.000000,True,True,formal_extended_baseline_screen,4044322606,2291556661,15079257.500000,572455.000000,1473375.000000,42606,7560462.660375,1881.597500,7562344.257875,10000,10000,4203,14201,,,,,,,,,,,,,,,,,,,,14.595200,,663.162626,DRCT,16,13.000000,,,,14202.000000,7073.000000,7128.000000,68032.000000,455.000000,,,,28404,0.352063,147.337500,57.245500,2045830.000000,204.583000,0.704176,15079.257500,,,,,,,,1144.910000,736.687500,756.234426,145952.000000,0.000000,0.852028
10000,96,random,random,scenario_label=random,0.000000,True,True,formal_extended_baseline_screen,1698610701,3845545754,15175245.000000,578395.000000,1472006.000000,43056,7618971.867250,1892.793000,7620864.660250,10000,10000,4353,14351,,,,,,,,,,,,,,,,,,,,14.596500,,658.967944,DRCT,17,13.000000,,,,14352.000000,7152.000000,7199.000000,68012.000000,448.000000,,,,28704,0.348384,147.200600,57.839500,2050401.000000,205.040100,0.696816,15175.245000,,,,,,,,1156.790000,736.003000,762.086466,145965.000000,0.000000,0.848349
10000,96,random,random,scenario_label=random,0.000000,True,True,formal_extended_baseline_screen,3900906002,3364887770,15385313.750000,591315.000000,1474196.000000,43956,7709298.253375,1919.728000,7711217.981375,10000,10000,4653,14651,,,,,,,,,,,,,,,,,,,,14.655500,,649.970495,DRCT,18,13.000000,,,,14652.000000,7272.000000,7379.000000,68360.000000,451.000000,,,,29304,0.341250,147.419600,59.131500,2065511.000000,206.551100,0.682547,15385.313750,,,,,,,,1182.630000,737.098000,771.121798,146555.000000,0.000000,0.841216
10000,96,random,random,scenario_label=random,0.000000,True,True,formal_extended_baseline_screen,3061364434,3042206769,15231180.000000,582008.000000,1471649.000000,43320,7620371.054375,1899.840500,7622270.894875,10000,10000,4441,14439,,,,,,,,,,,,,,,,,,,,14.612100,,656.547950,DRCT,19,13.000000,,,,14440.000000,7201.000000,7238.000000,67913.000000,441.000000,,,,28880,0.346260,147.164900,58.200800,2053657.000000,205.365700,0.692569,15231.180000,,,,,,,,1164.016000,735.824500,762.227089,146121.000000,0.000000,0.846226
10000,96,random,random,scenario_label=random,0.000000,True,True,formal_extended_baseline_screen,3722875878,230715784,15244693.750000,581921.000000,1476502.000000,43308,7653747.030500,1902.093000,7655649.123500,10000,10000,4437,14435,,,,,,,,,,,,,,,,,,,,14.619800,,655.965949,DRCT,20,13.000000,,,,14436.000000,7254.000000,7181.000000,68168.000000,473.000000,,,,28872,0.346356,147.650200,58.192100,2058423.000000,205.842300,0.692761,15244.693750,,,,,,,,1163.842000,738.251000,765.564912,146198.000000,0.000000,0.846322
10000,96,random,random,scenario_label=random,0.000000,True,True,formal_extended_baseline_screen,1880512712,2695997930,15249206.250000,583635.000000,1470416.000000,43413,7631192.058375,1902.478000,7633094.536375,10000,10000,4472,14470,,,,,,,,,,,,,,,,,,,,14.643100,,655.771837,DRCT,21,13.000000,,,,14471.000000,7286.000000,7184.000000,68068.000000,429.000000,,,,28942,0.345519,147.041600,58.363500,2054051.000000,205.405100,0.691085,15249.206250,,,,,,,,1167.270000,735.208000,763.309454,146431.000000,0.000000,0.845484
10000,96,random,random,scenario_label=random,0.000000,True,True,formal_extended_baseline_screen,2483842946,636707241,15338983.750000,588642.000000,1473338.000000,43779,7699896.801375,1913.953000,7701810.754375,10000,10000,4594,14592,,,,,,,,,,,,,,,,,,,,14.651300,,651.933672,DRCT,22,13.000000,,,,14593.000000,7372.000000,7220.000000,68457.000000,443.000000,,,,29186,0.342630,147.333800,58.864200,2061980.000000,206.198000,0.685307,15338.983750,,,,,,,,1177.284000,736.669000,770.181075,146513.000000,0.000000,0.842596
10000,96,random,random,scenario_label=random,0.000000,True,True,formal_extended_baseline_screen,484606977,3862946422,15185065.000000,579582.000000,1470041.000000,43134,7597979.474500,1894.184500,7599873.659000,10000,10000,4379,14377,,,,,,,,,,,,,,,,,,,,14.613700,,658.541797,DRCT,23,14.000000,,,,14378.000000,7169.000000,7208.000000,68099.000000,430.000000,,,,28756,0.347754,147.004100,57.958200,2049623.000000,204.962300,0.695555,15185.065000,,,,,,,,1159.164000,735.020500,759.987366,146137.000000,0.000000,0.847719
10000,96,random,random,scenario_label=random,0.000000,True,True,formal_extended_baseline_screen,4167451253,814011152,15241505.000000,582592.000000,1472286.000000,43365,7655949.234750,1901.327000,7657850.561750,10000,10000,4456,14454,,,,,,,,,,,,,,,,,,,,14.631500,,656.103187,DRCT,24,13.000000,,,,14455.000000,7207.000000,7247.000000,67888.000000,444.000000,,,,28910,0.345901,147.228600,58.259200,2054878.000000,205.487800,0.691850,15241.505000,,,,,,,,1165.184000,736.143000,765.785056,146315.000000,0.000000,0.845866
10000,96,random,random,scenario_label=random,0.000000,True,True,formal_extended_baseline_screen,1401592609,1150857521,15278037.500000,584979.000000,1472953.000000,43518,7635829.321625,1906.434500,7637735.756125,10000,10000,4507,14505,,,,,,,,,,,,,,,,,,,,14.647800,,654.534327,DRCT,25,13.000000,,,,14506.000000,7248.000000,7257.000000,68307.000000,442.000000,,,,29012,0.344685,147.295300,58.497900,2057932.000000,205.793200,0.689417,15278.037500,,,,,,,,1169.958000,736.476500,763.773576,146478.000000,0.000000,0.844650
10000,96,random,random,scenario_label=random,0.000000,True,True,formal_extended_baseline_screen,1975682606,3731944197,15208496.250000,579401.000000,1477386.000000,43134,7625534.548500,1897.495000,7627432.043500,10000,10000,4379,14377,,,,,,,,,,,,,,,,,,,,14.601400,,657.527203,DRCT,27,13.000000,,,,14378.000000,7188.000000,7189.000000,67955.000000,481.000000,,,,28756,0.347754,147.738600,57.940100,2056787.000000,205.678700,0.695555,15208.496250,,,,,,,,1158.802000,738.693000,762.743204,146014.000000,0.000000,0.847719
10000,96,random,random,scenario_label=random,0.000000,True,True,formal_extended_baseline_screen,2865864341,3303708524,15364453.750000,589535.000000,1477315.000000,43827,7689518.412125,1917.727500,7691436.139625,10000,10000,4610,14608,,,,,,,,,,,,,,,,,,,,14.659300,,650.852947,DRCT,26,13.000000,,,,14609.000000,7346.000000,7262.000000,67955.000000,468.000000,,,,29218,0.342255,147.731500,58.953500,2066850.000000,206.685000,0.684556,15364.453750,,,,,,,,1179.070000,738.657500,769.143614,146593.000000,0.000000,0.842221
10000,96,random,random,scenario_label=random,0.000000,True,True,formal_extended_baseline_screen,264712398,3901427417,15245842.500000,582873.000000,1472165.000000,43365,7637359.746125,1901.828500,7639261.574625,10000,10000,4456,14454,,,,,,,,,,,,,,,,,,,,14.620500,,655.916523,DRCT,28,13.000000,,,,14455.000000,7195.000000,7259.000000,68192.000000,444.000000,,,,28910,0.345901,147.216500,58.287300,2055038.000000,205.503800,0.691850,15245.842500,,,,,,,,1165.746000,736.082500,763.926157,146205.000000,0.000000,0.845866
10000,96,random,random,scenario_label=random,0.000000,True,True,formal_extended_baseline_screen,814411954,763192409,15160577.500000,577095.000000,1474020.000000,42969,7604142.478375,1891.200000,7606033.678375,10000,10000,4324,14322,,,,,,,,,,,,,,,,,,,,14.599700,,659.605480,DRCT,29,13.000000,,,,14323.000000,7178.000000,7144.000000,67852.000000,461.000000,,,,28646,0.349089,147.402000,57.709500,2051115.000000,205.111500,0.698227,15160.577500,,,,,,,,1154.190000,737.010000,760.603368,145997.000000,0.000000,0.849054
10000,96,random,random,scenario_label=random,0.000000,True,True,formal_extended_baseline_screen,1675969911,3817691941,15141651.250000,577013.000000,1469731.000000,42921,7606815.461125,1888.891500,7608704.352625,10000,10000,4308,14306,,,,,,,,,,,,,,,,,,,,14.615700,,660.429951,DRCT,30,13.000000,,,,14307.000000,7110.000000,7196.000000,68247.000000,432.000000,,,,28614,0.349479,146.973100,57.701300,2046744.000000,204.674400,0.699007,15141.651250,,,,,,,,1154.026000,734.865500,760.870435,146157.000000,0.000000,0.849444
10000,96,random,random,scenario_label=random,0.000000,True,True,formal_extended_baseline_screen,3265993510,41293381,15210872.500000,580711.000000,1473295.000000,43197,7614058.161625,1898.069500,7615956.231125,10000,10000,4400,14398,,,,,,,,,,,,,,,,,,,,14.625500,,657.424484,DRCT,31,13.000000,,,,14399.000000,7205.000000,7193.000000,68347.000000,449.000000,,,,28798,0.347246,147.329500,58.071100,2054006.000000,205.400600,0.694541,15210.872500,,,,,,,,1161.422000,736.647500,761.595623,146255.000000,0.000000,0.847212
10000,96,random,random,scenario_label=random,0.000000,True,True,formal_extended_baseline_screen,2252910599,1232520431,15148952.500000,576776.000000,1473071.000000,42909,7587456.476000,1890.087500,7589346.563500,10000,10000,4304,14302,,,,,,,,,,,,,,,,,,,,14.595900,,660.111648,DRCT,32,12.000000,,,,14303.000000,7204.000000,7098.000000,67681.000000,452.000000,,,,28606,0.349577,147.307100,57.677600,2049847.000000,204.984700,0.699203,15148.952500,,,,,,,,1153.552000,736.535500,758.934656,145959.000000,0.000000,0.849542
10000,96,random,random,scenario_label=random,0.000000,True,True,formal_extended_baseline_screen,2042956436,2471278340,15097896.250000,574480.000000,1467739.000000,42774,7553917.092625,1882.829500,7555799.922125,10000,10000,4259,14257,,,,,,,,,,,,,,,,,,,,14.598200,,662.343934,DRCT,33,13.000000,,,,14258.000000,7155.000000,7102.000000,67839.000000,422.000000,,,,28516,0.350680,146.773900,57.448000,2042219.000000,204.221900,0.701410,15097.896250,,,,,,,,1148.960000,733.869500,755.579992,145982.000000,0.000000,0.850645
10000,96,random,random,scenario_label=random,0.000000,True,True,formal_extended_baseline_screen,2690207514,4113310216,15153200.000000,577638.000000,1468869.000000,43008,7580428.560375,1889.710500,7582318.270875,10000,10000,4337,14335,,,,,,,,,,,,,,,,,,,,14.601600,,659.926616,DRCT,35,13.000000,,,,14336.000000,7095.000000,7240.000000,68149.000000,428.000000,,,,28672,0.348772,146.886900,57.763800,2046507.000000,204.650700,0.697593,15153.200000,,,,,,,,1155.276000,734.434500,758.231827,146016.000000,0.000000,0.848737
10000,96,random,random,scenario_label=random,0.000000,True,True,formal_extended_baseline_screen,1926156841,695011179,15375011.250000,590530.000000,1475190.000000,43905,7691994.698875,1918.655000,7693913.353875,10000,10000,4636,14634,,,,,,,,,,,,,,,,,,,,14.662400,,650.406028,DRCT,34,13.000000,,,,14635.000000,7360.000000,7274.000000,67996.000000,456.000000,,,,29270,0.341647,147.519000,59.053000,2065720.000000,206.572000,0.683340,15375.011250,,,,,,,,1181.060000,737.595000,769.391335,146624.000000,0.000000,0.841613
10000,96,random,random,scenario_label=random,0.000000,True,True,formal_extended_baseline_screen,1928770138,3829338353,15187522.500000,578550.000000,1475368.000000,43062,7612629.897375,1894.784000,7614524.681375,10000,10000,4355,14353,,,,,,,,,,,,,,,,,,,,14.588600,,658.435239,DRCT,36,12.000000,,,,14354.000000,7143.000000,7210.000000,67860.000000,466.000000,,,,28708,0.348335,147.536800,57.855000,2053918.000000,205.391800,0.696718,15187.522500,,,,,,,,1157.100000,737.684000,761.452468,145886.000000,0.000000,0.848300
10000,96,random,random,scenario_label=random,0.000000,True,True,formal_extended_baseline_screen,3956758156,734869619,15327191.250000,588157.000000,1472642.000000,43722,7656266.516250,1912.635000,7658179.151250,10000,10000,4575,14573,,,,,,,,,,,,,,,,,,,,14.660600,,652.435259,DRCT,37,13.000000,,,,14574.000000,7298.000000,7275.000000,68127.000000,440.000000,,,,29148,0.343077,147.264200,58.815700,2060799.000000,206.079900,0.686201,15327.191250,,,,,,,,1176.314000,736.321000,765.817915,146606.000000,0.000000,0.843042
10000,96,random,random,scenario_label=random,0.000000,True,True,formal_extended_baseline_screen,957467494,4277221571,15168295.000000,578148.000000,1472342.000000,43026,7608007.076750,1892.467000,7609899.543750,10000,10000,4343,14341,,,,,,,,,,,,,,,,,,,,14.618900,,659.269878,DRCT,38,14.000000,,,,14342.000000,7100.000000,7241.000000,68293.000000,446.000000,,,,28684,0.348626,147.234200,57.814800,2050490.000000,205.049000,0.697301,15168.295000,,,,,,,,1156.296000,736.171000,760.989954,146189.000000,0.000000,0.848592
10000,96,random,random,scenario_label=random,0.000000,True,True,formal_extended_baseline_screen,2866897990,3059774405,15161770.000000,577952.000000,1470004.000000,43026,7574919.223250,1890.906000,7576810.129250,10000,10000,4343,14341,,,,,,,,,,,,,,,,,,,,14.600000,,659.553601,DRCT,39,13.000000,,,,14342.000000,7195.000000,7146.000000,68160.000000,435.000000,,,,28684,0.348626,147.000400,57.795200,2047956.000000,204.795600,0.697301,15161.770000,,,,,,,,1155.904000,735.002000,757.681013,146000.000000,0.000000,0.848592
10000,96,random,random,scenario_label=random,0.000000,True,True,formal_extended_baseline_screen,509607359,2451080924,15107748.750000,573841.000000,1474017.000000,42705,7599608.122375,1884.690500,7601492.812875,10000,10000,4236,14234,,,,,,,,,,,,,,,,,,,,14.582600,,661.911987,DRCT,40,13.000000,,,,14235.000000,7094.000000,7140.000000,67980.000000,466.000000,,,,28470,0.351247,147.401700,57.384100,2047858.000000,204.785800,0.702543,15107.748750,,,,,,,,1147.682000,737.008500,760.149281,145826.000000,0.000000,0.851212
10000,96,random,random,scenario_label=random,0.000000,True,True,formal_extended_baseline_screen,2374982155,2875661120,15167068.750000,578426.000000,1469480.000000,43053,7590271.721625,1891.592000,7592163.313625,10000,10000,4352,14350,,,,,,,,,,,,,,,,,,,,14.602500,,659.323180,DRCT,41,13.000000,,,,14351.000000,7229.000000,7121.000000,67749.000000,431.000000,,,,28702,0.348408,146.948000,57.842600,2047906.000000,204.790600,0.696864,15167.068750,,,,,,,,1156.852000,734.740000,759.216331,146025.000000,0.000000,0.848373
10000,96,random,random,scenario_label=random,0.000000,True,True,formal_extended_baseline_screen,2681934676,101830660,15349017.500000,587788.000000,1481226.000000,43695,7704473.553125,1916.189000,7706389.742125,10000,10000,4566,14564,,,,,,,,,,,,,,,,,,,,14.644400,,651.507499,DRCT,42,13.000000,,,,14565.000000,7277.000000,7287.000000,68314.000000,495.000000,,,,29130,0.343289,148.122600,58.778800,2069014.000000,206.901400,0.686625,15349.017500,,,,,,,,1175.576000,740.613000,770.638974,146444.000000,0.000000,0.843254
10000,96,random,random,scenario_label=random,0.000000,True,True,formal_extended_baseline_screen,3450749702,2670019088,15209068.750000,578959.000000,1479645.000000,43098,7615276.829375,1897.740500,7617174.569875,10000,10000,4367,14365,,,,,,,,,,,,,,,,,,,,14.595300,,657.502452,DRCT,43,13.000000,,,,14366.000000,7164.000000,7201.000000,68300.000000,497.000000,,,,28732,0.348044,147.964500,57.895900,2058604.000000,205.860400,0.696136,15209.068750,,,,,,,,1157.918000,739.822500,761.717457,145953.000000,0.000000,0.848009
10000,96,random,random,scenario_label=random,0.000000,True,True,formal_extended_baseline_screen,3987099893,503986603,15146226.250000,577516.000000,1467536.000000,42996,7591144.712375,1888.800000,7593033.512375,10000,10000,4333,14331,,,,,,,,,,,,,,,,,,,,14.603900,,660.230465,DRCT,44,13.000000,,,,14332.000000,7148.000000,7183.000000,67856.000000,418.000000,,,,28664,0.348870,146.753600,57.751600,2045052.000000,204.505200,0.697788,15146.226250,,,,,,,,1155.032000,733.768000,759.303351,146039.000000,0.000000,0.848835
10000,96,random,random,scenario_label=random,0.000000,True,True,formal_extended_baseline_screen,3580828999,4242728454,15281997.500000,584158.000000,1477392.000000,43467,7632627.913000,1907.012000,7634534.925000,10000,10000,4490,14488,,,,,,,,,,,,,,,,,,,,14.623300,,654.364719,DRCT,45,14.000000,,,,14489.000000,7193.000000,7295.000000,68328.000000,475.000000,,,,28978,0.345089,147.739200,58.415800,2061550.000000,206.155000,0.690226,15281.997500,,,,,,,,1168.316000,738.696000,763.453493,146233.000000,0.000000,0.845055
10000,96,random,random,scenario_label=random,0.000000,True,True,formal_extended_baseline_screen,3716381950,1875949639,15180101.250000,578080.000000,1475051.000000,43041,7609565.295250,1893.685500,7611458.980750,10000,10000,4348,14346,,,,,,,,,,,,,,,,,,,,14.591100,,658.757134,DRCT,46,12.000000,,,,14347.000000,7158.000000,7188.000000,68000.000000,466.000000,,,,28694,0.348505,147.505100,57.808000,2053131.000000,205.313100,0.697058,15180.101250,,,,,,,,1156.160000,737.525500,761.145898,145911.000000,0.000000,0.848470
10000,96,random,random,scenario_label=random,0.000000,True,True,formal_extended_baseline_screen,2943036703,4013542919,15274887.500000,584166.000000,1475709.000000,43443,7672964.147875,1906.186500,7674870.334375,10000,10000,4482,14480,,,,,,,,,,,,,,,,,,,,14.629100,,654.669306,DRCT,47,13.000000,,,,14481.000000,7193.000000,7287.000000,68586.000000,463.000000,,,,28962,0.345280,147.570900,58.416600,2059875.000000,205.987500,0.690608,15274.887500,,,,,,,,1168.332000,737.854500,767.487033,146291.000000,0.000000,0.845245
10000,96,random,random,scenario_label=random,0.000000,True,True,formal_extended_baseline_screen,4126669249,3702112977,15215760.000000,580868.000000,1473354.000000,43227,7600153.838000,1898.413000,7602052.251000,10000,10000,4410,14408,,,,,,,,,,,,,,,,,,,,14.620100,,657.213310,DRCT,48,13.000000,,,,14409.000000,7277.000000,7131.000000,67937.000000,451.000000,,,,28818,0.347005,147.335400,58.086800,2054222.000000,205.422200,0.694059,15215.760000,,,,,,,,1161.736000,736.677000,760.205225,146201.000000,0.000000,0.846971
10000,96,random,random,scenario_label=random,0.000000,True,True,formal_extended_baseline_screen,675927661,153333807,15326050.000000,587116.000000,1476737.000000,43668,7665052.293250,1912.600500,7666964.893750,10000,10000,4557,14555,,,,,,,,,,,,,,,,,,,,14.650600,,652.483843,DRCT,49,13.000000,,,,14556.000000,7253.000000,7302.000000,68540.000000,469.000000,,,,29112,0.343501,147.673700,58.711600,2063853.000000,206.385300,0.687049,15326.050000,,,,,,,,1174.232000,738.368500,766.696489,146506.000000,0.000000,0.843467
10000,96,prefixed,prefixed,scenario_label=prefixed,0.000000,True,True,formal_extended_baseline_screen,116656660,1795643613,21078838.750000,1300032.000000,2870445.000000,43341,10557582.759875,4035.286500,10561618.046375,10000,10000,4448,14446,,,,,,,,,,,,,,,,,,,,62.621900,,474.409436,DRCT,0,13.000000,,,,14447.000000,7248.000000,7198.000000,257923.000000,462.000000,48.000000,,,28894,0.346093,287.044500,130.003200,4170477.000000,417.047700,0.692233,21078.838750,,,,,,,,2600.064000,1435.222500,1056.161805,626219.000000,0.000000,0.846058
10000,96,prefixed,prefixed,scenario_label=prefixed,0.000000,True,True,formal_extended_baseline_screen,889203247,2282629873,21268913.750000,1313799.000000,2871620.000000,43641,10733271.825375,4063.408000,10737335.233375,10000,10000,4548,14546,,,,,,,,,,,,,,,,,,,,62.641700,,470.169757,DRCT,1,13.000000,,,,14547.000000,7197.000000,7349.000000,308223.000000,476.000000,48.000000,,,29094,0.343713,287.162000,131.379900,4185419.000000,418.541900,0.687474,21268.913750,,,,,,,,2627.598000,1435.810000,1073.733523,626417.000000,0.000000,0.843679
10000,96,prefixed,prefixed,scenario_label=prefixed,0.000000,True,True,formal_extended_baseline_screen,1822834370,635118550,21266536.250000,1314326.000000,2872955.000000,43380,10680205.285875,4065.129500,10684270.415375,10000,10000,4461,14459,,,,,,,,,,,,,,,,,,,,62.623200,,470.222319,DRCT,2,13.000000,,,,14460.000000,7305.000000,7154.000000,347832.000000,495.000000,48.000000,,,28920,0.345781,287.295500,131.432600,4187281.000000,418.728100,0.691611,21266.536250,,,,,,,,2628.652000,1436.477500,1068.427042,626232.000000,0.000000,0.845747
10000,96,prefixed,prefixed,scenario_label=prefixed,0.000000,True,True,formal_extended_baseline_screen,2219440691,1886415352,21290866.250000,1316464.000000,2871501.000000,43407,10644297.672500,4068.678500,10648366.351000,10000,10000,4470,14468,,,,,,,,,,,,,,,,,,,,62.626000,,469.684976,DRCT,3,15.000000,,,,14469.000000,7325.000000,7143.000000,357927.000000,479.000000,48.000000,,,28938,0.345566,287.150100,131.646400,4187965.000000,418.796500,0.691181,21290.866250,,,,,,,,2632.928000,1435.750500,1064.836635,626260.000000,0.000000,0.845532
10000,96,prefixed,prefixed,scenario_label=prefixed,0.000000,True,True,formal_extended_baseline_screen,889858016,506565362,21110461.250000,1301909.000000,2873580.000000,43380,10617654.741250,4040.608000,10621695.349250,10000,10000,4461,14459,,,,,,,,,,,,,,,,,,,,62.637100,,473.698792,DRCT,4,14.000000,,,,14460.000000,7219.000000,7240.000000,248310.000000,498.000000,48.000000,,,28920,0.345781,287.358000,130.190900,4175489.000000,417.548900,0.691611,21110.461250,,,,,,,,2603.818000,1436.790000,1062.169535,626371.000000,0.000000,0.845747
10000,96,prefixed,prefixed,scenario_label=prefixed,0.000000,True,True,formal_extended_baseline_screen,3513520067,2080571807,20963982.500000,1292561.000000,2868657.000000,42966,10511138.323250,4019.450500,10515157.773750,10000,10000,4323,14321,,,,,,,,,,,,,,,,,,,,62.590700,,477.008603,DRCT,5,14.000000,,,,14322.000000,7162.000000,7159.000000,307881.000000,450.000000,48.000000,,,28644,0.349113,286.865700,129.256100,4161218.000000,416.121800,0.698275,20963.982500,,,,,,,,2585.122000,1434.328500,1051.515777,625907.000000,0.000000,0.849078
10000,96,prefixed,prefixed,scenario_label=prefixed,0.000000,True,True,formal_extended_baseline_screen,4182455193,4283593236,21214807.500000,1309357.000000,2871892.000000,43641,10624665.584000,4054.660000,10628720.244000,10000,10000,4548,14546,,,,,,,,,,,,,,,,,,,,62.637400,,471.368878,DRCT,6,13.000000,,,,14547.000000,7304.000000,7242.000000,268106.000000,480.000000,48.000000,,,29094,0.343713,287.189200,130.935700,4181249.000000,418.124900,0.687474,21214.807500,,,,,,,,2618.714000,1435.946000,1062.872024,626374.000000,0.000000,0.843679
10000,96,prefixed,prefixed,scenario_label=prefixed,0.000000,True,True,formal_extended_baseline_screen,1416235163,2638068535,21138705.000000,1305142.000000,2867953.000000,43350,10610342.049125,4044.260500,10614386.309625,10000,10000,4451,14449,,,,,,,,,,,,,,,,,,,,62.608000,,473.065876,DRCT,7,13.000000,,,,14450.000000,7261.000000,7188.000000,308057.000000,435.000000,48.000000,,,28900,0.346021,286.795300,130.514200,4173095.000000,417.309500,0.692089,21138.705000,,,,,,,,2610.284000,1433.976500,1061.438631,626080.000000,0.000000,0.845986
10000,96,prefixed,prefixed,scenario_label=prefixed,0.000000,True,True,formal_extended_baseline_screen,834749396,2225331800,21147777.500000,1305131.000000,2867907.000000,43509,10614625.542000,4044.215500,10618669.757500,10000,10000,4504,14502,,,,,,,,,,,,,,,,,,,,62.609900,,472.862929,DRCT,8,13.000000,,,,14503.000000,7250.000000,7252.000000,257988.000000,432.000000,48.000000,,,29006,0.344756,286.790700,130.513100,4173038.000000,417.303800,0.689560,21147.777500,,,,,,,,2610.262000,1433.953500,1061.866976,626099.000000,0.000000,0.844722
10000,96,prefixed,prefixed,scenario_label=prefixed,0.000000,True,True,formal_extended_baseline_screen,1183400892,2930215297,21201811.250000,1310364.000000,2870315.000000,43215,10595495.355375,4055.885500,10599551.240875,10000,10000,4406,14404,,,,,,,,,,,,,,,,,,,,62.614800,,471.657816,DRCT,9,13.000000,,,,14405.000000,7138.000000,7266.000000,358022.000000,465.000000,48.000000,,,28810,0.347102,287.031500,131.036400,4180679.000000,418.067900,0.694252,21201.811250,,,,,,,,2620.728000,1435.157500,1059.955124,626148.000000,0.000000,0.847067
10000,96,prefixed,prefixed,scenario_label=prefixed,0.000000,True,True,formal_extended_baseline_screen,2061720330,3826506554,21267868.750000,1314893.000000,2870889.000000,43353,10754552.436000,4065.230500,10758617.666500,10000,10000,4452,14450,,,,,,,,,,,,,,,,,,,,62.615100,,470.192858,DRCT,10,13.000000,,,,14451.000000,7230.000000,7220.000000,368618.000000,474.000000,48.000000,,,28902,0.345997,287.088900,131.489300,4185782.000000,418.578200,0.692042,21267.868750,,,,,,,,2629.786000,1435.444500,1075.861767,626151.000000,0.000000,0.845962
10000,96,prefixed,prefixed,scenario_label=prefixed,0.000000,True,True,formal_extended_baseline_screen,2528955344,254286611,21128972.500000,1303785.000000,2869807.000000,43452,10637128.304375,4042.473500,10641170.777875,10000,10000,4485,14483,,,,,,,,,,,,,,,,,,,,62.631900,,473.283781,DRCT,11,14.000000,,,,14484.000000,7245.000000,7238.000000,268357.000000,451.000000,48.000000,,,28968,0.345209,286.980700,130.378500,4173592.000000,417.359200,0.690465,21128.972500,,,,,,,,2607.570000,1434.903500,1064.117078,626319.000000,0.000000,0.845174
10000,96,prefixed,prefixed,scenario_label=prefixed,0.000000,True,True,formal_extended_baseline_screen,3403028343,482262455,21239787.500000,1312949.000000,2869547.000000,43383,10679656.021375,4060.671500,10683716.692875,10000,10000,4462,14460,,,,,,,,,,,,,,,,,,,,62.623500,,470.814503,DRCT,12,13.000000,,,,14461.000000,7261.000000,7199.000000,338341.000000,447.000000,48.000000,,,28922,0.345758,286.954700,131.294900,4182496.000000,418.249600,0.691563,21239.787500,,,,,,,,2625.898000,1434.773500,1068.371669,626235.000000,0.000000,0.845723
10000,96,prefixed,prefixed,scenario_label=prefixed,0.000000,True,True,formal_extended_baseline_screen,3651045357,1677712937,21075647.500000,1300798.000000,2868801.000000,43152,10583406.990750,4035.996500,10587442.987250,10000,10000,4385,14383,,,,,,,,,,,,,,,,,,,,62.609600,,474.481270,DRCT,13,13.000000,,,,14384.000000,7262.000000,7121.000000,317844.000000,447.000000,48.000000,,,28768,0.347608,286.880100,130.079800,4169599.000000,416.959900,0.695265,21075.647500,,,,,,,,2601.596000,1434.400500,1058.744299,626096.000000,0.000000,0.847574
10000,96,prefixed,prefixed,scenario_label=prefixed,0.000000,True,True,formal_extended_baseline_screen,1707141452,3261402185,21363375.000000,1321491.000000,2871051.000000,43563,10637368.140750,4078.507500,10641446.648250,10000,10000,4522,14520,,,,,,,,,,,,,,,,,,,,62.610400,,468.090833,DRCT,14,13.000000,,,,14521.000000,7316.000000,7204.000000,377862.000000,478.000000,48.000000,,,29042,0.344329,287.105100,132.149100,4192542.000000,419.254200,0.688705,21363.375000,,,,,,,,2642.982000,1435.525500,1064.144665,626104.000000,0.000000,0.844294
10000,96,prefixed,prefixed,scenario_label=prefixed,0.000000,True,True,formal_extended_baseline_screen,1066348603,67627113,21540507.500000,1333935.000000,2873122.000000,43971,10788896.507000,4104.431000,10793000.938000,10000,10000,4658,14656,,,,,,,,,,,,,,,,,,,,62.658600,,464.241615,DRCT,15,13.000000,,,,14657.000000,7336.000000,7320.000000,368171.000000,485.000000,48.000000,,,29314,0.341134,287.312200,133.393500,4207057.000000,420.705700,0.682314,21540.507500,,,,,,,,2667.870000,1436.561000,1079.300094,626586.000000,0.000000,0.841100
10000,96,prefixed,prefixed,scenario_label=prefixed,0.000000,True,True,formal_extended_baseline_screen,2310609587,1909420649,21107462.500000,1302458.000000,2868744.000000,43353,10564308.541375,4039.288000,10568347.829375,10000,10000,4452,14450,,,,,,,,,,,,,,,,,,,,62.608100,,473.766091,DRCT,16,12.000000,,,,14451.000000,7176.000000,7274.000000,297922.000000,443.000000,48.000000,,,28902,0.345997,286.874400,130.245800,4171202.000000,417.120200,0.692042,21107.462500,,,,,,,,2604.916000,1434.372000,1056.834783,626081.000000,0.000000,0.845962
10000,96,prefixed,prefixed,scenario_label=prefixed,0.000000,True,True,formal_extended_baseline_screen,862396413,1932638795,21092387.500000,1301314.000000,2871676.000000,43173,10562187.281750,4038.466000,10566225.747750,10000,10000,4392,14390,,,,,,,,,,,,,,,,,,,,62.599000,,474.104698,DRCT,17,13.000000,,,,14391.000000,7180.000000,7210.000000,317803.000000,490.000000,48.000000,,,28782,0.347439,287.167600,130.131400,4172990.000000,417.299000,0.694927,21092.387500,,,,,,,,2602.628000,1435.838000,1056.622575,625990.000000,0.000000,0.847405
10000,96,prefixed,prefixed,scenario_label=prefixed,0.000000,True,True,formal_extended_baseline_screen,1976791937,672197834,21187863.750000,1307805.000000,2870017.000000,43596,10601031.005125,4050.618500,10605081.623625,10000,10000,4533,14531,,,,,,,,,,,,,,,,,,,,62.636000,,471.968298,DRCT,18,13.000000,,,,14532.000000,7298.000000,7233.000000,247917.000000,451.000000,48.000000,,,29064,0.344068,287.001700,130.780500,4177822.000000,417.782200,0.688184,21187.863750,,,,,,,,2615.610000,1435.008500,1060.508162,626360.000000,0.000000,0.844034
10000,96,prefixed,prefixed,scenario_label=prefixed,0.000000,True,True,formal_extended_baseline_screen,3116852746,857239874,21174873.750000,1308517.000000,2868181.000000,43185,10596711.520375,4051.124500,10600762.644875,10000,10000,4396,14394,,,,,,,,,,,,,,,,,,,,62.593200,,472.257833,DRCT,19,13.000000,,,,14395.000000,7146.000000,7248.000000,348364.000000,445.000000,48.000000,,,28790,0.347343,286.818100,130.851700,4176698.000000,417.669800,0.694734,21174.873750,,,,,,,,2617.034000,1434.090500,1060.076264,625932.000000,0.000000,0.847308
10000,96,prefixed,prefixed,scenario_label=prefixed,0.000000,True,True,formal_extended_baseline_screen,3001598358,142808547,21275447.500000,1315407.000000,2871405.000000,43362,10583274.291375,4066.516500,10587340.807875,10000,10000,4455,14453,,,,,,,,,,,,,,,,,,,,62.620400,,470.025366,DRCT,20,13.000000,,,,14454.000000,7193.000000,7260.000000,377960.000000,479.000000,48.000000,,,28908,0.345925,287.140500,131.540700,4186812.000000,418.681200,0.691898,21275.447500,,,,,,,,2630.814000,1435.702500,1058.734081,626204.000000,0.000000,0.845890
10000,96,prefixed,prefixed,scenario_label=prefixed,0.000000,True,True,formal_extended_baseline_screen,2792116651,3876109221,21283267.500000,1314899.000000,2872693.000000,43530,10749306.698500,4066.144500,10753372.843000,10000,10000,4511,14509,,,,,,,,,,,,,,,,,,,,62.609600,,469.852667,DRCT,21,14.000000,,,,14510.000000,7298.000000,7211.000000,327992.000000,500.000000,48.000000,,,29020,0.344590,287.269300,131.489900,4187592.000000,418.759200,0.689227,21283.267500,,,,,,,,2629.798000,1436.346500,1075.337284,626096.000000,0.000000,0.844555
10000,96,prefixed,prefixed,scenario_label=prefixed,0.000000,True,True,formal_extended_baseline_screen,664859573,1795568635,21247483.750000,1313054.000000,2869507.000000,43464,10642330.577125,4060.861500,10646391.438625,10000,10000,4489,14487,,,,,,,,,,,,,,,,,,,,62.613900,,470.643965,DRCT,22,12.000000,,,,14488.000000,7220.000000,7267.000000,327794.000000,456.000000,48.000000,,,28976,0.345113,286.950700,131.305400,4182561.000000,418.256100,0.690274,21247.483750,,,,,,,,2626.108000,1434.753500,1064.639144,626139.000000,0.000000,0.845079
10000,96,prefixed,prefixed,scenario_label=prefixed,0.000000,True,True,formal_extended_baseline_screen,4122393112,1126141319,21335267.500000,1319675.000000,2870958.000000,43500,10682190.126375,4074.829000,10686264.955375,10000,10000,4501,14499,,,,,,,,,,,,,,,,,,,,62.620200,,468.707505,DRCT,23,13.000000,,,,14500.000000,7177.000000,7322.000000,388319.000000,470.000000,48.000000,,,29000,0.344828,287.095800,131.967500,4190633.000000,419.063300,0.689703,21335.267500,,,,,,,,2639.350000,1435.479000,1068.626496,626202.000000,0.000000,0.844793
10000,96,prefixed,prefixed,scenario_label=prefixed,0.000000,True,True,formal_extended_baseline_screen,2427110912,1232687292,21068425.000000,1298968.000000,2872223.000000,43293,10578572.585625,4034.047500,10582606.633125,10000,10000,4432,14430,,,,,,,,,,,,,,,,,,,,62.619200,,474.643928,DRCT,24,13.000000,,,,14431.000000,7245.000000,7185.000000,278077.000000,490.000000,48.000000,,,28862,0.346476,287.222300,129.896800,4171191.000000,417.119100,0.693001,21068.425000,,,,,,,,2597.936000,1436.111500,1058.260663,626192.000000,0.000000,0.846442
10000,96,prefixed,prefixed,scenario_label=prefixed,0.000000,True,True,formal_extended_baseline_screen,4217303339,1765578749,21194857.500000,1309329.000000,2872552.000000,43176,10611104.885500,4054.934000,10615159.819500,10000,10000,4393,14391,,,,,,,,,,,,,,,,,,,,62.599600,,471.812561,DRCT,25,13.000000,,,,14392.000000,7251.000000,7140.000000,377659.000000,503.000000,48.000000,,,28784,0.347415,287.255200,130.932900,4181881.000000,418.188100,0.694879,21194.857500,,,,,,,,2618.658000,1436.276000,1061.515982,625996.000000,0.000000,0.847380
10000,96,prefixed,prefixed,scenario_label=prefixed,0.000000,True,True,formal_extended_baseline_screen,1478210380,1561520892,21088066.250000,1300499.000000,2870623.000000,43362,10550276.434500,4036.309500,10554312.744000,10000,10000,4455,14453,,,,,,,,,,,,,,,,,,,,62.611500,,474.201849,DRCT,26,13.000000,,,,14454.000000,7242.000000,7211.000000,228001.000000,470.000000,48.000000,,,28908,0.345925,287.062300,130.049900,4171122.000000,417.112200,0.691898,21088.066250,,,,,,,,2600.998000,1435.311500,1055.431274,626115.000000,0.000000,0.845890
10000,96,prefixed,prefixed,scenario_label=prefixed,0.000000,True,True,formal_extended_baseline_screen,3217990807,145700068,21341526.250000,1319336.000000,2872283.000000,43656,10739261.025125,4074.813500,10743335.838625,10000,10000,4553,14551,,,,,,,,,,,,,,,,,,,,62.634800,,468.570049,DRCT,27,14.000000,,,,14552.000000,7295.000000,7256.000000,328558.000000,487.000000,48.000000,,,29104,0.343595,287.228300,131.933600,4191619.000000,419.161900,0.687238,21341.526250,,,,,,,,2638.672000,1436.141500,1074.333584,626348.000000,0.000000,0.843561
10000,96,prefixed,prefixed,scenario_label=prefixed,0.000000,True,True,formal_extended_baseline_screen,2849627408,2304446709,21160641.250000,1306158.000000,2870431.000000,43407,10615793.247625,4047.531500,10619840.779125,10000,10000,4470,14468,,,,,,,,,,,,,,,,,,,,62.614600,,472.575471,DRCT,28,13.000000,,,,14469.000000,7289.000000,7179.000000,307685.000000,468.000000,48.000000,,,28938,0.345566,287.043100,130.615800,4176589.000000,417.658900,0.691181,21160.641250,,,,,,,,2612.316000,1435.215500,1061.984078,626146.000000,0.000000,0.845532
10000,96,prefixed,prefixed,scenario_label=prefixed,0.000000,True,True,formal_extended_baseline_screen,3130433991,2069896411,21322902.500000,1317152.000000,2871713.000000,43884,10626608.770000,4070.160500,10630678.930500,10000,10000,4629,14627,,,,,,,,,,,,,,,,,,,,62.653300,,468.979305,DRCT,29,14.000000,,,,14628.000000,7367.000000,7260.000000,258388.000000,470.000000,48.000000,,,29256,0.341810,287.171300,131.715200,4188865.000000,418.886500,0.683667,21322.902500,,,,,,,,2634.304000,1435.856500,1063.067893,626533.000000,0.000000,0.841776
10000,96,prefixed,prefixed,scenario_label=prefixed,0.000000,True,True,formal_extended_baseline_screen,2782577657,2771340955,21140928.750000,1305511.000000,2870181.000000,43212,10546529.669750,4046.112500,10550575.782250,10000,10000,4405,14403,,,,,,,,,,,,,,,,,,,,62.609600,,473.016116,DRCT,30,13.000000,,,,14404.000000,7219.000000,7184.000000,328090.000000,464.000000,48.000000,,,28808,0.347126,287.018100,130.551100,4175692.000000,417.569200,0.694300,21140.928750,,,,,,,,2611.022000,1435.090500,1055.057578,626096.000000,0.000000,0.847091
10000,96,prefixed,prefixed,scenario_label=prefixed,0.000000,True,True,formal_extended_baseline_screen,1064392848,2132106637,21333687.500000,1318402.000000,2870449.000000,43803,10707356.145375,4072.028500,10711428.173875,10000,10000,4602,14600,,,,,,,,,,,,,,,,,,,,62.634900,,468.742218,DRCT,31,13.000000,,,,14601.000000,7295.000000,7305.000000,308065.000000,459.000000,48.000000,,,29202,0.342442,287.044900,131.840200,4188851.000000,418.885100,0.684932,21333.687500,,,,,,,,2636.804000,1435.224500,1071.142817,626349.000000,0.000000,0.842408
10000,96,prefixed,prefixed,scenario_label=prefixed,0.000000,True,True,formal_extended_baseline_screen,3774357635,4166195162,21283076.250000,1315735.000000,2869016.000000,43551,10727178.044875,4065.978000,10731244.022875,10000,10000,4518,14516,,,,,,,,,,,,,,,,,,,,62.627600,,469.856889,DRCT,32,13.000000,,,,14517.000000,7243.000000,7273.000000,327924.000000,445.000000,48.000000,,,29034,0.344424,286.901600,131.573500,4184751.000000,418.475100,0.688895,21283.076250,,,,,,,,2631.470000,1434.508000,1073.124402,626276.000000,0.000000,0.844389
10000,96,prefixed,prefixed,scenario_label=prefixed,0.000000,True,True,formal_extended_baseline_screen,2604247550,509067863,21274790.000000,1313882.000000,2871015.000000,43764,10653964.941375,4063.271500,10658028.212875,10000,10000,4589,14587,,,,,,,,,,,,,,,,,,,,62.641100,,470.039892,DRCT,33,13.000000,,,,14588.000000,7307.000000,7280.000000,288168.000000,463.000000,48.000000,,,29176,0.342747,287.101500,131.388200,4184897.000000,418.489700,0.685542,21274.790000,,,,,,,,2627.764000,1435.507500,1065.802821,626411.000000,0.000000,0.842713
10000,96,prefixed,prefixed,scenario_label=prefixed,0.000000,True,True,formal_extended_baseline_screen,304335199,2944667977,21495317.500000,1330467.000000,2873625.000000,43875,10773192.467625,4097.746500,10777290.214125,10000,10000,4626,14624,,,,,,,,,,,,,,,,,,,,62.647400,,465.217599,DRCT,34,12.000000,,,,14625.000000,7274.000000,7350.000000,358121.000000,500.000000,48.000000,,,29250,0.341880,287.362500,133.046700,4204092.000000,420.409200,0.683807,21495.317500,,,,,,,,2660.934000,1436.812500,1077.729021,626474.000000,0.000000,0.841846
10000,96,prefixed,prefixed,scenario_label=prefixed,0.000000,True,True,formal_extended_baseline_screen,4048739445,3798565264,21231845.000000,1310749.000000,2871437.000000,43671,10644068.450000,4057.216500,10648125.666500,10000,10000,4558,14556,,,,,,,,,,,,,,,,,,,,62.639900,,470.990628,DRCT,35,14.000000,,,,14557.000000,7283.000000,7273.000000,278415.000000,472.000000,48.000000,,,29114,0.343477,287.143700,131.074900,4182186.000000,418.218600,0.687002,21231.845000,,,,,,,,2621.498000,1435.718500,1064.812567,626399.000000,0.000000,0.843443
10000,96,prefixed,prefixed,scenario_label=prefixed,0.000000,True,True,formal_extended_baseline_screen,1318647535,786321605,21048281.250000,1299676.000000,2868272.000000,42873,10577640.451125,4033.488000,10581673.939125,10000,10000,4292,14290,,,,,,,,,,,,,,,,,,,,62.580500,,475.098175,DRCT,36,13.000000,,,,14291.000000,7075.000000,7215.000000,358141.000000,450.000000,48.000000,,,28582,0.349871,286.827200,129.967600,4167948.000000,416.794800,0.699790,21048.281250,,,,,,,,2599.352000,1434.136000,1058.167394,625805.000000,0.000000,0.849836
10000,96,prefixed,prefixed,scenario_label=prefixed,0.000000,True,True,formal_extended_baseline_screen,1372255346,3316477345,21328178.750000,1318159.000000,2872588.000000,43707,10716107.692750,4072.612000,10720180.304750,10000,10000,4570,14568,,,,,,,,,,,,,,,,,,,,62.649800,,468.863287,DRCT,37,12.000000,,,,14569.000000,7336.000000,7232.000000,317900.000000,483.000000,48.000000,,,29138,0.343194,287.258800,131.815900,4190747.000000,419.074700,0.686436,21328.178750,,,,,,,,2636.318000,1436.294000,1072.018030,626498.000000,0.000000,0.843160
10000,96,prefixed,prefixed,scenario_label=prefixed,0.000000,True,True,formal_extended_baseline_screen,2919934110,3616675267,21037981.250000,1297285.000000,2870029.000000,43218,10532697.655000,4029.584500,10536727.239500,10000,10000,4407,14405,,,,,,,,,,,,,,,,,,,,62.613600,,475.330778,DRCT,38,14.000000,,,,14406.000000,7196.000000,7209.000000,288327.000000,461.000000,48.000000,,,28812,0.347078,287.002900,129.728500,4167314.000000,416.731400,0.694203,21037.981250,,,,,,,,2594.570000,1435.014500,1053.672724,626136.000000,0.000000,0.847043
10000,96,prefixed,prefixed,scenario_label=prefixed,0.000000,True,True,formal_extended_baseline_screen,86283338,3553383681,20873645.000000,1285222.000000,2869784.000000,42861,10453207.932000,4005.336000,10457213.268000,10000,10000,4288,14286,,,,,,,,,,,,,,,,,,,,62.563100,,479.073013,DRCT,39,13.000000,,,,14287.000000,7183.000000,7103.000000,267924.000000,479.000000,48.000000,,,28574,0.349969,286.978400,128.522200,4155006.000000,415.500600,0.699986,20873.645000,,,,,,,,2570.444000,1434.892000,1045.721327,625631.000000,0.000000,0.849934
10000,96,prefixed,prefixed,scenario_label=prefixed,0.000000,True,True,formal_extended_baseline_screen,2673896349,2557085499,21236873.750000,1311250.000000,2870463.000000,43695,10607118.217375,4057.731500,10611175.948875,10000,10000,4566,14564,,,,,,,,,,,,,,,,,,,,62.642700,,470.879100,DRCT,40,13.000000,,,,14565.000000,7284.000000,7280.000000,268148.000000,459.000000,48.000000,,,29130,0.343289,287.046300,131.125000,4181713.000000,418.171300,0.686625,21236.873750,,,,,,,,2622.500000,1435.231500,1061.117595,626427.000000,0.000000,0.843254
10000,96,prefixed,prefixed,scenario_label=prefixed,0.000000,True,True,formal_extended_baseline_screen,2076339012,863377449,21140010.000000,1305248.000000,2869612.000000,43287,10584066.243375,4045.302000,10588111.545375,10000,10000,4430,14428,,,,,,,,,,,,,,,,,,,,62.617000,,473.036673,DRCT,41,13.000000,,,,14429.000000,7276.000000,7152.000000,317798.000000,453.000000,48.000000,,,28858,0.346524,286.961200,130.524800,4174860.000000,417.486000,0.693097,21140.010000,,,,,,,,2610.496000,1434.806000,1058.811155,626170.000000,0.000000,0.846490
10000,96,prefixed,prefixed,scenario_label=prefixed,0.000000,True,True,formal_extended_baseline_screen,3463721453,362825430,21231408.750000,1312502.000000,2868651.000000,43314,10621365.894375,4059.329500,10625425.223875,10000,10000,4439,14437,,,,,,,,,,,,,,,,,,,,62.602200,,471.000305,DRCT,42,13.000000,,,,14438.000000,7095.000000,7342.000000,348200.000000,444.000000,48.000000,,,28876,0.346308,286.865100,131.250200,4181153.000000,418.115300,0.692665,21231.408750,,,,,,,,2625.004000,1434.325500,1062.542522,626022.000000,0.000000,0.846274
10000,96,prefixed,prefixed,scenario_label=prefixed,0.000000,True,True,formal_extended_baseline_screen,144876194,1094980769,21045278.750000,1298572.000000,2868901.000000,43077,10514826.628750,4031.594500,10518858.223250,10000,10000,4360,14358,,,,,,,,,,,,,,,,,,,,62.598900,,475.165956,DRCT,43,14.000000,,,,14359.000000,7192.000000,7166.000000,318409.000000,452.000000,48.000000,,,28718,0.348214,286.890100,129.857200,4167473.000000,416.747300,0.696476,21045.278750,,,,,,,,2597.144000,1434.450500,1051.885822,625989.000000,0.000000,0.848179
10000,96,prefixed,prefixed,scenario_label=prefixed,0.000000,True,True,formal_extended_baseline_screen,2327316353,604736240,21410630.000000,1324336.000000,2874822.000000,43680,10706111.464625,4086.083000,10710197.547625,10000,10000,4561,14559,,,,,,,,,,,,,,,,,,,,62.642400,,467.057719,DRCT,44,13.000000,,,,14560.000000,7211.000000,7348.000000,348439.000000,516.000000,48.000000,,,29120,0.343407,287.482200,132.433600,4199158.000000,419.915800,0.686860,21410.630000,,,,,,,,2648.672000,1437.411000,1071.019755,626424.000000,0.000000,0.843372
10000,96,prefixed,prefixed,scenario_label=prefixed,0.000000,True,True,formal_extended_baseline_screen,1476163045,3513470133,21140446.250000,1305338.000000,2872363.000000,43059,10614310.473375,4046.857500,10618357.330875,10000,10000,4354,14352,,,,,,,,,,,,,,,,,,,,62.580500,,473.026912,DRCT,45,13.000000,,,,14353.000000,7205.000000,7147.000000,357972.000000,506.000000,48.000000,,,28706,0.348359,287.236300,130.533800,4177701.000000,417.770100,0.696767,21140.446250,,,,,,,,2610.676000,1436.181500,1061.835733,625805.000000,0.000000,0.848324
10000,96,prefixed,prefixed,scenario_label=prefixed,0.000000,True,True,formal_extended_baseline_screen,2477060584,357068095,21252445.000000,1312735.000000,2872131.000000,43536,10671076.916125,4061.535500,10675138.451625,10000,10000,4513,14511,,,,,,,,,,,,,,,,,,,,62.629700,,470.534096,DRCT,46,13.000000,,,,14512.000000,7263.000000,7248.000000,318289.000000,486.000000,48.000000,,,29024,0.344542,287.213100,131.273500,4184866.000000,418.486600,0.689132,21252.445000,,,,,,,,2625.470000,1436.065500,1067.513845,626297.000000,0.000000,0.844508
10000,96,prefixed,prefixed,scenario_label=prefixed,0.000000,True,True,formal_extended_baseline_screen,2255604210,2119362582,21250525.000000,1313143.000000,2869297.000000,43548,10724120.641750,4060.934500,10728181.576250,10000,10000,4517,14515,,,,,,,,,,,,,,,,,,,,62.629600,,470.576609,DRCT,47,13.000000,,,,14516.000000,7258.000000,7257.000000,318095.000000,441.000000,48.000000,,,29032,0.344448,286.929700,131.314300,4182440.000000,418.244000,0.688942,21250.525000,,,,,,,,2626.286000,1434.648500,1072.818158,626296.000000,0.000000,0.844413
10000,96,prefixed,prefixed,scenario_label=prefixed,0.000000,True,True,formal_extended_baseline_screen,2193895526,1252580090,21320917.500000,1317904.000000,2870792.000000,43695,10651189.632750,4071.204000,10655260.836750,10000,10000,4566,14564,,,,,,,,,,,,,,,,,,,,62.642400,,469.022968,DRCT,48,12.000000,,,,14565.000000,7291.000000,7273.000000,318321.000000,463.000000,48.000000,,,29130,0.343289,287.079200,131.790400,4188696.000000,418.869600,0.686625,21320.917500,,,,,,,,2635.808000,1435.396000,1065.526084,626424.000000,0.000000,0.843254
10000,96,prefixed,prefixed,scenario_label=prefixed,0.000000,True,True,formal_extended_baseline_screen,2044777110,4035672101,21170103.750000,1306834.000000,2870978.000000,43482,10587932.549125,4049.157000,10591981.706125,10000,10000,4495,14493,,,,,,,,,,,,,,,,,,,,62.644100,,472.364241,DRCT,49,13.000000,,,,14494.000000,7179.000000,7314.000000,298155.000000,459.000000,48.000000,,,28988,0.344970,287.097800,130.683400,4177812.000000,417.781200,0.689988,21170.103750,,,,,,,,2613.668000,1435.489000,1059.198171,626441.000000,0.000000,0.844936
10000,96,prefix80,prefixed,scenario_label=prefix80,0.000000,True,True,formal_extended_baseline_screen,1741802094,2720218551,22075117.500000,1557163.000000,3787053.000000,38175,11080625.164375,5007.852500,11085633.016875,10000,10000,2726,12724,,,,,,,,,,,,,,,,,,,,94.168000,,452.998721,DRCT,0,13.000000,,,,12725.000000,6318.000000,6406.000000,475789.000000,368.000000,80.000000,,,25450,0.392927,378.705300,155.716300,5344216.000000,534.421600,0.785916,22075.117500,,,,,,,,3114.326000,1893.526500,1108.563302,941680.000000,0.000000,0.892888
10000,96,prefix80,prefixed,scenario_label=prefix80,0.000000,True,True,formal_extended_baseline_screen,2669137359,342009579,21713590.000000,1531120.000000,3785917.000000,37539,10894161.365000,4955.198500,10899116.563500,10000,10000,2514,12512,,,,,,,,,,,,,,,,,,,,94.128100,,460.541071,DRCT,1,13.000000,,,,12513.000000,6307.000000,6205.000000,525380.000000,376.000000,80.000000,,,25026,0.399584,378.591700,153.112000,5317037.000000,531.703700,0.799233,21713.590000,,,,,,,,3062.240000,1892.958500,1089.911656,941281.000000,0.000000,0.899544
10000,96,prefix80,prefixed,scenario_label=prefix80,0.000000,True,True,formal_extended_baseline_screen,2479815273,797874875,21838512.500000,1540096.000000,3786255.000000,37758,10997088.692625,4973.319500,11002062.012125,10000,10000,2587,12585,,,,,,,,,,,,,,,,,,,,94.142300,,457.906645,DRCT,2,13.000000,,,,12586.000000,6306.000000,6279.000000,475663.000000,350.000000,80.000000,,,25172,0.397267,378.625500,154.009600,5326351.000000,532.635100,0.794597,21838.512500,,,,,,,,3080.192000,1893.127500,1100.206201,941423.000000,0.000000,0.897227
10000,96,prefix80,prefixed,scenario_label=prefix80,0.000000,True,True,formal_extended_baseline_screen,1286928148,2769460871,21740353.750000,1533015.000000,3785887.000000,37587,10923306.829875,4958.973500,10928265.803375,10000,10000,2530,12528,,,,,,,,,,,,,,,,,,,,94.131300,,459.974116,DRCT,3,12.000000,,,,12529.000000,6287.000000,6241.000000,425284.000000,343.000000,80.000000,,,25058,0.399074,378.588700,153.301500,5318902.000000,531.890200,0.798212,21740.353750,,,,,,,,3066.030000,1892.943500,1092.826580,941313.000000,0.000000,0.899034
10000,96,prefix80,prefixed,scenario_label=prefix80,0.000000,True,True,formal_extended_baseline_screen,2696116183,4227958410,21679545.000000,1528680.000000,3785887.000000,37476,10889782.369000,4950.303500,10894732.672500,10000,10000,2493,12491,,,,,,,,,,,,,,,,,,,,94.127600,,461.264293,DRCT,4,13.000000,,,,12492.000000,6243.000000,6248.000000,445820.000000,372.000000,80.000000,,,24984,0.400256,378.588700,152.868000,5314567.000000,531.456700,0.800576,21679.545000,,,,,,,,3057.360000,1892.943500,1089.473267,941276.000000,0.000000,0.900216
10000,96,prefix80,prefixed,scenario_label=prefix80,0.000000,True,True,formal_extended_baseline_screen,1840913042,891856134,21851791.250000,1541066.000000,3786392.000000,37782,10974225.742125,4975.328000,10979201.070125,10000,10000,2595,12593,,,,,,,,,,,,,,,,,,,,94.143400,,457.628388,DRCT,5,13.000000,,,,12594.000000,6360.000000,6233.000000,415645.000000,372.000000,80.000000,,,25188,0.397014,378.639200,154.106600,5327458.000000,532.745800,0.794092,21851.791250,,,,,,,,3082.132000,1893.196000,1097.920107,941434.000000,0.000000,0.896975
10000,96,prefix80,prefixed,scenario_label=prefix80,0.000000,True,True,formal_extended_baseline_screen,234351616,4242128927,21792491.250000,1536788.000000,3786457.000000,37677,10944995.478125,4966.804500,10949962.282625,10000,10000,2560,12558,,,,,,,,,,,,,,,,,,,,94.147800,,458.873650,DRCT,6,13.000000,,,,12559.000000,6276.000000,6282.000000,495849.000000,354.000000,80.000000,,,25118,0.398121,378.645700,153.678800,5323245.000000,532.324500,0.796305,21792.491250,,,,,,,,3073.576000,1893.228500,1094.996228,941478.000000,0.000000,0.898081
10000,96,prefix80,prefixed,scenario_label=prefix80,0.000000,True,True,formal_extended_baseline_screen,2635025427,377810292,21714553.750000,1531168.000000,3785942.000000,37542,10918526.077250,4955.307000,10923481.384250,10000,10000,2515,12513,,,,,,,,,,,,,,,,,,,,94.132500,,460.520631,DRCT,7,13.000000,,,,12514.000000,6234.000000,6279.000000,466062.000000,353.000000,80.000000,,,25028,0.399553,378.594200,153.116800,5317110.000000,531.711000,0.799169,21714.553750,,,,,,,,3062.336000,1892.971000,1092.348138,941325.000000,0.000000,0.899513
10000,96,prefix80,prefixed,scenario_label=prefix80,0.000000,True,True,formal_extended_baseline_screen,3619142060,1273491902,21828835.000000,1539460.000000,3786692.000000,37737,10953077.916125,4972.266000,10958050.182125,10000,10000,2580,12578,,,,,,,,,,,,,,,,,,,,94.149000,,458.109652,DRCT,8,13.000000,,,,12579.000000,6235.000000,6343.000000,545922.000000,403.000000,80.000000,,,25158,0.397488,378.669200,153.946000,5326152.000000,532.615200,0.795039,21828.835000,,,,,,,,3078.920000,1893.346000,1095.805018,941490.000000,0.000000,0.897448
10000,96,prefix80,prefixed,scenario_label=prefix80,0.000000,True,True,formal_extended_baseline_screen,3771146367,3508005392,21819091.250000,1538722.000000,3786689.000000,37722,10939515.946375,4970.788500,10944486.734875,10000,10000,2575,12573,,,,,,,,,,,,,,,,,,,,94.154400,,458.314230,DRCT,9,14.000000,,,,12574.000000,6192.000000,6381.000000,405821.000000,370.000000,80.000000,,,25148,0.397646,378.668900,153.872200,5325411.000000,532.541100,0.795355,21819.091250,,,,,,,,3077.444000,1893.344500,1094.448673,941544.000000,0.000000,0.897606
10000,96,prefix80,prefixed,scenario_label=prefix80,0.000000,True,True,formal_extended_baseline_screen,1420417677,2231129036,21822338.750000,1538963.000000,3786212.000000,37731,10926159.561250,4971.032000,10931130.593250,10000,10000,2578,12576,,,,,,,,,,,,,,,,,,,,94.138200,,458.246026,DRCT,10,13.000000,,,,12577.000000,6268.000000,6308.000000,485613.000000,376.000000,80.000000,,,25154,0.397551,378.621200,153.896300,5325175.000000,532.517500,0.795165,21822.338750,,,,,,,,3077.926000,1893.106000,1093.113059,941382.000000,0.000000,0.897511
10000,96,prefix80,prefixed,scenario_label=prefix80,0.000000,True,True,formal_extended_baseline_screen,4029019098,141208552,21857207.500000,1541470.000000,3786388.000000,37791,11009507.163125,4976.134000,11014483.297125,10000,10000,2598,12596,,,,,,,,,,,,,,,,,,,,94.143300,,457.514987,DRCT,11,13.000000,,,,12597.000000,6283.000000,6313.000000,485811.000000,378.000000,80.000000,,,25194,0.396920,378.638800,154.147000,5327858.000000,532.785800,0.793903,21857.207500,,,,,,,,3082.940000,1893.194000,1101.448330,941433.000000,0.000000,0.896880
10000,96,prefix80,prefixed,scenario_label=prefix80,0.000000,True,True,formal_extended_baseline_screen,4132968395,1426523381,21800260.000000,1537393.000000,3786550.000000,37692,10941498.796125,4968.061000,10946466.857125,10000,10000,2565,12563,,,,,,,,,,,,,,,,,,,,94.145900,,458.710125,DRCT,12,14.000000,,,,12564.000000,6266.000000,6297.000000,385866.000000,397.000000,80.000000,,,25128,0.397962,378.655000,153.739300,5323943.000000,532.394300,0.795988,21800.260000,,,,,,,,3074.786000,1893.275000,1094.646686,941459.000000,0.000000,0.897923
10000,96,prefix80,prefixed,scenario_label=prefix80,0.000000,True,True,formal_extended_baseline_screen,3503816222,3175705118,21731566.250000,1532407.000000,3785817.000000,37572,10868528.542125,4957.722500,10873486.264625,10000,10000,2525,12523,,,,,,,,,,,,,,,,,,,,94.128700,,460.160114,DRCT,13,13.000000,,,,12524.000000,6274.000000,6249.000000,415665.000000,356.000000,80.000000,,,25048,0.399233,378.581700,153.240700,5318224.000000,531.822400,0.798531,21731.566250,,,,,,,,3064.814000,1892.908500,1087.348626,941287.000000,0.000000,0.899194
10000,96,prefix80,prefixed,scenario_label=prefix80,0.000000,True,True,formal_extended_baseline_screen,1479387709,3882945783,21687857.500000,1529278.000000,3785968.000000,37491,10918168.926875,4951.540000,10923120.466875,10000,10000,2498,12496,,,,,,,,,,,,,,,,,,,,94.133900,,461.087500,DRCT,14,14.000000,,,,12497.000000,6266.000000,6230.000000,545383.000000,359.000000,80.000000,,,24994,0.400096,378.596800,152.927800,5315246.000000,531.524600,0.800256,21687.857500,,,,,,,,3058.556000,1892.984000,1092.312047,941339.000000,0.000000,0.900056
10000,96,prefix80,prefixed,scenario_label=prefix80,0.000000,True,True,formal_extended_baseline_screen,3410131684,3189142599,21852047.500000,1541109.000000,3786628.000000,37782,10986678.809500,4975.532000,10991654.341500,10000,10000,2595,12593,,,,,,,,,,,,,,,,,,,,94.151600,,457.623021,DRCT,15,13.000000,,,,12594.000000,6332.000000,6261.000000,415838.000000,380.000000,80.000000,,,25188,0.397014,378.662800,154.110900,5327737.000000,532.773700,0.794092,21852.047500,,,,,,,,3082.218000,1893.314000,1099.165434,941516.000000,0.000000,0.896975
10000,96,prefix80,prefixed,scenario_label=prefix80,0.000000,True,True,formal_extended_baseline_screen,556887839,2615924642,21889945.000000,1543830.000000,3786343.000000,37851,10957783.167125,4980.831500,10962763.998625,10000,10000,2618,12616,,,,,,,,,,,,,,,,,,,,94.144000,,456.830750,DRCT,16,13.000000,,,,12617.000000,6311.000000,6305.000000,435655.000000,371.000000,80.000000,,,25234,0.396291,378.634300,154.383000,5330173.000000,533.017300,0.792644,21889.945000,,,,,,,,3087.660000,1893.171500,1096.276400,941440.000000,0.000000,0.896251
10000,96,prefix80,prefixed,scenario_label=prefix80,0.000000,True,True,formal_extended_baseline_screen,3860214662,3700192245,21807527.500000,1537901.000000,3786209.000000,37704,11002191.921875,4968.906500,11007160.828375,10000,10000,2569,12567,,,,,,,,,,,,,,,,,,,,94.132000,,458.557257,DRCT,17,14.000000,,,,12568.000000,6328.000000,6239.000000,495700.000000,398.000000,80.000000,,,25136,0.397836,378.620900,153.790100,5324110.000000,532.411000,0.795735,21807.527500,,,,,,,,3075.802000,1893.104500,1100.716083,941320.000000,0.000000,0.897796
10000,96,prefix80,prefixed,scenario_label=prefix80,0.000000,True,True,formal_extended_baseline_screen,3973543592,4168017333,21860897.500000,1541717.000000,3786463.000000,37797,10931886.275375,4976.665500,10936862.940875,10000,10000,2600,12598,,,,,,,,,,,,,,,,,,,,94.149700,,457.437761,DRCT,18,13.000000,,,,12599.000000,6292.000000,6306.000000,455679.000000,356.000000,80.000000,,,25198,0.396857,378.646300,154.171700,5328180.000000,532.818000,0.793777,21860.897500,,,,,,,,3083.434000,1893.231500,1093.686294,941497.000000,0.000000,0.896817
10000,96,prefix80,prefixed,scenario_label=prefix80,0.000000,True,True,formal_extended_baseline_screen,1163800006,3279907672,21901308.750000,1544659.000000,3786666.000000,37869,11041230.299000,4982.651000,11046212.950000,10000,10000,2624,12622,,,,,,,,,,,,,,,,,,,,94.154600,,456.593718,DRCT,19,13.000000,,,,12623.000000,6300.000000,6322.000000,445662.000000,377.000000,80.000000,,,25246,0.396102,378.666600,154.465900,5331325.000000,533.132500,0.792267,21901.308750,,,,,,,,3089.318000,1893.333000,1104.621295,941546.000000,0.000000,0.896063
10000,96,prefix80,prefixed,scenario_label=prefix80,0.000000,True,True,formal_extended_baseline_screen,1969154653,1836723810,21785373.750000,1536299.000000,3786469.000000,37665,10950692.133750,4965.832500,10955657.966250,10000,10000,2556,12554,,,,,,,,,,,,,,,,,,,,94.142900,,459.023569,DRCT,20,14.000000,,,,12555.000000,6223.000000,6331.000000,465976.000000,390.000000,80.000000,,,25110,0.398248,378.646900,153.629900,5322768.000000,532.276800,0.796559,21785.373750,,,,,,,,3072.598000,1893.234500,1095.565797,941429.000000,0.000000,0.898208
10000,96,prefix80,prefixed,scenario_label=prefix80,0.000000,True,True,formal_extended_baseline_screen,3818182820,175753880,21873782.500000,1542641.000000,3786430.000000,37821,11009630.623875,4978.497000,11014609.120875,10000,10000,2608,12606,,,,,,,,,,,,,,,,,,,,94.144900,,457.168302,DRCT,21,13.000000,,,,12607.000000,6297.000000,6309.000000,505528.000000,365.000000,80.000000,,,25214,0.396605,378.643000,154.264100,5329071.000000,532.907100,0.793273,21873.782500,,,,,,,,3085.282000,1893.215000,1101.460912,941449.000000,0.000000,0.896565
10000,96,prefix80,prefixed,scenario_label=prefix80,0.000000,True,True,formal_extended_baseline_screen,647152320,4293904624,21809391.250000,1538012.000000,3786251.000000,37707,10940266.362125,4969.149500,10945235.511625,10000,10000,2570,12568,,,,,,,,,,,,,,,,,,,,94.145800,,458.518071,DRCT,22,13.000000,,,,12569.000000,6342.000000,6226.000000,375765.000000,345.000000,80.000000,,,25138,0.397804,378.625100,153.801200,5324263.000000,532.426300,0.795672,21809.391250,,,,,,,,3076.024000,1893.125500,1094.523551,941458.000000,0.000000,0.897764
10000,96,prefix80,prefixed,scenario_label=prefix80,0.000000,True,True,formal_extended_baseline_screen,2468324303,915310336,21921110.000000,1546104.000000,3786924.000000,37902,10996083.104500,4985.670000,11001068.774500,10000,10000,2635,12633,,,,,,,,,,,,,,,,,,,,94.156200,,456.181279,DRCT,23,13.000000,,,,12634.000000,6295.000000,6338.000000,385806.000000,407.000000,80.000000,,,25268,0.395757,378.692400,154.610400,5333028.000000,533.302800,0.791578,21921.110000,,,,,,,,3092.208000,1893.462000,1100.106877,941562.000000,0.000000,0.895718
10000,96,prefix80,prefixed,scenario_label=prefix80,0.000000,True,True,formal_extended_baseline_screen,4263242191,1068348038,22052901.250000,1555572.000000,3787105.000000,38136,11081477.517875,5004.696500,11086482.214375,10000,10000,2713,12711,,,,,,,,,,,,,,,,,,,,94.173300,,453.455075,DRCT,24,13.000000,,,,12712.000000,6320.000000,6391.000000,385906.000000,360.000000,80.000000,,,25424,0.393329,378.710500,155.557200,5342677.000000,534.267700,0.786720,22052.901250,,,,,,,,3111.144000,1893.552500,1108.648221,941733.000000,0.000000,0.893290
10000,96,prefix80,prefixed,scenario_label=prefix80,0.000000,True,True,formal_extended_baseline_screen,2677772902,4221135444,21682697.500000,1528923.000000,3786125.000000,37482,10867999.604250,4950.908500,10872950.512750,10000,10000,2495,12493,,,,,,,,,,,,,,,,,,,,94.133700,,461.197229,DRCT,25,13.000000,,,,12494.000000,6269.000000,6224.000000,525692.000000,385.000000,80.000000,,,24988,0.400192,378.612500,152.892300,5315048.000000,531.504800,0.800448,21682.697500,,,,,,,,3057.846000,1893.062500,1087.295051,941337.000000,0.000000,0.900152
10000,96,prefix80,prefixed,scenario_label=prefix80,0.000000,True,True,formal_extended_baseline_screen,229837212,1607929666,21898457.500000,1544447.000000,3786145.000000,37866,11022509.345125,4981.966500,11027491.311625,10000,10000,2623,12621,,,,,,,,,,,,,,,,,,,,94.145400,,456.653168,DRCT,26,13.000000,,,,12622.000000,6348.000000,6273.000000,455696.000000,345.000000,80.000000,,,25244,0.396134,378.614500,154.444700,5330592.000000,533.059200,0.792330,21898.457500,,,,,,,,3088.894000,1893.072500,1102.749131,941454.000000,0.000000,0.896094
10000,96,prefix80,prefixed,scenario_label=prefix80,0.000000,True,True,formal_extended_baseline_screen,2830123666,2491754535,21663458.750000,1527505.000000,3785717.000000,37449,10906652.161125,4947.868500,10911600.029625,10000,10000,2484,12482,,,,,,,,,,,,,,,,,,,,94.123600,,461.606806,DRCT,27,13.000000,,,,12483.000000,6231.000000,6251.000000,465873.000000,360.000000,80.000000,,,24966,0.400545,378.571700,152.750500,5313222.000000,531.322200,0.801154,21663.458750,,,,,,,,3055.010000,1892.858500,1091.160003,941236.000000,0.000000,0.900505
10000,96,prefix80,prefixed,scenario_label=prefix80,0.000000,True,True,formal_extended_baseline_screen,2205676394,1711929344,21860772.500000,1541752.000000,3786476.000000,37797,10975914.162000,4976.742000,10980890.904000,10000,10000,2600,12598,,,,,,,,,,,,,,,,,,,,94.144500,,457.440376,DRCT,28,13.000000,,,,12599.000000,6262.000000,6336.000000,495860.000000,397.000000,80.000000,,,25198,0.396857,378.647600,154.175200,5328228.000000,532.822800,0.793777,21860.772500,,,,,,,,3083.504000,1893.238000,1098.089090,941445.000000,0.000000,0.896817
10000,96,prefix80,prefixed,scenario_label=prefix80,0.000000,True,True,formal_extended_baseline_screen,1229335753,1004320563,21713271.250000,1531085.000000,3785595.000000,37539,10917122.143375,4954.967500,10922077.110875,10000,10000,2514,12512,,,,,,,,,,,,,,,,,,,,94.123300,,460.547832,DRCT,29,13.000000,,,,12513.000000,6267.000000,6245.000000,515444.000000,343.000000,80.000000,,,25026,0.399584,378.559500,153.108500,5316680.000000,531.668000,0.799233,21713.271250,,,,,,,,3062.170000,1892.797500,1092.207711,941233.000000,0.000000,0.899544
10000,96,prefix80,prefixed,scenario_label=prefix80,0.000000,True,True,formal_extended_baseline_screen,511059701,3602922389,21745070.000000,1533398.000000,3785939.000000,37596,10933322.029250,4959.765500,10938281.794750,10000,10000,2533,12531,,,,,,,,,,,,,,,,,,,,94.130400,,459.874353,DRCT,30,14.000000,,,,12532.000000,6237.000000,6294.000000,495451.000000,377.000000,80.000000,,,25064,0.398979,378.593900,153.339800,5319337.000000,531.933700,0.798021,21745.070000,,,,,,,,3066.796000,1892.969500,1093.828179,941304.000000,0.000000,0.898939
10000,96,prefix80,prefixed,scenario_label=prefix80,0.000000,True,True,formal_extended_baseline_screen,2404369372,4269561771,21838537.500000,1540112.000000,3786435.000000,37758,10980919.090125,4973.441500,10985892.531625,10000,10000,2587,12585,,,,,,,,,,,,,,,,,,,,94.143500,,457.906121,DRCT,31,13.000000,,,,12586.000000,6280.000000,6305.000000,475539.000000,376.000000,80.000000,,,25172,0.397267,378.643500,154.011200,5326547.000000,532.654700,0.794597,21838.537500,,,,,,,,3080.224000,1893.217500,1098.589253,941435.000000,0.000000,0.897227
10000,96,prefix80,prefixed,scenario_label=prefix80,0.000000,True,True,formal_extended_baseline_screen,3552680233,562515502,21947386.250000,1547980.000000,3786785.000000,37950,11054137.481250,4989.352500,11059126.833750,10000,10000,2651,12649,,,,,,,,,,,,,,,,,,,,94.156400,,455.635121,DRCT,32,14.000000,,,,12650.000000,6281.000000,6368.000000,416109.000000,384.000000,80.000000,,,25300,0.395257,378.678500,154.798000,5334765.000000,533.476500,0.790576,21947.386250,,,,,,,,3095.960000,1893.392500,1105.912683,941564.000000,0.000000,0.895217
10000,96,prefix80,prefixed,scenario_label=prefix80,0.000000,True,True,formal_extended_baseline_screen,4264852947,1008584048,21786792.500000,1536415.000000,3786498.000000,37665,10944856.635500,4966.079000,10949822.714500,10000,10000,2556,12554,,,,,,,,,,,,,,,,,,,,94.143300,,458.993677,DRCT,33,15.000000,,,,12555.000000,6356.000000,6198.000000,475332.000000,395.000000,80.000000,,,25110,0.398248,378.649800,153.641500,5322913.000000,532.291300,0.796559,21786.792500,,,,,,,,3072.830000,1893.249000,1094.982271,941433.000000,0.000000,0.898208
10000,96,prefix80,prefixed,scenario_label=prefix80,0.000000,True,True,formal_extended_baseline_screen,1538798478,3161840309,21767705.000000,1535013.000000,3785771.000000,37635,10952349.344750,4962.911500,10957312.256250,10000,10000,2546,12544,,,,,,,,,,,,,,,,,,,,94.130000,,459.396156,DRCT,34,12.000000,,,,12545.000000,6267.000000,6277.000000,515587.000000,345.000000,80.000000,,,25090,0.398565,378.577100,153.501300,5320784.000000,532.078400,0.797194,21767.705000,,,,,,,,3070.026000,1892.885500,1095.731226,941300.000000,0.000000,0.898525
10000,96,prefix80,prefixed,scenario_label=prefix80,0.000000,True,True,formal_extended_baseline_screen,2800648159,2181832499,21738552.500000,1532888.000000,3785575.000000,37584,10925889.778125,4958.563500,10930848.341625,10000,10000,2529,12527,,,,,,,,,,,,,,,,,,,,94.124600,,460.012229,DRCT,35,13.000000,,,,12528.000000,6236.000000,6291.000000,445581.000000,332.000000,80.000000,,,25056,0.399106,378.557500,153.288800,5318463.000000,531.846300,0.798276,21738.552500,,,,,,,,3065.776000,1892.787500,1093.084834,941246.000000,0.000000,0.899066
10000,96,prefix80,prefixed,scenario_label=prefix80,0.000000,True,True,formal_extended_baseline_screen,2487161622,4211425058,21844316.250000,1540540.000000,3786507.000000,37767,10964834.751875,4974.333500,10969809.085375,10000,10000,2590,12588,,,,,,,,,,,,,,,,,,,,94.146300,,457.784986,DRCT,36,12.000000,,,,12589.000000,6269.000000,6319.000000,555592.000000,379.000000,80.000000,,,25178,0.397172,378.650700,154.054000,5327047.000000,532.704700,0.794407,21844.316250,,,,,,,,3081.080000,1893.253500,1096.980909,941463.000000,0.000000,0.897132
10000,96,prefix80,prefixed,scenario_label=prefix80,0.000000,True,True,formal_extended_baseline_screen,707353532,1636801688,21732391.250000,1532498.000000,3786049.000000,37572,10867854.461750,4958.020500,10872812.482250,10000,10000,2525,12523,,,,,,,,,,,,,,,,,,,,94.131000,,460.142645,DRCT,37,13.000000,,,,12524.000000,6296.000000,6227.000000,385361.000000,387.000000,80.000000,,,25048,0.399233,378.604900,153.249800,5318547.000000,531.854700,0.798531,21732.391250,,,,,,,,3064.996000,1893.024500,1087.281248,941310.000000,0.000000,0.899194
10000,96,prefix80,prefixed,scenario_label=prefix80,0.000000,True,True,formal_extended_baseline_screen,3472369517,2126377496,21825772.500000,1539222.000000,3786427.000000,37737,10921308.755750,4971.657500,10926280.413250,10000,10000,2580,12578,,,,,,,,,,,,,,,,,,,,94.143000,,458.173932,DRCT,38,13.000000,,,,12579.000000,6236.000000,6342.000000,415754.000000,393.000000,80.000000,,,25158,0.397488,378.642700,153.922200,5325649.000000,532.564900,0.795039,21825.772500,,,,,,,,3078.444000,1893.213500,1092.628041,941430.000000,0.000000,0.897448
10000,96,prefix80,prefixed,scenario_label=prefix80,0.000000,True,True,formal_extended_baseline_screen,1243192488,3601443899,21790252.500000,1536636.000000,3786066.000000,37674,10937195.866125,4966.305000,10942162.171125,10000,10000,2559,12557,,,,,,,,,,,,,,,,,,,,94.132200,,458.920795,DRCT,39,13.000000,,,,12558.000000,6309.000000,6248.000000,415741.000000,376.000000,80.000000,,,25116,0.398153,378.606600,153.663600,5322702.000000,532.270200,0.796369,21790.252500,,,,,,,,3073.272000,1893.033000,1094.216217,941322.000000,0.000000,0.898113
10000,96,prefix80,prefixed,scenario_label=prefix80,0.000000,True,True,formal_extended_baseline_screen,1445782178,2206413154,21778462.500000,1535821.000000,3786142.000000,37653,10945922.387125,4964.713000,10950887.100125,10000,10000,2552,12550,,,,,,,,,,,,,,,,,,,,94.131500,,459.169237,DRCT,40,13.000000,,,,12551.000000,6258.000000,6292.000000,485777.000000,401.000000,80.000000,,,25102,0.398375,378.614200,153.582100,5321963.000000,532.196300,0.796813,21778.462500,,,,,,,,3071.642000,1893.071000,1095.088710,941315.000000,0.000000,0.898335
10000,96,prefix80,prefixed,scenario_label=prefix80,0.000000,True,True,formal_extended_baseline_screen,3727899068,1662408953,21752912.500000,1533945.000000,3786116.000000,37608,10902979.393125,4960.948000,10907940.341125,10000,10000,2537,12535,,,,,,,,,,,,,,,,,,,,94.139600,,459.708556,DRCT,41,13.000000,,,,12536.000000,6273.000000,6262.000000,465504.000000,349.000000,80.000000,,,25072,0.398851,378.611600,153.394500,5320061.000000,532.006100,0.797766,21752.912500,,,,,,,,3067.890000,1893.058000,1090.794034,941396.000000,0.000000,0.898811
10000,96,prefix80,prefixed,scenario_label=prefix80,0.000000,True,True,formal_extended_baseline_screen,3090696183,884887933,21820292.500000,1538829.000000,3786420.000000,37725,10962795.667125,4970.868000,10967766.535125,10000,10000,2576,12574,,,,,,,,,,,,,,,,,,,,94.147100,,458.288999,DRCT,42,13.000000,,,,12575.000000,6300.000000,6274.000000,485734.000000,374.000000,80.000000,,,25150,0.397614,378.642000,153.882900,5325249.000000,532.524900,0.795292,21820.292500,,,,,,,,3077.658000,1893.210000,1096.776654,941471.000000,0.000000,0.897575
10000,96,prefix80,prefixed,scenario_label=prefix80,0.000000,True,True,formal_extended_baseline_screen,1513479548,2983523089,21722296.250000,1531762.000000,3785916.000000,37554,10905698.095500,4956.482000,10910654.577500,10000,10000,2519,12517,,,,,,,,,,,,,,,,,,,,94.131900,,460.356487,DRCT,43,12.000000,,,,12518.000000,6281.000000,6236.000000,495342.000000,366.000000,80.000000,,,25036,0.399425,378.591600,153.176200,5317678.000000,531.767800,0.798913,21722.296250,,,,,,,,3063.524000,1892.958000,1091.065458,941319.000000,0.000000,0.899385
10000,96,prefix80,prefixed,scenario_label=prefix80,0.000000,True,True,formal_extended_baseline_screen,2316918874,2622461510,21739001.250000,1532982.000000,3786472.000000,37581,10874748.755875,4959.200000,10879707.955875,10000,10000,2528,12526,,,,,,,,,,,,,,,,,,,,94.142800,,460.002734,DRCT,44,13.000000,,,,12527.000000,6224.000000,6302.000000,445671.000000,397.000000,80.000000,,,25054,0.399138,378.647200,153.298200,5319454.000000,531.945400,0.798339,21739.001250,,,,,,,,3065.964000,1893.236000,1087.970796,941428.000000,0.000000,0.899098
10000,96,prefix80,prefixed,scenario_label=prefix80,0.000000,True,True,formal_extended_baseline_screen,2573149326,29574427,21799985.000000,1537341.000000,3786114.000000,37692,10977567.603375,4967.739000,10982535.342375,10000,10000,2565,12563,,,,,,,,,,,,,,,,,,,,94.134800,,458.715912,DRCT,45,13.000000,,,,12564.000000,6309.000000,6254.000000,475449.000000,375.000000,80.000000,,,25128,0.397962,378.611400,153.734100,5323455.000000,532.345500,0.795988,21799.985000,,,,,,,,3074.682000,1893.057000,1098.253534,941348.000000,0.000000,0.897923
10000,96,prefix80,prefixed,scenario_label=prefix80,0.000000,True,True,formal_extended_baseline_screen,2069287118,950020277,21775228.750000,1535558.000000,3786165.000000,37647,10936101.219625,4964.198500,10941065.418125,10000,10000,2550,12548,,,,,,,,,,,,,,,,,,,,94.134200,,459.237426,DRCT,46,13.000000,,,,12549.000000,6248.000000,6300.000000,525615.000000,384.000000,80.000000,,,25098,0.398438,378.616500,153.555800,5321723.000000,532.172300,0.796940,21775.228750,,,,,,,,3071.116000,1893.082500,1094.106542,941342.000000,0.000000,0.898398
10000,96,prefix80,prefixed,scenario_label=prefix80,0.000000,True,True,formal_extended_baseline_screen,1998039315,3441166136,21757208.750000,1534280.000000,3786160.000000,37614,10910711.990250,4961.640000,10915673.630250,10000,10000,2539,12537,,,,,,,,,,,,,,,,,,,,94.135800,,459.617781,DRCT,47,13.000000,,,,12538.000000,6279.000000,6258.000000,505766.000000,381.000000,80.000000,,,25076,0.398788,378.616000,153.428000,5320440.000000,532.044000,0.797639,21757.208750,,,,,,,,3068.560000,1893.080000,1091.567363,941358.000000,0.000000,0.898748
10000,96,prefix80,prefixed,scenario_label=prefix80,0.000000,True,True,formal_extended_baseline_screen,3566718053,3099712011,21777016.250000,1535701.000000,3786398.000000,37647,10920575.348125,4964.601000,10925539.949125,10000,10000,2550,12548,,,,,,,,,,,,,,,,,,,,94.143500,,459.199731,DRCT,48,13.000000,,,,12549.000000,6235.000000,6313.000000,505670.000000,372.000000,80.000000,,,25098,0.398438,378.639800,153.570100,5322099.000000,532.209900,0.796940,21777.016250,,,,,,,,3071.402000,1893.199000,1092.553995,941435.000000,0.000000,0.898398
10000,96,prefix80,prefixed,scenario_label=prefix80,0.000000,True,True,formal_extended_baseline_screen,2799794232,194125874,21803993.750000,1537623.000000,3786121.000000,37698,10968625.276750,4968.306500,10973593.583250,10000,10000,2567,12565,,,,,,,,,,,,,,,,,,,,94.139700,,458.631575,DRCT,49,14.000000,,,,12566.000000,6327.000000,6238.000000,476008.000000,349.000000,80.000000,,,25132,0.397899,378.612100,153.762300,5323744.000000,532.374400,0.795862,21803.993750,,,,,,,,3075.246000,1893.060500,1097.359358,941397.000000,0.000000,0.897859
10000,96,clustered,clustered,scenario_label=clustered,0.000000,True,True,formal_extended_baseline_screen,2095316255,774851136,22967886.250000,1514650.000000,3246792.000000,44310,11536229.815500,4652.696000,11540882.511500,10000,10000,4771,14769,,,,,,,,,,,,,,,,,,,,75.587100,,435.390523,DRCT,0,13.000000,,,,14770.000000,7409.000000,7360.000000,362671.000000,454.000000,,8.000000,64.000000,29540,0.338524,324.679200,151.465000,4761442.000000,476.144200,0.677094,22967.886250,,,,,,,,3029.300000,1623.396000,1154.088251,755871.000000,0.000000,0.838490
10000,96,clustered,clustered,scenario_label=clustered,0.000000,True,True,formal_extended_baseline_screen,1179273823,2919399967,23366711.250000,1542617.000000,3250693.000000,45135,11670431.640250,4710.580500,11675142.220750,10000,10000,5046,15044,,,,,,,,,,,,,,,,,,,,75.638600,,427.959241,DRCT,1,13.000000,,,,15045.000000,7597.000000,7447.000000,359515.000000,503.000000,,8.000000,64.000000,30090,0.332336,325.069300,154.261700,4793310.000000,479.331000,0.664717,23366.711250,,,,,,,,3085.234000,1625.346500,1167.514222,756386.000000,0.000000,0.832303
10000,96,clustered,clustered,scenario_label=clustered,0.000000,True,True,formal_extended_baseline_screen,2073761602,1787670610,23043523.750000,1520079.000000,3247929.000000,44430,11521111.878500,4664.122500,11525776.001000,10000,10000,4811,14809,,,,,,,,,,,,,,,,,,,,75.597200,,433.961407,DRCT,2,13.000000,,,,14810.000000,7383.000000,7426.000000,379442.000000,472.000000,,8.000000,64.000000,29620,0.337610,324.792900,152.007900,4768008.000000,476.800800,0.675265,23043.523750,,,,,,,,3040.158000,1623.964500,1152.577600,755972.000000,0.000000,0.837576
10000,96,clustered,clustered,scenario_label=clustered,0.000000,True,True,formal_extended_baseline_screen,787561323,1341900131,23268840.000000,1535725.000000,3249169.000000,44979,11642335.637250,4696.034500,11647031.671750,10000,10000,4994,14992,,,,,,,,,,,,,,,,,,,,75.632900,,429.759283,DRCT,3,12.000000,,,,14993.000000,7523.000000,7469.000000,353286.000000,478.000000,,8.000000,64.000000,29986,0.333489,324.916900,153.572500,4784894.000000,478.489400,0.667022,23268.840000,,,,,,,,3071.450000,1624.584500,1164.703167,756329.000000,0.000000,0.833456
10000,96,clustered,clustered,scenario_label=clustered,0.000000,True,True,formal_extended_baseline_screen,688500632,3296506798,23348200.000000,1541685.000000,3250307.000000,45033,11750081.748750,4708.523500,11754790.272250,10000,10000,5012,15010,,,,,,,,,,,,,,,,,,,,75.638900,,428.298541,DRCT,4,13.000000,,,,15011.000000,7491.000000,7519.000000,383144.000000,502.000000,,8.000000,64.000000,30022,0.333089,325.030700,154.168500,4791992.000000,479.199200,0.666223,23348.200000,,,,,,,,3083.370000,1625.153500,1175.479027,756389.000000,0.000000,0.833056
10000,96,clustered,clustered,scenario_label=clustered,0.000000,True,True,formal_extended_baseline_screen,3399855602,3325742848,23183881.250000,1530155.000000,3248158.000000,44733,11498330.997250,4684.389000,11503015.386250,10000,10000,4912,14910,,,,,,,,,,,,,,,,,,,,75.622500,,431.334162,DRCT,5,13.000000,,,,14911.000000,7484.000000,7426.000000,375626.000000,459.000000,,8.000000,64.000000,29822,0.335323,324.815800,153.015500,4778313.000000,477.831300,0.670691,23183.881250,,,,,,,,3060.310000,1624.079000,1150.301539,756225.000000,0.000000,0.835289
10000,96,clustered,clustered,scenario_label=clustered,0.000000,True,True,formal_extended_baseline_screen,1672192143,3877732315,23225633.750000,1533486.000000,3247135.000000,44844,11609204.059250,4690.539500,11613894.598750,10000,10000,4949,14947,,,,,,,,,,,,,,,,,,,,75.649600,,430.558757,DRCT,6,12.000000,,,,14948.000000,7458.000000,7489.000000,364432.000000,419.000000,,8.000000,64.000000,29896,0.334493,324.713500,153.348600,4780621.000000,478.062100,0.669031,23225.633750,,,,,,,,3066.972000,1623.567500,1161.389460,756496.000000,0.000000,0.834459
10000,96,clustered,clustered,scenario_label=clustered,0.000000,True,True,formal_extended_baseline_screen,1710578268,3806985753,23396477.500000,1545444.000000,3249684.000000,45129,11740160.916250,4715.730000,11744876.646250,10000,10000,5044,15042,,,,,,,,,,,,,,,,,,,,75.656400,,427.414768,DRCT,7,14.000000,,,,15043.000000,7475.000000,7567.000000,408413.000000,478.000000,,8.000000,64.000000,30086,0.332381,324.968400,154.544400,4795128.000000,479.512800,0.664805,23396.477500,,,,,,,,3090.888000,1624.842000,1174.487665,756564.000000,0.000000,0.832347
10000,96,clustered,clustered,scenario_label=clustered,0.000000,True,True,formal_extended_baseline_screen,3961209957,429756995,23105200.000000,1524599.000000,3247355.000000,44568,11631945.350000,4672.875500,11636618.225500,10000,10000,4857,14855,,,,,,,,,,,,,,,,,,,,75.609100,,432.803005,DRCT,8,14.000000,,,,14856.000000,7456.000000,7399.000000,368278.000000,453.000000,,8.000000,64.000000,29712,0.336564,324.735500,152.459900,4771954.000000,477.195400,0.673174,23105.200000,,,,,,,,3049.198000,1623.677500,1163.661823,756091.000000,0.000000,0.836531
10000,96,clustered,clustered,scenario_label=clustered,0.000000,True,True,formal_extended_baseline_screen,346261855,2290997472,23156502.500000,1528338.000000,3246904.000000,44709,11498979.096500,4680.128000,11503659.224500,10000,10000,4904,14902,,,,,,,,,,,,,,,,,,,,75.624100,,431.844144,DRCT,9,14.000000,,,,14903.000000,7436.000000,7466.000000,373378.000000,429.000000,,8.000000,64.000000,29806,0.335503,324.690400,152.833800,4775242.000000,477.524200,0.671051,23156.502500,,,,,,,,3056.676000,1623.452000,1150.365922,756241.000000,0.000000,0.835469
10000,96,clustered,clustered,scenario_label=clustered,0.000000,True,True,formal_extended_baseline_screen,4285535701,2446665988,23149187.500000,1527497.000000,3247800.000000,44703,11619897.371875,4678.894000,11624576.265875,10000,10000,4902,14900,,,,,,,,,,,,,,,,,,,,75.617300,,431.980604,DRCT,10,14.000000,,,,14901.000000,7441.000000,7459.000000,364657.000000,462.000000,,8.000000,64.000000,29802,0.335548,324.780000,152.749700,4775297.000000,477.529700,0.671141,23149.187500,,,,,,,,3054.994000,1623.900000,1162.457627,756173.000000,0.000000,0.835514
10000,96,clustered,clustered,scenario_label=clustered,0.000000,True,True,formal_extended_baseline_screen,2138647285,3861161680,23050328.750000,1520592.000000,3246147.000000,44502,11599925.518500,4664.257500,11604589.776000,10000,10000,4835,14833,,,,,,,,,,,,,,,,,,,,75.593700,,433.833292,DRCT,11,14.000000,,,,14834.000000,7376.000000,7457.000000,386781.000000,432.000000,,8.000000,64.000000,29668,0.337064,324.614700,152.059200,4766739.000000,476.673900,0.674172,23050.328750,,,,,,,,3041.184000,1623.073500,1160.458978,755937.000000,0.000000,0.837030
10000,96,clustered,clustered,scenario_label=clustered,0.000000,True,True,formal_extended_baseline_screen,4135791258,442755830,23377870.000000,1543678.000000,3250324.000000,45156,11644018.738875,4712.518000,11648731.256875,10000,10000,5053,15051,,,,,,,,,,,,,,,,,,,,75.654000,,427.754967,DRCT,12,13.000000,,,,15052.000000,7585.000000,7466.000000,368306.000000,490.000000,,8.000000,64.000000,30104,0.332182,325.032400,154.367800,4794002.000000,479.400200,0.664408,23377.870000,,,,,,,,3087.356000,1625.162000,1164.873126,756540.000000,0.000000,0.832149
10000,96,clustered,clustered,scenario_label=clustered,0.000000,True,True,formal_extended_baseline_screen,2264469608,179949806,23166053.750000,1528671.000000,3247948.000000,44742,11546750.829750,4681.316000,11551432.145750,10000,10000,4915,14913,,,,,,,,,,,,,,,,,,,,75.616400,,431.666097,DRCT,13,13.000000,,,,14914.000000,7521.000000,7392.000000,351770.000000,458.000000,,8.000000,64.000000,29828,0.335255,324.794800,152.867100,4776619.000000,477.661900,0.670556,23166.053750,,,,,,,,3057.342000,1623.974000,1155.143215,756164.000000,0.000000,0.835222
10000,96,clustered,clustered,scenario_label=clustered,0.000000,True,True,formal_extended_baseline_screen,1193971010,2528932089,23077273.750000,1522471.000000,3247707.000000,44550,11602769.195750,4668.795500,11607437.991250,10000,10000,4851,14849,,,,,,,,,,,,,,,,,,,,75.616800,,433.326749,DRCT,14,13.000000,,,,14850.000000,7408.000000,7441.000000,353065.000000,453.000000,,8.000000,64.000000,29700,0.336700,324.770700,152.247100,4770178.000000,477.017800,0.673446,23077.273750,,,,,,,,3044.942000,1623.853500,1160.743799,756168.000000,0.000000,0.836667
10000,96,clustered,clustered,scenario_label=clustered,0.000000,True,True,formal_extended_baseline_screen,2719779022,877224779,23137793.750000,1526934.000000,3247383.000000,44643,11603405.769000,4677.559500,11608083.328500,10000,10000,4882,14880,,,,,,,,,,,,,,,,,,,,75.613800,,432.193324,DRCT,15,12.000000,,,,14881.000000,7501.000000,7379.000000,375476.000000,450.000000,,8.000000,64.000000,29762,0.335999,324.738300,152.693400,4774317.000000,477.431700,0.672043,23137.793750,,,,,,,,3053.868000,1623.691500,1160.808333,756138.000000,0.000000,0.835965
10000,96,clustered,clustered,scenario_label=clustered,0.000000,True,True,formal_extended_baseline_screen,2713732995,15352716,23008243.750000,1518102.000000,3245041.000000,44358,11574414.010625,4658.724500,11579072.735125,10000,10000,4787,14785,,,,,,,,,,,,,,,,,,,,75.591300,,434.626828,DRCT,16,12.000000,,,,14786.000000,7393.000000,7392.000000,377731.000000,407.000000,,8.000000,64.000000,29572,0.338158,324.504100,151.810200,4763143.000000,476.314300,0.676361,23008.243750,,,,,,,,3036.204000,1622.520500,1157.907274,755913.000000,0.000000,0.838124
10000,96,clustered,clustered,scenario_label=clustered,0.000000,True,True,formal_extended_baseline_screen,2168941655,3270134286,23109181.250000,1524588.000000,3248095.000000,44598,11544086.664625,4673.223500,11548759.888125,10000,10000,4867,14865,,,,,,,,,,,,,,,,,,,,75.605300,,432.728442,DRCT,17,13.000000,,,,14866.000000,7449.000000,7416.000000,373097.000000,465.000000,,8.000000,64.000000,29732,0.336338,324.809500,152.458800,4772683.000000,477.268300,0.672721,23109.181250,,,,,,,,3049.176000,1624.047500,1154.875989,756053.000000,0.000000,0.836304
10000,96,clustered,clustered,scenario_label=clustered,0.000000,True,True,formal_extended_baseline_screen,3575544916,2057901858,22982866.250000,1515700.000000,3246581.000000,44352,11581103.962125,4654.690500,11585758.652625,10000,10000,4785,14783,,,,,,,,,,,,,,,,,,,,75.586100,,435.106740,DRCT,18,13.000000,,,,14784.000000,7458.000000,7325.000000,367635.000000,449.000000,,8.000000,64.000000,29568,0.338203,324.658100,151.570000,4762281.000000,476.228100,0.676453,22982.866250,,,,,,,,3031.400000,1623.290500,1158.575865,755861.000000,0.000000,0.838170
10000,96,clustered,clustered,scenario_label=clustered,0.000000,True,True,formal_extended_baseline_screen,99158156,896701853,23205276.250000,1531670.000000,3249281.000000,44721,11663507.644875,4687.980500,11668195.625375,10000,10000,4908,14906,,,,,,,,,,,,,,,,,,,,75.621900,,430.936477,DRCT,19,14.000000,,,,14907.000000,7511.000000,7395.000000,386611.000000,491.000000,,8.000000,64.000000,29814,0.335413,324.928100,153.167000,4780951.000000,478.095100,0.670871,23205.276250,,,,,,,,3063.340000,1624.640500,1166.819563,756219.000000,0.000000,0.835379
10000,96,clustered,clustered,scenario_label=clustered,0.000000,True,True,formal_extended_baseline_screen,3278615476,2196289617,23278193.750000,1536707.000000,3249275.000000,44928,11642025.100750,4698.051500,11646723.152250,10000,10000,4977,14975,,,,,,,,,,,,,,,,,,,,75.634300,,429.586595,DRCT,20,13.000000,,,,14976.000000,7521.000000,7454.000000,380478.000000,481.000000,,8.000000,64.000000,29952,0.333868,324.927500,153.670700,4785982.000000,478.598200,0.667780,23278.193750,,,,,,,,3073.414000,1624.637500,1164.672315,756343.000000,0.000000,0.833834
10000,96,clustered,clustered,scenario_label=clustered,0.000000,True,True,formal_extended_baseline_screen,1495572643,3526745281,22951480.000000,1513769.000000,3245449.000000,44265,11555441.077875,4650.262500,11560091.340375,10000,10000,4756,14754,,,,,,,,,,,,,,,,,,,,75.582400,,435.701750,DRCT,21,13.000000,,,,14755.000000,7377.000000,7377.000000,382861.000000,423.000000,,8.000000,64.000000,29510,0.338868,324.544900,151.376900,4759218.000000,475.921800,0.677782,22951.480000,,,,,,,,3027.538000,1622.724500,1156.009134,755824.000000,0.000000,0.838834
10000,96,clustered,clustered,scenario_label=clustered,0.000000,True,True,formal_extended_baseline_screen,2138889899,2745843456,23242448.750000,1534285.000000,3248567.000000,44835,11696182.632250,4692.853500,11700875.485750,10000,10000,4946,14944,,,,,,,,,,,,,,,,,,,,75.622500,,430.247265,DRCT,22,13.000000,,,,14945.000000,7403.000000,7541.000000,363176.000000,474.000000,,8.000000,64.000000,29890,0.334560,324.856700,153.428500,4782852.000000,478.285200,0.669165,23242.448750,,,,,,,,3068.570000,1624.283500,1170.087549,756225.000000,0.000000,0.834527
10000,96,clustered,clustered,scenario_label=clustered,0.000000,True,True,formal_extended_baseline_screen,3200206661,1141836616,22939818.750000,1512844.000000,3246596.000000,44208,11482203.705750,4648.986000,11486852.691750,10000,10000,4737,14735,,,,,,,,,,,,,,,,,,,,75.578800,,435.923235,DRCT,23,14.000000,,,,14736.000000,7314.000000,7421.000000,376573.000000,458.000000,,8.000000,64.000000,29472,0.339305,324.659600,151.284400,4759440.000000,475.944000,0.678656,22939.818750,,,,,,,,3025.688000,1623.298000,1148.685269,755788.000000,0.000000,0.839271
10000,96,clustered,clustered,scenario_label=clustered,0.000000,True,True,formal_extended_baseline_screen,3387768436,3088598205,23048313.750000,1520550.000000,3246933.000000,44481,11588830.869000,4664.566500,11593495.435500,10000,10000,4828,14826,,,,,,,,,,,,,,,,,,,,75.611300,,433.871220,DRCT,24,13.000000,,,,14827.000000,7419.000000,7407.000000,364217.000000,438.000000,,8.000000,64.000000,29654,0.337223,324.693300,152.055000,4767483.000000,476.748300,0.674491,23048.313750,,,,,,,,3041.100000,1623.466500,1159.349544,756113.000000,0.000000,0.837189
10000,96,clustered,clustered,scenario_label=clustered,0.000000,True,True,formal_extended_baseline_screen,4190779514,1161510029,23019353.750000,1518756.000000,3245838.000000,44382,11465462.274000,4660.431000,11470122.705000,10000,10000,4795,14793,,,,,,,,,,,,,,,,,,,,75.596800,,434.417061,DRCT,25,14.000000,,,,14794.000000,7368.000000,7425.000000,404403.000000,425.000000,,8.000000,64.000000,29588,0.337975,324.583800,151.875600,4764594.000000,476.459400,0.675995,23019.353750,,,,,,,,3037.512000,1622.919000,1147.012271,755968.000000,0.000000,0.837941
10000,96,clustered,clustered,scenario_label=clustered,0.000000,True,True,formal_extended_baseline_screen,3925234375,560325940,23203698.750000,1531391.000000,3248577.000000,44835,11673205.376000,4687.070500,11677892.446500,10000,10000,4946,14944,,,,,,,,,,,,,,,,,,,,75.641600,,430.965774,DRCT,26,13.000000,,,,14945.000000,7486.000000,7458.000000,353164.000000,461.000000,,8.000000,64.000000,29890,0.334560,324.857700,153.139100,4779968.000000,477.996800,0.669165,23203.698750,,,,,,,,3062.782000,1624.288500,1167.789245,756416.000000,0.000000,0.834527
10000,96,clustered,clustered,scenario_label=clustered,0.000000,True,True,formal_extended_baseline_screen,3377847691,3975773575,23147951.250000,1527715.000000,3247271.000000,44646,11657003.516000,4679.065500,11661682.581500,10000,10000,4883,14881,,,,,,,,,,,,,,,,,,,,75.611100,,432.003675,DRCT,27,14.000000,,,,14882.000000,7441.000000,7440.000000,376571.000000,450.000000,,8.000000,64.000000,29764,0.335976,324.727100,152.771500,4774986.000000,477.498600,0.671998,23147.951250,,,,,,,,3055.430000,1623.635500,1166.168258,756111.000000,0.000000,0.835943
10000,96,clustered,clustered,scenario_label=clustered,0.000000,True,True,formal_extended_baseline_screen,1883537458,3243731151,23067713.750000,1521716.000000,3247672.000000,44541,11537643.046875,4667.268000,11542310.314875,10000,10000,4848,14846,,,,,,,,,,,,,,,,,,,,75.611800,,433.506333,DRCT,28,13.000000,,,,14847.000000,7435.000000,7411.000000,369332.000000,457.000000,,8.000000,64.000000,29694,0.336768,324.767200,152.171600,4769388.000000,476.938800,0.673582,23067.713750,,,,,,,,3043.432000,1623.836000,1154.231031,756118.000000,0.000000,0.836735
10000,96,clustered,clustered,scenario_label=clustered,0.000000,True,True,formal_extended_baseline_screen,3172725409,584953325,23054258.750000,1520764.000000,3247801.000000,44454,11486392.132750,4665.428500,11491057.561250,10000,10000,4819,14817,,,,,,,,,,,,,,,,,,,,75.591800,,433.759337,DRCT,29,14.000000,,,,14818.000000,7409.000000,7408.000000,380380.000000,473.000000,,8.000000,64.000000,29636,0.337427,324.780100,152.076400,4768565.000000,476.856500,0.674900,23054.258750,,,,,,,,3041.528000,1623.900500,1149.105756,755918.000000,0.000000,0.837394
10000,96,clustered,clustered,scenario_label=clustered,0.000000,True,True,formal_extended_baseline_screen,3855081597,306277116,23051165.000000,1520814.000000,3246618.000000,44469,11611142.399375,4664.937000,11615807.336375,10000,10000,4824,14822,,,,,,,,,,,,,,,,,,,,75.601900,,433.817553,DRCT,30,13.000000,,,,14823.000000,7465.000000,7357.000000,380436.000000,440.000000,,8.000000,64.000000,29646,0.337314,324.661800,152.081400,4767432.000000,476.743200,0.674673,23051.165000,,,,,,,,3041.628000,1623.309000,1161.580734,756019.000000,0.000000,0.837280
10000,96,clustered,clustered,scenario_label=clustered,0.000000,True,True,formal_extended_baseline_screen,1581184839,3109279166,23147753.750000,1527910.000000,3246395.000000,44697,11631622.664625,4679.017500,11636301.682125,10000,10000,4900,14898,,,,,,,,,,,,,,,,,,,,75.633800,,432.007361,DRCT,31,12.000000,,,,14899.000000,7414.000000,7484.000000,370642.000000,411.000000,,8.000000,64.000000,29798,0.335593,324.639500,152.791000,4774305.000000,477.430500,0.671231,23147.753750,,,,,,,,3055.820000,1623.197500,1163.630168,756338.000000,0.000000,0.835559
10000,96,clustered,clustered,scenario_label=clustered,0.000000,True,True,formal_extended_baseline_screen,1120776253,2423145463,23201365.000000,1531356.000000,3248646.000000,44739,11577394.262000,4687.035000,11582081.297000,10000,10000,4914,14912,,,,,,,,,,,,,,,,,,,,75.615900,,431.009124,DRCT,32,12.000000,,,,14913.000000,7413.000000,7499.000000,400500.000000,472.000000,,8.000000,64.000000,29826,0.335278,324.864600,153.135600,4780002.000000,478.000200,0.670601,23201.365000,,,,,,,,3062.712000,1624.323000,1158.208130,756159.000000,0.000000,0.835244
10000,96,clustered,clustered,scenario_label=clustered,0.000000,True,True,formal_extended_baseline_screen,1884500039,2168597267,23346033.750000,1541701.000000,3247973.000000,45099,11708623.976625,4707.388500,11713331.365125,10000,10000,5034,15032,,,,,,,,,,,,,,,,,,,,75.641800,,428.338283,DRCT,33,13.000000,,,,15033.000000,7514.000000,7518.000000,364490.000000,445.000000,,8.000000,64.000000,30066,0.332602,324.797300,154.170100,4789674.000000,478.967400,0.665247,23346.033750,,,,,,,,3083.402000,1623.986500,1171.333137,756418.000000,0.000000,0.832568
10000,96,clustered,clustered,scenario_label=clustered,0.000000,True,True,formal_extended_baseline_screen,2234370540,1516016385,23181963.750000,1530007.000000,3248586.000000,44721,11623809.583625,4684.307000,11628493.890625,10000,10000,4908,14906,,,,,,,,,,,,,,,,,,,,75.627900,,431.369840,DRCT,34,12.000000,,,,14907.000000,7458.000000,7448.000000,379507.000000,470.000000,,8.000000,64.000000,29814,0.335413,324.858600,153.000700,4778593.000000,477.859300,0.670871,23181.963750,,,,,,,,3060.014000,1624.293000,1162.849389,756279.000000,0.000000,0.835379
10000,96,clustered,clustered,scenario_label=clustered,0.000000,True,True,formal_extended_baseline_screen,1745901410,1460938264,23120547.500000,1525565.000000,3249232.000000,44577,11636890.206375,4675.746000,11641565.952375,10000,10000,4860,14858,,,,,,,,,,,,,,,,,,,,75.620300,,432.515709,DRCT,35,13.000000,,,,14859.000000,7471.000000,7387.000000,372907.000000,485.000000,,8.000000,64.000000,29718,0.336496,324.923200,152.556500,4774797.000000,477.479700,0.673038,23120.547500,,,,,,,,3051.130000,1624.616000,1164.156595,756203.000000,0.000000,0.836463
10000,96,clustered,clustered,scenario_label=clustered,0.000000,True,True,formal_extended_baseline_screen,3755104620,3581654987,22893721.250000,1509478.000000,3246838.000000,44124,11407139.466250,4642.375000,11411781.841250,10000,10000,4709,14707,,,,,,,,,,,,,,,,,,,,75.578400,,436.800985,DRCT,36,13.000000,,,,14708.000000,7313.000000,7394.000000,375401.000000,459.000000,,8.000000,64.000000,29416,0.339951,324.683800,150.947800,4756316.000000,475.631600,0.679948,22893.721250,,,,,,,,3018.956000,1623.419000,1141.178184,755784.000000,0.000000,0.839917
10000,96,clustered,clustered,scenario_label=clustered,0.000000,True,True,formal_extended_baseline_screen,1062845759,2672739013,23285583.750000,1537155.000000,3248901.000000,44994,11713783.963500,4698.760500,11718482.724000,10000,10000,4999,14997,,,,,,,,,,,,,,,,,,,,75.640300,,429.450260,DRCT,37,12.000000,,,,14998.000000,7547.000000,7450.000000,358087.000000,467.000000,,8.000000,64.000000,29996,0.333378,324.890100,153.715500,4786056.000000,478.605600,0.666800,23285.583750,,,,,,,,3074.310000,1624.450500,1171.848272,756403.000000,0.000000,0.833344
10000,96,clustered,clustered,scenario_label=clustered,0.000000,True,True,formal_extended_baseline_screen,1660287430,4029435235,23121712.500000,1525603.000000,3246739.000000,44688,11640262.515000,4674.575500,11644937.090500,10000,10000,4897,14895,,,,,,,,,,,,,,,,,,,,75.618800,,432.493917,DRCT,38,13.000000,,,,14896.000000,7505.000000,7390.000000,350578.000000,430.000000,,8.000000,64.000000,29792,0.335661,324.673900,152.560300,4772342.000000,477.234200,0.671366,23121.712500,,,,,,,,3051.206000,1623.369500,1164.493709,756188.000000,0.000000,0.835627
10000,96,clustered,clustered,scenario_label=clustered,0.000000,True,True,formal_extended_baseline_screen,481472403,2794829540,23169152.500000,1529070.000000,3247740.000000,44739,11569817.035125,4682.010000,11574499.045125,10000,10000,4914,14912,,,,,,,,,,,,,,,,,,,,75.623600,,431.608364,DRCT,39,13.000000,,,,14913.000000,7456.000000,7456.000000,370477.000000,445.000000,,8.000000,64.000000,29826,0.335278,324.774000,152.907000,4776810.000000,477.681000,0.670601,23169.152500,,,,,,,,3058.140000,1623.870000,1157.449905,756236.000000,0.000000,0.835244
10000,96,clustered,clustered,scenario_label=clustered,0.000000,True,True,formal_extended_baseline_screen,3422425815,2708137769,23131470.000000,1526340.000000,3247283.000000,44676,11606422.840375,4676.321500,11611099.161875,10000,10000,4893,14891,,,,,,,,,,,,,,,,,,,,75.620600,,432.311479,DRCT,40,13.000000,,,,14892.000000,7495.000000,7396.000000,340691.000000,443.000000,,8.000000,64.000000,29784,0.335751,324.728300,152.634000,4773623.000000,477.362300,0.671547,23131.470000,,,,,,,,3052.680000,1623.641500,1161.109916,756206.000000,0.000000,0.835717
10000,96,clustered,clustered,scenario_label=clustered,0.000000,True,True,formal_extended_baseline_screen,4098968949,1551302054,22993542.500000,1516812.000000,3247052.000000,44340,11532802.641875,4657.150000,11537459.791875,10000,10000,4781,14779,,,,,,,,,,,,,,,,,,,,75.613100,,434.904713,DRCT,41,13.000000,,,,14780.000000,7354.000000,7425.000000,376681.000000,444.000000,,8.000000,64.000000,29560,0.338295,324.705200,151.681200,4763864.000000,476.386400,0.676636,22993.542500,,,,,,,,3033.624000,1623.526000,1153.745979,756131.000000,0.000000,0.838261
10000,96,clustered,clustered,scenario_label=clustered,0.000000,True,True,formal_extended_baseline_screen,3927309367,1608973754,23224198.750000,1533004.000000,3247906.000000,44805,11634915.038625,4689.961000,11639604.999625,10000,10000,4936,14934,,,,,,,,,,,,,,,,,,,,75.614500,,430.585361,DRCT,42,14.000000,,,,14935.000000,7475.000000,7459.000000,370536.000000,463.000000,,8.000000,64.000000,29870,0.334784,324.790600,153.300400,4780910.000000,478.091000,0.669613,23224.198750,,,,,,,,3066.008000,1623.953000,1163.960500,756145.000000,0.000000,0.834751
10000,96,clustered,clustered,scenario_label=clustered,0.000000,True,True,formal_extended_baseline_screen,48141908,1446515941,23332276.250000,1540847.000000,3247685.000000,45051,11692403.736750,4705.536500,11697109.273250,10000,10000,5018,15016,,,,,,,,,,,,,,,,,,,,75.639200,,428.590845,DRCT,43,13.000000,,,,15017.000000,7586.000000,7430.000000,368138.000000,439.000000,,8.000000,64.000000,30034,0.332956,324.768500,154.084700,4788532.000000,478.853200,0.665956,23332.276250,,,,,,,,3081.694000,1623.842500,1169.710927,756392.000000,0.000000,0.832923
10000,96,clustered,clustered,scenario_label=clustered,0.000000,True,True,formal_extended_baseline_screen,828653254,3952430725,23082426.250000,1522541.000000,3248410.000000,44586,11662705.498250,4669.287000,11667374.785250,10000,10000,4863,14861,,,,,,,,,,,,,,,,,,,,75.612600,,433.230021,DRCT,44,14.000000,,,,14862.000000,7478.000000,7383.000000,351626.000000,472.000000,,8.000000,64.000000,29724,0.336428,324.841000,152.254100,4770951.000000,477.095100,0.672902,23082.426250,,,,,,,,3045.082000,1624.205000,1166.737479,756126.000000,0.000000,0.836395
10000,96,clustered,clustered,scenario_label=clustered,0.000000,True,True,formal_extended_baseline_screen,2581397823,1104454599,23291536.250000,1537922.000000,3247761.000000,44955,11623288.458375,4699.724500,11627988.182875,10000,10000,4986,14984,,,,,,,,,,,,,,,,,,,,75.631200,,429.340508,DRCT,45,14.000000,,,,14985.000000,7482.000000,7502.000000,378095.000000,451.000000,,8.000000,64.000000,29970,0.333667,324.776100,153.792200,4785683.000000,478.568300,0.667379,23291.536250,,,,,,,,3075.844000,1623.880500,1162.798818,756312.000000,0.000000,0.833634
10000,96,clustered,clustered,scenario_label=clustered,0.000000,True,True,formal_extended_baseline_screen,4117600980,30543921,23086261.250000,1523395.000000,3246090.000000,44565,11618315.153250,4669.835000,11622984.988250,10000,10000,4856,14854,,,,,,,,,,,,,,,,,,,,75.613200,,433.158054,DRCT,46,12.000000,,,,14855.000000,7472.000000,7382.000000,364487.000000,421.000000,,8.000000,64.000000,29710,0.336587,324.609000,152.339500,4769485.000000,476.948500,0.673219,23086.261250,,,,,,,,3046.790000,1623.045000,1162.298499,756132.000000,0.000000,0.836553
10000,96,clustered,clustered,scenario_label=clustered,0.000000,True,True,formal_extended_baseline_screen,1376940312,1345527720,23117337.500000,1525451.000000,3247329.000000,44628,11593819.824625,4674.566500,11598494.391125,10000,10000,4877,14875,,,,,,,,,,,,,,,,,,,,75.621100,,432.575767,DRCT,47,13.000000,,,,14876.000000,7401.000000,7474.000000,386774.000000,440.000000,,8.000000,64.000000,29752,0.336112,324.732900,152.545100,4772780.000000,477.278000,0.672269,23117.337500,,,,,,,,3050.902000,1623.664500,1159.849439,756211.000000,0.000000,0.836078
10000,96,clustered,clustered,scenario_label=clustered,0.000000,True,True,formal_extended_baseline_screen,3761635906,3749034725,23182508.750000,1529975.000000,3247263.000000,44754,11602606.533375,4683.581500,11607290.114875,10000,10000,4919,14917,,,,,,,,,,,,,,,,,,,,75.607500,,431.359699,DRCT,48,13.000000,,,,14918.000000,7521.000000,7396.000000,364207.000000,450.000000,,8.000000,64.000000,29836,0.335166,324.726300,152.997500,4777238.000000,477.723800,0.670376,23182.508750,,,,,,,,3059.950000,1623.631500,1160.729011,756075.000000,0.000000,0.835132
10000,96,clustered,clustered,scenario_label=clustered,0.000000,True,True,formal_extended_baseline_screen,2841386880,1274107421,23148458.750000,1527649.000000,3247022.000000,44694,11665766.198625,4678.809000,11670445.007625,10000,10000,4899,14897,,,,,,,,,,,,,,,,,,,,75.618500,,431.994204,DRCT,49,13.000000,,,,14898.000000,7434.000000,7463.000000,366985.000000,436.000000,,8.000000,64.000000,29796,0.335616,324.702200,152.764900,4774671.000000,477.467100,0.671276,23148.458750,,,,,,,,3055.298000,1623.511000,1167.044501,756185.000000,0.000000,0.835582
