experiment_name,algorithm_name,run_id,point_seed,algorithm_seed,scenario_point
formal_extended_baseline_screen,DQTA(k_max=3),0,3623283272,3074786204,scenario_label=random
formal_extended_baseline_screen,DQTA(k_max=3),0,116656660,1078994478,scenario_label=prefixed
formal_extended_baseline_screen,DQTA(k_max=3),0,1741802094,3126026649,scenario_label=prefix80
formal_extended_baseline_screen,DQTA(k_max=3),0,2095316255,1667073450,scenario_label=clustered
formal_extended_baseline_screen,DQTA(k_max=3),1,3864099846,370633025,scenario_label=random
formal_extended_baseline_screen,DQTA(k_max=3),1,889203247,1395092911,scenario_label=prefixed
formal_extended_baseline_screen,DQTA(k_max=3),1,2669137359,3603532689,scenario_label=prefix80
formal_extended_baseline_screen,DQTA(k_max=3),1,1179273823,4045078596,scenario_label=clustered
formal_extended_baseline_screen,DQTA(k_max=3),2,813036364,2762808897,scenario_label=random
formal_extended_baseline_screen,DQTA(k_max=3),2,1822834370,3065675764,scenario_label=prefixed
formal_extended_baseline_screen,DQTA(k_max=3),2,2479815273,388673522,scenario_label=prefix80
formal_extended_baseline_screen,DQTA(k_max=3),2,2073761602,198571651,scenario_label=clustered
formal_extended_baseline_screen,DQTA(k_max=3),3,57753915,1214507294,scenario_label=random
formal_extended_baseline_screen,DQTA(k_max=3),3,2219440691,681029909,scenario_label=prefixed
formal_extended_baseline_screen,DQTA(k_max=3),3,1286928148,1678261244,scenario_label=prefix80
formal_extended_baseline_screen,DQTA(k_max=3),3,787561323,4289060111,scenario_label=clustered
formal_extended_baseline_screen,DQTA(k_max=3),4,3819630184,27662079,scenario_label=random
formal_extended_baseline_screen,DQTA(k_max=3),4,889858016,1152305980,scenario_label=prefixed
formal_extended_baseline_screen,DQTA(k_max=3),4,2696116183,1990190745,scenario_label=prefix80
formal_extended_baseline_screen,DQTA(k_max=3),4,688500632,2070090144,scenario_label=clustered
formal_extended_baseline_screen,DQTA(k_max=3),5,2608777085,3123768421,scenario_label=random
formal_extended_baseline_screen,DQTA(k_max=3),5,3513520067,1843871071,scenario_label=prefixed
formal_extended_baseline_screen,DQTA(k_max=3),5,1840913042,2031035863,scenario_label=prefix80
formal_extended_baseline_screen,DQTA(k_max=3),5,3399855602,753944826,scenario_label=clustered
formal_extended_baseline_screen,DQTA(k_max=3),6,1011355210,2187299195,scenario_label=random
formal_extended_baseline_screen,DQTA(k_max=3),6,4182455193,253876598,scenario_label=prefixed
formal_extended_baseline_screen,DQTA(k_max=3),6,234351616,3928047820,scenario_label=prefix80
formal_extended_baseline_screen,DQTA(k_max=3),6,1672192143,876494149,scenario_label=clustered
formal_extended_baseline_screen,DQTA(k_max=3),7,2772753435,1270291337,scenario_label=random
formal_extended_baseline_screen,DQTA(k_max=3),7,1416235163,4185778191,scenario_label=prefixed
formal_extended_baseline_screen,DQTA(k_max=3),7,2635025427,3262476422,scenario_label=prefix80
formal_extended_baseline_screen,DQTA(k_max=3),7,1710578268,2418101889,scenario_label=clustered
formal_extended_baseline_screen,DQTA(k_max=3),8,3926250230,4130092648,scenario_label=random
formal_extended_baseline_screen,DQTA(k_max=3),8,834749396,3897855225,scenario_label=prefixed
formal_extended_baseline_screen,DQTA(k_max=3),8,3619142060,2249967484,scenario_label=prefix80
formal_extended_baseline_screen,DQTA(k_max=3),8,3961209957,2949379978,scenario_label=clustered
formal_extended_baseline_screen,DQTA(k_max=3),9,58426829,1902826690,scenario_label=random
formal_extended_baseline_screen,DQTA(k_max=3),9,1183400892,2896168407,scenario_label=prefixed
formal_extended_baseline_screen,DQTA(k_max=3),9,3771146367,1675873921,scenario_label=prefix80
formal_extended_baseline_screen,DQTA(k_max=3),9,346261855,1619710973,scenario_label=clustered
formal_extended_baseline_screen,DQTA(k_max=3),10,1020324588,2850122588,scenario_label=random
formal_extended_baseline_screen,DQTA(k_max=3),10,2061720330,551493223,scenario_label=prefixed
formal_extended_baseline_screen,DQTA(k_max=3),10,1420417677,3620224974,scenario_label=prefix80
formal_extended_baseline_screen,DQTA(k_max=3),10,4285535701,1670836595,scenario_label=clustered
formal_extended_baseline_screen,DQTA(k_max=3),11,596195424,1050331745,scenario_label=random
formal_extended_baseline_screen,DQTA(k_max=3),11,2528955344,2552695300,scenario_label=prefixed
formal_extended_baseline_screen,DQTA(k_max=3),11,4029019098,1446995764,scenario_label=prefix80
formal_extended_baseline_screen,DQTA(k_max=3),11,2138647285,4090087938,scenario_label=clustered
formal_extended_baseline_screen,DQTA(k_max=3),12,530428079,247467244,scenario_label=random
formal_extended_baseline_screen,DQTA(k_max=3),12,3403028343,2379881583,scenario_label=prefixed
formal_extended_baseline_screen,DQTA(k_max=3),12,4132968395,3123862609,scenario_label=prefix80
formal_extended_baseline_screen,DQTA(k_max=3),12,4135791258,1190960315,scenario_label=clustered
formal_extended_baseline_screen,DQTA(k_max=3),13,3351110087,3870658017,scenario_label=random
formal_extended_baseline_screen,DQTA(k_max=3),13,3651045357,4263171200,scenario_label=prefixed
formal_extended_baseline_screen,DQTA(k_max=3),13,3503816222,535967100,scenario_label=prefix80
formal_extended_baseline_screen,DQTA(k_max=3),13,2264469608,644955367,scenario_label=clustered
formal_extended_baseline_screen,DQTA(k_max=3),14,1692097063,2953846380,scenario_label=random
formal_extended_baseline_screen,DQTA(k_max=3),14,1707141452,341012258,scenario_label=prefixed
formal_extended_baseline_screen,DQTA(k_max=3),14,1479387709,3944039336,scenario_label=prefix80
formal_extended_baseline_screen,DQTA(k_max=3),14,1193971010,1819211083,scenario_label=clustered
formal_extended_baseline_screen,DQTA(k_max=3),15,1311958710,2244388422,scenario_label=random
formal_extended_baseline_screen,DQTA(k_max=3),15,1066348603,4003662445,scenario_label=prefixed
formal_extended_baseline_screen,DQTA(k_max=3),15,3410131684,2482762011,scenario_label=prefix80
formal_extended_baseline_screen,DQTA(k_max=3),15,2719779022,1523046767,scenario_label=clustered
formal_extended_baseline_screen,DQTA(k_max=3),16,4044322606,1937641916,scenario_label=random
formal_extended_baseline_screen,DQTA(k_max=3),16,2310609587,3991128710,scenario_label=prefixed
formal_extended_baseline_screen,DQTA(k_max=3),16,556887839,1088186200,scenario_label=prefix80
formal_extended_baseline_screen,DQTA(k_max=3),16,2713732995,4079666080,scenario_label=clustered
formal_extended_baseline_screen,DQTA(k_max=3),17,1698610701,2391919932,scenario_label=random
formal_extended_baseline_screen,DQTA(k_max=3),17,862396413,411784136,scenario_label=prefixed
formal_extended_baseline_screen,DQTA(k_max=3),17,3860214662,179909034,scenario_label=prefix80
formal_extended_baseline_screen,DQTA(k_max=3),17,2168941655,3257130081,scenario_label=clustered
formal_extended_baseline_screen,DQTA(k_max=3),18,3900906002,990775242,scenario_label=random
formal_extended_baseline_screen,DQTA(k_max=3),18,1976791937,4162371105,scenario_label=prefixed
formal_extended_baseline_screen,DQTA(k_max=3),18,3973543592,3554555836,scenario_label=prefix80
formal_extended_baseline_screen,DQTA(k_max=3),18,3575544916,3560811291,scenario_label=clustered
formal_extended_baseline_screen,DQTA(k_max=3),19,3061364434,3335793689,scenario_label=random
formal_extended_baseline_screen,DQTA(k_max=3),19,3116852746,412877206,scenario_label=prefixed
formal_extended_baseline_screen,DQTA(k_max=3),19,1163800006,1778894072,scenario_label=prefix80
formal_extended_baseline_screen,DQTA(k_max=3),19,99158156,2489391020,scenario_label=clustered
formal_extended_baseline_screen,DQTA(k_max=3),20,3722875878,1436288120,scenario_label=random
formal_extended_baseline_screen,DQTA(k_max=3),20,3001598358,1447692726,scenario_label=prefixed
formal_extended_baseline_screen,DQTA(k_max=3),20,1969154653,1010228252,scenario_label=prefix80
formal_extended_baseline_screen,DQTA(k_max=3),20,3278615476,2650555274,scenario_label=clustered
formal_extended_baseline_screen,DQTA(k_max=3),21,1880512712,4049421813,scenario_label=random
formal_extended_baseline_screen,DQTA(k_max=3),21,2792116651,3593368163,scenario_label=prefixed
formal_extended_baseline_screen,DQTA(k_max=3),21,3818182820,1316269292,scenario_label=prefix80
formal_extended_baseline_screen,DQTA(k_max=3),21,1495572643,2081474840,scenario_label=clustered
formal_extended_baseline_screen,DQTA(k_max=3),22,2483842946,321162399,scenario_label=random
formal_extended_baseline_screen,DQTA(k_max=3),22,664859573,284471576,scenario_label=prefixed
formal_extended_baseline_screen,DQTA(k_max=3),22,647152320,1193534828,scenario_label=prefix80
formal_extended_baseline_screen,DQTA(k_max=3),22,2138889899,1190150002,scenario_label=clustered
formal_extended_baseline_screen,DQTA(k_max=3),23,484606977,392610911,scenario_label=random
formal_extended_baseline_screen,DQTA(k_max=3),23,4122393112,2608645839,scenario_label=prefixed
formal_extended_baseline_screen,DQTA(k_max=3),23,2468324303,906469808,scenario_label=prefix80
formal_extended_baseline_screen,DQTA(k_max=3),23,3200206661,1337033201,scenario_label=clustered
formal_extended_baseline_screen,DQTA(k_max=3),24,4167451253,1737260255,scenario_label=random
formal_extended_baseline_screen,DQTA(k_max=3),24,2427110912,2004057638,scenario_label=prefixed
formal_extended_baseline_screen,DQTA(k_max=3),24,4263242191,1645937102,scenario_label=prefix80
formal_extended_baseline_screen,DQTA(k_max=3),24,3387768436,851085141,scenario_label=clustered
formal_extended_baseline_screen,DQTA(k_max=3),25,1401592609,2197773512,scenario_label=random
formal_extended_baseline_screen,DQTA(k_max=3),25,4217303339,3943873329,scenario_label=prefixed
formal_extended_baseline_screen,DQTA(k_max=3),25,2677772902,3392136776,scenario_label=prefix80
formal_extended_baseline_screen,DQTA(k_max=3),25,4190779514,2879978104,scenario_label=clustered
formal_extended_baseline_screen,DQTA(k_max=3),26,2865864341,3218863492,scenario_label=random
formal_extended_baseline_screen,DQTA(k_max=3),26,1478210380,3845884361,scenario_label=prefixed
formal_extended_baseline_screen,DQTA(k_max=3),26,229837212,2528926411,scenario_label=prefix80
formal_extended_baseline_screen,DQTA(k_max=3),26,3925234375,1625575802,scenario_label=clustered
formal_extended_baseline_screen,DQTA(k_max=3),27,1975682606,431818641,scenario_label=random
formal_extended_baseline_screen,DQTA(k_max=3),27,3217990807,3509004778,scenario_label=prefixed
formal_extended_baseline_screen,DQTA(k_max=3),27,2830123666,721853135,scenario_label=prefix80
formal_extended_baseline_screen,DQTA(k_max=3),27,3377847691,331512145,scenario_label=clustered
formal_extended_baseline_screen,DQTA(k_max=3),28,264712398,3662714975,scenario_label=random
formal_extended_baseline_screen,DQTA(k_max=3),28,2849627408,1369106763,scenario_label=prefixed
formal_extended_baseline_screen,DQTA(k_max=3),28,2205676394,2883378497,scenario_label=prefix80
formal_extended_baseline_screen,DQTA(k_max=3),28,1883537458,299881669,scenario_label=clustered
formal_extended_baseline_screen,DQTA(k_max=3),29,814411954,298947013,scenario_label=random
formal_extended_baseline_screen,DQTA(k_max=3),29,3130433991,1156079504,scenario_label=prefixed
formal_extended_baseline_screen,DQTA(k_max=3),29,1229335753,3557779627,scenario_label=prefix80
formal_extended_baseline_screen,DQTA(k_max=3),29,3172725409,1453638656,scenario_label=clustered
formal_extended_baseline_screen,DQTA(k_max=3),30,1675969911,2706956758,scenario_label=random
formal_extended_baseline_screen,DQTA(k_max=3),30,2782577657,2671121684,scenario_label=prefixed
formal_extended_baseline_screen,DQTA(k_max=3),30,511059701,3377137760,scenario_label=prefix80
formal_extended_baseline_screen,DQTA(k_max=3),30,3855081597,3591928114,scenario_label=clustered
formal_extended_baseline_screen,DQTA(k_max=3),31,3265993510,180503204,scenario_label=random
formal_extended_baseline_screen,DQTA(k_max=3),31,1064392848,2599726826,scenario_label=prefixed
formal_extended_baseline_screen,DQTA(k_max=3),31,2404369372,210284949,scenario_label=prefix80
formal_extended_baseline_screen,DQTA(k_max=3),31,1581184839,29867337,scenario_label=clustered
formal_extended_baseline_screen,DQTA(k_max=3),32,2252910599,4167183132,scenario_label=random
formal_extended_baseline_screen,DQTA(k_max=3),32,3774357635,2478000337,scenario_label=prefixed
formal_extended_baseline_screen,DQTA(k_max=3),32,3552680233,723815599,scenario_label=prefix80
formal_extended_baseline_screen,DQTA(k_max=3),32,1120776253,3458044815,scenario_label=clustered
formal_extended_baseline_screen,DQTA(k_max=3),33,2042956436,1884734425,scenario_label=random
formal_extended_baseline_screen,DQTA(k_max=3),33,2604247550,1927082403,scenario_label=prefixed
formal_extended_baseline_screen,DQTA(k_max=3),33,4264852947,3290304042,scenario_label=prefix80
formal_extended_baseline_screen,DQTA(k_max=3),33,1884500039,1226151420,scenario_label=clustered
formal_extended_baseline_screen,DQTA(k_max=3),34,1926156841,96780340,scenario_label=random
formal_extended_baseline_screen,DQTA(k_max=3),34,304335199,2501245324,scenario_label=prefixed
formal_extended_baseline_screen,DQTA(k_max=3),34,1538798478,1001900499,scenario_label=prefix80
formal_extended_baseline_screen,DQTA(k_max=3),34,2234370540,3545084072,scenario_label=clustered
formal_extended_baseline_screen,DQTA(k_max=3),35,2690207514,164237157,scenario_label=random
formal_extended_baseline_screen,DQTA(k_max=3),35,4048739445,1599141413,scenario_label=prefixed
formal_extended_baseline_screen,DQTA(k_max=3),35,2800648159,3610712108,scenario_label=prefix80
formal_extended_baseline_screen,DQTA(k_max=3),35,1745901410,2596632467,scenario_label=clustered
formal_extended_baseline_screen,DQTA(k_max=3),36,1928770138,2036362796,scenario_label=random
formal_extended_baseline_screen,DQTA(k_max=3),36,1318647535,3861374672,scenario_label=prefixed
formal_extended_baseline_screen,DQTA(k_max=3),36,2487161622,724152339,scenario_label=prefix80
formal_extended_baseline_screen,DQTA(k_max=3),36,3755104620,1038619024,scenario_label=clustered
formal_extended_baseline_screen,DQTA(k_max=3),37,3956758156,2115706997,scenario_label=random
formal_extended_baseline_screen,DQTA(k_max=3),37,1372255346,1502695598,scenario_label=prefixed
formal_extended_baseline_screen,DQTA(k_max=3),37,707353532,3454591275,scenario_label=prefix80
formal_extended_baseline_screen,DQTA(k_max=3),37,1062845759,3250680135,scenario_label=clustered
formal_extended_baseline_screen,DQTA(k_max=3),38,957467494,2626302894,scenario_label=random
formal_extended_baseline_screen,DQTA(k_max=3),38,2919934110,3589496757,scenario_label=prefixed
formal_extended_baseline_screen,DQTA(k_max=3),38,3472369517,2749685727,scenario_label=prefix80
formal_extended_baseline_screen,DQTA(k_max=3),38,1660287430,3795790856,scenario_label=clustered
formal_extended_baseline_screen,DQTA(k_max=3),39,2866897990,4019492237,scenario_label=random
formal_extended_baseline_screen,DQTA(k_max=3),39,86283338,2368754192,scenario_label=prefixed
formal_extended_baseline_screen,DQTA(k_max=3),39,1243192488,1738731791,scenario_label=prefix80
formal_extended_baseline_screen,DQTA(k_max=3),39,481472403,3203989763,scenario_label=clustered
formal_extended_baseline_screen,DQTA(k_max=3),40,509607359,3862890557,scenario_label=random
formal_extended_baseline_screen,DQTA(k_max=3),40,2673896349,1918994791,scenario_label=prefixed
formal_extended_baseline_screen,DQTA(k_max=3),40,1445782178,2840654655,scenario_label=prefix80
formal_extended_baseline_screen,DQTA(k_max=3),40,3422425815,765492035,scenario_label=clustered
formal_extended_baseline_screen,DQTA(k_max=3),41,2374982155,1776562981,scenario_label=random
formal_extended_baseline_screen,DQTA(k_max=3),41,2076339012,2167221419,scenario_label=prefixed
formal_extended_baseline_screen,DQTA(k_max=3),41,3727899068,564711662,scenario_label=prefix80
formal_extended_baseline_screen,DQTA(k_max=3),41,4098968949,982835654,scenario_label=clustered
formal_extended_baseline_screen,DQTA(k_max=3),42,2681934676,13127495,scenario_label=random
formal_extended_baseline_screen,DQTA(k_max=3),42,3463721453,2230081073,scenario_label=prefixed
formal_extended_baseline_screen,DQTA(k_max=3),42,3090696183,3077485062,scenario_label=prefix80
formal_extended_baseline_screen,DQTA(k_max=3),42,3927309367,603808970,scenario_label=clustered
formal_extended_baseline_screen,DQTA(k_max=3),43,3450749702,4187974663,scenario_label=random
formal_extended_baseline_screen,DQTA(k_max=3),43,144876194,1251687530,scenario_label=prefixed
formal_extended_baseline_screen,DQTA(k_max=3),43,1513479548,1154139466,scenario_label=prefix80
formal_extended_baseline_screen,DQTA(k_max=3),43,48141908,3717180822,scenario_label=clustered
formal_extended_baseline_screen,DQTA(k_max=3),44,3987099893,2597384319,scenario_label=random
formal_extended_baseline_screen,DQTA(k_max=3),44,2327316353,2423545559,scenario_label=prefixed
formal_extended_baseline_screen,DQTA(k_max=3),44,2316918874,655554559,scenario_label=prefix80
formal_extended_baseline_screen,DQTA(k_max=3),44,828653254,2178256316,scenario_label=clustered
formal_extended_baseline_screen,DQTA(k_max=3),45,3580828999,3616732192,scenario_label=random
formal_extended_baseline_screen,DQTA(k_max=3),45,1476163045,2812475676,scenario_label=prefixed
formal_extended_baseline_screen,DQTA(k_max=3),45,2573149326,2724922065,scenario_label=prefix80
formal_extended_baseline_screen,DQTA(k_max=3),45,2581397823,1945589747,scenario_label=clustered
formal_extended_baseline_screen,DQTA(k_max=3),46,3716381950,1246744351,scenario_label=random
formal_extended_baseline_screen,DQTA(k_max=3),46,2477060584,1245897829,scenario_label=prefixed
formal_extended_baseline_screen,DQTA(k_max=3),46,2069287118,4002050766,scenario_label=prefix80
formal_extended_baseline_screen,DQTA(k_max=3),46,4117600980,2836985707,scenario_label=clustered
formal_extended_baseline_screen,DQTA(k_max=3),47,2943036703,661059574,scenario_label=random
formal_extended_baseline_screen,DQTA(k_max=3),47,2255604210,1888076341,scenario_label=prefixed
formal_extended_baseline_screen,DQTA(k_max=3),47,1998039315,2353220594,scenario_label=prefix80
formal_extended_baseline_screen,DQTA(k_max=3),47,1376940312,4173213931,scenario_label=clustered
formal_extended_baseline_screen,DQTA(k_max=3),48,4126669249,1545317160,scenario_label=random
formal_extended_baseline_screen,DQTA(k_max=3),48,2193895526,2364194442,scenario_label=prefixed
formal_extended_baseline_screen,DQTA(k_max=3),48,3566718053,3748818032,scenario_label=prefix80
formal_extended_baseline_screen,DQTA(k_max=3),48,3761635906,553661935,scenario_label=clustered
formal_extended_baseline_screen,DQTA(k_max=3),49,675927661,1028624702,scenario_label=random
formal_extended_baseline_screen,DQTA(k_max=3),49,2044777110,4236368730,scenario_label=prefixed
formal_extended_baseline_screen,DQTA(k_max=3),49,2799794232,119796466,scenario_label=prefix80
formal_extended_baseline_screen,DQTA(k_max=3),49,2841386880,4028359111,scenario_label=clustered
formal_extended_baseline_screen,EAQ_CBB,0,3623283272,3073157684,scenario_label=random
formal_extended_baseline_screen,EAQ_CBB,0,116656660,301982494,scenario_label=prefixed
formal_extended_baseline_screen,EAQ_CBB,0,1741802094,2831792191,scenario_label=prefix80
formal_extended_baseline_screen,EAQ_CBB,0,2095316255,2962009667,scenario_label=clustered
formal_extended_baseline_screen,EAQ_CBB,1,3864099846,1957442696,scenario_label=random
formal_extended_baseline_screen,EAQ_CBB,1,889203247,1432694747,scenario_label=prefixed
formal_extended_baseline_screen,EAQ_CBB,1,2669137359,3090894289,scenario_label=prefix80
formal_extended_baseline_screen,EAQ_CBB,1,1179273823,1251620312,scenario_label=clustered
formal_extended_baseline_screen,EAQ_CBB,2,813036364,3148887650,scenario_label=random
formal_extended_baseline_screen,EAQ_CBB,2,1822834370,870808030,scenario_label=prefixed
formal_extended_baseline_screen,EAQ_CBB,2,2479815273,3546012536,scenario_label=prefix80
formal_extended_baseline_screen,EAQ_CBB,2,2073761602,1889351115,scenario_label=clustered
formal_extended_baseline_screen,EAQ_CBB,3,57753915,2517318603,scenario_label=random
formal_extended_baseline_screen,EAQ_CBB,3,2219440691,1923737377,scenario_label=prefixed
formal_extended_baseline_screen,EAQ_CBB,3,1286928148,3471320494,scenario_label=prefix80
formal_extended_baseline_screen,EAQ_CBB,3,787561323,97793754,scenario_label=clustered
formal_extended_baseline_screen,EAQ_CBB,4,3819630184,4106673778,scenario_label=random
formal_extended_baseline_screen,EAQ_CBB,4,889858016,1261334551,scenario_label=prefixed
formal_extended_baseline_screen,EAQ_CBB,4,2696116183,756964015,scenario_label=prefix80
formal_extended_baseline_screen,EAQ_CBB,4,688500632,772303308,scenario_label=clustered
formal_extended_baseline_screen,EAQ_CBB,5,2608777085,948291188,scenario_label=random
formal_extended_baseline_screen,EAQ_CBB,5,3513520067,1259975219,scenario_label=prefixed
formal_extended_baseline_screen,EAQ_CBB,5,1840913042,4280398246,scenario_label=prefix80
formal_extended_baseline_screen,EAQ_CBB,5,3399855602,2509001359,scenario_label=clustered
formal_extended_baseline_screen,EAQ_CBB,6,1011355210,3559286975,scenario_label=random
formal_extended_baseline_screen,EAQ_CBB,6,4182455193,1479875122,scenario_label=prefixed
formal_extended_baseline_screen,EAQ_CBB,6,234351616,3958696863,scenario_label=prefix80
formal_extended_baseline_screen,EAQ_CBB,6,1672192143,1500673739,scenario_label=clustered
formal_extended_baseline_screen,EAQ_CBB,7,2772753435,211298950,scenario_label=random
formal_extended_baseline_screen,EAQ_CBB,7,1416235163,2715203395,scenario_label=prefixed
formal_extended_baseline_screen,EAQ_CBB,7,2635025427,2431670586,scenario_label=prefix80
formal_extended_baseline_screen,EAQ_CBB,7,1710578268,816341702,scenario_label=clustered
formal_extended_baseline_screen,EAQ_CBB,8,3926250230,1927176314,scenario_label=random
formal_extended_baseline_screen,EAQ_CBB,8,834749396,3565285452,scenario_label=prefixed
formal_extended_baseline_screen,EAQ_CBB,8,3619142060,3255653498,scenario_label=prefix80
formal_extended_baseline_screen,EAQ_CBB,8,3961209957,3247382900,scenario_label=clustered
formal_extended_baseline_screen,EAQ_CBB,9,58426829,1634033598,scenario_label=random
formal_extended_baseline_screen,EAQ_CBB,9,1183400892,1494908432,scenario_label=prefixed
formal_extended_baseline_screen,EAQ_CBB,9,3771146367,1175527248,scenario_label=prefix80
formal_extended_baseline_screen,EAQ_CBB,9,346261855,1397228104,scenario_label=clustered
formal_extended_baseline_screen,EAQ_CBB,10,1020324588,2055648432,scenario_label=random
formal_extended_baseline_screen,EAQ_CBB,10,2061720330,2185070523,scenario_label=prefixed
formal_extended_baseline_screen,EAQ_CBB,10,1420417677,938191591,scenario_label=prefix80
formal_extended_baseline_screen,EAQ_CBB,10,4285535701,1281319844,scenario_label=clustered
formal_extended_baseline_screen,EAQ_CBB,11,596195424,2033942533,scenario_label=random
formal_extended_baseline_screen,EAQ_CBB,11,2528955344,1571766220,scenario_label=prefixed
formal_extended_baseline_screen,EAQ_CBB,11,4029019098,1453816505,scenario_label=prefix80
formal_extended_baseline_screen,EAQ_CBB,11,2138647285,3032926536,scenario_label=clustered
formal_extended_baseline_screen,EAQ_CBB,12,530428079,978954931,scenario_label=random
formal_extended_baseline_screen,EAQ_CBB,12,3403028343,2344734800,scenario_label=prefixed
formal_extended_baseline_screen,EAQ_CBB,12,4132968395,2364982290,scenario_label=prefix80
formal_extended_baseline_screen,EAQ_CBB,12,4135791258,2094033706,scenario_label=clustered
formal_extended_baseline_screen,EAQ_CBB,13,3351110087,4140482193,scenario_label=random
formal_extended_baseline_screen,EAQ_CBB,13,3651045357,1935646635,scenario_label=prefixed
formal_extended_baseline_screen,EAQ_CBB,13,3503816222,4117555616,scenario_label=prefix80
formal_extended_baseline_screen,EAQ_CBB,13,2264469608,1083922827,scenario_label=clustered
formal_extended_baseline_screen,EAQ_CBB,14,1692097063,1191824408,scenario_label=random
formal_extended_baseline_screen,EAQ_CBB,14,1707141452,2143217476,scenario_label=prefixed
formal_extended_baseline_screen,EAQ_CBB,14,1479387709,840980448,scenario_label=prefix80
formal_extended_baseline_screen,EAQ_CBB,14,1193971010,2952758531,scenario_label=clustered
formal_extended_baseline_screen,EAQ_CBB,15,1311958710,3586764790,scenario_label=random
formal_extended_baseline_screen,EAQ_CBB,15,1066348603,1946896568,scenario_label=prefixed
formal_extended_baseline_screen,EAQ_CBB,15,3410131684,3406775543,scenario_label=prefix80
formal_extended_baseline_screen,EAQ_CBB,15,2719779022,1183171922,scenario_label=clustered
formal_extended_baseline_screen,EAQ_CBB,16,4044322606,8868193,scenario_label=random
formal_extended_baseline_screen,EAQ_CBB,16,2310609587,2810404514,scenario_label=prefixed
formal_extended_baseline_screen,EAQ_CBB,16,556887839,1883271990,scenario_label=prefix80
formal_extended_baseline_screen,EAQ_CBB,16,2713732995,2666303432,scenario_label=clustered
formal_extended_baseline_screen,EAQ_CBB,17,1698610701,4250051681,scenario_label=random
formal_extended_baseline_screen,EAQ_CBB,17,862396413,3639981645,scenario_label=prefixed
formal_extended_baseline_screen,EAQ_CBB,17,3860214662,1032795342,scenario_label=prefix80
formal_extended_baseline_screen,EAQ_CBB,17,2168941655,3214953512,scenario_label=clustered
formal_extended_baseline_screen,EAQ_CBB,18,3900906002,4151134029,scenario_label=random
formal_extended_baseline_screen,EAQ_CBB,18,1976791937,3986468809,scenario_label=prefixed
formal_extended_baseline_screen,EAQ_CBB,18,3973543592,52313115,scenario_label=prefix80
formal_extended_baseline_screen,EAQ_CBB,18,3575544916,1459418720,scenario_label=clustered
formal_extended_baseline_screen,EAQ_CBB,19,3061364434,2895916161,scenario_label=random
formal_extended_baseline_screen,EAQ_CBB,19,3116852746,3665827578,scenario_label=prefixed
formal_extended_baseline_screen,EAQ_CBB,19,1163800006,1761216485,scenario_label=prefix80
formal_extended_baseline_screen,EAQ_CBB,19,99158156,2501827393,scenario_label=clustered
formal_extended_baseline_screen,EAQ_CBB,20,3722875878,685893739,scenario_label=random
formal_extended_baseline_screen,EAQ_CBB,20,3001598358,3122070671,scenario_label=prefixed
formal_extended_baseline_screen,EAQ_CBB,20,1969154653,1337314784,scenario_label=prefix80
formal_extended_baseline_screen,EAQ_CBB,20,3278615476,24887564,scenario_label=clustered
formal_extended_baseline_screen,EAQ_CBB,21,1880512712,3149219956,scenario_label=random
formal_extended_baseline_screen,EAQ_CBB,21,2792116651,3954409329,scenario_label=prefixed
formal_extended_baseline_screen,EAQ_CBB,21,3818182820,1867419848,scenario_label=prefix80
formal_extended_baseline_screen,EAQ_CBB,21,1495572643,1140189367,scenario_label=clustered
formal_extended_baseline_screen,EAQ_CBB,22,2483842946,89634605,scenario_label=random
formal_extended_baseline_screen,EAQ_CBB,22,664859573,1605092504,scenario_label=prefixed
formal_extended_baseline_screen,EAQ_CBB,22,647152320,1052821304,scenario_label=prefix80
formal_extended_baseline_screen,EAQ_CBB,22,2138889899,2900447716,scenario_label=clustered
formal_extended_baseline_screen,EAQ_CBB,23,484606977,4054927198,scenario_label=random
formal_extended_baseline_screen,EAQ_CBB,23,4122393112,3504195567,scenario_label=prefixed
formal_extended_baseline_screen,EAQ_CBB,23,2468324303,1568425694,scenario_label=prefix80
formal_extended_baseline_screen,EAQ_CBB,23,3200206661,509316039,scenario_label=clustered
formal_extended_baseline_screen,EAQ_CBB,24,4167451253,2725596099,scenario_label=random
formal_extended_baseline_screen,EAQ_CBB,24,2427110912,207985839,scenario_label=prefixed
formal_extended_baseline_screen,EAQ_CBB,24,4263242191,3642023794,scenario_label=prefix80
formal_extended_baseline_screen,EAQ_CBB,24,3387768436,4236888216,scenario_label=clustered
formal_extended_baseline_screen,EAQ_CBB,25,1401592609,3887858658,scenario_label=random
formal_extended_baseline_screen,EAQ_CBB,25,4217303339,295375110,scenario_label=prefixed
formal_extended_baseline_screen,EAQ_CBB,25,2677772902,3360946082,scenario_label=prefix80
formal_extended_baseline_screen,EAQ_CBB,25,4190779514,3065378755,scenario_label=clustered
formal_extended_baseline_screen,EAQ_CBB,26,2865864341,2163297469,scenario_label=random
formal_extended_baseline_screen,EAQ_CBB,26,1478210380,4196953117,scenario_label=prefixed
formal_extended_baseline_screen,EAQ_CBB,26,229837212,112781589,scenario_label=prefix80
formal_extended_baseline_screen,EAQ_CBB,26,3925234375,33559112,scenario_label=clustered
formal_extended_baseline_screen,EAQ_CBB,27,1975682606,3016685088,scenario_label=random
formal_extended_baseline_screen,EAQ_CBB,27,3217990807,2935671253,scenario_label=prefixed
formal_extended_baseline_screen,EAQ_CBB,27,2830123666,2877782711,scenario_label=prefix80
formal_extended_baseline_screen,EAQ_CBB,27,3377847691,688438773,scenario_label=clustered
formal_extended_baseline_screen,EAQ_CBB,28,264712398,76024050,scenario_label=random
formal_extended_baseline_screen,EAQ_CBB,28,2849627408,3539343133,scenario_label=prefixed
formal_extended_baseline_screen,EAQ_CBB,28,2205676394,506753739,scenario_label=prefix80
formal_extended_baseline_screen,EAQ_CBB,28,1883537458,3206377576,scenario_label=clustered
formal_extended_baseline_screen,EAQ_CBB,29,814411954,2323305999,scenario_label=random
formal_extended_baseline_screen,EAQ_CBB,29,3130433991,3197621013,scenario_label=prefixed
formal_extended_baseline_screen,EAQ_CBB,29,1229335753,2833125885,scenario_label=prefix80
formal_extended_baseline_screen,EAQ_CBB,29,3172725409,211626830,scenario_label=clustered
formal_extended_baseline_screen,EAQ_CBB,30,1675969911,85214306,scenario_label=random
formal_extended_baseline_screen,EAQ_CBB,30,2782577657,1740974078,scenario_label=prefixed
formal_extended_baseline_screen,EAQ_CBB,30,511059701,1604313187,scenario_label=prefix80
formal_extended_baseline_screen,EAQ_CBB,30,3855081597,4280469612,scenario_label=clustered
formal_extended_baseline_screen,EAQ_CBB,31,3265993510,576886807,scenario_label=random
formal_extended_baseline_screen,EAQ_CBB,31,1064392848,2867687036,scenario_label=prefixed
formal_extended_baseline_screen,EAQ_CBB,31,2404369372,2858838458,scenario_label=prefix80
formal_extended_baseline_screen,EAQ_CBB,31,1581184839,2371688610,scenario_label=clustered
formal_extended_baseline_screen,EAQ_CBB,32,2252910599,1312522814,scenario_label=random
formal_extended_baseline_screen,EAQ_CBB,32,3774357635,2918430917,scenario_label=prefixed
formal_extended_baseline_screen,EAQ_CBB,32,3552680233,3172473474,scenario_label=prefix80
formal_extended_baseline_screen,EAQ_CBB,32,1120776253,3539080859,scenario_label=clustered
formal_extended_baseline_screen,EAQ_CBB,33,2042956436,1977745266,scenario_label=random
formal_extended_baseline_screen,EAQ_CBB,33,2604247550,747730669,scenario_label=prefixed
formal_extended_baseline_screen,EAQ_CBB,33,4264852947,778737246,scenario_label=prefix80
formal_extended_baseline_screen,EAQ_CBB,33,1884500039,87089355,scenario_label=clustered
formal_extended_baseline_screen,EAQ_CBB,34,1926156841,1715680678,scenario_label=random
formal_extended_baseline_screen,EAQ_CBB,34,304335199,2075627526,scenario_label=prefixed
formal_extended_baseline_screen,EAQ_CBB,34,1538798478,2337489793,scenario_label=prefix80
formal_extended_baseline_screen,EAQ_CBB,34,2234370540,13764414,scenario_label=clustered
formal_extended_baseline_screen,EAQ_CBB,35,2690207514,4103441814,scenario_label=random
formal_extended_baseline_screen,EAQ_CBB,35,4048739445,779287759,scenario_label=prefixed
formal_extended_baseline_screen,EAQ_CBB,35,2800648159,39070499,scenario_label=prefix80
formal_extended_baseline_screen,EAQ_CBB,35,1745901410,3704908028,scenario_label=clustered
formal_extended_baseline_screen,EAQ_CBB,36,1928770138,3279830686,scenario_label=random
formal_extended_baseline_screen,EAQ_CBB,36,1318647535,2007970973,scenario_label=prefixed
formal_extended_baseline_screen,EAQ_CBB,36,2487161622,435606541,scenario_label=prefix80
formal_extended_baseline_screen,EAQ_CBB,36,3755104620,3551241356,scenario_label=clustered
formal_extended_baseline_screen,EAQ_CBB,37,3956758156,2557740694,scenario_label=random
formal_extended_baseline_screen,EAQ_CBB,37,1372255346,3871598333,scenario_label=prefixed
formal_extended_baseline_screen,EAQ_CBB,37,707353532,2677208780,scenario_label=prefix80
formal_extended_baseline_screen,EAQ_CBB,37,1062845759,1258033326,scenario_label=clustered
formal_extended_baseline_screen,EAQ_CBB,38,957467494,1543170313,scenario_label=random
formal_extended_baseline_screen,EAQ_CBB,38,2919934110,2633880321,scenario_label=prefixed
formal_extended_baseline_screen,EAQ_CBB,38,3472369517,2077034171,scenario_label=prefix80
formal_extended_baseline_screen,EAQ_CBB,38,1660287430,3681280858,scenario_label=clustered
formal_extended_baseline_screen,EAQ_CBB,39,2866897990,983159324,scenario_label=random
formal_extended_baseline_screen,EAQ_CBB,39,86283338,1604106058,scenario_label=prefixed
formal_extended_baseline_screen,EAQ_CBB,39,1243192488,2468675221,scenario_label=prefix80
formal_extended_baseline_screen,EAQ_CBB,39,481472403,427914983,scenario_label=clustered
formal_extended_baseline_screen,EAQ_CBB,40,509607359,1679010614,scenario_label=random
formal_extended_baseline_screen,EAQ_CBB,40,2673896349,495774425,scenario_label=prefixed
formal_extended_baseline_screen,EAQ_CBB,40,1445782178,1022011714,scenario_label=prefix80
formal_extended_baseline_screen,EAQ_CBB,40,3422425815,901221408,scenario_label=clustered
formal_extended_baseline_screen,EAQ_CBB,41,2374982155,3862753781,scenario_label=random
formal_extended_baseline_screen,EAQ_CBB,41,2076339012,4092314992,scenario_label=prefixed
formal_extended_baseline_screen,EAQ_CBB,41,3727899068,1187809834,scenario_label=prefix80
formal_extended_baseline_screen,EAQ_CBB,41,4098968949,3585748087,scenario_label=clustered
formal_extended_baseline_screen,EAQ_CBB,42,2681934676,711451463,scenario_label=random
formal_extended_baseline_screen,EAQ_CBB,42,3463721453,883952963,scenario_label=prefixed
formal_extended_baseline_screen,EAQ_CBB,42,3090696183,2977720379,scenario_label=prefix80
formal_extended_baseline_screen,EAQ_CBB,42,3927309367,1256410765,scenario_label=clustered
formal_extended_baseline_screen,EAQ_CBB,43,3450749702,2725208457,scenario_label=random
formal_extended_baseline_screen,EAQ_CBB,43,144876194,3555025833,scenario_label=prefixed
formal_extended_baseline_screen,EAQ_CBB,43,1513479548,2180167781,scenario_label=prefix80
formal_extended_baseline_screen,EAQ_CBB,43,48141908,24846235,scenario_label=clustered
formal_extended_baseline_screen,EAQ_CBB,44,3987099893,2805740472,scenario_label=random
formal_extended_baseline_screen,EAQ_CBB,44,2327316353,3692637517,scenario_label=prefixed
formal_extended_baseline_screen,EAQ_CBB,44,2316918874,523363063,scenario_label=prefix80
formal_extended_baseline_screen,EAQ_CBB,44,828653254,579269484,scenario_label=clustered
formal_extended_baseline_screen,EAQ_CBB,45,3580828999,2994767170,scenario_label=random
formal_extended_baseline_screen,EAQ_CBB,45,1476163045,4247256106,scenario_label=prefixed
formal_extended_baseline_screen,EAQ_CBB,45,2573149326,3280488792,scenario_label=prefix80
formal_extended_baseline_screen,EAQ_CBB,45,2581397823,1564329003,scenario_label=clustered
formal_extended_baseline_screen,EAQ_CBB,46,3716381950,2013494301,scenario_label=random
formal_extended_baseline_screen,EAQ_CBB,46,2477060584,859572427,scenario_label=prefixed
formal_extended_baseline_screen,EAQ_CBB,46,2069287118,1266628808,scenario_label=prefix80
formal_extended_baseline_screen,EAQ_CBB,46,4117600980,2785167356,scenario_label=clustered
formal_extended_baseline_screen,EAQ_CBB,47,2943036703,2858992425,scenario_label=random
formal_extended_baseline_screen,EAQ_CBB,47,2255604210,1697178240,scenario_label=prefixed
formal_extended_baseline_screen,EAQ_CBB,47,1998039315,2799456294,scenario_label=prefix80
formal_extended_baseline_screen,EAQ_CBB,47,1376940312,2529257024,scenario_label=clustered
formal_extended_baseline_screen,EAQ_CBB,48,4126669249,196932851,scenario_label=random
formal_extended_baseline_screen,EAQ_CBB,48,2193895526,3762632856,scenario_label=prefixed
formal_extended_baseline_screen,EAQ_CBB,48,3566718053,3886517273,scenario_label=prefix80
formal_extended_baseline_screen,EAQ_CBB,48,3761635906,1104630222,scenario_label=clustered
formal_extended_baseline_screen,EAQ_CBB,49,675927661,551678021,scenario_label=random
formal_extended_baseline_screen,EAQ_CBB,49,2044777110,2159001011,scenario_label=prefixed
formal_extended_baseline_screen,EAQ_CBB,49,2799794232,2754348560,scenario_label=prefix80
formal_extended_baseline_screen,EAQ_CBB,49,2841386880,3861789284,scenario_label=clustered
formal_extended_baseline_screen,EMDT,0,3623283272,1780061912,scenario_label=random
formal_extended_baseline_screen,EMDT,0,116656660,2663756821,scenario_label=prefixed
formal_extended_baseline_screen,EMDT,0,1741802094,2309885594,scenario_label=prefix80
formal_extended_baseline_screen,EMDT,0,2095316255,4119574052,scenario_label=clustered
formal_extended_baseline_screen,EMDT,1,3864099846,745291196,scenario_label=random
formal_extended_baseline_screen,EMDT,1,889203247,4011902364,scenario_label=prefixed
formal_extended_baseline_screen,EMDT,1,2669137359,1728165472,scenario_label=prefix80
formal_extended_baseline_screen,EMDT,1,1179273823,3457710149,scenario_label=clustered
formal_extended_baseline_screen,EMDT,2,813036364,1922462109,scenario_label=random
formal_extended_baseline_screen,EMDT,2,1822834370,4142929625,scenario_label=prefixed
formal_extended_baseline_screen,EMDT,2,2479815273,2570611139,scenario_label=prefix80
formal_extended_baseline_screen,EMDT,2,2073761602,3681364252,scenario_label=clustered
formal_extended_baseline_screen,EMDT,3,57753915,211080079,scenario_label=random
formal_extended_baseline_screen,EMDT,3,2219440691,1070406846,scenario_label=prefixed
formal_extended_baseline_screen,EMDT,3,1286928148,330270441,scenario_label=prefix80
formal_extended_baseline_screen,EMDT,3,787561323,833237047,scenario_label=clustered
formal_extended_baseline_screen,EMDT,4,3819630184,3645019038,scenario_label=random
formal_extended_baseline_screen,EMDT,4,889858016,1219063157,scenario_label=prefixed
formal_extended_baseline_screen,EMDT,4,2696116183,1924662390,scenario_label=prefix80
formal_extended_baseline_screen,EMDT,4,688500632,621765183,scenario_label=clustered
formal_extended_baseline_screen,EMDT,5,2608777085,2950344845,scenario_label=random
formal_extended_baseline_screen,EMDT,5,3513520067,3621425848,scenario_label=prefixed
formal_extended_baseline_screen,EMDT,5,1840913042,3260024680,scenario_label=prefix80
formal_extended_baseline_screen,EMDT,5,3399855602,4117467463,scenario_label=clustered
formal_extended_baseline_screen,EMDT,6,1011355210,388524738,scenario_label=random
formal_extended_baseline_screen,EMDT,6,4182455193,808856499,scenario_label=prefixed
formal_extended_baseline_screen,EMDT,6,234351616,292499410,scenario_label=prefix80
formal_extended_baseline_screen,EMDT,6,1672192143,2362580058,scenario_label=clustered
formal_extended_baseline_screen,EMDT,7,2772753435,4283159086,scenario_label=random
formal_extended_baseline_screen,EMDT,7,1416235163,2470513992,scenario_label=prefixed
formal_extended_baseline_screen,EMDT,7,2635025427,3834939712,scenario_label=prefix80
formal_extended_baseline_screen,EMDT,7,1710578268,4128521458,scenario_label=clustered
formal_extended_baseline_screen,EMDT,8,3926250230,323698002,scenario_label=random
formal_extended_baseline_screen,EMDT,8,834749396,2185542434,scenario_label=prefixed
formal_extended_baseline_screen,EMDT,8,3619142060,2189343326,scenario_label=prefix80
formal_extended_baseline_screen,EMDT,8,3961209957,1935802906,scenario_label=clustered
formal_extended_baseline_screen,EMDT,9,58426829,3093883629,scenario_label=random
formal_extended_baseline_screen,EMDT,9,1183400892,2990550715,scenario_label=prefixed
formal_extended_baseline_screen,EMDT,9,3771146367,3315509799,scenario_label=prefix80
formal_extended_baseline_screen,EMDT,9,346261855,3542217924,scenario_label=clustered
formal_extended_baseline_screen,EMDT,10,1020324588,112925286,scenario_label=random
formal_extended_baseline_screen,EMDT,10,2061720330,2908981135,scenario_label=prefixed
formal_extended_baseline_screen,EMDT,10,1420417677,359596830,scenario_label=prefix80
formal_extended_baseline_screen,EMDT,10,4285535701,276040723,scenario_label=clustered
formal_extended_baseline_screen,EMDT,11,596195424,1672490596,scenario_label=random
formal_extended_baseline_screen,EMDT,11,2528955344,139268373,scenario_label=prefixed
formal_extended_baseline_screen,EMDT,11,4029019098,3332524207,scenario_label=prefix80
formal_extended_baseline_screen,EMDT,11,2138647285,3442208715,scenario_label=clustered
formal_extended_baseline_screen,EMDT,12,530428079,2921935926,scenario_label=random
formal_extended_baseline_screen,EMDT,12,3403028343,3476320451,scenario_label=prefixed
formal_extended_baseline_screen,EMDT,12,4132968395,2086126572,scenario_label=prefix80
formal_extended_baseline_screen,EMDT,12,4135791258,3147598816,scenario_label=clustered
formal_extended_baseline_screen,EMDT,13,3351110087,4040969029,scenario_label=random
formal_extended_baseline_screen,EMDT,13,3651045357,1187919486,scenario_label=prefixed
formal_extended_baseline_screen,EMDT,13,3503816222,3771512908,scenario_label=prefix80
formal_extended_baseline_screen,EMDT,13,2264469608,3580761583,scenario_label=clustered
formal_extended_baseline_screen,EMDT,14,1692097063,4213388948,scenario_label=random
formal_extended_baseline_screen,EMDT,14,1707141452,2274320904,scenario_label=prefixed
formal_extended_baseline_screen,EMDT,14,1479387709,1501825451,scenario_label=prefix80
formal_extended_baseline_screen,EMDT,14,1193971010,1249588112,scenario_label=clustered
formal_extended_baseline_screen,EMDT,15,1311958710,2532095210,scenario_label=random
formal_extended_baseline_screen,EMDT,15,1066348603,1372952870,scenario_label=prefixed
formal_extended_baseline_screen,EMDT,15,3410131684,1983489392,scenario_label=prefix80
formal_extended_baseline_screen,EMDT,15,2719779022,4183684909,scenario_label=clustered
formal_extended_baseline_screen,EMDT,16,4044322606,1652868249,scenario_label=random
formal_extended_baseline_screen,EMDT,16,2310609587,4218695815,scenario_label=prefixed
formal_extended_baseline_screen,EMDT,16,556887839,478143315,scenario_label=prefix80
formal_extended_baseline_screen,EMDT,16,2713732995,1345161635,scenario_label=clustered
formal_extended_baseline_screen,EMDT,17,1698610701,669971956,scenario_label=random
formal_extended_baseline_screen,EMDT,17,862396413,3987936487,scenario_label=prefixed
formal_extended_baseline_screen,EMDT,17,3860214662,3824960727,scenario_label=prefix80
formal_extended_baseline_screen,EMDT,17,2168941655,1905927871,scenario_label=clustered
formal_extended_baseline_screen,EMDT,18,3900906002,2781533419,scenario_label=random
formal_extended_baseline_screen,EMDT,18,1976791937,1331630494,scenario_label=prefixed
formal_extended_baseline_screen,EMDT,18,3973543592,3318337926,scenario_label=prefix80
formal_extended_baseline_screen,EMDT,18,3575544916,1250432475,scenario_label=clustered
formal_extended_baseline_screen,EMDT,19,3061364434,2141172987,scenario_label=random
formal_extended_baseline_screen,EMDT,19,3116852746,2301007734,scenario_label=prefixed
formal_extended_baseline_screen,EMDT,19,1163800006,1470821898,scenario_label=prefix80
formal_extended_baseline_screen,EMDT,19,99158156,2019671033,scenario_label=clustered
formal_extended_baseline_screen,EMDT,20,3722875878,2061425615,scenario_label=random
formal_extended_baseline_screen,EMDT,20,3001598358,1171703071,scenario_label=prefixed
formal_extended_baseline_screen,EMDT,20,1969154653,3619404993,scenario_label=prefix80
formal_extended_baseline_screen,EMDT,20,3278615476,3969672866,scenario_label=clustered
formal_extended_baseline_screen,EMDT,21,1880512712,3567968843,scenario_label=random
formal_extended_baseline_screen,EMDT,21,2792116651,1501627645,scenario_label=prefixed
formal_extended_baseline_screen,EMDT,21,3818182820,1190888976,scenario_label=prefix80
formal_extended_baseline_screen,EMDT,21,1495572643,3428681153,scenario_label=clustered
formal_extended_baseline_screen,EMDT,22,2483842946,1335886379,scenario_label=random
formal_extended_baseline_screen,EMDT,22,664859573,4000290431,scenario_label=prefixed
formal_extended_baseline_screen,EMDT,22,647152320,1501413419,scenario_label=prefix80
formal_extended_baseline_screen,EMDT,22,2138889899,2027182489,scenario_label=clustered
formal_extended_baseline_screen,EMDT,23,484606977,2297760788,scenario_label=random
formal_extended_baseline_screen,EMDT,23,4122393112,4108795250,scenario_label=prefixed
formal_extended_baseline_screen,EMDT,23,2468324303,1822161290,scenario_label=prefix80
formal_extended_baseline_screen,EMDT,23,3200206661,505910227,scenario_label=clustered
formal_extended_baseline_screen,EMDT,24,4167451253,3362111389,scenario_label=random
formal_extended_baseline_screen,EMDT,24,2427110912,2611149947,scenario_label=prefixed
formal_extended_baseline_screen,EMDT,24,4263242191,76895797,scenario_label=prefix80
formal_extended_baseline_screen,EMDT,24,3387768436,1921732269,scenario_label=clustered
formal_extended_baseline_screen,EMDT,25,1401592609,2324687487,scenario_label=random
formal_extended_baseline_screen,EMDT,25,4217303339,517981707,scenario_label=prefixed
formal_extended_baseline_screen,EMDT,25,2677772902,3979882854,scenario_label=prefix80
formal_extended_baseline_screen,EMDT,25,4190779514,4163350957,scenario_label=clustered
formal_extended_baseline_screen,EMDT,26,2865864341,830054223,scenario_label=random
formal_extended_baseline_screen,EMDT,26,1478210380,1708756896,scenario_label=prefixed
formal_extended_baseline_screen,EMDT,26,229837212,201198229,scenario_label=prefix80
formal_extended_baseline_screen,EMDT,26,3925234375,1197095745,scenario_label=clustered
formal_extended_baseline_screen,EMDT,27,1975682606,1677072423,scenario_label=random
formal_extended_baseline_screen,EMDT,27,3217990807,2360147132,scenario_label=prefixed
formal_extended_baseline_screen,EMDT,27,2830123666,156555730,scenario_label=prefix80
formal_extended_baseline_screen,EMDT,27,3377847691,2090985872,scenario_label=clustered
formal_extended_baseline_screen,EMDT,28,264712398,2376040780,scenario_label=random
formal_extended_baseline_screen,EMDT,28,2849627408,2807429467,scenario_label=prefixed
formal_extended_baseline_screen,EMDT,28,2205676394,368707365,scenario_label=prefix80
formal_extended_baseline_screen,EMDT,28,1883537458,3711632988,scenario_label=clustered
formal_extended_baseline_screen,EMDT,29,814411954,484298363,scenario_label=random
formal_extended_baseline_screen,EMDT,29,3130433991,3185121064,scenario_label=prefixed
formal_extended_baseline_screen,EMDT,29,1229335753,3199400560,scenario_label=prefix80
formal_extended_baseline_screen,EMDT,29,3172725409,3064034209,scenario_label=clustered
formal_extended_baseline_screen,EMDT,30,1675969911,2459994461,scenario_label=random
formal_extended_baseline_screen,EMDT,30,2782577657,4045683689,scenario_label=prefixed
formal_extended_baseline_screen,EMDT,30,511059701,1031283048,scenario_label=prefix80
formal_extended_baseline_screen,EMDT,30,3855081597,4157911191,scenario_label=clustered
formal_extended_baseline_screen,EMDT,31,3265993510,4080468505,scenario_label=random
formal_extended_baseline_screen,EMDT,31,1064392848,2636594390,scenario_label=prefixed
formal_extended_baseline_screen,EMDT,31,2404369372,3035575627,scenario_label=prefix80
formal_extended_baseline_screen,EMDT,31,1581184839,1691022362,scenario_label=clustered
formal_extended_baseline_screen,EMDT,32,2252910599,2046226737,scenario_label=random
formal_extended_baseline_screen,EMDT,32,3774357635,1059494771,scenario_label=prefixed
formal_extended_baseline_screen,EMDT,32,3552680233,2412729948,scenario_label=prefix80
formal_extended_baseline_screen,EMDT,32,1120776253,322098996,scenario_label=clustered
formal_extended_baseline_screen,EMDT,33,2042956436,519003887,scenario_label=random
formal_extended_baseline_screen,EMDT,33,2604247550,3616827555,scenario_label=prefixed
formal_extended_baseline_screen,EMDT,33,4264852947,2006311411,scenario_label=prefix80
formal_extended_baseline_screen,EMDT,33,1884500039,3428924920,scenario_label=clustered
formal_extended_baseline_screen,EMDT,34,1926156841,2841167189,scenario_label=random
formal_extended_baseline_screen,EMDT,34,304335199,17319282,scenario_label=prefixed
formal_extended_baseline_screen,EMDT,34,1538798478,3064786146,scenario_label=prefix80
formal_extended_baseline_screen,EMDT,34,2234370540,4056817764,scenario_label=clustered
formal_extended_baseline_screen,EMDT,35,2690207514,867233965,scenario_label=random
formal_extended_baseline_screen,EMDT,35,4048739445,281239225,scenario_label=prefixed
formal_extended_baseline_screen,EMDT,35,2800648159,271711212,scenario_label=prefix80
formal_extended_baseline_screen,EMDT,35,1745901410,4270051355,scenario_label=clustered
formal_extended_baseline_screen,EMDT,36,1928770138,1559198443,scenario_label=random
formal_extended_baseline_screen,EMDT,36,1318647535,3624469894,scenario_label=prefixed
formal_extended_baseline_screen,EMDT,36,2487161622,1144607808,scenario_label=prefix80
formal_extended_baseline_screen,EMDT,36,3755104620,3345531462,scenario_label=clustered
formal_extended_baseline_screen,EMDT,37,3956758156,3561608513,scenario_label=random
formal_extended_baseline_screen,EMDT,37,1372255346,798306660,scenario_label=prefixed
formal_extended_baseline_screen,EMDT,37,707353532,1710188289,scenario_label=prefix80
formal_extended_baseline_screen,EMDT,37,1062845759,2714775488,scenario_label=clustered
formal_extended_baseline_screen,EMDT,38,957467494,85358088,scenario_label=random
formal_extended_baseline_screen,EMDT,38,2919934110,3675525151,scenario_label=prefixed
formal_extended_baseline_screen,EMDT,38,3472369517,1364148276,scenario_label=prefix80
formal_extended_baseline_screen,EMDT,38,1660287430,3234454589,scenario_label=clustered
formal_extended_baseline_screen,EMDT,39,2866897990,3341909113,scenario_label=random
formal_extended_baseline_screen,EMDT,39,86283338,1722852050,scenario_label=prefixed
formal_extended_baseline_screen,EMDT,39,1243192488,1696852702,scenario_label=prefix80
formal_extended_baseline_screen,EMDT,39,481472403,2737842169,scenario_label=clustered
formal_extended_baseline_screen,EMDT,40,509607359,2803583559,scenario_label=random
formal_extended_baseline_screen,EMDT,40,2673896349,4254361233,scenario_label=prefixed
formal_extended_baseline_screen,EMDT,40,1445782178,3918981633,scenario_label=prefix80
formal_extended_baseline_screen,EMDT,40,3422425815,2963099780,scenario_label=clustered
formal_extended_baseline_screen,EMDT,41,2374982155,2228946195,scenario_label=random
formal_extended_baseline_screen,EMDT,41,2076339012,2952893628,scenario_label=prefixed
formal_extended_baseline_screen,EMDT,41,3727899068,873731580,scenario_label=prefix80
formal_extended_baseline_screen,EMDT,41,4098968949,785988076,scenario_label=clustered
formal_extended_baseline_screen,EMDT,42,2681934676,1919305975,scenario_label=random
formal_extended_baseline_screen,EMDT,42,3463721453,1212522283,scenario_label=prefixed
formal_extended_baseline_screen,EMDT,42,3090696183,2240901887,scenario_label=prefix80
formal_extended_baseline_screen,EMDT,42,3927309367,1495888859,scenario_label=clustered
formal_extended_baseline_screen,EMDT,43,3450749702,511359428,scenario_label=random
formal_extended_baseline_screen,EMDT,43,144876194,4174722385,scenario_label=prefixed
formal_extended_baseline_screen,EMDT,43,1513479548,3988299395,scenario_label=prefix80
formal_extended_baseline_screen,EMDT,43,48141908,3721884238,scenario_label=clustered
formal_extended_baseline_screen,EMDT,44,3987099893,468051688,scenario_label=random
formal_extended_baseline_screen,EMDT,44,2327316353,551024467,scenario_label=prefixed
formal_extended_baseline_screen,EMDT,44,2316918874,966915450,scenario_label=prefix80
formal_extended_baseline_screen,EMDT,44,828653254,2166782986,scenario_label=clustered
formal_extended_baseline_screen,EMDT,45,3580828999,965163293,scenario_label=random
formal_extended_baseline_screen,EMDT,45,1476163045,788505082,scenario_label=prefixed
formal_extended_baseline_screen,EMDT,45,2573149326,3324997011,scenario_label=prefix80
formal_extended_baseline_screen,EMDT,45,2581397823,3902905562,scenario_label=clustered
formal_extended_baseline_screen,EMDT,46,3716381950,2142332971,scenario_label=random
formal_extended_baseline_screen,EMDT,46,2477060584,1184715310,scenario_label=prefixed
formal_extended_baseline_screen,EMDT,46,2069287118,3821810697,scenario_label=prefix80
formal_extended_baseline_screen,EMDT,46,4117600980,2935237909,scenario_label=clustered
formal_extended_baseline_screen,EMDT,47,2943036703,2512958010,scenario_label=random
formal_extended_baseline_screen,EMDT,47,2255604210,4006432085,scenario_label=prefixed
formal_extended_baseline_screen,EMDT,47,1998039315,2539431069,scenario_label=prefix80
formal_extended_baseline_screen,EMDT,47,1376940312,785552402,scenario_label=clustered
formal_extended_baseline_screen,EMDT,48,4126669249,2185310904,scenario_label=random
formal_extended_baseline_screen,EMDT,48,2193895526,1914710344,scenario_label=prefixed
formal_extended_baseline_screen,EMDT,48,3566718053,4035583985,scenario_label=prefix80
formal_extended_baseline_screen,EMDT,48,3761635906,2298898112,scenario_label=clustered
formal_extended_baseline_screen,EMDT,49,675927661,876863111,scenario_label=random
formal_extended_baseline_screen,EMDT,49,2044777110,1050322458,scenario_label=prefixed
formal_extended_baseline_screen,EMDT,49,2799794232,2592731184,scenario_label=prefix80
formal_extended_baseline_screen,EMDT,49,2841386880,3365552593,scenario_label=clustered
formal_extended_baseline_screen,HT_EEAC,0,3623283272,3446543118,scenario_label=random
formal_extended_baseline_screen,HT_EEAC,0,116656660,491105355,scenario_label=prefixed
formal_extended_baseline_screen,HT_EEAC,0,1741802094,3195611935,scenario_label=prefix80
formal_extended_baseline_screen,HT_EEAC,0,2095316255,1871630459,scenario_label=clustered
formal_extended_baseline_screen,HT_EEAC,1,3864099846,4120155421,scenario_label=random
formal_extended_baseline_screen,HT_EEAC,1,889203247,3333289103,scenario_label=prefixed
formal_extended_baseline_screen,HT_EEAC,1,2669137359,287460761,scenario_label=prefix80
formal_extended_baseline_screen,HT_EEAC,1,1179273823,218055177,scenario_label=clustered
formal_extended_baseline_screen,HT_EEAC,2,813036364,570812306,scenario_label=random
formal_extended_baseline_screen,HT_EEAC,2,1822834370,1238081726,scenario_label=prefixed
formal_extended_baseline_screen,HT_EEAC,2,2479815273,1522879191,scenario_label=prefix80
formal_extended_baseline_screen,HT_EEAC,2,2073761602,412164293,scenario_label=clustered
formal_extended_baseline_screen,HT_EEAC,3,57753915,2385762457,scenario_label=random
formal_extended_baseline_screen,HT_EEAC,3,2219440691,343768343,scenario_label=prefixed
formal_extended_baseline_screen,HT_EEAC,3,1286928148,2787438649,scenario_label=prefix80
formal_extended_baseline_screen,HT_EEAC,3,787561323,2432738604,scenario_label=clustered
formal_extended_baseline_screen,HT_EEAC,4,3819630184,3021260287,scenario_label=random
formal_extended_baseline_screen,HT_EEAC,4,889858016,3126230166,scenario_label=prefixed
formal_extended_baseline_screen,HT_EEAC,4,2696116183,1758835887,scenario_label=prefix80
formal_extended_baseline_screen,HT_EEAC,4,688500632,2173577951,scenario_label=clustered
formal_extended_baseline_screen,HT_EEAC,5,2608777085,681727766,scenario_label=random
formal_extended_baseline_screen,HT_EEAC,5,3513520067,26350581,scenario_label=prefixed
formal_extended_baseline_screen,HT_EEAC,5,1840913042,1879560869,scenario_label=prefix80
formal_extended_baseline_screen,HT_EEAC,5,3399855602,3644599672,scenario_label=clustered
formal_extended_baseline_screen,HT_EEAC,6,1011355210,493407713,scenario_label=random
formal_extended_baseline_screen,HT_EEAC,6,4182455193,2818997854,scenario_label=prefixed
formal_extended_baseline_screen,HT_EEAC,6,234351616,2925334407,scenario_label=prefix80
formal_extended_baseline_screen,HT_EEAC,6,1672192143,506502892,scenario_label=clustered
formal_extended_baseline_screen,HT_EEAC,7,2772753435,3697124680,scenario_label=random
formal_extended_baseline_screen,HT_EEAC,7,1416235163,623010779,scenario_label=prefixed
formal_extended_baseline_screen,HT_EEAC,7,2635025427,2028981081,scenario_label=prefix80
formal_extended_baseline_screen,HT_EEAC,7,1710578268,2998085033,scenario_label=clustered
formal_extended_baseline_screen,HT_EEAC,8,3926250230,1033251414,scenario_label=random
formal_extended_baseline_screen,HT_EEAC,8,834749396,1695005341,scenario_label=prefixed
formal_extended_baseline_screen,HT_EEAC,8,3619142060,877429193,scenario_label=prefix80
formal_extended_baseline_screen,HT_EEAC,8,3961209957,1277454135,scenario_label=clustered
formal_extended_baseline_screen,HT_EEAC,9,58426829,1514151289,scenario_label=random
formal_extended_baseline_screen,HT_EEAC,9,1183400892,2298356244,scenario_label=prefixed
formal_extended_baseline_screen,HT_EEAC,9,3771146367,1422653272,scenario_label=prefix80
formal_extended_baseline_screen,HT_EEAC,9,346261855,4065994221,scenario_label=clustered
formal_extended_baseline_screen,HT_EEAC,10,1020324588,542493336,scenario_label=random
formal_extended_baseline_screen,HT_EEAC,10,2061720330,3971369032,scenario_label=prefixed
formal_extended_baseline_screen,HT_EEAC,10,1420417677,3385172619,scenario_label=prefix80
formal_extended_baseline_screen,HT_EEAC,10,4285535701,115415739,scenario_label=clustered
formal_extended_baseline_screen,HT_EEAC,11,596195424,3210548545,scenario_label=random
formal_extended_baseline_screen,HT_EEAC,11,2528955344,2074440064,scenario_label=prefixed
formal_extended_baseline_screen,HT_EEAC,11,4029019098,2526882731,scenario_label=prefix80
formal_extended_baseline_screen,HT_EEAC,11,2138647285,1382973369,scenario_label=clustered
formal_extended_baseline_screen,HT_EEAC,12,530428079,443214716,scenario_label=random
formal_extended_baseline_screen,HT_EEAC,12,3403028343,2248012092,scenario_label=prefixed
formal_extended_baseline_screen,HT_EEAC,12,4132968395,4127238416,scenario_label=prefix80
formal_extended_baseline_screen,HT_EEAC,12,4135791258,159780271,scenario_label=clustered
formal_extended_baseline_screen,HT_EEAC,13,3351110087,2914986066,scenario_label=random
formal_extended_baseline_screen,HT_EEAC,13,3651045357,3906357211,scenario_label=prefixed
formal_extended_baseline_screen,HT_EEAC,13,3503816222,3793401356,scenario_label=prefix80
formal_extended_baseline_screen,HT_EEAC,13,2264469608,6272279,scenario_label=clustered
formal_extended_baseline_screen,HT_EEAC,14,1692097063,1802161325,scenario_label=random
formal_extended_baseline_screen,HT_EEAC,14,1707141452,451707459,scenario_label=prefixed
formal_extended_baseline_screen,HT_EEAC,14,1479387709,774121013,scenario_label=prefix80
formal_extended_baseline_screen,HT_EEAC,14,1193971010,2954068174,scenario_label=clustered
formal_extended_baseline_screen,HT_EEAC,15,1311958710,561180967,scenario_label=random
formal_extended_baseline_screen,HT_EEAC,15,1066348603,223103679,scenario_label=prefixed
formal_extended_baseline_screen,HT_EEAC,15,3410131684,3738778922,scenario_label=prefix80
formal_extended_baseline_screen,HT_EEAC,15,2719779022,3182552784,scenario_label=clustered
formal_extended_baseline_screen,HT_EEAC,16,4044322606,3776284239,scenario_label=random
formal_extended_baseline_screen,HT_EEAC,16,2310609587,4207514978,scenario_label=prefixed
formal_extended_baseline_screen,HT_EEAC,16,556887839,1125852106,scenario_label=prefix80
formal_extended_baseline_screen,HT_EEAC,16,2713732995,2274984097,scenario_label=clustered
formal_extended_baseline_screen,HT_EEAC,17,1698610701,2095750419,scenario_label=random
formal_extended_baseline_screen,HT_EEAC,17,862396413,915785968,scenario_label=prefixed
formal_extended_baseline_screen,HT_EEAC,17,3860214662,1809535977,scenario_label=prefix80
formal_extended_baseline_screen,HT_EEAC,17,2168941655,4061752377,scenario_label=clustered
formal_extended_baseline_screen,HT_EEAC,18,3900906002,297202696,scenario_label=random
formal_extended_baseline_screen,HT_EEAC,18,1976791937,2116868584,scenario_label=prefixed
formal_extended_baseline_screen,HT_EEAC,18,3973543592,4045709741,scenario_label=prefix80
formal_extended_baseline_screen,HT_EEAC,18,3575544916,88903023,scenario_label=clustered
formal_extended_baseline_screen,HT_EEAC,19,3061364434,2660811005,scenario_label=random
formal_extended_baseline_screen,HT_EEAC,19,3116852746,1098077743,scenario_label=prefixed
formal_extended_baseline_screen,HT_EEAC,19,1163800006,2137583743,scenario_label=prefix80
formal_extended_baseline_screen,HT_EEAC,19,99158156,3600934229,scenario_label=clustered
formal_extended_baseline_screen,HT_EEAC,20,3722875878,2292479427,scenario_label=random
formal_extended_baseline_screen,HT_EEAC,20,3001598358,3700171054,scenario_label=prefixed
formal_extended_baseline_screen,HT_EEAC,20,1969154653,3881726008,scenario_label=prefix80
formal_extended_baseline_screen,HT_EEAC,20,3278615476,1967726180,scenario_label=clustered
formal_extended_baseline_screen,HT_EEAC,21,1880512712,1869930781,scenario_label=random
formal_extended_baseline_screen,HT_EEAC,21,2792116651,1532756952,scenario_label=prefixed
formal_extended_baseline_screen,HT_EEAC,21,3818182820,409799066,scenario_label=prefix80
formal_extended_baseline_screen,HT_EEAC,21,1495572643,3677675099,scenario_label=clustered
formal_extended_baseline_screen,HT_EEAC,22,2483842946,1927342632,scenario_label=random
formal_extended_baseline_screen,HT_EEAC,22,664859573,1689538388,scenario_label=prefixed
formal_extended_baseline_screen,HT_EEAC,22,647152320,3892706096,scenario_label=prefix80
formal_extended_baseline_screen,HT_EEAC,22,2138889899,1150958448,scenario_label=clustered
formal_extended_baseline_screen,HT_EEAC,23,484606977,612214858,scenario_label=random
formal_extended_baseline_screen,HT_EEAC,23,4122393112,911477210,scenario_label=prefixed
formal_extended_baseline_screen,HT_EEAC,23,2468324303,983720583,scenario_label=prefix80
formal_extended_baseline_screen,HT_EEAC,23,3200206661,458329226,scenario_label=clustered
formal_extended_baseline_screen,HT_EEAC,24,4167451253,3444203924,scenario_label=random
formal_extended_baseline_screen,HT_EEAC,24,2427110912,125455045,scenario_label=prefixed
formal_extended_baseline_screen,HT_EEAC,24,4263242191,3220776658,scenario_label=prefix80
formal_extended_baseline_screen,HT_EEAC,24,3387768436,664841314,scenario_label=clustered
formal_extended_baseline_screen,HT_EEAC,25,1401592609,4051474602,scenario_label=random
formal_extended_baseline_screen,HT_EEAC,25,4217303339,466199022,scenario_label=prefixed
formal_extended_baseline_screen,HT_EEAC,25,2677772902,3352993439,scenario_label=prefix80
formal_extended_baseline_screen,HT_EEAC,25,4190779514,773807567,scenario_label=clustered
formal_extended_baseline_screen,HT_EEAC,26,2865864341,1093171735,scenario_label=random
formal_extended_baseline_screen,HT_EEAC,26,1478210380,2877153686,scenario_label=prefixed
formal_extended_baseline_screen,HT_EEAC,26,229837212,788614000,scenario_label=prefix80
formal_extended_baseline_screen,HT_EEAC,26,3925234375,702074282,scenario_label=clustered
formal_extended_baseline_screen,HT_EEAC,27,1975682606,3291506089,scenario_label=random
formal_extended_baseline_screen,HT_EEAC,27,3217990807,3113607341,scenario_label=prefixed
formal_extended_baseline_screen,HT_EEAC,27,2830123666,1235162493,scenario_label=prefix80
formal_extended_baseline_screen,HT_EEAC,27,3377847691,337174560,scenario_label=clustered
formal_extended_baseline_screen,HT_EEAC,28,264712398,3572172680,scenario_label=random
formal_extended_baseline_screen,HT_EEAC,28,2849627408,1775035534,scenario_label=prefixed
formal_extended_baseline_screen,HT_EEAC,28,2205676394,217309329,scenario_label=prefix80
formal_extended_baseline_screen,HT_EEAC,28,1883537458,1793457672,scenario_label=clustered
formal_extended_baseline_screen,HT_EEAC,29,814411954,2665796495,scenario_label=random
formal_extended_baseline_screen,HT_EEAC,29,3130433991,3212346117,scenario_label=prefixed
formal_extended_baseline_screen,HT_EEAC,29,1229335753,3526492846,scenario_label=prefix80
formal_extended_baseline_screen,HT_EEAC,29,3172725409,3262973585,scenario_label=clustered
formal_extended_baseline_screen,HT_EEAC,30,1675969911,2351656376,scenario_label=random
formal_extended_baseline_screen,HT_EEAC,30,2782577657,3519730306,scenario_label=prefixed
formal_extended_baseline_screen,HT_EEAC,30,511059701,2912391477,scenario_label=prefix80
formal_extended_baseline_screen,HT_EEAC,30,3855081597,3708342374,scenario_label=clustered
formal_extended_baseline_screen,HT_EEAC,31,3265993510,2030054312,scenario_label=random
formal_extended_baseline_screen,HT_EEAC,31,1064392848,3091686073,scenario_label=prefixed
formal_extended_baseline_screen,HT_EEAC,31,2404369372,313179518,scenario_label=prefix80
formal_extended_baseline_screen,HT_EEAC,31,1581184839,1046497613,scenario_label=clustered
formal_extended_baseline_screen,HT_EEAC,32,2252910599,1294456446,scenario_label=random
formal_extended_baseline_screen,HT_EEAC,32,3774357635,1660837676,scenario_label=prefixed
formal_extended_baseline_screen,HT_EEAC,32,3552680233,902201638,scenario_label=prefix80
formal_extended_baseline_screen,HT_EEAC,32,1120776253,1947352281,scenario_label=clustered
formal_extended_baseline_screen,HT_EEAC,33,2042956436,2875709476,scenario_label=random
formal_extended_baseline_screen,HT_EEAC,33,2604247550,2294704273,scenario_label=prefixed
formal_extended_baseline_screen,HT_EEAC,33,4264852947,4025842392,scenario_label=prefix80
formal_extended_baseline_screen,HT_EEAC,33,1884500039,555194093,scenario_label=clustered
formal_extended_baseline_screen,HT_EEAC,34,1926156841,2766662551,scenario_label=random
formal_extended_baseline_screen,HT_EEAC,34,304335199,70216916,scenario_label=prefixed
formal_extended_baseline_screen,HT_EEAC,34,1538798478,1187105603,scenario_label=prefix80
formal_extended_baseline_screen,HT_EEAC,34,2234370540,3155005355,scenario_label=clustered
formal_extended_baseline_screen,HT_EEAC,35,2690207514,2468908639,scenario_label=random
formal_extended_baseline_screen,HT_EEAC,35,4048739445,1278867515,scenario_label=prefixed
formal_extended_baseline_screen,HT_EEAC,35,2800648159,3775269234,scenario_label=prefix80
formal_extended_baseline_screen,HT_EEAC,35,1745901410,2216518897,scenario_label=clustered
formal_extended_baseline_screen,HT_EEAC,36,1928770138,994813466,scenario_label=random
formal_extended_baseline_screen,HT_EEAC,36,1318647535,4244734124,scenario_label=prefixed
formal_extended_baseline_screen,HT_EEAC,36,2487161622,1455751365,scenario_label=prefix80
formal_extended_baseline_screen,HT_EEAC,36,3755104620,99980065,scenario_label=clustered
formal_extended_baseline_screen,HT_EEAC,37,3956758156,2924543032,scenario_label=random
formal_extended_baseline_screen,HT_EEAC,37,1372255346,811042678,scenario_label=prefixed
formal_extended_baseline_screen,HT_EEAC,37,707353532,3224625613,scenario_label=prefix80
formal_extended_baseline_screen,HT_EEAC,37,1062845759,1181019968,scenario_label=clustered
formal_extended_baseline_screen,HT_EEAC,38,957467494,1581138708,scenario_label=random
formal_extended_baseline_screen,HT_EEAC,38,2919934110,1632123657,scenario_label=prefixed
formal_extended_baseline_screen,HT_EEAC,38,3472369517,1498442769,scenario_label=prefix80
formal_extended_baseline_screen,HT_EEAC,38,1660287430,1206034903,scenario_label=clustered
formal_extended_baseline_screen,HT_EEAC,39,2866897990,4032442263,scenario_label=random
formal_extended_baseline_screen,HT_EEAC,39,86283338,341655743,scenario_label=prefixed
formal_extended_baseline_screen,HT_EEAC,39,1243192488,2271441492,scenario_label=prefix80
formal_extended_baseline_screen,HT_EEAC,39,481472403,2901654221,scenario_label=clustered
formal_extended_baseline_screen,HT_EEAC,40,509607359,566811404,scenario_label=random
formal_extended_baseline_screen,HT_EEAC,40,2673896349,639046274,scenario_label=prefixed
formal_extended_baseline_screen,HT_EEAC,40,1445782178,3907788158,scenario_label=prefix80
formal_extended_baseline_screen,HT_EEAC,40,3422425815,2171116776,scenario_label=clustered
formal_extended_baseline_screen,HT_EEAC,41,2374982155,3865249039,scenario_label=random
formal_extended_baseline_screen,HT_EEAC,41,2076339012,3203610013,scenario_label=prefixed
formal_extended_baseline_screen,HT_EEAC,41,3727899068,837331255,scenario_label=prefix80
formal_extended_baseline_screen,HT_EEAC,41,4098968949,653604799,scenario_label=clustered
formal_extended_baseline_screen,HT_EEAC,42,2681934676,1435842531,scenario_label=random
formal_extended_baseline_screen,HT_EEAC,42,3463721453,1545745251,scenario_label=prefixed
formal_extended_baseline_screen,HT_EEAC,42,3090696183,879974590,scenario_label=prefix80
formal_extended_baseline_screen,HT_EEAC,42,3927309367,4017912964,scenario_label=clustered
formal_extended_baseline_screen,HT_EEAC,43,3450749702,744755294,scenario_label=random
formal_extended_baseline_screen,HT_EEAC,43,144876194,2916122273,scenario_label=prefixed
formal_extended_baseline_screen,HT_EEAC,43,1513479548,1389508608,scenario_label=prefix80
formal_extended_baseline_screen,HT_EEAC,43,48141908,3784905675,scenario_label=clustered
formal_extended_baseline_screen,HT_EEAC,44,3987099893,584392423,scenario_label=random
formal_extended_baseline_screen,HT_EEAC,44,2327316353,2556665930,scenario_label=prefixed
formal_extended_baseline_screen,HT_EEAC,44,2316918874,3004025957,scenario_label=prefix80
formal_extended_baseline_screen,HT_EEAC,44,828653254,4148074827,scenario_label=clustered
formal_extended_baseline_screen,HT_EEAC,45,3580828999,2135675028,scenario_label=random
formal_extended_baseline_screen,HT_EEAC,45,1476163045,66128000,scenario_label=prefixed
formal_extended_baseline_screen,HT_EEAC,45,2573149326,1813756121,scenario_label=prefix80
formal_extended_baseline_screen,HT_EEAC,45,2581397823,3690177264,scenario_label=clustered
formal_extended_baseline_screen,HT_EEAC,46,3716381950,3366238535,scenario_label=random
formal_extended_baseline_screen,HT_EEAC,46,2477060584,492385223,scenario_label=prefixed
formal_extended_baseline_screen,HT_EEAC,46,2069287118,3388367763,scenario_label=prefix80
formal_extended_baseline_screen,HT_EEAC,46,4117600980,1758856994,scenario_label=clustered
formal_extended_baseline_screen,HT_EEAC,47,2943036703,2041823145,scenario_label=random
formal_extended_baseline_screen,HT_EEAC,47,2255604210,341360272,scenario_label=prefixed
formal_extended_baseline_screen,HT_EEAC,47,1998039315,56751932,scenario_label=prefix80
formal_extended_baseline_screen,HT_EEAC,47,1376940312,2833159723,scenario_label=clustered
formal_extended_baseline_screen,HT_EEAC,48,4126669249,1090302030,scenario_label=random
formal_extended_baseline_screen,HT_EEAC,48,2193895526,3944815705,scenario_label=prefixed
formal_extended_baseline_screen,HT_EEAC,48,3566718053,2387407534,scenario_label=prefix80
formal_extended_baseline_screen,HT_EEAC,48,3761635906,3423675258,scenario_label=clustered
formal_extended_baseline_screen,HT_EEAC,49,675927661,2781565440,scenario_label=random
formal_extended_baseline_screen,HT_EEAC,49,2044777110,2300231627,scenario_label=prefixed
formal_extended_baseline_screen,HT_EEAC,49,2799794232,3112437567,scenario_label=prefix80
formal_extended_baseline_screen,HT_EEAC,49,2841386880,1481822335,scenario_label=clustered
formal_extended_baseline_screen,ICT,0,3623283272,3475742770,scenario_label=random
formal_extended_baseline_screen,ICT,0,116656660,3624765905,scenario_label=prefixed
formal_extended_baseline_screen,ICT,0,1741802094,2390303054,scenario_label=prefix80
formal_extended_baseline_screen,ICT,0,2095316255,3138515996,scenario_label=clustered
formal_extended_baseline_screen,ICT,1,3864099846,1657072911,scenario_label=random
formal_extended_baseline_screen,ICT,1,889203247,1135858801,scenario_label=prefixed
formal_extended_baseline_screen,ICT,1,2669137359,2404345552,scenario_label=prefix80
formal_extended_baseline_screen,ICT,1,1179273823,3297840154,scenario_label=clustered
formal_extended_baseline_screen,ICT,2,813036364,2766098412,scenario_label=random
formal_extended_baseline_screen,ICT,2,1822834370,529124288,scenario_label=prefixed
formal_extended_baseline_screen,ICT,2,2479815273,2134316438,scenario_label=prefix80
formal_extended_baseline_screen,ICT,2,2073761602,4011124099,scenario_label=clustered
formal_extended_baseline_screen,ICT,3,57753915,1767208040,scenario_label=random
formal_extended_baseline_screen,ICT,3,2219440691,3841490757,scenario_label=prefixed
formal_extended_baseline_screen,ICT,3,1286928148,3072553869,scenario_label=prefix80
formal_extended_baseline_screen,ICT,3,787561323,984337162,scenario_label=clustered
formal_extended_baseline_screen,ICT,4,3819630184,1764839356,scenario_label=random
formal_extended_baseline_screen,ICT,4,889858016,2183991104,scenario_label=prefixed
formal_extended_baseline_screen,ICT,4,2696116183,969307782,scenario_label=prefix80
formal_extended_baseline_screen,ICT,4,688500632,3550594951,scenario_label=clustered
formal_extended_baseline_screen,ICT,5,2608777085,2015895376,scenario_label=random
formal_extended_baseline_screen,ICT,5,3513520067,2520413095,scenario_label=prefixed
formal_extended_baseline_screen,ICT,5,1840913042,3179299883,scenario_label=prefix80
formal_extended_baseline_screen,ICT,5,3399855602,3233123510,scenario_label=clustered
formal_extended_baseline_screen,ICT,6,1011355210,296723280,scenario_label=random
formal_extended_baseline_screen,ICT,6,4182455193,3948394809,scenario_label=prefixed
formal_extended_baseline_screen,ICT,6,234351616,3680451422,scenario_label=prefix80
formal_extended_baseline_screen,ICT,6,1672192143,1975514218,scenario_label=clustered
formal_extended_baseline_screen,ICT,7,2772753435,894029168,scenario_label=random
formal_extended_baseline_screen,ICT,7,1416235163,3585193942,scenario_label=prefixed
formal_extended_baseline_screen,ICT,7,2635025427,1847358999,scenario_label=prefix80
formal_extended_baseline_screen,ICT,7,1710578268,3890034253,scenario_label=clustered
formal_extended_baseline_screen,ICT,8,3926250230,3222116749,scenario_label=random
formal_extended_baseline_screen,ICT,8,834749396,2762434067,scenario_label=prefixed
formal_extended_baseline_screen,ICT,8,3619142060,4196288957,scenario_label=prefix80
formal_extended_baseline_screen,ICT,8,3961209957,1306653416,scenario_label=clustered
formal_extended_baseline_screen,ICT,9,58426829,1428414364,scenario_label=random
formal_extended_baseline_screen,ICT,9,1183400892,2458780176,scenario_label=prefixed
formal_extended_baseline_screen,ICT,9,3771146367,1887926751,scenario_label=prefix80
formal_extended_baseline_screen,ICT,9,346261855,2931936830,scenario_label=clustered
formal_extended_baseline_screen,ICT,10,1020324588,3044808659,scenario_label=random
formal_extended_baseline_screen,ICT,10,2061720330,3700314734,scenario_label=prefixed
formal_extended_baseline_screen,ICT,10,1420417677,1723223334,scenario_label=prefix80
formal_extended_baseline_screen,ICT,10,4285535701,3321085986,scenario_label=clustered
formal_extended_baseline_screen,ICT,11,596195424,1764554239,scenario_label=random
formal_extended_baseline_screen,ICT,11,2528955344,2689290775,scenario_label=prefixed
formal_extended_baseline_screen,ICT,11,4029019098,3170970213,scenario_label=prefix80
formal_extended_baseline_screen,ICT,11,2138647285,2829723446,scenario_label=clustered
formal_extended_baseline_screen,ICT,12,530428079,4174964893,scenario_label=random
formal_extended_baseline_screen,ICT,12,3403028343,1307153225,scenario_label=prefixed
formal_extended_baseline_screen,ICT,12,4132968395,1101377470,scenario_label=prefix80
formal_extended_baseline_screen,ICT,12,4135791258,3245259608,scenario_label=clustered
formal_extended_baseline_screen,ICT,13,3351110087,322397549,scenario_label=random
formal_extended_baseline_screen,ICT,13,3651045357,811282658,scenario_label=prefixed
formal_extended_baseline_screen,ICT,13,3503816222,738237873,scenario_label=prefix80
formal_extended_baseline_screen,ICT,13,2264469608,2959692855,scenario_label=clustered
formal_extended_baseline_screen,ICT,14,1692097063,1138331801,scenario_label=random
formal_extended_baseline_screen,ICT,14,1707141452,1880285390,scenario_label=prefixed
formal_extended_baseline_screen,ICT,14,1479387709,2105518357,scenario_label=prefix80
formal_extended_baseline_screen,ICT,14,1193971010,4125827798,scenario_label=clustered
formal_extended_baseline_screen,ICT,15,1311958710,2213816117,scenario_label=random
formal_extended_baseline_screen,ICT,15,1066348603,733974407,scenario_label=prefixed
formal_extended_baseline_screen,ICT,15,3410131684,1654221573,scenario_label=prefix80
formal_extended_baseline_screen,ICT,15,2719779022,565298063,scenario_label=clustered
formal_extended_baseline_screen,ICT,16,4044322606,4236722450,scenario_label=random
formal_extended_baseline_screen,ICT,16,2310609587,1300872312,scenario_label=prefixed
formal_extended_baseline_screen,ICT,16,556887839,1910620923,scenario_label=prefix80
formal_extended_baseline_screen,ICT,16,2713732995,3968845843,scenario_label=clustered
formal_extended_baseline_screen,ICT,17,1698610701,2209894976,scenario_label=random
formal_extended_baseline_screen,ICT,17,862396413,3449699449,scenario_label=prefixed
formal_extended_baseline_screen,ICT,17,3860214662,100264296,scenario_label=prefix80
formal_extended_baseline_screen,ICT,17,2168941655,531696005,scenario_label=clustered
formal_extended_baseline_screen,ICT,18,3900906002,1091676338,scenario_label=random
formal_extended_baseline_screen,ICT,18,1976791937,765396922,scenario_label=prefixed
formal_extended_baseline_screen,ICT,18,3973543592,3469991883,scenario_label=prefix80
formal_extended_baseline_screen,ICT,18,3575544916,3570483464,scenario_label=clustered
formal_extended_baseline_screen,ICT,19,3061364434,593832421,scenario_label=random
formal_extended_baseline_screen,ICT,19,3116852746,3098536650,scenario_label=prefixed
formal_extended_baseline_screen,ICT,19,1163800006,683981593,scenario_label=prefix80
formal_extended_baseline_screen,ICT,19,99158156,1567625404,scenario_label=clustered
formal_extended_baseline_screen,ICT,20,3722875878,2212371745,scenario_label=random
formal_extended_baseline_screen,ICT,20,3001598358,4170822050,scenario_label=prefixed
formal_extended_baseline_screen,ICT,20,1969154653,2721224457,scenario_label=prefix80
formal_extended_baseline_screen,ICT,20,3278615476,2693059277,scenario_label=clustered
formal_extended_baseline_screen,ICT,21,1880512712,2497128005,scenario_label=random
formal_extended_baseline_screen,ICT,21,2792116651,2332425898,scenario_label=prefixed
formal_extended_baseline_screen,ICT,21,3818182820,2380795349,scenario_label=prefix80
formal_extended_baseline_screen,ICT,21,1495572643,2354563684,scenario_label=clustered
formal_extended_baseline_screen,ICT,22,2483842946,180147045,scenario_label=random
formal_extended_baseline_screen,ICT,22,664859573,717139072,scenario_label=prefixed
formal_extended_baseline_screen,ICT,22,647152320,3438811828,scenario_label=prefix80
formal_extended_baseline_screen,ICT,22,2138889899,2061229828,scenario_label=clustered
formal_extended_baseline_screen,ICT,23,484606977,2649652527,scenario_label=random
formal_extended_baseline_screen,ICT,23,4122393112,2273237208,scenario_label=prefixed
formal_extended_baseline_screen,ICT,23,2468324303,88027937,scenario_label=prefix80
formal_extended_baseline_screen,ICT,23,3200206661,1731603650,scenario_label=clustered
formal_extended_baseline_screen,ICT,24,4167451253,2152614853,scenario_label=random
formal_extended_baseline_screen,ICT,24,2427110912,3360381004,scenario_label=prefixed
formal_extended_baseline_screen,ICT,24,4263242191,2381978147,scenario_label=prefix80
formal_extended_baseline_screen,ICT,24,3387768436,1398767748,scenario_label=clustered
formal_extended_baseline_screen,ICT,25,1401592609,837816401,scenario_label=random
formal_extended_baseline_screen,ICT,25,4217303339,2605290658,scenario_label=prefixed
formal_extended_baseline_screen,ICT,25,2677772902,3268113203,scenario_label=prefix80
formal_extended_baseline_screen,ICT,25,4190779514,2952267118,scenario_label=clustered
formal_extended_baseline_screen,ICT,26,2865864341,874965586,scenario_label=random
formal_extended_baseline_screen,ICT,26,1478210380,2334065173,scenario_label=prefixed
formal_extended_baseline_screen,ICT,26,229837212,1734245434,scenario_label=prefix80
formal_extended_baseline_screen,ICT,26,3925234375,3727680487,scenario_label=clustered
formal_extended_baseline_screen,ICT,27,1975682606,3000642751,scenario_label=random
formal_extended_baseline_screen,ICT,27,3217990807,3982595904,scenario_label=prefixed
formal_extended_baseline_screen,ICT,27,2830123666,1087680287,scenario_label=prefix80
formal_extended_baseline_screen,ICT,27,3377847691,1506761055,scenario_label=clustered
formal_extended_baseline_screen,ICT,28,264712398,1061126937,scenario_label=random
formal_extended_baseline_screen,ICT,28,2849627408,836933949,scenario_label=prefixed
formal_extended_baseline_screen,ICT,28,2205676394,1934330026,scenario_label=prefix80
formal_extended_baseline_screen,ICT,28,1883537458,26362123,scenario_label=clustered
formal_extended_baseline_screen,ICT,29,814411954,2894013909,scenario_label=random
formal_extended_baseline_screen,ICT,29,3130433991,3099049,scenario_label=prefixed
formal_extended_baseline_screen,ICT,29,1229335753,2418032337,scenario_label=prefix80
formal_extended_baseline_screen,ICT,29,3172725409,4042300449,scenario_label=clustered
formal_extended_baseline_screen,ICT,30,1675969911,3970810288,scenario_label=random
formal_extended_baseline_screen,ICT,30,2782577657,4010116174,scenario_label=prefixed
formal_extended_baseline_screen,ICT,30,511059701,3021084129,scenario_label=prefix80
formal_extended_baseline_screen,ICT,30,3855081597,2668331039,scenario_label=clustered
formal_extended_baseline_screen,ICT,31,3265993510,1958014836,scenario_label=random
formal_extended_baseline_screen,ICT,31,1064392848,3427306976,scenario_label=prefixed
formal_extended_baseline_screen,ICT,31,2404369372,86344133,scenario_label=prefix80
formal_extended_baseline_screen,ICT,31,1581184839,3454234692,scenario_label=clustered
formal_extended_baseline_screen,ICT,32,2252910599,3036632037,scenario_label=random
formal_extended_baseline_screen,ICT,32,3774357635,132268042,scenario_label=prefixed
formal_extended_baseline_screen,ICT,32,3552680233,3495373218,scenario_label=prefix80
formal_extended_baseline_screen,ICT,32,1120776253,657592623,scenario_label=clustered
formal_extended_baseline_screen,ICT,33,2042956436,2473016068,scenario_label=random
formal_extended_baseline_screen,ICT,33,2604247550,3916181683,scenario_label=prefixed
formal_extended_baseline_screen,ICT,33,4264852947,39204321,scenario_label=prefix80
formal_extended_baseline_screen,ICT,33,1884500039,1054225854,scenario_label=clustered
formal_extended_baseline_screen,ICT,34,1926156841,2865052132,scenario_label=random
formal_extended_baseline_screen,ICT,34,304335199,2493212428,scenario_label=prefixed
formal_extended_baseline_screen,ICT,34,1538798478,1195382081,scenario_label=prefix80
formal_extended_baseline_screen,ICT,34,2234370540,2456931297,scenario_label=clustered
formal_extended_baseline_screen,ICT,35,2690207514,2858115039,scenario_label=random
formal_extended_baseline_screen,ICT,35,4048739445,286811658,scenario_label=prefixed
formal_extended_baseline_screen,ICT,35,2800648159,1605764223,scenario_label=prefix80
formal_extended_baseline_screen,ICT,35,1745901410,3930755034,scenario_label=clustered
formal_extended_baseline_screen,ICT,36,1928770138,1596317760,scenario_label=random
formal_extended_baseline_screen,ICT,36,1318647535,2092331887,scenario_label=prefixed
formal_extended_baseline_screen,ICT,36,2487161622,3577168530,scenario_label=prefix80
formal_extended_baseline_screen,ICT,36,3755104620,1491401422,scenario_label=clustered
formal_extended_baseline_screen,ICT,37,3956758156,1653828746,scenario_label=random
formal_extended_baseline_screen,ICT,37,1372255346,3102549211,scenario_label=prefixed
formal_extended_baseline_screen,ICT,37,707353532,341463016,scenario_label=prefix80
formal_extended_baseline_screen,ICT,37,1062845759,724745160,scenario_label=clustered
formal_extended_baseline_screen,ICT,38,957467494,3883696736,scenario_label=random
formal_extended_baseline_screen,ICT,38,2919934110,3340206556,scenario_label=prefixed
formal_extended_baseline_screen,ICT,38,3472369517,3475478212,scenario_label=prefix80
formal_extended_baseline_screen,ICT,38,1660287430,3028995529,scenario_label=clustered
formal_extended_baseline_screen,ICT,39,2866897990,3781570468,scenario_label=random
formal_extended_baseline_screen,ICT,39,86283338,1457214456,scenario_label=prefixed
formal_extended_baseline_screen,ICT,39,1243192488,1610192739,scenario_label=prefix80
formal_extended_baseline_screen,ICT,39,481472403,2977024814,scenario_label=clustered
formal_extended_baseline_screen,ICT,40,509607359,1902276661,scenario_label=random
formal_extended_baseline_screen,ICT,40,2673896349,1259666092,scenario_label=prefixed
formal_extended_baseline_screen,ICT,40,1445782178,3725085665,scenario_label=prefix80
formal_extended_baseline_screen,ICT,40,3422425815,3255749587,scenario_label=clustered
formal_extended_baseline_screen,ICT,41,2374982155,1288749714,scenario_label=random
formal_extended_baseline_screen,ICT,41,2076339012,893092952,scenario_label=prefixed
formal_extended_baseline_screen,ICT,41,3727899068,751081694,scenario_label=prefix80
formal_extended_baseline_screen,ICT,41,4098968949,1325142157,scenario_label=clustered
formal_extended_baseline_screen,ICT,42,2681934676,400073142,scenario_label=random
formal_extended_baseline_screen,ICT,42,3463721453,2638513500,scenario_label=prefixed
formal_extended_baseline_screen,ICT,42,3090696183,1871943523,scenario_label=prefix80
formal_extended_baseline_screen,ICT,42,3927309367,3605063805,scenario_label=clustered
formal_extended_baseline_screen,ICT,43,3450749702,4140982265,scenario_label=random
formal_extended_baseline_screen,ICT,43,144876194,1395138150,scenario_label=prefixed
formal_extended_baseline_screen,ICT,43,1513479548,2874443329,scenario_label=prefix80
formal_extended_baseline_screen,ICT,43,48141908,2548740384,scenario_label=clustered
formal_extended_baseline_screen,ICT,44,3987099893,992912156,scenario_label=random
formal_extended_baseline_screen,ICT,44,2327316353,3876181498,scenario_label=prefixed
formal_extended_baseline_screen,ICT,44,2316918874,849719543,scenario_label=prefix80
formal_extended_baseline_screen,ICT,44,828653254,4212767797,scenario_label=clustered
formal_extended_baseline_screen,ICT,45,3580828999,2126612389,scenario_label=random
formal_extended_baseline_screen,ICT,45,1476163045,3271509512,scenario_label=prefixed
formal_extended_baseline_screen,ICT,45,2573149326,2377561074,scenario_label=prefix80
formal_extended_baseline_screen,ICT,45,2581397823,532907217,scenario_label=clustered
formal_extended_baseline_screen,ICT,46,3716381950,582251646,scenario_label=random
formal_extended_baseline_screen,ICT,46,2477060584,3525746708,scenario_label=prefixed
formal_extended_baseline_screen,ICT,46,2069287118,2237613973,scenario_label=prefix80
formal_extended_baseline_screen,ICT,46,4117600980,4134962105,scenario_label=clustered
formal_extended_baseline_screen,ICT,47,2943036703,2153012057,scenario_label=random
formal_extended_baseline_screen,ICT,47,2255604210,4173949702,scenario_label=prefixed
formal_extended_baseline_screen,ICT,47,1998039315,1281417785,scenario_label=prefix80
formal_extended_baseline_screen,ICT,47,1376940312,504039203,scenario_label=clustered
formal_extended_baseline_screen,ICT,48,4126669249,1351854957,scenario_label=random
formal_extended_baseline_screen,ICT,48,2193895526,3825066430,scenario_label=prefixed
formal_extended_baseline_screen,ICT,48,3566718053,429374728,scenario_label=prefix80
formal_extended_baseline_screen,ICT,48,3761635906,2108625633,scenario_label=clustered
formal_extended_baseline_screen,ICT,49,675927661,4071101629,scenario_label=random
formal_extended_baseline_screen,ICT,49,2044777110,3562645042,scenario_label=prefixed
formal_extended_baseline_screen,ICT,49,2799794232,3584084233,scenario_label=prefix80
formal_extended_baseline_screen,ICT,49,2841386880,3777358756,scenario_label=clustered
formal_extended_baseline_screen,LAPCT,0,3623283272,1854437376,scenario_label=random
formal_extended_baseline_screen,LAPCT,0,116656660,3445655714,scenario_label=prefixed
formal_extended_baseline_screen,LAPCT,0,1741802094,917252463,scenario_label=prefix80
formal_extended_baseline_screen,LAPCT,0,2095316255,992117153,scenario_label=clustered
formal_extended_baseline_screen,LAPCT,1,3864099846,163689293,scenario_label=random
formal_extended_baseline_screen,LAPCT,1,889203247,1937664477,scenario_label=prefixed
formal_extended_baseline_screen,LAPCT,1,2669137359,3133736322,scenario_label=prefix80
formal_extended_baseline_screen,LAPCT,1,1179273823,1354222403,scenario_label=clustered
formal_extended_baseline_screen,LAPCT,2,813036364,131776408,scenario_label=random
formal_extended_baseline_screen,LAPCT,2,1822834370,1335603542,scenario_label=prefixed
formal_extended_baseline_screen,LAPCT,2,2479815273,2397337182,scenario_label=prefix80
formal_extended_baseline_screen,LAPCT,2,2073761602,202695716,scenario_label=clustered
formal_extended_baseline_screen,LAPCT,3,57753915,1327077917,scenario_label=random
formal_extended_baseline_screen,LAPCT,3,2219440691,3511176810,scenario_label=prefixed
formal_extended_baseline_screen,LAPCT,3,1286928148,3290392630,scenario_label=prefix80
formal_extended_baseline_screen,LAPCT,3,787561323,3425091823,scenario_label=clustered
formal_extended_baseline_screen,LAPCT,4,3819630184,612980711,scenario_label=random
formal_extended_baseline_screen,LAPCT,4,889858016,2636649717,scenario_label=prefixed
formal_extended_baseline_screen,LAPCT,4,2696116183,3413352874,scenario_label=prefix80
formal_extended_baseline_screen,LAPCT,4,688500632,922139875,scenario_label=clustered
formal_extended_baseline_screen,LAPCT,5,2608777085,92243519,scenario_label=random
formal_extended_baseline_screen,LAPCT,5,3513520067,4088351382,scenario_label=prefixed
formal_extended_baseline_screen,LAPCT,5,1840913042,317834416,scenario_label=prefix80
formal_extended_baseline_screen,LAPCT,5,3399855602,3691747376,scenario_label=clustered
formal_extended_baseline_screen,LAPCT,6,1011355210,1409027520,scenario_label=random
formal_extended_baseline_screen,LAPCT,6,4182455193,952217735,scenario_label=prefixed
formal_extended_baseline_screen,LAPCT,6,234351616,3747890837,scenario_label=prefix80
formal_extended_baseline_screen,LAPCT,6,1672192143,3714530878,scenario_label=clustered
formal_extended_baseline_screen,LAPCT,7,2772753435,2185401752,scenario_label=random
formal_extended_baseline_screen,LAPCT,7,1416235163,650820845,scenario_label=prefixed
formal_extended_baseline_screen,LAPCT,7,2635025427,3003391856,scenario_label=prefix80
formal_extended_baseline_screen,LAPCT,7,1710578268,4263678125,scenario_label=clustered
formal_extended_baseline_screen,LAPCT,8,3926250230,3183809433,scenario_label=random
formal_extended_baseline_screen,LAPCT,8,834749396,394781287,scenario_label=prefixed
formal_extended_baseline_screen,LAPCT,8,3619142060,37925633,scenario_label=prefix80
formal_extended_baseline_screen,LAPCT,8,3961209957,3895838210,scenario_label=clustered
formal_extended_baseline_screen,LAPCT,9,58426829,1010898478,scenario_label=random
formal_extended_baseline_screen,LAPCT,9,1183400892,2283915643,scenario_label=prefixed
formal_extended_baseline_screen,LAPCT,9,3771146367,2972831518,scenario_label=prefix80
formal_extended_baseline_screen,LAPCT,9,346261855,4173105736,scenario_label=clustered
formal_extended_baseline_screen,LAPCT,10,1020324588,4019989232,scenario_label=random
formal_extended_baseline_screen,LAPCT,10,2061720330,4090234352,scenario_label=prefixed
formal_extended_baseline_screen,LAPCT,10,1420417677,1648429568,scenario_label=prefix80
formal_extended_baseline_screen,LAPCT,10,4285535701,3631259017,scenario_label=clustered
formal_extended_baseline_screen,LAPCT,11,596195424,2422308570,scenario_label=random
formal_extended_baseline_screen,LAPCT,11,2528955344,1647119109,scenario_label=prefixed
formal_extended_baseline_screen,LAPCT,11,4029019098,3043034362,scenario_label=prefix80
formal_extended_baseline_screen,LAPCT,11,2138647285,1179902015,scenario_label=clustered
formal_extended_baseline_screen,LAPCT,12,530428079,797416560,scenario_label=random
formal_extended_baseline_screen,LAPCT,12,3403028343,2144544906,scenario_label=prefixed
formal_extended_baseline_screen,LAPCT,12,4132968395,421114757,scenario_label=prefix80
formal_extended_baseline_screen,LAPCT,12,4135791258,2686546753,scenario_label=clustered
formal_extended_baseline_screen,LAPCT,13,3351110087,2203787142,scenario_label=random
formal_extended_baseline_screen,LAPCT,13,3651045357,902709641,scenario_label=prefixed
formal_extended_baseline_screen,LAPCT,13,3503816222,2412403380,scenario_label=prefix80
formal_extended_baseline_screen,LAPCT,13,2264469608,779081397,scenario_label=clustered
formal_extended_baseline_screen,LAPCT,14,1692097063,2782788788,scenario_label=random
formal_extended_baseline_screen,LAPCT,14,1707141452,3442190112,scenario_label=prefixed
formal_extended_baseline_screen,LAPCT,14,1479387709,912824354,scenario_label=prefix80
formal_extended_baseline_screen,LAPCT,14,1193971010,492034487,scenario_label=clustered
formal_extended_baseline_screen,LAPCT,15,1311958710,948081431,scenario_label=random
formal_extended_baseline_screen,LAPCT,15,1066348603,3313505613,scenario_label=prefixed
formal_extended_baseline_screen,LAPCT,15,3410131684,622635844,scenario_label=prefix80
formal_extended_baseline_screen,LAPCT,15,2719779022,2418166082,scenario_label=clustered
formal_extended_baseline_screen,LAPCT,16,4044322606,113353241,scenario_label=random
formal_extended_baseline_screen,LAPCT,16,2310609587,2917560017,scenario_label=prefixed
formal_extended_baseline_screen,LAPCT,16,556887839,3107409775,scenario_label=prefix80
formal_extended_baseline_screen,LAPCT,16,2713732995,2124562455,scenario_label=clustered
formal_extended_baseline_screen,LAPCT,17,1698610701,447416481,scenario_label=random
formal_extended_baseline_screen,LAPCT,17,862396413,1966580626,scenario_label=prefixed
formal_extended_baseline_screen,LAPCT,17,3860214662,1433690244,scenario_label=prefix80
formal_extended_baseline_screen,LAPCT,17,2168941655,139171498,scenario_label=clustered
formal_extended_baseline_screen,LAPCT,18,3900906002,1614143856,scenario_label=random
formal_extended_baseline_screen,LAPCT,18,1976791937,1202117014,scenario_label=prefixed
formal_extended_baseline_screen,LAPCT,18,3973543592,2376359509,scenario_label=prefix80
formal_extended_baseline_screen,LAPCT,18,3575544916,509361578,scenario_label=clustered
formal_extended_baseline_screen,LAPCT,19,3061364434,3968096531,scenario_label=random
formal_extended_baseline_screen,LAPCT,19,3116852746,801113545,scenario_label=prefixed
formal_extended_baseline_screen,LAPCT,19,1163800006,2983188738,scenario_label=prefix80
formal_extended_baseline_screen,LAPCT,19,99158156,1059329916,scenario_label=clustered
formal_extended_baseline_screen,LAPCT,20,3722875878,533100252,scenario_label=random
formal_extended_baseline_screen,LAPCT,20,3001598358,2437176827,scenario_label=prefixed
formal_extended_baseline_screen,LAPCT,20,1969154653,1491532987,scenario_label=prefix80
formal_extended_baseline_screen,LAPCT,20,3278615476,200789372,scenario_label=clustered
formal_extended_baseline_screen,LAPCT,21,1880512712,1179381329,scenario_label=random
formal_extended_baseline_screen,LAPCT,21,2792116651,3015837657,scenario_label=prefixed
formal_extended_baseline_screen,LAPCT,21,3818182820,4099169990,scenario_label=prefix80
formal_extended_baseline_screen,LAPCT,21,1495572643,3628416693,scenario_label=clustered
formal_extended_baseline_screen,LAPCT,22,2483842946,2158457959,scenario_label=random
formal_extended_baseline_screen,LAPCT,22,664859573,2985177951,scenario_label=prefixed
formal_extended_baseline_screen,LAPCT,22,647152320,3682648664,scenario_label=prefix80
formal_extended_baseline_screen,LAPCT,22,2138889899,1191876386,scenario_label=clustered
formal_extended_baseline_screen,LAPCT,23,484606977,2048519711,scenario_label=random
formal_extended_baseline_screen,LAPCT,23,4122393112,3594873935,scenario_label=prefixed
formal_extended_baseline_screen,LAPCT,23,2468324303,1701812021,scenario_label=prefix80
formal_extended_baseline_screen,LAPCT,23,3200206661,1338094642,scenario_label=clustered
formal_extended_baseline_screen,LAPCT,24,4167451253,2542325446,scenario_label=random
formal_extended_baseline_screen,LAPCT,24,2427110912,662080635,scenario_label=prefixed
formal_extended_baseline_screen,LAPCT,24,4263242191,493472493,scenario_label=prefix80
formal_extended_baseline_screen,LAPCT,24,3387768436,4265201960,scenario_label=clustered
formal_extended_baseline_screen,LAPCT,25,1401592609,3453108995,scenario_label=random
formal_extended_baseline_screen,LAPCT,25,4217303339,3557884349,scenario_label=prefixed
formal_extended_baseline_screen,LAPCT,25,2677772902,3711207477,scenario_label=prefix80
formal_extended_baseline_screen,LAPCT,25,4190779514,1758823195,scenario_label=clustered
formal_extended_baseline_screen,LAPCT,26,2865864341,194329366,scenario_label=random
formal_extended_baseline_screen,LAPCT,26,1478210380,233106320,scenario_label=prefixed
formal_extended_baseline_screen,LAPCT,26,229837212,3328940281,scenario_label=prefix80
formal_extended_baseline_screen,LAPCT,26,3925234375,3620292155,scenario_label=clustered
formal_extended_baseline_screen,LAPCT,27,1975682606,3073512202,scenario_label=random
formal_extended_baseline_screen,LAPCT,27,3217990807,2939548154,scenario_label=prefixed
formal_extended_baseline_screen,LAPCT,27,2830123666,209959438,scenario_label=prefix80
formal_extended_baseline_screen,LAPCT,27,3377847691,2598696557,scenario_label=clustered
formal_extended_baseline_screen,LAPCT,28,264712398,2762699178,scenario_label=random
formal_extended_baseline_screen,LAPCT,28,2849627408,3767627734,scenario_label=prefixed
formal_extended_baseline_screen,LAPCT,28,2205676394,2923308952,scenario_label=prefix80
formal_extended_baseline_screen,LAPCT,28,1883537458,226623807,scenario_label=clustered
formal_extended_baseline_screen,LAPCT,29,814411954,1040353400,scenario_label=random
formal_extended_baseline_screen,LAPCT,29,3130433991,455845323,scenario_label=prefixed
formal_extended_baseline_screen,LAPCT,29,1229335753,2863576241,scenario_label=prefix80
formal_extended_baseline_screen,LAPCT,29,3172725409,3726842955,scenario_label=clustered
formal_extended_baseline_screen,LAPCT,30,1675969911,1640261468,scenario_label=random
formal_extended_baseline_screen,LAPCT,30,2782577657,2798886943,scenario_label=prefixed
formal_extended_baseline_screen,LAPCT,30,511059701,4245817829,scenario_label=prefix80
formal_extended_baseline_screen,LAPCT,30,3855081597,2190634792,scenario_label=clustered
formal_extended_baseline_screen,LAPCT,31,3265993510,581093114,scenario_label=random
formal_extended_baseline_screen,LAPCT,31,1064392848,572826694,scenario_label=prefixed
formal_extended_baseline_screen,LAPCT,31,2404369372,1757570496,scenario_label=prefix80
formal_extended_baseline_screen,LAPCT,31,1581184839,558580567,scenario_label=clustered
formal_extended_baseline_screen,LAPCT,32,2252910599,135307546,scenario_label=random
formal_extended_baseline_screen,LAPCT,32,3774357635,1485087258,scenario_label=prefixed
formal_extended_baseline_screen,LAPCT,32,3552680233,929627721,scenario_label=prefix80
formal_extended_baseline_screen,LAPCT,32,1120776253,3880470901,scenario_label=clustered
formal_extended_baseline_screen,LAPCT,33,2042956436,107211894,scenario_label=random
formal_extended_baseline_screen,LAPCT,33,2604247550,852778464,scenario_label=prefixed
formal_extended_baseline_screen,LAPCT,33,4264852947,1552458844,scenario_label=prefix80
formal_extended_baseline_screen,LAPCT,33,1884500039,2665478102,scenario_label=clustered
formal_extended_baseline_screen,LAPCT,34,1926156841,1669485496,scenario_label=random
formal_extended_baseline_screen,LAPCT,34,304335199,2426566780,scenario_label=prefixed
formal_extended_baseline_screen,LAPCT,34,1538798478,3671008847,scenario_label=prefix80
formal_extended_baseline_screen,LAPCT,34,2234370540,3014591947,scenario_label=clustered
formal_extended_baseline_screen,LAPCT,35,2690207514,2987863500,scenario_label=random
formal_extended_baseline_screen,LAPCT,35,4048739445,3520051213,scenario_label=prefixed
formal_extended_baseline_screen,LAPCT,35,2800648159,416432001,scenario_label=prefix80
formal_extended_baseline_screen,LAPCT,35,1745901410,2578020833,scenario_label=clustered
formal_extended_baseline_screen,LAPCT,36,1928770138,979496750,scenario_label=random
formal_extended_baseline_screen,LAPCT,36,1318647535,3793049258,scenario_label=prefixed
formal_extended_baseline_screen,LAPCT,36,2487161622,1051533846,scenario_label=prefix80
formal_extended_baseline_screen,LAPCT,36,3755104620,3687933793,scenario_label=clustered
formal_extended_baseline_screen,LAPCT,37,3956758156,46267126,scenario_label=random
formal_extended_baseline_screen,LAPCT,37,1372255346,621302137,scenario_label=prefixed
formal_extended_baseline_screen,LAPCT,37,707353532,1205772109,scenario_label=prefix80
formal_extended_baseline_screen,LAPCT,37,1062845759,1782913278,scenario_label=clustered
formal_extended_baseline_screen,LAPCT,38,957467494,2941516142,scenario_label=random
formal_extended_baseline_screen,LAPCT,38,2919934110,1463786,scenario_label=prefixed
formal_extended_baseline_screen,LAPCT,38,3472369517,2092381457,scenario_label=prefix80
formal_extended_baseline_screen,LAPCT,38,1660287430,76809302,scenario_label=clustered
formal_extended_baseline_screen,LAPCT,39,2866897990,1056813195,scenario_label=random
formal_extended_baseline_screen,LAPCT,39,86283338,2223440030,scenario_label=prefixed
formal_extended_baseline_screen,LAPCT,39,1243192488,304626558,scenario_label=prefix80
formal_extended_baseline_screen,LAPCT,39,481472403,1349694315,scenario_label=clustered
formal_extended_baseline_screen,LAPCT,40,509607359,373890606,scenario_label=random
formal_extended_baseline_screen,LAPCT,40,2673896349,333065443,scenario_label=prefixed
formal_extended_baseline_screen,LAPCT,40,1445782178,656415461,scenario_label=prefix80
formal_extended_baseline_screen,LAPCT,40,3422425815,2418343577,scenario_label=clustered
formal_extended_baseline_screen,LAPCT,41,2374982155,3454975129,scenario_label=random
formal_extended_baseline_screen,LAPCT,41,2076339012,3575047212,scenario_label=prefixed
formal_extended_baseline_screen,LAPCT,41,3727899068,1886835552,scenario_label=prefix80
formal_extended_baseline_screen,LAPCT,41,4098968949,1374470541,scenario_label=clustered
formal_extended_baseline_screen,LAPCT,42,2681934676,3485522780,scenario_label=random
formal_extended_baseline_screen,LAPCT,42,3463721453,3999750579,scenario_label=prefixed
formal_extended_baseline_screen,LAPCT,42,3090696183,476712408,scenario_label=prefix80
formal_extended_baseline_screen,LAPCT,42,3927309367,3117191206,scenario_label=clustered
formal_extended_baseline_screen,LAPCT,43,3450749702,3703455595,scenario_label=random
formal_extended_baseline_screen,LAPCT,43,144876194,3856485888,scenario_label=prefixed
formal_extended_baseline_screen,LAPCT,43,1513479548,1078516927,scenario_label=prefix80
formal_extended_baseline_screen,LAPCT,43,48141908,249992458,scenario_label=clustered
formal_extended_baseline_screen,LAPCT,44,3987099893,3998794202,scenario_label=random
formal_extended_baseline_screen,LAPCT,44,2327316353,452743037,scenario_label=prefixed
formal_extended_baseline_screen,LAPCT,44,2316918874,616946177,scenario_label=prefix80
formal_extended_baseline_screen,LAPCT,44,828653254,2440203697,scenario_label=clustered
formal_extended_baseline_screen,LAPCT,45,3580828999,1386859329,scenario_label=random
formal_extended_baseline_screen,LAPCT,45,1476163045,3199992403,scenario_label=prefixed
formal_extended_baseline_screen,LAPCT,45,2573149326,2712394161,scenario_label=prefix80
formal_extended_baseline_screen,LAPCT,45,2581397823,1104864753,scenario_label=clustered
formal_extended_baseline_screen,LAPCT,46,3716381950,2881570359,scenario_label=random
formal_extended_baseline_screen,LAPCT,46,2477060584,3959725138,scenario_label=prefixed
formal_extended_baseline_screen,LAPCT,46,2069287118,1232959322,scenario_label=prefix80
formal_extended_baseline_screen,LAPCT,46,4117600980,3803844485,scenario_label=clustered
formal_extended_baseline_screen,LAPCT,47,2943036703,2515939308,scenario_label=random
formal_extended_baseline_screen,LAPCT,47,2255604210,3544650165,scenario_label=prefixed
formal_extended_baseline_screen,LAPCT,47,1998039315,3519465244,scenario_label=prefix80
formal_extended_baseline_screen,LAPCT,47,1376940312,3577365569,scenario_label=clustered
formal_extended_baseline_screen,LAPCT,48,4126669249,2795232165,scenario_label=random
formal_extended_baseline_screen,LAPCT,48,2193895526,1268163400,scenario_label=prefixed
formal_extended_baseline_screen,LAPCT,48,3566718053,3417646733,scenario_label=prefix80
formal_extended_baseline_screen,LAPCT,48,3761635906,490879358,scenario_label=clustered
formal_extended_baseline_screen,LAPCT,49,675927661,2149127740,scenario_label=random
formal_extended_baseline_screen,LAPCT,49,2044777110,392014262,scenario_label=prefixed
formal_extended_baseline_screen,LAPCT,49,2799794232,4187554248,scenario_label=prefix80
formal_extended_baseline_screen,LAPCT,49,2841386880,4184879742,scenario_label=clustered
formal_extended_baseline_screen,NLHQT(n=2),0,3623283272,3708725806,scenario_label=random
formal_extended_baseline_screen,NLHQT(n=2),0,116656660,1072995145,scenario_label=prefixed
formal_extended_baseline_screen,NLHQT(n=2),0,1741802094,2102510632,scenario_label=prefix80
formal_extended_baseline_screen,NLHQT(n=2),0,2095316255,2602988951,scenario_label=clustered
formal_extended_baseline_screen,NLHQT(n=2),1,3864099846,2636503049,scenario_label=random
formal_extended_baseline_screen,NLHQT(n=2),1,889203247,1686804998,scenario_label=prefixed
formal_extended_baseline_screen,NLHQT(n=2),1,2669137359,412308795,scenario_label=prefix80
formal_extended_baseline_screen,NLHQT(n=2),1,1179273823,840814783,scenario_label=clustered
formal_extended_baseline_screen,NLHQT(n=2),2,813036364,7951163,scenario_label=random
formal_extended_baseline_screen,NLHQT(n=2),2,1822834370,276468428,scenario_label=prefixed
formal_extended_baseline_screen,NLHQT(n=2),2,2479815273,4012706320,scenario_label=prefix80
formal_extended_baseline_screen,NLHQT(n=2),2,2073761602,3687818246,scenario_label=clustered
formal_extended_baseline_screen,NLHQT(n=2),3,57753915,3141454191,scenario_label=random
formal_extended_baseline_screen,NLHQT(n=2),3,2219440691,1295151113,scenario_label=prefixed
formal_extended_baseline_screen,NLHQT(n=2),3,1286928148,2357963960,scenario_label=prefix80
formal_extended_baseline_screen,NLHQT(n=2),3,787561323,2844714428,scenario_label=clustered
formal_extended_baseline_screen,NLHQT(n=2),4,3819630184,3593834397,scenario_label=random
formal_extended_baseline_screen,NLHQT(n=2),4,889858016,3060797510,scenario_label=prefixed
formal_extended_baseline_screen,NLHQT(n=2),4,2696116183,2755827150,scenario_label=prefix80
formal_extended_baseline_screen,NLHQT(n=2),4,688500632,359146686,scenario_label=clustered
formal_extended_baseline_screen,NLHQT(n=2),5,2608777085,1856235316,scenario_label=random
formal_extended_baseline_screen,NLHQT(n=2),5,3513520067,4142506908,scenario_label=prefixed
formal_extended_baseline_screen,NLHQT(n=2),5,1840913042,1806229791,scenario_label=prefix80
formal_extended_baseline_screen,NLHQT(n=2),5,3399855602,4275544710,scenario_label=clustered
formal_extended_baseline_screen,NLHQT(n=2),6,1011355210,2051461028,scenario_label=random
formal_extended_baseline_screen,NLHQT(n=2),6,4182455193,2793802208,scenario_label=prefixed
formal_extended_baseline_screen,NLHQT(n=2),6,234351616,4071145802,scenario_label=prefix80
formal_extended_baseline_screen,NLHQT(n=2),6,1672192143,810624823,scenario_label=clustered
formal_extended_baseline_screen,NLHQT(n=2),7,2772753435,2774277493,scenario_label=random
formal_extended_baseline_screen,NLHQT(n=2),7,1416235163,2104835071,scenario_label=prefixed
formal_extended_baseline_screen,NLHQT(n=2),7,2635025427,1825844724,scenario_label=prefix80
formal_extended_baseline_screen,NLHQT(n=2),7,1710578268,2750747225,scenario_label=clustered
formal_extended_baseline_screen,NLHQT(n=2),8,3926250230,2488273803,scenario_label=random
formal_extended_baseline_screen,NLHQT(n=2),8,834749396,19994035,scenario_label=prefixed
formal_extended_baseline_screen,NLHQT(n=2),8,3619142060,4137217097,scenario_label=prefix80
formal_extended_baseline_screen,NLHQT(n=2),8,3961209957,1050931861,scenario_label=clustered
formal_extended_baseline_screen,NLHQT(n=2),9,58426829,3006353802,scenario_label=random
formal_extended_baseline_screen,NLHQT(n=2),9,1183400892,3692620259,scenario_label=prefixed
formal_extended_baseline_screen,NLHQT(n=2),9,3771146367,1792432880,scenario_label=prefix80
formal_extended_baseline_screen,NLHQT(n=2),9,346261855,1156882995,scenario_label=clustered
formal_extended_baseline_screen,NLHQT(n=2),10,1020324588,2167749626,scenario_label=random
formal_extended_baseline_screen,NLHQT(n=2),10,2061720330,169962132,scenario_label=prefixed
formal_extended_baseline_screen,NLHQT(n=2),10,1420417677,31047295,scenario_label=prefix80
formal_extended_baseline_screen,NLHQT(n=2),10,4285535701,4046672055,scenario_label=clustered
formal_extended_baseline_screen,NLHQT(n=2),11,596195424,4098920773,scenario_label=random
formal_extended_baseline_screen,NLHQT(n=2),11,2528955344,513932799,scenario_label=prefixed
formal_extended_baseline_screen,NLHQT(n=2),11,4029019098,1960119835,scenario_label=prefix80
formal_extended_baseline_screen,NLHQT(n=2),11,2138647285,3613737659,scenario_label=clustered
formal_extended_baseline_screen,NLHQT(n=2),12,530428079,1827682010,scenario_label=random
formal_extended_baseline_screen,NLHQT(n=2),12,3403028343,1910655611,scenario_label=prefixed
formal_extended_baseline_screen,NLHQT(n=2),12,4132968395,3302229610,scenario_label=prefix80
formal_extended_baseline_screen,NLHQT(n=2),12,4135791258,1004827502,scenario_label=clustered
formal_extended_baseline_screen,NLHQT(n=2),13,3351110087,3357806182,scenario_label=random
formal_extended_baseline_screen,NLHQT(n=2),13,3651045357,2587603183,scenario_label=prefixed
formal_extended_baseline_screen,NLHQT(n=2),13,3503816222,1289880668,scenario_label=prefix80
formal_extended_baseline_screen,NLHQT(n=2),13,2264469608,3890260240,scenario_label=clustered
formal_extended_baseline_screen,NLHQT(n=2),14,1692097063,138500060,scenario_label=random
formal_extended_baseline_screen,NLHQT(n=2),14,1707141452,1272718977,scenario_label=prefixed
formal_extended_baseline_screen,NLHQT(n=2),14,1479387709,2041989737,scenario_label=prefix80
formal_extended_baseline_screen,NLHQT(n=2),14,1193971010,2314687022,scenario_label=clustered
formal_extended_baseline_screen,NLHQT(n=2),15,1311958710,2431007234,scenario_label=random
formal_extended_baseline_screen,NLHQT(n=2),15,1066348603,857957971,scenario_label=prefixed
formal_extended_baseline_screen,NLHQT(n=2),15,3410131684,1064576329,scenario_label=prefix80
formal_extended_baseline_screen,NLHQT(n=2),15,2719779022,165962522,scenario_label=clustered
formal_extended_baseline_screen,NLHQT(n=2),16,4044322606,1617857604,scenario_label=random
formal_extended_baseline_screen,NLHQT(n=2),16,2310609587,1788191999,scenario_label=prefixed
formal_extended_baseline_screen,NLHQT(n=2),16,556887839,904717526,scenario_label=prefix80
formal_extended_baseline_screen,NLHQT(n=2),16,2713732995,2180044297,scenario_label=clustered
formal_extended_baseline_screen,NLHQT(n=2),17,1698610701,3316324356,scenario_label=random
formal_extended_baseline_screen,NLHQT(n=2),17,862396413,4041936220,scenario_label=prefixed
formal_extended_baseline_screen,NLHQT(n=2),17,3860214662,3471605961,scenario_label=prefix80
formal_extended_baseline_screen,NLHQT(n=2),17,2168941655,3823113829,scenario_label=clustered
formal_extended_baseline_screen,NLHQT(n=2),18,3900906002,2099026082,scenario_label=random
formal_extended_baseline_screen,NLHQT(n=2),18,1976791937,2428729705,scenario_label=prefixed
formal_extended_baseline_screen,NLHQT(n=2),18,3973543592,3597778886,scenario_label=prefix80
formal_extended_baseline_screen,NLHQT(n=2),18,3575544916,1835856704,scenario_label=clustered
formal_extended_baseline_screen,NLHQT(n=2),19,3061364434,869225369,scenario_label=random
formal_extended_baseline_screen,NLHQT(n=2),19,3116852746,3754993467,scenario_label=prefixed
formal_extended_baseline_screen,NLHQT(n=2),19,1163800006,3507122113,scenario_label=prefix80
formal_extended_baseline_screen,NLHQT(n=2),19,99158156,1483725595,scenario_label=clustered
formal_extended_baseline_screen,NLHQT(n=2),20,3722875878,2687114475,scenario_label=random
formal_extended_baseline_screen,NLHQT(n=2),20,3001598358,3860379905,scenario_label=prefixed
formal_extended_baseline_screen,NLHQT(n=2),20,1969154653,3359227957,scenario_label=prefix80
formal_extended_baseline_screen,NLHQT(n=2),20,3278615476,446132711,scenario_label=clustered
formal_extended_baseline_screen,NLHQT(n=2),21,1880512712,2912604839,scenario_label=random
formal_extended_baseline_screen,NLHQT(n=2),21,2792116651,940178382,scenario_label=prefixed
formal_extended_baseline_screen,NLHQT(n=2),21,3818182820,3683237198,scenario_label=prefix80
formal_extended_baseline_screen,NLHQT(n=2),21,1495572643,2524426013,scenario_label=clustered
formal_extended_baseline_screen,NLHQT(n=2),22,2483842946,3730686162,scenario_label=random
formal_extended_baseline_screen,NLHQT(n=2),22,664859573,1673411645,scenario_label=prefixed
formal_extended_baseline_screen,NLHQT(n=2),22,647152320,1896900247,scenario_label=prefix80
formal_extended_baseline_screen,NLHQT(n=2),22,2138889899,3250263341,scenario_label=clustered
formal_extended_baseline_screen,NLHQT(n=2),23,484606977,3733014889,scenario_label=random
formal_extended_baseline_screen,NLHQT(n=2),23,4122393112,2379770086,scenario_label=prefixed
formal_extended_baseline_screen,NLHQT(n=2),23,2468324303,1069710771,scenario_label=prefix80
formal_extended_baseline_screen,NLHQT(n=2),23,3200206661,3033880394,scenario_label=clustered
formal_extended_baseline_screen,NLHQT(n=2),24,4167451253,3097060639,scenario_label=random
formal_extended_baseline_screen,NLHQT(n=2),24,2427110912,1033367670,scenario_label=prefixed
formal_extended_baseline_screen,NLHQT(n=2),24,4263242191,3582603806,scenario_label=prefix80
formal_extended_baseline_screen,NLHQT(n=2),24,3387768436,3921442432,scenario_label=clustered
formal_extended_baseline_screen,NLHQT(n=2),25,1401592609,1721573870,scenario_label=random
formal_extended_baseline_screen,NLHQT(n=2),25,4217303339,1636871134,scenario_label=prefixed
formal_extended_baseline_screen,NLHQT(n=2),25,2677772902,1974363537,scenario_label=prefix80
formal_extended_baseline_screen,NLHQT(n=2),25,4190779514,95957851,scenario_label=clustered
formal_extended_baseline_screen,NLHQT(n=2),26,2865864341,3595999459,scenario_label=random
formal_extended_baseline_screen,NLHQT(n=2),26,1478210380,649431248,scenario_label=prefixed
formal_extended_baseline_screen,NLHQT(n=2),26,229837212,4213036849,scenario_label=prefix80
formal_extended_baseline_screen,NLHQT(n=2),26,3925234375,3751920540,scenario_label=clustered
formal_extended_baseline_screen,NLHQT(n=2),27,1975682606,1179985118,scenario_label=random
formal_extended_baseline_screen,NLHQT(n=2),27,3217990807,1062888137,scenario_label=prefixed
formal_extended_baseline_screen,NLHQT(n=2),27,2830123666,3881830966,scenario_label=prefix80
formal_extended_baseline_screen,NLHQT(n=2),27,3377847691,3712909529,scenario_label=clustered
formal_extended_baseline_screen,NLHQT(n=2),28,264712398,2665877370,scenario_label=random
formal_extended_baseline_screen,NLHQT(n=2),28,2849627408,3921305770,scenario_label=prefixed
formal_extended_baseline_screen,NLHQT(n=2),28,2205676394,2703653733,scenario_label=prefix80
formal_extended_baseline_screen,NLHQT(n=2),28,1883537458,2875996702,scenario_label=clustered
formal_extended_baseline_screen,NLHQT(n=2),29,814411954,315599030,scenario_label=random
formal_extended_baseline_screen,NLHQT(n=2),29,3130433991,3905362018,scenario_label=prefixed
formal_extended_baseline_screen,NLHQT(n=2),29,1229335753,3961825225,scenario_label=prefix80
formal_extended_baseline_screen,NLHQT(n=2),29,3172725409,782404950,scenario_label=clustered
formal_extended_baseline_screen,NLHQT(n=2),30,1675969911,659657334,scenario_label=random
formal_extended_baseline_screen,NLHQT(n=2),30,2782577657,96977436,scenario_label=prefixed
formal_extended_baseline_screen,NLHQT(n=2),30,511059701,2030163088,scenario_label=prefix80
formal_extended_baseline_screen,NLHQT(n=2),30,3855081597,2931372706,scenario_label=clustered
formal_extended_baseline_screen,NLHQT(n=2),31,3265993510,3252182139,scenario_label=random
formal_extended_baseline_screen,NLHQT(n=2),31,1064392848,1531710162,scenario_label=prefixed
formal_extended_baseline_screen,NLHQT(n=2),31,2404369372,3610444082,scenario_label=prefix80
formal_extended_baseline_screen,NLHQT(n=2),31,1581184839,488516901,scenario_label=clustered
formal_extended_baseline_screen,NLHQT(n=2),32,2252910599,1637148950,scenario_label=random
formal_extended_baseline_screen,NLHQT(n=2),32,3774357635,2546777435,scenario_label=prefixed
formal_extended_baseline_screen,NLHQT(n=2),32,3552680233,2229856762,scenario_label=prefix80
formal_extended_baseline_screen,NLHQT(n=2),32,1120776253,3248019721,scenario_label=clustered
formal_extended_baseline_screen,NLHQT(n=2),33,2042956436,3012156040,scenario_label=random
formal_extended_baseline_screen,NLHQT(n=2),33,2604247550,2871962862,scenario_label=prefixed
formal_extended_baseline_screen,NLHQT(n=2),33,4264852947,1863936733,scenario_label=prefix80
formal_extended_baseline_screen,NLHQT(n=2),33,1884500039,2914085316,scenario_label=clustered
formal_extended_baseline_screen,NLHQT(n=2),34,1926156841,1731371406,scenario_label=random
formal_extended_baseline_screen,NLHQT(n=2),34,304335199,430311369,scenario_label=prefixed
formal_extended_baseline_screen,NLHQT(n=2),34,1538798478,477026278,scenario_label=prefix80
formal_extended_baseline_screen,NLHQT(n=2),34,2234370540,3118165947,scenario_label=clustered
formal_extended_baseline_screen,NLHQT(n=2),35,2690207514,1373205557,scenario_label=random
formal_extended_baseline_screen,NLHQT(n=2),35,4048739445,3782541017,scenario_label=prefixed
formal_extended_baseline_screen,NLHQT(n=2),35,2800648159,2190256001,scenario_label=prefix80
formal_extended_baseline_screen,NLHQT(n=2),35,1745901410,2249849770,scenario_label=clustered
formal_extended_baseline_screen,NLHQT(n=2),36,1928770138,2229731857,scenario_label=random
formal_extended_baseline_screen,NLHQT(n=2),36,1318647535,2704774161,scenario_label=prefixed
formal_extended_baseline_screen,NLHQT(n=2),36,2487161622,1790322822,scenario_label=prefix80
formal_extended_baseline_screen,NLHQT(n=2),36,3755104620,1784722862,scenario_label=clustered
formal_extended_baseline_screen,NLHQT(n=2),37,3956758156,3413933435,scenario_label=random
formal_extended_baseline_screen,NLHQT(n=2),37,1372255346,647016550,scenario_label=prefixed
formal_extended_baseline_screen,NLHQT(n=2),37,707353532,2420936059,scenario_label=prefix80
formal_extended_baseline_screen,NLHQT(n=2),37,1062845759,263739611,scenario_label=clustered
formal_extended_baseline_screen,NLHQT(n=2),38,957467494,1583414377,scenario_label=random
formal_extended_baseline_screen,NLHQT(n=2),38,2919934110,465573624,scenario_label=prefixed
formal_extended_baseline_screen,NLHQT(n=2),38,3472369517,949427229,scenario_label=prefix80
formal_extended_baseline_screen,NLHQT(n=2),38,1660287430,2570687786,scenario_label=clustered
formal_extended_baseline_screen,NLHQT(n=2),39,2866897990,104908783,scenario_label=random
formal_extended_baseline_screen,NLHQT(n=2),39,86283338,1618560998,scenario_label=prefixed
formal_extended_baseline_screen,NLHQT(n=2),39,1243192488,169384161,scenario_label=prefix80
formal_extended_baseline_screen,NLHQT(n=2),39,481472403,1455728249,scenario_label=clustered
formal_extended_baseline_screen,NLHQT(n=2),40,509607359,3428477489,scenario_label=random
formal_extended_baseline_screen,NLHQT(n=2),40,2673896349,3337738040,scenario_label=prefixed
formal_extended_baseline_screen,NLHQT(n=2),40,1445782178,4257066799,scenario_label=prefix80
formal_extended_baseline_screen,NLHQT(n=2),40,3422425815,2308126051,scenario_label=clustered
formal_extended_baseline_screen,NLHQT(n=2),41,2374982155,3037555381,scenario_label=random
formal_extended_baseline_screen,NLHQT(n=2),41,2076339012,2387039822,scenario_label=prefixed
formal_extended_baseline_screen,NLHQT(n=2),41,3727899068,4075698279,scenario_label=prefix80
formal_extended_baseline_screen,NLHQT(n=2),41,4098968949,3897848114,scenario_label=clustered
formal_extended_baseline_screen,NLHQT(n=2),42,2681934676,699019776,scenario_label=random
formal_extended_baseline_screen,NLHQT(n=2),42,3463721453,2349616209,scenario_label=prefixed
formal_extended_baseline_screen,NLHQT(n=2),42,3090696183,1337622440,scenario_label=prefix80
formal_extended_baseline_screen,NLHQT(n=2),42,3927309367,2275067988,scenario_label=clustered
formal_extended_baseline_screen,NLHQT(n=2),43,3450749702,21407387,scenario_label=random
formal_extended_baseline_screen,NLHQT(n=2),43,144876194,2813688376,scenario_label=prefixed
formal_extended_baseline_screen,NLHQT(n=2),43,1513479548,3711006225,scenario_label=prefix80
formal_extended_baseline_screen,NLHQT(n=2),43,48141908,730410362,scenario_label=clustered
formal_extended_baseline_screen,NLHQT(n=2),44,3987099893,2497277493,scenario_label=random
formal_extended_baseline_screen,NLHQT(n=2),44,2327316353,3860409512,scenario_label=prefixed
formal_extended_baseline_screen,NLHQT(n=2),44,2316918874,3621766918,scenario_label=prefix80
formal_extended_baseline_screen,NLHQT(n=2),44,828653254,1726883903,scenario_label=clustered
formal_extended_baseline_screen,NLHQT(n=2),45,3580828999,4282229716,scenario_label=random
formal_extended_baseline_screen,NLHQT(n=2),45,1476163045,4111513835,scenario_label=prefixed
formal_extended_baseline_screen,NLHQT(n=2),45,2573149326,2215012348,scenario_label=prefix80
formal_extended_baseline_screen,NLHQT(n=2),45,2581397823,3833629220,scenario_label=clustered
formal_extended_baseline_screen,NLHQT(n=2),46,3716381950,42625320,scenario_label=random
formal_extended_baseline_screen,NLHQT(n=2),46,2477060584,2358068424,scenario_label=prefixed
formal_extended_baseline_screen,NLHQT(n=2),46,2069287118,65178042,scenario_label=prefix80
formal_extended_baseline_screen,NLHQT(n=2),46,4117600980,1958800056,scenario_label=clustered
formal_extended_baseline_screen,NLHQT(n=2),47,2943036703,1750828172,scenario_label=random
formal_extended_baseline_screen,NLHQT(n=2),47,2255604210,2139589276,scenario_label=prefixed
formal_extended_baseline_screen,NLHQT(n=2),47,1998039315,1200754089,scenario_label=prefix80
formal_extended_baseline_screen,NLHQT(n=2),47,1376940312,3010253153,scenario_label=clustered
formal_extended_baseline_screen,NLHQT(n=2),48,4126669249,3052017662,scenario_label=random
formal_extended_baseline_screen,NLHQT(n=2),48,2193895526,2130248272,scenario_label=prefixed
formal_extended_baseline_screen,NLHQT(n=2),48,3566718053,588724130,scenario_label=prefix80
formal_extended_baseline_screen,NLHQT(n=2),48,3761635906,4231446583,scenario_label=clustered
formal_extended_baseline_screen,NLHQT(n=2),49,675927661,3996971155,scenario_label=random
formal_extended_baseline_screen,NLHQT(n=2),49,2044777110,1694442716,scenario_label=prefixed
formal_extended_baseline_screen,NLHQT(n=2),49,2799794232,3852926552,scenario_label=prefix80
formal_extended_baseline_screen,NLHQT(n=2),49,2841386880,1129704753,scenario_label=clustered
formal_extended_baseline_screen,SGCT,0,3623283272,2501884362,scenario_label=random
formal_extended_baseline_screen,SGCT,0,116656660,4109090212,scenario_label=prefixed
formal_extended_baseline_screen,SGCT,0,1741802094,3792119631,scenario_label=prefix80
formal_extended_baseline_screen,SGCT,0,2095316255,528921191,scenario_label=clustered
formal_extended_baseline_screen,SGCT,1,3864099846,912700962,scenario_label=random
formal_extended_baseline_screen,SGCT,1,889203247,3487219230,scenario_label=prefixed
formal_extended_baseline_screen,SGCT,1,2669137359,2814027586,scenario_label=prefix80
formal_extended_baseline_screen,SGCT,1,1179273823,4211550800,scenario_label=clustered
formal_extended_baseline_screen,SGCT,2,813036364,3584647037,scenario_label=random
formal_extended_baseline_screen,SGCT,2,1822834370,3635567691,scenario_label=prefixed
formal_extended_baseline_screen,SGCT,2,2479815273,597652162,scenario_label=prefix80
formal_extended_baseline_screen,SGCT,2,2073761602,3156932131,scenario_label=clustered
formal_extended_baseline_screen,SGCT,3,57753915,326469589,scenario_label=random
formal_extended_baseline_screen,SGCT,3,2219440691,2964721071,scenario_label=prefixed
formal_extended_baseline_screen,SGCT,3,1286928148,1243840116,scenario_label=prefix80
formal_extended_baseline_screen,SGCT,3,787561323,3871871975,scenario_label=clustered
formal_extended_baseline_screen,SGCT,4,3819630184,3534597161,scenario_label=random
formal_extended_baseline_screen,SGCT,4,889858016,2870772211,scenario_label=prefixed
formal_extended_baseline_screen,SGCT,4,2696116183,2108551122,scenario_label=prefix80
formal_extended_baseline_screen,SGCT,4,688500632,3937957854,scenario_label=clustered
formal_extended_baseline_screen,SGCT,5,2608777085,3485282471,scenario_label=random
formal_extended_baseline_screen,SGCT,5,3513520067,2913874979,scenario_label=prefixed
formal_extended_baseline_screen,SGCT,5,1840913042,1677103059,scenario_label=prefix80
formal_extended_baseline_screen,SGCT,5,3399855602,825029817,scenario_label=clustered
formal_extended_baseline_screen,SGCT,6,1011355210,37650201,scenario_label=random
formal_extended_baseline_screen,SGCT,6,4182455193,3360529562,scenario_label=prefixed
formal_extended_baseline_screen,SGCT,6,234351616,589221233,scenario_label=prefix80
formal_extended_baseline_screen,SGCT,6,1672192143,3779158558,scenario_label=clustered
formal_extended_baseline_screen,SGCT,7,2772753435,597550849,scenario_label=random
formal_extended_baseline_screen,SGCT,7,1416235163,3701067242,scenario_label=prefixed
formal_extended_baseline_screen,SGCT,7,2635025427,3815485971,scenario_label=prefix80
formal_extended_baseline_screen,SGCT,7,1710578268,507682261,scenario_label=clustered
formal_extended_baseline_screen,SGCT,8,3926250230,1319160723,scenario_label=random
formal_extended_baseline_screen,SGCT,8,834749396,3397812465,scenario_label=prefixed
formal_extended_baseline_screen,SGCT,8,3619142060,2919207842,scenario_label=prefix80
formal_extended_baseline_screen,SGCT,8,3961209957,3568172335,scenario_label=clustered
formal_extended_baseline_screen,SGCT,9,58426829,3050744341,scenario_label=random
formal_extended_baseline_screen,SGCT,9,1183400892,248980515,scenario_label=prefixed
formal_extended_baseline_screen,SGCT,9,3771146367,198444807,scenario_label=prefix80
formal_extended_baseline_screen,SGCT,9,346261855,575674565,scenario_label=clustered
formal_extended_baseline_screen,SGCT,10,1020324588,2546133255,scenario_label=random
formal_extended_baseline_screen,SGCT,10,2061720330,940670196,scenario_label=prefixed
formal_extended_baseline_screen,SGCT,10,1420417677,4001310971,scenario_label=prefix80
formal_extended_baseline_screen,SGCT,10,4285535701,2479908845,scenario_label=clustered
formal_extended_baseline_screen,SGCT,11,596195424,716317773,scenario_label=random
formal_extended_baseline_screen,SGCT,11,2528955344,1516424952,scenario_label=prefixed
formal_extended_baseline_screen,SGCT,11,4029019098,4266614446,scenario_label=prefix80
formal_extended_baseline_screen,SGCT,11,2138647285,2051395683,scenario_label=clustered
formal_extended_baseline_screen,SGCT,12,530428079,4013552300,scenario_label=random
formal_extended_baseline_screen,SGCT,12,3403028343,768573931,scenario_label=prefixed
formal_extended_baseline_screen,SGCT,12,4132968395,2014269370,scenario_label=prefix80
formal_extended_baseline_screen,SGCT,12,4135791258,3413183916,scenario_label=clustered
formal_extended_baseline_screen,SGCT,13,3351110087,1737694337,scenario_label=random
formal_extended_baseline_screen,SGCT,13,3651045357,2003548175,scenario_label=prefixed
formal_extended_baseline_screen,SGCT,13,3503816222,2349609983,scenario_label=prefix80
formal_extended_baseline_screen,SGCT,13,2264469608,3704741890,scenario_label=clustered
formal_extended_baseline_screen,SGCT,14,1692097063,68157174,scenario_label=random
formal_extended_baseline_screen,SGCT,14,1707141452,317787069,scenario_label=prefixed
formal_extended_baseline_screen,SGCT,14,1479387709,303942471,scenario_label=prefix80
formal_extended_baseline_screen,SGCT,14,1193971010,3214586448,scenario_label=clustered
formal_extended_baseline_screen,SGCT,15,1311958710,595364950,scenario_label=random
formal_extended_baseline_screen,SGCT,15,1066348603,675267593,scenario_label=prefixed
formal_extended_baseline_screen,SGCT,15,3410131684,1308112396,scenario_label=prefix80
formal_extended_baseline_screen,SGCT,15,2719779022,2515179600,scenario_label=clustered
formal_extended_baseline_screen,SGCT,16,4044322606,1207221855,scenario_label=random
formal_extended_baseline_screen,SGCT,16,2310609587,585102639,scenario_label=prefixed
formal_extended_baseline_screen,SGCT,16,556887839,73543184,scenario_label=prefix80
formal_extended_baseline_screen,SGCT,16,2713732995,783699115,scenario_label=clustered
formal_extended_baseline_screen,SGCT,17,1698610701,2927537970,scenario_label=random
formal_extended_baseline_screen,SGCT,17,862396413,4066351789,scenario_label=prefixed
formal_extended_baseline_screen,SGCT,17,3860214662,3323108763,scenario_label=prefix80
formal_extended_baseline_screen,SGCT,17,2168941655,592032243,scenario_label=clustered
formal_extended_baseline_screen,SGCT,18,3900906002,2886759017,scenario_label=random
formal_extended_baseline_screen,SGCT,18,1976791937,1385293399,scenario_label=prefixed
formal_extended_baseline_screen,SGCT,18,3973543592,969907768,scenario_label=prefix80
formal_extended_baseline_screen,SGCT,18,3575544916,3551308180,scenario_label=clustered
formal_extended_baseline_screen,SGCT,19,3061364434,3801192023,scenario_label=random
formal_extended_baseline_screen,SGCT,19,3116852746,1158843745,scenario_label=prefixed
formal_extended_baseline_screen,SGCT,19,1163800006,2710609363,scenario_label=prefix80
formal_extended_baseline_screen,SGCT,19,99158156,3178130049,scenario_label=clustered
formal_extended_baseline_screen,SGCT,20,3722875878,2360944987,scenario_label=random
formal_extended_baseline_screen,SGCT,20,3001598358,129848534,scenario_label=prefixed
formal_extended_baseline_screen,SGCT,20,1969154653,2160426264,scenario_label=prefix80
formal_extended_baseline_screen,SGCT,20,3278615476,2366163272,scenario_label=clustered
formal_extended_baseline_screen,SGCT,21,1880512712,1563954663,scenario_label=random
formal_extended_baseline_screen,SGCT,21,2792116651,600381618,scenario_label=prefixed
formal_extended_baseline_screen,SGCT,21,3818182820,3036914843,scenario_label=prefix80
formal_extended_baseline_screen,SGCT,21,1495572643,3172865727,scenario_label=clustered
formal_extended_baseline_screen,SGCT,22,2483842946,971872449,scenario_label=random
formal_extended_baseline_screen,SGCT,22,664859573,3817149033,scenario_label=prefixed
formal_extended_baseline_screen,SGCT,22,647152320,3049414936,scenario_label=prefix80
formal_extended_baseline_screen,SGCT,22,2138889899,4184330429,scenario_label=clustered
formal_extended_baseline_screen,SGCT,23,484606977,511595098,scenario_label=random
formal_extended_baseline_screen,SGCT,23,4122393112,3450568188,scenario_label=prefixed
formal_extended_baseline_screen,SGCT,23,2468324303,4136836538,scenario_label=prefix80
formal_extended_baseline_screen,SGCT,23,3200206661,3084029128,scenario_label=clustered
formal_extended_baseline_screen,SGCT,24,4167451253,1770316104,scenario_label=random
formal_extended_baseline_screen,SGCT,24,2427110912,1564941207,scenario_label=prefixed
formal_extended_baseline_screen,SGCT,24,4263242191,93625226,scenario_label=prefix80
formal_extended_baseline_screen,SGCT,24,3387768436,4223243441,scenario_label=clustered
formal_extended_baseline_screen,SGCT,25,1401592609,1109987880,scenario_label=random
formal_extended_baseline_screen,SGCT,25,4217303339,3100991847,scenario_label=prefixed
formal_extended_baseline_screen,SGCT,25,2677772902,2149626281,scenario_label=prefix80
formal_extended_baseline_screen,SGCT,25,4190779514,1487512009,scenario_label=clustered
formal_extended_baseline_screen,SGCT,26,2865864341,3576227328,scenario_label=random
formal_extended_baseline_screen,SGCT,26,1478210380,668084591,scenario_label=prefixed
formal_extended_baseline_screen,SGCT,26,229837212,641735599,scenario_label=prefix80
formal_extended_baseline_screen,SGCT,26,3925234375,2023597223,scenario_label=clustered
formal_extended_baseline_screen,SGCT,27,1975682606,3668361650,scenario_label=random
formal_extended_baseline_screen,SGCT,27,3217990807,2689976468,scenario_label=prefixed
formal_extended_baseline_screen,SGCT,27,2830123666,103520727,scenario_label=prefix80
formal_extended_baseline_screen,SGCT,27,3377847691,3391875656,scenario_label=clustered
formal_extended_baseline_screen,SGCT,28,264712398,226578717,scenario_label=random
formal_extended_baseline_screen,SGCT,28,2849627408,324872400,scenario_label=prefixed
formal_extended_baseline_screen,SGCT,28,2205676394,2819532289,scenario_label=prefix80
formal_extended_baseline_screen,SGCT,28,1883537458,1054371425,scenario_label=clustered
formal_extended_baseline_screen,SGCT,29,814411954,4041577814,scenario_label=random
formal_extended_baseline_screen,SGCT,29,3130433991,885182070,scenario_label=prefixed
formal_extended_baseline_screen,SGCT,29,1229335753,3938658798,scenario_label=prefix80
formal_extended_baseline_screen,SGCT,29,3172725409,4035699363,scenario_label=clustered
formal_extended_baseline_screen,SGCT,30,1675969911,3702850557,scenario_label=random
formal_extended_baseline_screen,SGCT,30,2782577657,2157268900,scenario_label=prefixed
formal_extended_baseline_screen,SGCT,30,511059701,1426657520,scenario_label=prefix80
formal_extended_baseline_screen,SGCT,30,3855081597,4197070672,scenario_label=clustered
formal_extended_baseline_screen,SGCT,31,3265993510,4210570131,scenario_label=random
formal_extended_baseline_screen,SGCT,31,1064392848,4165521812,scenario_label=prefixed
formal_extended_baseline_screen,SGCT,31,2404369372,3087249055,scenario_label=prefix80
formal_extended_baseline_screen,SGCT,31,1581184839,1488720163,scenario_label=clustered
formal_extended_baseline_screen,SGCT,32,2252910599,2819853344,scenario_label=random
formal_extended_baseline_screen,SGCT,32,3774357635,2834455415,scenario_label=prefixed
formal_extended_baseline_screen,SGCT,32,3552680233,2773820865,scenario_label=prefix80
formal_extended_baseline_screen,SGCT,32,1120776253,1070754723,scenario_label=clustered
formal_extended_baseline_screen,SGCT,33,2042956436,705352614,scenario_label=random
formal_extended_baseline_screen,SGCT,33,2604247550,3120950137,scenario_label=prefixed
formal_extended_baseline_screen,SGCT,33,4264852947,332606635,scenario_label=prefix80
formal_extended_baseline_screen,SGCT,33,1884500039,3006875597,scenario_label=clustered
formal_extended_baseline_screen,SGCT,34,1926156841,231029176,scenario_label=random
formal_extended_baseline_screen,SGCT,34,304335199,3487458115,scenario_label=prefixed
formal_extended_baseline_screen,SGCT,34,1538798478,1662006714,scenario_label=prefix80
formal_extended_baseline_screen,SGCT,34,2234370540,1552916312,scenario_label=clustered
formal_extended_baseline_screen,SGCT,35,2690207514,1223534964,scenario_label=random
formal_extended_baseline_screen,SGCT,35,4048739445,2062694229,scenario_label=prefixed
formal_extended_baseline_screen,SGCT,35,2800648159,2867625559,scenario_label=prefix80
formal_extended_baseline_screen,SGCT,35,1745901410,1701118000,scenario_label=clustered
formal_extended_baseline_screen,SGCT,36,1928770138,3574613200,scenario_label=random
formal_extended_baseline_screen,SGCT,36,1318647535,1415880893,scenario_label=prefixed
formal_extended_baseline_screen,SGCT,36,2487161622,2986296922,scenario_label=prefix80
formal_extended_baseline_screen,SGCT,36,3755104620,2975941644,scenario_label=clustered
formal_extended_baseline_screen,SGCT,37,3956758156,3364035982,scenario_label=random
formal_extended_baseline_screen,SGCT,37,1372255346,3550353062,scenario_label=prefixed
formal_extended_baseline_screen,SGCT,37,707353532,190756221,scenario_label=prefix80
formal_extended_baseline_screen,SGCT,37,1062845759,1220547210,scenario_label=clustered
formal_extended_baseline_screen,SGCT,38,957467494,77131335,scenario_label=random
formal_extended_baseline_screen,SGCT,38,2919934110,4165242763,scenario_label=prefixed
formal_extended_baseline_screen,SGCT,38,3472369517,2614926778,scenario_label=prefix80
formal_extended_baseline_screen,SGCT,38,1660287430,338919096,scenario_label=clustered
formal_extended_baseline_screen,SGCT,39,2866897990,3913826412,scenario_label=random
formal_extended_baseline_screen,SGCT,39,86283338,804387610,scenario_label=prefixed
formal_extended_baseline_screen,SGCT,39,1243192488,2276568342,scenario_label=prefix80
formal_extended_baseline_screen,SGCT,39,481472403,507329427,scenario_label=clustered
formal_extended_baseline_screen,SGCT,40,509607359,1561700905,scenario_label=random
formal_extended_baseline_screen,SGCT,40,2673896349,4280596517,scenario_label=prefixed
formal_extended_baseline_screen,SGCT,40,1445782178,3370834350,scenario_label=prefix80
formal_extended_baseline_screen,SGCT,40,3422425815,1490762503,scenario_label=clustered
formal_extended_baseline_screen,SGCT,41,2374982155,922371134,scenario_label=random
formal_extended_baseline_screen,SGCT,41,2076339012,3547431955,scenario_label=prefixed
formal_extended_baseline_screen,SGCT,41,3727899068,8436632,scenario_label=prefix80
formal_extended_baseline_screen,SGCT,41,4098968949,697692354,scenario_label=clustered
formal_extended_baseline_screen,SGCT,42,2681934676,3669870106,scenario_label=random
formal_extended_baseline_screen,SGCT,42,3463721453,2278726137,scenario_label=prefixed
formal_extended_baseline_screen,SGCT,42,3090696183,1005388839,scenario_label=prefix80
formal_extended_baseline_screen,SGCT,42,3927309367,2482086410,scenario_label=clustered
formal_extended_baseline_screen,SGCT,43,3450749702,1535215968,scenario_label=random
formal_extended_baseline_screen,SGCT,43,144876194,3447151657,scenario_label=prefixed
formal_extended_baseline_screen,SGCT,43,1513479548,1910187873,scenario_label=prefix80
formal_extended_baseline_screen,SGCT,43,48141908,1512100571,scenario_label=clustered
formal_extended_baseline_screen,SGCT,44,3987099893,3218780090,scenario_label=random
formal_extended_baseline_screen,SGCT,44,2327316353,99745614,scenario_label=prefixed
formal_extended_baseline_screen,SGCT,44,2316918874,1525474492,scenario_label=prefix80
formal_extended_baseline_screen,SGCT,44,828653254,2206225739,scenario_label=clustered
formal_extended_baseline_screen,SGCT,45,3580828999,2098562708,scenario_label=random
formal_extended_baseline_screen,SGCT,45,1476163045,778260774,scenario_label=prefixed
formal_extended_baseline_screen,SGCT,45,2573149326,1815124122,scenario_label=prefix80
formal_extended_baseline_screen,SGCT,45,2581397823,2006198988,scenario_label=clustered
formal_extended_baseline_screen,SGCT,46,3716381950,4044092054,scenario_label=random
formal_extended_baseline_screen,SGCT,46,2477060584,2777811460,scenario_label=prefixed
formal_extended_baseline_screen,SGCT,46,2069287118,2476603507,scenario_label=prefix80
formal_extended_baseline_screen,SGCT,46,4117600980,1962461409,scenario_label=clustered
formal_extended_baseline_screen,SGCT,47,2943036703,313637112,scenario_label=random
formal_extended_baseline_screen,SGCT,47,2255604210,638219515,scenario_label=prefixed
formal_extended_baseline_screen,SGCT,47,1998039315,1404926981,scenario_label=prefix80
formal_extended_baseline_screen,SGCT,47,1376940312,826841568,scenario_label=clustered
formal_extended_baseline_screen,SGCT,48,4126669249,1634196669,scenario_label=random
formal_extended_baseline_screen,SGCT,48,2193895526,3769007895,scenario_label=prefixed
formal_extended_baseline_screen,SGCT,48,3566718053,2795476630,scenario_label=prefix80
formal_extended_baseline_screen,SGCT,48,3761635906,1735304347,scenario_label=clustered
formal_extended_baseline_screen,SGCT,49,675927661,527904602,scenario_label=random
formal_extended_baseline_screen,SGCT,49,2044777110,2764680686,scenario_label=prefixed
formal_extended_baseline_screen,SGCT,49,2799794232,1535215301,scenario_label=prefix80
formal_extended_baseline_screen,SGCT,49,2841386880,1150921890,scenario_label=clustered
formal_extended_baseline_screen,SD-CGQT,0,3623283272,3600738917,scenario_label=random
formal_extended_baseline_screen,SD-CGQT,0,116656660,1865901951,scenario_label=prefixed
formal_extended_baseline_screen,SD-CGQT,0,1741802094,145458961,scenario_label=prefix80
formal_extended_baseline_screen,SD-CGQT,0,2095316255,3780004300,scenario_label=clustered
formal_extended_baseline_screen,SD-CGQT,1,3864099846,2001259386,scenario_label=random
formal_extended_baseline_screen,SD-CGQT,1,889203247,3003686283,scenario_label=prefixed
formal_extended_baseline_screen,SD-CGQT,1,2669137359,3731495789,scenario_label=prefix80
formal_extended_baseline_screen,SD-CGQT,1,1179273823,746536812,scenario_label=clustered
formal_extended_baseline_screen,SD-CGQT,2,813036364,2237512659,scenario_label=random
formal_extended_baseline_screen,SD-CGQT,2,1822834370,2693998402,scenario_label=prefixed
formal_extended_baseline_screen,SD-CGQT,2,2479815273,2011217478,scenario_label=prefix80
formal_extended_baseline_screen,SD-CGQT,2,2073761602,2262280587,scenario_label=clustered
formal_extended_baseline_screen,SD-CGQT,3,57753915,2101705929,scenario_label=random
formal_extended_baseline_screen,SD-CGQT,3,2219440691,2038692638,scenario_label=prefixed
formal_extended_baseline_screen,SD-CGQT,3,1286928148,764849112,scenario_label=prefix80
formal_extended_baseline_screen,SD-CGQT,3,787561323,2186492359,scenario_label=clustered
formal_extended_baseline_screen,SD-CGQT,4,3819630184,2208917530,scenario_label=random
formal_extended_baseline_screen,SD-CGQT,4,889858016,1505849302,scenario_label=prefixed
formal_extended_baseline_screen,SD-CGQT,4,2696116183,2634544596,scenario_label=prefix80
formal_extended_baseline_screen,SD-CGQT,4,688500632,228296156,scenario_label=clustered
formal_extended_baseline_screen,SD-CGQT,5,2608777085,2826454347,scenario_label=random
formal_extended_baseline_screen,SD-CGQT,5,3513520067,3647225798,scenario_label=prefixed
formal_extended_baseline_screen,SD-CGQT,5,1840913042,1919154771,scenario_label=prefix80
formal_extended_baseline_screen,SD-CGQT,5,3399855602,1624164688,scenario_label=clustered
formal_extended_baseline_screen,SD-CGQT,6,1011355210,2497580920,scenario_label=random
formal_extended_baseline_screen,SD-CGQT,6,4182455193,653717891,scenario_label=prefixed
formal_extended_baseline_screen,SD-CGQT,6,234351616,2055084215,scenario_label=prefix80
formal_extended_baseline_screen,SD-CGQT,6,1672192143,1791437551,scenario_label=clustered
formal_extended_baseline_screen,SD-CGQT,7,2772753435,3980475923,scenario_label=random
formal_extended_baseline_screen,SD-CGQT,7,1416235163,3888734184,scenario_label=prefixed
formal_extended_baseline_screen,SD-CGQT,7,2635025427,768951152,scenario_label=prefix80
formal_extended_baseline_screen,SD-CGQT,7,1710578268,619195095,scenario_label=clustered
formal_extended_baseline_screen,SD-CGQT,8,3926250230,323639338,scenario_label=random
formal_extended_baseline_screen,SD-CGQT,8,834749396,928857868,scenario_label=prefixed
formal_extended_baseline_screen,SD-CGQT,8,3619142060,238903913,scenario_label=prefix80
formal_extended_baseline_screen,SD-CGQT,8,3961209957,671724900,scenario_label=clustered
formal_extended_baseline_screen,SD-CGQT,9,58426829,3571645961,scenario_label=random
formal_extended_baseline_screen,SD-CGQT,9,1183400892,3676911472,scenario_label=prefixed
formal_extended_baseline_screen,SD-CGQT,9,3771146367,1752085945,scenario_label=prefix80
formal_extended_baseline_screen,SD-CGQT,9,346261855,4075154169,scenario_label=clustered
formal_extended_baseline_screen,SD-CGQT,10,1020324588,1603416914,scenario_label=random
formal_extended_baseline_screen,SD-CGQT,10,2061720330,1419610660,scenario_label=prefixed
formal_extended_baseline_screen,SD-CGQT,10,1420417677,3119240261,scenario_label=prefix80
formal_extended_baseline_screen,SD-CGQT,10,4285535701,2961694052,scenario_label=clustered
formal_extended_baseline_screen,SD-CGQT,11,596195424,1495888928,scenario_label=random
formal_extended_baseline_screen,SD-CGQT,11,2528955344,3082924345,scenario_label=prefixed
formal_extended_baseline_screen,SD-CGQT,11,4029019098,1960338083,scenario_label=prefix80
formal_extended_baseline_screen,SD-CGQT,11,2138647285,247400150,scenario_label=clustered
formal_extended_baseline_screen,SD-CGQT,12,530428079,593516955,scenario_label=random
formal_extended_baseline_screen,SD-CGQT,12,3403028343,2738754521,scenario_label=prefixed
formal_extended_baseline_screen,SD-CGQT,12,4132968395,66341355,scenario_label=prefix80
formal_extended_baseline_screen,SD-CGQT,12,4135791258,913616782,scenario_label=clustered
formal_extended_baseline_screen,SD-CGQT,13,3351110087,295002224,scenario_label=random
formal_extended_baseline_screen,SD-CGQT,13,3651045357,2492060834,scenario_label=prefixed
formal_extended_baseline_screen,SD-CGQT,13,3503816222,639269936,scenario_label=prefix80
formal_extended_baseline_screen,SD-CGQT,13,2264469608,1972905339,scenario_label=clustered
formal_extended_baseline_screen,SD-CGQT,14,1692097063,2508736950,scenario_label=random
formal_extended_baseline_screen,SD-CGQT,14,1707141452,1941778635,scenario_label=prefixed
formal_extended_baseline_screen,SD-CGQT,14,1479387709,3413140741,scenario_label=prefix80
formal_extended_baseline_screen,SD-CGQT,14,1193971010,1258321329,scenario_label=clustered
formal_extended_baseline_screen,SD-CGQT,15,1311958710,2591083986,scenario_label=random
formal_extended_baseline_screen,SD-CGQT,15,1066348603,2998145228,scenario_label=prefixed
formal_extended_baseline_screen,SD-CGQT,15,3410131684,1305832223,scenario_label=prefix80
formal_extended_baseline_screen,SD-CGQT,15,2719779022,989072453,scenario_label=clustered
formal_extended_baseline_screen,SD-CGQT,16,4044322606,2645020492,scenario_label=random
formal_extended_baseline_screen,SD-CGQT,16,2310609587,2763376862,scenario_label=prefixed
formal_extended_baseline_screen,SD-CGQT,16,556887839,4227483949,scenario_label=prefix80
formal_extended_baseline_screen,SD-CGQT,16,2713732995,233837962,scenario_label=clustered
formal_extended_baseline_screen,SD-CGQT,17,1698610701,1428412068,scenario_label=random
formal_extended_baseline_screen,SD-CGQT,17,862396413,1781827683,scenario_label=prefixed
formal_extended_baseline_screen,SD-CGQT,17,3860214662,2800764020,scenario_label=prefix80
formal_extended_baseline_screen,SD-CGQT,17,2168941655,4002682484,scenario_label=clustered
formal_extended_baseline_screen,SD-CGQT,18,3900906002,803553724,scenario_label=random
formal_extended_baseline_screen,SD-CGQT,18,1976791937,2574255428,scenario_label=prefixed
formal_extended_baseline_screen,SD-CGQT,18,3973543592,3142498350,scenario_label=prefix80
formal_extended_baseline_screen,SD-CGQT,18,3575544916,2712929300,scenario_label=clustered
formal_extended_baseline_screen,SD-CGQT,19,3061364434,3056039119,scenario_label=random
formal_extended_baseline_screen,SD-CGQT,19,3116852746,2776907425,scenario_label=prefixed
formal_extended_baseline_screen,SD-CGQT,19,1163800006,3701352512,scenario_label=prefix80
formal_extended_baseline_screen,SD-CGQT,19,99158156,162614223,scenario_label=clustered
formal_extended_baseline_screen,SD-CGQT,20,3722875878,3586809956,scenario_label=random
formal_extended_baseline_screen,SD-CGQT,20,3001598358,2386424442,scenario_label=prefixed
formal_extended_baseline_screen,SD-CGQT,20,1969154653,752444552,scenario_label=prefix80
formal_extended_baseline_screen,SD-CGQT,20,3278615476,903920593,scenario_label=clustered
formal_extended_baseline_screen,SD-CGQT,21,1880512712,1566121202,scenario_label=random
formal_extended_baseline_screen,SD-CGQT,21,2792116651,2658775351,scenario_label=prefixed
formal_extended_baseline_screen,SD-CGQT,21,3818182820,1397938529,scenario_label=prefix80
formal_extended_baseline_screen,SD-CGQT,21,1495572643,1287301966,scenario_label=clustered
formal_extended_baseline_screen,SD-CGQT,22,2483842946,1365558626,scenario_label=random
formal_extended_baseline_screen,SD-CGQT,22,664859573,2873195327,scenario_label=prefixed
formal_extended_baseline_screen,SD-CGQT,22,647152320,1270654078,scenario_label=prefix80
formal_extended_baseline_screen,SD-CGQT,22,2138889899,1269508825,scenario_label=clustered
formal_extended_baseline_screen,SD-CGQT,23,484606977,867494546,scenario_label=random
formal_extended_baseline_screen,SD-CGQT,23,4122393112,442325061,scenario_label=prefixed
formal_extended_baseline_screen,SD-CGQT,23,2468324303,3045559247,scenario_label=prefix80
formal_extended_baseline_screen,SD-CGQT,23,3200206661,1077925747,scenario_label=clustered
formal_extended_baseline_screen,SD-CGQT,24,4167451253,1322614049,scenario_label=random
formal_extended_baseline_screen,SD-CGQT,24,2427110912,3262688619,scenario_label=prefixed
formal_extended_baseline_screen,SD-CGQT,24,4263242191,3713899231,scenario_label=prefix80
formal_extended_baseline_screen,SD-CGQT,24,3387768436,3531899277,scenario_label=clustered
formal_extended_baseline_screen,SD-CGQT,25,1401592609,544597396,scenario_label=random
formal_extended_baseline_screen,SD-CGQT,25,4217303339,1547871561,scenario_label=prefixed
formal_extended_baseline_screen,SD-CGQT,25,2677772902,3399134439,scenario_label=prefix80
formal_extended_baseline_screen,SD-CGQT,25,4190779514,2030005870,scenario_label=clustered
formal_extended_baseline_screen,SD-CGQT,26,2865864341,3575466405,scenario_label=random
formal_extended_baseline_screen,SD-CGQT,26,1478210380,2024499748,scenario_label=prefixed
formal_extended_baseline_screen,SD-CGQT,26,229837212,2091308580,scenario_label=prefix80
formal_extended_baseline_screen,SD-CGQT,26,3925234375,1239901282,scenario_label=clustered
formal_extended_baseline_screen,SD-CGQT,27,1975682606,2970253724,scenario_label=random
formal_extended_baseline_screen,SD-CGQT,27,3217990807,2935183448,scenario_label=prefixed
formal_extended_baseline_screen,SD-CGQT,27,2830123666,3120364960,scenario_label=prefix80
formal_extended_baseline_screen,SD-CGQT,27,3377847691,2666442710,scenario_label=clustered
formal_extended_baseline_screen,SD-CGQT,28,264712398,2845447952,scenario_label=random
formal_extended_baseline_screen,SD-CGQT,28,2849627408,697815564,scenario_label=prefixed
formal_extended_baseline_screen,SD-CGQT,28,2205676394,61958015,scenario_label=prefix80
formal_extended_baseline_screen,SD-CGQT,28,1883537458,3310826855,scenario_label=clustered
formal_extended_baseline_screen,SD-CGQT,29,814411954,2311214120,scenario_label=random
formal_extended_baseline_screen,SD-CGQT,29,3130433991,2940467592,scenario_label=prefixed
formal_extended_baseline_screen,SD-CGQT,29,1229335753,3766872210,scenario_label=prefix80
formal_extended_baseline_screen,SD-CGQT,29,3172725409,414061794,scenario_label=clustered
formal_extended_baseline_screen,SD-CGQT,30,1675969911,3395074188,scenario_label=random
formal_extended_baseline_screen,SD-CGQT,30,2782577657,1364297075,scenario_label=prefixed
formal_extended_baseline_screen,SD-CGQT,30,511059701,425625686,scenario_label=prefix80
formal_extended_baseline_screen,SD-CGQT,30,3855081597,2377951141,scenario_label=clustered
formal_extended_baseline_screen,SD-CGQT,31,3265993510,2074325858,scenario_label=random
formal_extended_baseline_screen,SD-CGQT,31,1064392848,429625002,scenario_label=prefixed
formal_extended_baseline_screen,SD-CGQT,31,2404369372,1909448837,scenario_label=prefix80
formal_extended_baseline_screen,SD-CGQT,31,1581184839,2770897670,scenario_label=clustered
formal_extended_baseline_screen,SD-CGQT,32,2252910599,207323243,scenario_label=random
formal_extended_baseline_screen,SD-CGQT,32,3774357635,3652505701,scenario_label=prefixed
formal_extended_baseline_screen,SD-CGQT,32,3552680233,3874581546,scenario_label=prefix80
formal_extended_baseline_screen,SD-CGQT,32,1120776253,1336289687,scenario_label=clustered
formal_extended_baseline_screen,SD-CGQT,33,2042956436,2196698167,scenario_label=random
formal_extended_baseline_screen,SD-CGQT,33,2604247550,4159853691,scenario_label=prefixed
formal_extended_baseline_screen,SD-CGQT,33,4264852947,1497008900,scenario_label=prefix80
formal_extended_baseline_screen,SD-CGQT,33,1884500039,4200411994,scenario_label=clustered
formal_extended_baseline_screen,SD-CGQT,34,1926156841,1630639437,scenario_label=random
formal_extended_baseline_screen,SD-CGQT,34,304335199,3935027652,scenario_label=prefixed
formal_extended_baseline_screen,SD-CGQT,34,1538798478,2050799502,scenario_label=prefix80
formal_extended_baseline_screen,SD-CGQT,34,2234370540,1210300315,scenario_label=clustered
formal_extended_baseline_screen,SD-CGQT,35,2690207514,1987476153,scenario_label=random
formal_extended_baseline_screen,SD-CGQT,35,4048739445,2512226881,scenario_label=prefixed
formal_extended_baseline_screen,SD-CGQT,35,2800648159,3424082516,scenario_label=prefix80
formal_extended_baseline_screen,SD-CGQT,35,1745901410,2729177940,scenario_label=clustered
formal_extended_baseline_screen,SD-CGQT,36,1928770138,2993018012,scenario_label=random
formal_extended_baseline_screen,SD-CGQT,36,1318647535,3714408373,scenario_label=prefixed
formal_extended_baseline_screen,SD-CGQT,36,2487161622,181224618,scenario_label=prefix80
formal_extended_baseline_screen,SD-CGQT,36,3755104620,3699601797,scenario_label=clustered
formal_extended_baseline_screen,SD-CGQT,37,3956758156,1532475289,scenario_label=random
formal_extended_baseline_screen,SD-CGQT,37,1372255346,69495341,scenario_label=prefixed
formal_extended_baseline_screen,SD-CGQT,37,707353532,2785970295,scenario_label=prefix80
formal_extended_baseline_screen,SD-CGQT,37,1062845759,2329669862,scenario_label=clustered
formal_extended_baseline_screen,SD-CGQT,38,957467494,3671345866,scenario_label=random
formal_extended_baseline_screen,SD-CGQT,38,2919934110,2655127168,scenario_label=prefixed
formal_extended_baseline_screen,SD-CGQT,38,3472369517,2416733805,scenario_label=prefix80
formal_extended_baseline_screen,SD-CGQT,38,1660287430,2576912646,scenario_label=clustered
formal_extended_baseline_screen,SD-CGQT,39,2866897990,3226122379,scenario_label=random
formal_extended_baseline_screen,SD-CGQT,39,86283338,1497469816,scenario_label=prefixed
formal_extended_baseline_screen,SD-CGQT,39,1243192488,39039562,scenario_label=prefix80
formal_extended_baseline_screen,SD-CGQT,39,481472403,2597142061,scenario_label=clustered
formal_extended_baseline_screen,SD-CGQT,40,509607359,2262515758,scenario_label=random
formal_extended_baseline_screen,SD-CGQT,40,2673896349,43178404,scenario_label=prefixed
formal_extended_baseline_screen,SD-CGQT,40,1445782178,3823194291,scenario_label=prefix80
formal_extended_baseline_screen,SD-CGQT,40,3422425815,1027118514,scenario_label=clustered
formal_extended_baseline_screen,SD-CGQT,41,2374982155,2765185951,scenario_label=random
formal_extended_baseline_screen,SD-CGQT,41,2076339012,3527510611,scenario_label=prefixed
formal_extended_baseline_screen,SD-CGQT,41,3727899068,1258941768,scenario_label=prefix80
formal_extended_baseline_screen,SD-CGQT,41,4098968949,251906091,scenario_label=clustered
formal_extended_baseline_screen,SD-CGQT,42,2681934676,1642560560,scenario_label=random
formal_extended_baseline_screen,SD-CGQT,42,3463721453,4062358798,scenario_label=prefixed
formal_extended_baseline_screen,SD-CGQT,42,3090696183,1570865632,scenario_label=prefix80
formal_extended_baseline_screen,SD-CGQT,42,3927309367,981267720,scenario_label=clustered
formal_extended_baseline_screen,SD-CGQT,43,3450749702,3729132711,scenario_label=random
formal_extended_baseline_screen,SD-CGQT,43,144876194,1594727553,scenario_label=prefixed
formal_extended_baseline_screen,SD-CGQT,43,1513479548,951256184,scenario_label=prefix80
formal_extended_baseline_screen,SD-CGQT,43,48141908,2347541658,scenario_label=clustered
formal_extended_baseline_screen,SD-CGQT,44,3987099893,2962226737,scenario_label=random
formal_extended_baseline_screen,SD-CGQT,44,2327316353,4203492027,scenario_label=prefixed
formal_extended_baseline_screen,SD-CGQT,44,2316918874,3838680527,scenario_label=prefix80
formal_extended_baseline_screen,SD-CGQT,44,828653254,4026913130,scenario_label=clustered
formal_extended_baseline_screen,SD-CGQT,45,3580828999,1846562590,scenario_label=random
formal_extended_baseline_screen,SD-CGQT,45,1476163045,1823163615,scenario_label=prefixed
formal_extended_baseline_screen,SD-CGQT,45,2573149326,3653726382,scenario_label=prefix80
formal_extended_baseline_screen,SD-CGQT,45,2581397823,372710084,scenario_label=clustered
formal_extended_baseline_screen,SD-CGQT,46,3716381950,3121914827,scenario_label=random
formal_extended_baseline_screen,SD-CGQT,46,2477060584,443869341,scenario_label=prefixed
formal_extended_baseline_screen,SD-CGQT,46,2069287118,1834396358,scenario_label=prefix80
formal_extended_baseline_screen,SD-CGQT,46,4117600980,803949327,scenario_label=clustered
formal_extended_baseline_screen,SD-CGQT,47,2943036703,346635789,scenario_label=random
formal_extended_baseline_screen,SD-CGQT,47,2255604210,3392570735,scenario_label=prefixed
formal_extended_baseline_screen,SD-CGQT,47,1998039315,425168394,scenario_label=prefix80
formal_extended_baseline_screen,SD-CGQT,47,1376940312,1120755888,scenario_label=clustered
formal_extended_baseline_screen,SD-CGQT,48,4126669249,3202770521,scenario_label=random
formal_extended_baseline_screen,SD-CGQT,48,2193895526,1611739006,scenario_label=prefixed
formal_extended_baseline_screen,SD-CGQT,48,3566718053,3772541427,scenario_label=prefix80
formal_extended_baseline_screen,SD-CGQT,48,3761635906,1701233111,scenario_label=clustered
formal_extended_baseline_screen,SD-CGQT,49,675927661,1170323445,scenario_label=random
formal_extended_baseline_screen,SD-CGQT,49,2044777110,2221867916,scenario_label=prefixed
formal_extended_baseline_screen,SD-CGQT,49,2799794232,2925961714,scenario_label=prefix80
formal_extended_baseline_screen,SD-CGQT,49,2841386880,1374737692,scenario_label=clustered
formal_extended_baseline_screen,SUBF-CGDFSA,0,3623283272,2557654636,scenario_label=random
formal_extended_baseline_screen,SUBF-CGDFSA,0,116656660,341459163,scenario_label=prefixed
formal_extended_baseline_screen,SUBF-CGDFSA,0,1741802094,3261752418,scenario_label=prefix80
formal_extended_baseline_screen,SUBF-CGDFSA,0,2095316255,3218153837,scenario_label=clustered
formal_extended_baseline_screen,SUBF-CGDFSA,1,3864099846,3732089115,scenario_label=random
formal_extended_baseline_screen,SUBF-CGDFSA,1,889203247,2168071839,scenario_label=prefixed
formal_extended_baseline_screen,SUBF-CGDFSA,1,2669137359,385941092,scenario_label=prefix80
formal_extended_baseline_screen,SUBF-CGDFSA,1,1179273823,2173919946,scenario_label=clustered
formal_extended_baseline_screen,SUBF-CGDFSA,2,813036364,3629657009,scenario_label=random
formal_extended_baseline_screen,SUBF-CGDFSA,2,1822834370,794379707,scenario_label=prefixed
formal_extended_baseline_screen,SUBF-CGDFSA,2,2479815273,3739031449,scenario_label=prefix80
formal_extended_baseline_screen,SUBF-CGDFSA,2,2073761602,2728615415,scenario_label=clustered
formal_extended_baseline_screen,SUBF-CGDFSA,3,57753915,1874979188,scenario_label=random
formal_extended_baseline_screen,SUBF-CGDFSA,3,2219440691,1970432480,scenario_label=prefixed
formal_extended_baseline_screen,SUBF-CGDFSA,3,1286928148,1185423279,scenario_label=prefix80
formal_extended_baseline_screen,SUBF-CGDFSA,3,787561323,451168106,scenario_label=clustered
formal_extended_baseline_screen,SUBF-CGDFSA,4,3819630184,531556471,scenario_label=random
formal_extended_baseline_screen,SUBF-CGDFSA,4,889858016,3563803262,scenario_label=prefixed
formal_extended_baseline_screen,SUBF-CGDFSA,4,2696116183,1907758489,scenario_label=prefix80
formal_extended_baseline_screen,SUBF-CGDFSA,4,688500632,2192920695,scenario_label=clustered
formal_extended_baseline_screen,SUBF-CGDFSA,5,2608777085,798944362,scenario_label=random
formal_extended_baseline_screen,SUBF-CGDFSA,5,3513520067,2461707946,scenario_label=prefixed
formal_extended_baseline_screen,SUBF-CGDFSA,5,1840913042,3007204070,scenario_label=prefix80
formal_extended_baseline_screen,SUBF-CGDFSA,5,3399855602,2701608668,scenario_label=clustered
formal_extended_baseline_screen,SUBF-CGDFSA,6,1011355210,354128381,scenario_label=random
formal_extended_baseline_screen,SUBF-CGDFSA,6,4182455193,3058382507,scenario_label=prefixed
formal_extended_baseline_screen,SUBF-CGDFSA,6,234351616,3946988260,scenario_label=prefix80
formal_extended_baseline_screen,SUBF-CGDFSA,6,1672192143,2526798079,scenario_label=clustered
formal_extended_baseline_screen,SUBF-CGDFSA,7,2772753435,3682784673,scenario_label=random
formal_extended_baseline_screen,SUBF-CGDFSA,7,1416235163,3639130301,scenario_label=prefixed
formal_extended_baseline_screen,SUBF-CGDFSA,7,2635025427,1465786163,scenario_label=prefix80
formal_extended_baseline_screen,SUBF-CGDFSA,7,1710578268,2497908410,scenario_label=clustered
formal_extended_baseline_screen,SUBF-CGDFSA,8,3926250230,16754227,scenario_label=random
formal_extended_baseline_screen,SUBF-CGDFSA,8,834749396,3110707298,scenario_label=prefixed
formal_extended_baseline_screen,SUBF-CGDFSA,8,3619142060,2976838842,scenario_label=prefix80
formal_extended_baseline_screen,SUBF-CGDFSA,8,3961209957,1073115070,scenario_label=clustered
formal_extended_baseline_screen,SUBF-CGDFSA,9,58426829,3116816648,scenario_label=random
formal_extended_baseline_screen,SUBF-CGDFSA,9,1183400892,1778509546,scenario_label=prefixed
formal_extended_baseline_screen,SUBF-CGDFSA,9,3771146367,1513519672,scenario_label=prefix80
formal_extended_baseline_screen,SUBF-CGDFSA,9,346261855,1678142620,scenario_label=clustered
formal_extended_baseline_screen,SUBF-CGDFSA,10,1020324588,2199429041,scenario_label=random
formal_extended_baseline_screen,SUBF-CGDFSA,10,2061720330,4153746617,scenario_label=prefixed
formal_extended_baseline_screen,SUBF-CGDFSA,10,1420417677,3505072119,scenario_label=prefix80
formal_extended_baseline_screen,SUBF-CGDFSA,10,4285535701,3595603046,scenario_label=clustered
formal_extended_baseline_screen,SUBF-CGDFSA,11,596195424,1079230710,scenario_label=random
formal_extended_baseline_screen,SUBF-CGDFSA,11,2528955344,4262720764,scenario_label=prefixed
formal_extended_baseline_screen,SUBF-CGDFSA,11,4029019098,967096158,scenario_label=prefix80
formal_extended_baseline_screen,SUBF-CGDFSA,11,2138647285,2868051668,scenario_label=clustered
formal_extended_baseline_screen,SUBF-CGDFSA,12,530428079,336980297,scenario_label=random
formal_extended_baseline_screen,SUBF-CGDFSA,12,3403028343,3466121879,scenario_label=prefixed
formal_extended_baseline_screen,SUBF-CGDFSA,12,4132968395,2792091518,scenario_label=prefix80
formal_extended_baseline_screen,SUBF-CGDFSA,12,4135791258,692339852,scenario_label=clustered
formal_extended_baseline_screen,SUBF-CGDFSA,13,3351110087,1877507684,scenario_label=random
formal_extended_baseline_screen,SUBF-CGDFSA,13,3651045357,1629748152,scenario_label=prefixed
formal_extended_baseline_screen,SUBF-CGDFSA,13,3503816222,3836698640,scenario_label=prefix80
formal_extended_baseline_screen,SUBF-CGDFSA,13,2264469608,1581782468,scenario_label=clustered
formal_extended_baseline_screen,SUBF-CGDFSA,14,1692097063,3295771853,scenario_label=random
formal_extended_baseline_screen,SUBF-CGDFSA,14,1707141452,4201574566,scenario_label=prefixed
formal_extended_baseline_screen,SUBF-CGDFSA,14,1479387709,2220595854,scenario_label=prefix80
formal_extended_baseline_screen,SUBF-CGDFSA,14,1193971010,651460264,scenario_label=clustered
formal_extended_baseline_screen,SUBF-CGDFSA,15,1311958710,4188479184,scenario_label=random
formal_extended_baseline_screen,SUBF-CGDFSA,15,1066348603,3595351437,scenario_label=prefixed
formal_extended_baseline_screen,SUBF-CGDFSA,15,3410131684,2632241803,scenario_label=prefix80
formal_extended_baseline_screen,SUBF-CGDFSA,15,2719779022,4132456362,scenario_label=clustered
formal_extended_baseline_screen,SUBF-CGDFSA,16,4044322606,2662897767,scenario_label=random
formal_extended_baseline_screen,SUBF-CGDFSA,16,2310609587,266284243,scenario_label=prefixed
formal_extended_baseline_screen,SUBF-CGDFSA,16,556887839,1822209753,scenario_label=prefix80
formal_extended_baseline_screen,SUBF-CGDFSA,16,2713732995,2981131322,scenario_label=clustered
formal_extended_baseline_screen,SUBF-CGDFSA,17,1698610701,4067978619,scenario_label=random
formal_extended_baseline_screen,SUBF-CGDFSA,17,862396413,3487802209,scenario_label=prefixed
formal_extended_baseline_screen,SUBF-CGDFSA,17,3860214662,4095754778,scenario_label=prefix80
formal_extended_baseline_screen,SUBF-CGDFSA,17,2168941655,769811876,scenario_label=clustered
formal_extended_baseline_screen,SUBF-CGDFSA,18,3900906002,2524548328,scenario_label=random
formal_extended_baseline_screen,SUBF-CGDFSA,18,1976791937,3346242726,scenario_label=prefixed
formal_extended_baseline_screen,SUBF-CGDFSA,18,3973543592,3778917065,scenario_label=prefix80
formal_extended_baseline_screen,SUBF-CGDFSA,18,3575544916,1823182563,scenario_label=clustered
formal_extended_baseline_screen,SUBF-CGDFSA,19,3061364434,3691858050,scenario_label=random
formal_extended_baseline_screen,SUBF-CGDFSA,19,3116852746,513086443,scenario_label=prefixed
formal_extended_baseline_screen,SUBF-CGDFSA,19,1163800006,417499656,scenario_label=prefix80
formal_extended_baseline_screen,SUBF-CGDFSA,19,99158156,3024715323,scenario_label=clustered
formal_extended_baseline_screen,SUBF-CGDFSA,20,3722875878,523673905,scenario_label=random
formal_extended_baseline_screen,SUBF-CGDFSA,20,3001598358,1618293077,scenario_label=prefixed
formal_extended_baseline_screen,SUBF-CGDFSA,20,1969154653,1970673850,scenario_label=prefix80
formal_extended_baseline_screen,SUBF-CGDFSA,20,3278615476,1765395087,scenario_label=clustered
formal_extended_baseline_screen,SUBF-CGDFSA,21,1880512712,3504840932,scenario_label=random
formal_extended_baseline_screen,SUBF-CGDFSA,21,2792116651,2649466410,scenario_label=prefixed
formal_extended_baseline_screen,SUBF-CGDFSA,21,3818182820,975888675,scenario_label=prefix80
formal_extended_baseline_screen,SUBF-CGDFSA,21,1495572643,3550377324,scenario_label=clustered
formal_extended_baseline_screen,SUBF-CGDFSA,22,2483842946,3368567180,scenario_label=random
formal_extended_baseline_screen,SUBF-CGDFSA,22,664859573,136864390,scenario_label=prefixed
formal_extended_baseline_screen,SUBF-CGDFSA,22,647152320,1467082590,scenario_label=prefix80
formal_extended_baseline_screen,SUBF-CGDFSA,22,2138889899,1038880587,scenario_label=clustered
formal_extended_baseline_screen,SUBF-CGDFSA,23,484606977,3113554289,scenario_label=random
formal_extended_baseline_screen,SUBF-CGDFSA,23,4122393112,274034932,scenario_label=prefixed
formal_extended_baseline_screen,SUBF-CGDFSA,23,2468324303,2607527816,scenario_label=prefix80
formal_extended_baseline_screen,SUBF-CGDFSA,23,3200206661,3129420073,scenario_label=clustered
formal_extended_baseline_screen,SUBF-CGDFSA,24,4167451253,1318130111,scenario_label=random
formal_extended_baseline_screen,SUBF-CGDFSA,24,2427110912,2382453170,scenario_label=prefixed
formal_extended_baseline_screen,SUBF-CGDFSA,24,4263242191,1498497325,scenario_label=prefix80
formal_extended_baseline_screen,SUBF-CGDFSA,24,3387768436,2542224635,scenario_label=clustered
formal_extended_baseline_screen,SUBF-CGDFSA,25,1401592609,3461116534,scenario_label=random
formal_extended_baseline_screen,SUBF-CGDFSA,25,4217303339,2725276458,scenario_label=prefixed
formal_extended_baseline_screen,SUBF-CGDFSA,25,2677772902,4187239085,scenario_label=prefix80
formal_extended_baseline_screen,SUBF-CGDFSA,25,4190779514,1161073444,scenario_label=clustered
formal_extended_baseline_screen,SUBF-CGDFSA,26,2865864341,2364776680,scenario_label=random
formal_extended_baseline_screen,SUBF-CGDFSA,26,1478210380,2311461557,scenario_label=prefixed
formal_extended_baseline_screen,SUBF-CGDFSA,26,229837212,3197251015,scenario_label=prefix80
formal_extended_baseline_screen,SUBF-CGDFSA,26,3925234375,541455008,scenario_label=clustered
formal_extended_baseline_screen,SUBF-CGDFSA,27,1975682606,1795262106,scenario_label=random
formal_extended_baseline_screen,SUBF-CGDFSA,27,3217990807,371010669,scenario_label=prefixed
formal_extended_baseline_screen,SUBF-CGDFSA,27,2830123666,2448652859,scenario_label=prefix80
formal_extended_baseline_screen,SUBF-CGDFSA,27,3377847691,1224371159,scenario_label=clustered
formal_extended_baseline_screen,SUBF-CGDFSA,28,264712398,949561121,scenario_label=random
formal_extended_baseline_screen,SUBF-CGDFSA,28,2849627408,1537233084,scenario_label=prefixed
formal_extended_baseline_screen,SUBF-CGDFSA,28,2205676394,867386834,scenario_label=prefix80
formal_extended_baseline_screen,SUBF-CGDFSA,28,1883537458,2182225992,scenario_label=clustered
formal_extended_baseline_screen,SUBF-CGDFSA,29,814411954,2231188458,scenario_label=random
formal_extended_baseline_screen,SUBF-CGDFSA,29,3130433991,2606739936,scenario_label=prefixed
formal_extended_baseline_screen,SUBF-CGDFSA,29,1229335753,3354404303,scenario_label=prefix80
formal_extended_baseline_screen,SUBF-CGDFSA,29,3172725409,17143574,scenario_label=clustered
formal_extended_baseline_screen,SUBF-CGDFSA,30,1675969911,851006345,scenario_label=random
formal_extended_baseline_screen,SUBF-CGDFSA,30,2782577657,3092856974,scenario_label=prefixed
formal_extended_baseline_screen,SUBF-CGDFSA,30,511059701,522568230,scenario_label=prefix80
formal_extended_baseline_screen,SUBF-CGDFSA,30,3855081597,1153061028,scenario_label=clustered
formal_extended_baseline_screen,SUBF-CGDFSA,31,3265993510,3091198678,scenario_label=random
formal_extended_baseline_screen,SUBF-CGDFSA,31,1064392848,934404885,scenario_label=prefixed
formal_extended_baseline_screen,SUBF-CGDFSA,31,2404369372,1026751790,scenario_label=prefix80
formal_extended_baseline_screen,SUBF-CGDFSA,31,1581184839,935468471,scenario_label=clustered
formal_extended_baseline_screen,SUBF-CGDFSA,32,2252910599,3939149707,scenario_label=random
formal_extended_baseline_screen,SUBF-CGDFSA,32,3774357635,3863741349,scenario_label=prefixed
formal_extended_baseline_screen,SUBF-CGDFSA,32,3552680233,2043022081,scenario_label=prefix80
formal_extended_baseline_screen,SUBF-CGDFSA,32,1120776253,1675764504,scenario_label=clustered
formal_extended_baseline_screen,SUBF-CGDFSA,33,2042956436,3951039211,scenario_label=random
formal_extended_baseline_screen,SUBF-CGDFSA,33,2604247550,2331808000,scenario_label=prefixed
formal_extended_baseline_screen,SUBF-CGDFSA,33,4264852947,3971192609,scenario_label=prefix80
formal_extended_baseline_screen,SUBF-CGDFSA,33,1884500039,92229640,scenario_label=clustered
formal_extended_baseline_screen,SUBF-CGDFSA,34,1926156841,3004686745,scenario_label=random
formal_extended_baseline_screen,SUBF-CGDFSA,34,304335199,1831467705,scenario_label=prefixed
formal_extended_baseline_screen,SUBF-CGDFSA,34,1538798478,2070303155,scenario_label=prefix80
formal_extended_baseline_screen,SUBF-CGDFSA,34,2234370540,2125591593,scenario_label=clustered
formal_extended_baseline_screen,SUBF-CGDFSA,35,2690207514,2798314292,scenario_label=random
formal_extended_baseline_screen,SUBF-CGDFSA,35,4048739445,3464891693,scenario_label=prefixed
formal_extended_baseline_screen,SUBF-CGDFSA,35,2800648159,3064611110,scenario_label=prefix80
formal_extended_baseline_screen,SUBF-CGDFSA,35,1745901410,2398640763,scenario_label=clustered
formal_extended_baseline_screen,SUBF-CGDFSA,36,1928770138,3151823517,scenario_label=random
formal_extended_baseline_screen,SUBF-CGDFSA,36,1318647535,3989318087,scenario_label=prefixed
formal_extended_baseline_screen,SUBF-CGDFSA,36,2487161622,2576464596,scenario_label=prefix80
formal_extended_baseline_screen,SUBF-CGDFSA,36,3755104620,3017004385,scenario_label=clustered
formal_extended_baseline_screen,SUBF-CGDFSA,37,3956758156,1287671809,scenario_label=random
formal_extended_baseline_screen,SUBF-CGDFSA,37,1372255346,4122856424,scenario_label=prefixed
formal_extended_baseline_screen,SUBF-CGDFSA,37,707353532,1327074156,scenario_label=prefix80
formal_extended_baseline_screen,SUBF-CGDFSA,37,1062845759,1012028685,scenario_label=clustered
formal_extended_baseline_screen,SUBF-CGDFSA,38,957467494,3119192497,scenario_label=random
formal_extended_baseline_screen,SUBF-CGDFSA,38,2919934110,1888074572,scenario_label=prefixed
formal_extended_baseline_screen,SUBF-CGDFSA,38,3472369517,385565717,scenario_label=prefix80
formal_extended_baseline_screen,SUBF-CGDFSA,38,1660287430,2455624283,scenario_label=clustered
formal_extended_baseline_screen,SUBF-CGDFSA,39,2866897990,1030994380,scenario_label=random
formal_extended_baseline_screen,SUBF-CGDFSA,39,86283338,3314783214,scenario_label=prefixed
formal_extended_baseline_screen,SUBF-CGDFSA,39,1243192488,1158679957,scenario_label=prefix80
formal_extended_baseline_screen,SUBF-CGDFSA,39,481472403,1347677236,scenario_label=clustered
formal_extended_baseline_screen,SUBF-CGDFSA,40,509607359,2737034292,scenario_label=random
formal_extended_baseline_screen,SUBF-CGDFSA,40,2673896349,2077007893,scenario_label=prefixed
formal_extended_baseline_screen,SUBF-CGDFSA,40,1445782178,4131092504,scenario_label=prefix80
formal_extended_baseline_screen,SUBF-CGDFSA,40,3422425815,3185319407,scenario_label=clustered
formal_extended_baseline_screen,SUBF-CGDFSA,41,2374982155,1560473271,scenario_label=random
formal_extended_baseline_screen,SUBF-CGDFSA,41,2076339012,1004933770,scenario_label=prefixed
formal_extended_baseline_screen,SUBF-CGDFSA,41,3727899068,1732447380,scenario_label=prefix80
formal_extended_baseline_screen,SUBF-CGDFSA,41,4098968949,3722083226,scenario_label=clustered
formal_extended_baseline_screen,SUBF-CGDFSA,42,2681934676,235568272,scenario_label=random
formal_extended_baseline_screen,SUBF-CGDFSA,42,3463721453,1351407376,scenario_label=prefixed
formal_extended_baseline_screen,SUBF-CGDFSA,42,3090696183,193942682,scenario_label=prefix80
formal_extended_baseline_screen,SUBF-CGDFSA,42,3927309367,2635883847,scenario_label=clustered
formal_extended_baseline_screen,SUBF-CGDFSA,43,3450749702,2353355603,scenario_label=random
formal_extended_baseline_screen,SUBF-CGDFSA,43,144876194,285531862,scenario_label=prefixed
formal_extended_baseline_screen,SUBF-CGDFSA,43,1513479548,2911654257,scenario_label=prefix80
formal_extended_baseline_screen,SUBF-CGDFSA,43,48141908,2056765164,scenario_label=clustered
formal_extended_baseline_screen,SUBF-CGDFSA,44,3987099893,1942314030,scenario_label=random
formal_extended_baseline_screen,SUBF-CGDFSA,44,2327316353,3560788070,scenario_label=prefixed
formal_extended_baseline_screen,SUBF-CGDFSA,44,2316918874,3362925156,scenario_label=prefix80
formal_extended_baseline_screen,SUBF-CGDFSA,44,828653254,2000304340,scenario_label=clustered
formal_extended_baseline_screen,SUBF-CGDFSA,45,3580828999,2147391900,scenario_label=random
formal_extended_baseline_screen,SUBF-CGDFSA,45,1476163045,2670090799,scenario_label=prefixed
formal_extended_baseline_screen,SUBF-CGDFSA,45,2573149326,2556774563,scenario_label=prefix80
formal_extended_baseline_screen,SUBF-CGDFSA,45,2581397823,910387654,scenario_label=clustered
formal_extended_baseline_screen,SUBF-CGDFSA,46,3716381950,4266735233,scenario_label=random
formal_extended_baseline_screen,SUBF-CGDFSA,46,2477060584,192523025,scenario_label=prefixed
formal_extended_baseline_screen,SUBF-CGDFSA,46,2069287118,79095513,scenario_label=prefix80
formal_extended_baseline_screen,SUBF-CGDFSA,46,4117600980,3508622759,scenario_label=clustered
formal_extended_baseline_screen,SUBF-CGDFSA,47,2943036703,3310202169,scenario_label=random
formal_extended_baseline_screen,SUBF-CGDFSA,47,2255604210,3252958688,scenario_label=prefixed
formal_extended_baseline_screen,SUBF-CGDFSA,47,1998039315,4008908489,scenario_label=prefix80
formal_extended_baseline_screen,SUBF-CGDFSA,47,1376940312,3541791915,scenario_label=clustered
formal_extended_baseline_screen,SUBF-CGDFSA,48,4126669249,3370599435,scenario_label=random
formal_extended_baseline_screen,SUBF-CGDFSA,48,2193895526,1125793520,scenario_label=prefixed
formal_extended_baseline_screen,SUBF-CGDFSA,48,3566718053,1822516008,scenario_label=prefix80
formal_extended_baseline_screen,SUBF-CGDFSA,48,3761635906,1694715960,scenario_label=clustered
formal_extended_baseline_screen,SUBF-CGDFSA,49,675927661,745857188,scenario_label=random
formal_extended_baseline_screen,SUBF-CGDFSA,49,2044777110,483661296,scenario_label=prefixed
formal_extended_baseline_screen,SUBF-CGDFSA,49,2799794232,2248966679,scenario_label=prefix80
formal_extended_baseline_screen,SUBF-CGDFSA,49,2841386880,337236279,scenario_label=clustered
formal_extended_baseline_screen,DRCT,1,3864099846,1230381627,scenario_label=random
formal_extended_baseline_screen,DRCT,0,3623283272,3007295198,scenario_label=random
formal_extended_baseline_screen,DRCT,3,57753915,1053099424,scenario_label=random
formal_extended_baseline_screen,DRCT,2,813036364,2494479434,scenario_label=random
formal_extended_baseline_screen,DRCT,4,3819630184,3731283758,scenario_label=random
formal_extended_baseline_screen,DRCT,5,2608777085,2654394564,scenario_label=random
formal_extended_baseline_screen,DRCT,6,1011355210,3159867198,scenario_label=random
formal_extended_baseline_screen,DRCT,7,2772753435,1436449062,scenario_label=random
formal_extended_baseline_screen,DRCT,8,3926250230,3246055751,scenario_label=random
formal_extended_baseline_screen,DRCT,9,58426829,4246924223,scenario_label=random
formal_extended_baseline_screen,DRCT,10,1020324588,2773480104,scenario_label=random
formal_extended_baseline_screen,DRCT,11,596195424,943269521,scenario_label=random
formal_extended_baseline_screen,DRCT,12,530428079,3353163520,scenario_label=random
formal_extended_baseline_screen,DRCT,13,3351110087,3421033273,scenario_label=random
formal_extended_baseline_screen,DRCT,14,1692097063,632512706,scenario_label=random
formal_extended_baseline_screen,DRCT,15,1311958710,2376578527,scenario_label=random
formal_extended_baseline_screen,DRCT,16,4044322606,2291556661,scenario_label=random
formal_extended_baseline_screen,DRCT,17,1698610701,3845545754,scenario_label=random
formal_extended_baseline_screen,DRCT,18,3900906002,3364887770,scenario_label=random
formal_extended_baseline_screen,DRCT,19,3061364434,3042206769,scenario_label=random
formal_extended_baseline_screen,DRCT,20,3722875878,230715784,scenario_label=random
formal_extended_baseline_screen,DRCT,21,1880512712,2695997930,scenario_label=random
formal_extended_baseline_screen,DRCT,22,2483842946,636707241,scenario_label=random
formal_extended_baseline_screen,DRCT,23,484606977,3862946422,scenario_label=random
formal_extended_baseline_screen,DRCT,24,4167451253,814011152,scenario_label=random
formal_extended_baseline_screen,DRCT,25,1401592609,1150857521,scenario_label=random
formal_extended_baseline_screen,DRCT,27,1975682606,3731944197,scenario_label=random
formal_extended_baseline_screen,DRCT,26,2865864341,3303708524,scenario_label=random
formal_extended_baseline_screen,DRCT,28,264712398,3901427417,scenario_label=random
formal_extended_baseline_screen,DRCT,29,814411954,763192409,scenario_label=random
formal_extended_baseline_screen,DRCT,30,1675969911,3817691941,scenario_label=random
formal_extended_baseline_screen,DRCT,31,3265993510,41293381,scenario_label=random
formal_extended_baseline_screen,DRCT,32,2252910599,1232520431,scenario_label=random
formal_extended_baseline_screen,DRCT,33,2042956436,2471278340,scenario_label=random
formal_extended_baseline_screen,DRCT,35,2690207514,4113310216,scenario_label=random
formal_extended_baseline_screen,DRCT,34,1926156841,695011179,scenario_label=random
formal_extended_baseline_screen,DRCT,36,1928770138,3829338353,scenario_label=random
formal_extended_baseline_screen,DRCT,37,3956758156,734869619,scenario_label=random
formal_extended_baseline_screen,DRCT,38,957467494,4277221571,scenario_label=random
formal_extended_baseline_screen,DRCT,39,2866897990,3059774405,scenario_label=random
formal_extended_baseline_screen,DRCT,40,509607359,2451080924,scenario_label=random
formal_extended_baseline_screen,DRCT,41,2374982155,2875661120,scenario_label=random
formal_extended_baseline_screen,DRCT,42,2681934676,101830660,scenario_label=random
formal_extended_baseline_screen,DRCT,43,3450749702,2670019088,scenario_label=random
formal_extended_baseline_screen,DRCT,44,3987099893,503986603,scenario_label=random
formal_extended_baseline_screen,DRCT,45,3580828999,4242728454,scenario_label=random
formal_extended_baseline_screen,DRCT,46,3716381950,1875949639,scenario_label=random
formal_extended_baseline_screen,DRCT,47,2943036703,4013542919,scenario_label=random
formal_extended_baseline_screen,DRCT,48,4126669249,3702112977,scenario_label=random
formal_extended_baseline_screen,DRCT,49,675927661,153333807,scenario_label=random
formal_extended_baseline_screen,DRCT,0,116656660,1795643613,scenario_label=prefixed
formal_extended_baseline_screen,DRCT,1,889203247,2282629873,scenario_label=prefixed
formal_extended_baseline_screen,DRCT,2,1822834370,635118550,scenario_label=prefixed
formal_extended_baseline_screen,DRCT,3,2219440691,1886415352,scenario_label=prefixed
formal_extended_baseline_screen,DRCT,4,889858016,506565362,scenario_label=prefixed
formal_extended_baseline_screen,DRCT,5,3513520067,2080571807,scenario_label=prefixed
formal_extended_baseline_screen,DRCT,6,4182455193,4283593236,scenario_label=prefixed
formal_extended_baseline_screen,DRCT,7,1416235163,2638068535,scenario_label=prefixed
formal_extended_baseline_screen,DRCT,8,834749396,2225331800,scenario_label=prefixed
formal_extended_baseline_screen,DRCT,9,1183400892,2930215297,scenario_label=prefixed
formal_extended_baseline_screen,DRCT,10,2061720330,3826506554,scenario_label=prefixed
formal_extended_baseline_screen,DRCT,11,2528955344,254286611,scenario_label=prefixed
formal_extended_baseline_screen,DRCT,12,3403028343,482262455,scenario_label=prefixed
formal_extended_baseline_screen,DRCT,13,3651045357,1677712937,scenario_label=prefixed
formal_extended_baseline_screen,DRCT,14,1707141452,3261402185,scenario_label=prefixed
formal_extended_baseline_screen,DRCT,15,1066348603,67627113,scenario_label=prefixed
formal_extended_baseline_screen,DRCT,16,2310609587,1909420649,scenario_label=prefixed
formal_extended_baseline_screen,DRCT,17,862396413,1932638795,scenario_label=prefixed
formal_extended_baseline_screen,DRCT,18,1976791937,672197834,scenario_label=prefixed
formal_extended_baseline_screen,DRCT,19,3116852746,857239874,scenario_label=prefixed
formal_extended_baseline_screen,DRCT,20,3001598358,142808547,scenario_label=prefixed
formal_extended_baseline_screen,DRCT,21,2792116651,3876109221,scenario_label=prefixed
formal_extended_baseline_screen,DRCT,22,664859573,1795568635,scenario_label=prefixed
formal_extended_baseline_screen,DRCT,23,4122393112,1126141319,scenario_label=prefixed
formal_extended_baseline_screen,DRCT,24,2427110912,1232687292,scenario_label=prefixed
formal_extended_baseline_screen,DRCT,25,4217303339,1765578749,scenario_label=prefixed
formal_extended_baseline_screen,DRCT,26,1478210380,1561520892,scenario_label=prefixed
formal_extended_baseline_screen,DRCT,27,3217990807,145700068,scenario_label=prefixed
formal_extended_baseline_screen,DRCT,28,2849627408,2304446709,scenario_label=prefixed
formal_extended_baseline_screen,DRCT,29,3130433991,2069896411,scenario_label=prefixed
formal_extended_baseline_screen,DRCT,30,2782577657,2771340955,scenario_label=prefixed
formal_extended_baseline_screen,DRCT,31,1064392848,2132106637,scenario_label=prefixed
formal_extended_baseline_screen,DRCT,32,3774357635,4166195162,scenario_label=prefixed
formal_extended_baseline_screen,DRCT,33,2604247550,509067863,scenario_label=prefixed
formal_extended_baseline_screen,DRCT,34,304335199,2944667977,scenario_label=prefixed
formal_extended_baseline_screen,DRCT,35,4048739445,3798565264,scenario_label=prefixed
formal_extended_baseline_screen,DRCT,36,1318647535,786321605,scenario_label=prefixed
formal_extended_baseline_screen,DRCT,37,1372255346,3316477345,scenario_label=prefixed
formal_extended_baseline_screen,DRCT,38,2919934110,3616675267,scenario_label=prefixed
formal_extended_baseline_screen,DRCT,39,86283338,3553383681,scenario_label=prefixed
formal_extended_baseline_screen,DRCT,40,2673896349,2557085499,scenario_label=prefixed
formal_extended_baseline_screen,DRCT,41,2076339012,863377449,scenario_label=prefixed
formal_extended_baseline_screen,DRCT,42,3463721453,362825430,scenario_label=prefixed
formal_extended_baseline_screen,DRCT,43,144876194,1094980769,scenario_label=prefixed
formal_extended_baseline_screen,DRCT,44,2327316353,604736240,scenario_label=prefixed
formal_extended_baseline_screen,DRCT,45,1476163045,3513470133,scenario_label=prefixed
formal_extended_baseline_screen,DRCT,46,2477060584,357068095,scenario_label=prefixed
formal_extended_baseline_screen,DRCT,47,2255604210,2119362582,scenario_label=prefixed
formal_extended_baseline_screen,DRCT,48,2193895526,1252580090,scenario_label=prefixed
formal_extended_baseline_screen,DRCT,49,2044777110,4035672101,scenario_label=prefixed
formal_extended_baseline_screen,DRCT,0,1741802094,2720218551,scenario_label=prefix80
formal_extended_baseline_screen,DRCT,1,2669137359,342009579,scenario_label=prefix80
formal_extended_baseline_screen,DRCT,2,2479815273,797874875,scenario_label=prefix80
formal_extended_baseline_screen,DRCT,3,1286928148,2769460871,scenario_label=prefix80
formal_extended_baseline_screen,DRCT,4,2696116183,4227958410,scenario_label=prefix80
formal_extended_baseline_screen,DRCT,5,1840913042,891856134,scenario_label=prefix80
formal_extended_baseline_screen,DRCT,6,234351616,4242128927,scenario_label=prefix80
formal_extended_baseline_screen,DRCT,7,2635025427,377810292,scenario_label=prefix80
formal_extended_baseline_screen,DRCT,8,3619142060,1273491902,scenario_label=prefix80
formal_extended_baseline_screen,DRCT,9,3771146367,3508005392,scenario_label=prefix80
formal_extended_baseline_screen,DRCT,10,1420417677,2231129036,scenario_label=prefix80
formal_extended_baseline_screen,DRCT,11,4029019098,141208552,scenario_label=prefix80
formal_extended_baseline_screen,DRCT,12,4132968395,1426523381,scenario_label=prefix80
formal_extended_baseline_screen,DRCT,13,3503816222,3175705118,scenario_label=prefix80
formal_extended_baseline_screen,DRCT,14,1479387709,3882945783,scenario_label=prefix80
formal_extended_baseline_screen,DRCT,15,3410131684,3189142599,scenario_label=prefix80
formal_extended_baseline_screen,DRCT,16,556887839,2615924642,scenario_label=prefix80
formal_extended_baseline_screen,DRCT,17,3860214662,3700192245,scenario_label=prefix80
formal_extended_baseline_screen,DRCT,18,3973543592,4168017333,scenario_label=prefix80
formal_extended_baseline_screen,DRCT,19,1163800006,3279907672,scenario_label=prefix80
formal_extended_baseline_screen,DRCT,20,1969154653,1836723810,scenario_label=prefix80
formal_extended_baseline_screen,DRCT,21,3818182820,175753880,scenario_label=prefix80
formal_extended_baseline_screen,DRCT,22,647152320,4293904624,scenario_label=prefix80
formal_extended_baseline_screen,DRCT,23,2468324303,915310336,scenario_label=prefix80
formal_extended_baseline_screen,DRCT,24,4263242191,1068348038,scenario_label=prefix80
formal_extended_baseline_screen,DRCT,25,2677772902,4221135444,scenario_label=prefix80
formal_extended_baseline_screen,DRCT,26,229837212,1607929666,scenario_label=prefix80
formal_extended_baseline_screen,DRCT,27,2830123666,2491754535,scenario_label=prefix80
formal_extended_baseline_screen,DRCT,28,2205676394,1711929344,scenario_label=prefix80
formal_extended_baseline_screen,DRCT,29,1229335753,1004320563,scenario_label=prefix80
formal_extended_baseline_screen,DRCT,30,511059701,3602922389,scenario_label=prefix80
formal_extended_baseline_screen,DRCT,31,2404369372,4269561771,scenario_label=prefix80
formal_extended_baseline_screen,DRCT,32,3552680233,562515502,scenario_label=prefix80
formal_extended_baseline_screen,DRCT,33,4264852947,1008584048,scenario_label=prefix80
formal_extended_baseline_screen,DRCT,34,1538798478,3161840309,scenario_label=prefix80
formal_extended_baseline_screen,DRCT,35,2800648159,2181832499,scenario_label=prefix80
formal_extended_baseline_screen,DRCT,36,2487161622,4211425058,scenario_label=prefix80
formal_extended_baseline_screen,DRCT,37,707353532,1636801688,scenario_label=prefix80
formal_extended_baseline_screen,DRCT,38,3472369517,2126377496,scenario_label=prefix80
formal_extended_baseline_screen,DRCT,39,1243192488,3601443899,scenario_label=prefix80
formal_extended_baseline_screen,DRCT,40,1445782178,2206413154,scenario_label=prefix80
formal_extended_baseline_screen,DRCT,41,3727899068,1662408953,scenario_label=prefix80
formal_extended_baseline_screen,DRCT,42,3090696183,884887933,scenario_label=prefix80
formal_extended_baseline_screen,DRCT,43,1513479548,2983523089,scenario_label=prefix80
formal_extended_baseline_screen,DRCT,44,2316918874,2622461510,scenario_label=prefix80
formal_extended_baseline_screen,DRCT,45,2573149326,29574427,scenario_label=prefix80
formal_extended_baseline_screen,DRCT,46,2069287118,950020277,scenario_label=prefix80
formal_extended_baseline_screen,DRCT,47,1998039315,3441166136,scenario_label=prefix80
formal_extended_baseline_screen,DRCT,48,3566718053,3099712011,scenario_label=prefix80
formal_extended_baseline_screen,DRCT,49,2799794232,194125874,scenario_label=prefix80
formal_extended_baseline_screen,DRCT,0,2095316255,774851136,scenario_label=clustered
formal_extended_baseline_screen,DRCT,1,1179273823,2919399967,scenario_label=clustered
formal_extended_baseline_screen,DRCT,2,2073761602,1787670610,scenario_label=clustered
formal_extended_baseline_screen,DRCT,3,787561323,1341900131,scenario_label=clustered
formal_extended_baseline_screen,DRCT,4,688500632,3296506798,scenario_label=clustered
formal_extended_baseline_screen,DRCT,5,3399855602,3325742848,scenario_label=clustered
formal_extended_baseline_screen,DRCT,6,1672192143,3877732315,scenario_label=clustered
formal_extended_baseline_screen,DRCT,7,1710578268,3806985753,scenario_label=clustered
formal_extended_baseline_screen,DRCT,8,3961209957,429756995,scenario_label=clustered
formal_extended_baseline_screen,DRCT,9,346261855,2290997472,scenario_label=clustered
formal_extended_baseline_screen,DRCT,10,4285535701,2446665988,scenario_label=clustered
formal_extended_baseline_screen,DRCT,11,2138647285,3861161680,scenario_label=clustered
formal_extended_baseline_screen,DRCT,12,4135791258,442755830,scenario_label=clustered
formal_extended_baseline_screen,DRCT,13,2264469608,179949806,scenario_label=clustered
formal_extended_baseline_screen,DRCT,14,1193971010,2528932089,scenario_label=clustered
formal_extended_baseline_screen,DRCT,15,2719779022,877224779,scenario_label=clustered
formal_extended_baseline_screen,DRCT,16,2713732995,15352716,scenario_label=clustered
formal_extended_baseline_screen,DRCT,17,2168941655,3270134286,scenario_label=clustered
formal_extended_baseline_screen,DRCT,18,3575544916,2057901858,scenario_label=clustered
formal_extended_baseline_screen,DRCT,19,99158156,896701853,scenario_label=clustered
formal_extended_baseline_screen,DRCT,20,3278615476,2196289617,scenario_label=clustered
formal_extended_baseline_screen,DRCT,21,1495572643,3526745281,scenario_label=clustered
formal_extended_baseline_screen,DRCT,22,2138889899,2745843456,scenario_label=clustered
formal_extended_baseline_screen,DRCT,23,3200206661,1141836616,scenario_label=clustered
formal_extended_baseline_screen,DRCT,24,3387768436,3088598205,scenario_label=clustered
formal_extended_baseline_screen,DRCT,25,4190779514,1161510029,scenario_label=clustered
formal_extended_baseline_screen,DRCT,26,3925234375,560325940,scenario_label=clustered
formal_extended_baseline_screen,DRCT,27,3377847691,3975773575,scenario_label=clustered
formal_extended_baseline_screen,DRCT,28,1883537458,3243731151,scenario_label=clustered
formal_extended_baseline_screen,DRCT,29,3172725409,584953325,scenario_label=clustered
formal_extended_baseline_screen,DRCT,30,3855081597,306277116,scenario_label=clustered
formal_extended_baseline_screen,DRCT,31,1581184839,3109279166,scenario_label=clustered
formal_extended_baseline_screen,DRCT,32,1120776253,2423145463,scenario_label=clustered
formal_extended_baseline_screen,DRCT,33,1884500039,2168597267,scenario_label=clustered
formal_extended_baseline_screen,DRCT,34,2234370540,1516016385,scenario_label=clustered
formal_extended_baseline_screen,DRCT,35,1745901410,1460938264,scenario_label=clustered
formal_extended_baseline_screen,DRCT,36,3755104620,3581654987,scenario_label=clustered
formal_extended_baseline_screen,DRCT,37,1062845759,2672739013,scenario_label=clustered
formal_extended_baseline_screen,DRCT,38,1660287430,4029435235,scenario_label=clustered
formal_extended_baseline_screen,DRCT,39,481472403,2794829540,scenario_label=clustered
formal_extended_baseline_screen,DRCT,40,3422425815,2708137769,scenario_label=clustered
formal_extended_baseline_screen,DRCT,41,4098968949,1551302054,scenario_label=clustered
formal_extended_baseline_screen,DRCT,42,3927309367,1608973754,scenario_label=clustered
formal_extended_baseline_screen,DRCT,43,48141908,1446515941,scenario_label=clustered
formal_extended_baseline_screen,DRCT,44,828653254,3952430725,scenario_label=clustered
formal_extended_baseline_screen,DRCT,45,2581397823,1104454599,scenario_label=clustered
formal_extended_baseline_screen,DRCT,46,4117600980,30543921,scenario_label=clustered
formal_extended_baseline_screen,DRCT,47,1376940312,1345527720,scenario_label=clustered
formal_extended_baseline_screen,DRCT,48,3761635906,3749034725,scenario_label=clustered
formal_extended_baseline_screen,DRCT,49,2841386880,1274107421,scenario_label=clustered
