experiment_name,algorithm_name,run_id,point_seed,algorithm_seed,BINARY_LENGTH
formal_id_length_sweep,DQTA(k_max=3),0,1211239912,1888379287,20
formal_id_length_sweep,DQTA(k_max=3),0,696364180,785346055,40
formal_id_length_sweep,DQTA(k_max=3),0,303552650,3735597432,60
formal_id_length_sweep,DQTA(k_max=3),0,4021583103,293579505,80
formal_id_length_sweep,DQTA(k_max=3),0,552297578,104034602,96
formal_id_length_sweep,DQTA(k_max=3),0,3807197959,3631454320,100
formal_id_length_sweep,DQTA(k_max=3),0,2154439261,1995396128,128
formal_id_length_sweep,DQTA(k_max=3),0,53669434,2829550235,160
formal_id_length_sweep,DQTA(k_max=3),0,779954931,1039479851,192
formal_id_length_sweep,DQTA(k_max=3),0,4141531494,2976383606,256
formal_id_length_sweep,DQTA(k_max=3),1,1858058983,2825862913,20
formal_id_length_sweep,DQTA(k_max=3),1,3122866472,1252715309,40
formal_id_length_sweep,DQTA(k_max=3),1,3188470597,1946197581,60
formal_id_length_sweep,DQTA(k_max=3),1,475761283,1183502200,80
formal_id_length_sweep,DQTA(k_max=3),1,685656045,848213145,96
formal_id_length_sweep,DQTA(k_max=3),1,540925788,3544097285,100
formal_id_length_sweep,DQTA(k_max=3),1,942985826,3772985726,128
formal_id_length_sweep,DQTA(k_max=3),1,2817071578,3509044467,160
formal_id_length_sweep,DQTA(k_max=3),1,3051988228,1518181494,192
formal_id_length_sweep,DQTA(k_max=3),1,2260082378,133109719,256
formal_id_length_sweep,DQTA(k_max=3),2,3912097829,2732448423,20
formal_id_length_sweep,DQTA(k_max=3),2,2023914469,2159609155,40
formal_id_length_sweep,DQTA(k_max=3),2,847643342,1423253549,60
formal_id_length_sweep,DQTA(k_max=3),2,3958863349,2060768136,80
formal_id_length_sweep,DQTA(k_max=3),2,3666925827,2557894392,96
formal_id_length_sweep,DQTA(k_max=3),2,3946500883,779944211,100
formal_id_length_sweep,DQTA(k_max=3),2,3385053515,2947216045,128
formal_id_length_sweep,DQTA(k_max=3),2,2634534493,412955971,160
formal_id_length_sweep,DQTA(k_max=3),2,3982337167,2774211343,192
formal_id_length_sweep,DQTA(k_max=3),2,2754403413,2588877077,256
formal_id_length_sweep,DQTA(k_max=3),3,3020249695,4102820236,20
formal_id_length_sweep,DQTA(k_max=3),3,77608284,1455159960,40
formal_id_length_sweep,DQTA(k_max=3),3,3444491863,3997543917,60
formal_id_length_sweep,DQTA(k_max=3),3,550340296,2536887454,80
formal_id_length_sweep,DQTA(k_max=3),3,2694801678,2443276339,96
formal_id_length_sweep,DQTA(k_max=3),3,2158927053,149659744,100
formal_id_length_sweep,DQTA(k_max=3),3,3156282246,2507252161,128
formal_id_length_sweep,DQTA(k_max=3),3,744668023,3868115110,160
formal_id_length_sweep,DQTA(k_max=3),3,387767481,2940739950,192
formal_id_length_sweep,DQTA(k_max=3),3,2209102266,3611509473,256
formal_id_length_sweep,DQTA(k_max=3),4,2125843681,707107079,20
formal_id_length_sweep,DQTA(k_max=3),4,2758295573,2317911128,40
formal_id_length_sweep,DQTA(k_max=3),4,1453674214,2718125198,60
formal_id_length_sweep,DQTA(k_max=3),4,3544085237,2242601497,80
formal_id_length_sweep,DQTA(k_max=3),4,703264642,5425711,96
formal_id_length_sweep,DQTA(k_max=3),4,3484452798,1279847718,100
formal_id_length_sweep,DQTA(k_max=3),4,2319110515,1507605206,128
formal_id_length_sweep,DQTA(k_max=3),4,154816862,4069154041,160
formal_id_length_sweep,DQTA(k_max=3),4,569991421,984374910,192
formal_id_length_sweep,DQTA(k_max=3),4,3519591180,4176017783,256
formal_id_length_sweep,DQTA(k_max=3),5,1374789481,3373913065,20
formal_id_length_sweep,DQTA(k_max=3),5,3375286769,3056185991,40
formal_id_length_sweep,DQTA(k_max=3),5,10692317,3317171948,60
formal_id_length_sweep,DQTA(k_max=3),5,568073676,3150811510,80
formal_id_length_sweep,DQTA(k_max=3),5,1660733732,1280707561,96
formal_id_length_sweep,DQTA(k_max=3),5,284186581,1424099842,100
formal_id_length_sweep,DQTA(k_max=3),5,3069301506,8812130,128
formal_id_length_sweep,DQTA(k_max=3),5,2155917258,4170935815,160
formal_id_length_sweep,DQTA(k_max=3),5,20336627,1193277429,192
formal_id_length_sweep,DQTA(k_max=3),5,2575248428,3428163366,256
formal_id_length_sweep,DQTA(k_max=3),6,2194947846,1568023777,20
formal_id_length_sweep,DQTA(k_max=3),6,218666516,2784722545,40
formal_id_length_sweep,DQTA(k_max=3),6,1781867148,1111159702,60
formal_id_length_sweep,DQTA(k_max=3),6,179051958,113991537,80
formal_id_length_sweep,DQTA(k_max=3),6,1661541949,1500440162,96
formal_id_length_sweep,DQTA(k_max=3),6,1060733486,1365643204,100
formal_id_length_sweep,DQTA(k_max=3),6,148694115,3926101220,128
formal_id_length_sweep,DQTA(k_max=3),6,3486673516,2432293892,160
formal_id_length_sweep,DQTA(k_max=3),6,29087867,2074074944,192
formal_id_length_sweep,DQTA(k_max=3),6,2134829016,4062562097,256
formal_id_length_sweep,DQTA(k_max=3),7,1968542344,763151425,20
formal_id_length_sweep,DQTA(k_max=3),7,86975461,846478575,40
formal_id_length_sweep,DQTA(k_max=3),7,4252023073,1501564086,60
formal_id_length_sweep,DQTA(k_max=3),7,2196118756,1476595441,80
formal_id_length_sweep,DQTA(k_max=3),7,3453428222,2086875305,96
formal_id_length_sweep,DQTA(k_max=3),7,192241861,2598206547,100
formal_id_length_sweep,DQTA(k_max=3),7,782504862,680178899,128
formal_id_length_sweep,DQTA(k_max=3),7,186637928,3374972923,160
formal_id_length_sweep,DQTA(k_max=3),7,153890269,301417993,192
formal_id_length_sweep,DQTA(k_max=3),7,2781431531,3057797350,256
formal_id_length_sweep,DQTA(k_max=3),8,780756804,2083711294,20
formal_id_length_sweep,DQTA(k_max=3),8,3606649690,1903437463,40
formal_id_length_sweep,DQTA(k_max=3),8,2589800694,4241908445,60
formal_id_length_sweep,DQTA(k_max=3),8,1788852059,1124152811,80
formal_id_length_sweep,DQTA(k_max=3),8,3723126419,3149402285,96
formal_id_length_sweep,DQTA(k_max=3),8,535821057,2821300803,100
formal_id_length_sweep,DQTA(k_max=3),8,4000672671,1242639626,128
formal_id_length_sweep,DQTA(k_max=3),8,3704916549,3758632430,160
formal_id_length_sweep,DQTA(k_max=3),8,291447698,1172780082,192
formal_id_length_sweep,DQTA(k_max=3),8,1582558263,1556783422,256
formal_id_length_sweep,DQTA(k_max=3),9,677046796,1088589945,20
formal_id_length_sweep,DQTA(k_max=3),9,3548368820,3564708504,40
formal_id_length_sweep,DQTA(k_max=3),9,2139438594,1003866880,60
formal_id_length_sweep,DQTA(k_max=3),9,3814362992,2783544193,80
formal_id_length_sweep,DQTA(k_max=3),9,2990994785,1506358672,96
formal_id_length_sweep,DQTA(k_max=3),9,1255343242,563073999,100
formal_id_length_sweep,DQTA(k_max=3),9,1182994603,3551629295,128
formal_id_length_sweep,DQTA(k_max=3),9,3362835039,854664993,160
formal_id_length_sweep,DQTA(k_max=3),9,2878726668,3391123709,192
formal_id_length_sweep,DQTA(k_max=3),9,2567001242,269274305,256
formal_id_length_sweep,DQTA(k_max=3),10,3350676346,2981414402,20
formal_id_length_sweep,DQTA(k_max=3),10,4273957529,1261665989,40
formal_id_length_sweep,DQTA(k_max=3),10,859414723,3867826591,60
formal_id_length_sweep,DQTA(k_max=3),10,2712714715,1616798915,80
formal_id_length_sweep,DQTA(k_max=3),10,4221009471,3199736255,96
formal_id_length_sweep,DQTA(k_max=3),10,427108240,117022779,100
formal_id_length_sweep,DQTA(k_max=3),10,1147378182,164038176,128
formal_id_length_sweep,DQTA(k_max=3),10,2151002067,4147089214,160
formal_id_length_sweep,DQTA(k_max=3),10,4224636040,2892276680,192
formal_id_length_sweep,DQTA(k_max=3),10,1796061815,970606304,256
formal_id_length_sweep,DQTA(k_max=3),11,2490753198,383664034,20
formal_id_length_sweep,DQTA(k_max=3),11,2336871534,3521187826,40
formal_id_length_sweep,DQTA(k_max=3),11,3648448748,936422132,60
formal_id_length_sweep,DQTA(k_max=3),11,3315431236,517680237,80
formal_id_length_sweep,DQTA(k_max=3),11,824094583,544379629,96
formal_id_length_sweep,DQTA(k_max=3),11,3787346465,2702132956,100
formal_id_length_sweep,DQTA(k_max=3),11,1797854318,2556372286,128
formal_id_length_sweep,DQTA(k_max=3),11,17911564,2356877081,160
formal_id_length_sweep,DQTA(k_max=3),11,2428770206,3214313412,192
formal_id_length_sweep,DQTA(k_max=3),11,1019221399,1987861762,256
formal_id_length_sweep,DQTA(k_max=3),12,2746534617,1816594220,20
formal_id_length_sweep,DQTA(k_max=3),12,2336016540,3207576561,40
formal_id_length_sweep,DQTA(k_max=3),12,4043250653,423368979,60
formal_id_length_sweep,DQTA(k_max=3),12,3357077615,2669686019,80
formal_id_length_sweep,DQTA(k_max=3),12,1798702373,444001572,96
formal_id_length_sweep,DQTA(k_max=3),12,2505100895,3889623797,100
formal_id_length_sweep,DQTA(k_max=3),12,299632783,22447526,128
formal_id_length_sweep,DQTA(k_max=3),12,2185278263,3481189706,160
formal_id_length_sweep,DQTA(k_max=3),12,2949904956,657128928,192
formal_id_length_sweep,DQTA(k_max=3),12,1243968233,2845742693,256
formal_id_length_sweep,DQTA(k_max=3),13,3236656474,274382996,20
formal_id_length_sweep,DQTA(k_max=3),13,29570997,521387019,40
formal_id_length_sweep,DQTA(k_max=3),13,2865977281,2313562458,60
formal_id_length_sweep,DQTA(k_max=3),13,2393336731,3923988590,80
formal_id_length_sweep,DQTA(k_max=3),13,757198453,1493461479,96
formal_id_length_sweep,DQTA(k_max=3),13,1078889665,3966248930,100
formal_id_length_sweep,DQTA(k_max=3),13,63278972,404716305,128
formal_id_length_sweep,DQTA(k_max=3),13,1307331162,1528957294,160
formal_id_length_sweep,DQTA(k_max=3),13,1825645343,321897260,192
formal_id_length_sweep,DQTA(k_max=3),13,2227501446,1767577409,256
formal_id_length_sweep,DQTA(k_max=3),14,3611991455,152017242,20
formal_id_length_sweep,DQTA(k_max=3),14,1847766478,3861536638,40
formal_id_length_sweep,DQTA(k_max=3),14,1463096185,3721529618,60
formal_id_length_sweep,DQTA(k_max=3),14,6349715,4015884686,80
formal_id_length_sweep,DQTA(k_max=3),14,2804041708,566485273,96
formal_id_length_sweep,DQTA(k_max=3),14,4187341960,2800829325,100
formal_id_length_sweep,DQTA(k_max=3),14,4162478364,2192650055,128
formal_id_length_sweep,DQTA(k_max=3),14,2158669349,1909725301,160
formal_id_length_sweep,DQTA(k_max=3),14,1520350337,1701042704,192
formal_id_length_sweep,DQTA(k_max=3),14,3916047680,3450112645,256
formal_id_length_sweep,DQTA(k_max=3),15,2815521154,1159332815,20
formal_id_length_sweep,DQTA(k_max=3),15,849565309,3124629645,40
formal_id_length_sweep,DQTA(k_max=3),15,2328836271,2303092868,60
formal_id_length_sweep,DQTA(k_max=3),15,1178804250,1713056162,80
formal_id_length_sweep,DQTA(k_max=3),15,2088092778,3424059084,96
formal_id_length_sweep,DQTA(k_max=3),15,50143366,2690259974,100
formal_id_length_sweep,DQTA(k_max=3),15,3851272941,2076320891,128
formal_id_length_sweep,DQTA(k_max=3),15,2772590449,3487839082,160
formal_id_length_sweep,DQTA(k_max=3),15,3468533574,1301293417,192
formal_id_length_sweep,DQTA(k_max=3),15,4266862493,822203478,256
formal_id_length_sweep,DQTA(k_max=3),16,2222097227,2661138825,20
formal_id_length_sweep,DQTA(k_max=3),16,2961363353,1995004981,40
formal_id_length_sweep,DQTA(k_max=3),16,3731080181,2478285730,60
formal_id_length_sweep,DQTA(k_max=3),16,395358419,3411017548,80
formal_id_length_sweep,DQTA(k_max=3),16,1797785561,1493116972,96
formal_id_length_sweep,DQTA(k_max=3),16,567398321,867869994,100
formal_id_length_sweep,DQTA(k_max=3),16,2300812766,153002646,128
formal_id_length_sweep,DQTA(k_max=3),16,4003677933,2987767019,160
formal_id_length_sweep,DQTA(k_max=3),16,945638788,3603309021,192
formal_id_length_sweep,DQTA(k_max=3),16,531845027,4034951855,256
formal_id_length_sweep,DQTA(k_max=3),17,3184588927,1786721614,20
formal_id_length_sweep,DQTA(k_max=3),17,2306426018,1288015954,40
formal_id_length_sweep,DQTA(k_max=3),17,1911944603,1378540612,60
formal_id_length_sweep,DQTA(k_max=3),17,1150207896,1277147570,80
formal_id_length_sweep,DQTA(k_max=3),17,2511067819,2629920144,96
formal_id_length_sweep,DQTA(k_max=3),17,3981697733,593342975,100
formal_id_length_sweep,DQTA(k_max=3),17,4017608341,478838297,128
formal_id_length_sweep,DQTA(k_max=3),17,1981594178,296521272,160
formal_id_length_sweep,DQTA(k_max=3),17,552471096,2444373946,192
formal_id_length_sweep,DQTA(k_max=3),17,2532058873,3269520989,256
formal_id_length_sweep,DQTA(k_max=3),18,3767505925,634479142,20
formal_id_length_sweep,DQTA(k_max=3),18,400913036,1887798758,40
formal_id_length_sweep,DQTA(k_max=3),18,3166031358,3552493270,60
formal_id_length_sweep,DQTA(k_max=3),18,918748283,1011069822,80
formal_id_length_sweep,DQTA(k_max=3),18,2464891821,3697935879,96
formal_id_length_sweep,DQTA(k_max=3),18,3495563128,3974903261,100
formal_id_length_sweep,DQTA(k_max=3),18,4244119286,3001145765,128
formal_id_length_sweep,DQTA(k_max=3),18,3477284335,2643191968,160
formal_id_length_sweep,DQTA(k_max=3),18,1052282650,2157839532,192
formal_id_length_sweep,DQTA(k_max=3),18,3107381882,3284199557,256
formal_id_length_sweep,DQTA(k_max=3),19,697133743,405211760,20
formal_id_length_sweep,DQTA(k_max=3),19,2135059601,2542041238,40
formal_id_length_sweep,DQTA(k_max=3),19,1512288220,463667334,60
formal_id_length_sweep,DQTA(k_max=3),19,4129093465,754308206,80
formal_id_length_sweep,DQTA(k_max=3),19,2110929645,3521112432,96
formal_id_length_sweep,DQTA(k_max=3),19,274213287,2309501190,100
formal_id_length_sweep,DQTA(k_max=3),19,3541945278,428296569,128
formal_id_length_sweep,DQTA(k_max=3),19,1165175147,1545079782,160
formal_id_length_sweep,DQTA(k_max=3),19,3956304976,308565695,192
formal_id_length_sweep,DQTA(k_max=3),19,1131150704,3223539518,256
formal_id_length_sweep,DQTA(k_max=3),20,4037893529,2972393532,20
formal_id_length_sweep,DQTA(k_max=3),20,2679116664,2420444437,40
formal_id_length_sweep,DQTA(k_max=3),20,2151116833,574416198,60
formal_id_length_sweep,DQTA(k_max=3),20,2824035603,1258799090,80
formal_id_length_sweep,DQTA(k_max=3),20,2115596098,898370127,96
formal_id_length_sweep,DQTA(k_max=3),20,3417556899,496047531,100
formal_id_length_sweep,DQTA(k_max=3),20,3341502038,1049318693,128
formal_id_length_sweep,DQTA(k_max=3),20,16035416,2636870926,160
formal_id_length_sweep,DQTA(k_max=3),20,2280268056,1679236271,192
formal_id_length_sweep,DQTA(k_max=3),20,299398699,1195640556,256
formal_id_length_sweep,DQTA(k_max=3),21,1310501261,2167476122,20
formal_id_length_sweep,DQTA(k_max=3),21,3858087420,2151112896,40
formal_id_length_sweep,DQTA(k_max=3),21,3181684721,4117208471,60
formal_id_length_sweep,DQTA(k_max=3),21,1072691792,823398566,80
formal_id_length_sweep,DQTA(k_max=3),21,3104338274,1281095873,96
formal_id_length_sweep,DQTA(k_max=3),21,200311767,3474800841,100
formal_id_length_sweep,DQTA(k_max=3),21,2904687119,2886000178,128
formal_id_length_sweep,DQTA(k_max=3),21,4077270677,2054070229,160
formal_id_length_sweep,DQTA(k_max=3),21,3967336087,1657116931,192
formal_id_length_sweep,DQTA(k_max=3),21,215746801,2285439362,256
formal_id_length_sweep,DQTA(k_max=3),22,686001247,877815165,20
formal_id_length_sweep,DQTA(k_max=3),22,3025657408,3957995956,40
formal_id_length_sweep,DQTA(k_max=3),22,1606209987,1221228364,60
formal_id_length_sweep,DQTA(k_max=3),22,464922879,3014149817,80
formal_id_length_sweep,DQTA(k_max=3),22,1670193662,2099846764,96
formal_id_length_sweep,DQTA(k_max=3),22,2178369009,599332206,100
formal_id_length_sweep,DQTA(k_max=3),22,1624420903,2561152687,128
formal_id_length_sweep,DQTA(k_max=3),22,3560607004,1178004941,160
formal_id_length_sweep,DQTA(k_max=3),22,1261682843,2605688167,192
formal_id_length_sweep,DQTA(k_max=3),22,3764176582,3242669521,256
formal_id_length_sweep,DQTA(k_max=3),23,2887652093,2500868748,20
formal_id_length_sweep,DQTA(k_max=3),23,57087796,2407037277,40
formal_id_length_sweep,DQTA(k_max=3),23,3739220578,1957846048,60
formal_id_length_sweep,DQTA(k_max=3),23,2761571220,1000209359,80
formal_id_length_sweep,DQTA(k_max=3),23,74892211,1267484063,96
formal_id_length_sweep,DQTA(k_max=3),23,2217726525,375067530,100
formal_id_length_sweep,DQTA(k_max=3),23,1825361325,18185603,128
formal_id_length_sweep,DQTA(k_max=3),23,852575468,1429294583,160
formal_id_length_sweep,DQTA(k_max=3),23,3865261448,2582865222,192
formal_id_length_sweep,DQTA(k_max=3),23,3960437060,3984430325,256
formal_id_length_sweep,DQTA(k_max=3),24,768683018,236301451,20
formal_id_length_sweep,DQTA(k_max=3),24,1272550774,1695087982,40
formal_id_length_sweep,DQTA(k_max=3),24,2680931880,2929212315,60
formal_id_length_sweep,DQTA(k_max=3),24,4076009818,3813427544,80
formal_id_length_sweep,DQTA(k_max=3),24,974644233,1552983839,96
formal_id_length_sweep,DQTA(k_max=3),24,735854507,1354046049,100
formal_id_length_sweep,DQTA(k_max=3),24,3121950890,1251203492,128
formal_id_length_sweep,DQTA(k_max=3),24,1404714039,1654504312,160
formal_id_length_sweep,DQTA(k_max=3),24,3997776277,1365266085,192
formal_id_length_sweep,DQTA(k_max=3),24,374556454,913306675,256
formal_id_length_sweep,DQTA(k_max=3),25,4104404572,3284965237,20
formal_id_length_sweep,DQTA(k_max=3),25,1406153004,3416860459,40
formal_id_length_sweep,DQTA(k_max=3),25,2880627581,191461290,60
formal_id_length_sweep,DQTA(k_max=3),25,3888551282,1973810824,80
formal_id_length_sweep,DQTA(k_max=3),25,237287140,231791288,96
formal_id_length_sweep,DQTA(k_max=3),25,3339197071,3916069409,100
formal_id_length_sweep,DQTA(k_max=3),25,3115380797,387654667,128
formal_id_length_sweep,DQTA(k_max=3),25,578541335,2238506497,160
formal_id_length_sweep,DQTA(k_max=3),25,2684305920,3950996508,192
formal_id_length_sweep,DQTA(k_max=3),25,3916127239,2626560025,256
formal_id_length_sweep,DQTA(k_max=3),26,1710307790,3345739417,20
formal_id_length_sweep,DQTA(k_max=3),26,923319384,3783557716,40
formal_id_length_sweep,DQTA(k_max=3),26,1772107280,318955742,60
formal_id_length_sweep,DQTA(k_max=3),26,2295208114,4286566346,80
formal_id_length_sweep,DQTA(k_max=3),26,2208628953,4173361164,96
formal_id_length_sweep,DQTA(k_max=3),26,3208220718,2950244131,100
formal_id_length_sweep,DQTA(k_max=3),26,2337441380,1815349890,128
formal_id_length_sweep,DQTA(k_max=3),26,4231314494,3547976689,160
formal_id_length_sweep,DQTA(k_max=3),26,1302319150,4164933737,192
formal_id_length_sweep,DQTA(k_max=3),26,3402579263,1956268445,256
formal_id_length_sweep,DQTA(k_max=3),27,1254764016,2819682830,20
formal_id_length_sweep,DQTA(k_max=3),27,3805576993,3322967919,40
formal_id_length_sweep,DQTA(k_max=3),27,419164771,1555327070,60
formal_id_length_sweep,DQTA(k_max=3),27,303438963,2318046899,80
formal_id_length_sweep,DQTA(k_max=3),27,2719593811,1004636845,96
formal_id_length_sweep,DQTA(k_max=3),27,1168207028,3417395523,100
formal_id_length_sweep,DQTA(k_max=3),27,2918986739,689010727,128
formal_id_length_sweep,DQTA(k_max=3),27,3968305513,2259484063,160
formal_id_length_sweep,DQTA(k_max=3),27,1747786600,1246933905,192
formal_id_length_sweep,DQTA(k_max=3),27,2032304711,1290841950,256
formal_id_length_sweep,DQTA(k_max=3),28,3100428891,224409486,20
formal_id_length_sweep,DQTA(k_max=3),28,701914681,744859764,40
formal_id_length_sweep,DQTA(k_max=3),28,415181588,2705671894,60
formal_id_length_sweep,DQTA(k_max=3),28,896518539,3000513552,80
formal_id_length_sweep,DQTA(k_max=3),28,2330850669,2108663559,96
formal_id_length_sweep,DQTA(k_max=3),28,4293839371,1287105591,100
formal_id_length_sweep,DQTA(k_max=3),28,4233518068,2267945200,128
formal_id_length_sweep,DQTA(k_max=3),28,1490032402,1792422010,160
formal_id_length_sweep,DQTA(k_max=3),28,1966703577,1948414608,192
formal_id_length_sweep,DQTA(k_max=3),28,1995825189,21487257,256
formal_id_length_sweep,DQTA(k_max=3),29,1265055674,945213248,20
formal_id_length_sweep,DQTA(k_max=3),29,2987389979,4170053390,40
formal_id_length_sweep,DQTA(k_max=3),29,4140736029,1562228527,60
formal_id_length_sweep,DQTA(k_max=3),29,3405593828,935322810,80
formal_id_length_sweep,DQTA(k_max=3),29,949597425,2050465947,96
formal_id_length_sweep,DQTA(k_max=3),29,1555064327,1099751684,100
formal_id_length_sweep,DQTA(k_max=3),29,101472845,2529877621,128
formal_id_length_sweep,DQTA(k_max=3),29,915891348,1674908389,160
formal_id_length_sweep,DQTA(k_max=3),29,3370608000,2558654591,192
formal_id_length_sweep,DQTA(k_max=3),29,1173874962,2967375329,256
formal_id_length_sweep,DQTA(k_max=3),30,1405648522,4165697734,20
formal_id_length_sweep,DQTA(k_max=3),30,4189606703,3243701661,40
formal_id_length_sweep,DQTA(k_max=3),30,2236359360,637849946,60
formal_id_length_sweep,DQTA(k_max=3),30,905701959,459239149,80
formal_id_length_sweep,DQTA(k_max=3),30,305866955,2316027685,96
formal_id_length_sweep,DQTA(k_max=3),30,1208203518,325067790,100
formal_id_length_sweep,DQTA(k_max=3),30,386525980,1773206743,128
formal_id_length_sweep,DQTA(k_max=3),30,907918313,16563293,160
formal_id_length_sweep,DQTA(k_max=3),30,1920076833,1814944082,192
formal_id_length_sweep,DQTA(k_max=3),30,1515510919,131908205,256
formal_id_length_sweep,DQTA(k_max=3),31,338787315,3960654695,20
formal_id_length_sweep,DQTA(k_max=3),31,498585599,3163523414,40
formal_id_length_sweep,DQTA(k_max=3),31,3263371041,2719317195,60
formal_id_length_sweep,DQTA(k_max=3),31,569202280,2146732473,80
formal_id_length_sweep,DQTA(k_max=3),31,1260126129,2983420820,96
formal_id_length_sweep,DQTA(k_max=3),31,1763821128,36124984,100
formal_id_length_sweep,DQTA(k_max=3),31,4037673289,975852635,128
formal_id_length_sweep,DQTA(k_max=3),31,1927590570,3472311763,160
formal_id_length_sweep,DQTA(k_max=3),31,3851068296,3332524494,192
formal_id_length_sweep,DQTA(k_max=3),31,2019362312,683688026,256
formal_id_length_sweep,DQTA(k_max=3),32,2372887675,1887487180,20
formal_id_length_sweep,DQTA(k_max=3),32,1298090251,2075819462,40
formal_id_length_sweep,DQTA(k_max=3),32,1683584658,448001413,60
formal_id_length_sweep,DQTA(k_max=3),32,1095417216,2790534596,80
formal_id_length_sweep,DQTA(k_max=3),32,2265554124,3427089776,96
formal_id_length_sweep,DQTA(k_max=3),32,1360602740,4019242308,100
formal_id_length_sweep,DQTA(k_max=3),32,3532068426,1265215181,128
formal_id_length_sweep,DQTA(k_max=3),32,3272852731,2118089837,160
formal_id_length_sweep,DQTA(k_max=3),32,406443290,979102857,192
formal_id_length_sweep,DQTA(k_max=3),32,390760088,1160978178,256
formal_id_length_sweep,DQTA(k_max=3),33,3639392376,3093611362,20
formal_id_length_sweep,DQTA(k_max=3),33,2067103324,1337758511,40
formal_id_length_sweep,DQTA(k_max=3),33,3410737478,2937629192,60
formal_id_length_sweep,DQTA(k_max=3),33,1539266752,193610919,80
formal_id_length_sweep,DQTA(k_max=3),33,624849251,2154043537,96
formal_id_length_sweep,DQTA(k_max=3),33,2223752849,1427381004,100
formal_id_length_sweep,DQTA(k_max=3),33,165640310,4232826457,128
formal_id_length_sweep,DQTA(k_max=3),33,2339622505,2917777425,160
formal_id_length_sweep,DQTA(k_max=3),33,4206893019,504903231,192
formal_id_length_sweep,DQTA(k_max=3),33,1639674763,1054261961,256
formal_id_length_sweep,DQTA(k_max=3),34,3752954330,165697425,20
formal_id_length_sweep,DQTA(k_max=3),34,2546508928,2979952869,40
formal_id_length_sweep,DQTA(k_max=3),34,66927409,1417355260,60
formal_id_length_sweep,DQTA(k_max=3),34,3863928290,2070396531,80
formal_id_length_sweep,DQTA(k_max=3),34,2538622943,3440629351,96
formal_id_length_sweep,DQTA(k_max=3),34,1726428416,638717922,100
formal_id_length_sweep,DQTA(k_max=3),34,233659342,829026490,128
formal_id_length_sweep,DQTA(k_max=3),34,747531232,3340482800,160
formal_id_length_sweep,DQTA(k_max=3),34,1026483804,1116308261,192
formal_id_length_sweep,DQTA(k_max=3),34,1202297178,1758042886,256
formal_id_length_sweep,DQTA(k_max=3),35,2890531390,2333001154,20
formal_id_length_sweep,DQTA(k_max=3),35,3859759531,1506632559,40
formal_id_length_sweep,DQTA(k_max=3),35,2458632215,192287430,60
formal_id_length_sweep,DQTA(k_max=3),35,1147643091,1478202244,80
formal_id_length_sweep,DQTA(k_max=3),35,494488086,1540160489,96
formal_id_length_sweep,DQTA(k_max=3),35,759726048,4170196789,100
formal_id_length_sweep,DQTA(k_max=3),35,3828104277,2622410799,128
formal_id_length_sweep,DQTA(k_max=3),35,281902067,126591032,160
formal_id_length_sweep,DQTA(k_max=3),35,723787142,3291692508,192
formal_id_length_sweep,DQTA(k_max=3),35,1871597334,2705407998,256
formal_id_length_sweep,DQTA(k_max=3),36,2618949986,2052697760,20
formal_id_length_sweep,DQTA(k_max=3),36,3999292794,2372071760,40
formal_id_length_sweep,DQTA(k_max=3),36,2608047520,490456194,60
formal_id_length_sweep,DQTA(k_max=3),36,1565658348,1668875317,80
formal_id_length_sweep,DQTA(k_max=3),36,1729117906,3824284051,96
formal_id_length_sweep,DQTA(k_max=3),36,1689399461,2120404473,100
formal_id_length_sweep,DQTA(k_max=3),36,2569309401,4133614634,128
formal_id_length_sweep,DQTA(k_max=3),36,1168342078,983306796,160
formal_id_length_sweep,DQTA(k_max=3),36,4110026418,3240045361,192
formal_id_length_sweep,DQTA(k_max=3),36,3083548185,673078911,256
formal_id_length_sweep,DQTA(k_max=3),37,914573255,1584503767,20
formal_id_length_sweep,DQTA(k_max=3),37,3683619215,3235672884,40
formal_id_length_sweep,DQTA(k_max=3),37,4074268167,4173600082,60
formal_id_length_sweep,DQTA(k_max=3),37,2342205768,1757164882,80
formal_id_length_sweep,DQTA(k_max=3),37,1522657298,1327422422,96
formal_id_length_sweep,DQTA(k_max=3),37,3363077235,177452892,100
formal_id_length_sweep,DQTA(k_max=3),37,1345069188,1866980054,128
formal_id_length_sweep,DQTA(k_max=3),37,1557058044,4113602718,160
formal_id_length_sweep,DQTA(k_max=3),37,2407785304,3360723837,192
formal_id_length_sweep,DQTA(k_max=3),37,456092532,1269718510,256
formal_id_length_sweep,DQTA(k_max=3),38,463299081,3413420837,20
formal_id_length_sweep,DQTA(k_max=3),38,3765522801,1676523647,40
formal_id_length_sweep,DQTA(k_max=3),38,582684834,3405293089,60
formal_id_length_sweep,DQTA(k_max=3),38,1534630818,365552772,80
formal_id_length_sweep,DQTA(k_max=3),38,3342175643,40464317,96
formal_id_length_sweep,DQTA(k_max=3),38,4227552383,747434818,100
formal_id_length_sweep,DQTA(k_max=3),38,2693492944,2297467465,128
formal_id_length_sweep,DQTA(k_max=3),38,3384057875,843147815,160
formal_id_length_sweep,DQTA(k_max=3),38,896456331,3232797798,192
formal_id_length_sweep,DQTA(k_max=3),38,1385392060,4246242402,256
formal_id_length_sweep,DQTA(k_max=3),39,961353927,3944756232,20
formal_id_length_sweep,DQTA(k_max=3),39,1943849482,2667430456,40
formal_id_length_sweep,DQTA(k_max=3),39,3800510185,3999444470,60
formal_id_length_sweep,DQTA(k_max=3),39,1154136017,3461718970,80
formal_id_length_sweep,DQTA(k_max=3),39,2041610322,348364840,96
formal_id_length_sweep,DQTA(k_max=3),39,4124585325,97473716,100
formal_id_length_sweep,DQTA(k_max=3),39,1561511251,3649535446,128
formal_id_length_sweep,DQTA(k_max=3),39,3321238138,2811289975,160
formal_id_length_sweep,DQTA(k_max=3),39,1535225800,1220460060,192
formal_id_length_sweep,DQTA(k_max=3),39,1141611432,534892283,256
formal_id_length_sweep,DQTA(k_max=3),40,1594597739,3665614227,20
formal_id_length_sweep,DQTA(k_max=3),40,2196734206,1329805264,40
formal_id_length_sweep,DQTA(k_max=3),40,1901548672,602177587,60
formal_id_length_sweep,DQTA(k_max=3),40,2061132202,130184808,80
formal_id_length_sweep,DQTA(k_max=3),40,2934930705,1459048500,96
formal_id_length_sweep,DQTA(k_max=3),40,449859025,2816700688,100
formal_id_length_sweep,DQTA(k_max=3),40,1702748032,916603443,128
formal_id_length_sweep,DQTA(k_max=3),40,1376518921,2451293176,160
formal_id_length_sweep,DQTA(k_max=3),40,311407170,2311407710,192
formal_id_length_sweep,DQTA(k_max=3),40,2782796562,656823497,256
formal_id_length_sweep,DQTA(k_max=3),41,3957795199,1143663909,20
formal_id_length_sweep,DQTA(k_max=3),41,3825560531,481285815,40
formal_id_length_sweep,DQTA(k_max=3),41,1353534015,1894887941,60
formal_id_length_sweep,DQTA(k_max=3),41,2935876177,2429081376,80
formal_id_length_sweep,DQTA(k_max=3),41,289388657,1733868926,96
formal_id_length_sweep,DQTA(k_max=3),41,195955706,2181719546,100
formal_id_length_sweep,DQTA(k_max=3),41,3667011643,249948997,128
formal_id_length_sweep,DQTA(k_max=3),41,2096428599,310971231,160
formal_id_length_sweep,DQTA(k_max=3),41,4234513742,2096490876,192
formal_id_length_sweep,DQTA(k_max=3),41,93922502,3196110672,256
formal_id_length_sweep,DQTA(k_max=3),42,611594096,960916541,20
formal_id_length_sweep,DQTA(k_max=3),42,1186080764,2579828898,40
formal_id_length_sweep,DQTA(k_max=3),42,4174937035,2538360484,60
formal_id_length_sweep,DQTA(k_max=3),42,600805140,3689437924,80
formal_id_length_sweep,DQTA(k_max=3),42,3931197386,164566725,96
formal_id_length_sweep,DQTA(k_max=3),42,1916285082,176559607,100
formal_id_length_sweep,DQTA(k_max=3),42,1153453263,3026208632,128
formal_id_length_sweep,DQTA(k_max=3),42,1017870458,383463961,160
formal_id_length_sweep,DQTA(k_max=3),42,1382676058,795786002,192
formal_id_length_sweep,DQTA(k_max=3),42,3643858683,4178878109,256
formal_id_length_sweep,DQTA(k_max=3),43,1083430060,3429040103,20
formal_id_length_sweep,DQTA(k_max=3),43,1636663436,1336746798,40
formal_id_length_sweep,DQTA(k_max=3),43,1450811516,4017713646,60
formal_id_length_sweep,DQTA(k_max=3),43,3130144389,1899067717,80
formal_id_length_sweep,DQTA(k_max=3),43,34088026,3950118156,96
formal_id_length_sweep,DQTA(k_max=3),43,1504115291,1058535792,100
formal_id_length_sweep,DQTA(k_max=3),43,2355833024,4144067121,128
formal_id_length_sweep,DQTA(k_max=3),43,142758089,3341034249,160
formal_id_length_sweep,DQTA(k_max=3),43,2048855895,1362914662,192
formal_id_length_sweep,DQTA(k_max=3),43,1445629864,61099701,256
formal_id_length_sweep,DQTA(k_max=3),44,1685517026,3393525953,20
formal_id_length_sweep,DQTA(k_max=3),44,2452940343,1813535637,40
formal_id_length_sweep,DQTA(k_max=3),44,3739718055,2052239324,60
formal_id_length_sweep,DQTA(k_max=3),44,566392430,420845584,80
formal_id_length_sweep,DQTA(k_max=3),44,513838650,1473990194,96
formal_id_length_sweep,DQTA(k_max=3),44,1401714156,3158836174,100
formal_id_length_sweep,DQTA(k_max=3),44,93619563,161289541,128
formal_id_length_sweep,DQTA(k_max=3),44,649128258,1939183462,160
formal_id_length_sweep,DQTA(k_max=3),44,39113712,1805309349,192
formal_id_length_sweep,DQTA(k_max=3),44,2905850660,3056296699,256
formal_id_length_sweep,DQTA(k_max=3),45,2794529431,98933287,20
formal_id_length_sweep,DQTA(k_max=3),45,1222844799,2082925955,40
formal_id_length_sweep,DQTA(k_max=3),45,3228046417,923149547,60
formal_id_length_sweep,DQTA(k_max=3),45,4014926531,3727192690,80
formal_id_length_sweep,DQTA(k_max=3),45,73451943,3437909323,96
formal_id_length_sweep,DQTA(k_max=3),45,303203638,4286339643,100
formal_id_length_sweep,DQTA(k_max=3),45,3710678357,4269335590,128
formal_id_length_sweep,DQTA(k_max=3),45,3643062280,4161331175,160
formal_id_length_sweep,DQTA(k_max=3),45,3512622617,3869022745,192
formal_id_length_sweep,DQTA(k_max=3),45,2958495669,963450305,256
formal_id_length_sweep,DQTA(k_max=3),46,3177951371,2988017725,20
formal_id_length_sweep,DQTA(k_max=3),46,280424639,927860700,40
formal_id_length_sweep,DQTA(k_max=3),46,3246406024,3517813489,60
formal_id_length_sweep,DQTA(k_max=3),46,304230472,925655457,80
formal_id_length_sweep,DQTA(k_max=3),46,2025633173,1945970,96
formal_id_length_sweep,DQTA(k_max=3),46,3845386591,3645799044,100
formal_id_length_sweep,DQTA(k_max=3),46,1923096838,4121358938,128
formal_id_length_sweep,DQTA(k_max=3),46,967210689,1766444465,160
formal_id_length_sweep,DQTA(k_max=3),46,1354203506,1792458219,192
formal_id_length_sweep,DQTA(k_max=3),46,3692034352,3813356763,256
formal_id_length_sweep,DQTA(k_max=3),47,4247619817,3510720565,20
formal_id_length_sweep,DQTA(k_max=3),47,1522059884,900432561,40
formal_id_length_sweep,DQTA(k_max=3),47,1627436536,2026518004,60
formal_id_length_sweep,DQTA(k_max=3),47,2479907811,914456896,80
formal_id_length_sweep,DQTA(k_max=3),47,3783611845,2813547256,96
formal_id_length_sweep,DQTA(k_max=3),47,3875778528,3341031042,100
formal_id_length_sweep,DQTA(k_max=3),47,324831139,1728467430,128
formal_id_length_sweep,DQTA(k_max=3),47,2402165827,848561959,160
formal_id_length_sweep,DQTA(k_max=3),47,1954624014,2272915213,192
formal_id_length_sweep,DQTA(k_max=3),47,1069889121,3676984855,256
formal_id_length_sweep,DQTA(k_max=3),48,1536423647,2298182036,20
formal_id_length_sweep,DQTA(k_max=3),48,1215447197,3570715558,40
formal_id_length_sweep,DQTA(k_max=3),48,2664048286,2909711507,60
formal_id_length_sweep,DQTA(k_max=3),48,2184705360,140787049,80
formal_id_length_sweep,DQTA(k_max=3),48,1197694827,1846902363,96
formal_id_length_sweep,DQTA(k_max=3),48,743938701,2272583024,100
formal_id_length_sweep,DQTA(k_max=3),48,657722500,655046354,128
formal_id_length_sweep,DQTA(k_max=3),48,2570756514,2076596201,160
formal_id_length_sweep,DQTA(k_max=3),48,1289966514,3205928831,192
formal_id_length_sweep,DQTA(k_max=3),48,2739515254,1000745854,256
formal_id_length_sweep,DQTA(k_max=3),49,4040440597,381514525,20
formal_id_length_sweep,DQTA(k_max=3),49,3080157852,2604359333,40
formal_id_length_sweep,DQTA(k_max=3),49,3795048292,753975723,60
formal_id_length_sweep,DQTA(k_max=3),49,3204201576,3362043088,80
formal_id_length_sweep,DQTA(k_max=3),49,3088740460,1607624044,96
formal_id_length_sweep,DQTA(k_max=3),49,3984571849,2436635129,100
formal_id_length_sweep,DQTA(k_max=3),49,3425662313,1699740577,128
formal_id_length_sweep,DQTA(k_max=3),49,3208396941,2669576339,160
formal_id_length_sweep,DQTA(k_max=3),49,2843146286,4095128334,192
formal_id_length_sweep,DQTA(k_max=3),49,251992345,1381533723,256
formal_id_length_sweep,EAQ_CBB,0,1211239912,1625313652,20
formal_id_length_sweep,EAQ_CBB,0,696364180,1188699463,40
formal_id_length_sweep,EAQ_CBB,0,303552650,1906189297,60
formal_id_length_sweep,EAQ_CBB,0,4021583103,916141962,80
formal_id_length_sweep,EAQ_CBB,0,552297578,3218353780,96
formal_id_length_sweep,EAQ_CBB,0,3807197959,4133951633,100
formal_id_length_sweep,EAQ_CBB,0,2154439261,167057752,128
formal_id_length_sweep,EAQ_CBB,0,53669434,3440680859,160
formal_id_length_sweep,EAQ_CBB,0,779954931,274884486,192
formal_id_length_sweep,EAQ_CBB,0,4141531494,1863606122,256
formal_id_length_sweep,EAQ_CBB,1,1858058983,3044596073,20
formal_id_length_sweep,EAQ_CBB,1,3122866472,2159754540,40
formal_id_length_sweep,EAQ_CBB,1,3188470597,4090395274,60
formal_id_length_sweep,EAQ_CBB,1,475761283,2730605151,80
formal_id_length_sweep,EAQ_CBB,1,685656045,3337296089,96
formal_id_length_sweep,EAQ_CBB,1,540925788,774817568,100
formal_id_length_sweep,EAQ_CBB,1,942985826,3733420912,128
formal_id_length_sweep,EAQ_CBB,1,2817071578,547356412,160
formal_id_length_sweep,EAQ_CBB,1,3051988228,2606960017,192
formal_id_length_sweep,EAQ_CBB,1,2260082378,4269011124,256
formal_id_length_sweep,EAQ_CBB,2,3912097829,2454023498,20
formal_id_length_sweep,EAQ_CBB,2,2023914469,2209115160,40
formal_id_length_sweep,EAQ_CBB,2,847643342,1577938151,60
formal_id_length_sweep,EAQ_CBB,2,3958863349,3890868307,80
formal_id_length_sweep,EAQ_CBB,2,3666925827,1422291728,96
formal_id_length_sweep,EAQ_CBB,2,3946500883,2025474163,100
formal_id_length_sweep,EAQ_CBB,2,3385053515,1781589967,128
formal_id_length_sweep,EAQ_CBB,2,2634534493,1017589173,160
formal_id_length_sweep,EAQ_CBB,2,3982337167,1550542098,192
formal_id_length_sweep,EAQ_CBB,2,2754403413,4123712049,256
formal_id_length_sweep,EAQ_CBB,3,3020249695,3921755169,20
formal_id_length_sweep,EAQ_CBB,3,77608284,3916746250,40
formal_id_length_sweep,EAQ_CBB,3,3444491863,4725020,60
formal_id_length_sweep,EAQ_CBB,3,550340296,3011639034,80
formal_id_length_sweep,EAQ_CBB,3,2694801678,1468986396,96
formal_id_length_sweep,EAQ_CBB,3,2158927053,1075805590,100
formal_id_length_sweep,EAQ_CBB,3,3156282246,1360410644,128
formal_id_length_sweep,EAQ_CBB,3,744668023,904766663,160
formal_id_length_sweep,EAQ_CBB,3,387767481,3555308134,192
formal_id_length_sweep,EAQ_CBB,3,2209102266,4015699450,256
formal_id_length_sweep,EAQ_CBB,4,2125843681,2300910542,20
formal_id_length_sweep,EAQ_CBB,4,2758295573,1340734384,40
formal_id_length_sweep,EAQ_CBB,4,1453674214,481223671,60
formal_id_length_sweep,EAQ_CBB,4,3544085237,3169025647,80
formal_id_length_sweep,EAQ_CBB,4,703264642,1957476056,96
formal_id_length_sweep,EAQ_CBB,4,3484452798,950287527,100
formal_id_length_sweep,EAQ_CBB,4,2319110515,2302703189,128
formal_id_length_sweep,EAQ_CBB,4,154816862,3873237528,160
formal_id_length_sweep,EAQ_CBB,4,569991421,3374297147,192
formal_id_length_sweep,EAQ_CBB,4,3519591180,3690427370,256
formal_id_length_sweep,EAQ_CBB,5,1374789481,396307672,20
formal_id_length_sweep,EAQ_CBB,5,3375286769,2299626707,40
formal_id_length_sweep,EAQ_CBB,5,10692317,252000472,60
formal_id_length_sweep,EAQ_CBB,5,568073676,3000621892,80
formal_id_length_sweep,EAQ_CBB,5,1660733732,2301439594,96
formal_id_length_sweep,EAQ_CBB,5,284186581,251753232,100
formal_id_length_sweep,EAQ_CBB,5,3069301506,4120066370,128
formal_id_length_sweep,EAQ_CBB,5,2155917258,454368623,160
formal_id_length_sweep,EAQ_CBB,5,20336627,3119858899,192
formal_id_length_sweep,EAQ_CBB,5,2575248428,3026090763,256
formal_id_length_sweep,EAQ_CBB,6,2194947846,919102401,20
formal_id_length_sweep,EAQ_CBB,6,218666516,239784781,40
formal_id_length_sweep,EAQ_CBB,6,1781867148,2879886903,60
formal_id_length_sweep,EAQ_CBB,6,179051958,1172370616,80
formal_id_length_sweep,EAQ_CBB,6,1661541949,3842372417,96
formal_id_length_sweep,EAQ_CBB,6,1060733486,213407527,100
formal_id_length_sweep,EAQ_CBB,6,148694115,3821746909,128
formal_id_length_sweep,EAQ_CBB,6,3486673516,3982793323,160
formal_id_length_sweep,EAQ_CBB,6,29087867,370560502,192
formal_id_length_sweep,EAQ_CBB,6,2134829016,175187412,256
formal_id_length_sweep,EAQ_CBB,7,1968542344,1945739702,20
formal_id_length_sweep,EAQ_CBB,7,86975461,3184842922,40
formal_id_length_sweep,EAQ_CBB,7,4252023073,2421957781,60
formal_id_length_sweep,EAQ_CBB,7,2196118756,1683679410,80
formal_id_length_sweep,EAQ_CBB,7,3453428222,1397295788,96
formal_id_length_sweep,EAQ_CBB,7,192241861,1137873782,100
formal_id_length_sweep,EAQ_CBB,7,782504862,663443084,128
formal_id_length_sweep,EAQ_CBB,7,186637928,2515562762,160
formal_id_length_sweep,EAQ_CBB,7,153890269,2376345788,192
formal_id_length_sweep,EAQ_CBB,7,2781431531,3667545377,256
formal_id_length_sweep,EAQ_CBB,8,780756804,4000470720,20
formal_id_length_sweep,EAQ_CBB,8,3606649690,103657584,40
formal_id_length_sweep,EAQ_CBB,8,2589800694,783897521,60
formal_id_length_sweep,EAQ_CBB,8,1788852059,3577397560,80
formal_id_length_sweep,EAQ_CBB,8,3723126419,388796439,96
formal_id_length_sweep,EAQ_CBB,8,535821057,4273651644,100
formal_id_length_sweep,EAQ_CBB,8,4000672671,2953958014,128
formal_id_length_sweep,EAQ_CBB,8,3704916549,1376272372,160
formal_id_length_sweep,EAQ_CBB,8,291447698,3547951558,192
formal_id_length_sweep,EAQ_CBB,8,1582558263,3103809030,256
formal_id_length_sweep,EAQ_CBB,9,677046796,4256760020,20
formal_id_length_sweep,EAQ_CBB,9,3548368820,2396064126,40
formal_id_length_sweep,EAQ_CBB,9,2139438594,2257013564,60
formal_id_length_sweep,EAQ_CBB,9,3814362992,2960749681,80
formal_id_length_sweep,EAQ_CBB,9,2990994785,2466391986,96
formal_id_length_sweep,EAQ_CBB,9,1255343242,1635733865,100
formal_id_length_sweep,EAQ_CBB,9,1182994603,3417846463,128
formal_id_length_sweep,EAQ_CBB,9,3362835039,2778187517,160
formal_id_length_sweep,EAQ_CBB,9,2878726668,53982807,192
formal_id_length_sweep,EAQ_CBB,9,2567001242,2423939729,256
formal_id_length_sweep,EAQ_CBB,10,3350676346,1617487268,20
formal_id_length_sweep,EAQ_CBB,10,4273957529,866986960,40
formal_id_length_sweep,EAQ_CBB,10,859414723,889277735,60
formal_id_length_sweep,EAQ_CBB,10,2712714715,1226274941,80
formal_id_length_sweep,EAQ_CBB,10,4221009471,129400894,96
formal_id_length_sweep,EAQ_CBB,10,427108240,1225736273,100
formal_id_length_sweep,EAQ_CBB,10,1147378182,224247554,128
formal_id_length_sweep,EAQ_CBB,10,2151002067,1618573217,160
formal_id_length_sweep,EAQ_CBB,10,4224636040,1705340398,192
formal_id_length_sweep,EAQ_CBB,10,1796061815,687977087,256
formal_id_length_sweep,EAQ_CBB,11,2490753198,4153885071,20
formal_id_length_sweep,EAQ_CBB,11,2336871534,1674898182,40
formal_id_length_sweep,EAQ_CBB,11,3648448748,960268099,60
formal_id_length_sweep,EAQ_CBB,11,3315431236,2617685238,80
formal_id_length_sweep,EAQ_CBB,11,824094583,421054149,96
formal_id_length_sweep,EAQ_CBB,11,3787346465,1873598260,100
formal_id_length_sweep,EAQ_CBB,11,1797854318,2393944160,128
formal_id_length_sweep,EAQ_CBB,11,17911564,2942664053,160
formal_id_length_sweep,EAQ_CBB,11,2428770206,4255989992,192
formal_id_length_sweep,EAQ_CBB,11,1019221399,3705048791,256
formal_id_length_sweep,EAQ_CBB,12,2746534617,211588243,20
formal_id_length_sweep,EAQ_CBB,12,2336016540,3241371521,40
formal_id_length_sweep,EAQ_CBB,12,4043250653,3182900452,60
formal_id_length_sweep,EAQ_CBB,12,3357077615,1050783408,80
formal_id_length_sweep,EAQ_CBB,12,1798702373,1598653461,96
formal_id_length_sweep,EAQ_CBB,12,2505100895,614418741,100
formal_id_length_sweep,EAQ_CBB,12,299632783,4019497416,128
formal_id_length_sweep,EAQ_CBB,12,2185278263,2767100538,160
formal_id_length_sweep,EAQ_CBB,12,2949904956,366715813,192
formal_id_length_sweep,EAQ_CBB,12,1243968233,2481155146,256
formal_id_length_sweep,EAQ_CBB,13,3236656474,1274523371,20
formal_id_length_sweep,EAQ_CBB,13,29570997,1711465341,40
formal_id_length_sweep,EAQ_CBB,13,2865977281,805997062,60
formal_id_length_sweep,EAQ_CBB,13,2393336731,3454787912,80
formal_id_length_sweep,EAQ_CBB,13,757198453,174038569,96
formal_id_length_sweep,EAQ_CBB,13,1078889665,1111444344,100
formal_id_length_sweep,EAQ_CBB,13,63278972,3505247305,128
formal_id_length_sweep,EAQ_CBB,13,1307331162,2534013765,160
formal_id_length_sweep,EAQ_CBB,13,1825645343,1967789269,192
formal_id_length_sweep,EAQ_CBB,13,2227501446,1693931655,256
formal_id_length_sweep,EAQ_CBB,14,3611991455,1378518419,20
formal_id_length_sweep,EAQ_CBB,14,1847766478,3373263990,40
formal_id_length_sweep,EAQ_CBB,14,1463096185,2935489141,60
formal_id_length_sweep,EAQ_CBB,14,6349715,3081949307,80
formal_id_length_sweep,EAQ_CBB,14,2804041708,3152521100,96
formal_id_length_sweep,EAQ_CBB,14,4187341960,977124832,100
formal_id_length_sweep,EAQ_CBB,14,4162478364,3207196247,128
formal_id_length_sweep,EAQ_CBB,14,2158669349,3744811642,160
formal_id_length_sweep,EAQ_CBB,14,1520350337,2093211705,192
formal_id_length_sweep,EAQ_CBB,14,3916047680,1997841925,256
formal_id_length_sweep,EAQ_CBB,15,2815521154,748311749,20
formal_id_length_sweep,EAQ_CBB,15,849565309,201066579,40
formal_id_length_sweep,EAQ_CBB,15,2328836271,3378921935,60
formal_id_length_sweep,EAQ_CBB,15,1178804250,3327579205,80
formal_id_length_sweep,EAQ_CBB,15,2088092778,63185084,96
formal_id_length_sweep,EAQ_CBB,15,50143366,457021938,100
formal_id_length_sweep,EAQ_CBB,15,3851272941,567837038,128
formal_id_length_sweep,EAQ_CBB,15,2772590449,4046205355,160
formal_id_length_sweep,EAQ_CBB,15,3468533574,3586036429,192
formal_id_length_sweep,EAQ_CBB,15,4266862493,3638953949,256
formal_id_length_sweep,EAQ_CBB,16,2222097227,733208242,20
formal_id_length_sweep,EAQ_CBB,16,2961363353,2585435644,40
formal_id_length_sweep,EAQ_CBB,16,3731080181,1006453189,60
formal_id_length_sweep,EAQ_CBB,16,395358419,3234114645,80
formal_id_length_sweep,EAQ_CBB,16,1797785561,3853657108,96
formal_id_length_sweep,EAQ_CBB,16,567398321,3643886507,100
formal_id_length_sweep,EAQ_CBB,16,2300812766,1628948275,128
formal_id_length_sweep,EAQ_CBB,16,4003677933,647628166,160
formal_id_length_sweep,EAQ_CBB,16,945638788,2184168842,192
formal_id_length_sweep,EAQ_CBB,16,531845027,2866598931,256
formal_id_length_sweep,EAQ_CBB,17,3184588927,1503931582,20
formal_id_length_sweep,EAQ_CBB,17,2306426018,3370029504,40
formal_id_length_sweep,EAQ_CBB,17,1911944603,101752446,60
formal_id_length_sweep,EAQ_CBB,17,1150207896,64644901,80
formal_id_length_sweep,EAQ_CBB,17,2511067819,491962141,96
formal_id_length_sweep,EAQ_CBB,17,3981697733,1419880363,100
formal_id_length_sweep,EAQ_CBB,17,4017608341,2190981692,128
formal_id_length_sweep,EAQ_CBB,17,1981594178,47191670,160
formal_id_length_sweep,EAQ_CBB,17,552471096,2012161925,192
formal_id_length_sweep,EAQ_CBB,17,2532058873,452882205,256
formal_id_length_sweep,EAQ_CBB,18,3767505925,2016229855,20
formal_id_length_sweep,EAQ_CBB,18,400913036,3590691234,40
formal_id_length_sweep,EAQ_CBB,18,3166031358,503277842,60
formal_id_length_sweep,EAQ_CBB,18,918748283,1447694048,80
formal_id_length_sweep,EAQ_CBB,18,2464891821,19720231,96
formal_id_length_sweep,EAQ_CBB,18,3495563128,901176632,100
formal_id_length_sweep,EAQ_CBB,18,4244119286,790643470,128
formal_id_length_sweep,EAQ_CBB,18,3477284335,3110746916,160
formal_id_length_sweep,EAQ_CBB,18,1052282650,1643254304,192
formal_id_length_sweep,EAQ_CBB,18,3107381882,1202038223,256
formal_id_length_sweep,EAQ_CBB,19,697133743,4223611691,20
formal_id_length_sweep,EAQ_CBB,19,2135059601,179675717,40
formal_id_length_sweep,EAQ_CBB,19,1512288220,3737535878,60
formal_id_length_sweep,EAQ_CBB,19,4129093465,660163773,80
formal_id_length_sweep,EAQ_CBB,19,2110929645,3966073551,96
formal_id_length_sweep,EAQ_CBB,19,274213287,2917335768,100
formal_id_length_sweep,EAQ_CBB,19,3541945278,3713292028,128
formal_id_length_sweep,EAQ_CBB,19,1165175147,3038721413,160
formal_id_length_sweep,EAQ_CBB,19,3956304976,4045104712,192
formal_id_length_sweep,EAQ_CBB,19,1131150704,2846470873,256
formal_id_length_sweep,EAQ_CBB,20,4037893529,514122398,20
formal_id_length_sweep,EAQ_CBB,20,2679116664,4015906480,40
formal_id_length_sweep,EAQ_CBB,20,2151116833,2209984680,60
formal_id_length_sweep,EAQ_CBB,20,2824035603,4189522118,80
formal_id_length_sweep,EAQ_CBB,20,2115596098,1697280663,96
formal_id_length_sweep,EAQ_CBB,20,3417556899,1920521807,100
formal_id_length_sweep,EAQ_CBB,20,3341502038,1394535387,128
formal_id_length_sweep,EAQ_CBB,20,16035416,99242987,160
formal_id_length_sweep,EAQ_CBB,20,2280268056,1744288311,192
formal_id_length_sweep,EAQ_CBB,20,299398699,2601307383,256
formal_id_length_sweep,EAQ_CBB,21,1310501261,100767453,20
formal_id_length_sweep,EAQ_CBB,21,3858087420,959758324,40
formal_id_length_sweep,EAQ_CBB,21,3181684721,783992590,60
formal_id_length_sweep,EAQ_CBB,21,1072691792,2646514477,80
formal_id_length_sweep,EAQ_CBB,21,3104338274,1866044532,96
formal_id_length_sweep,EAQ_CBB,21,200311767,1834180279,100
formal_id_length_sweep,EAQ_CBB,21,2904687119,461476401,128
formal_id_length_sweep,EAQ_CBB,21,4077270677,531846525,160
formal_id_length_sweep,EAQ_CBB,21,3967336087,1588582681,192
formal_id_length_sweep,EAQ_CBB,21,215746801,2769105368,256
formal_id_length_sweep,EAQ_CBB,22,686001247,805524809,20
formal_id_length_sweep,EAQ_CBB,22,3025657408,4046359194,40
formal_id_length_sweep,EAQ_CBB,22,1606209987,1096992961,60
formal_id_length_sweep,EAQ_CBB,22,464922879,457276066,80
formal_id_length_sweep,EAQ_CBB,22,1670193662,3739450659,96
formal_id_length_sweep,EAQ_CBB,22,2178369009,4025090044,100
formal_id_length_sweep,EAQ_CBB,22,1624420903,2883265800,128
formal_id_length_sweep,EAQ_CBB,22,3560607004,2646098935,160
formal_id_length_sweep,EAQ_CBB,22,1261682843,396663222,192
formal_id_length_sweep,EAQ_CBB,22,3764176582,2868568448,256
formal_id_length_sweep,EAQ_CBB,23,2887652093,85167528,20
formal_id_length_sweep,EAQ_CBB,23,57087796,116138027,40
formal_id_length_sweep,EAQ_CBB,23,3739220578,1031569551,60
formal_id_length_sweep,EAQ_CBB,23,2761571220,2030871687,80
formal_id_length_sweep,EAQ_CBB,23,74892211,3077569362,96
formal_id_length_sweep,EAQ_CBB,23,2217726525,3573478341,100
formal_id_length_sweep,EAQ_CBB,23,1825361325,2913397110,128
formal_id_length_sweep,EAQ_CBB,23,852575468,2983679082,160
formal_id_length_sweep,EAQ_CBB,23,3865261448,2616399896,192
formal_id_length_sweep,EAQ_CBB,23,3960437060,3006993361,256
formal_id_length_sweep,EAQ_CBB,24,768683018,1402037930,20
formal_id_length_sweep,EAQ_CBB,24,1272550774,1075702112,40
formal_id_length_sweep,EAQ_CBB,24,2680931880,695629261,60
formal_id_length_sweep,EAQ_CBB,24,4076009818,3986807582,80
formal_id_length_sweep,EAQ_CBB,24,974644233,3071385081,96
formal_id_length_sweep,EAQ_CBB,24,735854507,617074149,100
formal_id_length_sweep,EAQ_CBB,24,3121950890,2500078241,128
formal_id_length_sweep,EAQ_CBB,24,1404714039,1892509421,160
formal_id_length_sweep,EAQ_CBB,24,3997776277,820341408,192
formal_id_length_sweep,EAQ_CBB,24,374556454,1142901334,256
formal_id_length_sweep,EAQ_CBB,25,4104404572,535608349,20
formal_id_length_sweep,EAQ_CBB,25,1406153004,32109073,40
formal_id_length_sweep,EAQ_CBB,25,2880627581,2886493698,60
formal_id_length_sweep,EAQ_CBB,25,3888551282,28886709,80
formal_id_length_sweep,EAQ_CBB,25,237287140,1497136581,96
formal_id_length_sweep,EAQ_CBB,25,3339197071,887945162,100
formal_id_length_sweep,EAQ_CBB,25,3115380797,4182341588,128
formal_id_length_sweep,EAQ_CBB,25,578541335,1293532504,160
formal_id_length_sweep,EAQ_CBB,25,2684305920,1429545629,192
formal_id_length_sweep,EAQ_CBB,25,3916127239,4274427100,256
formal_id_length_sweep,EAQ_CBB,26,1710307790,223809318,20
formal_id_length_sweep,EAQ_CBB,26,923319384,558630332,40
formal_id_length_sweep,EAQ_CBB,26,1772107280,613780215,60
formal_id_length_sweep,EAQ_CBB,26,2295208114,2713003071,80
formal_id_length_sweep,EAQ_CBB,26,2208628953,3498765811,96
formal_id_length_sweep,EAQ_CBB,26,3208220718,4244290333,100
formal_id_length_sweep,EAQ_CBB,26,2337441380,153984862,128
formal_id_length_sweep,EAQ_CBB,26,4231314494,2634365763,160
formal_id_length_sweep,EAQ_CBB,26,1302319150,3946480679,192
formal_id_length_sweep,EAQ_CBB,26,3402579263,871629587,256
formal_id_length_sweep,EAQ_CBB,27,1254764016,1017619548,20
formal_id_length_sweep,EAQ_CBB,27,3805576993,1321553443,40
formal_id_length_sweep,EAQ_CBB,27,419164771,447954059,60
formal_id_length_sweep,EAQ_CBB,27,303438963,3891797245,80
formal_id_length_sweep,EAQ_CBB,27,2719593811,3782166366,96
formal_id_length_sweep,EAQ_CBB,27,1168207028,903312662,100
formal_id_length_sweep,EAQ_CBB,27,2918986739,1931482479,128
formal_id_length_sweep,EAQ_CBB,27,3968305513,4225630453,160
formal_id_length_sweep,EAQ_CBB,27,1747786600,2065966418,192
formal_id_length_sweep,EAQ_CBB,27,2032304711,3032299189,256
formal_id_length_sweep,EAQ_CBB,28,3100428891,2700266902,20
formal_id_length_sweep,EAQ_CBB,28,701914681,2993284191,40
formal_id_length_sweep,EAQ_CBB,28,415181588,1250095791,60
formal_id_length_sweep,EAQ_CBB,28,896518539,1355568871,80
formal_id_length_sweep,EAQ_CBB,28,2330850669,2683829150,96
formal_id_length_sweep,EAQ_CBB,28,4293839371,2508923439,100
formal_id_length_sweep,EAQ_CBB,28,4233518068,2444982683,128
formal_id_length_sweep,EAQ_CBB,28,1490032402,1360788243,160
formal_id_length_sweep,EAQ_CBB,28,1966703577,530181437,192
formal_id_length_sweep,EAQ_CBB,28,1995825189,1779158257,256
formal_id_length_sweep,EAQ_CBB,29,1265055674,1139801886,20
formal_id_length_sweep,EAQ_CBB,29,2987389979,3196094889,40
formal_id_length_sweep,EAQ_CBB,29,4140736029,1657586417,60
formal_id_length_sweep,EAQ_CBB,29,3405593828,1045295917,80
formal_id_length_sweep,EAQ_CBB,29,949597425,441186773,96
formal_id_length_sweep,EAQ_CBB,29,1555064327,966109324,100
formal_id_length_sweep,EAQ_CBB,29,101472845,2799521013,128
formal_id_length_sweep,EAQ_CBB,29,915891348,3848070459,160
formal_id_length_sweep,EAQ_CBB,29,3370608000,2233137315,192
formal_id_length_sweep,EAQ_CBB,29,1173874962,709414092,256
formal_id_length_sweep,EAQ_CBB,30,1405648522,1713743726,20
formal_id_length_sweep,EAQ_CBB,30,4189606703,1846581582,40
formal_id_length_sweep,EAQ_CBB,30,2236359360,3609000941,60
formal_id_length_sweep,EAQ_CBB,30,905701959,335755422,80
formal_id_length_sweep,EAQ_CBB,30,305866955,3328610620,96
formal_id_length_sweep,EAQ_CBB,30,1208203518,1288117451,100
formal_id_length_sweep,EAQ_CBB,30,386525980,3154552114,128
formal_id_length_sweep,EAQ_CBB,30,907918313,3795741975,160
formal_id_length_sweep,EAQ_CBB,30,1920076833,4026468605,192
formal_id_length_sweep,EAQ_CBB,30,1515510919,2193624348,256
formal_id_length_sweep,EAQ_CBB,31,338787315,3748754915,20
formal_id_length_sweep,EAQ_CBB,31,498585599,3630639377,40
formal_id_length_sweep,EAQ_CBB,31,3263371041,4117225819,60
formal_id_length_sweep,EAQ_CBB,31,569202280,2754897086,80
formal_id_length_sweep,EAQ_CBB,31,1260126129,2840463914,96
formal_id_length_sweep,EAQ_CBB,31,1763821128,3494144670,100
formal_id_length_sweep,EAQ_CBB,31,4037673289,456968508,128
formal_id_length_sweep,EAQ_CBB,31,1927590570,1964577457,160
formal_id_length_sweep,EAQ_CBB,31,3851068296,4195910069,192
formal_id_length_sweep,EAQ_CBB,31,2019362312,1831489100,256
formal_id_length_sweep,EAQ_CBB,32,2372887675,4164569946,20
formal_id_length_sweep,EAQ_CBB,32,1298090251,2136675190,40
formal_id_length_sweep,EAQ_CBB,32,1683584658,680432386,60
formal_id_length_sweep,EAQ_CBB,32,1095417216,2391820877,80
formal_id_length_sweep,EAQ_CBB,32,2265554124,1741904191,96
formal_id_length_sweep,EAQ_CBB,32,1360602740,3381020258,100
formal_id_length_sweep,EAQ_CBB,32,3532068426,1276801761,128
formal_id_length_sweep,EAQ_CBB,32,3272852731,3322205944,160
formal_id_length_sweep,EAQ_CBB,32,406443290,3004108224,192
formal_id_length_sweep,EAQ_CBB,32,390760088,2298823357,256
formal_id_length_sweep,EAQ_CBB,33,3639392376,886103196,20
formal_id_length_sweep,EAQ_CBB,33,2067103324,791213626,40
formal_id_length_sweep,EAQ_CBB,33,3410737478,2224095986,60
formal_id_length_sweep,EAQ_CBB,33,1539266752,95947718,80
formal_id_length_sweep,EAQ_CBB,33,624849251,3910629700,96
formal_id_length_sweep,EAQ_CBB,33,2223752849,2795716178,100
formal_id_length_sweep,EAQ_CBB,33,165640310,2360024831,128
formal_id_length_sweep,EAQ_CBB,33,2339622505,2654771835,160
formal_id_length_sweep,EAQ_CBB,33,4206893019,2546832461,192
formal_id_length_sweep,EAQ_CBB,33,1639674763,1715468880,256
formal_id_length_sweep,EAQ_CBB,34,3752954330,977458890,20
formal_id_length_sweep,EAQ_CBB,34,2546508928,3184120320,40
formal_id_length_sweep,EAQ_CBB,34,66927409,1098710904,60
formal_id_length_sweep,EAQ_CBB,34,3863928290,4257430188,80
formal_id_length_sweep,EAQ_CBB,34,2538622943,1874485472,96
formal_id_length_sweep,EAQ_CBB,34,1726428416,3875643822,100
formal_id_length_sweep,EAQ_CBB,34,233659342,1361832017,128
formal_id_length_sweep,EAQ_CBB,34,747531232,900004635,160
formal_id_length_sweep,EAQ_CBB,34,1026483804,1214508900,192
formal_id_length_sweep,EAQ_CBB,34,1202297178,3204435422,256
formal_id_length_sweep,EAQ_CBB,35,2890531390,3477317552,20
formal_id_length_sweep,EAQ_CBB,35,3859759531,4073521927,40
formal_id_length_sweep,EAQ_CBB,35,2458632215,2205274379,60
formal_id_length_sweep,EAQ_CBB,35,1147643091,3752173383,80
formal_id_length_sweep,EAQ_CBB,35,494488086,1466401752,96
formal_id_length_sweep,EAQ_CBB,35,759726048,1024165835,100
formal_id_length_sweep,EAQ_CBB,35,3828104277,3862866881,128
formal_id_length_sweep,EAQ_CBB,35,281902067,3198484743,160
formal_id_length_sweep,EAQ_CBB,35,723787142,2928143174,192
formal_id_length_sweep,EAQ_CBB,35,1871597334,3470913188,256
formal_id_length_sweep,EAQ_CBB,36,2618949986,2460889223,20
formal_id_length_sweep,EAQ_CBB,36,3999292794,2093153965,40
formal_id_length_sweep,EAQ_CBB,36,2608047520,470489235,60
formal_id_length_sweep,EAQ_CBB,36,1565658348,990126649,80
formal_id_length_sweep,EAQ_CBB,36,1729117906,3614016383,96
formal_id_length_sweep,EAQ_CBB,36,1689399461,3065337576,100
formal_id_length_sweep,EAQ_CBB,36,2569309401,1996206653,128
formal_id_length_sweep,EAQ_CBB,36,1168342078,3758288453,160
formal_id_length_sweep,EAQ_CBB,36,4110026418,1235833908,192
formal_id_length_sweep,EAQ_CBB,36,3083548185,1382862455,256
formal_id_length_sweep,EAQ_CBB,37,914573255,1554955366,20
formal_id_length_sweep,EAQ_CBB,37,3683619215,391913772,40
formal_id_length_sweep,EAQ_CBB,37,4074268167,559060586,60
formal_id_length_sweep,EAQ_CBB,37,2342205768,1354395901,80
formal_id_length_sweep,EAQ_CBB,37,1522657298,1900458892,96
formal_id_length_sweep,EAQ_CBB,37,3363077235,2276154109,100
formal_id_length_sweep,EAQ_CBB,37,1345069188,449041310,128
formal_id_length_sweep,EAQ_CBB,37,1557058044,94398903,160
formal_id_length_sweep,EAQ_CBB,37,2407785304,2977193293,192
formal_id_length_sweep,EAQ_CBB,37,456092532,3680953907,256
formal_id_length_sweep,EAQ_CBB,38,463299081,2083721750,20
formal_id_length_sweep,EAQ_CBB,38,3765522801,1360376784,40
formal_id_length_sweep,EAQ_CBB,38,582684834,1653354507,60
formal_id_length_sweep,EAQ_CBB,38,1534630818,199754484,80
formal_id_length_sweep,EAQ_CBB,38,3342175643,3996857830,96
formal_id_length_sweep,EAQ_CBB,38,4227552383,1620321572,100
formal_id_length_sweep,EAQ_CBB,38,2693492944,3276780785,128
formal_id_length_sweep,EAQ_CBB,38,3384057875,3790418404,160
formal_id_length_sweep,EAQ_CBB,38,896456331,1349473517,192
formal_id_length_sweep,EAQ_CBB,38,1385392060,2205564827,256
formal_id_length_sweep,EAQ_CBB,39,961353927,2324008578,20
formal_id_length_sweep,EAQ_CBB,39,1943849482,3937394392,40
formal_id_length_sweep,EAQ_CBB,39,3800510185,554114556,60
formal_id_length_sweep,EAQ_CBB,39,1154136017,295705089,80
formal_id_length_sweep,EAQ_CBB,39,2041610322,2108734073,96
formal_id_length_sweep,EAQ_CBB,39,4124585325,883249089,100
formal_id_length_sweep,EAQ_CBB,39,1561511251,2807962062,128
formal_id_length_sweep,EAQ_CBB,39,3321238138,151362914,160
formal_id_length_sweep,EAQ_CBB,39,1535225800,2519784173,192
formal_id_length_sweep,EAQ_CBB,39,1141611432,342846034,256
formal_id_length_sweep,EAQ_CBB,40,1594597739,4243324138,20
formal_id_length_sweep,EAQ_CBB,40,2196734206,1932057893,40
formal_id_length_sweep,EAQ_CBB,40,1901548672,932845613,60
formal_id_length_sweep,EAQ_CBB,40,2061132202,3001056155,80
formal_id_length_sweep,EAQ_CBB,40,2934930705,792096723,96
formal_id_length_sweep,EAQ_CBB,40,449859025,509595050,100
formal_id_length_sweep,EAQ_CBB,40,1702748032,1483867958,128
formal_id_length_sweep,EAQ_CBB,40,1376518921,2382700071,160
formal_id_length_sweep,EAQ_CBB,40,311407170,1160880304,192
formal_id_length_sweep,EAQ_CBB,40,2782796562,3199908481,256
formal_id_length_sweep,EAQ_CBB,41,3957795199,1424909159,20
formal_id_length_sweep,EAQ_CBB,41,3825560531,1629647340,40
formal_id_length_sweep,EAQ_CBB,41,1353534015,1194750746,60
formal_id_length_sweep,EAQ_CBB,41,2935876177,1226489538,80
formal_id_length_sweep,EAQ_CBB,41,289388657,2753934917,96
formal_id_length_sweep,EAQ_CBB,41,195955706,1827988377,100
formal_id_length_sweep,EAQ_CBB,41,3667011643,1491969938,128
formal_id_length_sweep,EAQ_CBB,41,2096428599,2311876597,160
formal_id_length_sweep,EAQ_CBB,41,4234513742,3223473516,192
formal_id_length_sweep,EAQ_CBB,41,93922502,3025099228,256
formal_id_length_sweep,EAQ_CBB,42,611594096,2420076997,20
formal_id_length_sweep,EAQ_CBB,42,1186080764,3466481611,40
formal_id_length_sweep,EAQ_CBB,42,4174937035,3553452171,60
formal_id_length_sweep,EAQ_CBB,42,600805140,68165452,80
formal_id_length_sweep,EAQ_CBB,42,3931197386,214207605,96
formal_id_length_sweep,EAQ_CBB,42,1916285082,2546167520,100
formal_id_length_sweep,EAQ_CBB,42,1153453263,3087417399,128
formal_id_length_sweep,EAQ_CBB,42,1017870458,1278025070,160
formal_id_length_sweep,EAQ_CBB,42,1382676058,3420996519,192
formal_id_length_sweep,EAQ_CBB,42,3643858683,1355184825,256
formal_id_length_sweep,EAQ_CBB,43,1083430060,3922592760,20
formal_id_length_sweep,EAQ_CBB,43,1636663436,1793794691,40
formal_id_length_sweep,EAQ_CBB,43,1450811516,1302402990,60
formal_id_length_sweep,EAQ_CBB,43,3130144389,1700558364,80
formal_id_length_sweep,EAQ_CBB,43,34088026,4288364638,96
formal_id_length_sweep,EAQ_CBB,43,1504115291,1370480637,100
formal_id_length_sweep,EAQ_CBB,43,2355833024,78852691,128
formal_id_length_sweep,EAQ_CBB,43,142758089,2928432281,160
formal_id_length_sweep,EAQ_CBB,43,2048855895,4087118106,192
formal_id_length_sweep,EAQ_CBB,43,1445629864,1352851001,256
formal_id_length_sweep,EAQ_CBB,44,1685517026,992567843,20
formal_id_length_sweep,EAQ_CBB,44,2452940343,2323826566,40
formal_id_length_sweep,EAQ_CBB,44,3739718055,2813718998,60
formal_id_length_sweep,EAQ_CBB,44,566392430,2445857709,80
formal_id_length_sweep,EAQ_CBB,44,513838650,247183257,96
formal_id_length_sweep,EAQ_CBB,44,1401714156,2596841304,100
formal_id_length_sweep,EAQ_CBB,44,93619563,2401811900,128
formal_id_length_sweep,EAQ_CBB,44,649128258,2019222858,160
formal_id_length_sweep,EAQ_CBB,44,39113712,2101053538,192
formal_id_length_sweep,EAQ_CBB,44,2905850660,2827678000,256
formal_id_length_sweep,EAQ_CBB,45,2794529431,2610613511,20
formal_id_length_sweep,EAQ_CBB,45,1222844799,1902996571,40
formal_id_length_sweep,EAQ_CBB,45,3228046417,1870479725,60
formal_id_length_sweep,EAQ_CBB,45,4014926531,2953711892,80
formal_id_length_sweep,EAQ_CBB,45,73451943,1615523072,96
formal_id_length_sweep,EAQ_CBB,45,303203638,2156635785,100
formal_id_length_sweep,EAQ_CBB,45,3710678357,752598507,128
formal_id_length_sweep,EAQ_CBB,45,3643062280,2082649893,160
formal_id_length_sweep,EAQ_CBB,45,3512622617,3719238233,192
formal_id_length_sweep,EAQ_CBB,45,2958495669,1134013638,256
formal_id_length_sweep,EAQ_CBB,46,3177951371,520870537,20
formal_id_length_sweep,EAQ_CBB,46,280424639,1737039178,40
formal_id_length_sweep,EAQ_CBB,46,3246406024,2962945069,60
formal_id_length_sweep,EAQ_CBB,46,304230472,3472950058,80
formal_id_length_sweep,EAQ_CBB,46,2025633173,585989661,96
formal_id_length_sweep,EAQ_CBB,46,3845386591,3503674934,100
formal_id_length_sweep,EAQ_CBB,46,1923096838,2801592817,128
formal_id_length_sweep,EAQ_CBB,46,967210689,1044131697,160
formal_id_length_sweep,EAQ_CBB,46,1354203506,1621354497,192
formal_id_length_sweep,EAQ_CBB,46,3692034352,3073554299,256
formal_id_length_sweep,EAQ_CBB,47,4247619817,615275503,20
formal_id_length_sweep,EAQ_CBB,47,1522059884,2414361239,40
formal_id_length_sweep,EAQ_CBB,47,1627436536,3604169146,60
formal_id_length_sweep,EAQ_CBB,47,2479907811,2858894633,80
formal_id_length_sweep,EAQ_CBB,47,3783611845,2646612502,96
formal_id_length_sweep,EAQ_CBB,47,3875778528,3407035946,100
formal_id_length_sweep,EAQ_CBB,47,324831139,1110498057,128
formal_id_length_sweep,EAQ_CBB,47,2402165827,3280071170,160
formal_id_length_sweep,EAQ_CBB,47,1954624014,794331097,192
formal_id_length_sweep,EAQ_CBB,47,1069889121,2114181985,256
formal_id_length_sweep,EAQ_CBB,48,1536423647,3682770184,20
formal_id_length_sweep,EAQ_CBB,48,1215447197,2190003361,40
formal_id_length_sweep,EAQ_CBB,48,2664048286,2149483368,60
formal_id_length_sweep,EAQ_CBB,48,2184705360,469979490,80
formal_id_length_sweep,EAQ_CBB,48,1197694827,813132587,96
formal_id_length_sweep,EAQ_CBB,48,743938701,1120381605,100
formal_id_length_sweep,EAQ_CBB,48,657722500,545841252,128
formal_id_length_sweep,EAQ_CBB,48,2570756514,2668362974,160
formal_id_length_sweep,EAQ_CBB,48,1289966514,1200573019,192
formal_id_length_sweep,EAQ_CBB,48,2739515254,3775057594,256
formal_id_length_sweep,EAQ_CBB,49,4040440597,2246576910,20
formal_id_length_sweep,EAQ_CBB,49,3080157852,2110631227,40
formal_id_length_sweep,EAQ_CBB,49,3795048292,1894852140,60
formal_id_length_sweep,EAQ_CBB,49,3204201576,2471878087,80
formal_id_length_sweep,EAQ_CBB,49,3088740460,3958183066,96
formal_id_length_sweep,EAQ_CBB,49,3984571849,493480318,100
formal_id_length_sweep,EAQ_CBB,49,3425662313,3852409091,128
formal_id_length_sweep,EAQ_CBB,49,3208396941,1033758097,160
formal_id_length_sweep,EAQ_CBB,49,2843146286,1154488651,192
formal_id_length_sweep,EAQ_CBB,49,251992345,3079413617,256
formal_id_length_sweep,EMDT,0,1211239912,2556251324,20
formal_id_length_sweep,EMDT,0,696364180,356066631,40
formal_id_length_sweep,EMDT,0,303552650,1704494980,60
formal_id_length_sweep,EMDT,0,4021583103,504780649,80
formal_id_length_sweep,EMDT,0,552297578,3606516971,96
formal_id_length_sweep,EMDT,0,3807197959,971399225,100
formal_id_length_sweep,EMDT,0,2154439261,2980349022,128
formal_id_length_sweep,EMDT,0,53669434,2359772248,160
formal_id_length_sweep,EMDT,0,779954931,3633239547,192
formal_id_length_sweep,EMDT,0,4141531494,438523483,256
formal_id_length_sweep,EMDT,1,1858058983,2011045884,20
formal_id_length_sweep,EMDT,1,3122866472,1146729631,40
formal_id_length_sweep,EMDT,1,3188470597,3190602756,60
formal_id_length_sweep,EMDT,1,475761283,766975821,80
formal_id_length_sweep,EMDT,1,685656045,2654969564,96
formal_id_length_sweep,EMDT,1,540925788,386421866,100
formal_id_length_sweep,EMDT,1,942985826,1270337642,128
formal_id_length_sweep,EMDT,1,2817071578,1231913741,160
formal_id_length_sweep,EMDT,1,3051988228,124411671,192
formal_id_length_sweep,EMDT,1,2260082378,2791466486,256
formal_id_length_sweep,EMDT,2,3912097829,1777699091,20
formal_id_length_sweep,EMDT,2,2023914469,4176862344,40
formal_id_length_sweep,EMDT,2,847643342,4092947102,60
formal_id_length_sweep,EMDT,2,3958863349,291753935,80
formal_id_length_sweep,EMDT,2,3666925827,1769785223,96
formal_id_length_sweep,EMDT,2,3946500883,3679396918,100
formal_id_length_sweep,EMDT,2,3385053515,4074088940,128
formal_id_length_sweep,EMDT,2,2634534493,1218336102,160
formal_id_length_sweep,EMDT,2,3982337167,4212805883,192
formal_id_length_sweep,EMDT,2,2754403413,2905693333,256
formal_id_length_sweep,EMDT,3,3020249695,2916434458,20
formal_id_length_sweep,EMDT,3,77608284,3005457915,40
formal_id_length_sweep,EMDT,3,3444491863,1484745065,60
formal_id_length_sweep,EMDT,3,550340296,3178184125,80
formal_id_length_sweep,EMDT,3,2694801678,3921125053,96
formal_id_length_sweep,EMDT,3,2158927053,3989338897,100
formal_id_length_sweep,EMDT,3,3156282246,4142117083,128
formal_id_length_sweep,EMDT,3,744668023,1996958164,160
formal_id_length_sweep,EMDT,3,387767481,1247457529,192
formal_id_length_sweep,EMDT,3,2209102266,2687629280,256
formal_id_length_sweep,EMDT,4,2125843681,1990867828,20
formal_id_length_sweep,EMDT,4,2758295573,2779676030,40
formal_id_length_sweep,EMDT,4,1453674214,143610243,60
formal_id_length_sweep,EMDT,4,3544085237,9892446,80
formal_id_length_sweep,EMDT,4,703264642,4195699910,96
formal_id_length_sweep,EMDT,4,3484452798,1140123447,100
formal_id_length_sweep,EMDT,4,2319110515,4061970450,128
formal_id_length_sweep,EMDT,4,154816862,4243796801,160
formal_id_length_sweep,EMDT,4,569991421,2335191277,192
formal_id_length_sweep,EMDT,4,3519591180,4134839461,256
formal_id_length_sweep,EMDT,5,1374789481,1129511032,20
formal_id_length_sweep,EMDT,5,3375286769,675421676,40
formal_id_length_sweep,EMDT,5,10692317,2700209622,60
formal_id_length_sweep,EMDT,5,568073676,2905258150,80
formal_id_length_sweep,EMDT,5,1660733732,1511396860,96
formal_id_length_sweep,EMDT,5,284186581,4127975162,100
formal_id_length_sweep,EMDT,5,3069301506,4227463064,128
formal_id_length_sweep,EMDT,5,2155917258,2325131570,160
formal_id_length_sweep,EMDT,5,20336627,2027438417,192
formal_id_length_sweep,EMDT,5,2575248428,3116663375,256
formal_id_length_sweep,EMDT,6,2194947846,287939955,20
formal_id_length_sweep,EMDT,6,218666516,2838971967,40
formal_id_length_sweep,EMDT,6,1781867148,859307469,60
formal_id_length_sweep,EMDT,6,179051958,3509676388,80
formal_id_length_sweep,EMDT,6,1661541949,889225604,96
formal_id_length_sweep,EMDT,6,1060733486,547837970,100
formal_id_length_sweep,EMDT,6,148694115,1157293842,128
formal_id_length_sweep,EMDT,6,3486673516,3068994324,160
formal_id_length_sweep,EMDT,6,29087867,1991608152,192
formal_id_length_sweep,EMDT,6,2134829016,2146467965,256
formal_id_length_sweep,EMDT,7,1968542344,1718657010,20
formal_id_length_sweep,EMDT,7,86975461,653382461,40
formal_id_length_sweep,EMDT,7,4252023073,2804188689,60
formal_id_length_sweep,EMDT,7,2196118756,3612825822,80
formal_id_length_sweep,EMDT,7,3453428222,3372243755,96
formal_id_length_sweep,EMDT,7,192241861,90350739,100
formal_id_length_sweep,EMDT,7,782504862,2695464607,128
formal_id_length_sweep,EMDT,7,186637928,1104482092,160
formal_id_length_sweep,EMDT,7,153890269,3781112072,192
formal_id_length_sweep,EMDT,7,2781431531,3121113164,256
formal_id_length_sweep,EMDT,8,780756804,2858439590,20
formal_id_length_sweep,EMDT,8,3606649690,1519618352,40
formal_id_length_sweep,EMDT,8,2589800694,3724655992,60
formal_id_length_sweep,EMDT,8,1788852059,942854344,80
formal_id_length_sweep,EMDT,8,3723126419,2532973844,96
formal_id_length_sweep,EMDT,8,535821057,1545838260,100
formal_id_length_sweep,EMDT,8,4000672671,2770302030,128
formal_id_length_sweep,EMDT,8,3704916549,3818350432,160
formal_id_length_sweep,EMDT,8,291447698,3950102759,192
formal_id_length_sweep,EMDT,8,1582558263,187941599,256
formal_id_length_sweep,EMDT,9,677046796,678380675,20
formal_id_length_sweep,EMDT,9,3548368820,390558059,40
formal_id_length_sweep,EMDT,9,2139438594,3122986809,60
formal_id_length_sweep,EMDT,9,3814362992,1316038806,80
formal_id_length_sweep,EMDT,9,2990994785,2669316785,96
formal_id_length_sweep,EMDT,9,1255343242,70860861,100
formal_id_length_sweep,EMDT,9,1182994603,45860287,128
formal_id_length_sweep,EMDT,9,3362835039,801308799,160
formal_id_length_sweep,EMDT,9,2878726668,3811709903,192
formal_id_length_sweep,EMDT,9,2567001242,1812163589,256
formal_id_length_sweep,EMDT,10,3350676346,3222228868,20
formal_id_length_sweep,EMDT,10,4273957529,3331898585,40
formal_id_length_sweep,EMDT,10,859414723,784929023,60
formal_id_length_sweep,EMDT,10,2712714715,22453658,80
formal_id_length_sweep,EMDT,10,4221009471,844839545,96
formal_id_length_sweep,EMDT,10,427108240,3662008884,100
formal_id_length_sweep,EMDT,10,1147378182,1906112686,128
formal_id_length_sweep,EMDT,10,2151002067,3605979223,160
formal_id_length_sweep,EMDT,10,4224636040,3465504989,192
formal_id_length_sweep,EMDT,10,1796061815,1997615778,256
formal_id_length_sweep,EMDT,11,2490753198,1635338506,20
formal_id_length_sweep,EMDT,11,2336871534,340674155,40
formal_id_length_sweep,EMDT,11,3648448748,3358589493,60
formal_id_length_sweep,EMDT,11,3315431236,3985025734,80
formal_id_length_sweep,EMDT,11,824094583,1944506808,96
formal_id_length_sweep,EMDT,11,3787346465,1897943983,100
formal_id_length_sweep,EMDT,11,1797854318,130948132,128
formal_id_length_sweep,EMDT,11,17911564,424829857,160
formal_id_length_sweep,EMDT,11,2428770206,3390717933,192
formal_id_length_sweep,EMDT,11,1019221399,288240789,256
formal_id_length_sweep,EMDT,12,2746534617,2381218346,20
formal_id_length_sweep,EMDT,12,2336016540,3947003044,40
formal_id_length_sweep,EMDT,12,4043250653,138501366,60
formal_id_length_sweep,EMDT,12,3357077615,1569769747,80
formal_id_length_sweep,EMDT,12,1798702373,4279619104,96
formal_id_length_sweep,EMDT,12,2505100895,1916497369,100
formal_id_length_sweep,EMDT,12,299632783,1457340258,128
formal_id_length_sweep,EMDT,12,2185278263,596090875,160
formal_id_length_sweep,EMDT,12,2949904956,4151819043,192
formal_id_length_sweep,EMDT,12,1243968233,3311304985,256
formal_id_length_sweep,EMDT,13,3236656474,1613287723,20
formal_id_length_sweep,EMDT,13,29570997,3865353573,40
formal_id_length_sweep,EMDT,13,2865977281,1259529689,60
formal_id_length_sweep,EMDT,13,2393336731,3819490106,80
formal_id_length_sweep,EMDT,13,757198453,389275948,96
formal_id_length_sweep,EMDT,13,1078889665,3685542480,100
formal_id_length_sweep,EMDT,13,63278972,1151368488,128
formal_id_length_sweep,EMDT,13,1307331162,1548505583,160
formal_id_length_sweep,EMDT,13,1825645343,4248900385,192
formal_id_length_sweep,EMDT,13,2227501446,2257981448,256
formal_id_length_sweep,EMDT,14,3611991455,255294067,20
formal_id_length_sweep,EMDT,14,1847766478,3085295501,40
formal_id_length_sweep,EMDT,14,1463096185,3795678581,60
formal_id_length_sweep,EMDT,14,6349715,1491788057,80
formal_id_length_sweep,EMDT,14,2804041708,2922083830,96
formal_id_length_sweep,EMDT,14,4187341960,1658533820,100
formal_id_length_sweep,EMDT,14,4162478364,1959548862,128
formal_id_length_sweep,EMDT,14,2158669349,1517710029,160
formal_id_length_sweep,EMDT,14,1520350337,142587831,192
formal_id_length_sweep,EMDT,14,3916047680,3708727535,256
formal_id_length_sweep,EMDT,15,2815521154,3049467190,20
formal_id_length_sweep,EMDT,15,849565309,3864520080,40
formal_id_length_sweep,EMDT,15,2328836271,1375521662,60
formal_id_length_sweep,EMDT,15,1178804250,1722701706,80
formal_id_length_sweep,EMDT,15,2088092778,2261614217,96
formal_id_length_sweep,EMDT,15,50143366,3636792115,100
formal_id_length_sweep,EMDT,15,3851272941,3969489367,128
formal_id_length_sweep,EMDT,15,2772590449,3745186275,160
formal_id_length_sweep,EMDT,15,3468533574,1301513875,192
formal_id_length_sweep,EMDT,15,4266862493,1534295972,256
formal_id_length_sweep,EMDT,16,2222097227,1528508002,20
formal_id_length_sweep,EMDT,16,2961363353,3898917421,40
formal_id_length_sweep,EMDT,16,3731080181,989951302,60
formal_id_length_sweep,EMDT,16,395358419,1776622669,80
formal_id_length_sweep,EMDT,16,1797785561,4107250022,96
formal_id_length_sweep,EMDT,16,567398321,1800612923,100
formal_id_length_sweep,EMDT,16,2300812766,1581197934,128
formal_id_length_sweep,EMDT,16,4003677933,2856879880,160
formal_id_length_sweep,EMDT,16,945638788,2777317871,192
formal_id_length_sweep,EMDT,16,531845027,108378647,256
formal_id_length_sweep,EMDT,17,3184588927,4145649826,20
formal_id_length_sweep,EMDT,17,2306426018,3906000358,40
formal_id_length_sweep,EMDT,17,1911944603,325270627,60
formal_id_length_sweep,EMDT,17,1150207896,2901281835,80
formal_id_length_sweep,EMDT,17,2511067819,1827924243,96
formal_id_length_sweep,EMDT,17,3981697733,1132091465,100
formal_id_length_sweep,EMDT,17,4017608341,649241339,128
formal_id_length_sweep,EMDT,17,1981594178,3615758698,160
formal_id_length_sweep,EMDT,17,552471096,952568133,192
formal_id_length_sweep,EMDT,17,2532058873,3926977627,256
formal_id_length_sweep,EMDT,18,3767505925,659879255,20
formal_id_length_sweep,EMDT,18,400913036,4243336886,40
formal_id_length_sweep,EMDT,18,3166031358,1042780382,60
formal_id_length_sweep,EMDT,18,918748283,2786007549,80
formal_id_length_sweep,EMDT,18,2464891821,3863367939,96
formal_id_length_sweep,EMDT,18,3495563128,3483655980,100
formal_id_length_sweep,EMDT,18,4244119286,3949917997,128
formal_id_length_sweep,EMDT,18,3477284335,3884202965,160
formal_id_length_sweep,EMDT,18,1052282650,3058137845,192
formal_id_length_sweep,EMDT,18,3107381882,2577071958,256
formal_id_length_sweep,EMDT,19,697133743,1312559280,20
formal_id_length_sweep,EMDT,19,2135059601,3800697199,40
formal_id_length_sweep,EMDT,19,1512288220,3735766735,60
formal_id_length_sweep,EMDT,19,4129093465,2475267127,80
formal_id_length_sweep,EMDT,19,2110929645,434418862,96
formal_id_length_sweep,EMDT,19,274213287,3586594818,100
formal_id_length_sweep,EMDT,19,3541945278,1404122956,128
formal_id_length_sweep,EMDT,19,1165175147,1014899397,160
formal_id_length_sweep,EMDT,19,3956304976,2853675149,192
formal_id_length_sweep,EMDT,19,1131150704,972154258,256
formal_id_length_sweep,EMDT,20,4037893529,72568472,20
formal_id_length_sweep,EMDT,20,2679116664,2617731923,40
formal_id_length_sweep,EMDT,20,2151116833,3885879317,60
formal_id_length_sweep,EMDT,20,2824035603,641632560,80
formal_id_length_sweep,EMDT,20,2115596098,2101386539,96
formal_id_length_sweep,EMDT,20,3417556899,3852878053,100
formal_id_length_sweep,EMDT,20,3341502038,2902728791,128
formal_id_length_sweep,EMDT,20,16035416,424519857,160
formal_id_length_sweep,EMDT,20,2280268056,2843331978,192
formal_id_length_sweep,EMDT,20,299398699,728467502,256
formal_id_length_sweep,EMDT,21,1310501261,772927733,20
formal_id_length_sweep,EMDT,21,3858087420,2012731849,40
formal_id_length_sweep,EMDT,21,3181684721,2063317069,60
formal_id_length_sweep,EMDT,21,1072691792,535423895,80
formal_id_length_sweep,EMDT,21,3104338274,3565132830,96
formal_id_length_sweep,EMDT,21,200311767,4060001074,100
formal_id_length_sweep,EMDT,21,2904687119,3391049573,128
formal_id_length_sweep,EMDT,21,4077270677,3091018876,160
formal_id_length_sweep,EMDT,21,3967336087,2718590664,192
formal_id_length_sweep,EMDT,21,215746801,465417006,256
formal_id_length_sweep,EMDT,22,686001247,2215670731,20
formal_id_length_sweep,EMDT,22,3025657408,582298816,40
formal_id_length_sweep,EMDT,22,1606209987,1479374494,60
formal_id_length_sweep,EMDT,22,464922879,2760068744,80
formal_id_length_sweep,EMDT,22,1670193662,3485574836,96
formal_id_length_sweep,EMDT,22,2178369009,3455921778,100
formal_id_length_sweep,EMDT,22,1624420903,1981303992,128
formal_id_length_sweep,EMDT,22,3560607004,1715098493,160
formal_id_length_sweep,EMDT,22,1261682843,3399269247,192
formal_id_length_sweep,EMDT,22,3764176582,757969300,256
formal_id_length_sweep,EMDT,23,2887652093,3997056603,20
formal_id_length_sweep,EMDT,23,57087796,2167392741,40
formal_id_length_sweep,EMDT,23,3739220578,3421754975,60
formal_id_length_sweep,EMDT,23,2761571220,1048669972,80
formal_id_length_sweep,EMDT,23,74892211,1754441438,96
formal_id_length_sweep,EMDT,23,2217726525,2741559787,100
formal_id_length_sweep,EMDT,23,1825361325,3591553462,128
formal_id_length_sweep,EMDT,23,852575468,1554924813,160
formal_id_length_sweep,EMDT,23,3865261448,4014731602,192
formal_id_length_sweep,EMDT,23,3960437060,1264198620,256
formal_id_length_sweep,EMDT,24,768683018,3900336976,20
formal_id_length_sweep,EMDT,24,1272550774,1807941963,40
formal_id_length_sweep,EMDT,24,2680931880,1720996201,60
formal_id_length_sweep,EMDT,24,4076009818,1179502050,80
formal_id_length_sweep,EMDT,24,974644233,40059511,96
formal_id_length_sweep,EMDT,24,735854507,3815221009,100
formal_id_length_sweep,EMDT,24,3121950890,886224808,128
formal_id_length_sweep,EMDT,24,1404714039,1653132743,160
formal_id_length_sweep,EMDT,24,3997776277,836829466,192
formal_id_length_sweep,EMDT,24,374556454,2602866315,256
formal_id_length_sweep,EMDT,25,4104404572,3039419857,20
formal_id_length_sweep,EMDT,25,1406153004,3673897581,40
formal_id_length_sweep,EMDT,25,2880627581,2522902089,60
formal_id_length_sweep,EMDT,25,3888551282,2983293007,80
formal_id_length_sweep,EMDT,25,237287140,3823991638,96
formal_id_length_sweep,EMDT,25,3339197071,390732420,100
formal_id_length_sweep,EMDT,25,3115380797,3634062058,128
formal_id_length_sweep,EMDT,25,578541335,1111316278,160
formal_id_length_sweep,EMDT,25,2684305920,759407733,192
formal_id_length_sweep,EMDT,25,3916127239,3108383333,256
formal_id_length_sweep,EMDT,26,1710307790,3770924523,20
formal_id_length_sweep,EMDT,26,923319384,2927606233,40
formal_id_length_sweep,EMDT,26,1772107280,1296826450,60
formal_id_length_sweep,EMDT,26,2295208114,3569019288,80
formal_id_length_sweep,EMDT,26,2208628953,3809718728,96
formal_id_length_sweep,EMDT,26,3208220718,1205816676,100
formal_id_length_sweep,EMDT,26,2337441380,3216261593,128
formal_id_length_sweep,EMDT,26,4231314494,714725985,160
formal_id_length_sweep,EMDT,26,1302319150,2060433938,192
formal_id_length_sweep,EMDT,26,3402579263,1097299265,256
formal_id_length_sweep,EMDT,27,1254764016,3162299302,20
formal_id_length_sweep,EMDT,27,3805576993,2815631858,40
formal_id_length_sweep,EMDT,27,419164771,3904008686,60
formal_id_length_sweep,EMDT,27,303438963,3322617477,80
formal_id_length_sweep,EMDT,27,2719593811,748029403,96
formal_id_length_sweep,EMDT,27,1168207028,105966864,100
formal_id_length_sweep,EMDT,27,2918986739,1755154895,128
formal_id_length_sweep,EMDT,27,3968305513,2499628782,160
formal_id_length_sweep,EMDT,27,1747786600,2304363953,192
formal_id_length_sweep,EMDT,27,2032304711,3113280978,256
formal_id_length_sweep,EMDT,28,3100428891,1528801159,20
formal_id_length_sweep,EMDT,28,701914681,2055439926,40
formal_id_length_sweep,EMDT,28,415181588,859058623,60
formal_id_length_sweep,EMDT,28,896518539,1251696948,80
formal_id_length_sweep,EMDT,28,2330850669,986906784,96
formal_id_length_sweep,EMDT,28,4293839371,599321168,100
formal_id_length_sweep,EMDT,28,4233518068,144725857,128
formal_id_length_sweep,EMDT,28,1490032402,3475630704,160
formal_id_length_sweep,EMDT,28,1966703577,3463632680,192
formal_id_length_sweep,EMDT,28,1995825189,3663721217,256
formal_id_length_sweep,EMDT,29,1265055674,773561931,20
formal_id_length_sweep,EMDT,29,2987389979,533800236,40
formal_id_length_sweep,EMDT,29,4140736029,98252138,60
formal_id_length_sweep,EMDT,29,3405593828,980850935,80
formal_id_length_sweep,EMDT,29,949597425,2620276051,96
formal_id_length_sweep,EMDT,29,1555064327,2906952332,100
formal_id_length_sweep,EMDT,29,101472845,4209260995,128
formal_id_length_sweep,EMDT,29,915891348,4171333260,160
formal_id_length_sweep,EMDT,29,3370608000,3485307663,192
formal_id_length_sweep,EMDT,29,1173874962,3462717976,256
formal_id_length_sweep,EMDT,30,1405648522,711755002,20
formal_id_length_sweep,EMDT,30,4189606703,20897660,40
formal_id_length_sweep,EMDT,30,2236359360,747956463,60
formal_id_length_sweep,EMDT,30,905701959,4042808262,80
formal_id_length_sweep,EMDT,30,305866955,839741233,96
formal_id_length_sweep,EMDT,30,1208203518,1852770366,100
formal_id_length_sweep,EMDT,30,386525980,1834429447,128
formal_id_length_sweep,EMDT,30,907918313,1308739573,160
formal_id_length_sweep,EMDT,30,1920076833,610257646,192
formal_id_length_sweep,EMDT,30,1515510919,2898375816,256
formal_id_length_sweep,EMDT,31,338787315,2802252454,20
formal_id_length_sweep,EMDT,31,498585599,2535295441,40
formal_id_length_sweep,EMDT,31,3263371041,3299257144,60
formal_id_length_sweep,EMDT,31,569202280,348531659,80
formal_id_length_sweep,EMDT,31,1260126129,2710257390,96
formal_id_length_sweep,EMDT,31,1763821128,383939423,100
formal_id_length_sweep,EMDT,31,4037673289,3603111024,128
formal_id_length_sweep,EMDT,31,1927590570,3536657008,160
formal_id_length_sweep,EMDT,31,3851068296,3805378492,192
formal_id_length_sweep,EMDT,31,2019362312,3124978188,256
formal_id_length_sweep,EMDT,32,2372887675,2602875540,20
formal_id_length_sweep,EMDT,32,1298090251,4251567512,40
formal_id_length_sweep,EMDT,32,1683584658,3581988999,60
formal_id_length_sweep,EMDT,32,1095417216,2302772388,80
formal_id_length_sweep,EMDT,32,2265554124,2374040174,96
formal_id_length_sweep,EMDT,32,1360602740,20037335,100
formal_id_length_sweep,EMDT,32,3532068426,3420233740,128
formal_id_length_sweep,EMDT,32,3272852731,875083466,160
formal_id_length_sweep,EMDT,32,406443290,1068155647,192
formal_id_length_sweep,EMDT,32,390760088,58390849,256
formal_id_length_sweep,EMDT,33,3639392376,3889319984,20
formal_id_length_sweep,EMDT,33,2067103324,2274261373,40
formal_id_length_sweep,EMDT,33,3410737478,2976299676,60
formal_id_length_sweep,EMDT,33,1539266752,2270172967,80
formal_id_length_sweep,EMDT,33,624849251,3602590680,96
formal_id_length_sweep,EMDT,33,2223752849,668519240,100
formal_id_length_sweep,EMDT,33,165640310,2461230564,128
formal_id_length_sweep,EMDT,33,2339622505,696174986,160
formal_id_length_sweep,EMDT,33,4206893019,1331895414,192
formal_id_length_sweep,EMDT,33,1639674763,532963762,256
formal_id_length_sweep,EMDT,34,3752954330,680758926,20
formal_id_length_sweep,EMDT,34,2546508928,3819051810,40
formal_id_length_sweep,EMDT,34,66927409,857262708,60
formal_id_length_sweep,EMDT,34,3863928290,463719912,80
formal_id_length_sweep,EMDT,34,2538622943,2956209297,96
formal_id_length_sweep,EMDT,34,1726428416,1580017607,100
formal_id_length_sweep,EMDT,34,233659342,105249199,128
formal_id_length_sweep,EMDT,34,747531232,2977708064,160
formal_id_length_sweep,EMDT,34,1026483804,1654745595,192
formal_id_length_sweep,EMDT,34,1202297178,3051352606,256
formal_id_length_sweep,EMDT,35,2890531390,318395601,20
formal_id_length_sweep,EMDT,35,3859759531,3760536337,40
formal_id_length_sweep,EMDT,35,2458632215,888169527,60
formal_id_length_sweep,EMDT,35,1147643091,175629570,80
formal_id_length_sweep,EMDT,35,494488086,548505204,96
formal_id_length_sweep,EMDT,35,759726048,3951324896,100
formal_id_length_sweep,EMDT,35,3828104277,763494681,128
formal_id_length_sweep,EMDT,35,281902067,1282363074,160
formal_id_length_sweep,EMDT,35,723787142,498241742,192
formal_id_length_sweep,EMDT,35,1871597334,2692798939,256
formal_id_length_sweep,EMDT,36,2618949986,3303404075,20
formal_id_length_sweep,EMDT,36,3999292794,2422008284,40
formal_id_length_sweep,EMDT,36,2608047520,3981417958,60
formal_id_length_sweep,EMDT,36,1565658348,3652472346,80
formal_id_length_sweep,EMDT,36,1729117906,2807667223,96
formal_id_length_sweep,EMDT,36,1689399461,1316246998,100
formal_id_length_sweep,EMDT,36,2569309401,2585522393,128
formal_id_length_sweep,EMDT,36,1168342078,1863821998,160
formal_id_length_sweep,EMDT,36,4110026418,2798851881,192
formal_id_length_sweep,EMDT,36,3083548185,151525142,256
formal_id_length_sweep,EMDT,37,914573255,1169447528,20
formal_id_length_sweep,EMDT,37,3683619215,5920989,40
formal_id_length_sweep,EMDT,37,4074268167,3782110496,60
formal_id_length_sweep,EMDT,37,2342205768,1405927899,80
formal_id_length_sweep,EMDT,37,1522657298,3963968306,96
formal_id_length_sweep,EMDT,37,3363077235,2298322878,100
formal_id_length_sweep,EMDT,37,1345069188,3292759223,128
formal_id_length_sweep,EMDT,37,1557058044,1169396546,160
formal_id_length_sweep,EMDT,37,2407785304,2782079459,192
formal_id_length_sweep,EMDT,37,456092532,2583879671,256
formal_id_length_sweep,EMDT,38,463299081,97771571,20
formal_id_length_sweep,EMDT,38,3765522801,1540505162,40
formal_id_length_sweep,EMDT,38,582684834,1515530828,60
formal_id_length_sweep,EMDT,38,1534630818,2841359503,80
formal_id_length_sweep,EMDT,38,3342175643,2902290376,96
formal_id_length_sweep,EMDT,38,4227552383,3665688626,100
formal_id_length_sweep,EMDT,38,2693492944,1839293479,128
formal_id_length_sweep,EMDT,38,3384057875,3929790936,160
formal_id_length_sweep,EMDT,38,896456331,4275787239,192
formal_id_length_sweep,EMDT,38,1385392060,2817221315,256
formal_id_length_sweep,EMDT,39,961353927,600551337,20
formal_id_length_sweep,EMDT,39,1943849482,4027019431,40
formal_id_length_sweep,EMDT,39,3800510185,1698473740,60
formal_id_length_sweep,EMDT,39,1154136017,3473863759,80
formal_id_length_sweep,EMDT,39,2041610322,267016303,96
formal_id_length_sweep,EMDT,39,4124585325,3297870422,100
formal_id_length_sweep,EMDT,39,1561511251,962340602,128
formal_id_length_sweep,EMDT,39,3321238138,1472425341,160
formal_id_length_sweep,EMDT,39,1535225800,3941358240,192
formal_id_length_sweep,EMDT,39,1141611432,2061722933,256
formal_id_length_sweep,EMDT,40,1594597739,1288311697,20
formal_id_length_sweep,EMDT,40,2196734206,3106317472,40
formal_id_length_sweep,EMDT,40,1901548672,2808743853,60
formal_id_length_sweep,EMDT,40,2061132202,90457609,80
formal_id_length_sweep,EMDT,40,2934930705,4159429239,96
formal_id_length_sweep,EMDT,40,449859025,1423846396,100
formal_id_length_sweep,EMDT,40,1702748032,2399899241,128
formal_id_length_sweep,EMDT,40,1376518921,583732588,160
formal_id_length_sweep,EMDT,40,311407170,270647464,192
formal_id_length_sweep,EMDT,40,2782796562,3468527494,256
formal_id_length_sweep,EMDT,41,3957795199,3737770211,20
formal_id_length_sweep,EMDT,41,3825560531,3493501567,40
formal_id_length_sweep,EMDT,41,1353534015,2954085501,60
formal_id_length_sweep,EMDT,41,2935876177,4173658785,80
formal_id_length_sweep,EMDT,41,289388657,1221271537,96
formal_id_length_sweep,EMDT,41,195955706,1851669191,100
formal_id_length_sweep,EMDT,41,3667011643,2306307310,128
formal_id_length_sweep,EMDT,41,2096428599,2563443890,160
formal_id_length_sweep,EMDT,41,4234513742,2848910393,192
formal_id_length_sweep,EMDT,41,93922502,1207588492,256
formal_id_length_sweep,EMDT,42,611594096,974010385,20
formal_id_length_sweep,EMDT,42,1186080764,2822219167,40
formal_id_length_sweep,EMDT,42,4174937035,1730507288,60
formal_id_length_sweep,EMDT,42,600805140,437619837,80
formal_id_length_sweep,EMDT,42,3931197386,566572353,96
formal_id_length_sweep,EMDT,42,1916285082,1412064643,100
formal_id_length_sweep,EMDT,42,1153453263,835584002,128
formal_id_length_sweep,EMDT,42,1017870458,2422430549,160
formal_id_length_sweep,EMDT,42,1382676058,2954722430,192
formal_id_length_sweep,EMDT,42,3643858683,1458891641,256
formal_id_length_sweep,EMDT,43,1083430060,2132257759,20
formal_id_length_sweep,EMDT,43,1636663436,2540008739,40
formal_id_length_sweep,EMDT,43,1450811516,1924170264,60
formal_id_length_sweep,EMDT,43,3130144389,883421697,80
formal_id_length_sweep,EMDT,43,34088026,692848381,96
formal_id_length_sweep,EMDT,43,1504115291,3532688197,100
formal_id_length_sweep,EMDT,43,2355833024,1871140396,128
formal_id_length_sweep,EMDT,43,142758089,2862867931,160
formal_id_length_sweep,EMDT,43,2048855895,4154633374,192
formal_id_length_sweep,EMDT,43,1445629864,3809140442,256
formal_id_length_sweep,EMDT,44,1685517026,1487204472,20
formal_id_length_sweep,EMDT,44,2452940343,2139682172,40
formal_id_length_sweep,EMDT,44,3739718055,3833061943,60
formal_id_length_sweep,EMDT,44,566392430,1881011502,80
formal_id_length_sweep,EMDT,44,513838650,3174591968,96
formal_id_length_sweep,EMDT,44,1401714156,862644917,100
formal_id_length_sweep,EMDT,44,93619563,2995270813,128
formal_id_length_sweep,EMDT,44,649128258,2684653805,160
formal_id_length_sweep,EMDT,44,39113712,1866535294,192
formal_id_length_sweep,EMDT,44,2905850660,1750774059,256
formal_id_length_sweep,EMDT,45,2794529431,2966857706,20
formal_id_length_sweep,EMDT,45,1222844799,2953441716,40
formal_id_length_sweep,EMDT,45,3228046417,2541125295,60
formal_id_length_sweep,EMDT,45,4014926531,3931660073,80
formal_id_length_sweep,EMDT,45,73451943,2174737682,96
formal_id_length_sweep,EMDT,45,303203638,3802817980,100
formal_id_length_sweep,EMDT,45,3710678357,298458667,128
formal_id_length_sweep,EMDT,45,3643062280,2859136529,160
formal_id_length_sweep,EMDT,45,3512622617,2326037402,192
formal_id_length_sweep,EMDT,45,2958495669,2885973595,256
formal_id_length_sweep,EMDT,46,3177951371,1854361996,20
formal_id_length_sweep,EMDT,46,280424639,3913419150,40
formal_id_length_sweep,EMDT,46,3246406024,1018479943,60
formal_id_length_sweep,EMDT,46,304230472,1416568393,80
formal_id_length_sweep,EMDT,46,2025633173,461497111,96
formal_id_length_sweep,EMDT,46,3845386591,3387858764,100
formal_id_length_sweep,EMDT,46,1923096838,486245405,128
formal_id_length_sweep,EMDT,46,967210689,1021782135,160
formal_id_length_sweep,EMDT,46,1354203506,1484591619,192
formal_id_length_sweep,EMDT,46,3692034352,644216780,256
formal_id_length_sweep,EMDT,47,4247619817,1561809924,20
formal_id_length_sweep,EMDT,47,1522059884,1082119965,40
formal_id_length_sweep,EMDT,47,1627436536,822417500,60
formal_id_length_sweep,EMDT,47,2479907811,2499822735,80
formal_id_length_sweep,EMDT,47,3783611845,2139693492,96
formal_id_length_sweep,EMDT,47,3875778528,109623496,100
formal_id_length_sweep,EMDT,47,324831139,538624940,128
formal_id_length_sweep,EMDT,47,2402165827,4070328181,160
formal_id_length_sweep,EMDT,47,1954624014,316328136,192
formal_id_length_sweep,EMDT,47,1069889121,2930833278,256
formal_id_length_sweep,EMDT,48,1536423647,1471816416,20
formal_id_length_sweep,EMDT,48,1215447197,3963935395,40
formal_id_length_sweep,EMDT,48,2664048286,3175223487,60
formal_id_length_sweep,EMDT,48,2184705360,214154776,80
formal_id_length_sweep,EMDT,48,1197694827,4010562777,96
formal_id_length_sweep,EMDT,48,743938701,1495500910,100
formal_id_length_sweep,EMDT,48,657722500,56774808,128
formal_id_length_sweep,EMDT,48,2570756514,301171257,160
formal_id_length_sweep,EMDT,48,1289966514,1696748385,192
formal_id_length_sweep,EMDT,48,2739515254,2047308899,256
formal_id_length_sweep,EMDT,49,4040440597,3256502311,20
formal_id_length_sweep,EMDT,49,3080157852,2147568955,40
formal_id_length_sweep,EMDT,49,3795048292,2857539517,60
formal_id_length_sweep,EMDT,49,3204201576,3271898827,80
formal_id_length_sweep,EMDT,49,3088740460,1064787784,96
formal_id_length_sweep,EMDT,49,3984571849,3539207028,100
formal_id_length_sweep,EMDT,49,3425662313,2903080949,128
formal_id_length_sweep,EMDT,49,3208396941,2557182043,160
formal_id_length_sweep,EMDT,49,2843146286,410232836,192
formal_id_length_sweep,EMDT,49,251992345,246918868,256
formal_id_length_sweep,FHS_RAC,0,1211239912,1180848586,20
formal_id_length_sweep,FHS_RAC,0,696364180,2229463005,40
formal_id_length_sweep,FHS_RAC,0,303552650,2190743091,60
formal_id_length_sweep,FHS_RAC,0,4021583103,275802222,80
formal_id_length_sweep,FHS_RAC,0,552297578,3886515585,96
formal_id_length_sweep,FHS_RAC,0,3807197959,218117720,100
formal_id_length_sweep,FHS_RAC,0,2154439261,3877048154,128
formal_id_length_sweep,FHS_RAC,0,53669434,1769372161,160
formal_id_length_sweep,FHS_RAC,0,779954931,4269851917,192
formal_id_length_sweep,FHS_RAC,0,4141531494,3785807703,256
formal_id_length_sweep,FHS_RAC,1,1858058983,3158521968,20
formal_id_length_sweep,FHS_RAC,1,3122866472,4144153389,40
formal_id_length_sweep,FHS_RAC,1,3188470597,2465794630,60
formal_id_length_sweep,FHS_RAC,1,475761283,3827124411,80
formal_id_length_sweep,FHS_RAC,1,685656045,4072779239,96
formal_id_length_sweep,FHS_RAC,1,540925788,2173676779,100
formal_id_length_sweep,FHS_RAC,1,942985826,926513964,128
formal_id_length_sweep,FHS_RAC,1,2817071578,431146081,160
formal_id_length_sweep,FHS_RAC,1,3051988228,596477749,192
formal_id_length_sweep,FHS_RAC,1,2260082378,3287669901,256
formal_id_length_sweep,FHS_RAC,2,3912097829,2076979335,20
formal_id_length_sweep,FHS_RAC,2,2023914469,317107006,40
formal_id_length_sweep,FHS_RAC,2,847643342,3021097567,60
formal_id_length_sweep,FHS_RAC,2,3958863349,1461153646,80
formal_id_length_sweep,FHS_RAC,2,3666925827,4053514043,96
formal_id_length_sweep,FHS_RAC,2,3946500883,1447382862,100
formal_id_length_sweep,FHS_RAC,2,3385053515,61522885,128
formal_id_length_sweep,FHS_RAC,2,2634534493,2753090928,160
formal_id_length_sweep,FHS_RAC,2,3982337167,793760911,192
formal_id_length_sweep,FHS_RAC,2,2754403413,2623977471,256
formal_id_length_sweep,FHS_RAC,3,3020249695,913593003,20
formal_id_length_sweep,FHS_RAC,3,77608284,2267425614,40
formal_id_length_sweep,FHS_RAC,3,3444491863,2216700619,60
formal_id_length_sweep,FHS_RAC,3,550340296,1079597050,80
formal_id_length_sweep,FHS_RAC,3,2694801678,4066563121,96
formal_id_length_sweep,FHS_RAC,3,2158927053,45545960,100
formal_id_length_sweep,FHS_RAC,3,3156282246,3531439511,128
formal_id_length_sweep,FHS_RAC,3,744668023,1903132338,160
formal_id_length_sweep,FHS_RAC,3,387767481,2407635337,192
formal_id_length_sweep,FHS_RAC,3,2209102266,919402266,256
formal_id_length_sweep,FHS_RAC,4,2125843681,3101884818,20
formal_id_length_sweep,FHS_RAC,4,2758295573,594936230,40
formal_id_length_sweep,FHS_RAC,4,1453674214,745214129,60
formal_id_length_sweep,FHS_RAC,4,3544085237,571329717,80
formal_id_length_sweep,FHS_RAC,4,703264642,1338176484,96
formal_id_length_sweep,FHS_RAC,4,3484452798,779343682,100
formal_id_length_sweep,FHS_RAC,4,2319110515,1590966155,128
formal_id_length_sweep,FHS_RAC,4,154816862,1872049141,160
formal_id_length_sweep,FHS_RAC,4,569991421,3649840520,192
formal_id_length_sweep,FHS_RAC,4,3519591180,1916194504,256
formal_id_length_sweep,FHS_RAC,5,1374789481,3615926519,20
formal_id_length_sweep,FHS_RAC,5,3375286769,3518257201,40
formal_id_length_sweep,FHS_RAC,5,10692317,2852537747,60
formal_id_length_sweep,FHS_RAC,5,568073676,4230622373,80
formal_id_length_sweep,FHS_RAC,5,1660733732,2627212591,96
formal_id_length_sweep,FHS_RAC,5,284186581,1499945466,100
formal_id_length_sweep,FHS_RAC,5,3069301506,396365749,128
formal_id_length_sweep,FHS_RAC,5,2155917258,791861239,160
formal_id_length_sweep,FHS_RAC,5,20336627,3246997013,192
formal_id_length_sweep,FHS_RAC,5,2575248428,3300743655,256
formal_id_length_sweep,FHS_RAC,6,2194947846,2451150669,20
formal_id_length_sweep,FHS_RAC,6,218666516,906281190,40
formal_id_length_sweep,FHS_RAC,6,1781867148,240415064,60
formal_id_length_sweep,FHS_RAC,6,179051958,3577623507,80
formal_id_length_sweep,FHS_RAC,6,1661541949,1183850947,96
formal_id_length_sweep,FHS_RAC,6,1060733486,2059265659,100
formal_id_length_sweep,FHS_RAC,6,148694115,836218410,128
formal_id_length_sweep,FHS_RAC,6,3486673516,951604611,160
formal_id_length_sweep,FHS_RAC,6,29087867,102500618,192
formal_id_length_sweep,FHS_RAC,6,2134829016,2967622656,256
formal_id_length_sweep,FHS_RAC,7,1968542344,510167657,20
formal_id_length_sweep,FHS_RAC,7,86975461,1832218955,40
formal_id_length_sweep,FHS_RAC,7,4252023073,1439798152,60
formal_id_length_sweep,FHS_RAC,7,2196118756,3929253576,80
formal_id_length_sweep,FHS_RAC,7,3453428222,1142274533,96
formal_id_length_sweep,FHS_RAC,7,192241861,609195677,100
formal_id_length_sweep,FHS_RAC,7,782504862,3883127318,128
formal_id_length_sweep,FHS_RAC,7,186637928,3266327481,160
formal_id_length_sweep,FHS_RAC,7,153890269,2084943407,192
formal_id_length_sweep,FHS_RAC,7,2781431531,2130990773,256
formal_id_length_sweep,FHS_RAC,8,780756804,2096955222,20
formal_id_length_sweep,FHS_RAC,8,3606649690,2015021332,40
formal_id_length_sweep,FHS_RAC,8,2589800694,3742302285,60
formal_id_length_sweep,FHS_RAC,8,1788852059,1153203368,80
formal_id_length_sweep,FHS_RAC,8,3723126419,1324929568,96
formal_id_length_sweep,FHS_RAC,8,535821057,2305847280,100
formal_id_length_sweep,FHS_RAC,8,4000672671,199556145,128
formal_id_length_sweep,FHS_RAC,8,3704916549,348063773,160
formal_id_length_sweep,FHS_RAC,8,291447698,1015053368,192
formal_id_length_sweep,FHS_RAC,8,1582558263,3367907181,256
formal_id_length_sweep,FHS_RAC,9,677046796,2513726798,20
formal_id_length_sweep,FHS_RAC,9,3548368820,2431326790,40
formal_id_length_sweep,FHS_RAC,9,2139438594,1961161977,60
formal_id_length_sweep,FHS_RAC,9,3814362992,908412097,80
formal_id_length_sweep,FHS_RAC,9,2990994785,2727344153,96
formal_id_length_sweep,FHS_RAC,9,1255343242,627098675,100
formal_id_length_sweep,FHS_RAC,9,1182994603,1216234407,128
formal_id_length_sweep,FHS_RAC,9,3362835039,846876599,160
formal_id_length_sweep,FHS_RAC,9,2878726668,1573797571,192
formal_id_length_sweep,FHS_RAC,9,2567001242,2573127183,256
formal_id_length_sweep,FHS_RAC,10,3350676346,2578143409,20
formal_id_length_sweep,FHS_RAC,10,4273957529,3526830645,40
formal_id_length_sweep,FHS_RAC,10,859414723,150786672,60
formal_id_length_sweep,FHS_RAC,10,2712714715,3920110663,80
formal_id_length_sweep,FHS_RAC,10,4221009471,4097214576,96
formal_id_length_sweep,FHS_RAC,10,427108240,2783491838,100
formal_id_length_sweep,FHS_RAC,10,1147378182,3033384012,128
formal_id_length_sweep,FHS_RAC,10,2151002067,661866840,160
formal_id_length_sweep,FHS_RAC,10,4224636040,2359294646,192
formal_id_length_sweep,FHS_RAC,10,1796061815,1232549838,256
formal_id_length_sweep,FHS_RAC,11,2490753198,2125989614,20
formal_id_length_sweep,FHS_RAC,11,2336871534,878497086,40
formal_id_length_sweep,FHS_RAC,11,3648448748,152467658,60
formal_id_length_sweep,FHS_RAC,11,3315431236,402223421,80
formal_id_length_sweep,FHS_RAC,11,824094583,521216805,96
formal_id_length_sweep,FHS_RAC,11,3787346465,3787804593,100
formal_id_length_sweep,FHS_RAC,11,1797854318,1482018521,128
formal_id_length_sweep,FHS_RAC,11,17911564,474628082,160
formal_id_length_sweep,FHS_RAC,11,2428770206,3535793052,192
formal_id_length_sweep,FHS_RAC,11,1019221399,1617809601,256
formal_id_length_sweep,FHS_RAC,12,2746534617,3510693106,20
formal_id_length_sweep,FHS_RAC,12,2336016540,1247783057,40
formal_id_length_sweep,FHS_RAC,12,4043250653,2255132347,60
formal_id_length_sweep,FHS_RAC,12,3357077615,1452948089,80
formal_id_length_sweep,FHS_RAC,12,1798702373,2333296146,96
formal_id_length_sweep,FHS_RAC,12,2505100895,1031295238,100
formal_id_length_sweep,FHS_RAC,12,299632783,4276369152,128
formal_id_length_sweep,FHS_RAC,12,2185278263,2532728486,160
formal_id_length_sweep,FHS_RAC,12,2949904956,2577081233,192
formal_id_length_sweep,FHS_RAC,12,1243968233,2817030588,256
formal_id_length_sweep,FHS_RAC,13,3236656474,2383503216,20
formal_id_length_sweep,FHS_RAC,13,29570997,945210494,40
formal_id_length_sweep,FHS_RAC,13,2865977281,1975385432,60
formal_id_length_sweep,FHS_RAC,13,2393336731,1603052985,80
formal_id_length_sweep,FHS_RAC,13,757198453,3611329170,96
formal_id_length_sweep,FHS_RAC,13,1078889665,846329200,100
formal_id_length_sweep,FHS_RAC,13,63278972,321049657,128
formal_id_length_sweep,FHS_RAC,13,1307331162,4290710503,160
formal_id_length_sweep,FHS_RAC,13,1825645343,3874551978,192
formal_id_length_sweep,FHS_RAC,13,2227501446,2068960079,256
formal_id_length_sweep,FHS_RAC,14,3611991455,4245978387,20
formal_id_length_sweep,FHS_RAC,14,1847766478,312954690,40
formal_id_length_sweep,FHS_RAC,14,1463096185,3931547364,60
formal_id_length_sweep,FHS_RAC,14,6349715,4012118045,80
formal_id_length_sweep,FHS_RAC,14,2804041708,2545545113,96
formal_id_length_sweep,FHS_RAC,14,4187341960,991903881,100
formal_id_length_sweep,FHS_RAC,14,4162478364,3782828270,128
formal_id_length_sweep,FHS_RAC,14,2158669349,2812500473,160
formal_id_length_sweep,FHS_RAC,14,1520350337,1187950474,192
formal_id_length_sweep,FHS_RAC,14,3916047680,1525088531,256
formal_id_length_sweep,FHS_RAC,15,2815521154,861625004,20
formal_id_length_sweep,FHS_RAC,15,849565309,1267416514,40
formal_id_length_sweep,FHS_RAC,15,2328836271,856824756,60
formal_id_length_sweep,FHS_RAC,15,1178804250,1124652728,80
formal_id_length_sweep,FHS_RAC,15,2088092778,1205322062,96
formal_id_length_sweep,FHS_RAC,15,50143366,4019911135,100
formal_id_length_sweep,FHS_RAC,15,3851272941,3784490739,128
formal_id_length_sweep,FHS_RAC,15,2772590449,2595195446,160
formal_id_length_sweep,FHS_RAC,15,3468533574,4109248784,192
formal_id_length_sweep,FHS_RAC,15,4266862493,2111231746,256
formal_id_length_sweep,FHS_RAC,16,2222097227,397898141,20
formal_id_length_sweep,FHS_RAC,16,2961363353,2591450389,40
formal_id_length_sweep,FHS_RAC,16,3731080181,1826260856,60
formal_id_length_sweep,FHS_RAC,16,395358419,4228182044,80
formal_id_length_sweep,FHS_RAC,16,1797785561,2645412650,96
formal_id_length_sweep,FHS_RAC,16,567398321,776550632,100
formal_id_length_sweep,FHS_RAC,16,2300812766,1620638434,128
formal_id_length_sweep,FHS_RAC,16,4003677933,3601386418,160
formal_id_length_sweep,FHS_RAC,16,945638788,485016057,192
formal_id_length_sweep,FHS_RAC,16,531845027,230726686,256
formal_id_length_sweep,FHS_RAC,17,3184588927,158572549,20
formal_id_length_sweep,FHS_RAC,17,2306426018,344031908,40
formal_id_length_sweep,FHS_RAC,17,1911944603,4192646389,60
formal_id_length_sweep,FHS_RAC,17,1150207896,3968840955,80
formal_id_length_sweep,FHS_RAC,17,2511067819,3709129953,96
formal_id_length_sweep,FHS_RAC,17,3981697733,2217925617,100
formal_id_length_sweep,FHS_RAC,17,4017608341,2976484478,128
formal_id_length_sweep,FHS_RAC,17,1981594178,287424532,160
formal_id_length_sweep,FHS_RAC,17,552471096,2291073471,192
formal_id_length_sweep,FHS_RAC,17,2532058873,3622140272,256
formal_id_length_sweep,FHS_RAC,18,3767505925,3422990409,20
formal_id_length_sweep,FHS_RAC,18,400913036,556370764,40
formal_id_length_sweep,FHS_RAC,18,3166031358,309063183,60
formal_id_length_sweep,FHS_RAC,18,918748283,699670198,80
formal_id_length_sweep,FHS_RAC,18,2464891821,2363934518,96
formal_id_length_sweep,FHS_RAC,18,3495563128,841401088,100
formal_id_length_sweep,FHS_RAC,18,4244119286,3245695624,128
formal_id_length_sweep,FHS_RAC,18,3477284335,4085959087,160
formal_id_length_sweep,FHS_RAC,18,1052282650,3190278064,192
formal_id_length_sweep,FHS_RAC,18,3107381882,3474066677,256
formal_id_length_sweep,FHS_RAC,19,697133743,1751797010,20
formal_id_length_sweep,FHS_RAC,19,2135059601,1360245988,40
formal_id_length_sweep,FHS_RAC,19,1512288220,3376114260,60
formal_id_length_sweep,FHS_RAC,19,4129093465,2643155161,80
formal_id_length_sweep,FHS_RAC,19,2110929645,1792763221,96
formal_id_length_sweep,FHS_RAC,19,274213287,1256042035,100
formal_id_length_sweep,FHS_RAC,19,3541945278,2950694814,128
formal_id_length_sweep,FHS_RAC,19,1165175147,1384738776,160
formal_id_length_sweep,FHS_RAC,19,3956304976,4089918401,192
formal_id_length_sweep,FHS_RAC,19,1131150704,679987706,256
formal_id_length_sweep,FHS_RAC,20,4037893529,2774187623,20
formal_id_length_sweep,FHS_RAC,20,2679116664,3556301447,40
formal_id_length_sweep,FHS_RAC,20,2151116833,572290896,60
formal_id_length_sweep,FHS_RAC,20,2824035603,2403842753,80
formal_id_length_sweep,FHS_RAC,20,2115596098,2692171590,96
formal_id_length_sweep,FHS_RAC,20,3417556899,2227630670,100
formal_id_length_sweep,FHS_RAC,20,3341502038,699146280,128
formal_id_length_sweep,FHS_RAC,20,16035416,1429364273,160
formal_id_length_sweep,FHS_RAC,20,2280268056,2821432730,192
formal_id_length_sweep,FHS_RAC,20,299398699,4118033959,256
formal_id_length_sweep,FHS_RAC,21,1310501261,4151869074,20
formal_id_length_sweep,FHS_RAC,21,3858087420,3201663356,40
formal_id_length_sweep,FHS_RAC,21,3181684721,293133252,60
formal_id_length_sweep,FHS_RAC,21,1072691792,1703929879,80
formal_id_length_sweep,FHS_RAC,21,3104338274,3066500435,96
formal_id_length_sweep,FHS_RAC,21,200311767,1638602671,100
formal_id_length_sweep,FHS_RAC,21,2904687119,2751962625,128
formal_id_length_sweep,FHS_RAC,21,4077270677,821160019,160
formal_id_length_sweep,FHS_RAC,21,3967336087,2347719507,192
formal_id_length_sweep,FHS_RAC,21,215746801,2113873282,256
formal_id_length_sweep,FHS_RAC,22,686001247,2768652755,20
formal_id_length_sweep,FHS_RAC,22,3025657408,3546397749,40
formal_id_length_sweep,FHS_RAC,22,1606209987,3497123536,60
formal_id_length_sweep,FHS_RAC,22,464922879,71030398,80
formal_id_length_sweep,FHS_RAC,22,1670193662,1335612909,96
formal_id_length_sweep,FHS_RAC,22,2178369009,2898222599,100
formal_id_length_sweep,FHS_RAC,22,1624420903,2453279193,128
formal_id_length_sweep,FHS_RAC,22,3560607004,1385929113,160
formal_id_length_sweep,FHS_RAC,22,1261682843,1463807721,192
formal_id_length_sweep,FHS_RAC,22,3764176582,3372580397,256
formal_id_length_sweep,FHS_RAC,23,2887652093,3853673934,20
formal_id_length_sweep,FHS_RAC,23,57087796,2537151751,40
formal_id_length_sweep,FHS_RAC,23,3739220578,630862359,60
formal_id_length_sweep,FHS_RAC,23,2761571220,2336181086,80
formal_id_length_sweep,FHS_RAC,23,74892211,83751682,96
formal_id_length_sweep,FHS_RAC,23,2217726525,2889800751,100
formal_id_length_sweep,FHS_RAC,23,1825361325,857041295,128
formal_id_length_sweep,FHS_RAC,23,852575468,4267995158,160
formal_id_length_sweep,FHS_RAC,23,3865261448,2785152054,192
formal_id_length_sweep,FHS_RAC,23,3960437060,1658351047,256
formal_id_length_sweep,FHS_RAC,24,768683018,1506728355,20
formal_id_length_sweep,FHS_RAC,24,1272550774,444130196,40
formal_id_length_sweep,FHS_RAC,24,2680931880,556100914,60
formal_id_length_sweep,FHS_RAC,24,4076009818,2730343476,80
formal_id_length_sweep,FHS_RAC,24,974644233,403336290,96
formal_id_length_sweep,FHS_RAC,24,735854507,2910613162,100
formal_id_length_sweep,FHS_RAC,24,3121950890,2279406908,128
formal_id_length_sweep,FHS_RAC,24,1404714039,2638673019,160
formal_id_length_sweep,FHS_RAC,24,3997776277,1024278957,192
formal_id_length_sweep,FHS_RAC,24,374556454,1193848193,256
formal_id_length_sweep,FHS_RAC,25,4104404572,2264198016,20
formal_id_length_sweep,FHS_RAC,25,1406153004,1053591392,40
formal_id_length_sweep,FHS_RAC,25,2880627581,570807678,60
formal_id_length_sweep,FHS_RAC,25,3888551282,718546804,80
formal_id_length_sweep,FHS_RAC,25,237287140,598905857,96
formal_id_length_sweep,FHS_RAC,25,3339197071,1795924343,100
formal_id_length_sweep,FHS_RAC,25,3115380797,3826890343,128
formal_id_length_sweep,FHS_RAC,25,578541335,799047020,160
formal_id_length_sweep,FHS_RAC,25,2684305920,3284543539,192
formal_id_length_sweep,FHS_RAC,25,3916127239,2887745780,256
formal_id_length_sweep,FHS_RAC,26,1710307790,3005081781,20
formal_id_length_sweep,FHS_RAC,26,923319384,3390644111,40
formal_id_length_sweep,FHS_RAC,26,1772107280,2836968797,60
formal_id_length_sweep,FHS_RAC,26,2295208114,3434971192,80
formal_id_length_sweep,FHS_RAC,26,2208628953,2760709415,96
formal_id_length_sweep,FHS_RAC,26,3208220718,360915214,100
formal_id_length_sweep,FHS_RAC,26,2337441380,2514453729,128
formal_id_length_sweep,FHS_RAC,26,4231314494,2290848850,160
formal_id_length_sweep,FHS_RAC,26,1302319150,1268276599,192
formal_id_length_sweep,FHS_RAC,26,3402579263,905143012,256
formal_id_length_sweep,FHS_RAC,27,1254764016,1989381346,20
formal_id_length_sweep,FHS_RAC,27,3805576993,4010812454,40
formal_id_length_sweep,FHS_RAC,27,419164771,1032013760,60
formal_id_length_sweep,FHS_RAC,27,303438963,3518244408,80
formal_id_length_sweep,FHS_RAC,27,2719593811,1467913018,96
formal_id_length_sweep,FHS_RAC,27,1168207028,3334996468,100
formal_id_length_sweep,FHS_RAC,27,2918986739,2124842467,128
formal_id_length_sweep,FHS_RAC,27,3968305513,3132205945,160
formal_id_length_sweep,FHS_RAC,27,1747786600,1992352387,192
formal_id_length_sweep,FHS_RAC,27,2032304711,1264266797,256
formal_id_length_sweep,FHS_RAC,28,3100428891,392122486,20
formal_id_length_sweep,FHS_RAC,28,701914681,3407120636,40
formal_id_length_sweep,FHS_RAC,28,415181588,108442239,60
formal_id_length_sweep,FHS_RAC,28,896518539,606975259,80
formal_id_length_sweep,FHS_RAC,28,2330850669,2109359620,96
formal_id_length_sweep,FHS_RAC,28,4293839371,46411501,100
formal_id_length_sweep,FHS_RAC,28,4233518068,278461568,128
formal_id_length_sweep,FHS_RAC,28,1490032402,1450596060,160
formal_id_length_sweep,FHS_RAC,28,1966703577,3571842464,192
formal_id_length_sweep,FHS_RAC,28,1995825189,4271500510,256
formal_id_length_sweep,FHS_RAC,29,1265055674,4077449158,20
formal_id_length_sweep,FHS_RAC,29,2987389979,1196930404,40
formal_id_length_sweep,FHS_RAC,29,4140736029,796953586,60
formal_id_length_sweep,FHS_RAC,29,3405593828,896639906,80
formal_id_length_sweep,FHS_RAC,29,949597425,493125278,96
formal_id_length_sweep,FHS_RAC,29,1555064327,707613765,100
formal_id_length_sweep,FHS_RAC,29,101472845,4269581240,128
formal_id_length_sweep,FHS_RAC,29,915891348,1661582142,160
formal_id_length_sweep,FHS_RAC,29,3370608000,3345928827,192
formal_id_length_sweep,FHS_RAC,29,1173874962,281306856,256
formal_id_length_sweep,FHS_RAC,30,1405648522,1115292527,20
formal_id_length_sweep,FHS_RAC,30,4189606703,1325079721,40
formal_id_length_sweep,FHS_RAC,30,2236359360,3187656319,60
formal_id_length_sweep,FHS_RAC,30,905701959,1761601562,80
formal_id_length_sweep,FHS_RAC,30,305866955,2144922415,96
formal_id_length_sweep,FHS_RAC,30,1208203518,4024192757,100
formal_id_length_sweep,FHS_RAC,30,386525980,2255318197,128
formal_id_length_sweep,FHS_RAC,30,907918313,952862000,160
formal_id_length_sweep,FHS_RAC,30,1920076833,896173582,192
formal_id_length_sweep,FHS_RAC,30,1515510919,846598974,256
formal_id_length_sweep,FHS_RAC,31,338787315,1651181983,20
formal_id_length_sweep,FHS_RAC,31,498585599,1993723050,40
formal_id_length_sweep,FHS_RAC,31,3263371041,2543526272,60
formal_id_length_sweep,FHS_RAC,31,569202280,2016401674,80
formal_id_length_sweep,FHS_RAC,31,1260126129,2743502367,96
formal_id_length_sweep,FHS_RAC,31,1763821128,267996198,100
formal_id_length_sweep,FHS_RAC,31,4037673289,3727084354,128
formal_id_length_sweep,FHS_RAC,31,1927590570,2490666148,160
formal_id_length_sweep,FHS_RAC,31,3851068296,1458649893,192
formal_id_length_sweep,FHS_RAC,31,2019362312,2289424203,256
formal_id_length_sweep,FHS_RAC,32,2372887675,2851221014,20
formal_id_length_sweep,FHS_RAC,32,1298090251,1975493476,40
formal_id_length_sweep,FHS_RAC,32,1683584658,539935702,60
formal_id_length_sweep,FHS_RAC,32,1095417216,2652914395,80
formal_id_length_sweep,FHS_RAC,32,2265554124,1608787154,96
formal_id_length_sweep,FHS_RAC,32,1360602740,1176280,100
formal_id_length_sweep,FHS_RAC,32,3532068426,208852558,128
formal_id_length_sweep,FHS_RAC,32,3272852731,1209604890,160
formal_id_length_sweep,FHS_RAC,32,406443290,238355466,192
formal_id_length_sweep,FHS_RAC,32,390760088,3454130439,256
formal_id_length_sweep,FHS_RAC,33,3639392376,333921906,20
formal_id_length_sweep,FHS_RAC,33,2067103324,1159332798,40
formal_id_length_sweep,FHS_RAC,33,3410737478,156402720,60
formal_id_length_sweep,FHS_RAC,33,1539266752,483424344,80
formal_id_length_sweep,FHS_RAC,33,624849251,1690566308,96
formal_id_length_sweep,FHS_RAC,33,2223752849,3751202392,100
formal_id_length_sweep,FHS_RAC,33,165640310,4288988376,128
formal_id_length_sweep,FHS_RAC,33,2339622505,4154791335,160
formal_id_length_sweep,FHS_RAC,33,4206893019,613097008,192
formal_id_length_sweep,FHS_RAC,33,1639674763,2372665310,256
formal_id_length_sweep,FHS_RAC,34,3752954330,3251067776,20
formal_id_length_sweep,FHS_RAC,34,2546508928,2906816169,40
formal_id_length_sweep,FHS_RAC,34,66927409,201058089,60
formal_id_length_sweep,FHS_RAC,34,3863928290,1073199197,80
formal_id_length_sweep,FHS_RAC,34,2538622943,2697131115,96
formal_id_length_sweep,FHS_RAC,34,1726428416,1096083735,100
formal_id_length_sweep,FHS_RAC,34,233659342,2471986667,128
formal_id_length_sweep,FHS_RAC,34,747531232,4151720862,160
formal_id_length_sweep,FHS_RAC,34,1026483804,4286089255,192
formal_id_length_sweep,FHS_RAC,34,1202297178,3704998403,256
formal_id_length_sweep,FHS_RAC,35,2890531390,4274006162,20
formal_id_length_sweep,FHS_RAC,35,3859759531,298237513,40
formal_id_length_sweep,FHS_RAC,35,2458632215,2859110385,60
formal_id_length_sweep,FHS_RAC,35,1147643091,745822180,80
formal_id_length_sweep,FHS_RAC,35,494488086,3640437759,96
formal_id_length_sweep,FHS_RAC,35,759726048,2473333733,100
formal_id_length_sweep,FHS_RAC,35,3828104277,1733671556,128
formal_id_length_sweep,FHS_RAC,35,281902067,227837250,160
formal_id_length_sweep,FHS_RAC,35,723787142,1080475225,192
formal_id_length_sweep,FHS_RAC,35,1871597334,2156130497,256
formal_id_length_sweep,FHS_RAC,36,2618949986,2158284214,20
formal_id_length_sweep,FHS_RAC,36,3999292794,1699815451,40
formal_id_length_sweep,FHS_RAC,36,2608047520,2002357981,60
formal_id_length_sweep,FHS_RAC,36,1565658348,3113419234,80
formal_id_length_sweep,FHS_RAC,36,1729117906,930901433,96
formal_id_length_sweep,FHS_RAC,36,1689399461,2371939005,100
formal_id_length_sweep,FHS_RAC,36,2569309401,3928214503,128
formal_id_length_sweep,FHS_RAC,36,1168342078,3623669858,160
formal_id_length_sweep,FHS_RAC,36,4110026418,1957104619,192
formal_id_length_sweep,FHS_RAC,36,3083548185,3349066677,256
formal_id_length_sweep,FHS_RAC,37,914573255,151846874,20
formal_id_length_sweep,FHS_RAC,37,3683619215,1268612455,40
formal_id_length_sweep,FHS_RAC,37,4074268167,3565154639,60
formal_id_length_sweep,FHS_RAC,37,2342205768,1787391420,80
formal_id_length_sweep,FHS_RAC,37,1522657298,234777439,96
formal_id_length_sweep,FHS_RAC,37,3363077235,21122444,100
formal_id_length_sweep,FHS_RAC,37,1345069188,1374697354,128
formal_id_length_sweep,FHS_RAC,37,1557058044,1578359230,160
formal_id_length_sweep,FHS_RAC,37,2407785304,4219268756,192
formal_id_length_sweep,FHS_RAC,37,456092532,1498547530,256
formal_id_length_sweep,FHS_RAC,38,463299081,756561208,20
formal_id_length_sweep,FHS_RAC,38,3765522801,2485427879,40
formal_id_length_sweep,FHS_RAC,38,582684834,4280902027,60
formal_id_length_sweep,FHS_RAC,38,1534630818,247876590,80
formal_id_length_sweep,FHS_RAC,38,3342175643,2621251545,96
formal_id_length_sweep,FHS_RAC,38,4227552383,2795656941,100
formal_id_length_sweep,FHS_RAC,38,2693492944,4199548553,128
formal_id_length_sweep,FHS_RAC,38,3384057875,4262000089,160
formal_id_length_sweep,FHS_RAC,38,896456331,4005341684,192
formal_id_length_sweep,FHS_RAC,38,1385392060,3232880848,256
formal_id_length_sweep,FHS_RAC,39,961353927,4261419210,20
formal_id_length_sweep,FHS_RAC,39,1943849482,3815020778,40
formal_id_length_sweep,FHS_RAC,39,3800510185,1272602016,60
formal_id_length_sweep,FHS_RAC,39,1154136017,3971136981,80
formal_id_length_sweep,FHS_RAC,39,2041610322,3939127878,96
formal_id_length_sweep,FHS_RAC,39,4124585325,2578515908,100
formal_id_length_sweep,FHS_RAC,39,1561511251,2769632586,128
formal_id_length_sweep,FHS_RAC,39,3321238138,3776199549,160
formal_id_length_sweep,FHS_RAC,39,1535225800,1850804855,192
formal_id_length_sweep,FHS_RAC,39,1141611432,1343147311,256
formal_id_length_sweep,FHS_RAC,40,1594597739,2850377651,20
formal_id_length_sweep,FHS_RAC,40,2196734206,224177644,40
formal_id_length_sweep,FHS_RAC,40,1901548672,1748425194,60
formal_id_length_sweep,FHS_RAC,40,2061132202,2626657289,80
formal_id_length_sweep,FHS_RAC,40,2934930705,648025298,96
formal_id_length_sweep,FHS_RAC,40,449859025,3490306210,100
formal_id_length_sweep,FHS_RAC,40,1702748032,1887016905,128
formal_id_length_sweep,FHS_RAC,40,1376518921,3603862076,160
formal_id_length_sweep,FHS_RAC,40,311407170,1626507552,192
formal_id_length_sweep,FHS_RAC,40,2782796562,3642247497,256
formal_id_length_sweep,FHS_RAC,41,3957795199,1436554475,20
formal_id_length_sweep,FHS_RAC,41,3825560531,2421168262,40
formal_id_length_sweep,FHS_RAC,41,1353534015,153214175,60
formal_id_length_sweep,FHS_RAC,41,2935876177,3326675878,80
formal_id_length_sweep,FHS_RAC,41,289388657,461294266,96
formal_id_length_sweep,FHS_RAC,41,195955706,117432249,100
formal_id_length_sweep,FHS_RAC,41,3667011643,3635065783,128
formal_id_length_sweep,FHS_RAC,41,2096428599,283378455,160
formal_id_length_sweep,FHS_RAC,41,4234513742,947580074,192
formal_id_length_sweep,FHS_RAC,41,93922502,3506328288,256
formal_id_length_sweep,FHS_RAC,42,611594096,1807189500,20
formal_id_length_sweep,FHS_RAC,42,1186080764,91567477,40
formal_id_length_sweep,FHS_RAC,42,4174937035,3920513647,60
formal_id_length_sweep,FHS_RAC,42,600805140,1753599129,80
formal_id_length_sweep,FHS_RAC,42,3931197386,1415574699,96
formal_id_length_sweep,FHS_RAC,42,1916285082,1809103283,100
formal_id_length_sweep,FHS_RAC,42,1153453263,1896082766,128
formal_id_length_sweep,FHS_RAC,42,1017870458,187198080,160
formal_id_length_sweep,FHS_RAC,42,1382676058,3339561165,192
formal_id_length_sweep,FHS_RAC,42,3643858683,573797446,256
formal_id_length_sweep,FHS_RAC,43,1083430060,1015607152,20
formal_id_length_sweep,FHS_RAC,43,1636663436,131319097,40
formal_id_length_sweep,FHS_RAC,43,1450811516,153379366,60
formal_id_length_sweep,FHS_RAC,43,3130144389,3585568729,80
formal_id_length_sweep,FHS_RAC,43,34088026,2087292033,96
formal_id_length_sweep,FHS_RAC,43,1504115291,2609729232,100
formal_id_length_sweep,FHS_RAC,43,2355833024,3488597476,128
formal_id_length_sweep,FHS_RAC,43,142758089,3683648740,160
formal_id_length_sweep,FHS_RAC,43,2048855895,1487454872,192
formal_id_length_sweep,FHS_RAC,43,1445629864,85366914,256
formal_id_length_sweep,FHS_RAC,44,1685517026,1639602211,20
formal_id_length_sweep,FHS_RAC,44,2452940343,255799423,40
formal_id_length_sweep,FHS_RAC,44,3739718055,1377208063,60
formal_id_length_sweep,FHS_RAC,44,566392430,3025260532,80
formal_id_length_sweep,FHS_RAC,44,513838650,374188524,96
formal_id_length_sweep,FHS_RAC,44,1401714156,942480220,100
formal_id_length_sweep,FHS_RAC,44,93619563,275101520,128
formal_id_length_sweep,FHS_RAC,44,649128258,1774914032,160
formal_id_length_sweep,FHS_RAC,44,39113712,3912375982,192
formal_id_length_sweep,FHS_RAC,44,2905850660,855571890,256
formal_id_length_sweep,FHS_RAC,45,2794529431,101764270,20
formal_id_length_sweep,FHS_RAC,45,1222844799,671869486,40
formal_id_length_sweep,FHS_RAC,45,3228046417,1782217786,60
formal_id_length_sweep,FHS_RAC,45,4014926531,1782317054,80
formal_id_length_sweep,FHS_RAC,45,73451943,1362562758,96
formal_id_length_sweep,FHS_RAC,45,303203638,3027284864,100
formal_id_length_sweep,FHS_RAC,45,3710678357,1955728304,128
formal_id_length_sweep,FHS_RAC,45,3643062280,3819019770,160
formal_id_length_sweep,FHS_RAC,45,3512622617,514021496,192
formal_id_length_sweep,FHS_RAC,45,2958495669,3342659355,256
formal_id_length_sweep,FHS_RAC,46,3177951371,378051059,20
formal_id_length_sweep,FHS_RAC,46,280424639,778348804,40
formal_id_length_sweep,FHS_RAC,46,3246406024,1786469598,60
formal_id_length_sweep,FHS_RAC,46,304230472,1686948193,80
formal_id_length_sweep,FHS_RAC,46,2025633173,2500403701,96
formal_id_length_sweep,FHS_RAC,46,3845386591,899424077,100
formal_id_length_sweep,FHS_RAC,46,1923096838,3829137423,128
formal_id_length_sweep,FHS_RAC,46,967210689,3362488078,160
formal_id_length_sweep,FHS_RAC,46,1354203506,393824227,192
formal_id_length_sweep,FHS_RAC,46,3692034352,640062360,256
formal_id_length_sweep,FHS_RAC,47,4247619817,1607664628,20
formal_id_length_sweep,FHS_RAC,47,1522059884,128167833,40
formal_id_length_sweep,FHS_RAC,47,1627436536,2611839766,60
formal_id_length_sweep,FHS_RAC,47,2479907811,885875583,80
formal_id_length_sweep,FHS_RAC,47,3783611845,606500579,96
formal_id_length_sweep,FHS_RAC,47,3875778528,1808960746,100
formal_id_length_sweep,FHS_RAC,47,324831139,2148691206,128
formal_id_length_sweep,FHS_RAC,47,2402165827,582716784,160
formal_id_length_sweep,FHS_RAC,47,1954624014,1679319371,192
formal_id_length_sweep,FHS_RAC,47,1069889121,2604328172,256
formal_id_length_sweep,FHS_RAC,48,1536423647,63398939,20
formal_id_length_sweep,FHS_RAC,48,1215447197,1060154652,40
formal_id_length_sweep,FHS_RAC,48,2664048286,2347737965,60
formal_id_length_sweep,FHS_RAC,48,2184705360,2016168973,80
formal_id_length_sweep,FHS_RAC,48,1197694827,1246174962,96
formal_id_length_sweep,FHS_RAC,48,743938701,4151309153,100
formal_id_length_sweep,FHS_RAC,48,657722500,1150245557,128
formal_id_length_sweep,FHS_RAC,48,2570756514,1193699485,160
formal_id_length_sweep,FHS_RAC,48,1289966514,4266670450,192
formal_id_length_sweep,FHS_RAC,48,2739515254,1874057585,256
formal_id_length_sweep,FHS_RAC,49,4040440597,1758933903,20
formal_id_length_sweep,FHS_RAC,49,3080157852,40043851,40
formal_id_length_sweep,FHS_RAC,49,3795048292,3568255633,60
formal_id_length_sweep,FHS_RAC,49,3204201576,2247041949,80
formal_id_length_sweep,FHS_RAC,49,3088740460,1269127003,96
formal_id_length_sweep,FHS_RAC,49,3984571849,1706977504,100
formal_id_length_sweep,FHS_RAC,49,3425662313,1210846880,128
formal_id_length_sweep,FHS_RAC,49,3208396941,2399574419,160
formal_id_length_sweep,FHS_RAC,49,2843146286,3565526232,192
formal_id_length_sweep,FHS_RAC,49,251992345,1367696520,256
formal_id_length_sweep,HT_EEAC,0,1211239912,2420425389,20
formal_id_length_sweep,HT_EEAC,0,696364180,1302926870,40
formal_id_length_sweep,HT_EEAC,0,303552650,3683002607,60
formal_id_length_sweep,HT_EEAC,0,4021583103,1292967201,80
formal_id_length_sweep,HT_EEAC,0,552297578,3059889634,96
formal_id_length_sweep,HT_EEAC,0,3807197959,1615343088,100
formal_id_length_sweep,HT_EEAC,0,2154439261,849323605,128
formal_id_length_sweep,HT_EEAC,0,53669434,2829734897,160
formal_id_length_sweep,HT_EEAC,0,779954931,1429420014,192
formal_id_length_sweep,HT_EEAC,0,4141531494,3202448098,256
formal_id_length_sweep,HT_EEAC,1,1858058983,2290056305,20
formal_id_length_sweep,HT_EEAC,1,3122866472,3433853054,40
formal_id_length_sweep,HT_EEAC,1,3188470597,1052235254,60
formal_id_length_sweep,HT_EEAC,1,475761283,337050502,80
formal_id_length_sweep,HT_EEAC,1,685656045,1506677499,96
formal_id_length_sweep,HT_EEAC,1,540925788,1784538223,100
formal_id_length_sweep,HT_EEAC,1,942985826,3105053157,128
formal_id_length_sweep,HT_EEAC,1,2817071578,815655617,160
formal_id_length_sweep,HT_EEAC,1,3051988228,1404048315,192
formal_id_length_sweep,HT_EEAC,1,2260082378,3314581573,256
formal_id_length_sweep,HT_EEAC,2,3912097829,480852958,20
formal_id_length_sweep,HT_EEAC,2,2023914469,3891039206,40
formal_id_length_sweep,HT_EEAC,2,847643342,2004188607,60
formal_id_length_sweep,HT_EEAC,2,3958863349,4178509973,80
formal_id_length_sweep,HT_EEAC,2,3666925827,1669198127,96
formal_id_length_sweep,HT_EEAC,2,3946500883,3544835766,100
formal_id_length_sweep,HT_EEAC,2,3385053515,662872888,128
formal_id_length_sweep,HT_EEAC,2,2634534493,2738079146,160
formal_id_length_sweep,HT_EEAC,2,3982337167,1718169391,192
formal_id_length_sweep,HT_EEAC,2,2754403413,1850882661,256
formal_id_length_sweep,HT_EEAC,3,3020249695,2299068208,20
formal_id_length_sweep,HT_EEAC,3,77608284,4121934975,40
formal_id_length_sweep,HT_EEAC,3,3444491863,4103608846,60
formal_id_length_sweep,HT_EEAC,3,550340296,3444126985,80
formal_id_length_sweep,HT_EEAC,3,2694801678,99754457,96
formal_id_length_sweep,HT_EEAC,3,2158927053,4107858856,100
formal_id_length_sweep,HT_EEAC,3,3156282246,2761495631,128
formal_id_length_sweep,HT_EEAC,3,744668023,413258398,160
formal_id_length_sweep,HT_EEAC,3,387767481,2547774925,192
formal_id_length_sweep,HT_EEAC,3,2209102266,3006479143,256
formal_id_length_sweep,HT_EEAC,4,2125843681,3266949779,20
formal_id_length_sweep,HT_EEAC,4,2758295573,3582398540,40
formal_id_length_sweep,HT_EEAC,4,1453674214,1617473654,60
formal_id_length_sweep,HT_EEAC,4,3544085237,3791490867,80
formal_id_length_sweep,HT_EEAC,4,703264642,531316401,96
formal_id_length_sweep,HT_EEAC,4,3484452798,3124485514,100
formal_id_length_sweep,HT_EEAC,4,2319110515,2683967245,128
formal_id_length_sweep,HT_EEAC,4,154816862,1170283033,160
formal_id_length_sweep,HT_EEAC,4,569991421,3294179932,192
formal_id_length_sweep,HT_EEAC,4,3519591180,4056876067,256
formal_id_length_sweep,HT_EEAC,5,1374789481,2973198405,20
formal_id_length_sweep,HT_EEAC,5,3375286769,2933738506,40
formal_id_length_sweep,HT_EEAC,5,10692317,2978829615,60
formal_id_length_sweep,HT_EEAC,5,568073676,1267310885,80
formal_id_length_sweep,HT_EEAC,5,1660733732,604986113,96
formal_id_length_sweep,HT_EEAC,5,284186581,2547574168,100
formal_id_length_sweep,HT_EEAC,5,3069301506,909635903,128
formal_id_length_sweep,HT_EEAC,5,2155917258,434264048,160
formal_id_length_sweep,HT_EEAC,5,20336627,3246808928,192
formal_id_length_sweep,HT_EEAC,5,2575248428,1917262502,256
formal_id_length_sweep,HT_EEAC,6,2194947846,3532305030,20
formal_id_length_sweep,HT_EEAC,6,218666516,4274816448,40
formal_id_length_sweep,HT_EEAC,6,1781867148,3433045941,60
formal_id_length_sweep,HT_EEAC,6,179051958,3593450012,80
formal_id_length_sweep,HT_EEAC,6,1661541949,159542298,96
formal_id_length_sweep,HT_EEAC,6,1060733486,178403324,100
formal_id_length_sweep,HT_EEAC,6,148694115,1393584946,128
formal_id_length_sweep,HT_EEAC,6,3486673516,892244851,160
formal_id_length_sweep,HT_EEAC,6,29087867,1283475055,192
formal_id_length_sweep,HT_EEAC,6,2134829016,1953943317,256
formal_id_length_sweep,HT_EEAC,7,1968542344,3254909712,20
formal_id_length_sweep,HT_EEAC,7,86975461,3521204616,40
formal_id_length_sweep,HT_EEAC,7,4252023073,169744559,60
formal_id_length_sweep,HT_EEAC,7,2196118756,1987534149,80
formal_id_length_sweep,HT_EEAC,7,3453428222,1556954375,96
formal_id_length_sweep,HT_EEAC,7,192241861,4265563267,100
formal_id_length_sweep,HT_EEAC,7,782504862,860942544,128
formal_id_length_sweep,HT_EEAC,7,186637928,2702411856,160
formal_id_length_sweep,HT_EEAC,7,153890269,962010260,192
formal_id_length_sweep,HT_EEAC,7,2781431531,320181972,256
formal_id_length_sweep,HT_EEAC,8,780756804,1244803927,20
formal_id_length_sweep,HT_EEAC,8,3606649690,1190246701,40
formal_id_length_sweep,HT_EEAC,8,2589800694,2692978577,60
formal_id_length_sweep,HT_EEAC,8,1788852059,1152117249,80
formal_id_length_sweep,HT_EEAC,8,3723126419,3534450532,96
formal_id_length_sweep,HT_EEAC,8,535821057,753638996,100
formal_id_length_sweep,HT_EEAC,8,4000672671,674184823,128
formal_id_length_sweep,HT_EEAC,8,3704916549,3283495666,160
formal_id_length_sweep,HT_EEAC,8,291447698,3541821026,192
formal_id_length_sweep,HT_EEAC,8,1582558263,3205826558,256
formal_id_length_sweep,HT_EEAC,9,677046796,52030027,20
formal_id_length_sweep,HT_EEAC,9,3548368820,1302279180,40
formal_id_length_sweep,HT_EEAC,9,2139438594,776658320,60
formal_id_length_sweep,HT_EEAC,9,3814362992,315696212,80
formal_id_length_sweep,HT_EEAC,9,2990994785,3421013188,96
formal_id_length_sweep,HT_EEAC,9,1255343242,1891216970,100
formal_id_length_sweep,HT_EEAC,9,1182994603,541153026,128
formal_id_length_sweep,HT_EEAC,9,3362835039,138739546,160
formal_id_length_sweep,HT_EEAC,9,2878726668,2312000339,192
formal_id_length_sweep,HT_EEAC,9,2567001242,504410963,256
formal_id_length_sweep,HT_EEAC,10,3350676346,3884733419,20
formal_id_length_sweep,HT_EEAC,10,4273957529,1966609199,40
formal_id_length_sweep,HT_EEAC,10,859414723,1965725630,60
formal_id_length_sweep,HT_EEAC,10,2712714715,3131036636,80
formal_id_length_sweep,HT_EEAC,10,4221009471,245174954,96
formal_id_length_sweep,HT_EEAC,10,427108240,1546293020,100
formal_id_length_sweep,HT_EEAC,10,1147378182,470209623,128
formal_id_length_sweep,HT_EEAC,10,2151002067,84112582,160
formal_id_length_sweep,HT_EEAC,10,4224636040,456793873,192
formal_id_length_sweep,HT_EEAC,10,1796061815,1876259773,256
formal_id_length_sweep,HT_EEAC,11,2490753198,2617497806,20
formal_id_length_sweep,HT_EEAC,11,2336871534,1138161136,40
formal_id_length_sweep,HT_EEAC,11,3648448748,553541752,60
formal_id_length_sweep,HT_EEAC,11,3315431236,997405017,80
formal_id_length_sweep,HT_EEAC,11,824094583,778749725,96
formal_id_length_sweep,HT_EEAC,11,3787346465,3676072934,100
formal_id_length_sweep,HT_EEAC,11,1797854318,1524091465,128
formal_id_length_sweep,HT_EEAC,11,17911564,112007234,160
formal_id_length_sweep,HT_EEAC,11,2428770206,3352125041,192
formal_id_length_sweep,HT_EEAC,11,1019221399,3986863619,256
formal_id_length_sweep,HT_EEAC,12,2746534617,2997612084,20
formal_id_length_sweep,HT_EEAC,12,2336016540,846630823,40
formal_id_length_sweep,HT_EEAC,12,4043250653,2069531923,60
formal_id_length_sweep,HT_EEAC,12,3357077615,1174003563,80
formal_id_length_sweep,HT_EEAC,12,1798702373,2796858071,96
formal_id_length_sweep,HT_EEAC,12,2505100895,2040617313,100
formal_id_length_sweep,HT_EEAC,12,299632783,169123045,128
formal_id_length_sweep,HT_EEAC,12,2185278263,1800059959,160
formal_id_length_sweep,HT_EEAC,12,2949904956,1009087498,192
formal_id_length_sweep,HT_EEAC,12,1243968233,488169752,256
formal_id_length_sweep,HT_EEAC,13,3236656474,3261419939,20
formal_id_length_sweep,HT_EEAC,13,29570997,1498415571,40
formal_id_length_sweep,HT_EEAC,13,2865977281,3581238119,60
formal_id_length_sweep,HT_EEAC,13,2393336731,3694594782,80
formal_id_length_sweep,HT_EEAC,13,757198453,1267966542,96
formal_id_length_sweep,HT_EEAC,13,1078889665,3263579104,100
formal_id_length_sweep,HT_EEAC,13,63278972,2039093856,128
formal_id_length_sweep,HT_EEAC,13,1307331162,3636495692,160
formal_id_length_sweep,HT_EEAC,13,1825645343,3477931646,192
formal_id_length_sweep,HT_EEAC,13,2227501446,3141640205,256
formal_id_length_sweep,HT_EEAC,14,3611991455,107982505,20
formal_id_length_sweep,HT_EEAC,14,1847766478,2308064222,40
formal_id_length_sweep,HT_EEAC,14,1463096185,3189249387,60
formal_id_length_sweep,HT_EEAC,14,6349715,2800831151,80
formal_id_length_sweep,HT_EEAC,14,2804041708,297101711,96
formal_id_length_sweep,HT_EEAC,14,4187341960,1388967112,100
formal_id_length_sweep,HT_EEAC,14,4162478364,3282434862,128
formal_id_length_sweep,HT_EEAC,14,2158669349,3974612176,160
formal_id_length_sweep,HT_EEAC,14,1520350337,1021849189,192
formal_id_length_sweep,HT_EEAC,14,3916047680,1630122198,256
formal_id_length_sweep,HT_EEAC,15,2815521154,609784965,20
formal_id_length_sweep,HT_EEAC,15,849565309,2939450296,40
formal_id_length_sweep,HT_EEAC,15,2328836271,2018045090,60
formal_id_length_sweep,HT_EEAC,15,1178804250,2020448557,80
formal_id_length_sweep,HT_EEAC,15,2088092778,64155545,96
formal_id_length_sweep,HT_EEAC,15,50143366,2131826734,100
formal_id_length_sweep,HT_EEAC,15,3851272941,2837862243,128
formal_id_length_sweep,HT_EEAC,15,2772590449,1773918747,160
formal_id_length_sweep,HT_EEAC,15,3468533574,3009956256,192
formal_id_length_sweep,HT_EEAC,15,4266862493,2043943744,256
formal_id_length_sweep,HT_EEAC,16,2222097227,2952303893,20
formal_id_length_sweep,HT_EEAC,16,2961363353,3737933497,40
formal_id_length_sweep,HT_EEAC,16,3731080181,757881371,60
formal_id_length_sweep,HT_EEAC,16,395358419,4114525214,80
formal_id_length_sweep,HT_EEAC,16,1797785561,1859400690,96
formal_id_length_sweep,HT_EEAC,16,567398321,4066983047,100
formal_id_length_sweep,HT_EEAC,16,2300812766,3822164697,128
formal_id_length_sweep,HT_EEAC,16,4003677933,2860055026,160
formal_id_length_sweep,HT_EEAC,16,945638788,3946304264,192
formal_id_length_sweep,HT_EEAC,16,531845027,2051278896,256
formal_id_length_sweep,HT_EEAC,17,3184588927,3124909487,20
formal_id_length_sweep,HT_EEAC,17,2306426018,172009502,40
formal_id_length_sweep,HT_EEAC,17,1911944603,3888938799,60
formal_id_length_sweep,HT_EEAC,17,1150207896,2049410211,80
formal_id_length_sweep,HT_EEAC,17,2511067819,1913634536,96
formal_id_length_sweep,HT_EEAC,17,3981697733,4090969454,100
formal_id_length_sweep,HT_EEAC,17,4017608341,979575958,128
formal_id_length_sweep,HT_EEAC,17,1981594178,3190697121,160
formal_id_length_sweep,HT_EEAC,17,552471096,2146531816,192
formal_id_length_sweep,HT_EEAC,17,2532058873,2625838804,256
formal_id_length_sweep,HT_EEAC,18,3767505925,4201801199,20
formal_id_length_sweep,HT_EEAC,18,400913036,3678102838,40
formal_id_length_sweep,HT_EEAC,18,3166031358,1197974792,60
formal_id_length_sweep,HT_EEAC,18,918748283,987864255,80
formal_id_length_sweep,HT_EEAC,18,2464891821,3248455073,96
formal_id_length_sweep,HT_EEAC,18,3495563128,657430008,100
formal_id_length_sweep,HT_EEAC,18,4244119286,372890817,128
formal_id_length_sweep,HT_EEAC,18,3477284335,1931085090,160
formal_id_length_sweep,HT_EEAC,18,1052282650,1711187888,192
formal_id_length_sweep,HT_EEAC,18,3107381882,1357015545,256
formal_id_length_sweep,HT_EEAC,19,697133743,3784735591,20
formal_id_length_sweep,HT_EEAC,19,2135059601,3490103781,40
formal_id_length_sweep,HT_EEAC,19,1512288220,3647904940,60
formal_id_length_sweep,HT_EEAC,19,4129093465,3097807654,80
formal_id_length_sweep,HT_EEAC,19,2110929645,1138398242,96
formal_id_length_sweep,HT_EEAC,19,274213287,3812092739,100
formal_id_length_sweep,HT_EEAC,19,3541945278,1866061129,128
formal_id_length_sweep,HT_EEAC,19,1165175147,1948757291,160
formal_id_length_sweep,HT_EEAC,19,3956304976,2725747108,192
formal_id_length_sweep,HT_EEAC,19,1131150704,1866287448,256
formal_id_length_sweep,HT_EEAC,20,4037893529,684174111,20
formal_id_length_sweep,HT_EEAC,20,2679116664,4031150484,40
formal_id_length_sweep,HT_EEAC,20,2151116833,1588088510,60
formal_id_length_sweep,HT_EEAC,20,2824035603,4270901628,80
formal_id_length_sweep,HT_EEAC,20,2115596098,790927508,96
formal_id_length_sweep,HT_EEAC,20,3417556899,1486971387,100
formal_id_length_sweep,HT_EEAC,20,3341502038,3829289511,128
formal_id_length_sweep,HT_EEAC,20,16035416,2117834317,160
formal_id_length_sweep,HT_EEAC,20,2280268056,1524279109,192
formal_id_length_sweep,HT_EEAC,20,299398699,3383351180,256
formal_id_length_sweep,HT_EEAC,21,1310501261,1036146303,20
formal_id_length_sweep,HT_EEAC,21,3858087420,2872682651,40
formal_id_length_sweep,HT_EEAC,21,3181684721,3756081469,60
formal_id_length_sweep,HT_EEAC,21,1072691792,2041111842,80
formal_id_length_sweep,HT_EEAC,21,3104338274,1881448007,96
formal_id_length_sweep,HT_EEAC,21,200311767,1429344845,100
formal_id_length_sweep,HT_EEAC,21,2904687119,1570172651,128
formal_id_length_sweep,HT_EEAC,21,4077270677,2556715483,160
formal_id_length_sweep,HT_EEAC,21,3967336087,2661256584,192
formal_id_length_sweep,HT_EEAC,21,215746801,3223929521,256
formal_id_length_sweep,HT_EEAC,22,686001247,1989972471,20
formal_id_length_sweep,HT_EEAC,22,3025657408,3145859072,40
formal_id_length_sweep,HT_EEAC,22,1606209987,3343818204,60
formal_id_length_sweep,HT_EEAC,22,464922879,4027306453,80
formal_id_length_sweep,HT_EEAC,22,1670193662,1126410300,96
formal_id_length_sweep,HT_EEAC,22,2178369009,1162403050,100
formal_id_length_sweep,HT_EEAC,22,1624420903,531307559,128
formal_id_length_sweep,HT_EEAC,22,3560607004,3871954353,160
formal_id_length_sweep,HT_EEAC,22,1261682843,3093257350,192
formal_id_length_sweep,HT_EEAC,22,3764176582,1454207469,256
formal_id_length_sweep,HT_EEAC,23,2887652093,2655401466,20
formal_id_length_sweep,HT_EEAC,23,57087796,86059180,40
formal_id_length_sweep,HT_EEAC,23,3739220578,395445806,60
formal_id_length_sweep,HT_EEAC,23,2761571220,3895717247,80
formal_id_length_sweep,HT_EEAC,23,74892211,90684899,96
formal_id_length_sweep,HT_EEAC,23,2217726525,2546345350,100
formal_id_length_sweep,HT_EEAC,23,1825361325,3775250115,128
formal_id_length_sweep,HT_EEAC,23,852575468,2016020323,160
formal_id_length_sweep,HT_EEAC,23,3865261448,79510303,192
formal_id_length_sweep,HT_EEAC,23,3960437060,2633037471,256
formal_id_length_sweep,HT_EEAC,24,768683018,1194200098,20
formal_id_length_sweep,HT_EEAC,24,1272550774,1377619679,40
formal_id_length_sweep,HT_EEAC,24,2680931880,2101376495,60
formal_id_length_sweep,HT_EEAC,24,4076009818,3074599832,80
formal_id_length_sweep,HT_EEAC,24,974644233,3734012381,96
formal_id_length_sweep,HT_EEAC,24,735854507,52170392,100
formal_id_length_sweep,HT_EEAC,24,3121950890,4246691385,128
formal_id_length_sweep,HT_EEAC,24,1404714039,2833165568,160
formal_id_length_sweep,HT_EEAC,24,3997776277,1614673824,192
formal_id_length_sweep,HT_EEAC,24,374556454,4068219809,256
formal_id_length_sweep,HT_EEAC,25,4104404572,408196317,20
formal_id_length_sweep,HT_EEAC,25,1406153004,697137332,40
formal_id_length_sweep,HT_EEAC,25,2880627581,1976983781,60
formal_id_length_sweep,HT_EEAC,25,3888551282,2949677763,80
formal_id_length_sweep,HT_EEAC,25,237287140,756996398,96
formal_id_length_sweep,HT_EEAC,25,3339197071,1602864304,100
formal_id_length_sweep,HT_EEAC,25,3115380797,4264006220,128
formal_id_length_sweep,HT_EEAC,25,578541335,1703037933,160
formal_id_length_sweep,HT_EEAC,25,2684305920,1974878022,192
formal_id_length_sweep,HT_EEAC,25,3916127239,3565964167,256
formal_id_length_sweep,HT_EEAC,26,1710307790,3520490509,20
formal_id_length_sweep,HT_EEAC,26,923319384,3676883023,40
formal_id_length_sweep,HT_EEAC,26,1772107280,2112117111,60
formal_id_length_sweep,HT_EEAC,26,2295208114,3950950969,80
formal_id_length_sweep,HT_EEAC,26,2208628953,504753511,96
formal_id_length_sweep,HT_EEAC,26,3208220718,619421646,100
formal_id_length_sweep,HT_EEAC,26,2337441380,1278513941,128
formal_id_length_sweep,HT_EEAC,26,4231314494,58883050,160
formal_id_length_sweep,HT_EEAC,26,1302319150,591772219,192
formal_id_length_sweep,HT_EEAC,26,3402579263,4096242775,256
formal_id_length_sweep,HT_EEAC,27,1254764016,490554168,20
formal_id_length_sweep,HT_EEAC,27,3805576993,1368297939,40
formal_id_length_sweep,HT_EEAC,27,419164771,800619564,60
formal_id_length_sweep,HT_EEAC,27,303438963,4038700920,80
formal_id_length_sweep,HT_EEAC,27,2719593811,3067630781,96
formal_id_length_sweep,HT_EEAC,27,1168207028,944289814,100
formal_id_length_sweep,HT_EEAC,27,2918986739,1764920000,128
formal_id_length_sweep,HT_EEAC,27,3968305513,302463038,160
formal_id_length_sweep,HT_EEAC,27,1747786600,1315833416,192
formal_id_length_sweep,HT_EEAC,27,2032304711,4140144008,256
formal_id_length_sweep,HT_EEAC,28,3100428891,4293753787,20
formal_id_length_sweep,HT_EEAC,28,701914681,3161305433,40
formal_id_length_sweep,HT_EEAC,28,415181588,3695886581,60
formal_id_length_sweep,HT_EEAC,28,896518539,1211081702,80
formal_id_length_sweep,HT_EEAC,28,2330850669,3846302754,96
formal_id_length_sweep,HT_EEAC,28,4293839371,2286861543,100
formal_id_length_sweep,HT_EEAC,28,4233518068,2309461723,128
formal_id_length_sweep,HT_EEAC,28,1490032402,3421257648,160
formal_id_length_sweep,HT_EEAC,28,1966703577,276394523,192
formal_id_length_sweep,HT_EEAC,28,1995825189,4219660423,256
formal_id_length_sweep,HT_EEAC,29,1265055674,3546840275,20
formal_id_length_sweep,HT_EEAC,29,2987389979,836803857,40
formal_id_length_sweep,HT_EEAC,29,4140736029,3076356503,60
formal_id_length_sweep,HT_EEAC,29,3405593828,675800994,80
formal_id_length_sweep,HT_EEAC,29,949597425,2407722948,96
formal_id_length_sweep,HT_EEAC,29,1555064327,2858879205,100
formal_id_length_sweep,HT_EEAC,29,101472845,2364210832,128
formal_id_length_sweep,HT_EEAC,29,915891348,2394660234,160
formal_id_length_sweep,HT_EEAC,29,3370608000,3594208715,192
formal_id_length_sweep,HT_EEAC,29,1173874962,3161365986,256
formal_id_length_sweep,HT_EEAC,30,1405648522,4094785844,20
formal_id_length_sweep,HT_EEAC,30,4189606703,2531325160,40
formal_id_length_sweep,HT_EEAC,30,2236359360,986658386,60
formal_id_length_sweep,HT_EEAC,30,905701959,347585799,80
formal_id_length_sweep,HT_EEAC,30,305866955,686059736,96
formal_id_length_sweep,HT_EEAC,30,1208203518,332996175,100
formal_id_length_sweep,HT_EEAC,30,386525980,657167080,128
formal_id_length_sweep,HT_EEAC,30,907918313,3682125611,160
formal_id_length_sweep,HT_EEAC,30,1920076833,844247409,192
formal_id_length_sweep,HT_EEAC,30,1515510919,2894218894,256
formal_id_length_sweep,HT_EEAC,31,338787315,3893437890,20
formal_id_length_sweep,HT_EEAC,31,498585599,1323871342,40
formal_id_length_sweep,HT_EEAC,31,3263371041,3597400291,60
formal_id_length_sweep,HT_EEAC,31,569202280,1377199876,80
formal_id_length_sweep,HT_EEAC,31,1260126129,188205179,96
formal_id_length_sweep,HT_EEAC,31,1763821128,3463072341,100
formal_id_length_sweep,HT_EEAC,31,4037673289,806741336,128
formal_id_length_sweep,HT_EEAC,31,1927590570,455483768,160
formal_id_length_sweep,HT_EEAC,31,3851068296,1232806975,192
formal_id_length_sweep,HT_EEAC,31,2019362312,3362334976,256
formal_id_length_sweep,HT_EEAC,32,2372887675,1283408061,20
formal_id_length_sweep,HT_EEAC,32,1298090251,2101820513,40
formal_id_length_sweep,HT_EEAC,32,1683584658,3764028282,60
formal_id_length_sweep,HT_EEAC,32,1095417216,3781856124,80
formal_id_length_sweep,HT_EEAC,32,2265554124,942191037,96
formal_id_length_sweep,HT_EEAC,32,1360602740,983241803,100
formal_id_length_sweep,HT_EEAC,32,3532068426,261136901,128
formal_id_length_sweep,HT_EEAC,32,3272852731,3659652306,160
formal_id_length_sweep,HT_EEAC,32,406443290,3465579582,192
formal_id_length_sweep,HT_EEAC,32,390760088,1925071455,256
formal_id_length_sweep,HT_EEAC,33,3639392376,3442320207,20
formal_id_length_sweep,HT_EEAC,33,2067103324,3438698938,40
formal_id_length_sweep,HT_EEAC,33,3410737478,171375938,60
formal_id_length_sweep,HT_EEAC,33,1539266752,3805497237,80
formal_id_length_sweep,HT_EEAC,33,624849251,914632349,96
formal_id_length_sweep,HT_EEAC,33,2223752849,1111685217,100
formal_id_length_sweep,HT_EEAC,33,165640310,1017950657,128
formal_id_length_sweep,HT_EEAC,33,2339622505,1563314145,160
formal_id_length_sweep,HT_EEAC,33,4206893019,2289034135,192
formal_id_length_sweep,HT_EEAC,33,1639674763,1371750872,256
formal_id_length_sweep,HT_EEAC,34,3752954330,3056485410,20
formal_id_length_sweep,HT_EEAC,34,2546508928,2552475541,40
formal_id_length_sweep,HT_EEAC,34,66927409,1794291370,60
formal_id_length_sweep,HT_EEAC,34,3863928290,3613267011,80
formal_id_length_sweep,HT_EEAC,34,2538622943,3409499581,96
formal_id_length_sweep,HT_EEAC,34,1726428416,3470802658,100
formal_id_length_sweep,HT_EEAC,34,233659342,692045666,128
formal_id_length_sweep,HT_EEAC,34,747531232,1612032521,160
formal_id_length_sweep,HT_EEAC,34,1026483804,3119261933,192
formal_id_length_sweep,HT_EEAC,34,1202297178,3674006026,256
formal_id_length_sweep,HT_EEAC,35,2890531390,134560751,20
formal_id_length_sweep,HT_EEAC,35,3859759531,246328736,40
formal_id_length_sweep,HT_EEAC,35,2458632215,2318733258,60
formal_id_length_sweep,HT_EEAC,35,1147643091,1099137093,80
formal_id_length_sweep,HT_EEAC,35,494488086,894838060,96
formal_id_length_sweep,HT_EEAC,35,759726048,3904607788,100
formal_id_length_sweep,HT_EEAC,35,3828104277,1519965171,128
formal_id_length_sweep,HT_EEAC,35,281902067,900505339,160
formal_id_length_sweep,HT_EEAC,35,723787142,1179467155,192
formal_id_length_sweep,HT_EEAC,35,1871597334,2279872006,256
formal_id_length_sweep,HT_EEAC,36,2618949986,1783235237,20
formal_id_length_sweep,HT_EEAC,36,3999292794,226171870,40
formal_id_length_sweep,HT_EEAC,36,2608047520,3820872901,60
formal_id_length_sweep,HT_EEAC,36,1565658348,2194088116,80
formal_id_length_sweep,HT_EEAC,36,1729117906,1227968300,96
formal_id_length_sweep,HT_EEAC,36,1689399461,2375911177,100
formal_id_length_sweep,HT_EEAC,36,2569309401,653102825,128
formal_id_length_sweep,HT_EEAC,36,1168342078,2722592471,160
formal_id_length_sweep,HT_EEAC,36,4110026418,714579625,192
formal_id_length_sweep,HT_EEAC,36,3083548185,4203185733,256
formal_id_length_sweep,HT_EEAC,37,914573255,3282312219,20
formal_id_length_sweep,HT_EEAC,37,3683619215,19514772,40
formal_id_length_sweep,HT_EEAC,37,4074268167,2587142458,60
formal_id_length_sweep,HT_EEAC,37,2342205768,196304839,80
formal_id_length_sweep,HT_EEAC,37,1522657298,244685142,96
formal_id_length_sweep,HT_EEAC,37,3363077235,604994327,100
formal_id_length_sweep,HT_EEAC,37,1345069188,275977612,128
formal_id_length_sweep,HT_EEAC,37,1557058044,176102010,160
formal_id_length_sweep,HT_EEAC,37,2407785304,4030971816,192
formal_id_length_sweep,HT_EEAC,37,456092532,1871269619,256
formal_id_length_sweep,HT_EEAC,38,463299081,2340118206,20
formal_id_length_sweep,HT_EEAC,38,3765522801,3455782944,40
formal_id_length_sweep,HT_EEAC,38,582684834,1850785709,60
formal_id_length_sweep,HT_EEAC,38,1534630818,1822133871,80
formal_id_length_sweep,HT_EEAC,38,3342175643,1532966320,96
formal_id_length_sweep,HT_EEAC,38,4227552383,2971590654,100
formal_id_length_sweep,HT_EEAC,38,2693492944,3137986565,128
formal_id_length_sweep,HT_EEAC,38,3384057875,2212501562,160
formal_id_length_sweep,HT_EEAC,38,896456331,3757544824,192
formal_id_length_sweep,HT_EEAC,38,1385392060,1865770487,256
formal_id_length_sweep,HT_EEAC,39,961353927,3682233795,20
formal_id_length_sweep,HT_EEAC,39,1943849482,3440165569,40
formal_id_length_sweep,HT_EEAC,39,3800510185,4091862100,60
formal_id_length_sweep,HT_EEAC,39,1154136017,344421343,80
formal_id_length_sweep,HT_EEAC,39,2041610322,2186236013,96
formal_id_length_sweep,HT_EEAC,39,4124585325,508243100,100
formal_id_length_sweep,HT_EEAC,39,1561511251,1873038646,128
formal_id_length_sweep,HT_EEAC,39,3321238138,3318007688,160
formal_id_length_sweep,HT_EEAC,39,1535225800,2566169235,192
formal_id_length_sweep,HT_EEAC,39,1141611432,3441766113,256
formal_id_length_sweep,HT_EEAC,40,1594597739,1484820761,20
formal_id_length_sweep,HT_EEAC,40,2196734206,4125545976,40
formal_id_length_sweep,HT_EEAC,40,1901548672,1831069316,60
formal_id_length_sweep,HT_EEAC,40,2061132202,2412093059,80
formal_id_length_sweep,HT_EEAC,40,2934930705,68904075,96
formal_id_length_sweep,HT_EEAC,40,449859025,2043270796,100
formal_id_length_sweep,HT_EEAC,40,1702748032,561759927,128
formal_id_length_sweep,HT_EEAC,40,1376518921,950541782,160
formal_id_length_sweep,HT_EEAC,40,311407170,3951822858,192
formal_id_length_sweep,HT_EEAC,40,2782796562,536626401,256
formal_id_length_sweep,HT_EEAC,41,3957795199,2376117811,20
formal_id_length_sweep,HT_EEAC,41,3825560531,1607052911,40
formal_id_length_sweep,HT_EEAC,41,1353534015,2460542238,60
formal_id_length_sweep,HT_EEAC,41,2935876177,1224106862,80
formal_id_length_sweep,HT_EEAC,41,289388657,1778273587,96
formal_id_length_sweep,HT_EEAC,41,195955706,922993214,100
formal_id_length_sweep,HT_EEAC,41,3667011643,3591493099,128
formal_id_length_sweep,HT_EEAC,41,2096428599,1781923347,160
formal_id_length_sweep,HT_EEAC,41,4234513742,775997481,192
formal_id_length_sweep,HT_EEAC,41,93922502,307849899,256
formal_id_length_sweep,HT_EEAC,42,611594096,3657522769,20
formal_id_length_sweep,HT_EEAC,42,1186080764,2876780318,40
formal_id_length_sweep,HT_EEAC,42,4174937035,3764109136,60
formal_id_length_sweep,HT_EEAC,42,600805140,68489655,80
formal_id_length_sweep,HT_EEAC,42,3931197386,222019102,96
formal_id_length_sweep,HT_EEAC,42,1916285082,2074864351,100
formal_id_length_sweep,HT_EEAC,42,1153453263,1643293826,128
formal_id_length_sweep,HT_EEAC,42,1017870458,618876451,160
formal_id_length_sweep,HT_EEAC,42,1382676058,3486704692,192
formal_id_length_sweep,HT_EEAC,42,3643858683,3379552863,256
formal_id_length_sweep,HT_EEAC,43,1083430060,1689276652,20
formal_id_length_sweep,HT_EEAC,43,1636663436,3717572154,40
formal_id_length_sweep,HT_EEAC,43,1450811516,3037013513,60
formal_id_length_sweep,HT_EEAC,43,3130144389,1200929775,80
formal_id_length_sweep,HT_EEAC,43,34088026,1024768988,96
formal_id_length_sweep,HT_EEAC,43,1504115291,16847962,100
formal_id_length_sweep,HT_EEAC,43,2355833024,1988274980,128
formal_id_length_sweep,HT_EEAC,43,142758089,2811411744,160
formal_id_length_sweep,HT_EEAC,43,2048855895,534805842,192
formal_id_length_sweep,HT_EEAC,43,1445629864,3528657601,256
formal_id_length_sweep,HT_EEAC,44,1685517026,1267809863,20
formal_id_length_sweep,HT_EEAC,44,2452940343,2921075610,40
formal_id_length_sweep,HT_EEAC,44,3739718055,1217635077,60
formal_id_length_sweep,HT_EEAC,44,566392430,524976562,80
formal_id_length_sweep,HT_EEAC,44,513838650,1258255402,96
formal_id_length_sweep,HT_EEAC,44,1401714156,4000524449,100
formal_id_length_sweep,HT_EEAC,44,93619563,1315927276,128
formal_id_length_sweep,HT_EEAC,44,649128258,1179266912,160
formal_id_length_sweep,HT_EEAC,44,39113712,2234179116,192
formal_id_length_sweep,HT_EEAC,44,2905850660,2145125343,256
formal_id_length_sweep,HT_EEAC,45,2794529431,1605369945,20
formal_id_length_sweep,HT_EEAC,45,1222844799,932858445,40
formal_id_length_sweep,HT_EEAC,45,3228046417,4141362784,60
formal_id_length_sweep,HT_EEAC,45,4014926531,2430877152,80
formal_id_length_sweep,HT_EEAC,45,73451943,2567231853,96
formal_id_length_sweep,HT_EEAC,45,303203638,1706686760,100
formal_id_length_sweep,HT_EEAC,45,3710678357,1311101378,128
formal_id_length_sweep,HT_EEAC,45,3643062280,1459616158,160
formal_id_length_sweep,HT_EEAC,45,3512622617,3526183572,192
formal_id_length_sweep,HT_EEAC,45,2958495669,2313575435,256
formal_id_length_sweep,HT_EEAC,46,3177951371,2457534737,20
formal_id_length_sweep,HT_EEAC,46,280424639,1126290859,40
formal_id_length_sweep,HT_EEAC,46,3246406024,3513174581,60
formal_id_length_sweep,HT_EEAC,46,304230472,1908429440,80
formal_id_length_sweep,HT_EEAC,46,2025633173,2029242715,96
formal_id_length_sweep,HT_EEAC,46,3845386591,4017139449,100
formal_id_length_sweep,HT_EEAC,46,1923096838,2321153624,128
formal_id_length_sweep,HT_EEAC,46,967210689,3821022697,160
formal_id_length_sweep,HT_EEAC,46,1354203506,215765519,192
formal_id_length_sweep,HT_EEAC,46,3692034352,3742159449,256
formal_id_length_sweep,HT_EEAC,47,4247619817,1875130533,20
formal_id_length_sweep,HT_EEAC,47,1522059884,2866055827,40
formal_id_length_sweep,HT_EEAC,47,1627436536,2663670986,60
formal_id_length_sweep,HT_EEAC,47,2479907811,201507190,80
formal_id_length_sweep,HT_EEAC,47,3783611845,1662710765,96
formal_id_length_sweep,HT_EEAC,47,3875778528,2746899691,100
formal_id_length_sweep,HT_EEAC,47,324831139,4138604325,128
formal_id_length_sweep,HT_EEAC,47,2402165827,2531158442,160
formal_id_length_sweep,HT_EEAC,47,1954624014,2076440074,192
formal_id_length_sweep,HT_EEAC,47,1069889121,3638162781,256
formal_id_length_sweep,HT_EEAC,48,1536423647,1696409432,20
formal_id_length_sweep,HT_EEAC,48,1215447197,1936289057,40
formal_id_length_sweep,HT_EEAC,48,2664048286,2381898689,60
formal_id_length_sweep,HT_EEAC,48,2184705360,3646648613,80
formal_id_length_sweep,HT_EEAC,48,1197694827,3718293334,96
formal_id_length_sweep,HT_EEAC,48,743938701,124139095,100
formal_id_length_sweep,HT_EEAC,48,657722500,1853704002,128
formal_id_length_sweep,HT_EEAC,48,2570756514,2222751373,160
formal_id_length_sweep,HT_EEAC,48,1289966514,3557937255,192
formal_id_length_sweep,HT_EEAC,48,2739515254,1441923531,256
formal_id_length_sweep,HT_EEAC,49,4040440597,1269443345,20
formal_id_length_sweep,HT_EEAC,49,3080157852,2615545918,40
formal_id_length_sweep,HT_EEAC,49,3795048292,362278243,60
formal_id_length_sweep,HT_EEAC,49,3204201576,2108795005,80
formal_id_length_sweep,HT_EEAC,49,3088740460,3877600153,96
formal_id_length_sweep,HT_EEAC,49,3984571849,1831876519,100
formal_id_length_sweep,HT_EEAC,49,3425662313,2131146268,128
formal_id_length_sweep,HT_EEAC,49,3208396941,2926864051,160
formal_id_length_sweep,HT_EEAC,49,2843146286,967444247,192
formal_id_length_sweep,HT_EEAC,49,251992345,928719882,256
formal_id_length_sweep,ICT,0,1211239912,3259960282,20
formal_id_length_sweep,ICT,0,696364180,701700445,40
formal_id_length_sweep,ICT,0,303552650,1832239625,60
formal_id_length_sweep,ICT,0,4021583103,3665868667,80
formal_id_length_sweep,ICT,0,552297578,3537595480,96
formal_id_length_sweep,ICT,0,3807197959,1377887521,100
formal_id_length_sweep,ICT,0,2154439261,2013279746,128
formal_id_length_sweep,ICT,0,53669434,1106030727,160
formal_id_length_sweep,ICT,0,779954931,338430859,192
formal_id_length_sweep,ICT,0,4141531494,1130813668,256
formal_id_length_sweep,ICT,1,1858058983,4243990191,20
formal_id_length_sweep,ICT,1,3122866472,2186365776,40
formal_id_length_sweep,ICT,1,3188470597,2817653299,60
formal_id_length_sweep,ICT,1,475761283,1197617519,80
formal_id_length_sweep,ICT,1,685656045,2013863568,96
formal_id_length_sweep,ICT,1,540925788,2869992083,100
formal_id_length_sweep,ICT,1,942985826,562095445,128
formal_id_length_sweep,ICT,1,2817071578,3449671997,160
formal_id_length_sweep,ICT,1,3051988228,4102646975,192
formal_id_length_sweep,ICT,1,2260082378,271185614,256
formal_id_length_sweep,ICT,2,3912097829,1149596663,20
formal_id_length_sweep,ICT,2,2023914469,2894631249,40
formal_id_length_sweep,ICT,2,847643342,1250823678,60
formal_id_length_sweep,ICT,2,3958863349,94934659,80
formal_id_length_sweep,ICT,2,3666925827,2858527542,96
formal_id_length_sweep,ICT,2,3946500883,1744105686,100
formal_id_length_sweep,ICT,2,3385053515,2446436907,128
formal_id_length_sweep,ICT,2,2634534493,4194531245,160
formal_id_length_sweep,ICT,2,3982337167,1839902749,192
formal_id_length_sweep,ICT,2,2754403413,3091190427,256
formal_id_length_sweep,ICT,3,3020249695,3377238946,20
formal_id_length_sweep,ICT,3,77608284,2917053946,40
formal_id_length_sweep,ICT,3,3444491863,1587028935,60
formal_id_length_sweep,ICT,3,550340296,4057048974,80
formal_id_length_sweep,ICT,3,2694801678,888627306,96
formal_id_length_sweep,ICT,3,2158927053,3672314112,100
formal_id_length_sweep,ICT,3,3156282246,4222110379,128
formal_id_length_sweep,ICT,3,744668023,217241902,160
formal_id_length_sweep,ICT,3,387767481,11054257,192
formal_id_length_sweep,ICT,3,2209102266,1477181663,256
formal_id_length_sweep,ICT,4,2125843681,812961632,20
formal_id_length_sweep,ICT,4,2758295573,3501328468,40
formal_id_length_sweep,ICT,4,1453674214,3441265587,60
formal_id_length_sweep,ICT,4,3544085237,2036015520,80
formal_id_length_sweep,ICT,4,703264642,1146110003,96
formal_id_length_sweep,ICT,4,3484452798,1901018796,100
formal_id_length_sweep,ICT,4,2319110515,1938184097,128
formal_id_length_sweep,ICT,4,154816862,32260545,160
formal_id_length_sweep,ICT,4,569991421,1413497680,192
formal_id_length_sweep,ICT,4,3519591180,317758717,256
formal_id_length_sweep,ICT,5,1374789481,2850705850,20
formal_id_length_sweep,ICT,5,3375286769,554775780,40
formal_id_length_sweep,ICT,5,10692317,1361810702,60
formal_id_length_sweep,ICT,5,568073676,1489156358,80
formal_id_length_sweep,ICT,5,1660733732,2888165702,96
formal_id_length_sweep,ICT,5,284186581,133841865,100
formal_id_length_sweep,ICT,5,3069301506,793081162,128
formal_id_length_sweep,ICT,5,2155917258,3979358008,160
formal_id_length_sweep,ICT,5,20336627,1019947767,192
formal_id_length_sweep,ICT,5,2575248428,3042605016,256
formal_id_length_sweep,ICT,6,2194947846,1494387645,20
formal_id_length_sweep,ICT,6,218666516,4283327969,40
formal_id_length_sweep,ICT,6,1781867148,1520450355,60
formal_id_length_sweep,ICT,6,179051958,3141930281,80
formal_id_length_sweep,ICT,6,1661541949,3581268075,96
formal_id_length_sweep,ICT,6,1060733486,1437920327,100
formal_id_length_sweep,ICT,6,148694115,803603109,128
formal_id_length_sweep,ICT,6,3486673516,3430818042,160
formal_id_length_sweep,ICT,6,29087867,735475705,192
formal_id_length_sweep,ICT,6,2134829016,2243922804,256
formal_id_length_sweep,ICT,7,1968542344,2515024973,20
formal_id_length_sweep,ICT,7,86975461,276035367,40
formal_id_length_sweep,ICT,7,4252023073,3738544488,60
formal_id_length_sweep,ICT,7,2196118756,390781997,80
formal_id_length_sweep,ICT,7,3453428222,546245213,96
formal_id_length_sweep,ICT,7,192241861,2964770302,100
formal_id_length_sweep,ICT,7,782504862,4073468380,128
formal_id_length_sweep,ICT,7,186637928,3346934250,160
formal_id_length_sweep,ICT,7,153890269,1056398072,192
formal_id_length_sweep,ICT,7,2781431531,1521977328,256
formal_id_length_sweep,ICT,8,780756804,3657000961,20
formal_id_length_sweep,ICT,8,3606649690,143440387,40
formal_id_length_sweep,ICT,8,2589800694,4003209500,60
formal_id_length_sweep,ICT,8,1788852059,3811936994,80
formal_id_length_sweep,ICT,8,3723126419,840789170,96
formal_id_length_sweep,ICT,8,535821057,1848899236,100
formal_id_length_sweep,ICT,8,4000672671,2701426039,128
formal_id_length_sweep,ICT,8,3704916549,1129959559,160
formal_id_length_sweep,ICT,8,291447698,306268887,192
formal_id_length_sweep,ICT,8,1582558263,57362997,256
formal_id_length_sweep,ICT,9,677046796,3822412573,20
formal_id_length_sweep,ICT,9,3548368820,1085711196,40
formal_id_length_sweep,ICT,9,2139438594,3431980884,60
formal_id_length_sweep,ICT,9,3814362992,299169105,80
formal_id_length_sweep,ICT,9,2990994785,2530147359,96
formal_id_length_sweep,ICT,9,1255343242,2939553643,100
formal_id_length_sweep,ICT,9,1182994603,285020989,128
formal_id_length_sweep,ICT,9,3362835039,3299476752,160
formal_id_length_sweep,ICT,9,2878726668,1532370982,192
formal_id_length_sweep,ICT,9,2567001242,430711792,256
formal_id_length_sweep,ICT,10,3350676346,4260304320,20
formal_id_length_sweep,ICT,10,4273957529,2744418836,40
formal_id_length_sweep,ICT,10,859414723,3111413439,60
formal_id_length_sweep,ICT,10,2712714715,2183083571,80
formal_id_length_sweep,ICT,10,4221009471,3626641105,96
formal_id_length_sweep,ICT,10,427108240,2900158189,100
formal_id_length_sweep,ICT,10,1147378182,2080187147,128
formal_id_length_sweep,ICT,10,2151002067,1759454190,160
formal_id_length_sweep,ICT,10,4224636040,2972536333,192
formal_id_length_sweep,ICT,10,1796061815,1574544446,256
formal_id_length_sweep,ICT,11,2490753198,1009063202,20
formal_id_length_sweep,ICT,11,2336871534,2530209764,40
formal_id_length_sweep,ICT,11,3648448748,1954309421,60
formal_id_length_sweep,ICT,11,3315431236,1670424241,80
formal_id_length_sweep,ICT,11,824094583,1774668693,96
formal_id_length_sweep,ICT,11,3787346465,3565367963,100
formal_id_length_sweep,ICT,11,1797854318,3619665185,128
formal_id_length_sweep,ICT,11,17911564,4061522450,160
formal_id_length_sweep,ICT,11,2428770206,2495745769,192
formal_id_length_sweep,ICT,11,1019221399,3820744571,256
formal_id_length_sweep,ICT,12,2746534617,3882996918,20
formal_id_length_sweep,ICT,12,2336016540,3923821523,40
formal_id_length_sweep,ICT,12,4043250653,4273656666,60
formal_id_length_sweep,ICT,12,3357077615,906682946,80
formal_id_length_sweep,ICT,12,1798702373,3727581809,96
formal_id_length_sweep,ICT,12,2505100895,3689356064,100
formal_id_length_sweep,ICT,12,299632783,879898204,128
formal_id_length_sweep,ICT,12,2185278263,4246014034,160
formal_id_length_sweep,ICT,12,2949904956,3043583464,192
formal_id_length_sweep,ICT,12,1243968233,3330181152,256
formal_id_length_sweep,ICT,13,3236656474,3217777910,20
formal_id_length_sweep,ICT,13,29570997,1577962874,40
formal_id_length_sweep,ICT,13,2865977281,1678360609,60
formal_id_length_sweep,ICT,13,2393336731,3466051475,80
formal_id_length_sweep,ICT,13,757198453,2955647106,96
formal_id_length_sweep,ICT,13,1078889665,843657914,100
formal_id_length_sweep,ICT,13,63278972,1466212912,128
formal_id_length_sweep,ICT,13,1307331162,3467649248,160
formal_id_length_sweep,ICT,13,1825645343,400684673,192
formal_id_length_sweep,ICT,13,2227501446,3361546407,256
formal_id_length_sweep,ICT,14,3611991455,3830174547,20
formal_id_length_sweep,ICT,14,1847766478,899004324,40
formal_id_length_sweep,ICT,14,1463096185,4041198334,60
formal_id_length_sweep,ICT,14,6349715,1475291713,80
formal_id_length_sweep,ICT,14,2804041708,39008383,96
formal_id_length_sweep,ICT,14,4187341960,290969273,100
formal_id_length_sweep,ICT,14,4162478364,3106607422,128
formal_id_length_sweep,ICT,14,2158669349,3677720097,160
formal_id_length_sweep,ICT,14,1520350337,3030583829,192
formal_id_length_sweep,ICT,14,3916047680,1426886997,256
formal_id_length_sweep,ICT,15,2815521154,1537775370,20
formal_id_length_sweep,ICT,15,849565309,3441562382,40
formal_id_length_sweep,ICT,15,2328836271,3569799877,60
formal_id_length_sweep,ICT,15,1178804250,3590686171,80
formal_id_length_sweep,ICT,15,2088092778,2043874859,96
formal_id_length_sweep,ICT,15,50143366,64079699,100
formal_id_length_sweep,ICT,15,3851272941,3708768321,128
formal_id_length_sweep,ICT,15,2772590449,215878161,160
formal_id_length_sweep,ICT,15,3468533574,1943428955,192
formal_id_length_sweep,ICT,15,4266862493,3058021454,256
formal_id_length_sweep,ICT,16,2222097227,2576886718,20
formal_id_length_sweep,ICT,16,2961363353,2760861998,40
formal_id_length_sweep,ICT,16,3731080181,2910670291,60
formal_id_length_sweep,ICT,16,395358419,1406683075,80
formal_id_length_sweep,ICT,16,1797785561,2286646433,96
formal_id_length_sweep,ICT,16,567398321,1195591966,100
formal_id_length_sweep,ICT,16,2300812766,2247490464,128
formal_id_length_sweep,ICT,16,4003677933,4054187912,160
formal_id_length_sweep,ICT,16,945638788,3516925330,192
formal_id_length_sweep,ICT,16,531845027,833053486,256
formal_id_length_sweep,ICT,17,3184588927,3256936616,20
formal_id_length_sweep,ICT,17,2306426018,3820967344,40
formal_id_length_sweep,ICT,17,1911944603,119770071,60
formal_id_length_sweep,ICT,17,1150207896,2938074707,80
formal_id_length_sweep,ICT,17,2511067819,4128041426,96
formal_id_length_sweep,ICT,17,3981697733,511255060,100
formal_id_length_sweep,ICT,17,4017608341,1304349480,128
formal_id_length_sweep,ICT,17,1981594178,1933379037,160
formal_id_length_sweep,ICT,17,552471096,2667813247,192
formal_id_length_sweep,ICT,17,2532058873,3138947663,256
formal_id_length_sweep,ICT,18,3767505925,3110109852,20
formal_id_length_sweep,ICT,18,400913036,196630926,40
formal_id_length_sweep,ICT,18,3166031358,3322897012,60
formal_id_length_sweep,ICT,18,918748283,357964369,80
formal_id_length_sweep,ICT,18,2464891821,112707124,96
formal_id_length_sweep,ICT,18,3495563128,3626744632,100
formal_id_length_sweep,ICT,18,4244119286,2613779565,128
formal_id_length_sweep,ICT,18,3477284335,1808675267,160
formal_id_length_sweep,ICT,18,1052282650,1268896087,192
formal_id_length_sweep,ICT,18,3107381882,1913834341,256
formal_id_length_sweep,ICT,19,697133743,4278504590,20
formal_id_length_sweep,ICT,19,2135059601,214800167,40
formal_id_length_sweep,ICT,19,1512288220,3695039731,60
formal_id_length_sweep,ICT,19,4129093465,427951234,80
formal_id_length_sweep,ICT,19,2110929645,2229511380,96
formal_id_length_sweep,ICT,19,274213287,2110267366,100
formal_id_length_sweep,ICT,19,3541945278,2517924229,128
formal_id_length_sweep,ICT,19,1165175147,1511152160,160
formal_id_length_sweep,ICT,19,3956304976,482976601,192
formal_id_length_sweep,ICT,19,1131150704,670444212,256
formal_id_length_sweep,ICT,20,4037893529,2848004264,20
formal_id_length_sweep,ICT,20,2679116664,3152770219,40
formal_id_length_sweep,ICT,20,2151116833,1515542227,60
formal_id_length_sweep,ICT,20,2824035603,3016758466,80
formal_id_length_sweep,ICT,20,2115596098,777573635,96
formal_id_length_sweep,ICT,20,3417556899,679626140,100
formal_id_length_sweep,ICT,20,3341502038,4164481926,128
formal_id_length_sweep,ICT,20,16035416,4235236382,160
formal_id_length_sweep,ICT,20,2280268056,522264657,192
formal_id_length_sweep,ICT,20,299398699,2085904268,256
formal_id_length_sweep,ICT,21,1310501261,422276243,20
formal_id_length_sweep,ICT,21,3858087420,14731259,40
formal_id_length_sweep,ICT,21,3181684721,2991079304,60
formal_id_length_sweep,ICT,21,1072691792,2688332964,80
formal_id_length_sweep,ICT,21,3104338274,812598524,96
formal_id_length_sweep,ICT,21,200311767,235594006,100
formal_id_length_sweep,ICT,21,2904687119,984921185,128
formal_id_length_sweep,ICT,21,4077270677,3065052468,160
formal_id_length_sweep,ICT,21,3967336087,4048520469,192
formal_id_length_sweep,ICT,21,215746801,2711170797,256
formal_id_length_sweep,ICT,22,686001247,449950598,20
formal_id_length_sweep,ICT,22,3025657408,2507677950,40
formal_id_length_sweep,ICT,22,1606209987,1282071364,60
formal_id_length_sweep,ICT,22,464922879,245801139,80
formal_id_length_sweep,ICT,22,1670193662,3914056260,96
formal_id_length_sweep,ICT,22,2178369009,3761840011,100
formal_id_length_sweep,ICT,22,1624420903,1701934412,128
formal_id_length_sweep,ICT,22,3560607004,252364174,160
formal_id_length_sweep,ICT,22,1261682843,1207478622,192
formal_id_length_sweep,ICT,22,3764176582,1614190594,256
formal_id_length_sweep,ICT,23,2887652093,4017346893,20
formal_id_length_sweep,ICT,23,57087796,3503084430,40
formal_id_length_sweep,ICT,23,3739220578,2940888540,60
formal_id_length_sweep,ICT,23,2761571220,3451865720,80
formal_id_length_sweep,ICT,23,74892211,3776690155,96
formal_id_length_sweep,ICT,23,2217726525,3819023029,100
formal_id_length_sweep,ICT,23,1825361325,4226962802,128
formal_id_length_sweep,ICT,23,852575468,3860397758,160
formal_id_length_sweep,ICT,23,3865261448,2634949371,192
formal_id_length_sweep,ICT,23,3960437060,1923708520,256
formal_id_length_sweep,ICT,24,768683018,1550574914,20
formal_id_length_sweep,ICT,24,1272550774,1376751552,40
formal_id_length_sweep,ICT,24,2680931880,1604128548,60
formal_id_length_sweep,ICT,24,4076009818,3692594946,80
formal_id_length_sweep,ICT,24,974644233,1677652666,96
formal_id_length_sweep,ICT,24,735854507,1779175908,100
formal_id_length_sweep,ICT,24,3121950890,3923775957,128
formal_id_length_sweep,ICT,24,1404714039,3598002478,160
formal_id_length_sweep,ICT,24,3997776277,1091981163,192
formal_id_length_sweep,ICT,24,374556454,861612039,256
formal_id_length_sweep,ICT,25,4104404572,723697779,20
formal_id_length_sweep,ICT,25,1406153004,993893198,40
formal_id_length_sweep,ICT,25,2880627581,1024219199,60
formal_id_length_sweep,ICT,25,3888551282,4229096098,80
formal_id_length_sweep,ICT,25,237287140,392722142,96
formal_id_length_sweep,ICT,25,3339197071,1054518088,100
formal_id_length_sweep,ICT,25,3115380797,3852411205,128
formal_id_length_sweep,ICT,25,578541335,1810256101,160
formal_id_length_sweep,ICT,25,2684305920,1184784112,192
formal_id_length_sweep,ICT,25,3916127239,3531959750,256
formal_id_length_sweep,ICT,26,1710307790,4154929325,20
formal_id_length_sweep,ICT,26,923319384,491095914,40
formal_id_length_sweep,ICT,26,1772107280,1052601930,60
formal_id_length_sweep,ICT,26,2295208114,2993374039,80
formal_id_length_sweep,ICT,26,2208628953,203163800,96
formal_id_length_sweep,ICT,26,3208220718,3051186801,100
formal_id_length_sweep,ICT,26,2337441380,3203052153,128
formal_id_length_sweep,ICT,26,4231314494,301140781,160
formal_id_length_sweep,ICT,26,1302319150,2718490365,192
formal_id_length_sweep,ICT,26,3402579263,1159728984,256
formal_id_length_sweep,ICT,27,1254764016,567962071,20
formal_id_length_sweep,ICT,27,3805576993,2707596434,40
formal_id_length_sweep,ICT,27,419164771,3222269105,60
formal_id_length_sweep,ICT,27,303438963,2831115302,80
formal_id_length_sweep,ICT,27,2719593811,639269000,96
formal_id_length_sweep,ICT,27,1168207028,1680160264,100
formal_id_length_sweep,ICT,27,2918986739,2939932005,128
formal_id_length_sweep,ICT,27,3968305513,780852231,160
formal_id_length_sweep,ICT,27,1747786600,2942892921,192
formal_id_length_sweep,ICT,27,2032304711,4244994735,256
formal_id_length_sweep,ICT,28,3100428891,2082263825,20
formal_id_length_sweep,ICT,28,701914681,2223631178,40
formal_id_length_sweep,ICT,28,415181588,3107811025,60
formal_id_length_sweep,ICT,28,896518539,2293619108,80
formal_id_length_sweep,ICT,28,2330850669,795242546,96
formal_id_length_sweep,ICT,28,4293839371,1685159594,100
formal_id_length_sweep,ICT,28,4233518068,3760854840,128
formal_id_length_sweep,ICT,28,1490032402,312281656,160
formal_id_length_sweep,ICT,28,1966703577,3186706572,192
formal_id_length_sweep,ICT,28,1995825189,2313524479,256
formal_id_length_sweep,ICT,29,1265055674,3210350895,20
formal_id_length_sweep,ICT,29,2987389979,1661980823,40
formal_id_length_sweep,ICT,29,4140736029,2813636569,60
formal_id_length_sweep,ICT,29,3405593828,3728326802,80
formal_id_length_sweep,ICT,29,949597425,3261070851,96
formal_id_length_sweep,ICT,29,1555064327,1720370164,100
formal_id_length_sweep,ICT,29,101472845,2851058667,128
formal_id_length_sweep,ICT,29,915891348,2181245916,160
formal_id_length_sweep,ICT,29,3370608000,4183986535,192
formal_id_length_sweep,ICT,29,1173874962,1246322988,256
formal_id_length_sweep,ICT,30,1405648522,1625091034,20
formal_id_length_sweep,ICT,30,4189606703,2428019019,40
formal_id_length_sweep,ICT,30,2236359360,3763150561,60
formal_id_length_sweep,ICT,30,905701959,1099479811,80
formal_id_length_sweep,ICT,30,305866955,2779350056,96
formal_id_length_sweep,ICT,30,1208203518,839924992,100
formal_id_length_sweep,ICT,30,386525980,2033191541,128
formal_id_length_sweep,ICT,30,907918313,884668587,160
formal_id_length_sweep,ICT,30,1920076833,2897487581,192
formal_id_length_sweep,ICT,30,1515510919,1126956345,256
formal_id_length_sweep,ICT,31,338787315,2222468626,20
formal_id_length_sweep,ICT,31,498585599,3042186272,40
formal_id_length_sweep,ICT,31,3263371041,3915700808,60
formal_id_length_sweep,ICT,31,569202280,3257133419,80
formal_id_length_sweep,ICT,31,1260126129,473349706,96
formal_id_length_sweep,ICT,31,1763821128,2398232358,100
formal_id_length_sweep,ICT,31,4037673289,177924509,128
formal_id_length_sweep,ICT,31,1927590570,3413367050,160
formal_id_length_sweep,ICT,31,3851068296,3941112615,192
formal_id_length_sweep,ICT,31,2019362312,1174452160,256
formal_id_length_sweep,ICT,32,2372887675,2985208417,20
formal_id_length_sweep,ICT,32,1298090251,856651281,40
formal_id_length_sweep,ICT,32,1683584658,2690417002,60
formal_id_length_sweep,ICT,32,1095417216,3003814391,80
formal_id_length_sweep,ICT,32,2265554124,4226669971,96
formal_id_length_sweep,ICT,32,1360602740,3063701937,100
formal_id_length_sweep,ICT,32,3532068426,3315592327,128
formal_id_length_sweep,ICT,32,3272852731,191849633,160
formal_id_length_sweep,ICT,32,406443290,2412218279,192
formal_id_length_sweep,ICT,32,390760088,2865714782,256
formal_id_length_sweep,ICT,33,3639392376,1692354875,20
formal_id_length_sweep,ICT,33,2067103324,1894731598,40
formal_id_length_sweep,ICT,33,3410737478,1543902292,60
formal_id_length_sweep,ICT,33,1539266752,4016587885,80
formal_id_length_sweep,ICT,33,624849251,1244056468,96
formal_id_length_sweep,ICT,33,2223752849,4040033946,100
formal_id_length_sweep,ICT,33,165640310,479748459,128
formal_id_length_sweep,ICT,33,2339622505,1308873409,160
formal_id_length_sweep,ICT,33,4206893019,505962328,192
formal_id_length_sweep,ICT,33,1639674763,413838672,256
formal_id_length_sweep,ICT,34,3752954330,1087028831,20
formal_id_length_sweep,ICT,34,2546508928,2393314256,40
formal_id_length_sweep,ICT,34,66927409,2579091688,60
formal_id_length_sweep,ICT,34,3863928290,982261321,80
formal_id_length_sweep,ICT,34,2538622943,104337676,96
formal_id_length_sweep,ICT,34,1726428416,3850817043,100
formal_id_length_sweep,ICT,34,233659342,455185733,128
formal_id_length_sweep,ICT,34,747531232,469340968,160
formal_id_length_sweep,ICT,34,1026483804,3864439998,192
formal_id_length_sweep,ICT,34,1202297178,751339797,256
formal_id_length_sweep,ICT,35,2890531390,3218915579,20
formal_id_length_sweep,ICT,35,3859759531,1277906039,40
formal_id_length_sweep,ICT,35,2458632215,2530813031,60
formal_id_length_sweep,ICT,35,1147643091,333612025,80
formal_id_length_sweep,ICT,35,494488086,3438363084,96
formal_id_length_sweep,ICT,35,759726048,2573915072,100
formal_id_length_sweep,ICT,35,3828104277,1640238847,128
formal_id_length_sweep,ICT,35,281902067,3806142527,160
formal_id_length_sweep,ICT,35,723787142,2618543883,192
formal_id_length_sweep,ICT,35,1871597334,407346115,256
formal_id_length_sweep,ICT,36,2618949986,1218532314,20
formal_id_length_sweep,ICT,36,3999292794,499256743,40
formal_id_length_sweep,ICT,36,2608047520,1682272988,60
formal_id_length_sweep,ICT,36,1565658348,436543178,80
formal_id_length_sweep,ICT,36,1729117906,2866135603,96
formal_id_length_sweep,ICT,36,1689399461,782041786,100
formal_id_length_sweep,ICT,36,2569309401,4284095982,128
formal_id_length_sweep,ICT,36,1168342078,1388266147,160
formal_id_length_sweep,ICT,36,4110026418,68064700,192
formal_id_length_sweep,ICT,36,3083548185,2690385069,256
formal_id_length_sweep,ICT,37,914573255,2984894329,20
formal_id_length_sweep,ICT,37,3683619215,3632910525,40
formal_id_length_sweep,ICT,37,4074268167,1789115742,60
formal_id_length_sweep,ICT,37,2342205768,666758362,80
formal_id_length_sweep,ICT,37,1522657298,3866497766,96
formal_id_length_sweep,ICT,37,3363077235,101276337,100
formal_id_length_sweep,ICT,37,1345069188,3418739787,128
formal_id_length_sweep,ICT,37,1557058044,3515760604,160
formal_id_length_sweep,ICT,37,2407785304,1444856027,192
formal_id_length_sweep,ICT,37,456092532,3033545631,256
formal_id_length_sweep,ICT,38,463299081,2948350517,20
formal_id_length_sweep,ICT,38,3765522801,216968258,40
formal_id_length_sweep,ICT,38,582684834,3870136595,60
formal_id_length_sweep,ICT,38,1534630818,452194095,80
formal_id_length_sweep,ICT,38,3342175643,2933741178,96
formal_id_length_sweep,ICT,38,4227552383,1675201392,100
formal_id_length_sweep,ICT,38,2693492944,3506284835,128
formal_id_length_sweep,ICT,38,3384057875,1493326901,160
formal_id_length_sweep,ICT,38,896456331,2766234913,192
formal_id_length_sweep,ICT,38,1385392060,2404709936,256
formal_id_length_sweep,ICT,39,961353927,1082333938,20
formal_id_length_sweep,ICT,39,1943849482,2639893260,40
formal_id_length_sweep,ICT,39,3800510185,358939448,60
formal_id_length_sweep,ICT,39,1154136017,2003007099,80
formal_id_length_sweep,ICT,39,2041610322,2691780394,96
formal_id_length_sweep,ICT,39,4124585325,2831071333,100
formal_id_length_sweep,ICT,39,1561511251,165645654,128
formal_id_length_sweep,ICT,39,3321238138,2774750087,160
formal_id_length_sweep,ICT,39,1535225800,4012517420,192
formal_id_length_sweep,ICT,39,1141611432,2739195012,256
formal_id_length_sweep,ICT,40,1594597739,1030195305,20
formal_id_length_sweep,ICT,40,2196734206,1687297501,40
formal_id_length_sweep,ICT,40,1901548672,1359263378,60
formal_id_length_sweep,ICT,40,2061132202,76812870,80
formal_id_length_sweep,ICT,40,2934930705,401467931,96
formal_id_length_sweep,ICT,40,449859025,3626896256,100
formal_id_length_sweep,ICT,40,1702748032,2687720640,128
formal_id_length_sweep,ICT,40,1376518921,2628857593,160
formal_id_length_sweep,ICT,40,311407170,798131249,192
formal_id_length_sweep,ICT,40,2782796562,964939497,256
formal_id_length_sweep,ICT,41,3957795199,4048924937,20
formal_id_length_sweep,ICT,41,3825560531,3658540860,40
formal_id_length_sweep,ICT,41,1353534015,3337669372,60
formal_id_length_sweep,ICT,41,2935876177,4198975683,80
formal_id_length_sweep,ICT,41,289388657,2011529271,96
formal_id_length_sweep,ICT,41,195955706,2312542745,100
formal_id_length_sweep,ICT,41,3667011643,717157053,128
formal_id_length_sweep,ICT,41,2096428599,3457979988,160
formal_id_length_sweep,ICT,41,4234513742,461563855,192
formal_id_length_sweep,ICT,41,93922502,597309585,256
formal_id_length_sweep,ICT,42,611594096,1401197225,20
formal_id_length_sweep,ICT,42,1186080764,1523748072,40
formal_id_length_sweep,ICT,42,4174937035,1162290281,60
formal_id_length_sweep,ICT,42,600805140,4108012898,80
formal_id_length_sweep,ICT,42,3931197386,139267451,96
formal_id_length_sweep,ICT,42,1916285082,1616842853,100
formal_id_length_sweep,ICT,42,1153453263,3068656609,128
formal_id_length_sweep,ICT,42,1017870458,1128060195,160
formal_id_length_sweep,ICT,42,1382676058,1123023031,192
formal_id_length_sweep,ICT,42,3643858683,998110843,256
formal_id_length_sweep,ICT,43,1083430060,606926660,20
formal_id_length_sweep,ICT,43,1636663436,418918463,40
formal_id_length_sweep,ICT,43,1450811516,321902160,60
formal_id_length_sweep,ICT,43,3130144389,1138792113,80
formal_id_length_sweep,ICT,43,34088026,1824710332,96
formal_id_length_sweep,ICT,43,1504115291,4208478987,100
formal_id_length_sweep,ICT,43,2355833024,78705465,128
formal_id_length_sweep,ICT,43,142758089,915444286,160
formal_id_length_sweep,ICT,43,2048855895,2580886954,192
formal_id_length_sweep,ICT,43,1445629864,2981984208,256
formal_id_length_sweep,ICT,44,1685517026,4014075217,20
formal_id_length_sweep,ICT,44,2452940343,2250058861,40
formal_id_length_sweep,ICT,44,3739718055,984512052,60
formal_id_length_sweep,ICT,44,566392430,3716960007,80
formal_id_length_sweep,ICT,44,513838650,2091746726,96
formal_id_length_sweep,ICT,44,1401714156,4074139700,100
formal_id_length_sweep,ICT,44,93619563,903150036,128
formal_id_length_sweep,ICT,44,649128258,1281790183,160
formal_id_length_sweep,ICT,44,39113712,875419173,192
formal_id_length_sweep,ICT,44,2905850660,4117766821,256
formal_id_length_sweep,ICT,45,2794529431,999966639,20
formal_id_length_sweep,ICT,45,1222844799,2001922306,40
formal_id_length_sweep,ICT,45,3228046417,580935825,60
formal_id_length_sweep,ICT,45,4014926531,1144302108,80
formal_id_length_sweep,ICT,45,73451943,1981957189,96
formal_id_length_sweep,ICT,45,303203638,1026114911,100
formal_id_length_sweep,ICT,45,3710678357,361627640,128
formal_id_length_sweep,ICT,45,3643062280,373908463,160
formal_id_length_sweep,ICT,45,3512622617,89222334,192
formal_id_length_sweep,ICT,45,2958495669,3197289121,256
formal_id_length_sweep,ICT,46,3177951371,1592450509,20
formal_id_length_sweep,ICT,46,280424639,874866126,40
formal_id_length_sweep,ICT,46,3246406024,3824478108,60
formal_id_length_sweep,ICT,46,304230472,2365094476,80
formal_id_length_sweep,ICT,46,2025633173,818806871,96
formal_id_length_sweep,ICT,46,3845386591,2873925874,100
formal_id_length_sweep,ICT,46,1923096838,3028077215,128
formal_id_length_sweep,ICT,46,967210689,1927490720,160
formal_id_length_sweep,ICT,46,1354203506,1693748434,192
formal_id_length_sweep,ICT,46,3692034352,1257321161,256
formal_id_length_sweep,ICT,47,4247619817,2837143709,20
formal_id_length_sweep,ICT,47,1522059884,943714550,40
formal_id_length_sweep,ICT,47,1627436536,4104080469,60
formal_id_length_sweep,ICT,47,2479907811,2581887198,80
formal_id_length_sweep,ICT,47,3783611845,3588946049,96
formal_id_length_sweep,ICT,47,3875778528,491735505,100
formal_id_length_sweep,ICT,47,324831139,1709834286,128
formal_id_length_sweep,ICT,47,2402165827,493947985,160
formal_id_length_sweep,ICT,47,1954624014,3534914566,192
formal_id_length_sweep,ICT,47,1069889121,2347478300,256
formal_id_length_sweep,ICT,48,1536423647,682447152,20
formal_id_length_sweep,ICT,48,1215447197,1812959562,40
formal_id_length_sweep,ICT,48,2664048286,3567313040,60
formal_id_length_sweep,ICT,48,2184705360,963394859,80
formal_id_length_sweep,ICT,48,1197694827,3374550819,96
formal_id_length_sweep,ICT,48,743938701,3223044189,100
formal_id_length_sweep,ICT,48,657722500,1299148641,128
formal_id_length_sweep,ICT,48,2570756514,4171673868,160
formal_id_length_sweep,ICT,48,1289966514,994150821,192
formal_id_length_sweep,ICT,48,2739515254,3353530239,256
formal_id_length_sweep,ICT,49,4040440597,1338176252,20
formal_id_length_sweep,ICT,49,3080157852,4022197783,40
formal_id_length_sweep,ICT,49,3795048292,1622138420,60
formal_id_length_sweep,ICT,49,3204201576,3431378226,80
formal_id_length_sweep,ICT,49,3088740460,1364061389,96
formal_id_length_sweep,ICT,49,3984571849,3215551386,100
formal_id_length_sweep,ICT,49,3425662313,2673940748,128
formal_id_length_sweep,ICT,49,3208396941,1792869342,160
formal_id_length_sweep,ICT,49,2843146286,2891892650,192
formal_id_length_sweep,ICT,49,251992345,1514707152,256
formal_id_length_sweep,LAPCT,0,1211239912,4149378797,20
formal_id_length_sweep,LAPCT,0,696364180,1111639927,40
formal_id_length_sweep,LAPCT,0,303552650,585393261,60
formal_id_length_sweep,LAPCT,0,4021583103,2405104338,80
formal_id_length_sweep,LAPCT,0,552297578,2944587042,96
formal_id_length_sweep,LAPCT,0,3807197959,3237013303,100
formal_id_length_sweep,LAPCT,0,2154439261,1974346846,128
formal_id_length_sweep,LAPCT,0,53669434,2968657243,160
formal_id_length_sweep,LAPCT,0,779954931,2354378167,192
formal_id_length_sweep,LAPCT,0,4141531494,2228478037,256
formal_id_length_sweep,LAPCT,1,1858058983,1965677517,20
formal_id_length_sweep,LAPCT,1,3122866472,3923871575,40
formal_id_length_sweep,LAPCT,1,3188470597,3968143409,60
formal_id_length_sweep,LAPCT,1,475761283,481379694,80
formal_id_length_sweep,LAPCT,1,685656045,3995804357,96
formal_id_length_sweep,LAPCT,1,540925788,299015023,100
formal_id_length_sweep,LAPCT,1,942985826,648864212,128
formal_id_length_sweep,LAPCT,1,2817071578,4028028777,160
formal_id_length_sweep,LAPCT,1,3051988228,1646689819,192
formal_id_length_sweep,LAPCT,1,2260082378,2847921087,256
formal_id_length_sweep,LAPCT,2,3912097829,2492573874,20
formal_id_length_sweep,LAPCT,2,2023914469,2849898788,40
formal_id_length_sweep,LAPCT,2,847643342,960246561,60
formal_id_length_sweep,LAPCT,2,3958863349,2451813642,80
formal_id_length_sweep,LAPCT,2,3666925827,1523788821,96
formal_id_length_sweep,LAPCT,2,3946500883,744318263,100
formal_id_length_sweep,LAPCT,2,3385053515,2094851754,128
formal_id_length_sweep,LAPCT,2,2634534493,3564711387,160
formal_id_length_sweep,LAPCT,2,3982337167,864635266,192
formal_id_length_sweep,LAPCT,2,2754403413,2742893167,256
formal_id_length_sweep,LAPCT,3,3020249695,3242203896,20
formal_id_length_sweep,LAPCT,3,77608284,623716751,40
formal_id_length_sweep,LAPCT,3,3444491863,2662411575,60
formal_id_length_sweep,LAPCT,3,550340296,1687096916,80
formal_id_length_sweep,LAPCT,3,2694801678,3421020731,96
formal_id_length_sweep,LAPCT,3,2158927053,320127003,100
formal_id_length_sweep,LAPCT,3,3156282246,3077594772,128
formal_id_length_sweep,LAPCT,3,744668023,1711707951,160
formal_id_length_sweep,LAPCT,3,387767481,724688709,192
formal_id_length_sweep,LAPCT,3,2209102266,770429147,256
formal_id_length_sweep,LAPCT,4,2125843681,1248751439,20
formal_id_length_sweep,LAPCT,4,2758295573,2526917332,40
formal_id_length_sweep,LAPCT,4,1453674214,2363372738,60
formal_id_length_sweep,LAPCT,4,3544085237,1614860370,80
formal_id_length_sweep,LAPCT,4,703264642,1388687279,96
formal_id_length_sweep,LAPCT,4,3484452798,544273401,100
formal_id_length_sweep,LAPCT,4,2319110515,2118709500,128
formal_id_length_sweep,LAPCT,4,154816862,1939937003,160
formal_id_length_sweep,LAPCT,4,569991421,2605475675,192
formal_id_length_sweep,LAPCT,4,3519591180,3587517614,256
formal_id_length_sweep,LAPCT,5,1374789481,964259155,20
formal_id_length_sweep,LAPCT,5,3375286769,1446849914,40
formal_id_length_sweep,LAPCT,5,10692317,2923000648,60
formal_id_length_sweep,LAPCT,5,568073676,173799894,80
formal_id_length_sweep,LAPCT,5,1660733732,1565918916,96
formal_id_length_sweep,LAPCT,5,284186581,1085467528,100
formal_id_length_sweep,LAPCT,5,3069301506,4261585972,128
formal_id_length_sweep,LAPCT,5,2155917258,2832698852,160
formal_id_length_sweep,LAPCT,5,20336627,2163822949,192
formal_id_length_sweep,LAPCT,5,2575248428,508346733,256
formal_id_length_sweep,LAPCT,6,2194947846,1565416635,20
formal_id_length_sweep,LAPCT,6,218666516,3947846149,40
formal_id_length_sweep,LAPCT,6,1781867148,2802757797,60
formal_id_length_sweep,LAPCT,6,179051958,2645212348,80
formal_id_length_sweep,LAPCT,6,1661541949,3163883318,96
formal_id_length_sweep,LAPCT,6,1060733486,3648070378,100
formal_id_length_sweep,LAPCT,6,148694115,1122407774,128
formal_id_length_sweep,LAPCT,6,3486673516,3073535547,160
formal_id_length_sweep,LAPCT,6,29087867,2144242953,192
formal_id_length_sweep,LAPCT,6,2134829016,4152581688,256
formal_id_length_sweep,LAPCT,7,1968542344,4108680331,20
formal_id_length_sweep,LAPCT,7,86975461,3377770986,40
formal_id_length_sweep,LAPCT,7,4252023073,2879406471,60
formal_id_length_sweep,LAPCT,7,2196118756,1165345263,80
formal_id_length_sweep,LAPCT,7,3453428222,802213643,96
formal_id_length_sweep,LAPCT,7,192241861,4206450401,100
formal_id_length_sweep,LAPCT,7,782504862,1235187488,128
formal_id_length_sweep,LAPCT,7,186637928,3526060975,160
formal_id_length_sweep,LAPCT,7,153890269,1385146637,192
formal_id_length_sweep,LAPCT,7,2781431531,1623128996,256
formal_id_length_sweep,LAPCT,8,780756804,4138211488,20
formal_id_length_sweep,LAPCT,8,3606649690,1327943710,40
formal_id_length_sweep,LAPCT,8,2589800694,1400476737,60
formal_id_length_sweep,LAPCT,8,1788852059,3805706439,80
formal_id_length_sweep,LAPCT,8,3723126419,3761958774,96
formal_id_length_sweep,LAPCT,8,535821057,798209255,100
formal_id_length_sweep,LAPCT,8,4000672671,860060821,128
formal_id_length_sweep,LAPCT,8,3704916549,3677825300,160
formal_id_length_sweep,LAPCT,8,291447698,1236048544,192
formal_id_length_sweep,LAPCT,8,1582558263,796700248,256
formal_id_length_sweep,LAPCT,9,677046796,3642919587,20
formal_id_length_sweep,LAPCT,9,3548368820,3510152494,40
formal_id_length_sweep,LAPCT,9,2139438594,1250883418,60
formal_id_length_sweep,LAPCT,9,3814362992,2232921571,80
formal_id_length_sweep,LAPCT,9,2990994785,2507920970,96
formal_id_length_sweep,LAPCT,9,1255343242,4260422362,100
formal_id_length_sweep,LAPCT,9,1182994603,208927873,128
formal_id_length_sweep,LAPCT,9,3362835039,3554415463,160
formal_id_length_sweep,LAPCT,9,2878726668,1570886446,192
formal_id_length_sweep,LAPCT,9,2567001242,861103943,256
formal_id_length_sweep,LAPCT,10,3350676346,266961257,20
formal_id_length_sweep,LAPCT,10,4273957529,1505446543,40
formal_id_length_sweep,LAPCT,10,859414723,3245743902,60
formal_id_length_sweep,LAPCT,10,2712714715,1825369086,80
formal_id_length_sweep,LAPCT,10,4221009471,779869635,96
formal_id_length_sweep,LAPCT,10,427108240,3734645492,100
formal_id_length_sweep,LAPCT,10,1147378182,2565682617,128
formal_id_length_sweep,LAPCT,10,2151002067,1315180727,160
formal_id_length_sweep,LAPCT,10,4224636040,301309817,192
formal_id_length_sweep,LAPCT,10,1796061815,224169078,256
formal_id_length_sweep,LAPCT,11,2490753198,2385650030,20
formal_id_length_sweep,LAPCT,11,2336871534,2169099574,40
formal_id_length_sweep,LAPCT,11,3648448748,1587619589,60
formal_id_length_sweep,LAPCT,11,3315431236,4172598744,80
formal_id_length_sweep,LAPCT,11,824094583,2981646216,96
formal_id_length_sweep,LAPCT,11,3787346465,1783154167,100
formal_id_length_sweep,LAPCT,11,1797854318,3916319311,128
formal_id_length_sweep,LAPCT,11,17911564,1381000822,160
formal_id_length_sweep,LAPCT,11,2428770206,3908428457,192
formal_id_length_sweep,LAPCT,11,1019221399,3266401276,256
formal_id_length_sweep,LAPCT,12,2746534617,719665081,20
formal_id_length_sweep,LAPCT,12,2336016540,2129965204,40
formal_id_length_sweep,LAPCT,12,4043250653,2512773931,60
formal_id_length_sweep,LAPCT,12,3357077615,231591062,80
formal_id_length_sweep,LAPCT,12,1798702373,3455121874,96
formal_id_length_sweep,LAPCT,12,2505100895,2238109102,100
formal_id_length_sweep,LAPCT,12,299632783,4206436410,128
formal_id_length_sweep,LAPCT,12,2185278263,1248895581,160
formal_id_length_sweep,LAPCT,12,2949904956,111808062,192
formal_id_length_sweep,LAPCT,12,1243968233,660788163,256
formal_id_length_sweep,LAPCT,13,3236656474,2471827078,20
formal_id_length_sweep,LAPCT,13,29570997,1928239880,40
formal_id_length_sweep,LAPCT,13,2865977281,2783207891,60
formal_id_length_sweep,LAPCT,13,2393336731,3852386385,80
formal_id_length_sweep,LAPCT,13,757198453,855039546,96
formal_id_length_sweep,LAPCT,13,1078889665,2646814511,100
formal_id_length_sweep,LAPCT,13,63278972,3541590245,128
formal_id_length_sweep,LAPCT,13,1307331162,2403844014,160
formal_id_length_sweep,LAPCT,13,1825645343,2327011507,192
formal_id_length_sweep,LAPCT,13,2227501446,828424458,256
formal_id_length_sweep,LAPCT,14,3611991455,3569151765,20
formal_id_length_sweep,LAPCT,14,1847766478,3451673698,40
formal_id_length_sweep,LAPCT,14,1463096185,440572156,60
formal_id_length_sweep,LAPCT,14,6349715,2796671339,80
formal_id_length_sweep,LAPCT,14,2804041708,2123184100,96
formal_id_length_sweep,LAPCT,14,4187341960,2726402273,100
formal_id_length_sweep,LAPCT,14,4162478364,601677728,128
formal_id_length_sweep,LAPCT,14,2158669349,1499359736,160
formal_id_length_sweep,LAPCT,14,1520350337,2552166807,192
formal_id_length_sweep,LAPCT,14,3916047680,450986303,256
formal_id_length_sweep,LAPCT,15,2815521154,3902480633,20
formal_id_length_sweep,LAPCT,15,849565309,2269457293,40
formal_id_length_sweep,LAPCT,15,2328836271,1839049351,60
formal_id_length_sweep,LAPCT,15,1178804250,1763583784,80
formal_id_length_sweep,LAPCT,15,2088092778,2063222799,96
formal_id_length_sweep,LAPCT,15,50143366,2894379342,100
formal_id_length_sweep,LAPCT,15,3851272941,853834804,128
formal_id_length_sweep,LAPCT,15,2772590449,532711300,160
formal_id_length_sweep,LAPCT,15,3468533574,1757504117,192
formal_id_length_sweep,LAPCT,15,4266862493,3989712525,256
formal_id_length_sweep,LAPCT,16,2222097227,1886350468,20
formal_id_length_sweep,LAPCT,16,2961363353,3554455457,40
formal_id_length_sweep,LAPCT,16,3731080181,2199614718,60
formal_id_length_sweep,LAPCT,16,395358419,1127169591,80
formal_id_length_sweep,LAPCT,16,1797785561,1046297127,96
formal_id_length_sweep,LAPCT,16,567398321,3123346307,100
formal_id_length_sweep,LAPCT,16,2300812766,2987792264,128
formal_id_length_sweep,LAPCT,16,4003677933,1285387956,160
formal_id_length_sweep,LAPCT,16,945638788,1925955539,192
formal_id_length_sweep,LAPCT,16,531845027,355359845,256
formal_id_length_sweep,LAPCT,17,3184588927,4185784836,20
formal_id_length_sweep,LAPCT,17,2306426018,2205819055,40
formal_id_length_sweep,LAPCT,17,1911944603,2531833687,60
formal_id_length_sweep,LAPCT,17,1150207896,4198924426,80
formal_id_length_sweep,LAPCT,17,2511067819,566380020,96
formal_id_length_sweep,LAPCT,17,3981697733,3963463195,100
formal_id_length_sweep,LAPCT,17,4017608341,249776072,128
formal_id_length_sweep,LAPCT,17,1981594178,3315976561,160
formal_id_length_sweep,LAPCT,17,552471096,2214723583,192
formal_id_length_sweep,LAPCT,17,2532058873,379438649,256
formal_id_length_sweep,LAPCT,18,3767505925,3404874057,20
formal_id_length_sweep,LAPCT,18,400913036,1213582455,40
formal_id_length_sweep,LAPCT,18,3166031358,3530157201,60
formal_id_length_sweep,LAPCT,18,918748283,3789001502,80
formal_id_length_sweep,LAPCT,18,2464891821,1184906029,96
formal_id_length_sweep,LAPCT,18,3495563128,4227083061,100
formal_id_length_sweep,LAPCT,18,4244119286,3132587450,128
formal_id_length_sweep,LAPCT,18,3477284335,354480248,160
formal_id_length_sweep,LAPCT,18,1052282650,2070915381,192
formal_id_length_sweep,LAPCT,18,3107381882,2077373253,256
formal_id_length_sweep,LAPCT,19,697133743,834367113,20
formal_id_length_sweep,LAPCT,19,2135059601,2076352164,40
formal_id_length_sweep,LAPCT,19,1512288220,1093619277,60
formal_id_length_sweep,LAPCT,19,4129093465,1153516994,80
formal_id_length_sweep,LAPCT,19,2110929645,1917985964,96
formal_id_length_sweep,LAPCT,19,274213287,537709220,100
formal_id_length_sweep,LAPCT,19,3541945278,4144875471,128
formal_id_length_sweep,LAPCT,19,1165175147,2150846640,160
formal_id_length_sweep,LAPCT,19,3956304976,194846520,192
formal_id_length_sweep,LAPCT,19,1131150704,2667363048,256
formal_id_length_sweep,LAPCT,20,4037893529,1049434020,20
formal_id_length_sweep,LAPCT,20,2679116664,3125692310,40
formal_id_length_sweep,LAPCT,20,2151116833,2660523333,60
formal_id_length_sweep,LAPCT,20,2824035603,921203446,80
formal_id_length_sweep,LAPCT,20,2115596098,798761996,96
formal_id_length_sweep,LAPCT,20,3417556899,4023645029,100
formal_id_length_sweep,LAPCT,20,3341502038,1418697842,128
formal_id_length_sweep,LAPCT,20,16035416,3692667530,160
formal_id_length_sweep,LAPCT,20,2280268056,2658966337,192
formal_id_length_sweep,LAPCT,20,299398699,938587222,256
formal_id_length_sweep,LAPCT,21,1310501261,685347038,20
formal_id_length_sweep,LAPCT,21,3858087420,1377396796,40
formal_id_length_sweep,LAPCT,21,3181684721,4277440629,60
formal_id_length_sweep,LAPCT,21,1072691792,3805713119,80
formal_id_length_sweep,LAPCT,21,3104338274,651260533,96
formal_id_length_sweep,LAPCT,21,200311767,4284010157,100
formal_id_length_sweep,LAPCT,21,2904687119,1054008494,128
formal_id_length_sweep,LAPCT,21,4077270677,2122546645,160
formal_id_length_sweep,LAPCT,21,3967336087,4212344920,192
formal_id_length_sweep,LAPCT,21,215746801,1109397271,256
formal_id_length_sweep,LAPCT,22,686001247,1255411172,20
formal_id_length_sweep,LAPCT,22,3025657408,1981008601,40
formal_id_length_sweep,LAPCT,22,1606209987,1866299710,60
formal_id_length_sweep,LAPCT,22,464922879,1430886515,80
formal_id_length_sweep,LAPCT,22,1670193662,3053489616,96
formal_id_length_sweep,LAPCT,22,2178369009,224586534,100
formal_id_length_sweep,LAPCT,22,1624420903,1858863903,128
formal_id_length_sweep,LAPCT,22,3560607004,1400061793,160
formal_id_length_sweep,LAPCT,22,1261682843,1142335528,192
formal_id_length_sweep,LAPCT,22,3764176582,1317881133,256
formal_id_length_sweep,LAPCT,23,2887652093,1315973294,20
formal_id_length_sweep,LAPCT,23,57087796,423505448,40
formal_id_length_sweep,LAPCT,23,3739220578,3949265695,60
formal_id_length_sweep,LAPCT,23,2761571220,2744602016,80
formal_id_length_sweep,LAPCT,23,74892211,180494241,96
formal_id_length_sweep,LAPCT,23,2217726525,1474804347,100
formal_id_length_sweep,LAPCT,23,1825361325,805368128,128
formal_id_length_sweep,LAPCT,23,852575468,1049860235,160
formal_id_length_sweep,LAPCT,23,3865261448,667733651,192
formal_id_length_sweep,LAPCT,23,3960437060,1803638415,256
formal_id_length_sweep,LAPCT,24,768683018,142712953,20
formal_id_length_sweep,LAPCT,24,1272550774,2393892189,40
formal_id_length_sweep,LAPCT,24,2680931880,3855422154,60
formal_id_length_sweep,LAPCT,24,4076009818,481151859,80
formal_id_length_sweep,LAPCT,24,974644233,4221408955,96
formal_id_length_sweep,LAPCT,24,735854507,3043084426,100
formal_id_length_sweep,LAPCT,24,3121950890,4016432367,128
formal_id_length_sweep,LAPCT,24,1404714039,2101462719,160
formal_id_length_sweep,LAPCT,24,3997776277,262309722,192
formal_id_length_sweep,LAPCT,24,374556454,3319152419,256
formal_id_length_sweep,LAPCT,25,4104404572,4265017308,20
formal_id_length_sweep,LAPCT,25,1406153004,2621271558,40
formal_id_length_sweep,LAPCT,25,2880627581,3418128970,60
formal_id_length_sweep,LAPCT,25,3888551282,1808773286,80
formal_id_length_sweep,LAPCT,25,237287140,256551522,96
formal_id_length_sweep,LAPCT,25,3339197071,3464710169,100
formal_id_length_sweep,LAPCT,25,3115380797,744954190,128
formal_id_length_sweep,LAPCT,25,578541335,1292652690,160
formal_id_length_sweep,LAPCT,25,2684305920,3101197980,192
formal_id_length_sweep,LAPCT,25,3916127239,682333410,256
formal_id_length_sweep,LAPCT,26,1710307790,3901383650,20
formal_id_length_sweep,LAPCT,26,923319384,3065855009,40
formal_id_length_sweep,LAPCT,26,1772107280,1490915344,60
formal_id_length_sweep,LAPCT,26,2295208114,3372090566,80
formal_id_length_sweep,LAPCT,26,2208628953,3450594024,96
formal_id_length_sweep,LAPCT,26,3208220718,1365445685,100
formal_id_length_sweep,LAPCT,26,2337441380,1202102322,128
formal_id_length_sweep,LAPCT,26,4231314494,1539200877,160
formal_id_length_sweep,LAPCT,26,1302319150,2261797964,192
formal_id_length_sweep,LAPCT,26,3402579263,2637336138,256
formal_id_length_sweep,LAPCT,27,1254764016,2255385246,20
formal_id_length_sweep,LAPCT,27,3805576993,1688475950,40
formal_id_length_sweep,LAPCT,27,419164771,2172884820,60
formal_id_length_sweep,LAPCT,27,303438963,772501013,80
formal_id_length_sweep,LAPCT,27,2719593811,3504150310,96
formal_id_length_sweep,LAPCT,27,1168207028,3916633678,100
formal_id_length_sweep,LAPCT,27,2918986739,4133755118,128
formal_id_length_sweep,LAPCT,27,3968305513,251240108,160
formal_id_length_sweep,LAPCT,27,1747786600,2708339377,192
formal_id_length_sweep,LAPCT,27,2032304711,895915672,256
formal_id_length_sweep,LAPCT,28,3100428891,217209904,20
formal_id_length_sweep,LAPCT,28,701914681,2142424241,40
formal_id_length_sweep,LAPCT,28,415181588,1181374732,60
formal_id_length_sweep,LAPCT,28,896518539,2782219740,80
formal_id_length_sweep,LAPCT,28,2330850669,3680294707,96
formal_id_length_sweep,LAPCT,28,4293839371,2748474827,100
formal_id_length_sweep,LAPCT,28,4233518068,4116745074,128
formal_id_length_sweep,LAPCT,28,1490032402,4247776253,160
formal_id_length_sweep,LAPCT,28,1966703577,2293883492,192
formal_id_length_sweep,LAPCT,28,1995825189,4244246519,256
formal_id_length_sweep,LAPCT,29,1265055674,3278440197,20
formal_id_length_sweep,LAPCT,29,2987389979,1445260071,40
formal_id_length_sweep,LAPCT,29,4140736029,871007819,60
formal_id_length_sweep,LAPCT,29,3405593828,1504943248,80
formal_id_length_sweep,LAPCT,29,949597425,2933315448,96
formal_id_length_sweep,LAPCT,29,1555064327,45385605,100
formal_id_length_sweep,LAPCT,29,101472845,819098792,128
formal_id_length_sweep,LAPCT,29,915891348,801258700,160
formal_id_length_sweep,LAPCT,29,3370608000,2960750052,192
formal_id_length_sweep,LAPCT,29,1173874962,1676407364,256
formal_id_length_sweep,LAPCT,30,1405648522,1714500350,20
formal_id_length_sweep,LAPCT,30,4189606703,3114689187,40
formal_id_length_sweep,LAPCT,30,2236359360,4078099294,60
formal_id_length_sweep,LAPCT,30,905701959,391832079,80
formal_id_length_sweep,LAPCT,30,305866955,3551516399,96
formal_id_length_sweep,LAPCT,30,1208203518,1984938202,100
formal_id_length_sweep,LAPCT,30,386525980,425160676,128
formal_id_length_sweep,LAPCT,30,907918313,1631824140,160
formal_id_length_sweep,LAPCT,30,1920076833,3792398830,192
formal_id_length_sweep,LAPCT,30,1515510919,2964534679,256
formal_id_length_sweep,LAPCT,31,338787315,1370150315,20
formal_id_length_sweep,LAPCT,31,498585599,1799632075,40
formal_id_length_sweep,LAPCT,31,3263371041,1956743604,60
formal_id_length_sweep,LAPCT,31,569202280,3585770181,80
formal_id_length_sweep,LAPCT,31,1260126129,1875896780,96
formal_id_length_sweep,LAPCT,31,1763821128,3829875728,100
formal_id_length_sweep,LAPCT,31,4037673289,1194074996,128
formal_id_length_sweep,LAPCT,31,1927590570,1252430601,160
formal_id_length_sweep,LAPCT,31,3851068296,2793288684,192
formal_id_length_sweep,LAPCT,31,2019362312,1665061685,256
formal_id_length_sweep,LAPCT,32,2372887675,535312381,20
formal_id_length_sweep,LAPCT,32,1298090251,669090522,40
formal_id_length_sweep,LAPCT,32,1683584658,3812836065,60
formal_id_length_sweep,LAPCT,32,1095417216,2886814427,80
formal_id_length_sweep,LAPCT,32,2265554124,457517437,96
formal_id_length_sweep,LAPCT,32,1360602740,1585033533,100
formal_id_length_sweep,LAPCT,32,3532068426,2667227087,128
formal_id_length_sweep,LAPCT,32,3272852731,3988222399,160
formal_id_length_sweep,LAPCT,32,406443290,3492323781,192
formal_id_length_sweep,LAPCT,32,390760088,3835450286,256
formal_id_length_sweep,LAPCT,33,3639392376,1936987205,20
formal_id_length_sweep,LAPCT,33,2067103324,1988695610,40
formal_id_length_sweep,LAPCT,33,3410737478,2169563594,60
formal_id_length_sweep,LAPCT,33,1539266752,2882639869,80
formal_id_length_sweep,LAPCT,33,624849251,3210134976,96
formal_id_length_sweep,LAPCT,33,2223752849,2340428327,100
formal_id_length_sweep,LAPCT,33,165640310,2075390509,128
formal_id_length_sweep,LAPCT,33,2339622505,3806673568,160
formal_id_length_sweep,LAPCT,33,4206893019,1311024947,192
formal_id_length_sweep,LAPCT,33,1639674763,860491717,256
formal_id_length_sweep,LAPCT,34,3752954330,563721589,20
formal_id_length_sweep,LAPCT,34,2546508928,186585160,40
formal_id_length_sweep,LAPCT,34,66927409,3027554478,60
formal_id_length_sweep,LAPCT,34,3863928290,3225870828,80
formal_id_length_sweep,LAPCT,34,2538622943,2589866278,96
formal_id_length_sweep,LAPCT,34,1726428416,2897364711,100
formal_id_length_sweep,LAPCT,34,233659342,1049164843,128
formal_id_length_sweep,LAPCT,34,747531232,247122303,160
formal_id_length_sweep,LAPCT,34,1026483804,2193039037,192
formal_id_length_sweep,LAPCT,34,1202297178,153141470,256
formal_id_length_sweep,LAPCT,35,2890531390,4281196328,20
formal_id_length_sweep,LAPCT,35,3859759531,930926346,40
formal_id_length_sweep,LAPCT,35,2458632215,323535324,60
formal_id_length_sweep,LAPCT,35,1147643091,3112360051,80
formal_id_length_sweep,LAPCT,35,494488086,1139613982,96
formal_id_length_sweep,LAPCT,35,759726048,1846281632,100
formal_id_length_sweep,LAPCT,35,3828104277,260302544,128
formal_id_length_sweep,LAPCT,35,281902067,4283072728,160
formal_id_length_sweep,LAPCT,35,723787142,2219421290,192
formal_id_length_sweep,LAPCT,35,1871597334,3740148537,256
formal_id_length_sweep,LAPCT,36,2618949986,1694574543,20
formal_id_length_sweep,LAPCT,36,3999292794,3914506363,40
formal_id_length_sweep,LAPCT,36,2608047520,1681867324,60
formal_id_length_sweep,LAPCT,36,1565658348,3086638802,80
formal_id_length_sweep,LAPCT,36,1729117906,1397669308,96
formal_id_length_sweep,LAPCT,36,1689399461,3343154299,100
formal_id_length_sweep,LAPCT,36,2569309401,1337322963,128
formal_id_length_sweep,LAPCT,36,1168342078,1459094339,160
formal_id_length_sweep,LAPCT,36,4110026418,3593278316,192
formal_id_length_sweep,LAPCT,36,3083548185,3591098927,256
formal_id_length_sweep,LAPCT,37,914573255,1770826212,20
formal_id_length_sweep,LAPCT,37,3683619215,4053434094,40
formal_id_length_sweep,LAPCT,37,4074268167,4277333882,60
formal_id_length_sweep,LAPCT,37,2342205768,754682697,80
formal_id_length_sweep,LAPCT,37,1522657298,2574586521,96
formal_id_length_sweep,LAPCT,37,3363077235,3981830005,100
formal_id_length_sweep,LAPCT,37,1345069188,1221708077,128
formal_id_length_sweep,LAPCT,37,1557058044,2456302373,160
formal_id_length_sweep,LAPCT,37,2407785304,3884896629,192
formal_id_length_sweep,LAPCT,37,456092532,375354183,256
formal_id_length_sweep,LAPCT,38,463299081,212397820,20
formal_id_length_sweep,LAPCT,38,3765522801,4104597937,40
formal_id_length_sweep,LAPCT,38,582684834,102975035,60
formal_id_length_sweep,LAPCT,38,1534630818,2032296547,80
formal_id_length_sweep,LAPCT,38,3342175643,516447670,96
formal_id_length_sweep,LAPCT,38,4227552383,2892741182,100
formal_id_length_sweep,LAPCT,38,2693492944,2213337539,128
formal_id_length_sweep,LAPCT,38,3384057875,2557731449,160
formal_id_length_sweep,LAPCT,38,896456331,2214997677,192
formal_id_length_sweep,LAPCT,38,1385392060,2631802484,256
formal_id_length_sweep,LAPCT,39,961353927,2941286760,20
formal_id_length_sweep,LAPCT,39,1943849482,1715081827,40
formal_id_length_sweep,LAPCT,39,3800510185,2125050883,60
formal_id_length_sweep,LAPCT,39,1154136017,2404457013,80
formal_id_length_sweep,LAPCT,39,2041610322,2438615686,96
formal_id_length_sweep,LAPCT,39,4124585325,425213569,100
formal_id_length_sweep,LAPCT,39,1561511251,2669611272,128
formal_id_length_sweep,LAPCT,39,3321238138,1958991771,160
formal_id_length_sweep,LAPCT,39,1535225800,3934764240,192
formal_id_length_sweep,LAPCT,39,1141611432,389404281,256
formal_id_length_sweep,LAPCT,40,1594597739,3268862869,20
formal_id_length_sweep,LAPCT,40,2196734206,43894924,40
formal_id_length_sweep,LAPCT,40,1901548672,3361101298,60
formal_id_length_sweep,LAPCT,40,2061132202,909704381,80
formal_id_length_sweep,LAPCT,40,2934930705,3521728330,96
formal_id_length_sweep,LAPCT,40,449859025,2245736205,100
formal_id_length_sweep,LAPCT,40,1702748032,2147096992,128
formal_id_length_sweep,LAPCT,40,1376518921,1133762356,160
formal_id_length_sweep,LAPCT,40,311407170,503165123,192
formal_id_length_sweep,LAPCT,40,2782796562,730437866,256
formal_id_length_sweep,LAPCT,41,3957795199,1267723017,20
formal_id_length_sweep,LAPCT,41,3825560531,2518235888,40
formal_id_length_sweep,LAPCT,41,1353534015,3153473965,60
formal_id_length_sweep,LAPCT,41,2935876177,3745825874,80
formal_id_length_sweep,LAPCT,41,289388657,497029226,96
formal_id_length_sweep,LAPCT,41,195955706,3467225231,100
formal_id_length_sweep,LAPCT,41,3667011643,2009638423,128
formal_id_length_sweep,LAPCT,41,2096428599,2070542853,160
formal_id_length_sweep,LAPCT,41,4234513742,98350779,192
formal_id_length_sweep,LAPCT,41,93922502,2447695914,256
formal_id_length_sweep,LAPCT,42,611594096,3332345960,20
formal_id_length_sweep,LAPCT,42,1186080764,1662267291,40
formal_id_length_sweep,LAPCT,42,4174937035,2841842952,60
formal_id_length_sweep,LAPCT,42,600805140,2879035285,80
formal_id_length_sweep,LAPCT,42,3931197386,2376430973,96
formal_id_length_sweep,LAPCT,42,1916285082,533784623,100
formal_id_length_sweep,LAPCT,42,1153453263,3831988013,128
formal_id_length_sweep,LAPCT,42,1017870458,2515915148,160
formal_id_length_sweep,LAPCT,42,1382676058,916377874,192
formal_id_length_sweep,LAPCT,42,3643858683,2634472405,256
formal_id_length_sweep,LAPCT,43,1083430060,3585438795,20
formal_id_length_sweep,LAPCT,43,1636663436,964126779,40
formal_id_length_sweep,LAPCT,43,1450811516,4146738471,60
formal_id_length_sweep,LAPCT,43,3130144389,2429806872,80
formal_id_length_sweep,LAPCT,43,34088026,845431047,96
formal_id_length_sweep,LAPCT,43,1504115291,1039735050,100
formal_id_length_sweep,LAPCT,43,2355833024,540917061,128
formal_id_length_sweep,LAPCT,43,142758089,1265783781,160
formal_id_length_sweep,LAPCT,43,2048855895,2224819136,192
formal_id_length_sweep,LAPCT,43,1445629864,4083013828,256
formal_id_length_sweep,LAPCT,44,1685517026,3228543716,20
formal_id_length_sweep,LAPCT,44,2452940343,2906572206,40
formal_id_length_sweep,LAPCT,44,3739718055,2554510020,60
formal_id_length_sweep,LAPCT,44,566392430,3553240189,80
formal_id_length_sweep,LAPCT,44,513838650,2287041703,96
formal_id_length_sweep,LAPCT,44,1401714156,3535841129,100
formal_id_length_sweep,LAPCT,44,93619563,2897623619,128
formal_id_length_sweep,LAPCT,44,649128258,3229659554,160
formal_id_length_sweep,LAPCT,44,39113712,2008338418,192
formal_id_length_sweep,LAPCT,44,2905850660,213514203,256
formal_id_length_sweep,LAPCT,45,2794529431,750741131,20
formal_id_length_sweep,LAPCT,45,1222844799,4091205877,40
formal_id_length_sweep,LAPCT,45,3228046417,1433325725,60
formal_id_length_sweep,LAPCT,45,4014926531,4044567100,80
formal_id_length_sweep,LAPCT,45,73451943,143371598,96
formal_id_length_sweep,LAPCT,45,303203638,1945905597,100
formal_id_length_sweep,LAPCT,45,3710678357,1802311173,128
formal_id_length_sweep,LAPCT,45,3643062280,2317468399,160
formal_id_length_sweep,LAPCT,45,3512622617,3773165123,192
formal_id_length_sweep,LAPCT,45,2958495669,2759957071,256
formal_id_length_sweep,LAPCT,46,3177951371,4111597728,20
formal_id_length_sweep,LAPCT,46,280424639,4226304213,40
formal_id_length_sweep,LAPCT,46,3246406024,862052749,60
formal_id_length_sweep,LAPCT,46,304230472,1893604556,80
formal_id_length_sweep,LAPCT,46,2025633173,684413826,96
formal_id_length_sweep,LAPCT,46,3845386591,913831088,100
formal_id_length_sweep,LAPCT,46,1923096838,211507496,128
formal_id_length_sweep,LAPCT,46,967210689,669151616,160
formal_id_length_sweep,LAPCT,46,1354203506,1174663516,192
formal_id_length_sweep,LAPCT,46,3692034352,3624136281,256
formal_id_length_sweep,LAPCT,47,4247619817,271205709,20
formal_id_length_sweep,LAPCT,47,1522059884,2084385303,40
formal_id_length_sweep,LAPCT,47,1627436536,4135233082,60
formal_id_length_sweep,LAPCT,47,2479907811,3564567076,80
formal_id_length_sweep,LAPCT,47,3783611845,908882184,96
formal_id_length_sweep,LAPCT,47,3875778528,2475484891,100
formal_id_length_sweep,LAPCT,47,324831139,3438901655,128
formal_id_length_sweep,LAPCT,47,2402165827,3595673981,160
formal_id_length_sweep,LAPCT,47,1954624014,3834219849,192
formal_id_length_sweep,LAPCT,47,1069889121,1677164605,256
formal_id_length_sweep,LAPCT,48,1536423647,2287736908,20
formal_id_length_sweep,LAPCT,48,1215447197,2002675998,40
formal_id_length_sweep,LAPCT,48,2664048286,1694146082,60
formal_id_length_sweep,LAPCT,48,2184705360,1600834285,80
formal_id_length_sweep,LAPCT,48,1197694827,1915682809,96
formal_id_length_sweep,LAPCT,48,743938701,1181979220,100
formal_id_length_sweep,LAPCT,48,657722500,4252495599,128
formal_id_length_sweep,LAPCT,48,2570756514,2430973425,160
formal_id_length_sweep,LAPCT,48,1289966514,4175973439,192
formal_id_length_sweep,LAPCT,48,2739515254,1797856256,256
formal_id_length_sweep,LAPCT,49,4040440597,1855723177,20
formal_id_length_sweep,LAPCT,49,3080157852,4093069677,40
formal_id_length_sweep,LAPCT,49,3795048292,3108113132,60
formal_id_length_sweep,LAPCT,49,3204201576,1630336658,80
formal_id_length_sweep,LAPCT,49,3088740460,4126734392,96
formal_id_length_sweep,LAPCT,49,3984571849,632729672,100
formal_id_length_sweep,LAPCT,49,3425662313,1549091933,128
formal_id_length_sweep,LAPCT,49,3208396941,1030895342,160
formal_id_length_sweep,LAPCT,49,2843146286,3281206429,192
formal_id_length_sweep,LAPCT,49,251992345,201493313,256
formal_id_length_sweep,NLHQT(n=1),0,1211239912,1683393517,20
formal_id_length_sweep,NLHQT(n=1),0,696364180,980870022,40
formal_id_length_sweep,NLHQT(n=1),0,303552650,1791291808,60
formal_id_length_sweep,NLHQT(n=1),0,4021583103,3323082699,80
formal_id_length_sweep,NLHQT(n=1),0,552297578,2171803775,96
formal_id_length_sweep,NLHQT(n=1),0,3807197959,2579174666,100
formal_id_length_sweep,NLHQT(n=1),0,2154439261,4133644283,128
formal_id_length_sweep,NLHQT(n=1),0,53669434,1673327474,160
formal_id_length_sweep,NLHQT(n=1),0,779954931,113765197,192
formal_id_length_sweep,NLHQT(n=1),0,4141531494,631259699,256
formal_id_length_sweep,NLHQT(n=1),1,1858058983,279902994,20
formal_id_length_sweep,NLHQT(n=1),1,3122866472,1481488862,40
formal_id_length_sweep,NLHQT(n=1),1,3188470597,952767846,60
formal_id_length_sweep,NLHQT(n=1),1,475761283,1025101712,80
formal_id_length_sweep,NLHQT(n=1),1,685656045,4025224509,96
formal_id_length_sweep,NLHQT(n=1),1,540925788,2021958151,100
formal_id_length_sweep,NLHQT(n=1),1,942985826,3862679792,128
formal_id_length_sweep,NLHQT(n=1),1,2817071578,3435571653,160
formal_id_length_sweep,NLHQT(n=1),1,3051988228,493253476,192
formal_id_length_sweep,NLHQT(n=1),1,2260082378,102697288,256
formal_id_length_sweep,NLHQT(n=1),2,3912097829,3592249984,20
formal_id_length_sweep,NLHQT(n=1),2,2023914469,225336814,40
formal_id_length_sweep,NLHQT(n=1),2,847643342,4251344401,60
formal_id_length_sweep,NLHQT(n=1),2,3958863349,3646224232,80
formal_id_length_sweep,NLHQT(n=1),2,3666925827,3950918668,96
formal_id_length_sweep,NLHQT(n=1),2,3946500883,1607794338,100
formal_id_length_sweep,NLHQT(n=1),2,3385053515,567439817,128
formal_id_length_sweep,NLHQT(n=1),2,2634534493,1870606029,160
formal_id_length_sweep,NLHQT(n=1),2,3982337167,3606955406,192
formal_id_length_sweep,NLHQT(n=1),2,2754403413,2809851142,256
formal_id_length_sweep,NLHQT(n=1),3,3020249695,1608624411,20
formal_id_length_sweep,NLHQT(n=1),3,77608284,4189299320,40
formal_id_length_sweep,NLHQT(n=1),3,3444491863,3844769021,60
formal_id_length_sweep,NLHQT(n=1),3,550340296,1286425717,80
formal_id_length_sweep,NLHQT(n=1),3,2694801678,3946160723,96
formal_id_length_sweep,NLHQT(n=1),3,2158927053,1765501524,100
formal_id_length_sweep,NLHQT(n=1),3,3156282246,2358173267,128
formal_id_length_sweep,NLHQT(n=1),3,744668023,3966367092,160
formal_id_length_sweep,NLHQT(n=1),3,387767481,4025922326,192
formal_id_length_sweep,NLHQT(n=1),3,2209102266,2766173015,256
formal_id_length_sweep,NLHQT(n=1),4,2125843681,113113347,20
formal_id_length_sweep,NLHQT(n=1),4,2758295573,863722572,40
formal_id_length_sweep,NLHQT(n=1),4,1453674214,3169287985,60
formal_id_length_sweep,NLHQT(n=1),4,3544085237,1214316397,80
formal_id_length_sweep,NLHQT(n=1),4,703264642,1149179642,96
formal_id_length_sweep,NLHQT(n=1),4,3484452798,531144688,100
formal_id_length_sweep,NLHQT(n=1),4,2319110515,1370604355,128
formal_id_length_sweep,NLHQT(n=1),4,154816862,482651476,160
formal_id_length_sweep,NLHQT(n=1),4,569991421,1112397885,192
formal_id_length_sweep,NLHQT(n=1),4,3519591180,160686642,256
formal_id_length_sweep,NLHQT(n=1),5,1374789481,3904565820,20
formal_id_length_sweep,NLHQT(n=1),5,3375286769,3266812872,40
formal_id_length_sweep,NLHQT(n=1),5,10692317,2860136066,60
formal_id_length_sweep,NLHQT(n=1),5,568073676,2121806940,80
formal_id_length_sweep,NLHQT(n=1),5,1660733732,3665378652,96
formal_id_length_sweep,NLHQT(n=1),5,284186581,2856283098,100
formal_id_length_sweep,NLHQT(n=1),5,3069301506,746058092,128
formal_id_length_sweep,NLHQT(n=1),5,2155917258,2122460898,160
formal_id_length_sweep,NLHQT(n=1),5,20336627,2703699029,192
formal_id_length_sweep,NLHQT(n=1),5,2575248428,1849140853,256
formal_id_length_sweep,NLHQT(n=1),6,2194947846,61366507,20
formal_id_length_sweep,NLHQT(n=1),6,218666516,2149700525,40
formal_id_length_sweep,NLHQT(n=1),6,1781867148,4103191005,60
formal_id_length_sweep,NLHQT(n=1),6,179051958,2357348859,80
formal_id_length_sweep,NLHQT(n=1),6,1661541949,1002562596,96
formal_id_length_sweep,NLHQT(n=1),6,1060733486,2830037290,100
formal_id_length_sweep,NLHQT(n=1),6,148694115,1942216616,128
formal_id_length_sweep,NLHQT(n=1),6,3486673516,6408153,160
formal_id_length_sweep,NLHQT(n=1),6,29087867,3140995172,192
formal_id_length_sweep,NLHQT(n=1),6,2134829016,3274609951,256
formal_id_length_sweep,NLHQT(n=1),7,1968542344,3733996099,20
formal_id_length_sweep,NLHQT(n=1),7,86975461,1757714128,40
formal_id_length_sweep,NLHQT(n=1),7,4252023073,2294489314,60
formal_id_length_sweep,NLHQT(n=1),7,2196118756,1618394197,80
formal_id_length_sweep,NLHQT(n=1),7,3453428222,2693332408,96
formal_id_length_sweep,NLHQT(n=1),7,192241861,2409690847,100
formal_id_length_sweep,NLHQT(n=1),7,782504862,306972502,128
formal_id_length_sweep,NLHQT(n=1),7,186637928,390603036,160
formal_id_length_sweep,NLHQT(n=1),7,153890269,423745605,192
formal_id_length_sweep,NLHQT(n=1),7,2781431531,157441213,256
formal_id_length_sweep,NLHQT(n=1),8,780756804,4094370493,20
formal_id_length_sweep,NLHQT(n=1),8,3606649690,2980058415,40
formal_id_length_sweep,NLHQT(n=1),8,2589800694,3542882193,60
formal_id_length_sweep,NLHQT(n=1),8,1788852059,698536059,80
formal_id_length_sweep,NLHQT(n=1),8,3723126419,780767688,96
formal_id_length_sweep,NLHQT(n=1),8,535821057,892805133,100
formal_id_length_sweep,NLHQT(n=1),8,4000672671,333804138,128
formal_id_length_sweep,NLHQT(n=1),8,3704916549,2363482476,160
formal_id_length_sweep,NLHQT(n=1),8,291447698,4143451560,192
formal_id_length_sweep,NLHQT(n=1),8,1582558263,3088878859,256
formal_id_length_sweep,NLHQT(n=1),9,677046796,3835577166,20
formal_id_length_sweep,NLHQT(n=1),9,3548368820,4246359271,40
formal_id_length_sweep,NLHQT(n=1),9,2139438594,1007203323,60
formal_id_length_sweep,NLHQT(n=1),9,3814362992,2381052886,80
formal_id_length_sweep,NLHQT(n=1),9,2990994785,2993822697,96
formal_id_length_sweep,NLHQT(n=1),9,1255343242,3315555932,100
formal_id_length_sweep,NLHQT(n=1),9,1182994603,3484288674,128
formal_id_length_sweep,NLHQT(n=1),9,3362835039,3660609451,160
formal_id_length_sweep,NLHQT(n=1),9,2878726668,3248702094,192
formal_id_length_sweep,NLHQT(n=1),9,2567001242,1807473353,256
formal_id_length_sweep,NLHQT(n=1),10,3350676346,3008509571,20
formal_id_length_sweep,NLHQT(n=1),10,4273957529,127615231,40
formal_id_length_sweep,NLHQT(n=1),10,859414723,3616384130,60
formal_id_length_sweep,NLHQT(n=1),10,2712714715,3588422436,80
formal_id_length_sweep,NLHQT(n=1),10,4221009471,4217569977,96
formal_id_length_sweep,NLHQT(n=1),10,427108240,338450104,100
formal_id_length_sweep,NLHQT(n=1),10,1147378182,1043484470,128
formal_id_length_sweep,NLHQT(n=1),10,2151002067,1528054745,160
formal_id_length_sweep,NLHQT(n=1),10,4224636040,2546088806,192
formal_id_length_sweep,NLHQT(n=1),10,1796061815,113185189,256
formal_id_length_sweep,NLHQT(n=1),11,2490753198,2399988927,20
formal_id_length_sweep,NLHQT(n=1),11,2336871534,493452039,40
formal_id_length_sweep,NLHQT(n=1),11,3648448748,1584872167,60
formal_id_length_sweep,NLHQT(n=1),11,3315431236,3404071004,80
formal_id_length_sweep,NLHQT(n=1),11,824094583,1550345986,96
formal_id_length_sweep,NLHQT(n=1),11,3787346465,1196737971,100
formal_id_length_sweep,NLHQT(n=1),11,1797854318,412590161,128
formal_id_length_sweep,NLHQT(n=1),11,17911564,1786181008,160
formal_id_length_sweep,NLHQT(n=1),11,2428770206,3203405392,192
formal_id_length_sweep,NLHQT(n=1),11,1019221399,979018764,256
formal_id_length_sweep,NLHQT(n=1),12,2746534617,260596336,20
formal_id_length_sweep,NLHQT(n=1),12,2336016540,133741028,40
formal_id_length_sweep,NLHQT(n=1),12,4043250653,1754738409,60
formal_id_length_sweep,NLHQT(n=1),12,3357077615,3398649810,80
formal_id_length_sweep,NLHQT(n=1),12,1798702373,3286144233,96
formal_id_length_sweep,NLHQT(n=1),12,2505100895,1147412252,100
formal_id_length_sweep,NLHQT(n=1),12,299632783,771037625,128
formal_id_length_sweep,NLHQT(n=1),12,2185278263,4284887336,160
formal_id_length_sweep,NLHQT(n=1),12,2949904956,2679616972,192
formal_id_length_sweep,NLHQT(n=1),12,1243968233,4288193193,256
formal_id_length_sweep,NLHQT(n=1),13,3236656474,1100604758,20
formal_id_length_sweep,NLHQT(n=1),13,29570997,3497322576,40
formal_id_length_sweep,NLHQT(n=1),13,2865977281,3620816968,60
formal_id_length_sweep,NLHQT(n=1),13,2393336731,2992597675,80
formal_id_length_sweep,NLHQT(n=1),13,757198453,2023449849,96
formal_id_length_sweep,NLHQT(n=1),13,1078889665,2637191376,100
formal_id_length_sweep,NLHQT(n=1),13,63278972,1631115688,128
formal_id_length_sweep,NLHQT(n=1),13,1307331162,2168251862,160
formal_id_length_sweep,NLHQT(n=1),13,1825645343,879522535,192
formal_id_length_sweep,NLHQT(n=1),13,2227501446,3768117569,256
formal_id_length_sweep,NLHQT(n=1),14,3611991455,517886515,20
formal_id_length_sweep,NLHQT(n=1),14,1847766478,2610968975,40
formal_id_length_sweep,NLHQT(n=1),14,1463096185,1057463449,60
formal_id_length_sweep,NLHQT(n=1),14,6349715,2541843661,80
formal_id_length_sweep,NLHQT(n=1),14,2804041708,131616662,96
formal_id_length_sweep,NLHQT(n=1),14,4187341960,4136819256,100
formal_id_length_sweep,NLHQT(n=1),14,4162478364,158375876,128
formal_id_length_sweep,NLHQT(n=1),14,2158669349,186255654,160
formal_id_length_sweep,NLHQT(n=1),14,1520350337,2785391262,192
formal_id_length_sweep,NLHQT(n=1),14,3916047680,193434451,256
formal_id_length_sweep,NLHQT(n=1),15,2815521154,3082796698,20
formal_id_length_sweep,NLHQT(n=1),15,849565309,371588382,40
formal_id_length_sweep,NLHQT(n=1),15,2328836271,3734397973,60
formal_id_length_sweep,NLHQT(n=1),15,1178804250,1429370185,80
formal_id_length_sweep,NLHQT(n=1),15,2088092778,556630325,96
formal_id_length_sweep,NLHQT(n=1),15,50143366,2807660981,100
formal_id_length_sweep,NLHQT(n=1),15,3851272941,4213632326,128
formal_id_length_sweep,NLHQT(n=1),15,2772590449,3604719047,160
formal_id_length_sweep,NLHQT(n=1),15,3468533574,596272724,192
formal_id_length_sweep,NLHQT(n=1),15,4266862493,3104863834,256
formal_id_length_sweep,NLHQT(n=1),16,2222097227,1536329670,20
formal_id_length_sweep,NLHQT(n=1),16,2961363353,3860232072,40
formal_id_length_sweep,NLHQT(n=1),16,3731080181,574213527,60
formal_id_length_sweep,NLHQT(n=1),16,395358419,1488356949,80
formal_id_length_sweep,NLHQT(n=1),16,1797785561,822582144,96
formal_id_length_sweep,NLHQT(n=1),16,567398321,3653794167,100
formal_id_length_sweep,NLHQT(n=1),16,2300812766,4000554439,128
formal_id_length_sweep,NLHQT(n=1),16,4003677933,370832057,160
formal_id_length_sweep,NLHQT(n=1),16,945638788,2871084948,192
formal_id_length_sweep,NLHQT(n=1),16,531845027,455254547,256
formal_id_length_sweep,NLHQT(n=1),17,3184588927,1015950441,20
formal_id_length_sweep,NLHQT(n=1),17,2306426018,3942051748,40
formal_id_length_sweep,NLHQT(n=1),17,1911944603,784285890,60
formal_id_length_sweep,NLHQT(n=1),17,1150207896,780605730,80
formal_id_length_sweep,NLHQT(n=1),17,2511067819,4071465467,96
formal_id_length_sweep,NLHQT(n=1),17,3981697733,615182875,100
formal_id_length_sweep,NLHQT(n=1),17,4017608341,1571247251,128
formal_id_length_sweep,NLHQT(n=1),17,1981594178,1433897268,160
formal_id_length_sweep,NLHQT(n=1),17,552471096,2999659588,192
formal_id_length_sweep,NLHQT(n=1),17,2532058873,2763409060,256
formal_id_length_sweep,NLHQT(n=1),18,3767505925,711869895,20
formal_id_length_sweep,NLHQT(n=1),18,400913036,3100587495,40
formal_id_length_sweep,NLHQT(n=1),18,3166031358,3333956092,60
formal_id_length_sweep,NLHQT(n=1),18,918748283,1770967165,80
formal_id_length_sweep,NLHQT(n=1),18,2464891821,4217517345,96
formal_id_length_sweep,NLHQT(n=1),18,3495563128,905240379,100
formal_id_length_sweep,NLHQT(n=1),18,4244119286,746667116,128
formal_id_length_sweep,NLHQT(n=1),18,3477284335,2405578919,160
formal_id_length_sweep,NLHQT(n=1),18,1052282650,86658721,192
formal_id_length_sweep,NLHQT(n=1),18,3107381882,1360718043,256
formal_id_length_sweep,NLHQT(n=1),19,697133743,1893150729,20
formal_id_length_sweep,NLHQT(n=1),19,2135059601,1067951856,40
formal_id_length_sweep,NLHQT(n=1),19,1512288220,2830271282,60
formal_id_length_sweep,NLHQT(n=1),19,4129093465,4148145968,80
formal_id_length_sweep,NLHQT(n=1),19,2110929645,3063363799,96
formal_id_length_sweep,NLHQT(n=1),19,274213287,1865744788,100
formal_id_length_sweep,NLHQT(n=1),19,3541945278,375601173,128
formal_id_length_sweep,NLHQT(n=1),19,1165175147,1737246300,160
formal_id_length_sweep,NLHQT(n=1),19,3956304976,4126755951,192
formal_id_length_sweep,NLHQT(n=1),19,1131150704,3883541026,256
formal_id_length_sweep,NLHQT(n=1),20,4037893529,2808460696,20
formal_id_length_sweep,NLHQT(n=1),20,2679116664,2482864688,40
formal_id_length_sweep,NLHQT(n=1),20,2151116833,3388934349,60
formal_id_length_sweep,NLHQT(n=1),20,2824035603,1488824322,80
formal_id_length_sweep,NLHQT(n=1),20,2115596098,1038762530,96
formal_id_length_sweep,NLHQT(n=1),20,3417556899,1430798181,100
formal_id_length_sweep,NLHQT(n=1),20,3341502038,3348737013,128
formal_id_length_sweep,NLHQT(n=1),20,16035416,1540435775,160
formal_id_length_sweep,NLHQT(n=1),20,2280268056,4097825007,192
formal_id_length_sweep,NLHQT(n=1),20,299398699,1194529799,256
formal_id_length_sweep,NLHQT(n=1),21,1310501261,245586996,20
formal_id_length_sweep,NLHQT(n=1),21,3858087420,1199569581,40
formal_id_length_sweep,NLHQT(n=1),21,3181684721,837771298,60
formal_id_length_sweep,NLHQT(n=1),21,1072691792,4186297478,80
formal_id_length_sweep,NLHQT(n=1),21,3104338274,314159489,96
formal_id_length_sweep,NLHQT(n=1),21,200311767,1189867619,100
formal_id_length_sweep,NLHQT(n=1),21,2904687119,3445011941,128
formal_id_length_sweep,NLHQT(n=1),21,4077270677,303924158,160
formal_id_length_sweep,NLHQT(n=1),21,3967336087,1866090778,192
formal_id_length_sweep,NLHQT(n=1),21,215746801,3672723250,256
formal_id_length_sweep,NLHQT(n=1),22,686001247,1101456336,20
formal_id_length_sweep,NLHQT(n=1),22,3025657408,1738712623,40
formal_id_length_sweep,NLHQT(n=1),22,1606209987,2964035548,60
formal_id_length_sweep,NLHQT(n=1),22,464922879,1986654325,80
formal_id_length_sweep,NLHQT(n=1),22,1670193662,1590616167,96
formal_id_length_sweep,NLHQT(n=1),22,2178369009,4199443733,100
formal_id_length_sweep,NLHQT(n=1),22,1624420903,2402391682,128
formal_id_length_sweep,NLHQT(n=1),22,3560607004,4043396479,160
formal_id_length_sweep,NLHQT(n=1),22,1261682843,2988127502,192
formal_id_length_sweep,NLHQT(n=1),22,3764176582,1476375583,256
formal_id_length_sweep,NLHQT(n=1),23,2887652093,419446731,20
formal_id_length_sweep,NLHQT(n=1),23,57087796,157578989,40
formal_id_length_sweep,NLHQT(n=1),23,3739220578,601669393,60
formal_id_length_sweep,NLHQT(n=1),23,2761571220,2303884732,80
formal_id_length_sweep,NLHQT(n=1),23,74892211,2956703344,96
formal_id_length_sweep,NLHQT(n=1),23,2217726525,2959803127,100
formal_id_length_sweep,NLHQT(n=1),23,1825361325,324074967,128
formal_id_length_sweep,NLHQT(n=1),23,852575468,935854557,160
formal_id_length_sweep,NLHQT(n=1),23,3865261448,104081971,192
formal_id_length_sweep,NLHQT(n=1),23,3960437060,3656584475,256
formal_id_length_sweep,NLHQT(n=1),24,768683018,3421217377,20
formal_id_length_sweep,NLHQT(n=1),24,1272550774,1615153487,40
formal_id_length_sweep,NLHQT(n=1),24,2680931880,2345901840,60
formal_id_length_sweep,NLHQT(n=1),24,4076009818,610590674,80
formal_id_length_sweep,NLHQT(n=1),24,974644233,3280110591,96
formal_id_length_sweep,NLHQT(n=1),24,735854507,1815414828,100
formal_id_length_sweep,NLHQT(n=1),24,3121950890,3323941717,128
formal_id_length_sweep,NLHQT(n=1),24,1404714039,308396694,160
formal_id_length_sweep,NLHQT(n=1),24,3997776277,507826230,192
formal_id_length_sweep,NLHQT(n=1),24,374556454,1200991273,256
formal_id_length_sweep,NLHQT(n=1),25,4104404572,3886716683,20
formal_id_length_sweep,NLHQT(n=1),25,1406153004,1245571664,40
formal_id_length_sweep,NLHQT(n=1),25,2880627581,3783356011,60
formal_id_length_sweep,NLHQT(n=1),25,3888551282,3460032360,80
formal_id_length_sweep,NLHQT(n=1),25,237287140,1602056616,96
formal_id_length_sweep,NLHQT(n=1),25,3339197071,3503715794,100
formal_id_length_sweep,NLHQT(n=1),25,3115380797,3249383216,128
formal_id_length_sweep,NLHQT(n=1),25,578541335,1155238391,160
formal_id_length_sweep,NLHQT(n=1),25,2684305920,889160623,192
formal_id_length_sweep,NLHQT(n=1),25,3916127239,1956862981,256
formal_id_length_sweep,NLHQT(n=1),26,1710307790,2543261875,20
formal_id_length_sweep,NLHQT(n=1),26,923319384,1167225525,40
formal_id_length_sweep,NLHQT(n=1),26,1772107280,4132642685,60
formal_id_length_sweep,NLHQT(n=1),26,2295208114,2918249227,80
formal_id_length_sweep,NLHQT(n=1),26,2208628953,2704203331,96
formal_id_length_sweep,NLHQT(n=1),26,3208220718,1454845936,100
formal_id_length_sweep,NLHQT(n=1),26,2337441380,195297438,128
formal_id_length_sweep,NLHQT(n=1),26,4231314494,1510466509,160
formal_id_length_sweep,NLHQT(n=1),26,1302319150,134483116,192
formal_id_length_sweep,NLHQT(n=1),26,3402579263,1457154322,256
formal_id_length_sweep,NLHQT(n=1),27,1254764016,272526898,20
formal_id_length_sweep,NLHQT(n=1),27,3805576993,793203498,40
formal_id_length_sweep,NLHQT(n=1),27,419164771,2506426699,60
formal_id_length_sweep,NLHQT(n=1),27,303438963,2385480225,80
formal_id_length_sweep,NLHQT(n=1),27,2719593811,4242108506,96
formal_id_length_sweep,NLHQT(n=1),27,1168207028,2020864926,100
formal_id_length_sweep,NLHQT(n=1),27,2918986739,2877171536,128
formal_id_length_sweep,NLHQT(n=1),27,3968305513,304623910,160
formal_id_length_sweep,NLHQT(n=1),27,1747786600,4096697553,192
formal_id_length_sweep,NLHQT(n=1),27,2032304711,3482203980,256
formal_id_length_sweep,NLHQT(n=1),28,3100428891,523167578,20
formal_id_length_sweep,NLHQT(n=1),28,701914681,2987491392,40
formal_id_length_sweep,NLHQT(n=1),28,415181588,2781757599,60
formal_id_length_sweep,NLHQT(n=1),28,896518539,3909782699,80
formal_id_length_sweep,NLHQT(n=1),28,2330850669,3511887534,96
formal_id_length_sweep,NLHQT(n=1),28,4293839371,2748805393,100
formal_id_length_sweep,NLHQT(n=1),28,4233518068,443562947,128
formal_id_length_sweep,NLHQT(n=1),28,1490032402,3823961936,160
formal_id_length_sweep,NLHQT(n=1),28,1966703577,2665067416,192
formal_id_length_sweep,NLHQT(n=1),28,1995825189,3959136250,256
formal_id_length_sweep,NLHQT(n=1),29,1265055674,483452969,20
formal_id_length_sweep,NLHQT(n=1),29,2987389979,2029595204,40
formal_id_length_sweep,NLHQT(n=1),29,4140736029,2650439919,60
formal_id_length_sweep,NLHQT(n=1),29,3405593828,457716861,80
formal_id_length_sweep,NLHQT(n=1),29,949597425,2023095090,96
formal_id_length_sweep,NLHQT(n=1),29,1555064327,2127214869,100
formal_id_length_sweep,NLHQT(n=1),29,101472845,2656816934,128
formal_id_length_sweep,NLHQT(n=1),29,915891348,751347876,160
formal_id_length_sweep,NLHQT(n=1),29,3370608000,1553250,192
formal_id_length_sweep,NLHQT(n=1),29,1173874962,1313528900,256
formal_id_length_sweep,NLHQT(n=1),30,1405648522,1749010430,20
formal_id_length_sweep,NLHQT(n=1),30,4189606703,1347825043,40
formal_id_length_sweep,NLHQT(n=1),30,2236359360,3410620383,60
formal_id_length_sweep,NLHQT(n=1),30,905701959,3767986067,80
formal_id_length_sweep,NLHQT(n=1),30,305866955,349603361,96
formal_id_length_sweep,NLHQT(n=1),30,1208203518,2230142522,100
formal_id_length_sweep,NLHQT(n=1),30,386525980,3192910435,128
formal_id_length_sweep,NLHQT(n=1),30,907918313,409777329,160
formal_id_length_sweep,NLHQT(n=1),30,1920076833,323764232,192
formal_id_length_sweep,NLHQT(n=1),30,1515510919,1742457431,256
formal_id_length_sweep,NLHQT(n=1),31,338787315,1952347299,20
formal_id_length_sweep,NLHQT(n=1),31,498585599,3348263567,40
formal_id_length_sweep,NLHQT(n=1),31,3263371041,711199467,60
formal_id_length_sweep,NLHQT(n=1),31,569202280,140986296,80
formal_id_length_sweep,NLHQT(n=1),31,1260126129,3328690417,96
formal_id_length_sweep,NLHQT(n=1),31,1763821128,1921565244,100
formal_id_length_sweep,NLHQT(n=1),31,4037673289,3808254018,128
formal_id_length_sweep,NLHQT(n=1),31,1927590570,1545800591,160
formal_id_length_sweep,NLHQT(n=1),31,3851068296,3996971899,192
formal_id_length_sweep,NLHQT(n=1),31,2019362312,1890532627,256
formal_id_length_sweep,NLHQT(n=1),32,2372887675,3792730767,20
formal_id_length_sweep,NLHQT(n=1),32,1298090251,3562075302,40
formal_id_length_sweep,NLHQT(n=1),32,1683584658,4046883970,60
formal_id_length_sweep,NLHQT(n=1),32,1095417216,1700698636,80
formal_id_length_sweep,NLHQT(n=1),32,2265554124,4043821268,96
formal_id_length_sweep,NLHQT(n=1),32,1360602740,3117126041,100
formal_id_length_sweep,NLHQT(n=1),32,3532068426,4017471714,128
formal_id_length_sweep,NLHQT(n=1),32,3272852731,461151604,160
formal_id_length_sweep,NLHQT(n=1),32,406443290,619506990,192
formal_id_length_sweep,NLHQT(n=1),32,390760088,943952631,256
formal_id_length_sweep,NLHQT(n=1),33,3639392376,3916249621,20
formal_id_length_sweep,NLHQT(n=1),33,2067103324,1721404167,40
formal_id_length_sweep,NLHQT(n=1),33,3410737478,2015117360,60
formal_id_length_sweep,NLHQT(n=1),33,1539266752,3040357552,80
formal_id_length_sweep,NLHQT(n=1),33,624849251,505362907,96
formal_id_length_sweep,NLHQT(n=1),33,2223752849,2481856904,100
formal_id_length_sweep,NLHQT(n=1),33,165640310,2034693710,128
formal_id_length_sweep,NLHQT(n=1),33,2339622505,4042273359,160
formal_id_length_sweep,NLHQT(n=1),33,4206893019,2175782314,192
formal_id_length_sweep,NLHQT(n=1),33,1639674763,332518764,256
formal_id_length_sweep,NLHQT(n=1),34,3752954330,1574712048,20
formal_id_length_sweep,NLHQT(n=1),34,2546508928,3361282913,40
formal_id_length_sweep,NLHQT(n=1),34,66927409,607526015,60
formal_id_length_sweep,NLHQT(n=1),34,3863928290,1750524165,80
formal_id_length_sweep,NLHQT(n=1),34,2538622943,2031762038,96
formal_id_length_sweep,NLHQT(n=1),34,1726428416,2310556145,100
formal_id_length_sweep,NLHQT(n=1),34,233659342,3404886723,128
formal_id_length_sweep,NLHQT(n=1),34,747531232,1269535066,160
formal_id_length_sweep,NLHQT(n=1),34,1026483804,190262699,192
formal_id_length_sweep,NLHQT(n=1),34,1202297178,1132724815,256
formal_id_length_sweep,NLHQT(n=1),35,2890531390,2090203748,20
formal_id_length_sweep,NLHQT(n=1),35,3859759531,3191742651,40
formal_id_length_sweep,NLHQT(n=1),35,2458632215,2864775466,60
formal_id_length_sweep,NLHQT(n=1),35,1147643091,2914363876,80
formal_id_length_sweep,NLHQT(n=1),35,494488086,2613540584,96
formal_id_length_sweep,NLHQT(n=1),35,759726048,3363034738,100
formal_id_length_sweep,NLHQT(n=1),35,3828104277,1601412065,128
formal_id_length_sweep,NLHQT(n=1),35,281902067,147034837,160
formal_id_length_sweep,NLHQT(n=1),35,723787142,2958426644,192
formal_id_length_sweep,NLHQT(n=1),35,1871597334,4094978035,256
formal_id_length_sweep,NLHQT(n=1),36,2618949986,856506513,20
formal_id_length_sweep,NLHQT(n=1),36,3999292794,620296982,40
formal_id_length_sweep,NLHQT(n=1),36,2608047520,79031558,60
formal_id_length_sweep,NLHQT(n=1),36,1565658348,609073395,80
formal_id_length_sweep,NLHQT(n=1),36,1729117906,2412907705,96
formal_id_length_sweep,NLHQT(n=1),36,1689399461,2156376591,100
formal_id_length_sweep,NLHQT(n=1),36,2569309401,2204117581,128
formal_id_length_sweep,NLHQT(n=1),36,1168342078,3281799076,160
formal_id_length_sweep,NLHQT(n=1),36,4110026418,2763059789,192
formal_id_length_sweep,NLHQT(n=1),36,3083548185,4237852684,256
formal_id_length_sweep,NLHQT(n=1),37,914573255,3284964919,20
formal_id_length_sweep,NLHQT(n=1),37,3683619215,3915251536,40
formal_id_length_sweep,NLHQT(n=1),37,4074268167,57441652,60
formal_id_length_sweep,NLHQT(n=1),37,2342205768,944549261,80
formal_id_length_sweep,NLHQT(n=1),37,1522657298,3290199947,96
formal_id_length_sweep,NLHQT(n=1),37,3363077235,3595719217,100
formal_id_length_sweep,NLHQT(n=1),37,1345069188,1770035270,128
formal_id_length_sweep,NLHQT(n=1),37,1557058044,2915983378,160
formal_id_length_sweep,NLHQT(n=1),37,2407785304,217828627,192
formal_id_length_sweep,NLHQT(n=1),37,456092532,777504687,256
formal_id_length_sweep,NLHQT(n=1),38,463299081,440123104,20
formal_id_length_sweep,NLHQT(n=1),38,3765522801,4294189667,40
formal_id_length_sweep,NLHQT(n=1),38,582684834,1245434785,60
formal_id_length_sweep,NLHQT(n=1),38,1534630818,2495362251,80
formal_id_length_sweep,NLHQT(n=1),38,3342175643,2558299997,96
formal_id_length_sweep,NLHQT(n=1),38,4227552383,3552935085,100
formal_id_length_sweep,NLHQT(n=1),38,2693492944,3584415759,128
formal_id_length_sweep,NLHQT(n=1),38,3384057875,2242743986,160
formal_id_length_sweep,NLHQT(n=1),38,896456331,2420269544,192
formal_id_length_sweep,NLHQT(n=1),38,1385392060,3614964361,256
formal_id_length_sweep,NLHQT(n=1),39,961353927,2161276969,20
formal_id_length_sweep,NLHQT(n=1),39,1943849482,732244769,40
formal_id_length_sweep,NLHQT(n=1),39,3800510185,720713464,60
formal_id_length_sweep,NLHQT(n=1),39,1154136017,826665575,80
formal_id_length_sweep,NLHQT(n=1),39,2041610322,968291560,96
formal_id_length_sweep,NLHQT(n=1),39,4124585325,3359610382,100
formal_id_length_sweep,NLHQT(n=1),39,1561511251,2184200268,128
formal_id_length_sweep,NLHQT(n=1),39,3321238138,472793124,160
formal_id_length_sweep,NLHQT(n=1),39,1535225800,3597039976,192
formal_id_length_sweep,NLHQT(n=1),39,1141611432,2852019456,256
formal_id_length_sweep,NLHQT(n=1),40,1594597739,2365802667,20
formal_id_length_sweep,NLHQT(n=1),40,2196734206,1487012280,40
formal_id_length_sweep,NLHQT(n=1),40,1901548672,2125583408,60
formal_id_length_sweep,NLHQT(n=1),40,2061132202,3848312196,80
formal_id_length_sweep,NLHQT(n=1),40,2934930705,1655287960,96
formal_id_length_sweep,NLHQT(n=1),40,449859025,1158327775,100
formal_id_length_sweep,NLHQT(n=1),40,1702748032,2627170497,128
formal_id_length_sweep,NLHQT(n=1),40,1376518921,50968312,160
formal_id_length_sweep,NLHQT(n=1),40,311407170,869678344,192
formal_id_length_sweep,NLHQT(n=1),40,2782796562,2163898013,256
formal_id_length_sweep,NLHQT(n=1),41,3957795199,3010710611,20
formal_id_length_sweep,NLHQT(n=1),41,3825560531,2463345022,40
formal_id_length_sweep,NLHQT(n=1),41,1353534015,1678746765,60
formal_id_length_sweep,NLHQT(n=1),41,2935876177,2519613644,80
formal_id_length_sweep,NLHQT(n=1),41,289388657,1159679228,96
formal_id_length_sweep,NLHQT(n=1),41,195955706,415476472,100
formal_id_length_sweep,NLHQT(n=1),41,3667011643,839280302,128
formal_id_length_sweep,NLHQT(n=1),41,2096428599,3819496460,160
formal_id_length_sweep,NLHQT(n=1),41,4234513742,3579799557,192
formal_id_length_sweep,NLHQT(n=1),41,93922502,3152522393,256
formal_id_length_sweep,NLHQT(n=1),42,611594096,4275054993,20
formal_id_length_sweep,NLHQT(n=1),42,1186080764,3570139905,40
formal_id_length_sweep,NLHQT(n=1),42,4174937035,4161640701,60
formal_id_length_sweep,NLHQT(n=1),42,600805140,2463633654,80
formal_id_length_sweep,NLHQT(n=1),42,3931197386,455376840,96
formal_id_length_sweep,NLHQT(n=1),42,1916285082,1136912825,100
formal_id_length_sweep,NLHQT(n=1),42,1153453263,2824668671,128
formal_id_length_sweep,NLHQT(n=1),42,1017870458,4121420561,160
formal_id_length_sweep,NLHQT(n=1),42,1382676058,2472889489,192
formal_id_length_sweep,NLHQT(n=1),42,3643858683,2176102685,256
formal_id_length_sweep,NLHQT(n=1),43,1083430060,2111573509,20
formal_id_length_sweep,NLHQT(n=1),43,1636663436,3005045470,40
formal_id_length_sweep,NLHQT(n=1),43,1450811516,4181841095,60
formal_id_length_sweep,NLHQT(n=1),43,3130144389,1616719544,80
formal_id_length_sweep,NLHQT(n=1),43,34088026,772796684,96
formal_id_length_sweep,NLHQT(n=1),43,1504115291,1382097299,100
formal_id_length_sweep,NLHQT(n=1),43,2355833024,324174433,128
formal_id_length_sweep,NLHQT(n=1),43,142758089,2406200967,160
formal_id_length_sweep,NLHQT(n=1),43,2048855895,55748602,192
formal_id_length_sweep,NLHQT(n=1),43,1445629864,2863629904,256
formal_id_length_sweep,NLHQT(n=1),44,1685517026,3123899067,20
formal_id_length_sweep,NLHQT(n=1),44,2452940343,3706465590,40
formal_id_length_sweep,NLHQT(n=1),44,3739718055,1586061649,60
formal_id_length_sweep,NLHQT(n=1),44,566392430,225083751,80
formal_id_length_sweep,NLHQT(n=1),44,513838650,290771582,96
formal_id_length_sweep,NLHQT(n=1),44,1401714156,3715690199,100
formal_id_length_sweep,NLHQT(n=1),44,93619563,3918369577,128
formal_id_length_sweep,NLHQT(n=1),44,649128258,1248177039,160
formal_id_length_sweep,NLHQT(n=1),44,39113712,2654135079,192
formal_id_length_sweep,NLHQT(n=1),44,2905850660,3694278478,256
formal_id_length_sweep,NLHQT(n=1),45,2794529431,1102246361,20
formal_id_length_sweep,NLHQT(n=1),45,1222844799,2606096913,40
formal_id_length_sweep,NLHQT(n=1),45,3228046417,901534409,60
formal_id_length_sweep,NLHQT(n=1),45,4014926531,2808073123,80
formal_id_length_sweep,NLHQT(n=1),45,73451943,4036573153,96
formal_id_length_sweep,NLHQT(n=1),45,303203638,3041063984,100
formal_id_length_sweep,NLHQT(n=1),45,3710678357,1170925995,128
formal_id_length_sweep,NLHQT(n=1),45,3643062280,4167345777,160
formal_id_length_sweep,NLHQT(n=1),45,3512622617,3148532,192
formal_id_length_sweep,NLHQT(n=1),45,2958495669,2446125423,256
formal_id_length_sweep,NLHQT(n=1),46,3177951371,2131703539,20
formal_id_length_sweep,NLHQT(n=1),46,280424639,942605069,40
formal_id_length_sweep,NLHQT(n=1),46,3246406024,3521805090,60
formal_id_length_sweep,NLHQT(n=1),46,304230472,527870584,80
formal_id_length_sweep,NLHQT(n=1),46,2025633173,3799418770,96
formal_id_length_sweep,NLHQT(n=1),46,3845386591,3345423590,100
formal_id_length_sweep,NLHQT(n=1),46,1923096838,343125386,128
formal_id_length_sweep,NLHQT(n=1),46,967210689,2887823540,160
formal_id_length_sweep,NLHQT(n=1),46,1354203506,281891088,192
formal_id_length_sweep,NLHQT(n=1),46,3692034352,3020734675,256
formal_id_length_sweep,NLHQT(n=1),47,4247619817,802501544,20
formal_id_length_sweep,NLHQT(n=1),47,1522059884,1328540137,40
formal_id_length_sweep,NLHQT(n=1),47,1627436536,1005137165,60
formal_id_length_sweep,NLHQT(n=1),47,2479907811,1945832364,80
formal_id_length_sweep,NLHQT(n=1),47,3783611845,2955555167,96
formal_id_length_sweep,NLHQT(n=1),47,3875778528,2674267218,100
formal_id_length_sweep,NLHQT(n=1),47,324831139,4167467782,128
formal_id_length_sweep,NLHQT(n=1),47,2402165827,2718860819,160
formal_id_length_sweep,NLHQT(n=1),47,1954624014,1590887244,192
formal_id_length_sweep,NLHQT(n=1),47,1069889121,2640324303,256
formal_id_length_sweep,NLHQT(n=1),48,1536423647,377474038,20
formal_id_length_sweep,NLHQT(n=1),48,1215447197,1396388729,40
formal_id_length_sweep,NLHQT(n=1),48,2664048286,3958687017,60
formal_id_length_sweep,NLHQT(n=1),48,2184705360,3904036166,80
formal_id_length_sweep,NLHQT(n=1),48,1197694827,3989090320,96
formal_id_length_sweep,NLHQT(n=1),48,743938701,3815183414,100
formal_id_length_sweep,NLHQT(n=1),48,657722500,3901167385,128
formal_id_length_sweep,NLHQT(n=1),48,2570756514,2312113305,160
formal_id_length_sweep,NLHQT(n=1),48,1289966514,3335116152,192
formal_id_length_sweep,NLHQT(n=1),48,2739515254,756398252,256
formal_id_length_sweep,NLHQT(n=1),49,4040440597,3164654648,20
formal_id_length_sweep,NLHQT(n=1),49,3080157852,1407520081,40
formal_id_length_sweep,NLHQT(n=1),49,3795048292,665441617,60
formal_id_length_sweep,NLHQT(n=1),49,3204201576,1539077959,80
formal_id_length_sweep,NLHQT(n=1),49,3088740460,2642583241,96
formal_id_length_sweep,NLHQT(n=1),49,3984571849,414763674,100
formal_id_length_sweep,NLHQT(n=1),49,3425662313,651261031,128
formal_id_length_sweep,NLHQT(n=1),49,3208396941,1854528962,160
formal_id_length_sweep,NLHQT(n=1),49,2843146286,3319970490,192
formal_id_length_sweep,NLHQT(n=1),49,251992345,3679621218,256
formal_id_length_sweep,NLHQT(n=2),0,1211239912,10547227,20
formal_id_length_sweep,NLHQT(n=2),0,696364180,1433835950,40
formal_id_length_sweep,NLHQT(n=2),0,303552650,4274919202,60
formal_id_length_sweep,NLHQT(n=2),0,4021583103,703397179,80
formal_id_length_sweep,NLHQT(n=2),0,552297578,44718615,96
formal_id_length_sweep,NLHQT(n=2),0,3807197959,4195100545,100
formal_id_length_sweep,NLHQT(n=2),0,2154439261,148146752,128
formal_id_length_sweep,NLHQT(n=2),0,53669434,1745703940,160
formal_id_length_sweep,NLHQT(n=2),0,779954931,2774157177,192
formal_id_length_sweep,NLHQT(n=2),0,4141531494,3460190965,256
formal_id_length_sweep,NLHQT(n=2),1,1858058983,3682347975,20
formal_id_length_sweep,NLHQT(n=2),1,3122866472,4127303493,40
formal_id_length_sweep,NLHQT(n=2),1,3188470597,3191019801,60
formal_id_length_sweep,NLHQT(n=2),1,475761283,2750085438,80
formal_id_length_sweep,NLHQT(n=2),1,685656045,3269506997,96
formal_id_length_sweep,NLHQT(n=2),1,540925788,825989834,100
formal_id_length_sweep,NLHQT(n=2),1,942985826,1094626119,128
formal_id_length_sweep,NLHQT(n=2),1,2817071578,645451830,160
formal_id_length_sweep,NLHQT(n=2),1,3051988228,4076209213,192
formal_id_length_sweep,NLHQT(n=2),1,2260082378,1747189974,256
formal_id_length_sweep,NLHQT(n=2),2,3912097829,1405742113,20
formal_id_length_sweep,NLHQT(n=2),2,2023914469,606673491,40
formal_id_length_sweep,NLHQT(n=2),2,847643342,3503323848,60
formal_id_length_sweep,NLHQT(n=2),2,3958863349,852468109,80
formal_id_length_sweep,NLHQT(n=2),2,3666925827,1005077747,96
formal_id_length_sweep,NLHQT(n=2),2,3946500883,3343047434,100
formal_id_length_sweep,NLHQT(n=2),2,3385053515,3375845973,128
formal_id_length_sweep,NLHQT(n=2),2,2634534493,1915682802,160
formal_id_length_sweep,NLHQT(n=2),2,3982337167,513506752,192
formal_id_length_sweep,NLHQT(n=2),2,2754403413,454053416,256
formal_id_length_sweep,NLHQT(n=2),3,3020249695,761660101,20
formal_id_length_sweep,NLHQT(n=2),3,77608284,3205477067,40
formal_id_length_sweep,NLHQT(n=2),3,3444491863,4249426625,60
formal_id_length_sweep,NLHQT(n=2),3,550340296,1843913452,80
formal_id_length_sweep,NLHQT(n=2),3,2694801678,289629489,96
formal_id_length_sweep,NLHQT(n=2),3,2158927053,3971403211,100
formal_id_length_sweep,NLHQT(n=2),3,3156282246,1961342939,128
formal_id_length_sweep,NLHQT(n=2),3,744668023,2145490233,160
formal_id_length_sweep,NLHQT(n=2),3,387767481,3388611643,192
formal_id_length_sweep,NLHQT(n=2),3,2209102266,3553518189,256
formal_id_length_sweep,NLHQT(n=2),4,2125843681,1991774727,20
formal_id_length_sweep,NLHQT(n=2),4,2758295573,395232668,40
formal_id_length_sweep,NLHQT(n=2),4,1453674214,1380912298,60
formal_id_length_sweep,NLHQT(n=2),4,3544085237,1502938946,80
formal_id_length_sweep,NLHQT(n=2),4,703264642,2809653366,96
formal_id_length_sweep,NLHQT(n=2),4,3484452798,2077152441,100
formal_id_length_sweep,NLHQT(n=2),4,2319110515,1094346867,128
formal_id_length_sweep,NLHQT(n=2),4,154816862,1930191394,160
formal_id_length_sweep,NLHQT(n=2),4,569991421,2142973620,192
formal_id_length_sweep,NLHQT(n=2),4,3519591180,3859409694,256
formal_id_length_sweep,NLHQT(n=2),5,1374789481,2533424752,20
formal_id_length_sweep,NLHQT(n=2),5,3375286769,1085726878,40
formal_id_length_sweep,NLHQT(n=2),5,10692317,2110962978,60
formal_id_length_sweep,NLHQT(n=2),5,568073676,3649767349,80
formal_id_length_sweep,NLHQT(n=2),5,1660733732,1703841353,96
formal_id_length_sweep,NLHQT(n=2),5,284186581,3470594624,100
formal_id_length_sweep,NLHQT(n=2),5,3069301506,8156871,128
formal_id_length_sweep,NLHQT(n=2),5,2155917258,1631218163,160
formal_id_length_sweep,NLHQT(n=2),5,20336627,3714814671,192
formal_id_length_sweep,NLHQT(n=2),5,2575248428,3719465399,256
formal_id_length_sweep,NLHQT(n=2),6,2194947846,385219743,20
formal_id_length_sweep,NLHQT(n=2),6,218666516,610816211,40
formal_id_length_sweep,NLHQT(n=2),6,1781867148,2907270565,60
formal_id_length_sweep,NLHQT(n=2),6,179051958,1328994464,80
formal_id_length_sweep,NLHQT(n=2),6,1661541949,932116130,96
formal_id_length_sweep,NLHQT(n=2),6,1060733486,3275324052,100
formal_id_length_sweep,NLHQT(n=2),6,148694115,837348896,128
formal_id_length_sweep,NLHQT(n=2),6,3486673516,985931223,160
formal_id_length_sweep,NLHQT(n=2),6,29087867,1838243256,192
formal_id_length_sweep,NLHQT(n=2),6,2134829016,437379819,256
formal_id_length_sweep,NLHQT(n=2),7,1968542344,2780269084,20
formal_id_length_sweep,NLHQT(n=2),7,86975461,2146697771,40
formal_id_length_sweep,NLHQT(n=2),7,4252023073,4196737007,60
formal_id_length_sweep,NLHQT(n=2),7,2196118756,3800987145,80
formal_id_length_sweep,NLHQT(n=2),7,3453428222,1820869325,96
formal_id_length_sweep,NLHQT(n=2),7,192241861,3723330964,100
formal_id_length_sweep,NLHQT(n=2),7,782504862,3059383043,128
formal_id_length_sweep,NLHQT(n=2),7,186637928,1281026392,160
formal_id_length_sweep,NLHQT(n=2),7,153890269,3939130896,192
formal_id_length_sweep,NLHQT(n=2),7,2781431531,2596899535,256
formal_id_length_sweep,NLHQT(n=2),8,780756804,3230123283,20
formal_id_length_sweep,NLHQT(n=2),8,3606649690,4221864521,40
formal_id_length_sweep,NLHQT(n=2),8,2589800694,1632467451,60
formal_id_length_sweep,NLHQT(n=2),8,1788852059,1570495291,80
formal_id_length_sweep,NLHQT(n=2),8,3723126419,269556625,96
formal_id_length_sweep,NLHQT(n=2),8,535821057,3888701051,100
formal_id_length_sweep,NLHQT(n=2),8,4000672671,464368398,128
formal_id_length_sweep,NLHQT(n=2),8,3704916549,64648083,160
formal_id_length_sweep,NLHQT(n=2),8,291447698,225441311,192
formal_id_length_sweep,NLHQT(n=2),8,1582558263,583539378,256
formal_id_length_sweep,NLHQT(n=2),9,677046796,2721861842,20
formal_id_length_sweep,NLHQT(n=2),9,3548368820,506799678,40
formal_id_length_sweep,NLHQT(n=2),9,2139438594,486969313,60
formal_id_length_sweep,NLHQT(n=2),9,3814362992,1854981328,80
formal_id_length_sweep,NLHQT(n=2),9,2990994785,440757559,96
formal_id_length_sweep,NLHQT(n=2),9,1255343242,1644976043,100
formal_id_length_sweep,NLHQT(n=2),9,1182994603,317849084,128
formal_id_length_sweep,NLHQT(n=2),9,3362835039,1934702582,160
formal_id_length_sweep,NLHQT(n=2),9,2878726668,4067419636,192
formal_id_length_sweep,NLHQT(n=2),9,2567001242,585766559,256
formal_id_length_sweep,NLHQT(n=2),10,3350676346,1716701282,20
formal_id_length_sweep,NLHQT(n=2),10,4273957529,4048465790,40
formal_id_length_sweep,NLHQT(n=2),10,859414723,3766599784,60
formal_id_length_sweep,NLHQT(n=2),10,2712714715,2328630977,80
formal_id_length_sweep,NLHQT(n=2),10,4221009471,3543386670,96
formal_id_length_sweep,NLHQT(n=2),10,427108240,2506787301,100
formal_id_length_sweep,NLHQT(n=2),10,1147378182,2175950058,128
formal_id_length_sweep,NLHQT(n=2),10,2151002067,525306879,160
formal_id_length_sweep,NLHQT(n=2),10,4224636040,4121199339,192
formal_id_length_sweep,NLHQT(n=2),10,1796061815,918963621,256
formal_id_length_sweep,NLHQT(n=2),11,2490753198,3667031622,20
formal_id_length_sweep,NLHQT(n=2),11,2336871534,1538756421,40
formal_id_length_sweep,NLHQT(n=2),11,3648448748,927089968,60
formal_id_length_sweep,NLHQT(n=2),11,3315431236,1477635034,80
formal_id_length_sweep,NLHQT(n=2),11,824094583,3660032340,96
formal_id_length_sweep,NLHQT(n=2),11,3787346465,4158034908,100
formal_id_length_sweep,NLHQT(n=2),11,1797854318,3676839348,128
formal_id_length_sweep,NLHQT(n=2),11,17911564,3808180187,160
formal_id_length_sweep,NLHQT(n=2),11,2428770206,3703926766,192
formal_id_length_sweep,NLHQT(n=2),11,1019221399,3110635935,256
formal_id_length_sweep,NLHQT(n=2),12,2746534617,3992711505,20
formal_id_length_sweep,NLHQT(n=2),12,2336016540,3663803743,40
formal_id_length_sweep,NLHQT(n=2),12,4043250653,2539261896,60
formal_id_length_sweep,NLHQT(n=2),12,3357077615,2426836158,80
formal_id_length_sweep,NLHQT(n=2),12,1798702373,3834950635,96
formal_id_length_sweep,NLHQT(n=2),12,2505100895,2264301124,100
formal_id_length_sweep,NLHQT(n=2),12,299632783,3869487023,128
formal_id_length_sweep,NLHQT(n=2),12,2185278263,20289662,160
formal_id_length_sweep,NLHQT(n=2),12,2949904956,4184269903,192
formal_id_length_sweep,NLHQT(n=2),12,1243968233,933165655,256
formal_id_length_sweep,NLHQT(n=2),13,3236656474,4140300708,20
formal_id_length_sweep,NLHQT(n=2),13,29570997,2429363648,40
formal_id_length_sweep,NLHQT(n=2),13,2865977281,2408791241,60
formal_id_length_sweep,NLHQT(n=2),13,2393336731,1518839564,80
formal_id_length_sweep,NLHQT(n=2),13,757198453,3267559764,96
formal_id_length_sweep,NLHQT(n=2),13,1078889665,2296806080,100
formal_id_length_sweep,NLHQT(n=2),13,63278972,1786660468,128
formal_id_length_sweep,NLHQT(n=2),13,1307331162,3516811840,160
formal_id_length_sweep,NLHQT(n=2),13,1825645343,3348043378,192
formal_id_length_sweep,NLHQT(n=2),13,2227501446,1344625993,256
formal_id_length_sweep,NLHQT(n=2),14,3611991455,4057728937,20
formal_id_length_sweep,NLHQT(n=2),14,1847766478,2455878762,40
formal_id_length_sweep,NLHQT(n=2),14,1463096185,3492634849,60
formal_id_length_sweep,NLHQT(n=2),14,6349715,1736570570,80
formal_id_length_sweep,NLHQT(n=2),14,2804041708,63168429,96
formal_id_length_sweep,NLHQT(n=2),14,4187341960,60775791,100
formal_id_length_sweep,NLHQT(n=2),14,4162478364,2760862753,128
formal_id_length_sweep,NLHQT(n=2),14,2158669349,411921448,160
formal_id_length_sweep,NLHQT(n=2),14,1520350337,2438956735,192
formal_id_length_sweep,NLHQT(n=2),14,3916047680,901921043,256
formal_id_length_sweep,NLHQT(n=2),15,2815521154,2660455547,20
formal_id_length_sweep,NLHQT(n=2),15,849565309,2260281955,40
formal_id_length_sweep,NLHQT(n=2),15,2328836271,3014898764,60
formal_id_length_sweep,NLHQT(n=2),15,1178804250,1406561121,80
formal_id_length_sweep,NLHQT(n=2),15,2088092778,1845728049,96
formal_id_length_sweep,NLHQT(n=2),15,50143366,409790814,100
formal_id_length_sweep,NLHQT(n=2),15,3851272941,2265947474,128
formal_id_length_sweep,NLHQT(n=2),15,2772590449,846624605,160
formal_id_length_sweep,NLHQT(n=2),15,3468533574,1843798981,192
formal_id_length_sweep,NLHQT(n=2),15,4266862493,1461475495,256
formal_id_length_sweep,NLHQT(n=2),16,2222097227,60508820,20
formal_id_length_sweep,NLHQT(n=2),16,2961363353,4036049104,40
formal_id_length_sweep,NLHQT(n=2),16,3731080181,2748669699,60
formal_id_length_sweep,NLHQT(n=2),16,395358419,2994054027,80
formal_id_length_sweep,NLHQT(n=2),16,1797785561,349982262,96
formal_id_length_sweep,NLHQT(n=2),16,567398321,1486458300,100
formal_id_length_sweep,NLHQT(n=2),16,2300812766,1936136501,128
formal_id_length_sweep,NLHQT(n=2),16,4003677933,3032150349,160
formal_id_length_sweep,NLHQT(n=2),16,945638788,540412367,192
formal_id_length_sweep,NLHQT(n=2),16,531845027,1657811081,256
formal_id_length_sweep,NLHQT(n=2),17,3184588927,1510870512,20
formal_id_length_sweep,NLHQT(n=2),17,2306426018,1243912358,40
formal_id_length_sweep,NLHQT(n=2),17,1911944603,275461799,60
formal_id_length_sweep,NLHQT(n=2),17,1150207896,1787777349,80
formal_id_length_sweep,NLHQT(n=2),17,2511067819,1031828851,96
formal_id_length_sweep,NLHQT(n=2),17,3981697733,519629991,100
formal_id_length_sweep,NLHQT(n=2),17,4017608341,4205795924,128
formal_id_length_sweep,NLHQT(n=2),17,1981594178,342553421,160
formal_id_length_sweep,NLHQT(n=2),17,552471096,786006886,192
formal_id_length_sweep,NLHQT(n=2),17,2532058873,2466005490,256
formal_id_length_sweep,NLHQT(n=2),18,3767505925,2677475928,20
formal_id_length_sweep,NLHQT(n=2),18,400913036,1761132270,40
formal_id_length_sweep,NLHQT(n=2),18,3166031358,2051346016,60
formal_id_length_sweep,NLHQT(n=2),18,918748283,245137655,80
formal_id_length_sweep,NLHQT(n=2),18,2464891821,1824812609,96
formal_id_length_sweep,NLHQT(n=2),18,3495563128,35592600,100
formal_id_length_sweep,NLHQT(n=2),18,4244119286,1364045148,128
formal_id_length_sweep,NLHQT(n=2),18,3477284335,870743447,160
formal_id_length_sweep,NLHQT(n=2),18,1052282650,1387441538,192
formal_id_length_sweep,NLHQT(n=2),18,3107381882,3656890436,256
formal_id_length_sweep,NLHQT(n=2),19,697133743,2648041017,20
formal_id_length_sweep,NLHQT(n=2),19,2135059601,2996523250,40
formal_id_length_sweep,NLHQT(n=2),19,1512288220,4076402839,60
formal_id_length_sweep,NLHQT(n=2),19,4129093465,2489513059,80
formal_id_length_sweep,NLHQT(n=2),19,2110929645,242655442,96
formal_id_length_sweep,NLHQT(n=2),19,274213287,3015616235,100
formal_id_length_sweep,NLHQT(n=2),19,3541945278,3859320492,128
formal_id_length_sweep,NLHQT(n=2),19,1165175147,2604514998,160
formal_id_length_sweep,NLHQT(n=2),19,3956304976,1702995314,192
formal_id_length_sweep,NLHQT(n=2),19,1131150704,3232080756,256
formal_id_length_sweep,NLHQT(n=2),20,4037893529,46349648,20
formal_id_length_sweep,NLHQT(n=2),20,2679116664,3634312004,40
formal_id_length_sweep,NLHQT(n=2),20,2151116833,88193306,60
formal_id_length_sweep,NLHQT(n=2),20,2824035603,3677697060,80
formal_id_length_sweep,NLHQT(n=2),20,2115596098,1984778633,96
formal_id_length_sweep,NLHQT(n=2),20,3417556899,4207790706,100
formal_id_length_sweep,NLHQT(n=2),20,3341502038,3510256576,128
formal_id_length_sweep,NLHQT(n=2),20,16035416,2935188885,160
formal_id_length_sweep,NLHQT(n=2),20,2280268056,2934850232,192
formal_id_length_sweep,NLHQT(n=2),20,299398699,1744360553,256
formal_id_length_sweep,NLHQT(n=2),21,1310501261,3162743939,20
formal_id_length_sweep,NLHQT(n=2),21,3858087420,3375607726,40
formal_id_length_sweep,NLHQT(n=2),21,3181684721,4175588993,60
formal_id_length_sweep,NLHQT(n=2),21,1072691792,406926501,80
formal_id_length_sweep,NLHQT(n=2),21,3104338274,1726842990,96
formal_id_length_sweep,NLHQT(n=2),21,200311767,1484069608,100
formal_id_length_sweep,NLHQT(n=2),21,2904687119,614881167,128
formal_id_length_sweep,NLHQT(n=2),21,4077270677,1110219425,160
formal_id_length_sweep,NLHQT(n=2),21,3967336087,4129956372,192
formal_id_length_sweep,NLHQT(n=2),21,215746801,634394850,256
formal_id_length_sweep,NLHQT(n=2),22,686001247,3573340883,20
formal_id_length_sweep,NLHQT(n=2),22,3025657408,845358746,40
formal_id_length_sweep,NLHQT(n=2),22,1606209987,2274312767,60
formal_id_length_sweep,NLHQT(n=2),22,464922879,1313840317,80
formal_id_length_sweep,NLHQT(n=2),22,1670193662,3956993845,96
formal_id_length_sweep,NLHQT(n=2),22,2178369009,3816178044,100
formal_id_length_sweep,NLHQT(n=2),22,1624420903,1709479239,128
formal_id_length_sweep,NLHQT(n=2),22,3560607004,482118095,160
formal_id_length_sweep,NLHQT(n=2),22,1261682843,3825423120,192
formal_id_length_sweep,NLHQT(n=2),22,3764176582,3341022761,256
formal_id_length_sweep,NLHQT(n=2),23,2887652093,3273736967,20
formal_id_length_sweep,NLHQT(n=2),23,57087796,2782209052,40
formal_id_length_sweep,NLHQT(n=2),23,3739220578,2847726562,60
formal_id_length_sweep,NLHQT(n=2),23,2761571220,3260752302,80
formal_id_length_sweep,NLHQT(n=2),23,74892211,2216542634,96
formal_id_length_sweep,NLHQT(n=2),23,2217726525,499764824,100
formal_id_length_sweep,NLHQT(n=2),23,1825361325,16169522,128
formal_id_length_sweep,NLHQT(n=2),23,852575468,3543380687,160
formal_id_length_sweep,NLHQT(n=2),23,3865261448,3436091425,192
formal_id_length_sweep,NLHQT(n=2),23,3960437060,3698853125,256
formal_id_length_sweep,NLHQT(n=2),24,768683018,1197614725,20
formal_id_length_sweep,NLHQT(n=2),24,1272550774,785586990,40
formal_id_length_sweep,NLHQT(n=2),24,2680931880,1273349508,60
formal_id_length_sweep,NLHQT(n=2),24,4076009818,1628373713,80
formal_id_length_sweep,NLHQT(n=2),24,974644233,3173315168,96
formal_id_length_sweep,NLHQT(n=2),24,735854507,2684809333,100
formal_id_length_sweep,NLHQT(n=2),24,3121950890,3847173830,128
formal_id_length_sweep,NLHQT(n=2),24,1404714039,120279906,160
formal_id_length_sweep,NLHQT(n=2),24,3997776277,2869354508,192
formal_id_length_sweep,NLHQT(n=2),24,374556454,1932401527,256
formal_id_length_sweep,NLHQT(n=2),25,4104404572,1296447421,20
formal_id_length_sweep,NLHQT(n=2),25,1406153004,1588782715,40
formal_id_length_sweep,NLHQT(n=2),25,2880627581,170388522,60
formal_id_length_sweep,NLHQT(n=2),25,3888551282,1086015268,80
formal_id_length_sweep,NLHQT(n=2),25,237287140,4137239342,96
formal_id_length_sweep,NLHQT(n=2),25,3339197071,150848942,100
formal_id_length_sweep,NLHQT(n=2),25,3115380797,565620505,128
formal_id_length_sweep,NLHQT(n=2),25,578541335,2571426126,160
formal_id_length_sweep,NLHQT(n=2),25,2684305920,3993844137,192
formal_id_length_sweep,NLHQT(n=2),25,3916127239,608470141,256
formal_id_length_sweep,NLHQT(n=2),26,1710307790,4271808890,20
formal_id_length_sweep,NLHQT(n=2),26,923319384,412979221,40
formal_id_length_sweep,NLHQT(n=2),26,1772107280,3653780165,60
formal_id_length_sweep,NLHQT(n=2),26,2295208114,1767325102,80
formal_id_length_sweep,NLHQT(n=2),26,2208628953,1351801678,96
formal_id_length_sweep,NLHQT(n=2),26,3208220718,3940343402,100
formal_id_length_sweep,NLHQT(n=2),26,2337441380,4106965126,128
formal_id_length_sweep,NLHQT(n=2),26,4231314494,1665230606,160
formal_id_length_sweep,NLHQT(n=2),26,1302319150,1548320612,192
formal_id_length_sweep,NLHQT(n=2),26,3402579263,1383084898,256
formal_id_length_sweep,NLHQT(n=2),27,1254764016,859914150,20
formal_id_length_sweep,NLHQT(n=2),27,3805576993,1754971764,40
formal_id_length_sweep,NLHQT(n=2),27,419164771,2269581533,60
formal_id_length_sweep,NLHQT(n=2),27,303438963,3590074841,80
formal_id_length_sweep,NLHQT(n=2),27,2719593811,4250147471,96
formal_id_length_sweep,NLHQT(n=2),27,1168207028,2326544132,100
formal_id_length_sweep,NLHQT(n=2),27,2918986739,3411594554,128
formal_id_length_sweep,NLHQT(n=2),27,3968305513,1344797166,160
formal_id_length_sweep,NLHQT(n=2),27,1747786600,1336751427,192
formal_id_length_sweep,NLHQT(n=2),27,2032304711,3800307814,256
formal_id_length_sweep,NLHQT(n=2),28,3100428891,714167724,20
formal_id_length_sweep,NLHQT(n=2),28,701914681,14238199,40
formal_id_length_sweep,NLHQT(n=2),28,415181588,3862103635,60
formal_id_length_sweep,NLHQT(n=2),28,896518539,269454568,80
formal_id_length_sweep,NLHQT(n=2),28,2330850669,4122578568,96
formal_id_length_sweep,NLHQT(n=2),28,4293839371,1259789040,100
formal_id_length_sweep,NLHQT(n=2),28,4233518068,1625184811,128
formal_id_length_sweep,NLHQT(n=2),28,1490032402,3075958859,160
formal_id_length_sweep,NLHQT(n=2),28,1966703577,1815372267,192
formal_id_length_sweep,NLHQT(n=2),28,1995825189,3239107310,256
formal_id_length_sweep,NLHQT(n=2),29,1265055674,1335251643,20
formal_id_length_sweep,NLHQT(n=2),29,2987389979,1325510432,40
formal_id_length_sweep,NLHQT(n=2),29,4140736029,2030861849,60
formal_id_length_sweep,NLHQT(n=2),29,3405593828,807268274,80
formal_id_length_sweep,NLHQT(n=2),29,949597425,3994713253,96
formal_id_length_sweep,NLHQT(n=2),29,1555064327,1410269132,100
formal_id_length_sweep,NLHQT(n=2),29,101472845,1518465585,128
formal_id_length_sweep,NLHQT(n=2),29,915891348,1564835866,160
formal_id_length_sweep,NLHQT(n=2),29,3370608000,3218220765,192
formal_id_length_sweep,NLHQT(n=2),29,1173874962,3866961164,256
formal_id_length_sweep,NLHQT(n=2),30,1405648522,1458030496,20
formal_id_length_sweep,NLHQT(n=2),30,4189606703,916264587,40
formal_id_length_sweep,NLHQT(n=2),30,2236359360,840712712,60
formal_id_length_sweep,NLHQT(n=2),30,905701959,680788368,80
formal_id_length_sweep,NLHQT(n=2),30,305866955,2750238239,96
formal_id_length_sweep,NLHQT(n=2),30,1208203518,3959481663,100
formal_id_length_sweep,NLHQT(n=2),30,386525980,1700212212,128
formal_id_length_sweep,NLHQT(n=2),30,907918313,2129194418,160
formal_id_length_sweep,NLHQT(n=2),30,1920076833,3643841688,192
formal_id_length_sweep,NLHQT(n=2),30,1515510919,1302313365,256
formal_id_length_sweep,NLHQT(n=2),31,338787315,3533570412,20
formal_id_length_sweep,NLHQT(n=2),31,498585599,2997155383,40
formal_id_length_sweep,NLHQT(n=2),31,3263371041,3676502026,60
formal_id_length_sweep,NLHQT(n=2),31,569202280,2340511997,80
formal_id_length_sweep,NLHQT(n=2),31,1260126129,2481015321,96
formal_id_length_sweep,NLHQT(n=2),31,1763821128,3410656076,100
formal_id_length_sweep,NLHQT(n=2),31,4037673289,3755710292,128
formal_id_length_sweep,NLHQT(n=2),31,1927590570,1413828321,160
formal_id_length_sweep,NLHQT(n=2),31,3851068296,3780569279,192
formal_id_length_sweep,NLHQT(n=2),31,2019362312,399911285,256
formal_id_length_sweep,NLHQT(n=2),32,2372887675,1480401160,20
formal_id_length_sweep,NLHQT(n=2),32,1298090251,1108734769,40
formal_id_length_sweep,NLHQT(n=2),32,1683584658,327329512,60
formal_id_length_sweep,NLHQT(n=2),32,1095417216,3772648994,80
formal_id_length_sweep,NLHQT(n=2),32,2265554124,723520236,96
formal_id_length_sweep,NLHQT(n=2),32,1360602740,2840943548,100
formal_id_length_sweep,NLHQT(n=2),32,3532068426,2394772204,128
formal_id_length_sweep,NLHQT(n=2),32,3272852731,195409817,160
formal_id_length_sweep,NLHQT(n=2),32,406443290,1899398135,192
formal_id_length_sweep,NLHQT(n=2),32,390760088,632681616,256
formal_id_length_sweep,NLHQT(n=2),33,3639392376,1190144444,20
formal_id_length_sweep,NLHQT(n=2),33,2067103324,841120696,40
formal_id_length_sweep,NLHQT(n=2),33,3410737478,3543748471,60
formal_id_length_sweep,NLHQT(n=2),33,1539266752,2030821601,80
formal_id_length_sweep,NLHQT(n=2),33,624849251,2621482253,96
formal_id_length_sweep,NLHQT(n=2),33,2223752849,3984266183,100
formal_id_length_sweep,NLHQT(n=2),33,165640310,3622803896,128
formal_id_length_sweep,NLHQT(n=2),33,2339622505,588307520,160
formal_id_length_sweep,NLHQT(n=2),33,4206893019,1591886972,192
formal_id_length_sweep,NLHQT(n=2),33,1639674763,62220491,256
formal_id_length_sweep,NLHQT(n=2),34,3752954330,2051927678,20
formal_id_length_sweep,NLHQT(n=2),34,2546508928,2682066342,40
formal_id_length_sweep,NLHQT(n=2),34,66927409,1073078279,60
formal_id_length_sweep,NLHQT(n=2),34,3863928290,2765270867,80
formal_id_length_sweep,NLHQT(n=2),34,2538622943,3996521208,96
formal_id_length_sweep,NLHQT(n=2),34,1726428416,127875119,100
formal_id_length_sweep,NLHQT(n=2),34,233659342,1711030571,128
formal_id_length_sweep,NLHQT(n=2),34,747531232,3796600274,160
formal_id_length_sweep,NLHQT(n=2),34,1026483804,2745750446,192
formal_id_length_sweep,NLHQT(n=2),34,1202297178,1123302832,256
formal_id_length_sweep,NLHQT(n=2),35,2890531390,1763791500,20
formal_id_length_sweep,NLHQT(n=2),35,3859759531,3957713340,40
formal_id_length_sweep,NLHQT(n=2),35,2458632215,735778294,60
formal_id_length_sweep,NLHQT(n=2),35,1147643091,487867680,80
formal_id_length_sweep,NLHQT(n=2),35,494488086,305009388,96
formal_id_length_sweep,NLHQT(n=2),35,759726048,589857435,100
formal_id_length_sweep,NLHQT(n=2),35,3828104277,1575922713,128
formal_id_length_sweep,NLHQT(n=2),35,281902067,1457315404,160
formal_id_length_sweep,NLHQT(n=2),35,723787142,3198280157,192
formal_id_length_sweep,NLHQT(n=2),35,1871597334,1121954694,256
formal_id_length_sweep,NLHQT(n=2),36,2618949986,2043621751,20
formal_id_length_sweep,NLHQT(n=2),36,3999292794,2369936695,40
formal_id_length_sweep,NLHQT(n=2),36,2608047520,13135182,60
formal_id_length_sweep,NLHQT(n=2),36,1565658348,1046429087,80
formal_id_length_sweep,NLHQT(n=2),36,1729117906,2891025649,96
formal_id_length_sweep,NLHQT(n=2),36,1689399461,3255543280,100
formal_id_length_sweep,NLHQT(n=2),36,2569309401,1171453229,128
formal_id_length_sweep,NLHQT(n=2),36,1168342078,664033195,160
formal_id_length_sweep,NLHQT(n=2),36,4110026418,1771389257,192
formal_id_length_sweep,NLHQT(n=2),36,3083548185,2364555011,256
formal_id_length_sweep,NLHQT(n=2),37,914573255,691545298,20
formal_id_length_sweep,NLHQT(n=2),37,3683619215,893219720,40
formal_id_length_sweep,NLHQT(n=2),37,4074268167,3267908765,60
formal_id_length_sweep,NLHQT(n=2),37,2342205768,3025163928,80
formal_id_length_sweep,NLHQT(n=2),37,1522657298,2987117339,96
formal_id_length_sweep,NLHQT(n=2),37,3363077235,1922090731,100
formal_id_length_sweep,NLHQT(n=2),37,1345069188,2424322968,128
formal_id_length_sweep,NLHQT(n=2),37,1557058044,3975390537,160
formal_id_length_sweep,NLHQT(n=2),37,2407785304,485370122,192
formal_id_length_sweep,NLHQT(n=2),37,456092532,2755091710,256
formal_id_length_sweep,NLHQT(n=2),38,463299081,1825488929,20
formal_id_length_sweep,NLHQT(n=2),38,3765522801,267087876,40
formal_id_length_sweep,NLHQT(n=2),38,582684834,2474849355,60
formal_id_length_sweep,NLHQT(n=2),38,1534630818,145498618,80
formal_id_length_sweep,NLHQT(n=2),38,3342175643,2724394983,96
formal_id_length_sweep,NLHQT(n=2),38,4227552383,3141938530,100
formal_id_length_sweep,NLHQT(n=2),38,2693492944,1170754914,128
formal_id_length_sweep,NLHQT(n=2),38,3384057875,1809896920,160
formal_id_length_sweep,NLHQT(n=2),38,896456331,2343540220,192
formal_id_length_sweep,NLHQT(n=2),38,1385392060,4073385953,256
formal_id_length_sweep,NLHQT(n=2),39,961353927,2909589442,20
formal_id_length_sweep,NLHQT(n=2),39,1943849482,4221242894,40
formal_id_length_sweep,NLHQT(n=2),39,3800510185,2838390718,60
formal_id_length_sweep,NLHQT(n=2),39,1154136017,1764571029,80
formal_id_length_sweep,NLHQT(n=2),39,2041610322,868814734,96
formal_id_length_sweep,NLHQT(n=2),39,4124585325,285287531,100
formal_id_length_sweep,NLHQT(n=2),39,1561511251,1104019768,128
formal_id_length_sweep,NLHQT(n=2),39,3321238138,4244923669,160
formal_id_length_sweep,NLHQT(n=2),39,1535225800,1392789298,192
formal_id_length_sweep,NLHQT(n=2),39,1141611432,2533549907,256
formal_id_length_sweep,NLHQT(n=2),40,1594597739,2869368377,20
formal_id_length_sweep,NLHQT(n=2),40,2196734206,1655331101,40
formal_id_length_sweep,NLHQT(n=2),40,1901548672,2149599758,60
formal_id_length_sweep,NLHQT(n=2),40,2061132202,3273780568,80
formal_id_length_sweep,NLHQT(n=2),40,2934930705,2610478414,96
formal_id_length_sweep,NLHQT(n=2),40,449859025,3357164474,100
formal_id_length_sweep,NLHQT(n=2),40,1702748032,3009188681,128
formal_id_length_sweep,NLHQT(n=2),40,1376518921,4193890801,160
formal_id_length_sweep,NLHQT(n=2),40,311407170,2179051950,192
formal_id_length_sweep,NLHQT(n=2),40,2782796562,223936718,256
formal_id_length_sweep,NLHQT(n=2),41,3957795199,2650113121,20
formal_id_length_sweep,NLHQT(n=2),41,3825560531,211801457,40
formal_id_length_sweep,NLHQT(n=2),41,1353534015,886274032,60
formal_id_length_sweep,NLHQT(n=2),41,2935876177,1524455665,80
formal_id_length_sweep,NLHQT(n=2),41,289388657,1548326542,96
formal_id_length_sweep,NLHQT(n=2),41,195955706,3460248555,100
formal_id_length_sweep,NLHQT(n=2),41,3667011643,1937601959,128
formal_id_length_sweep,NLHQT(n=2),41,2096428599,909560586,160
formal_id_length_sweep,NLHQT(n=2),41,4234513742,1323987407,192
formal_id_length_sweep,NLHQT(n=2),41,93922502,320374023,256
formal_id_length_sweep,NLHQT(n=2),42,611594096,3108487058,20
formal_id_length_sweep,NLHQT(n=2),42,1186080764,410798446,40
formal_id_length_sweep,NLHQT(n=2),42,4174937035,1743316809,60
formal_id_length_sweep,NLHQT(n=2),42,600805140,376091834,80
formal_id_length_sweep,NLHQT(n=2),42,3931197386,1803560319,96
formal_id_length_sweep,NLHQT(n=2),42,1916285082,3536732188,100
formal_id_length_sweep,NLHQT(n=2),42,1153453263,860388796,128
formal_id_length_sweep,NLHQT(n=2),42,1017870458,1957224278,160
formal_id_length_sweep,NLHQT(n=2),42,1382676058,4241811667,192
formal_id_length_sweep,NLHQT(n=2),42,3643858683,1276799532,256
formal_id_length_sweep,NLHQT(n=2),43,1083430060,3219880210,20
formal_id_length_sweep,NLHQT(n=2),43,1636663436,699738958,40
formal_id_length_sweep,NLHQT(n=2),43,1450811516,1030390046,60
formal_id_length_sweep,NLHQT(n=2),43,3130144389,847631618,80
formal_id_length_sweep,NLHQT(n=2),43,34088026,652200348,96
formal_id_length_sweep,NLHQT(n=2),43,1504115291,3453034563,100
formal_id_length_sweep,NLHQT(n=2),43,2355833024,1782526286,128
formal_id_length_sweep,NLHQT(n=2),43,142758089,1380896113,160
formal_id_length_sweep,NLHQT(n=2),43,2048855895,2363988770,192
formal_id_length_sweep,NLHQT(n=2),43,1445629864,2462183394,256
formal_id_length_sweep,NLHQT(n=2),44,1685517026,2582964540,20
formal_id_length_sweep,NLHQT(n=2),44,2452940343,3035960936,40
formal_id_length_sweep,NLHQT(n=2),44,3739718055,2347602192,60
formal_id_length_sweep,NLHQT(n=2),44,566392430,3991865071,80
formal_id_length_sweep,NLHQT(n=2),44,513838650,2504986226,96
formal_id_length_sweep,NLHQT(n=2),44,1401714156,3896208673,100
formal_id_length_sweep,NLHQT(n=2),44,93619563,3710735283,128
formal_id_length_sweep,NLHQT(n=2),44,649128258,3530239536,160
formal_id_length_sweep,NLHQT(n=2),44,39113712,2688186196,192
formal_id_length_sweep,NLHQT(n=2),44,2905850660,3751207184,256
formal_id_length_sweep,NLHQT(n=2),45,2794529431,2835113837,20
formal_id_length_sweep,NLHQT(n=2),45,1222844799,3643147694,40
formal_id_length_sweep,NLHQT(n=2),45,3228046417,271901888,60
formal_id_length_sweep,NLHQT(n=2),45,4014926531,4078236160,80
formal_id_length_sweep,NLHQT(n=2),45,73451943,2148951944,96
formal_id_length_sweep,NLHQT(n=2),45,303203638,952881718,100
formal_id_length_sweep,NLHQT(n=2),45,3710678357,599555621,128
formal_id_length_sweep,NLHQT(n=2),45,3643062280,1916215798,160
formal_id_length_sweep,NLHQT(n=2),45,3512622617,565747945,192
formal_id_length_sweep,NLHQT(n=2),45,2958495669,1952374255,256
formal_id_length_sweep,NLHQT(n=2),46,3177951371,3785794039,20
formal_id_length_sweep,NLHQT(n=2),46,280424639,824005289,40
formal_id_length_sweep,NLHQT(n=2),46,3246406024,760028186,60
formal_id_length_sweep,NLHQT(n=2),46,304230472,2053236650,80
formal_id_length_sweep,NLHQT(n=2),46,2025633173,2923855535,96
formal_id_length_sweep,NLHQT(n=2),46,3845386591,1276252670,100
formal_id_length_sweep,NLHQT(n=2),46,1923096838,1153159774,128
formal_id_length_sweep,NLHQT(n=2),46,967210689,1223245193,160
formal_id_length_sweep,NLHQT(n=2),46,1354203506,2388296447,192
formal_id_length_sweep,NLHQT(n=2),46,3692034352,1933593297,256
formal_id_length_sweep,NLHQT(n=2),47,4247619817,1355881103,20
formal_id_length_sweep,NLHQT(n=2),47,1522059884,1778445407,40
formal_id_length_sweep,NLHQT(n=2),47,1627436536,1752420758,60
formal_id_length_sweep,NLHQT(n=2),47,2479907811,3765646922,80
formal_id_length_sweep,NLHQT(n=2),47,3783611845,1701513429,96
formal_id_length_sweep,NLHQT(n=2),47,3875778528,2631747307,100
formal_id_length_sweep,NLHQT(n=2),47,324831139,4140484924,128
formal_id_length_sweep,NLHQT(n=2),47,2402165827,2613039493,160
formal_id_length_sweep,NLHQT(n=2),47,1954624014,4118688549,192
formal_id_length_sweep,NLHQT(n=2),47,1069889121,2097388786,256
formal_id_length_sweep,NLHQT(n=2),48,1536423647,2348316326,20
formal_id_length_sweep,NLHQT(n=2),48,1215447197,2686516398,40
formal_id_length_sweep,NLHQT(n=2),48,2664048286,435177333,60
formal_id_length_sweep,NLHQT(n=2),48,2184705360,2065720004,80
formal_id_length_sweep,NLHQT(n=2),48,1197694827,3518158027,96
formal_id_length_sweep,NLHQT(n=2),48,743938701,3587068516,100
formal_id_length_sweep,NLHQT(n=2),48,657722500,3778120161,128
formal_id_length_sweep,NLHQT(n=2),48,2570756514,3659779618,160
formal_id_length_sweep,NLHQT(n=2),48,1289966514,4182875279,192
formal_id_length_sweep,NLHQT(n=2),48,2739515254,3157946035,256
formal_id_length_sweep,NLHQT(n=2),49,4040440597,1491673507,20
formal_id_length_sweep,NLHQT(n=2),49,3080157852,2338528651,40
formal_id_length_sweep,NLHQT(n=2),49,3795048292,2754907415,60
formal_id_length_sweep,NLHQT(n=2),49,3204201576,393404254,80
formal_id_length_sweep,NLHQT(n=2),49,3088740460,2073244792,96
formal_id_length_sweep,NLHQT(n=2),49,3984571849,1417972433,100
formal_id_length_sweep,NLHQT(n=2),49,3425662313,62475796,128
formal_id_length_sweep,NLHQT(n=2),49,3208396941,3382356251,160
formal_id_length_sweep,NLHQT(n=2),49,2843146286,3235352045,192
formal_id_length_sweep,NLHQT(n=2),49,251992345,1140066926,256
formal_id_length_sweep,HLCT-Base,0,1211239912,1401961798,20
formal_id_length_sweep,HLCT-Base,0,696364180,3512728862,40
formal_id_length_sweep,HLCT-Base,0,303552650,2583135071,60
formal_id_length_sweep,HLCT-Base,0,4021583103,695909171,80
formal_id_length_sweep,HLCT-Base,0,552297578,2394597218,96
formal_id_length_sweep,HLCT-Base,0,3807197959,570509346,100
formal_id_length_sweep,HLCT-Base,0,2154439261,713180751,128
formal_id_length_sweep,HLCT-Base,0,53669434,3667999506,160
formal_id_length_sweep,HLCT-Base,0,779954931,3354675583,192
formal_id_length_sweep,HLCT-Base,0,4141531494,2357045358,256
formal_id_length_sweep,HLCT-Base,1,1858058983,1163649379,20
formal_id_length_sweep,HLCT-Base,1,3122866472,1219696889,40
formal_id_length_sweep,HLCT-Base,1,3188470597,681225135,60
formal_id_length_sweep,HLCT-Base,1,475761283,128395417,80
formal_id_length_sweep,HLCT-Base,1,685656045,3095187376,96
formal_id_length_sweep,HLCT-Base,1,540925788,1922757445,100
formal_id_length_sweep,HLCT-Base,1,942985826,3903526943,128
formal_id_length_sweep,HLCT-Base,1,2817071578,2985541970,160
formal_id_length_sweep,HLCT-Base,1,3051988228,3968114107,192
formal_id_length_sweep,HLCT-Base,1,2260082378,3349443413,256
formal_id_length_sweep,HLCT-Base,2,3912097829,3596125585,20
formal_id_length_sweep,HLCT-Base,2,2023914469,2534303583,40
formal_id_length_sweep,HLCT-Base,2,847643342,2213329100,60
formal_id_length_sweep,HLCT-Base,2,3958863349,3876605886,80
formal_id_length_sweep,HLCT-Base,2,3666925827,3917893872,96
formal_id_length_sweep,HLCT-Base,2,3946500883,138385731,100
formal_id_length_sweep,HLCT-Base,2,3385053515,3596698158,128
formal_id_length_sweep,HLCT-Base,2,2634534493,2175349470,160
formal_id_length_sweep,HLCT-Base,2,3982337167,4136979245,192
formal_id_length_sweep,HLCT-Base,2,2754403413,3402411487,256
formal_id_length_sweep,HLCT-Base,3,3020249695,502739071,20
formal_id_length_sweep,HLCT-Base,3,77608284,1661960731,40
formal_id_length_sweep,HLCT-Base,3,3444491863,3385194070,60
formal_id_length_sweep,HLCT-Base,3,550340296,4064909273,80
formal_id_length_sweep,HLCT-Base,3,2694801678,703730476,96
formal_id_length_sweep,HLCT-Base,3,2158927053,3555309678,100
formal_id_length_sweep,HLCT-Base,3,3156282246,1545810863,128
formal_id_length_sweep,HLCT-Base,3,744668023,2201135725,160
formal_id_length_sweep,HLCT-Base,3,387767481,302121560,192
formal_id_length_sweep,HLCT-Base,3,2209102266,1872161894,256
formal_id_length_sweep,HLCT-Base,4,2125843681,631455319,20
formal_id_length_sweep,HLCT-Base,4,2758295573,1227897660,40
formal_id_length_sweep,HLCT-Base,4,1453674214,2942401715,60
formal_id_length_sweep,HLCT-Base,4,3544085237,281101716,80
formal_id_length_sweep,HLCT-Base,4,703264642,406098178,96
formal_id_length_sweep,HLCT-Base,4,3484452798,2244219945,100
formal_id_length_sweep,HLCT-Base,4,2319110515,2927274542,128
formal_id_length_sweep,HLCT-Base,4,154816862,1799118539,160
formal_id_length_sweep,HLCT-Base,4,569991421,1185062934,192
formal_id_length_sweep,HLCT-Base,4,3519591180,4209933278,256
formal_id_length_sweep,HLCT-Base,5,1374789481,3319530400,20
formal_id_length_sweep,HLCT-Base,5,3375286769,2486298472,40
formal_id_length_sweep,HLCT-Base,5,10692317,2060414877,60
formal_id_length_sweep,HLCT-Base,5,568073676,2634701645,80
formal_id_length_sweep,HLCT-Base,5,1660733732,3157142955,96
formal_id_length_sweep,HLCT-Base,5,284186581,3508681159,100
formal_id_length_sweep,HLCT-Base,5,3069301506,1863832502,128
formal_id_length_sweep,HLCT-Base,5,2155917258,2099052120,160
formal_id_length_sweep,HLCT-Base,5,20336627,2691429973,192
formal_id_length_sweep,HLCT-Base,5,2575248428,180277072,256
formal_id_length_sweep,HLCT-Base,6,2194947846,4246948019,20
formal_id_length_sweep,HLCT-Base,6,218666516,2198173869,40
formal_id_length_sweep,HLCT-Base,6,1781867148,1386990536,60
formal_id_length_sweep,HLCT-Base,6,179051958,2281919241,80
formal_id_length_sweep,HLCT-Base,6,1661541949,703083913,96
formal_id_length_sweep,HLCT-Base,6,1060733486,1648894229,100
formal_id_length_sweep,HLCT-Base,6,148694115,657904232,128
formal_id_length_sweep,HLCT-Base,6,3486673516,536583227,160
formal_id_length_sweep,HLCT-Base,6,29087867,2383620684,192
formal_id_length_sweep,HLCT-Base,6,2134829016,799135107,256
formal_id_length_sweep,HLCT-Base,7,1968542344,1447503382,20
formal_id_length_sweep,HLCT-Base,7,86975461,2934986169,40
formal_id_length_sweep,HLCT-Base,7,4252023073,2385490201,60
formal_id_length_sweep,HLCT-Base,7,2196118756,2090817650,80
formal_id_length_sweep,HLCT-Base,7,3453428222,4098615934,96
formal_id_length_sweep,HLCT-Base,7,192241861,297074713,100
formal_id_length_sweep,HLCT-Base,7,782504862,934423301,128
formal_id_length_sweep,HLCT-Base,7,186637928,2947572645,160
formal_id_length_sweep,HLCT-Base,7,153890269,2680469155,192
formal_id_length_sweep,HLCT-Base,7,2781431531,3585302834,256
formal_id_length_sweep,HLCT-Base,8,780756804,1244693282,20
formal_id_length_sweep,HLCT-Base,8,3606649690,2075151053,40
formal_id_length_sweep,HLCT-Base,8,2589800694,2444453469,60
formal_id_length_sweep,HLCT-Base,8,1788852059,2422967515,80
formal_id_length_sweep,HLCT-Base,8,3723126419,3326064362,96
formal_id_length_sweep,HLCT-Base,8,535821057,1003862470,100
formal_id_length_sweep,HLCT-Base,8,4000672671,1163145053,128
formal_id_length_sweep,HLCT-Base,8,3704916549,2380994378,160
formal_id_length_sweep,HLCT-Base,8,291447698,228967704,192
formal_id_length_sweep,HLCT-Base,8,1582558263,1515207064,256
formal_id_length_sweep,HLCT-Base,9,677046796,1183441846,20
formal_id_length_sweep,HLCT-Base,9,3548368820,417384558,40
formal_id_length_sweep,HLCT-Base,9,2139438594,899667592,60
formal_id_length_sweep,HLCT-Base,9,3814362992,3181871993,80
formal_id_length_sweep,HLCT-Base,9,2990994785,2542680415,96
formal_id_length_sweep,HLCT-Base,9,1255343242,2309207930,100
formal_id_length_sweep,HLCT-Base,9,1182994603,965564708,128
formal_id_length_sweep,HLCT-Base,9,3362835039,2269013067,160
formal_id_length_sweep,HLCT-Base,9,2878726668,1323733972,192
formal_id_length_sweep,HLCT-Base,9,2567001242,3602793155,256
formal_id_length_sweep,HLCT-Base,10,3350676346,2910126898,20
formal_id_length_sweep,HLCT-Base,10,4273957529,2375311831,40
formal_id_length_sweep,HLCT-Base,10,859414723,2802607956,60
formal_id_length_sweep,HLCT-Base,10,2712714715,1795995181,80
formal_id_length_sweep,HLCT-Base,10,4221009471,969861444,96
formal_id_length_sweep,HLCT-Base,10,427108240,2505436434,100
formal_id_length_sweep,HLCT-Base,10,1147378182,2607125941,128
formal_id_length_sweep,HLCT-Base,10,2151002067,4199173916,160
formal_id_length_sweep,HLCT-Base,10,4224636040,2092887740,192
formal_id_length_sweep,HLCT-Base,10,1796061815,1680819204,256
formal_id_length_sweep,HLCT-Base,11,2490753198,3715370336,20
formal_id_length_sweep,HLCT-Base,11,2336871534,2368418941,40
formal_id_length_sweep,HLCT-Base,11,3648448748,1253168736,60
formal_id_length_sweep,HLCT-Base,11,3315431236,2288675972,80
formal_id_length_sweep,HLCT-Base,11,824094583,1006785961,96
formal_id_length_sweep,HLCT-Base,11,3787346465,4173718243,100
formal_id_length_sweep,HLCT-Base,11,1797854318,1043579141,128
formal_id_length_sweep,HLCT-Base,11,17911564,2118407917,160
formal_id_length_sweep,HLCT-Base,11,2428770206,3249918437,192
formal_id_length_sweep,HLCT-Base,11,1019221399,550205205,256
formal_id_length_sweep,HLCT-Base,12,2746534617,1414511470,20
formal_id_length_sweep,HLCT-Base,12,2336016540,911650636,40
formal_id_length_sweep,HLCT-Base,12,4043250653,1123692536,60
formal_id_length_sweep,HLCT-Base,12,3357077615,3594243470,80
formal_id_length_sweep,HLCT-Base,12,1798702373,3130841089,96
formal_id_length_sweep,HLCT-Base,12,2505100895,741770032,100
formal_id_length_sweep,HLCT-Base,12,299632783,2060366770,128
formal_id_length_sweep,HLCT-Base,12,2185278263,2201046358,160
formal_id_length_sweep,HLCT-Base,12,2949904956,1153883223,192
formal_id_length_sweep,HLCT-Base,12,1243968233,2251497032,256
formal_id_length_sweep,HLCT-Base,13,3236656474,259808874,20
formal_id_length_sweep,HLCT-Base,13,29570997,835945145,40
formal_id_length_sweep,HLCT-Base,13,2865977281,3785374089,60
formal_id_length_sweep,HLCT-Base,13,2393336731,2517003265,80
formal_id_length_sweep,HLCT-Base,13,757198453,2570684747,96
formal_id_length_sweep,HLCT-Base,13,1078889665,523481696,100
formal_id_length_sweep,HLCT-Base,13,63278972,1732028662,128
formal_id_length_sweep,HLCT-Base,13,1307331162,3078157403,160
formal_id_length_sweep,HLCT-Base,13,1825645343,667034192,192
formal_id_length_sweep,HLCT-Base,13,2227501446,3593121537,256
formal_id_length_sweep,HLCT-Base,14,3611991455,2061540765,20
formal_id_length_sweep,HLCT-Base,14,1847766478,1325360766,40
formal_id_length_sweep,HLCT-Base,14,1463096185,3640367453,60
formal_id_length_sweep,HLCT-Base,14,6349715,4201970093,80
formal_id_length_sweep,HLCT-Base,14,2804041708,3058444519,96
formal_id_length_sweep,HLCT-Base,14,4187341960,3863401400,100
formal_id_length_sweep,HLCT-Base,14,4162478364,1283284982,128
formal_id_length_sweep,HLCT-Base,14,2158669349,1300637955,160
formal_id_length_sweep,HLCT-Base,14,1520350337,3449180824,192
formal_id_length_sweep,HLCT-Base,14,3916047680,2991722440,256
formal_id_length_sweep,HLCT-Base,15,2815521154,2127071899,20
formal_id_length_sweep,HLCT-Base,15,849565309,3909012777,40
formal_id_length_sweep,HLCT-Base,15,2328836271,2337072632,60
formal_id_length_sweep,HLCT-Base,15,1178804250,1368247810,80
formal_id_length_sweep,HLCT-Base,15,2088092778,3375470429,96
formal_id_length_sweep,HLCT-Base,15,50143366,718333475,100
formal_id_length_sweep,HLCT-Base,15,3851272941,3255671255,128
formal_id_length_sweep,HLCT-Base,15,2772590449,3684274469,160
formal_id_length_sweep,HLCT-Base,15,3468533574,10961015,192
formal_id_length_sweep,HLCT-Base,15,4266862493,4257158760,256
formal_id_length_sweep,HLCT-Base,16,2222097227,1177889459,20
formal_id_length_sweep,HLCT-Base,16,2961363353,1916575909,40
formal_id_length_sweep,HLCT-Base,16,3731080181,3689243610,60
formal_id_length_sweep,HLCT-Base,16,395358419,951585343,80
formal_id_length_sweep,HLCT-Base,16,1797785561,381321885,96
formal_id_length_sweep,HLCT-Base,16,567398321,1071329959,100
formal_id_length_sweep,HLCT-Base,16,2300812766,2701307436,128
formal_id_length_sweep,HLCT-Base,16,4003677933,2962567397,160
formal_id_length_sweep,HLCT-Base,16,945638788,4293793951,192
formal_id_length_sweep,HLCT-Base,16,531845027,2249544679,256
formal_id_length_sweep,HLCT-Base,17,3184588927,1025465833,20
formal_id_length_sweep,HLCT-Base,17,2306426018,1775461224,40
formal_id_length_sweep,HLCT-Base,17,1911944603,954884539,60
formal_id_length_sweep,HLCT-Base,17,1150207896,3780699285,80
formal_id_length_sweep,HLCT-Base,17,2511067819,754675754,96
formal_id_length_sweep,HLCT-Base,17,3981697733,2516323891,100
formal_id_length_sweep,HLCT-Base,17,4017608341,2242929193,128
formal_id_length_sweep,HLCT-Base,17,1981594178,2204710364,160
formal_id_length_sweep,HLCT-Base,17,552471096,482672409,192
formal_id_length_sweep,HLCT-Base,17,2532058873,3316962551,256
formal_id_length_sweep,HLCT-Base,18,3767505925,1793594663,20
formal_id_length_sweep,HLCT-Base,18,400913036,3561186747,40
formal_id_length_sweep,HLCT-Base,18,3166031358,874380536,60
formal_id_length_sweep,HLCT-Base,18,918748283,905252251,80
formal_id_length_sweep,HLCT-Base,18,2464891821,575388617,96
formal_id_length_sweep,HLCT-Base,18,3495563128,2528646155,100
formal_id_length_sweep,HLCT-Base,18,4244119286,3604050719,128
formal_id_length_sweep,HLCT-Base,18,3477284335,3506171861,160
formal_id_length_sweep,HLCT-Base,18,1052282650,780918104,192
formal_id_length_sweep,HLCT-Base,18,3107381882,1476303923,256
formal_id_length_sweep,HLCT-Base,19,697133743,3994446898,20
formal_id_length_sweep,HLCT-Base,19,2135059601,748245326,40
formal_id_length_sweep,HLCT-Base,19,1512288220,2637741177,60
formal_id_length_sweep,HLCT-Base,19,4129093465,916559272,80
formal_id_length_sweep,HLCT-Base,19,2110929645,1500704636,96
formal_id_length_sweep,HLCT-Base,19,274213287,848197693,100
formal_id_length_sweep,HLCT-Base,19,3541945278,280278919,128
formal_id_length_sweep,HLCT-Base,19,1165175147,2454529100,160
formal_id_length_sweep,HLCT-Base,19,3956304976,1744675893,192
formal_id_length_sweep,HLCT-Base,19,1131150704,433082551,256
formal_id_length_sweep,HLCT-Base,20,4037893529,2100092416,20
formal_id_length_sweep,HLCT-Base,20,2679116664,736402367,40
formal_id_length_sweep,HLCT-Base,20,2151116833,173584036,60
formal_id_length_sweep,HLCT-Base,20,2824035603,1280281190,80
formal_id_length_sweep,HLCT-Base,20,2115596098,2295793680,96
formal_id_length_sweep,HLCT-Base,20,3417556899,2936567396,100
formal_id_length_sweep,HLCT-Base,20,3341502038,1046072733,128
formal_id_length_sweep,HLCT-Base,20,16035416,2324454118,160
formal_id_length_sweep,HLCT-Base,20,2280268056,3211758791,192
formal_id_length_sweep,HLCT-Base,20,299398699,866078620,256
formal_id_length_sweep,HLCT-Base,21,1310501261,2741473013,20
formal_id_length_sweep,HLCT-Base,21,3858087420,2271908078,40
formal_id_length_sweep,HLCT-Base,21,3181684721,1202606747,60
formal_id_length_sweep,HLCT-Base,21,1072691792,3606868425,80
formal_id_length_sweep,HLCT-Base,21,3104338274,4009679346,96
formal_id_length_sweep,HLCT-Base,21,200311767,3442543076,100
formal_id_length_sweep,HLCT-Base,21,2904687119,1435280870,128
formal_id_length_sweep,HLCT-Base,21,4077270677,1320089328,160
formal_id_length_sweep,HLCT-Base,21,3967336087,3547642745,192
formal_id_length_sweep,HLCT-Base,21,215746801,431519326,256
formal_id_length_sweep,HLCT-Base,22,686001247,827076083,20
formal_id_length_sweep,HLCT-Base,22,3025657408,1969739273,40
formal_id_length_sweep,HLCT-Base,22,1606209987,3965797560,60
formal_id_length_sweep,HLCT-Base,22,464922879,3643609100,80
formal_id_length_sweep,HLCT-Base,22,1670193662,1509890016,96
formal_id_length_sweep,HLCT-Base,22,2178369009,1977372323,100
formal_id_length_sweep,HLCT-Base,22,1624420903,2834172319,128
formal_id_length_sweep,HLCT-Base,22,3560607004,304896744,160
formal_id_length_sweep,HLCT-Base,22,1261682843,2153299956,192
formal_id_length_sweep,HLCT-Base,22,3764176582,3702305242,256
formal_id_length_sweep,HLCT-Base,23,2887652093,3004272424,20
formal_id_length_sweep,HLCT-Base,23,57087796,3179474158,40
formal_id_length_sweep,HLCT-Base,23,3739220578,533510893,60
formal_id_length_sweep,HLCT-Base,23,2761571220,4139370415,80
formal_id_length_sweep,HLCT-Base,23,74892211,1127533567,96
formal_id_length_sweep,HLCT-Base,23,2217726525,184819331,100
formal_id_length_sweep,HLCT-Base,23,1825361325,2809724041,128
formal_id_length_sweep,HLCT-Base,23,852575468,2050327797,160
formal_id_length_sweep,HLCT-Base,23,3865261448,2606401286,192
formal_id_length_sweep,HLCT-Base,23,3960437060,3289504959,256
formal_id_length_sweep,HLCT-Base,24,768683018,2311341072,20
formal_id_length_sweep,HLCT-Base,24,1272550774,1685668194,40
formal_id_length_sweep,HLCT-Base,24,2680931880,2317141899,60
formal_id_length_sweep,HLCT-Base,24,4076009818,1666881847,80
formal_id_length_sweep,HLCT-Base,24,974644233,3331501683,96
formal_id_length_sweep,HLCT-Base,24,735854507,1738033827,100
formal_id_length_sweep,HLCT-Base,24,3121950890,433787323,128
formal_id_length_sweep,HLCT-Base,24,1404714039,595065308,160
formal_id_length_sweep,HLCT-Base,24,3997776277,679831936,192
formal_id_length_sweep,HLCT-Base,24,374556454,1435765781,256
formal_id_length_sweep,HLCT-Base,25,4104404572,269934426,20
formal_id_length_sweep,HLCT-Base,25,1406153004,440933200,40
formal_id_length_sweep,HLCT-Base,25,2880627581,32929825,60
formal_id_length_sweep,HLCT-Base,25,3888551282,797990991,80
formal_id_length_sweep,HLCT-Base,25,237287140,4163139883,96
formal_id_length_sweep,HLCT-Base,25,3339197071,2433032935,100
formal_id_length_sweep,HLCT-Base,25,3115380797,4018149085,128
formal_id_length_sweep,HLCT-Base,25,578541335,3399663342,160
formal_id_length_sweep,HLCT-Base,25,2684305920,1070481296,192
formal_id_length_sweep,HLCT-Base,25,3916127239,326709437,256
formal_id_length_sweep,HLCT-Base,26,1710307790,994613281,20
formal_id_length_sweep,HLCT-Base,26,923319384,2784387799,40
formal_id_length_sweep,HLCT-Base,26,1772107280,1287526327,60
formal_id_length_sweep,HLCT-Base,26,2295208114,2615059920,80
formal_id_length_sweep,HLCT-Base,26,2208628953,233586078,96
formal_id_length_sweep,HLCT-Base,26,3208220718,1830148643,100
formal_id_length_sweep,HLCT-Base,26,2337441380,3081725823,128
formal_id_length_sweep,HLCT-Base,26,4231314494,3850247259,160
formal_id_length_sweep,HLCT-Base,26,1302319150,3209354787,192
formal_id_length_sweep,HLCT-Base,26,3402579263,207515650,256
formal_id_length_sweep,HLCT-Base,27,1254764016,886397709,20
formal_id_length_sweep,HLCT-Base,27,3805576993,638906144,40
formal_id_length_sweep,HLCT-Base,27,419164771,3043336083,60
formal_id_length_sweep,HLCT-Base,27,303438963,1310642838,80
formal_id_length_sweep,HLCT-Base,27,2719593811,3572046478,96
formal_id_length_sweep,HLCT-Base,27,1168207028,1245363131,100
formal_id_length_sweep,HLCT-Base,27,2918986739,1084267972,128
formal_id_length_sweep,HLCT-Base,27,3968305513,97611973,160
formal_id_length_sweep,HLCT-Base,27,1747786600,1340394653,192
formal_id_length_sweep,HLCT-Base,27,2032304711,333409906,256
formal_id_length_sweep,HLCT-Base,28,3100428891,4142766379,20
formal_id_length_sweep,HLCT-Base,28,701914681,1171330680,40
formal_id_length_sweep,HLCT-Base,28,415181588,841306619,60
formal_id_length_sweep,HLCT-Base,28,896518539,1842905804,80
formal_id_length_sweep,HLCT-Base,28,2330850669,800068246,96
formal_id_length_sweep,HLCT-Base,28,4293839371,2524890398,100
formal_id_length_sweep,HLCT-Base,28,4233518068,1331587780,128
formal_id_length_sweep,HLCT-Base,28,1490032402,101160473,160
formal_id_length_sweep,HLCT-Base,28,1966703577,1023898912,192
formal_id_length_sweep,HLCT-Base,28,1995825189,244735705,256
formal_id_length_sweep,HLCT-Base,29,1265055674,1031128833,20
formal_id_length_sweep,HLCT-Base,29,2987389979,1300276592,40
formal_id_length_sweep,HLCT-Base,29,4140736029,2916902793,60
formal_id_length_sweep,HLCT-Base,29,3405593828,787658305,80
formal_id_length_sweep,HLCT-Base,29,949597425,998636473,96
formal_id_length_sweep,HLCT-Base,29,1555064327,260734868,100
formal_id_length_sweep,HLCT-Base,29,101472845,4001409702,128
formal_id_length_sweep,HLCT-Base,29,915891348,138277960,160
formal_id_length_sweep,HLCT-Base,29,3370608000,1296445003,192
formal_id_length_sweep,HLCT-Base,29,1173874962,2025902186,256
formal_id_length_sweep,HLCT-Base,30,1405648522,2063043069,20
formal_id_length_sweep,HLCT-Base,30,4189606703,8767349,40
formal_id_length_sweep,HLCT-Base,30,2236359360,926896595,60
formal_id_length_sweep,HLCT-Base,30,905701959,2854280941,80
formal_id_length_sweep,HLCT-Base,30,305866955,2486635771,96
formal_id_length_sweep,HLCT-Base,30,1208203518,1498033522,100
formal_id_length_sweep,HLCT-Base,30,386525980,593968442,128
formal_id_length_sweep,HLCT-Base,30,907918313,2575697773,160
formal_id_length_sweep,HLCT-Base,30,1920076833,2670629885,192
formal_id_length_sweep,HLCT-Base,30,1515510919,3347772724,256
formal_id_length_sweep,HLCT-Base,31,338787315,1095729133,20
formal_id_length_sweep,HLCT-Base,31,498585599,2395759184,40
formal_id_length_sweep,HLCT-Base,31,3263371041,837738563,60
formal_id_length_sweep,HLCT-Base,31,569202280,1637785077,80
formal_id_length_sweep,HLCT-Base,31,1260126129,2018431467,96
formal_id_length_sweep,HLCT-Base,31,1763821128,2583392043,100
formal_id_length_sweep,HLCT-Base,31,4037673289,2228812739,128
formal_id_length_sweep,HLCT-Base,31,1927590570,2187599137,160
formal_id_length_sweep,HLCT-Base,31,3851068296,1483464298,192
formal_id_length_sweep,HLCT-Base,31,2019362312,3393083329,256
formal_id_length_sweep,HLCT-Base,32,2372887675,1623770648,20
formal_id_length_sweep,HLCT-Base,32,1298090251,4002128004,40
formal_id_length_sweep,HLCT-Base,32,1683584658,4273671402,60
formal_id_length_sweep,HLCT-Base,32,1095417216,1255581173,80
formal_id_length_sweep,HLCT-Base,32,2265554124,2789998796,96
formal_id_length_sweep,HLCT-Base,32,1360602740,3680524955,100
formal_id_length_sweep,HLCT-Base,32,3532068426,3876483458,128
formal_id_length_sweep,HLCT-Base,32,3272852731,219796075,160
formal_id_length_sweep,HLCT-Base,32,406443290,3400895159,192
formal_id_length_sweep,HLCT-Base,32,390760088,4269140088,256
formal_id_length_sweep,HLCT-Base,33,3639392376,3984564908,20
formal_id_length_sweep,HLCT-Base,33,2067103324,1875730086,40
formal_id_length_sweep,HLCT-Base,33,3410737478,1864045439,60
formal_id_length_sweep,HLCT-Base,33,1539266752,1906537361,80
formal_id_length_sweep,HLCT-Base,33,624849251,2945178119,96
formal_id_length_sweep,HLCT-Base,33,2223752849,1541977168,100
formal_id_length_sweep,HLCT-Base,33,165640310,907783210,128
formal_id_length_sweep,HLCT-Base,33,2339622505,1131355127,160
formal_id_length_sweep,HLCT-Base,33,4206893019,3213457910,192
formal_id_length_sweep,HLCT-Base,33,1639674763,1380601862,256
formal_id_length_sweep,HLCT-Base,34,3752954330,819805350,20
formal_id_length_sweep,HLCT-Base,34,2546508928,3157645189,40
formal_id_length_sweep,HLCT-Base,34,66927409,1323393060,60
formal_id_length_sweep,HLCT-Base,34,3863928290,2414250993,80
formal_id_length_sweep,HLCT-Base,34,2538622943,2654717794,96
formal_id_length_sweep,HLCT-Base,34,1726428416,2740915780,100
formal_id_length_sweep,HLCT-Base,34,233659342,319338440,128
formal_id_length_sweep,HLCT-Base,34,747531232,2076530673,160
formal_id_length_sweep,HLCT-Base,34,1026483804,2610913334,192
formal_id_length_sweep,HLCT-Base,34,1202297178,896247554,256
formal_id_length_sweep,HLCT-Base,35,2890531390,2060389144,20
formal_id_length_sweep,HLCT-Base,35,3859759531,2831352775,40
formal_id_length_sweep,HLCT-Base,35,2458632215,3602306636,60
formal_id_length_sweep,HLCT-Base,35,1147643091,4198754337,80
formal_id_length_sweep,HLCT-Base,35,494488086,2036205975,96
formal_id_length_sweep,HLCT-Base,35,759726048,4093015072,100
formal_id_length_sweep,HLCT-Base,35,3828104277,298508433,128
formal_id_length_sweep,HLCT-Base,35,281902067,2067978607,160
formal_id_length_sweep,HLCT-Base,35,723787142,2351132315,192
formal_id_length_sweep,HLCT-Base,35,1871597334,2937521635,256
formal_id_length_sweep,HLCT-Base,36,2618949986,2773105507,20
formal_id_length_sweep,HLCT-Base,36,3999292794,988267616,40
formal_id_length_sweep,HLCT-Base,36,2608047520,1073621554,60
formal_id_length_sweep,HLCT-Base,36,1565658348,2626084159,80
formal_id_length_sweep,HLCT-Base,36,1729117906,2483337223,96
formal_id_length_sweep,HLCT-Base,36,1689399461,3293990464,100
formal_id_length_sweep,HLCT-Base,36,2569309401,1460200848,128
formal_id_length_sweep,HLCT-Base,36,1168342078,3504602847,160
formal_id_length_sweep,HLCT-Base,36,4110026418,4037706701,192
formal_id_length_sweep,HLCT-Base,36,3083548185,21287054,256
formal_id_length_sweep,HLCT-Base,37,914573255,1884458691,20
formal_id_length_sweep,HLCT-Base,37,3683619215,1107251828,40
formal_id_length_sweep,HLCT-Base,37,4074268167,1615277616,60
formal_id_length_sweep,HLCT-Base,37,2342205768,3285225443,80
formal_id_length_sweep,HLCT-Base,37,1522657298,2368889431,96
formal_id_length_sweep,HLCT-Base,37,3363077235,3776434755,100
formal_id_length_sweep,HLCT-Base,37,1345069188,4238363355,128
formal_id_length_sweep,HLCT-Base,37,1557058044,544498696,160
formal_id_length_sweep,HLCT-Base,37,2407785304,904096345,192
formal_id_length_sweep,HLCT-Base,37,456092532,2309267423,256
formal_id_length_sweep,HLCT-Base,38,463299081,408042109,20
formal_id_length_sweep,HLCT-Base,38,3765522801,1460099814,40
formal_id_length_sweep,HLCT-Base,38,582684834,547763989,60
formal_id_length_sweep,HLCT-Base,38,1534630818,4046178398,80
formal_id_length_sweep,HLCT-Base,38,3342175643,2671822308,96
formal_id_length_sweep,HLCT-Base,38,4227552383,3431630644,100
formal_id_length_sweep,HLCT-Base,38,2693492944,4265526800,128
formal_id_length_sweep,HLCT-Base,38,3384057875,3415199659,160
formal_id_length_sweep,HLCT-Base,38,896456331,2550759324,192
formal_id_length_sweep,HLCT-Base,38,1385392060,2283555914,256
formal_id_length_sweep,HLCT-Base,39,961353927,3186029426,20
formal_id_length_sweep,HLCT-Base,39,1943849482,167379848,40
formal_id_length_sweep,HLCT-Base,39,3800510185,3603657591,60
formal_id_length_sweep,HLCT-Base,39,1154136017,1691419420,80
formal_id_length_sweep,HLCT-Base,39,2041610322,2082575443,96
formal_id_length_sweep,HLCT-Base,39,4124585325,3354425096,100
formal_id_length_sweep,HLCT-Base,39,1561511251,715605497,128
formal_id_length_sweep,HLCT-Base,39,3321238138,1838421568,160
formal_id_length_sweep,HLCT-Base,39,1535225800,1538353616,192
formal_id_length_sweep,HLCT-Base,39,1141611432,70863780,256
formal_id_length_sweep,HLCT-Base,40,1594597739,2945043532,20
formal_id_length_sweep,HLCT-Base,40,2196734206,3339669808,40
formal_id_length_sweep,HLCT-Base,40,1901548672,2684738342,60
formal_id_length_sweep,HLCT-Base,40,2061132202,1739489108,80
formal_id_length_sweep,HLCT-Base,40,2934930705,3684622040,96
formal_id_length_sweep,HLCT-Base,40,449859025,1922980500,100
formal_id_length_sweep,HLCT-Base,40,1702748032,3019787486,128
formal_id_length_sweep,HLCT-Base,40,1376518921,1460571097,160
formal_id_length_sweep,HLCT-Base,40,311407170,2305366778,192
formal_id_length_sweep,HLCT-Base,40,2782796562,3919410661,256
formal_id_length_sweep,HLCT-Base,41,3957795199,1113341091,20
formal_id_length_sweep,HLCT-Base,41,3825560531,1194190489,40
formal_id_length_sweep,HLCT-Base,41,1353534015,1034621104,60
formal_id_length_sweep,HLCT-Base,41,2935876177,644911571,80
formal_id_length_sweep,HLCT-Base,41,289388657,1157179974,96
formal_id_length_sweep,HLCT-Base,41,195955706,3033200007,100
formal_id_length_sweep,HLCT-Base,41,3667011643,1447900642,128
formal_id_length_sweep,HLCT-Base,41,2096428599,118308938,160
formal_id_length_sweep,HLCT-Base,41,4234513742,1606234253,192
formal_id_length_sweep,HLCT-Base,41,93922502,3783313303,256
formal_id_length_sweep,HLCT-Base,42,611594096,711072570,20
formal_id_length_sweep,HLCT-Base,42,1186080764,2524056391,40
formal_id_length_sweep,HLCT-Base,42,4174937035,164857502,60
formal_id_length_sweep,HLCT-Base,42,600805140,3959456426,80
formal_id_length_sweep,HLCT-Base,42,3931197386,1183028758,96
formal_id_length_sweep,HLCT-Base,42,1916285082,38198091,100
formal_id_length_sweep,HLCT-Base,42,1153453263,332416695,128
formal_id_length_sweep,HLCT-Base,42,1017870458,2439260149,160
formal_id_length_sweep,HLCT-Base,42,1382676058,2448399208,192
formal_id_length_sweep,HLCT-Base,42,3643858683,2008603581,256
formal_id_length_sweep,HLCT-Base,43,1083430060,964271643,20
formal_id_length_sweep,HLCT-Base,43,1636663436,4215535474,40
formal_id_length_sweep,HLCT-Base,43,1450811516,2338282903,60
formal_id_length_sweep,HLCT-Base,43,3130144389,1173993981,80
formal_id_length_sweep,HLCT-Base,43,34088026,683625015,96
formal_id_length_sweep,HLCT-Base,43,1504115291,993779521,100
formal_id_length_sweep,HLCT-Base,43,2355833024,1721778797,128
formal_id_length_sweep,HLCT-Base,43,142758089,1764964172,160
formal_id_length_sweep,HLCT-Base,43,2048855895,3977237662,192
formal_id_length_sweep,HLCT-Base,43,1445629864,2066022984,256
formal_id_length_sweep,HLCT-Base,44,1685517026,541876647,20
formal_id_length_sweep,HLCT-Base,44,2452940343,1606776861,40
formal_id_length_sweep,HLCT-Base,44,3739718055,2037390886,60
formal_id_length_sweep,HLCT-Base,44,566392430,1711336994,80
formal_id_length_sweep,HLCT-Base,44,513838650,1409352613,96
formal_id_length_sweep,HLCT-Base,44,1401714156,3295620711,100
formal_id_length_sweep,HLCT-Base,44,93619563,3264785673,128
formal_id_length_sweep,HLCT-Base,44,649128258,1015940337,160
formal_id_length_sweep,HLCT-Base,44,39113712,3692293596,192
formal_id_length_sweep,HLCT-Base,44,2905850660,1695514044,256
formal_id_length_sweep,HLCT-Base,45,2794529431,2431260500,20
formal_id_length_sweep,HLCT-Base,45,1222844799,1907324523,40
formal_id_length_sweep,HLCT-Base,45,3228046417,4017414317,60
formal_id_length_sweep,HLCT-Base,45,4014926531,1453937544,80
formal_id_length_sweep,HLCT-Base,45,73451943,3137849287,96
formal_id_length_sweep,HLCT-Base,45,303203638,3915382331,100
formal_id_length_sweep,HLCT-Base,45,3710678357,3117799238,128
formal_id_length_sweep,HLCT-Base,45,3643062280,533404847,160
formal_id_length_sweep,HLCT-Base,45,3512622617,2967745653,192
formal_id_length_sweep,HLCT-Base,45,2958495669,1751978062,256
formal_id_length_sweep,HLCT-Base,46,3177951371,3575179456,20
formal_id_length_sweep,HLCT-Base,46,280424639,1206326421,40
formal_id_length_sweep,HLCT-Base,46,3246406024,2244426562,60
formal_id_length_sweep,HLCT-Base,46,304230472,1228152433,80
formal_id_length_sweep,HLCT-Base,46,2025633173,2846707304,96
formal_id_length_sweep,HLCT-Base,46,3845386591,2149614154,100
formal_id_length_sweep,HLCT-Base,46,1923096838,604843659,128
formal_id_length_sweep,HLCT-Base,46,967210689,3448781056,160
formal_id_length_sweep,HLCT-Base,46,1354203506,3055084960,192
formal_id_length_sweep,HLCT-Base,46,3692034352,3021086514,256
formal_id_length_sweep,HLCT-Base,47,4247619817,707686052,20
formal_id_length_sweep,HLCT-Base,47,1522059884,2383899752,40
formal_id_length_sweep,HLCT-Base,47,1627436536,1248824706,60
formal_id_length_sweep,HLCT-Base,47,2479907811,1932050144,80
formal_id_length_sweep,HLCT-Base,47,3783611845,95974119,96
formal_id_length_sweep,HLCT-Base,47,3875778528,237913199,100
formal_id_length_sweep,HLCT-Base,47,324831139,554455396,128
formal_id_length_sweep,HLCT-Base,47,2402165827,2986266338,160
formal_id_length_sweep,HLCT-Base,47,1954624014,2405090113,192
formal_id_length_sweep,HLCT-Base,47,1069889121,1994840109,256
formal_id_length_sweep,HLCT-Base,48,1536423647,1167328279,20
formal_id_length_sweep,HLCT-Base,48,1215447197,1279867372,40
formal_id_length_sweep,HLCT-Base,48,2664048286,3896202436,60
formal_id_length_sweep,HLCT-Base,48,2184705360,1905826453,80
formal_id_length_sweep,HLCT-Base,48,1197694827,1920572061,96
formal_id_length_sweep,HLCT-Base,48,743938701,2649233272,100
formal_id_length_sweep,HLCT-Base,48,657722500,1129536839,128
formal_id_length_sweep,HLCT-Base,48,2570756514,2468042459,160
formal_id_length_sweep,HLCT-Base,48,1289966514,3818473220,192
formal_id_length_sweep,HLCT-Base,48,2739515254,3398004278,256
formal_id_length_sweep,HLCT-Base,49,4040440597,937691099,20
formal_id_length_sweep,HLCT-Base,49,3080157852,2145248224,40
formal_id_length_sweep,HLCT-Base,49,3795048292,1484722389,60
formal_id_length_sweep,HLCT-Base,49,3204201576,2336244927,80
formal_id_length_sweep,HLCT-Base,49,3088740460,2177049593,96
formal_id_length_sweep,HLCT-Base,49,3984571849,3245474372,100
formal_id_length_sweep,HLCT-Base,49,3425662313,3338902264,128
formal_id_length_sweep,HLCT-Base,49,3208396941,1166031333,160
formal_id_length_sweep,HLCT-Base,49,2843146286,2960934674,192
formal_id_length_sweep,HLCT-Base,49,251992345,2132004165,256
formal_id_length_sweep,SGCT,0,1211239912,1690374397,20
formal_id_length_sweep,SGCT,0,696364180,2434983593,40
formal_id_length_sweep,SGCT,0,303552650,1808533942,60
formal_id_length_sweep,SGCT,0,4021583103,4078490674,80
formal_id_length_sweep,SGCT,0,552297578,2952856279,96
formal_id_length_sweep,SGCT,0,3807197959,2987224860,100
formal_id_length_sweep,SGCT,0,2154439261,1187948155,128
formal_id_length_sweep,SGCT,0,53669434,1319220792,160
formal_id_length_sweep,SGCT,0,779954931,2153308973,192
formal_id_length_sweep,SGCT,0,4141531494,1876711045,256
formal_id_length_sweep,SGCT,1,1858058983,1194663460,20
formal_id_length_sweep,SGCT,1,3122866472,1317995235,40
formal_id_length_sweep,SGCT,1,3188470597,4027856460,60
formal_id_length_sweep,SGCT,1,475761283,1276903238,80
formal_id_length_sweep,SGCT,1,685656045,604394662,96
formal_id_length_sweep,SGCT,1,540925788,1791273621,100
formal_id_length_sweep,SGCT,1,942985826,4124330690,128
formal_id_length_sweep,SGCT,1,2817071578,3302931206,160
formal_id_length_sweep,SGCT,1,3051988228,2735550820,192
formal_id_length_sweep,SGCT,1,2260082378,1594118469,256
formal_id_length_sweep,SGCT,2,3912097829,4064635800,20
formal_id_length_sweep,SGCT,2,2023914469,2265462319,40
formal_id_length_sweep,SGCT,2,847643342,1981116350,60
formal_id_length_sweep,SGCT,2,3958863349,2196560575,80
formal_id_length_sweep,SGCT,2,3666925827,1361924351,96
formal_id_length_sweep,SGCT,2,3946500883,1800060269,100
formal_id_length_sweep,SGCT,2,3385053515,1038618236,128
formal_id_length_sweep,SGCT,2,2634534493,1983506972,160
formal_id_length_sweep,SGCT,2,3982337167,3829379875,192
formal_id_length_sweep,SGCT,2,2754403413,2178923724,256
formal_id_length_sweep,SGCT,3,3020249695,776294937,20
formal_id_length_sweep,SGCT,3,77608284,1326650021,40
formal_id_length_sweep,SGCT,3,3444491863,4195456610,60
formal_id_length_sweep,SGCT,3,550340296,1123283503,80
formal_id_length_sweep,SGCT,3,2694801678,1643018684,96
formal_id_length_sweep,SGCT,3,2158927053,3124770189,100
formal_id_length_sweep,SGCT,3,3156282246,655897362,128
formal_id_length_sweep,SGCT,3,744668023,2895730168,160
formal_id_length_sweep,SGCT,3,387767481,4119011354,192
formal_id_length_sweep,SGCT,3,2209102266,1421408551,256
formal_id_length_sweep,SGCT,4,2125843681,1245138836,20
formal_id_length_sweep,SGCT,4,2758295573,124243153,40
formal_id_length_sweep,SGCT,4,1453674214,1574097466,60
formal_id_length_sweep,SGCT,4,3544085237,4058012387,80
formal_id_length_sweep,SGCT,4,703264642,4241006823,96
formal_id_length_sweep,SGCT,4,3484452798,625090075,100
formal_id_length_sweep,SGCT,4,2319110515,4176825345,128
formal_id_length_sweep,SGCT,4,154816862,2897655255,160
formal_id_length_sweep,SGCT,4,569991421,2444621870,192
formal_id_length_sweep,SGCT,4,3519591180,2772606212,256
formal_id_length_sweep,SGCT,5,1374789481,521969598,20
formal_id_length_sweep,SGCT,5,3375286769,2950335096,40
formal_id_length_sweep,SGCT,5,10692317,1332810245,60
formal_id_length_sweep,SGCT,5,568073676,1091646664,80
formal_id_length_sweep,SGCT,5,1660733732,3943840914,96
formal_id_length_sweep,SGCT,5,284186581,1199607976,100
formal_id_length_sweep,SGCT,5,3069301506,2871016726,128
formal_id_length_sweep,SGCT,5,2155917258,1980928641,160
formal_id_length_sweep,SGCT,5,20336627,4153995928,192
formal_id_length_sweep,SGCT,5,2575248428,3383281623,256
formal_id_length_sweep,SGCT,6,2194947846,3323883238,20
formal_id_length_sweep,SGCT,6,218666516,2325999913,40
formal_id_length_sweep,SGCT,6,1781867148,4179009324,60
formal_id_length_sweep,SGCT,6,179051958,1006742120,80
formal_id_length_sweep,SGCT,6,1661541949,2788449135,96
formal_id_length_sweep,SGCT,6,1060733486,2653669806,100
formal_id_length_sweep,SGCT,6,148694115,3331468383,128
formal_id_length_sweep,SGCT,6,3486673516,3103346269,160
formal_id_length_sweep,SGCT,6,29087867,2932902582,192
formal_id_length_sweep,SGCT,6,2134829016,3275167929,256
formal_id_length_sweep,SGCT,7,1968542344,1090458393,20
formal_id_length_sweep,SGCT,7,86975461,3462157924,40
formal_id_length_sweep,SGCT,7,4252023073,1405504242,60
formal_id_length_sweep,SGCT,7,2196118756,2298211046,80
formal_id_length_sweep,SGCT,7,3453428222,2029302982,96
formal_id_length_sweep,SGCT,7,192241861,1904214991,100
formal_id_length_sweep,SGCT,7,782504862,3535034631,128
formal_id_length_sweep,SGCT,7,186637928,3641520024,160
formal_id_length_sweep,SGCT,7,153890269,3795138994,192
formal_id_length_sweep,SGCT,7,2781431531,3298857826,256
formal_id_length_sweep,SGCT,8,780756804,2922357031,20
formal_id_length_sweep,SGCT,8,3606649690,2921160411,40
formal_id_length_sweep,SGCT,8,2589800694,249584880,60
formal_id_length_sweep,SGCT,8,1788852059,1604976299,80
formal_id_length_sweep,SGCT,8,3723126419,3295390383,96
formal_id_length_sweep,SGCT,8,535821057,1171038213,100
formal_id_length_sweep,SGCT,8,4000672671,1284094678,128
formal_id_length_sweep,SGCT,8,3704916549,1071152821,160
formal_id_length_sweep,SGCT,8,291447698,1686206818,192
formal_id_length_sweep,SGCT,8,1582558263,2456642463,256
formal_id_length_sweep,SGCT,9,677046796,2291373058,20
formal_id_length_sweep,SGCT,9,3548368820,3020170089,40
formal_id_length_sweep,SGCT,9,2139438594,1925528755,60
formal_id_length_sweep,SGCT,9,3814362992,2460019101,80
formal_id_length_sweep,SGCT,9,2990994785,2568798795,96
formal_id_length_sweep,SGCT,9,1255343242,3579901569,100
formal_id_length_sweep,SGCT,9,1182994603,1353609455,128
formal_id_length_sweep,SGCT,9,3362835039,1960825914,160
formal_id_length_sweep,SGCT,9,2878726668,1362404972,192
formal_id_length_sweep,SGCT,9,2567001242,551190785,256
formal_id_length_sweep,SGCT,10,3350676346,790570163,20
formal_id_length_sweep,SGCT,10,4273957529,10019145,40
formal_id_length_sweep,SGCT,10,859414723,3650358238,60
formal_id_length_sweep,SGCT,10,2712714715,2872208191,80
formal_id_length_sweep,SGCT,10,4221009471,2459271915,96
formal_id_length_sweep,SGCT,10,427108240,2465182224,100
formal_id_length_sweep,SGCT,10,1147378182,4015679114,128
formal_id_length_sweep,SGCT,10,2151002067,2718501480,160
formal_id_length_sweep,SGCT,10,4224636040,952349776,192
formal_id_length_sweep,SGCT,10,1796061815,197425823,256
formal_id_length_sweep,SGCT,11,2490753198,2783296766,20
formal_id_length_sweep,SGCT,11,2336871534,3215543705,40
formal_id_length_sweep,SGCT,11,3648448748,1866393251,60
formal_id_length_sweep,SGCT,11,3315431236,972958331,80
formal_id_length_sweep,SGCT,11,824094583,243503525,96
formal_id_length_sweep,SGCT,11,3787346465,2752084859,100
formal_id_length_sweep,SGCT,11,1797854318,2699689059,128
formal_id_length_sweep,SGCT,11,17911564,4286097216,160
formal_id_length_sweep,SGCT,11,2428770206,1685667844,192
formal_id_length_sweep,SGCT,11,1019221399,1728858123,256
formal_id_length_sweep,SGCT,12,2746534617,435257706,20
formal_id_length_sweep,SGCT,12,2336016540,3568552984,40
formal_id_length_sweep,SGCT,12,4043250653,2766749366,60
formal_id_length_sweep,SGCT,12,3357077615,865774391,80
formal_id_length_sweep,SGCT,12,1798702373,4285682202,96
formal_id_length_sweep,SGCT,12,2505100895,1012823108,100
formal_id_length_sweep,SGCT,12,299632783,1357425764,128
formal_id_length_sweep,SGCT,12,2185278263,2734246385,160
formal_id_length_sweep,SGCT,12,2949904956,1202632315,192
formal_id_length_sweep,SGCT,12,1243968233,725791370,256
formal_id_length_sweep,SGCT,13,3236656474,2757615522,20
formal_id_length_sweep,SGCT,13,29570997,446327760,40
formal_id_length_sweep,SGCT,13,2865977281,2721310183,60
formal_id_length_sweep,SGCT,13,2393336731,3699675548,80
formal_id_length_sweep,SGCT,13,757198453,3985219205,96
formal_id_length_sweep,SGCT,13,1078889665,303910528,100
formal_id_length_sweep,SGCT,13,63278972,876980665,128
formal_id_length_sweep,SGCT,13,1307331162,1689800791,160
formal_id_length_sweep,SGCT,13,1825645343,707856562,192
formal_id_length_sweep,SGCT,13,2227501446,2891110142,256
formal_id_length_sweep,SGCT,14,3611991455,2478441597,20
formal_id_length_sweep,SGCT,14,1847766478,401356921,40
formal_id_length_sweep,SGCT,14,1463096185,382886505,60
formal_id_length_sweep,SGCT,14,6349715,3386111022,80
formal_id_length_sweep,SGCT,14,2804041708,415740172,96
formal_id_length_sweep,SGCT,14,4187341960,2643131712,100
formal_id_length_sweep,SGCT,14,4162478364,3090292604,128
formal_id_length_sweep,SGCT,14,2158669349,3699445662,160
formal_id_length_sweep,SGCT,14,1520350337,2980578617,192
formal_id_length_sweep,SGCT,14,3916047680,2671005092,256
formal_id_length_sweep,SGCT,15,2815521154,1608250476,20
formal_id_length_sweep,SGCT,15,849565309,3511480095,40
formal_id_length_sweep,SGCT,15,2328836271,2346855103,60
formal_id_length_sweep,SGCT,15,1178804250,1237291381,80
formal_id_length_sweep,SGCT,15,2088092778,1201528252,96
formal_id_length_sweep,SGCT,15,50143366,1421843976,100
formal_id_length_sweep,SGCT,15,3851272941,3456517846,128
formal_id_length_sweep,SGCT,15,2772590449,1780751488,160
formal_id_length_sweep,SGCT,15,3468533574,4111004156,192
formal_id_length_sweep,SGCT,15,4266862493,4195754342,256
formal_id_length_sweep,SGCT,16,2222097227,1344079335,20
formal_id_length_sweep,SGCT,16,2961363353,2428111611,40
formal_id_length_sweep,SGCT,16,3731080181,850702361,60
formal_id_length_sweep,SGCT,16,395358419,34559204,80
formal_id_length_sweep,SGCT,16,1797785561,1367025563,96
formal_id_length_sweep,SGCT,16,567398321,586865664,100
formal_id_length_sweep,SGCT,16,2300812766,546240246,128
formal_id_length_sweep,SGCT,16,4003677933,1076105853,160
formal_id_length_sweep,SGCT,16,945638788,935812785,192
formal_id_length_sweep,SGCT,16,531845027,3799426231,256
formal_id_length_sweep,SGCT,17,3184588927,979513338,20
formal_id_length_sweep,SGCT,17,2306426018,3768905962,40
formal_id_length_sweep,SGCT,17,1911944603,2312187865,60
formal_id_length_sweep,SGCT,17,1150207896,2753349449,80
formal_id_length_sweep,SGCT,17,2511067819,644859056,96
formal_id_length_sweep,SGCT,17,3981697733,1971778357,100
formal_id_length_sweep,SGCT,17,4017608341,836783174,128
formal_id_length_sweep,SGCT,17,1981594178,4205773028,160
formal_id_length_sweep,SGCT,17,552471096,1651106624,192
formal_id_length_sweep,SGCT,17,2532058873,801046510,256
formal_id_length_sweep,SGCT,18,3767505925,3459458154,20
formal_id_length_sweep,SGCT,18,400913036,3683828420,40
formal_id_length_sweep,SGCT,18,3166031358,4174030321,60
formal_id_length_sweep,SGCT,18,918748283,2584943971,80
formal_id_length_sweep,SGCT,18,2464891821,3138161714,96
formal_id_length_sweep,SGCT,18,3495563128,993116179,100
formal_id_length_sweep,SGCT,18,4244119286,2150053666,128
formal_id_length_sweep,SGCT,18,3477284335,3307519900,160
formal_id_length_sweep,SGCT,18,1052282650,748502794,192
formal_id_length_sweep,SGCT,18,3107381882,213354083,256
formal_id_length_sweep,SGCT,19,697133743,845131643,20
formal_id_length_sweep,SGCT,19,2135059601,1200727489,40
formal_id_length_sweep,SGCT,19,1512288220,2514490677,60
formal_id_length_sweep,SGCT,19,4129093465,1587156476,80
formal_id_length_sweep,SGCT,19,2110929645,424335690,96
formal_id_length_sweep,SGCT,19,274213287,1129715917,100
formal_id_length_sweep,SGCT,19,3541945278,1946454468,128
formal_id_length_sweep,SGCT,19,1165175147,3079731779,160
formal_id_length_sweep,SGCT,19,3956304976,3535127508,192
formal_id_length_sweep,SGCT,19,1131150704,2873940149,256
formal_id_length_sweep,SGCT,20,4037893529,211775729,20
formal_id_length_sweep,SGCT,20,2679116664,3782102155,40
formal_id_length_sweep,SGCT,20,2151116833,2569998227,60
formal_id_length_sweep,SGCT,20,2824035603,461881561,80
formal_id_length_sweep,SGCT,20,2115596098,1590682849,96
formal_id_length_sweep,SGCT,20,3417556899,229926354,100
formal_id_length_sweep,SGCT,20,3341502038,3486452273,128
formal_id_length_sweep,SGCT,20,16035416,823872868,160
formal_id_length_sweep,SGCT,20,2280268056,3474806251,192
formal_id_length_sweep,SGCT,20,299398699,3769710654,256
formal_id_length_sweep,SGCT,21,1310501261,2583412598,20
formal_id_length_sweep,SGCT,21,3858087420,1068795652,40
formal_id_length_sweep,SGCT,21,3181684721,3876755673,60
formal_id_length_sweep,SGCT,21,1072691792,1525383697,80
formal_id_length_sweep,SGCT,21,3104338274,4016895299,96
formal_id_length_sweep,SGCT,21,200311767,3038965338,100
formal_id_length_sweep,SGCT,21,2904687119,592195284,128
formal_id_length_sweep,SGCT,21,4077270677,1450116744,160
formal_id_length_sweep,SGCT,21,3967336087,2659159741,192
formal_id_length_sweep,SGCT,21,215746801,2259761861,256
formal_id_length_sweep,SGCT,22,686001247,3265776235,20
formal_id_length_sweep,SGCT,22,3025657408,1512039769,40
formal_id_length_sweep,SGCT,22,1606209987,3535956625,60
formal_id_length_sweep,SGCT,22,464922879,3863614992,80
formal_id_length_sweep,SGCT,22,1670193662,1351723623,96
formal_id_length_sweep,SGCT,22,2178369009,284433699,100
formal_id_length_sweep,SGCT,22,1624420903,2868096798,128
formal_id_length_sweep,SGCT,22,3560607004,3698929527,160
formal_id_length_sweep,SGCT,22,1261682843,948629080,192
formal_id_length_sweep,SGCT,22,3764176582,2045828157,256
formal_id_length_sweep,SGCT,23,2887652093,1410941573,20
formal_id_length_sweep,SGCT,23,57087796,3837456045,40
formal_id_length_sweep,SGCT,23,3739220578,2515339300,60
formal_id_length_sweep,SGCT,23,2761571220,3224504506,80
formal_id_length_sweep,SGCT,23,74892211,496097863,96
formal_id_length_sweep,SGCT,23,2217726525,4217469712,100
formal_id_length_sweep,SGCT,23,1825361325,1608282700,128
formal_id_length_sweep,SGCT,23,852575468,2026633640,160
formal_id_length_sweep,SGCT,23,3865261448,3430198164,192
formal_id_length_sweep,SGCT,23,3960437060,3557929521,256
formal_id_length_sweep,SGCT,24,768683018,3272379523,20
formal_id_length_sweep,SGCT,24,1272550774,930216799,40
formal_id_length_sweep,SGCT,24,2680931880,1247676987,60
formal_id_length_sweep,SGCT,24,4076009818,2774765595,80
formal_id_length_sweep,SGCT,24,974644233,181622209,96
formal_id_length_sweep,SGCT,24,735854507,1161784029,100
formal_id_length_sweep,SGCT,24,3121950890,3863519696,128
formal_id_length_sweep,SGCT,24,1404714039,1985599922,160
formal_id_length_sweep,SGCT,24,3997776277,147378504,192
formal_id_length_sweep,SGCT,24,374556454,1443433160,256
formal_id_length_sweep,SGCT,25,4104404572,106112761,20
formal_id_length_sweep,SGCT,25,1406153004,591434021,40
formal_id_length_sweep,SGCT,25,2880627581,1029082875,60
formal_id_length_sweep,SGCT,25,3888551282,3724212831,80
formal_id_length_sweep,SGCT,25,237287140,1432381882,96
formal_id_length_sweep,SGCT,25,3339197071,1999863946,100
formal_id_length_sweep,SGCT,25,3115380797,1645054085,128
formal_id_length_sweep,SGCT,25,578541335,1707773399,160
formal_id_length_sweep,SGCT,25,2684305920,3876727142,192
formal_id_length_sweep,SGCT,25,3916127239,2656935051,256
formal_id_length_sweep,SGCT,26,1710307790,535439757,20
formal_id_length_sweep,SGCT,26,923319384,275836188,40
formal_id_length_sweep,SGCT,26,1772107280,3716456311,60
formal_id_length_sweep,SGCT,26,2295208114,792170325,80
formal_id_length_sweep,SGCT,26,2208628953,261556362,96
formal_id_length_sweep,SGCT,26,3208220718,1222408179,100
formal_id_length_sweep,SGCT,26,2337441380,1626107625,128
formal_id_length_sweep,SGCT,26,4231314494,2500959997,160
formal_id_length_sweep,SGCT,26,1302319150,2640535823,192
formal_id_length_sweep,SGCT,26,3402579263,2582152463,256
formal_id_length_sweep,SGCT,27,1254764016,146291056,20
formal_id_length_sweep,SGCT,27,3805576993,2366600542,40
formal_id_length_sweep,SGCT,27,419164771,40072913,60
formal_id_length_sweep,SGCT,27,303438963,3812027695,80
formal_id_length_sweep,SGCT,27,2719593811,4017467006,96
formal_id_length_sweep,SGCT,27,1168207028,2982183439,100
formal_id_length_sweep,SGCT,27,2918986739,3399477557,128
formal_id_length_sweep,SGCT,27,3968305513,486282305,160
formal_id_length_sweep,SGCT,27,1747786600,3445764986,192
formal_id_length_sweep,SGCT,27,2032304711,2068619813,256
formal_id_length_sweep,SGCT,28,3100428891,2746371764,20
formal_id_length_sweep,SGCT,28,701914681,3751636789,40
formal_id_length_sweep,SGCT,28,415181588,1601665974,60
formal_id_length_sweep,SGCT,28,896518539,3796602595,80
formal_id_length_sweep,SGCT,28,2330850669,1927646816,96
formal_id_length_sweep,SGCT,28,4293839371,3429832588,100
formal_id_length_sweep,SGCT,28,4233518068,2854440762,128
formal_id_length_sweep,SGCT,28,1490032402,629824675,160
formal_id_length_sweep,SGCT,28,1966703577,3089257322,192
formal_id_length_sweep,SGCT,28,1995825189,3116566452,256
formal_id_length_sweep,SGCT,29,1265055674,3378787418,20
formal_id_length_sweep,SGCT,29,2987389979,2835827491,40
formal_id_length_sweep,SGCT,29,4140736029,3391135457,60
formal_id_length_sweep,SGCT,29,3405593828,3295776971,80
formal_id_length_sweep,SGCT,29,949597425,4234247134,96
formal_id_length_sweep,SGCT,29,1555064327,3219399987,100
formal_id_length_sweep,SGCT,29,101472845,3211872195,128
formal_id_length_sweep,SGCT,29,915891348,3711432935,160
formal_id_length_sweep,SGCT,29,3370608000,4114727047,192
formal_id_length_sweep,SGCT,29,1173874962,1868150968,256
formal_id_length_sweep,SGCT,30,1405648522,3048382245,20
formal_id_length_sweep,SGCT,30,4189606703,2340521182,40
formal_id_length_sweep,SGCT,30,2236359360,568931886,60
formal_id_length_sweep,SGCT,30,905701959,497402371,80
formal_id_length_sweep,SGCT,30,305866955,141558837,96
formal_id_length_sweep,SGCT,30,1208203518,696753497,100
formal_id_length_sweep,SGCT,30,386525980,1848837718,128
formal_id_length_sweep,SGCT,30,907918313,2911858089,160
formal_id_length_sweep,SGCT,30,1920076833,1706179560,192
formal_id_length_sweep,SGCT,30,1515510919,3608816817,256
formal_id_length_sweep,SGCT,31,338787315,3081115861,20
formal_id_length_sweep,SGCT,31,498585599,3152095980,40
formal_id_length_sweep,SGCT,31,3263371041,4156503086,60
formal_id_length_sweep,SGCT,31,569202280,2660429002,80
formal_id_length_sweep,SGCT,31,1260126129,408407164,96
formal_id_length_sweep,SGCT,31,1763821128,432102057,100
formal_id_length_sweep,SGCT,31,4037673289,512917774,128
formal_id_length_sweep,SGCT,31,1927590570,3501072254,160
formal_id_length_sweep,SGCT,31,3851068296,3956718647,192
formal_id_length_sweep,SGCT,31,2019362312,291386729,256
formal_id_length_sweep,SGCT,32,2372887675,1520877226,20
formal_id_length_sweep,SGCT,32,1298090251,1608972242,40
formal_id_length_sweep,SGCT,32,1683584658,520674450,60
formal_id_length_sweep,SGCT,32,1095417216,24362012,80
formal_id_length_sweep,SGCT,32,2265554124,3850130336,96
formal_id_length_sweep,SGCT,32,1360602740,581168688,100
formal_id_length_sweep,SGCT,32,3532068426,728674022,128
formal_id_length_sweep,SGCT,32,3272852731,3171899534,160
formal_id_length_sweep,SGCT,32,406443290,4291914107,192
formal_id_length_sweep,SGCT,32,390760088,3727507175,256
formal_id_length_sweep,SGCT,33,3639392376,3482462415,20
formal_id_length_sweep,SGCT,33,2067103324,1724573119,40
formal_id_length_sweep,SGCT,33,3410737478,546757066,60
formal_id_length_sweep,SGCT,33,1539266752,202271558,80
formal_id_length_sweep,SGCT,33,624849251,1278031867,96
formal_id_length_sweep,SGCT,33,2223752849,2049454352,100
formal_id_length_sweep,SGCT,33,165640310,3415659777,128
formal_id_length_sweep,SGCT,33,2339622505,2543107223,160
formal_id_length_sweep,SGCT,33,4206893019,1772679030,192
formal_id_length_sweep,SGCT,33,1639674763,2537080436,256
formal_id_length_sweep,SGCT,34,3752954330,290659720,20
formal_id_length_sweep,SGCT,34,2546508928,3653970582,40
formal_id_length_sweep,SGCT,34,66927409,3786151179,60
formal_id_length_sweep,SGCT,34,3863928290,3243761807,80
formal_id_length_sweep,SGCT,34,2538622943,4258630639,96
formal_id_length_sweep,SGCT,34,1726428416,710092680,100
formal_id_length_sweep,SGCT,34,233659342,621447088,128
formal_id_length_sweep,SGCT,34,747531232,2693809343,160
formal_id_length_sweep,SGCT,34,1026483804,399620150,192
formal_id_length_sweep,SGCT,34,1202297178,490490104,256
formal_id_length_sweep,SGCT,35,2890531390,2255659,20
formal_id_length_sweep,SGCT,35,3859759531,2029519975,40
formal_id_length_sweep,SGCT,35,2458632215,2648565735,60
formal_id_length_sweep,SGCT,35,1147643091,2975440646,80
formal_id_length_sweep,SGCT,35,494488086,2282804138,96
formal_id_length_sweep,SGCT,35,759726048,1562130158,100
formal_id_length_sweep,SGCT,35,3828104277,2122380756,128
formal_id_length_sweep,SGCT,35,281902067,10420713,160
formal_id_length_sweep,SGCT,35,723787142,3222826386,192
formal_id_length_sweep,SGCT,35,1871597334,3438983749,256
formal_id_length_sweep,SGCT,36,2618949986,2879901004,20
formal_id_length_sweep,SGCT,36,3999292794,2198875779,40
formal_id_length_sweep,SGCT,36,2608047520,3859813050,60
formal_id_length_sweep,SGCT,36,1565658348,3125103338,80
formal_id_length_sweep,SGCT,36,1729117906,4136142267,96
formal_id_length_sweep,SGCT,36,1689399461,2384462592,100
formal_id_length_sweep,SGCT,36,2569309401,1191059677,128
formal_id_length_sweep,SGCT,36,1168342078,3748203957,160
formal_id_length_sweep,SGCT,36,4110026418,3544988573,192
formal_id_length_sweep,SGCT,36,3083548185,1347566424,256
formal_id_length_sweep,SGCT,37,914573255,2420350188,20
formal_id_length_sweep,SGCT,37,3683619215,269266822,40
formal_id_length_sweep,SGCT,37,4074268167,1149791239,60
formal_id_length_sweep,SGCT,37,2342205768,555320757,80
formal_id_length_sweep,SGCT,37,1522657298,711666076,96
formal_id_length_sweep,SGCT,37,3363077235,457399454,100
formal_id_length_sweep,SGCT,37,1345069188,476762877,128
formal_id_length_sweep,SGCT,37,1557058044,1728128994,160
formal_id_length_sweep,SGCT,37,2407785304,486111223,192
formal_id_length_sweep,SGCT,37,456092532,3743712505,256
formal_id_length_sweep,SGCT,38,463299081,3907672416,20
formal_id_length_sweep,SGCT,38,3765522801,211528093,40
formal_id_length_sweep,SGCT,38,582684834,128927555,60
formal_id_length_sweep,SGCT,38,1534630818,2297330145,80
formal_id_length_sweep,SGCT,38,3342175643,1451595597,96
formal_id_length_sweep,SGCT,38,4227552383,3718474035,100
formal_id_length_sweep,SGCT,38,2693492944,3453151392,128
formal_id_length_sweep,SGCT,38,3384057875,1338947056,160
formal_id_length_sweep,SGCT,38,896456331,2637210583,192
formal_id_length_sweep,SGCT,38,1385392060,3437623366,256
formal_id_length_sweep,SGCT,39,961353927,2846370356,20
formal_id_length_sweep,SGCT,39,1943849482,1084053568,40
formal_id_length_sweep,SGCT,39,3800510185,2961102678,60
formal_id_length_sweep,SGCT,39,1154136017,41447858,80
formal_id_length_sweep,SGCT,39,2041610322,843426674,96
formal_id_length_sweep,SGCT,39,4124585325,3898936066,100
formal_id_length_sweep,SGCT,39,1561511251,4037278005,128
formal_id_length_sweep,SGCT,39,3321238138,1455955411,160
formal_id_length_sweep,SGCT,39,1535225800,3796310157,192
formal_id_length_sweep,SGCT,39,1141611432,1894557765,256
formal_id_length_sweep,SGCT,40,1594597739,276202121,20
formal_id_length_sweep,SGCT,40,2196734206,1399531659,40
formal_id_length_sweep,SGCT,40,1901548672,752233181,60
formal_id_length_sweep,SGCT,40,2061132202,2350002602,80
formal_id_length_sweep,SGCT,40,2934930705,2375224728,96
formal_id_length_sweep,SGCT,40,449859025,3363193412,100
formal_id_length_sweep,SGCT,40,1702748032,345572597,128
formal_id_length_sweep,SGCT,40,1376518921,3357766513,160
formal_id_length_sweep,SGCT,40,311407170,4033706612,192
formal_id_length_sweep,SGCT,40,2782796562,3361599458,256
formal_id_length_sweep,SGCT,41,3957795199,3539963528,20
formal_id_length_sweep,SGCT,41,3825560531,3777238409,40
formal_id_length_sweep,SGCT,41,1353534015,3741208482,60
formal_id_length_sweep,SGCT,41,2935876177,1699515497,80
formal_id_length_sweep,SGCT,41,289388657,3648235019,96
formal_id_length_sweep,SGCT,41,195955706,3765074890,100
formal_id_length_sweep,SGCT,41,3667011643,825183133,128
formal_id_length_sweep,SGCT,41,2096428599,4182673431,160
formal_id_length_sweep,SGCT,41,4234513742,2893680243,192
formal_id_length_sweep,SGCT,41,93922502,241518812,256
formal_id_length_sweep,SGCT,42,611594096,371304322,20
formal_id_length_sweep,SGCT,42,1186080764,1000256825,40
formal_id_length_sweep,SGCT,42,4174937035,2404147671,60
formal_id_length_sweep,SGCT,42,600805140,1433355884,80
formal_id_length_sweep,SGCT,42,3931197386,2898502344,96
formal_id_length_sweep,SGCT,42,1916285082,3735821855,100
formal_id_length_sweep,SGCT,42,1153453263,271029018,128
formal_id_length_sweep,SGCT,42,1017870458,234304370,160
formal_id_length_sweep,SGCT,42,1382676058,1824429283,192
formal_id_length_sweep,SGCT,42,3643858683,1527862670,256
formal_id_length_sweep,SGCT,43,1083430060,4133447135,20
formal_id_length_sweep,SGCT,43,1636663436,1961546599,40
formal_id_length_sweep,SGCT,43,1450811516,1789521333,60
formal_id_length_sweep,SGCT,43,3130144389,2011096022,80
formal_id_length_sweep,SGCT,43,34088026,37906850,96
formal_id_length_sweep,SGCT,43,1504115291,308578956,100
formal_id_length_sweep,SGCT,43,2355833024,2819642469,128
formal_id_length_sweep,SGCT,43,142758089,1525566250,160
formal_id_length_sweep,SGCT,43,2048855895,1284656977,192
formal_id_length_sweep,SGCT,43,1445629864,4051839877,256
formal_id_length_sweep,SGCT,44,1685517026,1876725353,20
formal_id_length_sweep,SGCT,44,2452940343,2758254847,40
formal_id_length_sweep,SGCT,44,3739718055,1357386692,60
formal_id_length_sweep,SGCT,44,566392430,380140271,80
formal_id_length_sweep,SGCT,44,513838650,325139028,96
formal_id_length_sweep,SGCT,44,1401714156,3043094866,100
formal_id_length_sweep,SGCT,44,93619563,1478384087,128
formal_id_length_sweep,SGCT,44,649128258,1688330188,160
formal_id_length_sweep,SGCT,44,39113712,1536132798,192
formal_id_length_sweep,SGCT,44,2905850660,3194398679,256
formal_id_length_sweep,SGCT,45,2794529431,790337796,20
formal_id_length_sweep,SGCT,45,1222844799,1129836522,40
formal_id_length_sweep,SGCT,45,3228046417,2925453703,60
formal_id_length_sweep,SGCT,45,4014926531,1249510766,80
formal_id_length_sweep,SGCT,45,73451943,3864524444,96
formal_id_length_sweep,SGCT,45,303203638,2852134237,100
formal_id_length_sweep,SGCT,45,3710678357,2806319971,128
formal_id_length_sweep,SGCT,45,3643062280,3768734119,160
formal_id_length_sweep,SGCT,45,3512622617,3336149439,192
formal_id_length_sweep,SGCT,45,2958495669,134040276,256
formal_id_length_sweep,SGCT,46,3177951371,2738143900,20
formal_id_length_sweep,SGCT,46,280424639,244143753,40
formal_id_length_sweep,SGCT,46,3246406024,3933808712,60
formal_id_length_sweep,SGCT,46,304230472,1561420550,80
formal_id_length_sweep,SGCT,46,2025633173,2504370539,96
formal_id_length_sweep,SGCT,46,3845386591,1456631867,100
formal_id_length_sweep,SGCT,46,1923096838,533892224,128
formal_id_length_sweep,SGCT,46,967210689,3889376321,160
formal_id_length_sweep,SGCT,46,1354203506,1930036860,192
formal_id_length_sweep,SGCT,46,3692034352,3880790626,256
formal_id_length_sweep,SGCT,47,4247619817,2781965243,20
formal_id_length_sweep,SGCT,47,1522059884,760339876,40
formal_id_length_sweep,SGCT,47,1627436536,1248253040,60
formal_id_length_sweep,SGCT,47,2479907811,83794033,80
formal_id_length_sweep,SGCT,47,3783611845,242817937,96
formal_id_length_sweep,SGCT,47,3875778528,1590989239,100
formal_id_length_sweep,SGCT,47,324831139,3689802674,128
formal_id_length_sweep,SGCT,47,2402165827,1682461139,160
formal_id_length_sweep,SGCT,47,1954624014,2128844944,192
formal_id_length_sweep,SGCT,47,1069889121,4136538243,256
formal_id_length_sweep,SGCT,48,1536423647,2430468958,20
formal_id_length_sweep,SGCT,48,1215447197,2690350723,40
formal_id_length_sweep,SGCT,48,2664048286,4092516015,60
formal_id_length_sweep,SGCT,48,2184705360,431473157,80
formal_id_length_sweep,SGCT,48,1197694827,3487259734,96
formal_id_length_sweep,SGCT,48,743938701,2590677132,100
formal_id_length_sweep,SGCT,48,657722500,901948637,128
formal_id_length_sweep,SGCT,48,2570756514,3033419514,160
formal_id_length_sweep,SGCT,48,1289966514,3474141576,192
formal_id_length_sweep,SGCT,48,2739515254,1998495418,256
formal_id_length_sweep,SGCT,49,4040440597,3337683783,20
formal_id_length_sweep,SGCT,49,3080157852,2674646573,40
formal_id_length_sweep,SGCT,49,3795048292,3249586921,60
formal_id_length_sweep,SGCT,49,3204201576,1108847081,80
formal_id_length_sweep,SGCT,49,3088740460,2273320774,96
formal_id_length_sweep,SGCT,49,3984571849,3005433183,100
formal_id_length_sweep,SGCT,49,3425662313,3460445205,128
formal_id_length_sweep,SGCT,49,3208396941,1523300705,160
formal_id_length_sweep,SGCT,49,2843146286,4190071625,192
formal_id_length_sweep,SGCT,49,251992345,3281501551,256
formal_id_length_sweep,SD-CGQT,0,1211239912,2998739096,20
formal_id_length_sweep,SD-CGQT,0,696364180,3339637932,40
formal_id_length_sweep,SD-CGQT,0,303552650,1026965698,60
formal_id_length_sweep,SD-CGQT,0,4021583103,1200667058,80
formal_id_length_sweep,SD-CGQT,0,552297578,3154222113,96
formal_id_length_sweep,SD-CGQT,0,3807197959,4098339172,100
formal_id_length_sweep,SD-CGQT,0,2154439261,3017319395,128
formal_id_length_sweep,SD-CGQT,0,53669434,2605860530,160
formal_id_length_sweep,SD-CGQT,0,779954931,76205471,192
formal_id_length_sweep,SD-CGQT,0,4141531494,27791047,256
formal_id_length_sweep,SD-CGQT,1,1858058983,3876261291,20
formal_id_length_sweep,SD-CGQT,1,3122866472,4099728845,40
formal_id_length_sweep,SD-CGQT,1,3188470597,3641180297,60
formal_id_length_sweep,SD-CGQT,1,475761283,2050463325,80
formal_id_length_sweep,SD-CGQT,1,685656045,2091087929,96
formal_id_length_sweep,SD-CGQT,1,540925788,1579559438,100
formal_id_length_sweep,SD-CGQT,1,942985826,1619057873,128
formal_id_length_sweep,SD-CGQT,1,2817071578,899424233,160
formal_id_length_sweep,SD-CGQT,1,3051988228,547938348,192
formal_id_length_sweep,SD-CGQT,1,2260082378,3933781755,256
formal_id_length_sweep,SD-CGQT,2,3912097829,436427575,20
formal_id_length_sweep,SD-CGQT,2,2023914469,1904700190,40
formal_id_length_sweep,SD-CGQT,2,847643342,1584305893,60
formal_id_length_sweep,SD-CGQT,2,3958863349,4085001161,80
formal_id_length_sweep,SD-CGQT,2,3666925827,1224590635,96
formal_id_length_sweep,SD-CGQT,2,3946500883,669136830,100
formal_id_length_sweep,SD-CGQT,2,3385053515,2037401825,128
formal_id_length_sweep,SD-CGQT,2,2634534493,717017913,160
formal_id_length_sweep,SD-CGQT,2,3982337167,3376073241,192
formal_id_length_sweep,SD-CGQT,2,2754403413,1653548882,256
formal_id_length_sweep,SD-CGQT,3,3020249695,2975441268,20
formal_id_length_sweep,SD-CGQT,3,77608284,2260614527,40
formal_id_length_sweep,SD-CGQT,3,3444491863,584976949,60
formal_id_length_sweep,SD-CGQT,3,550340296,2552386061,80
formal_id_length_sweep,SD-CGQT,3,2694801678,2249057126,96
formal_id_length_sweep,SD-CGQT,3,2158927053,3258902047,100
formal_id_length_sweep,SD-CGQT,3,3156282246,2325929319,128
formal_id_length_sweep,SD-CGQT,3,744668023,3039871322,160
formal_id_length_sweep,SD-CGQT,3,387767481,228449959,192
formal_id_length_sweep,SD-CGQT,3,2209102266,2607210326,256
formal_id_length_sweep,SD-CGQT,4,2125843681,1764529877,20
formal_id_length_sweep,SD-CGQT,4,2758295573,3703069832,40
formal_id_length_sweep,SD-CGQT,4,1453674214,3365410005,60
formal_id_length_sweep,SD-CGQT,4,3544085237,1935197904,80
formal_id_length_sweep,SD-CGQT,4,703264642,515511323,96
formal_id_length_sweep,SD-CGQT,4,3484452798,1404521417,100
formal_id_length_sweep,SD-CGQT,4,2319110515,2677923301,128
formal_id_length_sweep,SD-CGQT,4,154816862,3688416568,160
formal_id_length_sweep,SD-CGQT,4,569991421,1266875830,192
formal_id_length_sweep,SD-CGQT,4,3519591180,3198311499,256
formal_id_length_sweep,SD-CGQT,5,1374789481,4254286398,20
formal_id_length_sweep,SD-CGQT,5,3375286769,3788012409,40
formal_id_length_sweep,SD-CGQT,5,10692317,2530055514,60
formal_id_length_sweep,SD-CGQT,5,568073676,2597607401,80
formal_id_length_sweep,SD-CGQT,5,1660733732,4222393952,96
formal_id_length_sweep,SD-CGQT,5,284186581,1397017613,100
formal_id_length_sweep,SD-CGQT,5,3069301506,326353901,128
formal_id_length_sweep,SD-CGQT,5,2155917258,3099345595,160
formal_id_length_sweep,SD-CGQT,5,20336627,2830023560,192
formal_id_length_sweep,SD-CGQT,5,2575248428,2957426627,256
formal_id_length_sweep,SD-CGQT,6,2194947846,1854149784,20
formal_id_length_sweep,SD-CGQT,6,218666516,718464200,40
formal_id_length_sweep,SD-CGQT,6,1781867148,3740281277,60
formal_id_length_sweep,SD-CGQT,6,179051958,2453570836,80
formal_id_length_sweep,SD-CGQT,6,1661541949,556527587,96
formal_id_length_sweep,SD-CGQT,6,1060733486,3254810467,100
formal_id_length_sweep,SD-CGQT,6,148694115,3733577290,128
formal_id_length_sweep,SD-CGQT,6,3486673516,3342088315,160
formal_id_length_sweep,SD-CGQT,6,29087867,2927384922,192
formal_id_length_sweep,SD-CGQT,6,2134829016,3456661023,256
formal_id_length_sweep,SD-CGQT,7,1968542344,2597482867,20
formal_id_length_sweep,SD-CGQT,7,86975461,2016398754,40
formal_id_length_sweep,SD-CGQT,7,4252023073,3267961772,60
formal_id_length_sweep,SD-CGQT,7,2196118756,3240363069,80
formal_id_length_sweep,SD-CGQT,7,3453428222,3589393052,96
formal_id_length_sweep,SD-CGQT,7,192241861,32504723,100
formal_id_length_sweep,SD-CGQT,7,782504862,172976522,128
formal_id_length_sweep,SD-CGQT,7,186637928,372304854,160
formal_id_length_sweep,SD-CGQT,7,153890269,493919969,192
formal_id_length_sweep,SD-CGQT,7,2781431531,430801241,256
formal_id_length_sweep,SD-CGQT,8,780756804,1299928664,20
formal_id_length_sweep,SD-CGQT,8,3606649690,899109722,40
formal_id_length_sweep,SD-CGQT,8,2589800694,3793216920,60
formal_id_length_sweep,SD-CGQT,8,1788852059,3492844760,80
formal_id_length_sweep,SD-CGQT,8,3723126419,599804596,96
formal_id_length_sweep,SD-CGQT,8,535821057,1814909894,100
formal_id_length_sweep,SD-CGQT,8,4000672671,3893258941,128
formal_id_length_sweep,SD-CGQT,8,3704916549,4079769286,160
formal_id_length_sweep,SD-CGQT,8,291447698,4026080103,192
formal_id_length_sweep,SD-CGQT,8,1582558263,2021590409,256
formal_id_length_sweep,SD-CGQT,9,677046796,1179455015,20
formal_id_length_sweep,SD-CGQT,9,3548368820,146111398,40
formal_id_length_sweep,SD-CGQT,9,2139438594,461099120,60
formal_id_length_sweep,SD-CGQT,9,3814362992,2136153827,80
formal_id_length_sweep,SD-CGQT,9,2990994785,994902788,96
formal_id_length_sweep,SD-CGQT,9,1255343242,2664371552,100
formal_id_length_sweep,SD-CGQT,9,1182994603,4222822392,128
formal_id_length_sweep,SD-CGQT,9,3362835039,3931996807,160
formal_id_length_sweep,SD-CGQT,9,2878726668,3170849760,192
formal_id_length_sweep,SD-CGQT,9,2567001242,3097575969,256
formal_id_length_sweep,SD-CGQT,10,3350676346,4100070242,20
formal_id_length_sweep,SD-CGQT,10,4273957529,1553322715,40
formal_id_length_sweep,SD-CGQT,10,859414723,3801552283,60
formal_id_length_sweep,SD-CGQT,10,2712714715,1643334786,80
formal_id_length_sweep,SD-CGQT,10,4221009471,2895981686,96
formal_id_length_sweep,SD-CGQT,10,427108240,3371312071,100
formal_id_length_sweep,SD-CGQT,10,1147378182,1817867039,128
formal_id_length_sweep,SD-CGQT,10,2151002067,3427906731,160
formal_id_length_sweep,SD-CGQT,10,4224636040,1280464144,192
formal_id_length_sweep,SD-CGQT,10,1796061815,833890201,256
formal_id_length_sweep,SD-CGQT,11,2490753198,2861164110,20
formal_id_length_sweep,SD-CGQT,11,2336871534,2205943067,40
formal_id_length_sweep,SD-CGQT,11,3648448748,493238341,60
formal_id_length_sweep,SD-CGQT,11,3315431236,3782459412,80
formal_id_length_sweep,SD-CGQT,11,824094583,498067135,96
formal_id_length_sweep,SD-CGQT,11,3787346465,4249356771,100
formal_id_length_sweep,SD-CGQT,11,1797854318,3501596444,128
formal_id_length_sweep,SD-CGQT,11,17911564,3003146692,160
formal_id_length_sweep,SD-CGQT,11,2428770206,2785202126,192
formal_id_length_sweep,SD-CGQT,11,1019221399,160723573,256
formal_id_length_sweep,SD-CGQT,12,2746534617,3618843650,20
formal_id_length_sweep,SD-CGQT,12,2336016540,3256589535,40
formal_id_length_sweep,SD-CGQT,12,4043250653,1479458302,60
formal_id_length_sweep,SD-CGQT,12,3357077615,2546032679,80
formal_id_length_sweep,SD-CGQT,12,1798702373,2629364598,96
formal_id_length_sweep,SD-CGQT,12,2505100895,701186378,100
formal_id_length_sweep,SD-CGQT,12,299632783,2442670184,128
formal_id_length_sweep,SD-CGQT,12,2185278263,94324707,160
formal_id_length_sweep,SD-CGQT,12,2949904956,4054472701,192
formal_id_length_sweep,SD-CGQT,12,1243968233,2505839052,256
formal_id_length_sweep,SD-CGQT,13,3236656474,3573457971,20
formal_id_length_sweep,SD-CGQT,13,29570997,1540110283,40
formal_id_length_sweep,SD-CGQT,13,2865977281,1852628866,60
formal_id_length_sweep,SD-CGQT,13,2393336731,479588545,80
formal_id_length_sweep,SD-CGQT,13,757198453,2005538547,96
formal_id_length_sweep,SD-CGQT,13,1078889665,2984044013,100
formal_id_length_sweep,SD-CGQT,13,63278972,301556394,128
formal_id_length_sweep,SD-CGQT,13,1307331162,393010311,160
formal_id_length_sweep,SD-CGQT,13,1825645343,2615134436,192
formal_id_length_sweep,SD-CGQT,13,2227501446,3145412865,256
formal_id_length_sweep,SD-CGQT,14,3611991455,3525837383,20
formal_id_length_sweep,SD-CGQT,14,1847766478,2563538138,40
formal_id_length_sweep,SD-CGQT,14,1463096185,3510370889,60
formal_id_length_sweep,SD-CGQT,14,6349715,591392220,80
formal_id_length_sweep,SD-CGQT,14,2804041708,3928869858,96
formal_id_length_sweep,SD-CGQT,14,4187341960,140744423,100
formal_id_length_sweep,SD-CGQT,14,4162478364,3528189247,128
formal_id_length_sweep,SD-CGQT,14,2158669349,485431037,160
formal_id_length_sweep,SD-CGQT,14,1520350337,3632283077,192
formal_id_length_sweep,SD-CGQT,14,3916047680,1920730806,256
formal_id_length_sweep,SD-CGQT,15,2815521154,2720036740,20
formal_id_length_sweep,SD-CGQT,15,849565309,1073145046,40
formal_id_length_sweep,SD-CGQT,15,2328836271,770920321,60
formal_id_length_sweep,SD-CGQT,15,1178804250,3327095451,80
formal_id_length_sweep,SD-CGQT,15,2088092778,1356559877,96
formal_id_length_sweep,SD-CGQT,15,50143366,3416825559,100
formal_id_length_sweep,SD-CGQT,15,3851272941,2906449385,128
formal_id_length_sweep,SD-CGQT,15,2772590449,923772747,160
formal_id_length_sweep,SD-CGQT,15,3468533574,1579352094,192
formal_id_length_sweep,SD-CGQT,15,4266862493,4109776552,256
formal_id_length_sweep,SD-CGQT,16,2222097227,1491812826,20
formal_id_length_sweep,SD-CGQT,16,2961363353,3776066783,40
formal_id_length_sweep,SD-CGQT,16,3731080181,2792400667,60
formal_id_length_sweep,SD-CGQT,16,395358419,3259357718,80
formal_id_length_sweep,SD-CGQT,16,1797785561,3024001046,96
formal_id_length_sweep,SD-CGQT,16,567398321,4222887235,100
formal_id_length_sweep,SD-CGQT,16,2300812766,1412560245,128
formal_id_length_sweep,SD-CGQT,16,4003677933,395364252,160
formal_id_length_sweep,SD-CGQT,16,945638788,645895622,192
formal_id_length_sweep,SD-CGQT,16,531845027,3053908036,256
formal_id_length_sweep,SD-CGQT,17,3184588927,3276320944,20
formal_id_length_sweep,SD-CGQT,17,2306426018,944515796,40
formal_id_length_sweep,SD-CGQT,17,1911944603,1007769348,60
formal_id_length_sweep,SD-CGQT,17,1150207896,1475299728,80
formal_id_length_sweep,SD-CGQT,17,2511067819,1238088598,96
formal_id_length_sweep,SD-CGQT,17,3981697733,803477459,100
formal_id_length_sweep,SD-CGQT,17,4017608341,1496081485,128
formal_id_length_sweep,SD-CGQT,17,1981594178,2156159835,160
formal_id_length_sweep,SD-CGQT,17,552471096,790575778,192
formal_id_length_sweep,SD-CGQT,17,2532058873,428449326,256
formal_id_length_sweep,SD-CGQT,18,3767505925,1180415143,20
formal_id_length_sweep,SD-CGQT,18,400913036,861360560,40
formal_id_length_sweep,SD-CGQT,18,3166031358,244420804,60
formal_id_length_sweep,SD-CGQT,18,918748283,4130094943,80
formal_id_length_sweep,SD-CGQT,18,2464891821,1700863416,96
formal_id_length_sweep,SD-CGQT,18,3495563128,548062075,100
formal_id_length_sweep,SD-CGQT,18,4244119286,1988042888,128
formal_id_length_sweep,SD-CGQT,18,3477284335,103702633,160
formal_id_length_sweep,SD-CGQT,18,1052282650,2479290265,192
formal_id_length_sweep,SD-CGQT,18,3107381882,3866335174,256
formal_id_length_sweep,SD-CGQT,19,697133743,4068541686,20
formal_id_length_sweep,SD-CGQT,19,2135059601,1888789797,40
formal_id_length_sweep,SD-CGQT,19,1512288220,2391243630,60
formal_id_length_sweep,SD-CGQT,19,4129093465,1211071677,80
formal_id_length_sweep,SD-CGQT,19,2110929645,2415670569,96
formal_id_length_sweep,SD-CGQT,19,274213287,2661532707,100
formal_id_length_sweep,SD-CGQT,19,3541945278,2716154318,128
formal_id_length_sweep,SD-CGQT,19,1165175147,3140055215,160
formal_id_length_sweep,SD-CGQT,19,3956304976,375041355,192
formal_id_length_sweep,SD-CGQT,19,1131150704,585581673,256
formal_id_length_sweep,SD-CGQT,20,4037893529,1409475019,20
formal_id_length_sweep,SD-CGQT,20,2679116664,436756055,40
formal_id_length_sweep,SD-CGQT,20,2151116833,1627289283,60
formal_id_length_sweep,SD-CGQT,20,2824035603,3563198859,80
formal_id_length_sweep,SD-CGQT,20,2115596098,2234778505,96
formal_id_length_sweep,SD-CGQT,20,3417556899,3060488570,100
formal_id_length_sweep,SD-CGQT,20,3341502038,1100628044,128
formal_id_length_sweep,SD-CGQT,20,16035416,3088118028,160
formal_id_length_sweep,SD-CGQT,20,2280268056,839255376,192
formal_id_length_sweep,SD-CGQT,20,299398699,2118003748,256
formal_id_length_sweep,SD-CGQT,21,1310501261,4214788157,20
formal_id_length_sweep,SD-CGQT,21,3858087420,4055901260,40
formal_id_length_sweep,SD-CGQT,21,3181684721,315446798,60
formal_id_length_sweep,SD-CGQT,21,1072691792,3926388213,80
formal_id_length_sweep,SD-CGQT,21,3104338274,688353848,96
formal_id_length_sweep,SD-CGQT,21,200311767,2936821957,100
formal_id_length_sweep,SD-CGQT,21,2904687119,573254319,128
formal_id_length_sweep,SD-CGQT,21,4077270677,3080176402,160
formal_id_length_sweep,SD-CGQT,21,3967336087,223592127,192
formal_id_length_sweep,SD-CGQT,21,215746801,732754748,256
formal_id_length_sweep,SD-CGQT,22,686001247,739408005,20
formal_id_length_sweep,SD-CGQT,22,3025657408,1877336702,40
formal_id_length_sweep,SD-CGQT,22,1606209987,1883769383,60
formal_id_length_sweep,SD-CGQT,22,464922879,2063207046,80
formal_id_length_sweep,SD-CGQT,22,1670193662,74765823,96
formal_id_length_sweep,SD-CGQT,22,2178369009,3818156661,100
formal_id_length_sweep,SD-CGQT,22,1624420903,698401424,128
formal_id_length_sweep,SD-CGQT,22,3560607004,1950392174,160
formal_id_length_sweep,SD-CGQT,22,1261682843,1132337752,192
formal_id_length_sweep,SD-CGQT,22,3764176582,133730476,256
formal_id_length_sweep,SD-CGQT,23,2887652093,2881816319,20
formal_id_length_sweep,SD-CGQT,23,57087796,245766587,40
formal_id_length_sweep,SD-CGQT,23,3739220578,1886982072,60
formal_id_length_sweep,SD-CGQT,23,2761571220,1229966256,80
formal_id_length_sweep,SD-CGQT,23,74892211,3940403167,96
formal_id_length_sweep,SD-CGQT,23,2217726525,3400983627,100
formal_id_length_sweep,SD-CGQT,23,1825361325,3266230954,128
formal_id_length_sweep,SD-CGQT,23,852575468,2556696174,160
formal_id_length_sweep,SD-CGQT,23,3865261448,4163136378,192
formal_id_length_sweep,SD-CGQT,23,3960437060,801841416,256
formal_id_length_sweep,SD-CGQT,24,768683018,3639578553,20
formal_id_length_sweep,SD-CGQT,24,1272550774,3111653197,40
formal_id_length_sweep,SD-CGQT,24,2680931880,1994252534,60
formal_id_length_sweep,SD-CGQT,24,4076009818,3664012657,80
formal_id_length_sweep,SD-CGQT,24,974644233,2591562524,96
formal_id_length_sweep,SD-CGQT,24,735854507,3102394309,100
formal_id_length_sweep,SD-CGQT,24,3121950890,2779249090,128
formal_id_length_sweep,SD-CGQT,24,1404714039,710837366,160
formal_id_length_sweep,SD-CGQT,24,3997776277,1853283412,192
formal_id_length_sweep,SD-CGQT,24,374556454,2092329253,256
formal_id_length_sweep,SD-CGQT,25,4104404572,834952124,20
formal_id_length_sweep,SD-CGQT,25,1406153004,143284242,40
formal_id_length_sweep,SD-CGQT,25,2880627581,2658927850,60
formal_id_length_sweep,SD-CGQT,25,3888551282,1647064912,80
formal_id_length_sweep,SD-CGQT,25,237287140,1195249670,96
formal_id_length_sweep,SD-CGQT,25,3339197071,2244746370,100
formal_id_length_sweep,SD-CGQT,25,3115380797,1430162077,128
formal_id_length_sweep,SD-CGQT,25,578541335,2018845363,160
formal_id_length_sweep,SD-CGQT,25,2684305920,208769211,192
formal_id_length_sweep,SD-CGQT,25,3916127239,2369668431,256
formal_id_length_sweep,SD-CGQT,26,1710307790,232173962,20
formal_id_length_sweep,SD-CGQT,26,923319384,295158747,40
formal_id_length_sweep,SD-CGQT,26,1772107280,3596247742,60
formal_id_length_sweep,SD-CGQT,26,2295208114,1854075095,80
formal_id_length_sweep,SD-CGQT,26,2208628953,1836249390,96
formal_id_length_sweep,SD-CGQT,26,3208220718,3322793621,100
formal_id_length_sweep,SD-CGQT,26,2337441380,1349681314,128
formal_id_length_sweep,SD-CGQT,26,4231314494,3853059777,160
formal_id_length_sweep,SD-CGQT,26,1302319150,4186400963,192
formal_id_length_sweep,SD-CGQT,26,3402579263,573054351,256
formal_id_length_sweep,SD-CGQT,27,1254764016,1383052474,20
formal_id_length_sweep,SD-CGQT,27,3805576993,2351705760,40
formal_id_length_sweep,SD-CGQT,27,419164771,1024485246,60
formal_id_length_sweep,SD-CGQT,27,303438963,1663166191,80
formal_id_length_sweep,SD-CGQT,27,2719593811,2333881621,96
formal_id_length_sweep,SD-CGQT,27,1168207028,3132093737,100
formal_id_length_sweep,SD-CGQT,27,2918986739,267071670,128
formal_id_length_sweep,SD-CGQT,27,3968305513,2284737069,160
formal_id_length_sweep,SD-CGQT,27,1747786600,638161683,192
formal_id_length_sweep,SD-CGQT,27,2032304711,597531304,256
formal_id_length_sweep,SD-CGQT,28,3100428891,2322016490,20
formal_id_length_sweep,SD-CGQT,28,701914681,2142079090,40
formal_id_length_sweep,SD-CGQT,28,415181588,1805382321,60
formal_id_length_sweep,SD-CGQT,28,896518539,4231538867,80
formal_id_length_sweep,SD-CGQT,28,2330850669,3145149721,96
formal_id_length_sweep,SD-CGQT,28,4293839371,422664366,100
formal_id_length_sweep,SD-CGQT,28,4233518068,2235173414,128
formal_id_length_sweep,SD-CGQT,28,1490032402,2115279758,160
formal_id_length_sweep,SD-CGQT,28,1966703577,2359854648,192
formal_id_length_sweep,SD-CGQT,28,1995825189,3117351500,256
formal_id_length_sweep,SD-CGQT,29,1265055674,1566408087,20
formal_id_length_sweep,SD-CGQT,29,2987389979,3487967334,40
formal_id_length_sweep,SD-CGQT,29,4140736029,1719528426,60
formal_id_length_sweep,SD-CGQT,29,3405593828,2537845492,80
formal_id_length_sweep,SD-CGQT,29,949597425,2260109498,96
formal_id_length_sweep,SD-CGQT,29,1555064327,1442877143,100
formal_id_length_sweep,SD-CGQT,29,101472845,1416022179,128
formal_id_length_sweep,SD-CGQT,29,915891348,684321060,160
formal_id_length_sweep,SD-CGQT,29,3370608000,2675120847,192
formal_id_length_sweep,SD-CGQT,29,1173874962,2636087445,256
formal_id_length_sweep,SD-CGQT,30,1405648522,2554217543,20
formal_id_length_sweep,SD-CGQT,30,4189606703,2704601439,40
formal_id_length_sweep,SD-CGQT,30,2236359360,2490324764,60
formal_id_length_sweep,SD-CGQT,30,905701959,1407462566,80
formal_id_length_sweep,SD-CGQT,30,305866955,4037902195,96
formal_id_length_sweep,SD-CGQT,30,1208203518,3476345784,100
formal_id_length_sweep,SD-CGQT,30,386525980,487280860,128
formal_id_length_sweep,SD-CGQT,30,907918313,3772623481,160
formal_id_length_sweep,SD-CGQT,30,1920076833,63839854,192
formal_id_length_sweep,SD-CGQT,30,1515510919,2117718588,256
formal_id_length_sweep,SD-CGQT,31,338787315,1873476401,20
formal_id_length_sweep,SD-CGQT,31,498585599,3069425548,40
formal_id_length_sweep,SD-CGQT,31,3263371041,2901371734,60
formal_id_length_sweep,SD-CGQT,31,569202280,4204679361,80
formal_id_length_sweep,SD-CGQT,31,1260126129,1106265301,96
formal_id_length_sweep,SD-CGQT,31,1763821128,3721805432,100
formal_id_length_sweep,SD-CGQT,31,4037673289,3623096119,128
formal_id_length_sweep,SD-CGQT,31,1927590570,132958129,160
formal_id_length_sweep,SD-CGQT,31,3851068296,1323967286,192
formal_id_length_sweep,SD-CGQT,31,2019362312,2757634681,256
formal_id_length_sweep,SD-CGQT,32,2372887675,1842199922,20
formal_id_length_sweep,SD-CGQT,32,1298090251,291596761,40
formal_id_length_sweep,SD-CGQT,32,1683584658,3752351704,60
formal_id_length_sweep,SD-CGQT,32,1095417216,38725651,80
formal_id_length_sweep,SD-CGQT,32,2265554124,3064395151,96
formal_id_length_sweep,SD-CGQT,32,1360602740,483594488,100
formal_id_length_sweep,SD-CGQT,32,3532068426,3475050945,128
formal_id_length_sweep,SD-CGQT,32,3272852731,1874067447,160
formal_id_length_sweep,SD-CGQT,32,406443290,3644927440,192
formal_id_length_sweep,SD-CGQT,32,390760088,2787419970,256
formal_id_length_sweep,SD-CGQT,33,3639392376,1361281803,20
formal_id_length_sweep,SD-CGQT,33,2067103324,945164831,40
formal_id_length_sweep,SD-CGQT,33,3410737478,1767967728,60
formal_id_length_sweep,SD-CGQT,33,1539266752,3303080485,80
formal_id_length_sweep,SD-CGQT,33,624849251,4259324431,96
formal_id_length_sweep,SD-CGQT,33,2223752849,3441409802,100
formal_id_length_sweep,SD-CGQT,33,165640310,1448564545,128
formal_id_length_sweep,SD-CGQT,33,2339622505,3395928012,160
formal_id_length_sweep,SD-CGQT,33,4206893019,1545289428,192
formal_id_length_sweep,SD-CGQT,33,1639674763,2142806031,256
formal_id_length_sweep,SD-CGQT,34,3752954330,2678471248,20
formal_id_length_sweep,SD-CGQT,34,2546508928,421179538,40
formal_id_length_sweep,SD-CGQT,34,66927409,3033303921,60
formal_id_length_sweep,SD-CGQT,34,3863928290,528575638,80
formal_id_length_sweep,SD-CGQT,34,2538622943,1045421978,96
formal_id_length_sweep,SD-CGQT,34,1726428416,1347713177,100
formal_id_length_sweep,SD-CGQT,34,233659342,3626981307,128
formal_id_length_sweep,SD-CGQT,34,747531232,1357064632,160
formal_id_length_sweep,SD-CGQT,34,1026483804,207611128,192
formal_id_length_sweep,SD-CGQT,34,1202297178,1188726623,256
formal_id_length_sweep,SD-CGQT,35,2890531390,820154187,20
formal_id_length_sweep,SD-CGQT,35,3859759531,4124193257,40
formal_id_length_sweep,SD-CGQT,35,2458632215,1322305408,60
formal_id_length_sweep,SD-CGQT,35,1147643091,168787124,80
formal_id_length_sweep,SD-CGQT,35,494488086,484025990,96
formal_id_length_sweep,SD-CGQT,35,759726048,4015969778,100
formal_id_length_sweep,SD-CGQT,35,3828104277,3761792082,128
formal_id_length_sweep,SD-CGQT,35,281902067,38693514,160
formal_id_length_sweep,SD-CGQT,35,723787142,629130818,192
formal_id_length_sweep,SD-CGQT,35,1871597334,3209099015,256
formal_id_length_sweep,SD-CGQT,36,2618949986,80095853,20
formal_id_length_sweep,SD-CGQT,36,3999292794,623070904,40
formal_id_length_sweep,SD-CGQT,36,2608047520,3756144802,60
formal_id_length_sweep,SD-CGQT,36,1565658348,1102051173,80
formal_id_length_sweep,SD-CGQT,36,1729117906,4098111898,96
formal_id_length_sweep,SD-CGQT,36,1689399461,4103096660,100
formal_id_length_sweep,SD-CGQT,36,2569309401,2016764507,128
formal_id_length_sweep,SD-CGQT,36,1168342078,2057301772,160
formal_id_length_sweep,SD-CGQT,36,4110026418,682812301,192
formal_id_length_sweep,SD-CGQT,36,3083548185,260885597,256
formal_id_length_sweep,SD-CGQT,37,914573255,1319194068,20
formal_id_length_sweep,SD-CGQT,37,3683619215,1100282530,40
formal_id_length_sweep,SD-CGQT,37,4074268167,1648145680,60
formal_id_length_sweep,SD-CGQT,37,2342205768,4064443564,80
formal_id_length_sweep,SD-CGQT,37,1522657298,3941872374,96
formal_id_length_sweep,SD-CGQT,37,3363077235,1352419147,100
formal_id_length_sweep,SD-CGQT,37,1345069188,11936153,128
formal_id_length_sweep,SD-CGQT,37,1557058044,2523254637,160
formal_id_length_sweep,SD-CGQT,37,2407785304,689420840,192
formal_id_length_sweep,SD-CGQT,37,456092532,2701704103,256
formal_id_length_sweep,SD-CGQT,38,463299081,129382518,20
formal_id_length_sweep,SD-CGQT,38,3765522801,2658238109,40
formal_id_length_sweep,SD-CGQT,38,582684834,447021487,60
formal_id_length_sweep,SD-CGQT,38,1534630818,2625510975,80
formal_id_length_sweep,SD-CGQT,38,3342175643,1236074195,96
formal_id_length_sweep,SD-CGQT,38,4227552383,430973153,100
formal_id_length_sweep,SD-CGQT,38,2693492944,1576410559,128
formal_id_length_sweep,SD-CGQT,38,3384057875,2497326054,160
formal_id_length_sweep,SD-CGQT,38,896456331,3659922913,192
formal_id_length_sweep,SD-CGQT,38,1385392060,2231546735,256
formal_id_length_sweep,SD-CGQT,39,961353927,3955933546,20
formal_id_length_sweep,SD-CGQT,39,1943849482,362352779,40
formal_id_length_sweep,SD-CGQT,39,3800510185,2763739174,60
formal_id_length_sweep,SD-CGQT,39,1154136017,945846241,80
formal_id_length_sweep,SD-CGQT,39,2041610322,4009549115,96
formal_id_length_sweep,SD-CGQT,39,4124585325,3818273222,100
formal_id_length_sweep,SD-CGQT,39,1561511251,2411278905,128
formal_id_length_sweep,SD-CGQT,39,3321238138,3905500518,160
formal_id_length_sweep,SD-CGQT,39,1535225800,739671656,192
formal_id_length_sweep,SD-CGQT,39,1141611432,796435175,256
formal_id_length_sweep,SD-CGQT,40,1594597739,2646591945,20
formal_id_length_sweep,SD-CGQT,40,2196734206,2495467404,40
formal_id_length_sweep,SD-CGQT,40,1901548672,3548564363,60
formal_id_length_sweep,SD-CGQT,40,2061132202,266327110,80
formal_id_length_sweep,SD-CGQT,40,2934930705,2855109374,96
formal_id_length_sweep,SD-CGQT,40,449859025,3412649789,100
formal_id_length_sweep,SD-CGQT,40,1702748032,1454208266,128
formal_id_length_sweep,SD-CGQT,40,1376518921,2623443752,160
formal_id_length_sweep,SD-CGQT,40,311407170,3337545835,192
formal_id_length_sweep,SD-CGQT,40,2782796562,3086104608,256
formal_id_length_sweep,SD-CGQT,41,3957795199,483342456,20
formal_id_length_sweep,SD-CGQT,41,3825560531,3156520638,40
formal_id_length_sweep,SD-CGQT,41,1353534015,1944172216,60
formal_id_length_sweep,SD-CGQT,41,2935876177,396149754,80
formal_id_length_sweep,SD-CGQT,41,289388657,664465778,96
formal_id_length_sweep,SD-CGQT,41,195955706,444831821,100
formal_id_length_sweep,SD-CGQT,41,3667011643,2206445656,128
formal_id_length_sweep,SD-CGQT,41,2096428599,3646981341,160
formal_id_length_sweep,SD-CGQT,41,4234513742,986821574,192
formal_id_length_sweep,SD-CGQT,41,93922502,129143198,256
formal_id_length_sweep,SD-CGQT,42,611594096,1498220037,20
formal_id_length_sweep,SD-CGQT,42,1186080764,2358950514,40
formal_id_length_sweep,SD-CGQT,42,4174937035,3706137623,60
formal_id_length_sweep,SD-CGQT,42,600805140,2015880257,80
formal_id_length_sweep,SD-CGQT,42,3931197386,3096388296,96
formal_id_length_sweep,SD-CGQT,42,1916285082,2255305644,100
formal_id_length_sweep,SD-CGQT,42,1153453263,2909965895,128
formal_id_length_sweep,SD-CGQT,42,1017870458,4197502143,160
formal_id_length_sweep,SD-CGQT,42,1382676058,14120803,192
formal_id_length_sweep,SD-CGQT,42,3643858683,123163977,256
formal_id_length_sweep,SD-CGQT,43,1083430060,2133022575,20
formal_id_length_sweep,SD-CGQT,43,1636663436,1208212876,40
formal_id_length_sweep,SD-CGQT,43,1450811516,2157584803,60
formal_id_length_sweep,SD-CGQT,43,3130144389,534528642,80
formal_id_length_sweep,SD-CGQT,43,34088026,3805029318,96
formal_id_length_sweep,SD-CGQT,43,1504115291,301780835,100
formal_id_length_sweep,SD-CGQT,43,2355833024,3630292622,128
formal_id_length_sweep,SD-CGQT,43,142758089,1439688792,160
formal_id_length_sweep,SD-CGQT,43,2048855895,2840577013,192
formal_id_length_sweep,SD-CGQT,43,1445629864,2996669039,256
formal_id_length_sweep,SD-CGQT,44,1685517026,1508673726,20
formal_id_length_sweep,SD-CGQT,44,2452940343,2190528561,40
formal_id_length_sweep,SD-CGQT,44,3739718055,2257468412,60
formal_id_length_sweep,SD-CGQT,44,566392430,3363244076,80
formal_id_length_sweep,SD-CGQT,44,513838650,2784719824,96
formal_id_length_sweep,SD-CGQT,44,1401714156,3450489864,100
formal_id_length_sweep,SD-CGQT,44,93619563,3278970052,128
formal_id_length_sweep,SD-CGQT,44,649128258,3457104190,160
formal_id_length_sweep,SD-CGQT,44,39113712,2583561304,192
formal_id_length_sweep,SD-CGQT,44,2905850660,1510266091,256
formal_id_length_sweep,SD-CGQT,45,2794529431,1928039573,20
formal_id_length_sweep,SD-CGQT,45,1222844799,2747507256,40
formal_id_length_sweep,SD-CGQT,45,3228046417,1445312802,60
formal_id_length_sweep,SD-CGQT,45,4014926531,1387113558,80
formal_id_length_sweep,SD-CGQT,45,73451943,2788542940,96
formal_id_length_sweep,SD-CGQT,45,303203638,2641918172,100
formal_id_length_sweep,SD-CGQT,45,3710678357,2819756157,128
formal_id_length_sweep,SD-CGQT,45,3643062280,2690536715,160
formal_id_length_sweep,SD-CGQT,45,3512622617,2844454451,192
formal_id_length_sweep,SD-CGQT,45,2958495669,530074455,256
formal_id_length_sweep,SD-CGQT,46,3177951371,3715046578,20
formal_id_length_sweep,SD-CGQT,46,280424639,4263275051,40
formal_id_length_sweep,SD-CGQT,46,3246406024,3524440514,60
formal_id_length_sweep,SD-CGQT,46,304230472,3282224140,80
formal_id_length_sweep,SD-CGQT,46,2025633173,4205593174,96
formal_id_length_sweep,SD-CGQT,46,3845386591,3521723473,100
formal_id_length_sweep,SD-CGQT,46,1923096838,2519622450,128
formal_id_length_sweep,SD-CGQT,46,967210689,2873934353,160
formal_id_length_sweep,SD-CGQT,46,1354203506,732491070,192
formal_id_length_sweep,SD-CGQT,46,3692034352,471100553,256
formal_id_length_sweep,SD-CGQT,47,4247619817,4259850284,20
formal_id_length_sweep,SD-CGQT,47,1522059884,2846823515,40
formal_id_length_sweep,SD-CGQT,47,1627436536,2196493923,60
formal_id_length_sweep,SD-CGQT,47,2479907811,1998155055,80
formal_id_length_sweep,SD-CGQT,47,3783611845,3851182703,96
formal_id_length_sweep,SD-CGQT,47,3875778528,1835997312,100
formal_id_length_sweep,SD-CGQT,47,324831139,1106253525,128
formal_id_length_sweep,SD-CGQT,47,2402165827,3528915595,160
formal_id_length_sweep,SD-CGQT,47,1954624014,1610324788,192
formal_id_length_sweep,SD-CGQT,47,1069889121,3761949871,256
formal_id_length_sweep,SD-CGQT,48,1536423647,709099866,20
formal_id_length_sweep,SD-CGQT,48,1215447197,465356783,40
formal_id_length_sweep,SD-CGQT,48,2664048286,799953296,60
formal_id_length_sweep,SD-CGQT,48,2184705360,4100851444,80
formal_id_length_sweep,SD-CGQT,48,1197694827,2794930927,96
formal_id_length_sweep,SD-CGQT,48,743938701,943659056,100
formal_id_length_sweep,SD-CGQT,48,657722500,949390449,128
formal_id_length_sweep,SD-CGQT,48,2570756514,2554806685,160
formal_id_length_sweep,SD-CGQT,48,1289966514,1159833540,192
formal_id_length_sweep,SD-CGQT,48,2739515254,1843225877,256
formal_id_length_sweep,SD-CGQT,49,4040440597,2969823103,20
formal_id_length_sweep,SD-CGQT,49,3080157852,1265352573,40
formal_id_length_sweep,SD-CGQT,49,3795048292,107924998,60
formal_id_length_sweep,SD-CGQT,49,3204201576,332612451,80
formal_id_length_sweep,SD-CGQT,49,3088740460,4151173788,96
formal_id_length_sweep,SD-CGQT,49,3984571849,1335681463,100
formal_id_length_sweep,SD-CGQT,49,3425662313,956758593,128
formal_id_length_sweep,SD-CGQT,49,3208396941,1246654473,160
formal_id_length_sweep,SD-CGQT,49,2843146286,3160196928,192
formal_id_length_sweep,SD-CGQT,49,251992345,776111180,256
formal_id_length_sweep,SUBF-CGDFSA,0,1211239912,442842501,20
formal_id_length_sweep,SUBF-CGDFSA,0,696364180,2878246027,40
formal_id_length_sweep,SUBF-CGDFSA,0,303552650,3894743836,60
formal_id_length_sweep,SUBF-CGDFSA,0,4021583103,3247042115,80
formal_id_length_sweep,SUBF-CGDFSA,0,552297578,2406461043,96
formal_id_length_sweep,SUBF-CGDFSA,0,3807197959,1837329211,100
formal_id_length_sweep,SUBF-CGDFSA,0,2154439261,3469122623,128
formal_id_length_sweep,SUBF-CGDFSA,0,53669434,3035735054,160
formal_id_length_sweep,SUBF-CGDFSA,0,779954931,4051183740,192
formal_id_length_sweep,SUBF-CGDFSA,0,4141531494,366216384,256
formal_id_length_sweep,SUBF-CGDFSA,1,1858058983,2481928858,20
formal_id_length_sweep,SUBF-CGDFSA,1,3122866472,1427425574,40
formal_id_length_sweep,SUBF-CGDFSA,1,3188470597,875795157,60
formal_id_length_sweep,SUBF-CGDFSA,1,475761283,312300012,80
formal_id_length_sweep,SUBF-CGDFSA,1,685656045,2771991799,96
formal_id_length_sweep,SUBF-CGDFSA,1,540925788,1598013139,100
formal_id_length_sweep,SUBF-CGDFSA,1,942985826,605039892,128
formal_id_length_sweep,SUBF-CGDFSA,1,2817071578,1474781371,160
formal_id_length_sweep,SUBF-CGDFSA,1,3051988228,4109341336,192
formal_id_length_sweep,SUBF-CGDFSA,1,2260082378,1991046598,256
formal_id_length_sweep,SUBF-CGDFSA,2,3912097829,1988258920,20
formal_id_length_sweep,SUBF-CGDFSA,2,2023914469,2803292771,40
formal_id_length_sweep,SUBF-CGDFSA,2,847643342,1265929840,60
formal_id_length_sweep,SUBF-CGDFSA,2,3958863349,3413443831,80
formal_id_length_sweep,SUBF-CGDFSA,2,3666925827,2669840905,96
formal_id_length_sweep,SUBF-CGDFSA,2,3946500883,3377702181,100
formal_id_length_sweep,SUBF-CGDFSA,2,3385053515,1929102605,128
formal_id_length_sweep,SUBF-CGDFSA,2,2634534493,1129343340,160
formal_id_length_sweep,SUBF-CGDFSA,2,3982337167,318609614,192
formal_id_length_sweep,SUBF-CGDFSA,2,2754403413,1553549481,256
formal_id_length_sweep,SUBF-CGDFSA,3,3020249695,830841394,20
formal_id_length_sweep,SUBF-CGDFSA,3,77608284,3713016453,40
formal_id_length_sweep,SUBF-CGDFSA,3,3444491863,3835663869,60
formal_id_length_sweep,SUBF-CGDFSA,3,550340296,3257830151,80
formal_id_length_sweep,SUBF-CGDFSA,3,2694801678,137351543,96
formal_id_length_sweep,SUBF-CGDFSA,3,2158927053,2173788525,100
formal_id_length_sweep,SUBF-CGDFSA,3,3156282246,3949097551,128
formal_id_length_sweep,SUBF-CGDFSA,3,744668023,775099355,160
formal_id_length_sweep,SUBF-CGDFSA,3,387767481,1949609801,192
formal_id_length_sweep,SUBF-CGDFSA,3,2209102266,404152546,256
formal_id_length_sweep,SUBF-CGDFSA,4,2125843681,3806860312,20
formal_id_length_sweep,SUBF-CGDFSA,4,2758295573,2970923459,40
formal_id_length_sweep,SUBF-CGDFSA,4,1453674214,317847045,60
formal_id_length_sweep,SUBF-CGDFSA,4,3544085237,4138403381,80
formal_id_length_sweep,SUBF-CGDFSA,4,703264642,3719402498,96
formal_id_length_sweep,SUBF-CGDFSA,4,3484452798,2041951103,100
formal_id_length_sweep,SUBF-CGDFSA,4,2319110515,3665644488,128
formal_id_length_sweep,SUBF-CGDFSA,4,154816862,1091811610,160
formal_id_length_sweep,SUBF-CGDFSA,4,569991421,2025686113,192
formal_id_length_sweep,SUBF-CGDFSA,4,3519591180,1735954138,256
formal_id_length_sweep,SUBF-CGDFSA,5,1374789481,1476043455,20
formal_id_length_sweep,SUBF-CGDFSA,5,3375286769,1649440780,40
formal_id_length_sweep,SUBF-CGDFSA,5,10692317,1724770551,60
formal_id_length_sweep,SUBF-CGDFSA,5,568073676,4276603466,80
formal_id_length_sweep,SUBF-CGDFSA,5,1660733732,982387498,96
formal_id_length_sweep,SUBF-CGDFSA,5,284186581,141914341,100
formal_id_length_sweep,SUBF-CGDFSA,5,3069301506,1124222890,128
formal_id_length_sweep,SUBF-CGDFSA,5,2155917258,1102951770,160
formal_id_length_sweep,SUBF-CGDFSA,5,20336627,490795106,192
formal_id_length_sweep,SUBF-CGDFSA,5,2575248428,383017896,256
formal_id_length_sweep,SUBF-CGDFSA,6,2194947846,3080096314,20
formal_id_length_sweep,SUBF-CGDFSA,6,218666516,1733831107,40
formal_id_length_sweep,SUBF-CGDFSA,6,1781867148,1215189713,60
formal_id_length_sweep,SUBF-CGDFSA,6,179051958,1878160814,80
formal_id_length_sweep,SUBF-CGDFSA,6,1661541949,588247975,96
formal_id_length_sweep,SUBF-CGDFSA,6,1060733486,2139612776,100
formal_id_length_sweep,SUBF-CGDFSA,6,148694115,2541020787,128
formal_id_length_sweep,SUBF-CGDFSA,6,3486673516,2793742190,160
formal_id_length_sweep,SUBF-CGDFSA,6,29087867,3671901997,192
formal_id_length_sweep,SUBF-CGDFSA,6,2134829016,1385639222,256
formal_id_length_sweep,SUBF-CGDFSA,7,1968542344,1484890071,20
formal_id_length_sweep,SUBF-CGDFSA,7,86975461,2038739911,40
formal_id_length_sweep,SUBF-CGDFSA,7,4252023073,291961118,60
formal_id_length_sweep,SUBF-CGDFSA,7,2196118756,629584218,80
formal_id_length_sweep,SUBF-CGDFSA,7,3453428222,3900149971,96
formal_id_length_sweep,SUBF-CGDFSA,7,192241861,1463064879,100
formal_id_length_sweep,SUBF-CGDFSA,7,782504862,2281951649,128
formal_id_length_sweep,SUBF-CGDFSA,7,186637928,2786603141,160
formal_id_length_sweep,SUBF-CGDFSA,7,153890269,4196556483,192
formal_id_length_sweep,SUBF-CGDFSA,7,2781431531,2470311565,256
formal_id_length_sweep,SUBF-CGDFSA,8,780756804,4253524307,20
formal_id_length_sweep,SUBF-CGDFSA,8,3606649690,3906933710,40
formal_id_length_sweep,SUBF-CGDFSA,8,2589800694,3513056702,60
formal_id_length_sweep,SUBF-CGDFSA,8,1788852059,3789679086,80
formal_id_length_sweep,SUBF-CGDFSA,8,3723126419,1220298985,96
formal_id_length_sweep,SUBF-CGDFSA,8,535821057,2853786085,100
formal_id_length_sweep,SUBF-CGDFSA,8,4000672671,2229287945,128
formal_id_length_sweep,SUBF-CGDFSA,8,3704916549,4230755679,160
formal_id_length_sweep,SUBF-CGDFSA,8,291447698,2724421446,192
formal_id_length_sweep,SUBF-CGDFSA,8,1582558263,4220000222,256
formal_id_length_sweep,SUBF-CGDFSA,9,677046796,336158595,20
formal_id_length_sweep,SUBF-CGDFSA,9,3548368820,1124276929,40
formal_id_length_sweep,SUBF-CGDFSA,9,2139438594,3021804339,60
formal_id_length_sweep,SUBF-CGDFSA,9,3814362992,334084315,80
formal_id_length_sweep,SUBF-CGDFSA,9,2990994785,1181521573,96
formal_id_length_sweep,SUBF-CGDFSA,9,1255343242,1790236900,100
formal_id_length_sweep,SUBF-CGDFSA,9,1182994603,679783930,128
formal_id_length_sweep,SUBF-CGDFSA,9,3362835039,432258856,160
formal_id_length_sweep,SUBF-CGDFSA,9,2878726668,1742910896,192
formal_id_length_sweep,SUBF-CGDFSA,9,2567001242,3507880769,256
formal_id_length_sweep,SUBF-CGDFSA,10,3350676346,2976917624,20
formal_id_length_sweep,SUBF-CGDFSA,10,4273957529,1403875632,40
formal_id_length_sweep,SUBF-CGDFSA,10,859414723,2318631968,60
formal_id_length_sweep,SUBF-CGDFSA,10,2712714715,3162914976,80
formal_id_length_sweep,SUBF-CGDFSA,10,4221009471,2045031537,96
formal_id_length_sweep,SUBF-CGDFSA,10,427108240,922140135,100
formal_id_length_sweep,SUBF-CGDFSA,10,1147378182,1364945345,128
formal_id_length_sweep,SUBF-CGDFSA,10,2151002067,1454446887,160
formal_id_length_sweep,SUBF-CGDFSA,10,4224636040,702145597,192
formal_id_length_sweep,SUBF-CGDFSA,10,1796061815,408637096,256
formal_id_length_sweep,SUBF-CGDFSA,11,2490753198,1078554032,20
formal_id_length_sweep,SUBF-CGDFSA,11,2336871534,2522385964,40
formal_id_length_sweep,SUBF-CGDFSA,11,3648448748,3653851720,60
formal_id_length_sweep,SUBF-CGDFSA,11,3315431236,968378300,80
formal_id_length_sweep,SUBF-CGDFSA,11,824094583,588529294,96
formal_id_length_sweep,SUBF-CGDFSA,11,3787346465,4271680856,100
formal_id_length_sweep,SUBF-CGDFSA,11,1797854318,1009331992,128
formal_id_length_sweep,SUBF-CGDFSA,11,17911564,1807038158,160
formal_id_length_sweep,SUBF-CGDFSA,11,2428770206,3579822216,192
formal_id_length_sweep,SUBF-CGDFSA,11,1019221399,3058580185,256
formal_id_length_sweep,SUBF-CGDFSA,12,2746534617,1099320755,20
formal_id_length_sweep,SUBF-CGDFSA,12,2336016540,3073778667,40
formal_id_length_sweep,SUBF-CGDFSA,12,4043250653,1937193299,60
formal_id_length_sweep,SUBF-CGDFSA,12,3357077615,13430021,80
formal_id_length_sweep,SUBF-CGDFSA,12,1798702373,3726173485,96
formal_id_length_sweep,SUBF-CGDFSA,12,2505100895,2842855556,100
formal_id_length_sweep,SUBF-CGDFSA,12,299632783,2347203687,128
formal_id_length_sweep,SUBF-CGDFSA,12,2185278263,2975042374,160
formal_id_length_sweep,SUBF-CGDFSA,12,2949904956,2467554397,192
formal_id_length_sweep,SUBF-CGDFSA,12,1243968233,1063836169,256
formal_id_length_sweep,SUBF-CGDFSA,13,3236656474,1712361417,20
formal_id_length_sweep,SUBF-CGDFSA,13,29570997,2837608401,40
formal_id_length_sweep,SUBF-CGDFSA,13,2865977281,4006286362,60
formal_id_length_sweep,SUBF-CGDFSA,13,2393336731,1546291482,80
formal_id_length_sweep,SUBF-CGDFSA,13,757198453,2200111783,96
formal_id_length_sweep,SUBF-CGDFSA,13,1078889665,748551136,100
formal_id_length_sweep,SUBF-CGDFSA,13,63278972,3857335226,128
formal_id_length_sweep,SUBF-CGDFSA,13,1307331162,943889697,160
formal_id_length_sweep,SUBF-CGDFSA,13,1825645343,3300071867,192
formal_id_length_sweep,SUBF-CGDFSA,13,2227501446,1928181747,256
formal_id_length_sweep,SUBF-CGDFSA,14,3611991455,3849215250,20
formal_id_length_sweep,SUBF-CGDFSA,14,1847766478,1356763239,40
formal_id_length_sweep,SUBF-CGDFSA,14,1463096185,3403038589,60
formal_id_length_sweep,SUBF-CGDFSA,14,6349715,2051922762,80
formal_id_length_sweep,SUBF-CGDFSA,14,2804041708,3500510238,96
formal_id_length_sweep,SUBF-CGDFSA,14,4187341960,2814769035,100
formal_id_length_sweep,SUBF-CGDFSA,14,4162478364,3727793850,128
formal_id_length_sweep,SUBF-CGDFSA,14,2158669349,840951457,160
formal_id_length_sweep,SUBF-CGDFSA,14,1520350337,2473119308,192
formal_id_length_sweep,SUBF-CGDFSA,14,3916047680,3726398,256
formal_id_length_sweep,SUBF-CGDFSA,15,2815521154,3245975310,20
formal_id_length_sweep,SUBF-CGDFSA,15,849565309,448591275,40
formal_id_length_sweep,SUBF-CGDFSA,15,2328836271,2316978313,60
formal_id_length_sweep,SUBF-CGDFSA,15,1178804250,1643271823,80
formal_id_length_sweep,SUBF-CGDFSA,15,2088092778,2688039414,96
formal_id_length_sweep,SUBF-CGDFSA,15,50143366,2141522943,100
formal_id_length_sweep,SUBF-CGDFSA,15,3851272941,748511007,128
formal_id_length_sweep,SUBF-CGDFSA,15,2772590449,2380546719,160
formal_id_length_sweep,SUBF-CGDFSA,15,3468533574,216883551,192
formal_id_length_sweep,SUBF-CGDFSA,15,4266862493,434246038,256
formal_id_length_sweep,SUBF-CGDFSA,16,2222097227,1399166476,20
formal_id_length_sweep,SUBF-CGDFSA,16,2961363353,3237490792,40
formal_id_length_sweep,SUBF-CGDFSA,16,3731080181,1640627292,60
formal_id_length_sweep,SUBF-CGDFSA,16,395358419,1918398452,80
formal_id_length_sweep,SUBF-CGDFSA,16,1797785561,412567068,96
formal_id_length_sweep,SUBF-CGDFSA,16,567398321,4293846442,100
formal_id_length_sweep,SUBF-CGDFSA,16,2300812766,4678807,128
formal_id_length_sweep,SUBF-CGDFSA,16,4003677933,1717256363,160
formal_id_length_sweep,SUBF-CGDFSA,16,945638788,651402893,192
formal_id_length_sweep,SUBF-CGDFSA,16,531845027,598026277,256
formal_id_length_sweep,SUBF-CGDFSA,17,3184588927,3517337834,20
formal_id_length_sweep,SUBF-CGDFSA,17,2306426018,3658485614,40
formal_id_length_sweep,SUBF-CGDFSA,17,1911944603,807715633,60
formal_id_length_sweep,SUBF-CGDFSA,17,1150207896,3757945179,80
formal_id_length_sweep,SUBF-CGDFSA,17,2511067819,3734637924,96
formal_id_length_sweep,SUBF-CGDFSA,17,3981697733,515774920,100
formal_id_length_sweep,SUBF-CGDFSA,17,4017608341,1024928588,128
formal_id_length_sweep,SUBF-CGDFSA,17,1981594178,747245783,160
formal_id_length_sweep,SUBF-CGDFSA,17,552471096,2684608692,192
formal_id_length_sweep,SUBF-CGDFSA,17,2532058873,1168019474,256
formal_id_length_sweep,SUBF-CGDFSA,18,3767505925,540893664,20
formal_id_length_sweep,SUBF-CGDFSA,18,400913036,3836215753,40
formal_id_length_sweep,SUBF-CGDFSA,18,3166031358,1863512807,60
formal_id_length_sweep,SUBF-CGDFSA,18,918748283,3721831059,80
formal_id_length_sweep,SUBF-CGDFSA,18,2464891821,2770924516,96
formal_id_length_sweep,SUBF-CGDFSA,18,3495563128,1497869817,100
formal_id_length_sweep,SUBF-CGDFSA,18,4244119286,557107150,128
formal_id_length_sweep,SUBF-CGDFSA,18,3477284335,365595414,160
formal_id_length_sweep,SUBF-CGDFSA,18,1052282650,952693390,192
formal_id_length_sweep,SUBF-CGDFSA,18,3107381882,3086368615,256
formal_id_length_sweep,SUBF-CGDFSA,19,697133743,3559906624,20
formal_id_length_sweep,SUBF-CGDFSA,19,2135059601,1195352361,40
formal_id_length_sweep,SUBF-CGDFSA,19,1512288220,4194610882,60
formal_id_length_sweep,SUBF-CGDFSA,19,4129093465,1916516720,80
formal_id_length_sweep,SUBF-CGDFSA,19,2110929645,1839979160,96
formal_id_length_sweep,SUBF-CGDFSA,19,274213287,2408958347,100
formal_id_length_sweep,SUBF-CGDFSA,19,3541945278,2958064334,128
formal_id_length_sweep,SUBF-CGDFSA,19,1165175147,268061943,160
formal_id_length_sweep,SUBF-CGDFSA,19,3956304976,2692340473,192
formal_id_length_sweep,SUBF-CGDFSA,19,1131150704,3144753120,256
formal_id_length_sweep,SUBF-CGDFSA,20,4037893529,1491466956,20
formal_id_length_sweep,SUBF-CGDFSA,20,2679116664,453454908,40
formal_id_length_sweep,SUBF-CGDFSA,20,2151116833,2066724199,60
formal_id_length_sweep,SUBF-CGDFSA,20,2824035603,3612470060,80
formal_id_length_sweep,SUBF-CGDFSA,20,2115596098,2159117320,96
formal_id_length_sweep,SUBF-CGDFSA,20,3417556899,1972081844,100
formal_id_length_sweep,SUBF-CGDFSA,20,3341502038,1078719701,128
formal_id_length_sweep,SUBF-CGDFSA,20,16035416,3996170563,160
formal_id_length_sweep,SUBF-CGDFSA,20,2280268056,626612462,192
formal_id_length_sweep,SUBF-CGDFSA,20,299398699,19232976,256
formal_id_length_sweep,SUBF-CGDFSA,21,1310501261,560614310,20
formal_id_length_sweep,SUBF-CGDFSA,21,3858087420,359294088,40
formal_id_length_sweep,SUBF-CGDFSA,21,3181684721,2300840841,60
formal_id_length_sweep,SUBF-CGDFSA,21,1072691792,4117737461,80
formal_id_length_sweep,SUBF-CGDFSA,21,3104338274,638195014,96
formal_id_length_sweep,SUBF-CGDFSA,21,200311767,2077897779,100
formal_id_length_sweep,SUBF-CGDFSA,21,2904687119,3127720165,128
formal_id_length_sweep,SUBF-CGDFSA,21,4077270677,2208858142,160
formal_id_length_sweep,SUBF-CGDFSA,21,3967336087,2987619524,192
formal_id_length_sweep,SUBF-CGDFSA,21,215746801,3108381776,256
formal_id_length_sweep,SUBF-CGDFSA,22,686001247,2329022071,20
formal_id_length_sweep,SUBF-CGDFSA,22,3025657408,917317922,40
formal_id_length_sweep,SUBF-CGDFSA,22,1606209987,1424115085,60
formal_id_length_sweep,SUBF-CGDFSA,22,464922879,2318083524,80
formal_id_length_sweep,SUBF-CGDFSA,22,1670193662,3734757614,96
formal_id_length_sweep,SUBF-CGDFSA,22,2178369009,2804070793,100
formal_id_length_sweep,SUBF-CGDFSA,22,1624420903,1353897670,128
formal_id_length_sweep,SUBF-CGDFSA,22,3560607004,832257006,160
formal_id_length_sweep,SUBF-CGDFSA,22,1261682843,4099307051,192
formal_id_length_sweep,SUBF-CGDFSA,22,3764176582,363575868,256
formal_id_length_sweep,SUBF-CGDFSA,23,2887652093,410316835,20
formal_id_length_sweep,SUBF-CGDFSA,23,57087796,3561188262,40
formal_id_length_sweep,SUBF-CGDFSA,23,3739220578,818785813,60
formal_id_length_sweep,SUBF-CGDFSA,23,2761571220,3491588287,80
formal_id_length_sweep,SUBF-CGDFSA,23,74892211,244757811,96
formal_id_length_sweep,SUBF-CGDFSA,23,2217726525,2608909143,100
formal_id_length_sweep,SUBF-CGDFSA,23,1825361325,635123758,128
formal_id_length_sweep,SUBF-CGDFSA,23,852575468,2640724718,160
formal_id_length_sweep,SUBF-CGDFSA,23,3865261448,4200702033,192
formal_id_length_sweep,SUBF-CGDFSA,23,3960437060,3642314348,256
formal_id_length_sweep,SUBF-CGDFSA,24,768683018,3467335913,20
formal_id_length_sweep,SUBF-CGDFSA,24,1272550774,2973995537,40
formal_id_length_sweep,SUBF-CGDFSA,24,2680931880,2158002219,60
formal_id_length_sweep,SUBF-CGDFSA,24,4076009818,344788863,80
formal_id_length_sweep,SUBF-CGDFSA,24,974644233,2137267894,96
formal_id_length_sweep,SUBF-CGDFSA,24,735854507,3047383979,100
formal_id_length_sweep,SUBF-CGDFSA,24,3121950890,3515573092,128
formal_id_length_sweep,SUBF-CGDFSA,24,1404714039,3364022827,160
formal_id_length_sweep,SUBF-CGDFSA,24,3997776277,2129559078,192
formal_id_length_sweep,SUBF-CGDFSA,24,374556454,1717460378,256
formal_id_length_sweep,SUBF-CGDFSA,25,4104404572,3439117138,20
formal_id_length_sweep,SUBF-CGDFSA,25,1406153004,1169432181,40
formal_id_length_sweep,SUBF-CGDFSA,25,2880627581,3262985593,60
formal_id_length_sweep,SUBF-CGDFSA,25,3888551282,1806745535,80
formal_id_length_sweep,SUBF-CGDFSA,25,237287140,1032404110,96
formal_id_length_sweep,SUBF-CGDFSA,25,3339197071,3702185347,100
formal_id_length_sweep,SUBF-CGDFSA,25,3115380797,3422256013,128
formal_id_length_sweep,SUBF-CGDFSA,25,578541335,2753051503,160
formal_id_length_sweep,SUBF-CGDFSA,25,2684305920,3393329006,192
formal_id_length_sweep,SUBF-CGDFSA,25,3916127239,375898407,256
formal_id_length_sweep,SUBF-CGDFSA,26,1710307790,1485750592,20
formal_id_length_sweep,SUBF-CGDFSA,26,923319384,527280071,40
formal_id_length_sweep,SUBF-CGDFSA,26,1772107280,1476736832,60
formal_id_length_sweep,SUBF-CGDFSA,26,2295208114,26331575,80
formal_id_length_sweep,SUBF-CGDFSA,26,2208628953,632974629,96
formal_id_length_sweep,SUBF-CGDFSA,26,3208220718,1874126720,100
formal_id_length_sweep,SUBF-CGDFSA,26,2337441380,3618989131,128
formal_id_length_sweep,SUBF-CGDFSA,26,4231314494,64134020,160
formal_id_length_sweep,SUBF-CGDFSA,26,1302319150,56734065,192
formal_id_length_sweep,SUBF-CGDFSA,26,3402579263,2597396287,256
formal_id_length_sweep,SUBF-CGDFSA,27,1254764016,417026438,20
formal_id_length_sweep,SUBF-CGDFSA,27,3805576993,2698083275,40
formal_id_length_sweep,SUBF-CGDFSA,27,419164771,1528902273,60
formal_id_length_sweep,SUBF-CGDFSA,27,303438963,1714497473,80
formal_id_length_sweep,SUBF-CGDFSA,27,2719593811,1309526044,96
formal_id_length_sweep,SUBF-CGDFSA,27,1168207028,1874351077,100
formal_id_length_sweep,SUBF-CGDFSA,27,2918986739,3870568180,128
formal_id_length_sweep,SUBF-CGDFSA,27,3968305513,4130319037,160
formal_id_length_sweep,SUBF-CGDFSA,27,1747786600,977548329,192
formal_id_length_sweep,SUBF-CGDFSA,27,2032304711,1143651006,256
formal_id_length_sweep,SUBF-CGDFSA,28,3100428891,2861839631,20
formal_id_length_sweep,SUBF-CGDFSA,28,701914681,1351878380,40
formal_id_length_sweep,SUBF-CGDFSA,28,415181588,3720642796,60
formal_id_length_sweep,SUBF-CGDFSA,28,896518539,2828026538,80
formal_id_length_sweep,SUBF-CGDFSA,28,2330850669,68716083,96
formal_id_length_sweep,SUBF-CGDFSA,28,4293839371,138843997,100
formal_id_length_sweep,SUBF-CGDFSA,28,4233518068,3178192245,128
formal_id_length_sweep,SUBF-CGDFSA,28,1490032402,836849886,160
formal_id_length_sweep,SUBF-CGDFSA,28,1966703577,984172326,192
formal_id_length_sweep,SUBF-CGDFSA,28,1995825189,3944245698,256
formal_id_length_sweep,SUBF-CGDFSA,29,1265055674,1269772600,20
formal_id_length_sweep,SUBF-CGDFSA,29,2987389979,850396175,40
formal_id_length_sweep,SUBF-CGDFSA,29,4140736029,3789468760,60
formal_id_length_sweep,SUBF-CGDFSA,29,3405593828,2536381411,80
formal_id_length_sweep,SUBF-CGDFSA,29,949597425,3243059292,96
formal_id_length_sweep,SUBF-CGDFSA,29,1555064327,1439188945,100
formal_id_length_sweep,SUBF-CGDFSA,29,101472845,1174967660,128
formal_id_length_sweep,SUBF-CGDFSA,29,915891348,2027617044,160
formal_id_length_sweep,SUBF-CGDFSA,29,3370608000,1726286996,192
formal_id_length_sweep,SUBF-CGDFSA,29,1173874962,3163971921,256
formal_id_length_sweep,SUBF-CGDFSA,30,1405648522,4213971536,20
formal_id_length_sweep,SUBF-CGDFSA,30,4189606703,763070042,40
formal_id_length_sweep,SUBF-CGDFSA,30,2236359360,3833313811,60
formal_id_length_sweep,SUBF-CGDFSA,30,905701959,3873903308,80
formal_id_length_sweep,SUBF-CGDFSA,30,305866955,1361207629,96
formal_id_length_sweep,SUBF-CGDFSA,30,1208203518,2433226694,100
formal_id_length_sweep,SUBF-CGDFSA,30,386525980,361130586,128
formal_id_length_sweep,SUBF-CGDFSA,30,907918313,3053884396,160
formal_id_length_sweep,SUBF-CGDFSA,30,1920076833,331794612,192
formal_id_length_sweep,SUBF-CGDFSA,30,1515510919,3109038654,256
formal_id_length_sweep,SUBF-CGDFSA,31,338787315,3827846709,20
formal_id_length_sweep,SUBF-CGDFSA,31,498585599,1314180593,40
formal_id_length_sweep,SUBF-CGDFSA,31,3263371041,3094502280,60
formal_id_length_sweep,SUBF-CGDFSA,31,569202280,2818507046,80
formal_id_length_sweep,SUBF-CGDFSA,31,1260126129,207131677,96
formal_id_length_sweep,SUBF-CGDFSA,31,1763821128,3094419514,100
formal_id_length_sweep,SUBF-CGDFSA,31,4037673289,2759746958,128
formal_id_length_sweep,SUBF-CGDFSA,31,1927590570,3835940759,160
formal_id_length_sweep,SUBF-CGDFSA,31,3851068296,2562553447,192
formal_id_length_sweep,SUBF-CGDFSA,31,2019362312,2657660223,256
formal_id_length_sweep,SUBF-CGDFSA,32,2372887675,447689272,20
formal_id_length_sweep,SUBF-CGDFSA,32,1298090251,2513271504,40
formal_id_length_sweep,SUBF-CGDFSA,32,1683584658,4281145305,60
formal_id_length_sweep,SUBF-CGDFSA,32,1095417216,405850141,80
formal_id_length_sweep,SUBF-CGDFSA,32,2265554124,3747806320,96
formal_id_length_sweep,SUBF-CGDFSA,32,1360602740,736756820,100
formal_id_length_sweep,SUBF-CGDFSA,32,3532068426,3133900869,128
formal_id_length_sweep,SUBF-CGDFSA,32,3272852731,3473845441,160
formal_id_length_sweep,SUBF-CGDFSA,32,406443290,1228354080,192
formal_id_length_sweep,SUBF-CGDFSA,32,390760088,1727838933,256
formal_id_length_sweep,SUBF-CGDFSA,33,3639392376,858291260,20
formal_id_length_sweep,SUBF-CGDFSA,33,2067103324,4104082814,40
formal_id_length_sweep,SUBF-CGDFSA,33,3410737478,1418265212,60
formal_id_length_sweep,SUBF-CGDFSA,33,1539266752,3298201036,80
formal_id_length_sweep,SUBF-CGDFSA,33,624849251,515057493,96
formal_id_length_sweep,SUBF-CGDFSA,33,2223752849,3649789872,100
formal_id_length_sweep,SUBF-CGDFSA,33,165640310,1711958568,128
formal_id_length_sweep,SUBF-CGDFSA,33,2339622505,3330303575,160
formal_id_length_sweep,SUBF-CGDFSA,33,4206893019,4274175573,192
formal_id_length_sweep,SUBF-CGDFSA,33,1639674763,154602265,256
formal_id_length_sweep,SUBF-CGDFSA,34,3752954330,1942185658,20
formal_id_length_sweep,SUBF-CGDFSA,34,2546508928,2035532494,40
formal_id_length_sweep,SUBF-CGDFSA,34,66927409,1360804531,60
formal_id_length_sweep,SUBF-CGDFSA,34,3863928290,3039591041,80
formal_id_length_sweep,SUBF-CGDFSA,34,2538622943,1368332754,96
formal_id_length_sweep,SUBF-CGDFSA,34,1726428416,1095056411,100
formal_id_length_sweep,SUBF-CGDFSA,34,233659342,913099362,128
formal_id_length_sweep,SUBF-CGDFSA,34,747531232,3649431908,160
formal_id_length_sweep,SUBF-CGDFSA,34,1026483804,2745314805,192
formal_id_length_sweep,SUBF-CGDFSA,34,1202297178,2404153155,256
formal_id_length_sweep,SUBF-CGDFSA,35,2890531390,1988683186,20
formal_id_length_sweep,SUBF-CGDFSA,35,3859759531,946573049,40
formal_id_length_sweep,SUBF-CGDFSA,35,2458632215,3518416475,60
formal_id_length_sweep,SUBF-CGDFSA,35,1147643091,3656819187,80
formal_id_length_sweep,SUBF-CGDFSA,35,494488086,2044806169,96
formal_id_length_sweep,SUBF-CGDFSA,35,759726048,1943118154,100
formal_id_length_sweep,SUBF-CGDFSA,35,3828104277,3048973209,128
formal_id_length_sweep,SUBF-CGDFSA,35,281902067,1065098702,160
formal_id_length_sweep,SUBF-CGDFSA,35,723787142,1262802031,192
formal_id_length_sweep,SUBF-CGDFSA,35,1871597334,103632238,256
formal_id_length_sweep,SUBF-CGDFSA,36,2618949986,4019969464,20
formal_id_length_sweep,SUBF-CGDFSA,36,3999292794,2647880466,40
formal_id_length_sweep,SUBF-CGDFSA,36,2608047520,1631593385,60
formal_id_length_sweep,SUBF-CGDFSA,36,1565658348,3788037756,80
formal_id_length_sweep,SUBF-CGDFSA,36,1729117906,187698020,96
formal_id_length_sweep,SUBF-CGDFSA,36,1689399461,1779498364,100
formal_id_length_sweep,SUBF-CGDFSA,36,2569309401,3446097872,128
formal_id_length_sweep,SUBF-CGDFSA,36,1168342078,3146612921,160
formal_id_length_sweep,SUBF-CGDFSA,36,4110026418,2727125556,192
formal_id_length_sweep,SUBF-CGDFSA,36,3083548185,1462637423,256
formal_id_length_sweep,SUBF-CGDFSA,37,914573255,3323323943,20
formal_id_length_sweep,SUBF-CGDFSA,37,3683619215,3125036622,40
formal_id_length_sweep,SUBF-CGDFSA,37,4074268167,1258551488,60
formal_id_length_sweep,SUBF-CGDFSA,37,2342205768,3633215101,80
formal_id_length_sweep,SUBF-CGDFSA,37,1522657298,3594177326,96
formal_id_length_sweep,SUBF-CGDFSA,37,3363077235,1417496668,100
formal_id_length_sweep,SUBF-CGDFSA,37,1345069188,3216131932,128
formal_id_length_sweep,SUBF-CGDFSA,37,1557058044,1580075591,160
formal_id_length_sweep,SUBF-CGDFSA,37,2407785304,3184147564,192
formal_id_length_sweep,SUBF-CGDFSA,37,456092532,691323919,256
formal_id_length_sweep,SUBF-CGDFSA,38,463299081,2456385839,20
formal_id_length_sweep,SUBF-CGDFSA,38,3765522801,1190644865,40
formal_id_length_sweep,SUBF-CGDFSA,38,582684834,4034500069,60
formal_id_length_sweep,SUBF-CGDFSA,38,1534630818,3903938873,80
formal_id_length_sweep,SUBF-CGDFSA,38,3342175643,3295147348,96
formal_id_length_sweep,SUBF-CGDFSA,38,4227552383,1767835361,100
formal_id_length_sweep,SUBF-CGDFSA,38,2693492944,3442637939,128
formal_id_length_sweep,SUBF-CGDFSA,38,3384057875,2679640677,160
formal_id_length_sweep,SUBF-CGDFSA,38,896456331,3564057115,192
formal_id_length_sweep,SUBF-CGDFSA,38,1385392060,3523649458,256
formal_id_length_sweep,SUBF-CGDFSA,39,961353927,3086603040,20
formal_id_length_sweep,SUBF-CGDFSA,39,1943849482,1851023785,40
formal_id_length_sweep,SUBF-CGDFSA,39,3800510185,4064243715,60
formal_id_length_sweep,SUBF-CGDFSA,39,1154136017,708708515,80
formal_id_length_sweep,SUBF-CGDFSA,39,2041610322,1397423644,96
formal_id_length_sweep,SUBF-CGDFSA,39,4124585325,1787814754,100
formal_id_length_sweep,SUBF-CGDFSA,39,1561511251,1493379188,128
formal_id_length_sweep,SUBF-CGDFSA,39,3321238138,388743911,160
formal_id_length_sweep,SUBF-CGDFSA,39,1535225800,2342278091,192
formal_id_length_sweep,SUBF-CGDFSA,39,1141611432,1817577320,256
formal_id_length_sweep,SUBF-CGDFSA,40,1594597739,2689425697,20
formal_id_length_sweep,SUBF-CGDFSA,40,2196734206,2652432276,40
formal_id_length_sweep,SUBF-CGDFSA,40,1901548672,3999440498,60
formal_id_length_sweep,SUBF-CGDFSA,40,2061132202,717678403,80
formal_id_length_sweep,SUBF-CGDFSA,40,2934930705,182405469,96
formal_id_length_sweep,SUBF-CGDFSA,40,449859025,190161494,100
formal_id_length_sweep,SUBF-CGDFSA,40,1702748032,2872905478,128
formal_id_length_sweep,SUBF-CGDFSA,40,1376518921,3170383475,160
formal_id_length_sweep,SUBF-CGDFSA,40,311407170,3854760842,192
formal_id_length_sweep,SUBF-CGDFSA,40,2782796562,919371807,256
formal_id_length_sweep,SUBF-CGDFSA,41,3957795199,3663225613,20
formal_id_length_sweep,SUBF-CGDFSA,41,3825560531,2392650242,40
formal_id_length_sweep,SUBF-CGDFSA,41,1353534015,2513024287,60
formal_id_length_sweep,SUBF-CGDFSA,41,2935876177,4219752716,80
formal_id_length_sweep,SUBF-CGDFSA,41,289388657,292894579,96
formal_id_length_sweep,SUBF-CGDFSA,41,195955706,666630769,100
formal_id_length_sweep,SUBF-CGDFSA,41,3667011643,2209283094,128
formal_id_length_sweep,SUBF-CGDFSA,41,2096428599,1252170703,160
formal_id_length_sweep,SUBF-CGDFSA,41,4234513742,71235686,192
formal_id_length_sweep,SUBF-CGDFSA,41,93922502,1498954792,256
formal_id_length_sweep,SUBF-CGDFSA,42,611594096,3266474929,20
formal_id_length_sweep,SUBF-CGDFSA,42,1186080764,929307583,40
formal_id_length_sweep,SUBF-CGDFSA,42,4174937035,178450758,60
formal_id_length_sweep,SUBF-CGDFSA,42,600805140,70634667,80
formal_id_length_sweep,SUBF-CGDFSA,42,3931197386,2572663684,96
formal_id_length_sweep,SUBF-CGDFSA,42,1916285082,222960506,100
formal_id_length_sweep,SUBF-CGDFSA,42,1153453263,3617679232,128
formal_id_length_sweep,SUBF-CGDFSA,42,1017870458,875027560,160
formal_id_length_sweep,SUBF-CGDFSA,42,1382676058,3907979841,192
formal_id_length_sweep,SUBF-CGDFSA,42,3643858683,854530455,256
formal_id_length_sweep,SUBF-CGDFSA,43,1083430060,589453309,20
formal_id_length_sweep,SUBF-CGDFSA,43,1636663436,3092189742,40
formal_id_length_sweep,SUBF-CGDFSA,43,1450811516,1815855239,60
formal_id_length_sweep,SUBF-CGDFSA,43,3130144389,2961746048,80
formal_id_length_sweep,SUBF-CGDFSA,43,34088026,586645374,96
formal_id_length_sweep,SUBF-CGDFSA,43,1504115291,1805946378,100
formal_id_length_sweep,SUBF-CGDFSA,43,2355833024,3404196776,128
formal_id_length_sweep,SUBF-CGDFSA,43,142758089,393714684,160
formal_id_length_sweep,SUBF-CGDFSA,43,2048855895,301212528,192
formal_id_length_sweep,SUBF-CGDFSA,43,1445629864,3681513692,256
formal_id_length_sweep,SUBF-CGDFSA,44,1685517026,2470265167,20
formal_id_length_sweep,SUBF-CGDFSA,44,2452940343,3583583902,40
formal_id_length_sweep,SUBF-CGDFSA,44,3739718055,2654763632,60
formal_id_length_sweep,SUBF-CGDFSA,44,566392430,2753163984,80
formal_id_length_sweep,SUBF-CGDFSA,44,513838650,860418725,96
formal_id_length_sweep,SUBF-CGDFSA,44,1401714156,3151325875,100
formal_id_length_sweep,SUBF-CGDFSA,44,93619563,1958487377,128
formal_id_length_sweep,SUBF-CGDFSA,44,649128258,645918262,160
formal_id_length_sweep,SUBF-CGDFSA,44,39113712,2419884463,192
formal_id_length_sweep,SUBF-CGDFSA,44,2905850660,441400392,256
formal_id_length_sweep,SUBF-CGDFSA,45,2794529431,1008900612,20
formal_id_length_sweep,SUBF-CGDFSA,45,1222844799,344650083,40
formal_id_length_sweep,SUBF-CGDFSA,45,3228046417,1182806715,60
formal_id_length_sweep,SUBF-CGDFSA,45,4014926531,175546922,80
formal_id_length_sweep,SUBF-CGDFSA,45,73451943,1475172391,96
formal_id_length_sweep,SUBF-CGDFSA,45,303203638,2919387126,100
formal_id_length_sweep,SUBF-CGDFSA,45,3710678357,2938983792,128
formal_id_length_sweep,SUBF-CGDFSA,45,3643062280,2057412085,160
formal_id_length_sweep,SUBF-CGDFSA,45,3512622617,685073684,192
formal_id_length_sweep,SUBF-CGDFSA,45,2958495669,1028945439,256
formal_id_length_sweep,SUBF-CGDFSA,46,3177951371,1394238118,20
formal_id_length_sweep,SUBF-CGDFSA,46,280424639,3715663459,40
formal_id_length_sweep,SUBF-CGDFSA,46,3246406024,1423621891,60
formal_id_length_sweep,SUBF-CGDFSA,46,304230472,2218815451,80
formal_id_length_sweep,SUBF-CGDFSA,46,2025633173,2069666225,96
formal_id_length_sweep,SUBF-CGDFSA,46,3845386591,3101774183,100
formal_id_length_sweep,SUBF-CGDFSA,46,1923096838,1217304851,128
formal_id_length_sweep,SUBF-CGDFSA,46,967210689,2826539832,160
formal_id_length_sweep,SUBF-CGDFSA,46,1354203506,2911675818,192
formal_id_length_sweep,SUBF-CGDFSA,46,3692034352,4001090342,256
formal_id_length_sweep,SUBF-CGDFSA,47,4247619817,4129548262,20
formal_id_length_sweep,SUBF-CGDFSA,47,1522059884,2545827203,40
formal_id_length_sweep,SUBF-CGDFSA,47,1627436536,3515938034,60
formal_id_length_sweep,SUBF-CGDFSA,47,2479907811,1450332319,80
formal_id_length_sweep,SUBF-CGDFSA,47,3783611845,251825665,96
formal_id_length_sweep,SUBF-CGDFSA,47,3875778528,936270828,100
formal_id_length_sweep,SUBF-CGDFSA,47,324831139,1728339713,128
formal_id_length_sweep,SUBF-CGDFSA,47,2402165827,695333126,160
formal_id_length_sweep,SUBF-CGDFSA,47,1954624014,1097484780,192
formal_id_length_sweep,SUBF-CGDFSA,47,1069889121,1379389441,256
formal_id_length_sweep,SUBF-CGDFSA,48,1536423647,2232841830,20
formal_id_length_sweep,SUBF-CGDFSA,48,1215447197,2520803795,40
formal_id_length_sweep,SUBF-CGDFSA,48,2664048286,4260834392,60
formal_id_length_sweep,SUBF-CGDFSA,48,2184705360,1689889209,80
formal_id_length_sweep,SUBF-CGDFSA,48,1197694827,2818568803,96
formal_id_length_sweep,SUBF-CGDFSA,48,743938701,1729421292,100
formal_id_length_sweep,SUBF-CGDFSA,48,657722500,3765793082,128
formal_id_length_sweep,SUBF-CGDFSA,48,2570756514,3637452665,160
formal_id_length_sweep,SUBF-CGDFSA,48,1289966514,452457661,192
formal_id_length_sweep,SUBF-CGDFSA,48,2739515254,60352599,256
formal_id_length_sweep,SUBF-CGDFSA,49,4040440597,2078896122,20
formal_id_length_sweep,SUBF-CGDFSA,49,3080157852,3328183643,40
formal_id_length_sweep,SUBF-CGDFSA,49,3795048292,2981442749,60
formal_id_length_sweep,SUBF-CGDFSA,49,3204201576,3802449535,80
formal_id_length_sweep,SUBF-CGDFSA,49,3088740460,89326183,96
formal_id_length_sweep,SUBF-CGDFSA,49,3984571849,2033709947,100
formal_id_length_sweep,SUBF-CGDFSA,49,3425662313,3342850700,128
formal_id_length_sweep,SUBF-CGDFSA,49,3208396941,153525293,160
formal_id_length_sweep,SUBF-CGDFSA,49,2843146286,1064343731,192
formal_id_length_sweep,SUBF-CGDFSA,49,251992345,305842153,256
formal_id_length_sweep,DRCT,0,1211239912,216415610,20
formal_id_length_sweep,DRCT,1,1858058983,1806476471,20
formal_id_length_sweep,DRCT,2,3912097829,2262960359,20
formal_id_length_sweep,DRCT,3,3020249695,2183988249,20
formal_id_length_sweep,DRCT,4,2125843681,2492359810,20
formal_id_length_sweep,DRCT,5,1374789481,4012649113,20
formal_id_length_sweep,DRCT,6,2194947846,1978130410,20
formal_id_length_sweep,DRCT,7,1968542344,2049442271,20
formal_id_length_sweep,DRCT,8,780756804,3476947884,20
formal_id_length_sweep,DRCT,9,677046796,2464369792,20
formal_id_length_sweep,DRCT,10,3350676346,1008196043,20
formal_id_length_sweep,DRCT,11,2490753198,1131496145,20
formal_id_length_sweep,DRCT,12,2746534617,1176408125,20
formal_id_length_sweep,DRCT,13,3236656474,2908014697,20
formal_id_length_sweep,DRCT,14,3611991455,3103876485,20
formal_id_length_sweep,DRCT,15,2815521154,92332078,20
formal_id_length_sweep,DRCT,16,2222097227,1683043230,20
formal_id_length_sweep,DRCT,17,3184588927,1286644568,20
formal_id_length_sweep,DRCT,18,3767505925,2810712683,20
formal_id_length_sweep,DRCT,19,697133743,3201663001,20
formal_id_length_sweep,DRCT,20,4037893529,2606354600,20
formal_id_length_sweep,DRCT,21,1310501261,619457530,20
formal_id_length_sweep,DRCT,22,686001247,385602530,20
formal_id_length_sweep,DRCT,23,2887652093,2487329264,20
formal_id_length_sweep,DRCT,24,768683018,37240508,20
formal_id_length_sweep,DRCT,25,4104404572,7773844,20
formal_id_length_sweep,DRCT,26,1710307790,1793168171,20
formal_id_length_sweep,DRCT,27,1254764016,3175262981,20
formal_id_length_sweep,DRCT,28,3100428891,354029147,20
formal_id_length_sweep,DRCT,29,1265055674,4273734376,20
formal_id_length_sweep,DRCT,30,1405648522,1900674608,20
formal_id_length_sweep,DRCT,31,338787315,2827121038,20
formal_id_length_sweep,DRCT,32,2372887675,968660000,20
formal_id_length_sweep,DRCT,33,3639392376,345278859,20
formal_id_length_sweep,DRCT,34,3752954330,2124038788,20
formal_id_length_sweep,DRCT,35,2890531390,740196866,20
formal_id_length_sweep,DRCT,36,2618949986,2252857246,20
formal_id_length_sweep,DRCT,37,914573255,4001184614,20
formal_id_length_sweep,DRCT,38,463299081,1000439148,20
formal_id_length_sweep,DRCT,39,961353927,2409503024,20
formal_id_length_sweep,DRCT,40,1594597739,90324322,20
formal_id_length_sweep,DRCT,41,3957795199,4032199157,20
formal_id_length_sweep,DRCT,42,611594096,1022691511,20
formal_id_length_sweep,DRCT,43,1083430060,2523745429,20
formal_id_length_sweep,DRCT,44,1685517026,3667743786,20
formal_id_length_sweep,DRCT,45,2794529431,626858747,20
formal_id_length_sweep,DRCT,46,3177951371,3879589589,20
formal_id_length_sweep,DRCT,47,4247619817,3926933224,20
formal_id_length_sweep,DRCT,48,1536423647,2832334359,20
formal_id_length_sweep,DRCT,49,4040440597,1558698525,20
formal_id_length_sweep,DRCT,0,696364180,390209702,40
formal_id_length_sweep,DRCT,1,3122866472,2597026051,40
formal_id_length_sweep,DRCT,2,2023914469,270829501,40
formal_id_length_sweep,DRCT,3,77608284,814340205,40
formal_id_length_sweep,DRCT,4,2758295573,1546487089,40
formal_id_length_sweep,DRCT,5,3375286769,3934118033,40
formal_id_length_sweep,DRCT,6,218666516,389625694,40
formal_id_length_sweep,DRCT,7,86975461,2828429153,40
formal_id_length_sweep,DRCT,8,3606649690,1764977117,40
formal_id_length_sweep,DRCT,9,3548368820,1495247678,40
formal_id_length_sweep,DRCT,10,4273957529,411645083,40
formal_id_length_sweep,DRCT,11,2336871534,3214498623,40
formal_id_length_sweep,DRCT,12,2336016540,1730703572,40
formal_id_length_sweep,DRCT,13,29570997,338592636,40
formal_id_length_sweep,DRCT,14,1847766478,936093984,40
formal_id_length_sweep,DRCT,15,849565309,3024282462,40
formal_id_length_sweep,DRCT,16,2961363353,1124095422,40
formal_id_length_sweep,DRCT,17,2306426018,283766966,40
formal_id_length_sweep,DRCT,18,400913036,2349647403,40
formal_id_length_sweep,DRCT,19,2135059601,1234086306,40
formal_id_length_sweep,DRCT,20,2679116664,1413333084,40
formal_id_length_sweep,DRCT,21,3858087420,3280724226,40
formal_id_length_sweep,DRCT,22,3025657408,2147413184,40
formal_id_length_sweep,DRCT,23,57087796,2605456418,40
formal_id_length_sweep,DRCT,24,1272550774,3815891410,40
formal_id_length_sweep,DRCT,25,1406153004,3589729209,40
formal_id_length_sweep,DRCT,26,923319384,3215886720,40
formal_id_length_sweep,DRCT,27,3805576993,1296017103,40
formal_id_length_sweep,DRCT,28,701914681,252713080,40
formal_id_length_sweep,DRCT,29,2987389979,1903435818,40
formal_id_length_sweep,DRCT,30,4189606703,3406207228,40
formal_id_length_sweep,DRCT,31,498585599,2472659106,40
formal_id_length_sweep,DRCT,32,1298090251,463068578,40
formal_id_length_sweep,DRCT,33,2067103324,1774812460,40
formal_id_length_sweep,DRCT,34,2546508928,112299646,40
formal_id_length_sweep,DRCT,35,3859759531,4226023347,40
formal_id_length_sweep,DRCT,36,3999292794,1895212460,40
formal_id_length_sweep,DRCT,37,3683619215,362844207,40
formal_id_length_sweep,DRCT,38,3765522801,3627481984,40
formal_id_length_sweep,DRCT,39,1943849482,1887061281,40
formal_id_length_sweep,DRCT,40,2196734206,896898170,40
formal_id_length_sweep,DRCT,41,3825560531,2680598220,40
formal_id_length_sweep,DRCT,42,1186080764,3509944322,40
formal_id_length_sweep,DRCT,43,1636663436,520186942,40
formal_id_length_sweep,DRCT,44,2452940343,1993773218,40
formal_id_length_sweep,DRCT,45,1222844799,3449164672,40
formal_id_length_sweep,DRCT,46,280424639,344780837,40
formal_id_length_sweep,DRCT,47,1522059884,1940072399,40
formal_id_length_sweep,DRCT,48,1215447197,2530565823,40
formal_id_length_sweep,DRCT,49,3080157852,3003381093,40
formal_id_length_sweep,DRCT,0,303552650,3658061818,60
formal_id_length_sweep,DRCT,1,3188470597,388434979,60
formal_id_length_sweep,DRCT,2,847643342,1485200476,60
formal_id_length_sweep,DRCT,3,3444491863,4123977359,60
formal_id_length_sweep,DRCT,4,1453674214,1543074553,60
formal_id_length_sweep,DRCT,5,10692317,2370961447,60
formal_id_length_sweep,DRCT,6,1781867148,720805579,60
formal_id_length_sweep,DRCT,7,4252023073,3754912797,60
formal_id_length_sweep,DRCT,8,2589800694,33377893,60
formal_id_length_sweep,DRCT,9,2139438594,2705625904,60
formal_id_length_sweep,DRCT,10,859414723,1994352057,60
formal_id_length_sweep,DRCT,11,3648448748,2525401509,60
formal_id_length_sweep,DRCT,12,4043250653,211069549,60
formal_id_length_sweep,DRCT,13,2865977281,2040753959,60
formal_id_length_sweep,DRCT,14,1463096185,3661885824,60
formal_id_length_sweep,DRCT,15,2328836271,3991756047,60
formal_id_length_sweep,DRCT,16,3731080181,3031545106,60
formal_id_length_sweep,DRCT,17,1911944603,4053365393,60
formal_id_length_sweep,DRCT,18,3166031358,69564260,60
formal_id_length_sweep,DRCT,19,1512288220,3308465349,60
formal_id_length_sweep,DRCT,20,2151116833,1965932673,60
formal_id_length_sweep,DRCT,21,3181684721,1168676468,60
formal_id_length_sweep,DRCT,22,1606209987,744298206,60
formal_id_length_sweep,DRCT,23,3739220578,1517235852,60
formal_id_length_sweep,DRCT,24,2680931880,563352017,60
formal_id_length_sweep,DRCT,25,2880627581,1474670706,60
formal_id_length_sweep,DRCT,26,1772107280,1804837966,60
formal_id_length_sweep,DRCT,27,419164771,3503384867,60
formal_id_length_sweep,DRCT,28,415181588,3419599041,60
formal_id_length_sweep,DRCT,29,4140736029,3765593135,60
formal_id_length_sweep,DRCT,30,2236359360,252459048,60
formal_id_length_sweep,DRCT,31,3263371041,1205470853,60
formal_id_length_sweep,DRCT,32,1683584658,2556803373,60
formal_id_length_sweep,DRCT,33,3410737478,1561744695,60
formal_id_length_sweep,DRCT,34,66927409,2018850544,60
formal_id_length_sweep,DRCT,35,2458632215,3040954874,60
formal_id_length_sweep,DRCT,36,2608047520,3709655137,60
formal_id_length_sweep,DRCT,37,4074268167,904024389,60
formal_id_length_sweep,DRCT,38,582684834,3701216834,60
formal_id_length_sweep,DRCT,39,3800510185,3736900140,60
formal_id_length_sweep,DRCT,40,1901548672,1157594970,60
formal_id_length_sweep,DRCT,41,1353534015,1093872146,60
formal_id_length_sweep,DRCT,42,4174937035,817727140,60
formal_id_length_sweep,DRCT,43,1450811516,3213705138,60
formal_id_length_sweep,DRCT,44,3739718055,931016810,60
formal_id_length_sweep,DRCT,45,3228046417,1626857200,60
formal_id_length_sweep,DRCT,46,3246406024,4139107906,60
formal_id_length_sweep,DRCT,47,1627436536,2505869935,60
formal_id_length_sweep,DRCT,48,2664048286,2750779315,60
formal_id_length_sweep,DRCT,49,3795048292,3338439775,60
formal_id_length_sweep,DRCT,0,4021583103,4094365326,80
formal_id_length_sweep,DRCT,1,475761283,1695442764,80
formal_id_length_sweep,DRCT,2,3958863349,3528600698,80
formal_id_length_sweep,DRCT,3,550340296,1879414791,80
formal_id_length_sweep,DRCT,4,3544085237,3925565252,80
formal_id_length_sweep,DRCT,5,568073676,980523593,80
formal_id_length_sweep,DRCT,6,179051958,2285302915,80
formal_id_length_sweep,DRCT,7,2196118756,2946948422,80
formal_id_length_sweep,DRCT,8,1788852059,390464961,80
formal_id_length_sweep,DRCT,9,3814362992,2941465205,80
formal_id_length_sweep,DRCT,10,2712714715,2689242541,80
formal_id_length_sweep,DRCT,11,3315431236,2248356074,80
formal_id_length_sweep,DRCT,12,3357077615,521575814,80
formal_id_length_sweep,DRCT,13,2393336731,4166221897,80
formal_id_length_sweep,DRCT,14,6349715,1211130524,80
formal_id_length_sweep,DRCT,15,1178804250,754203919,80
formal_id_length_sweep,DRCT,16,395358419,1363062244,80
formal_id_length_sweep,DRCT,17,1150207896,1603493559,80
formal_id_length_sweep,DRCT,18,918748283,614091646,80
formal_id_length_sweep,DRCT,19,4129093465,1630825943,80
formal_id_length_sweep,DRCT,20,2824035603,3817845822,80
formal_id_length_sweep,DRCT,21,1072691792,2380817452,80
formal_id_length_sweep,DRCT,22,464922879,876636303,80
formal_id_length_sweep,DRCT,23,2761571220,2103530634,80
formal_id_length_sweep,DRCT,24,4076009818,2627264206,80
formal_id_length_sweep,DRCT,25,3888551282,1973879296,80
formal_id_length_sweep,DRCT,26,2295208114,4286093779,80
formal_id_length_sweep,DRCT,27,303438963,3503421153,80
formal_id_length_sweep,DRCT,28,896518539,4116951162,80
formal_id_length_sweep,DRCT,29,3405593828,2797467361,80
formal_id_length_sweep,DRCT,30,905701959,2638841801,80
formal_id_length_sweep,DRCT,31,569202280,1474733890,80
formal_id_length_sweep,DRCT,32,1095417216,3950548159,80
formal_id_length_sweep,DRCT,33,1539266752,3645166924,80
formal_id_length_sweep,DRCT,34,3863928290,1953608209,80
formal_id_length_sweep,DRCT,35,1147643091,2825156787,80
formal_id_length_sweep,DRCT,36,1565658348,1218989533,80
formal_id_length_sweep,DRCT,37,2342205768,1043906385,80
formal_id_length_sweep,DRCT,38,1534630818,301551549,80
formal_id_length_sweep,DRCT,39,1154136017,1945504863,80
formal_id_length_sweep,DRCT,40,2061132202,686328775,80
formal_id_length_sweep,DRCT,42,600805140,2324744948,80
formal_id_length_sweep,DRCT,41,2935876177,614281539,80
formal_id_length_sweep,DRCT,43,3130144389,264005214,80
formal_id_length_sweep,DRCT,44,566392430,4230769418,80
formal_id_length_sweep,DRCT,45,4014926531,3324188292,80
formal_id_length_sweep,DRCT,46,304230472,2530705677,80
formal_id_length_sweep,DRCT,47,2479907811,101459776,80
formal_id_length_sweep,DRCT,48,2184705360,3566962335,80
formal_id_length_sweep,DRCT,49,3204201576,4234398544,80
formal_id_length_sweep,DRCT,0,552297578,1550561761,96
formal_id_length_sweep,DRCT,1,685656045,212372848,96
formal_id_length_sweep,DRCT,2,3666925827,2056845037,96
formal_id_length_sweep,DRCT,3,2694801678,2199935212,96
formal_id_length_sweep,DRCT,4,703264642,1671619206,96
formal_id_length_sweep,DRCT,5,1660733732,2798858059,96
formal_id_length_sweep,DRCT,6,1661541949,1376995228,96
formal_id_length_sweep,DRCT,7,3453428222,1945233198,96
formal_id_length_sweep,DRCT,8,3723126419,706791085,96
formal_id_length_sweep,DRCT,9,2990994785,3147270062,96
formal_id_length_sweep,DRCT,10,4221009471,925161235,96
formal_id_length_sweep,DRCT,11,824094583,2267716452,96
formal_id_length_sweep,DRCT,12,1798702373,3221685569,96
formal_id_length_sweep,DRCT,13,757198453,3568578817,96
formal_id_length_sweep,DRCT,14,2804041708,3601379505,96
formal_id_length_sweep,DRCT,15,2088092778,3550224975,96
formal_id_length_sweep,DRCT,16,1797785561,4079636738,96
formal_id_length_sweep,DRCT,17,2511067819,3806001972,96
formal_id_length_sweep,DRCT,18,2464891821,964073087,96
formal_id_length_sweep,DRCT,19,2110929645,267573548,96
formal_id_length_sweep,DRCT,20,2115596098,3985784964,96
formal_id_length_sweep,DRCT,21,3104338274,3173795779,96
formal_id_length_sweep,DRCT,22,1670193662,1440218108,96
formal_id_length_sweep,DRCT,23,74892211,3796629242,96
formal_id_length_sweep,DRCT,24,974644233,3354984398,96
formal_id_length_sweep,DRCT,25,237287140,2353448035,96
formal_id_length_sweep,DRCT,26,2208628953,43949725,96
formal_id_length_sweep,DRCT,27,2719593811,1066526068,96
formal_id_length_sweep,DRCT,28,2330850669,198237860,96
formal_id_length_sweep,DRCT,29,949597425,4243669760,96
formal_id_length_sweep,DRCT,30,305866955,3683459138,96
formal_id_length_sweep,DRCT,31,1260126129,2638449189,96
formal_id_length_sweep,DRCT,32,2265554124,2209366330,96
formal_id_length_sweep,DRCT,33,624849251,2465353737,96
formal_id_length_sweep,DRCT,34,2538622943,2292455220,96
formal_id_length_sweep,DRCT,35,494488086,4268763163,96
formal_id_length_sweep,DRCT,36,1729117906,3560450704,96
formal_id_length_sweep,DRCT,37,1522657298,3136501561,96
formal_id_length_sweep,DRCT,38,3342175643,464671621,96
formal_id_length_sweep,DRCT,39,2041610322,2117225330,96
formal_id_length_sweep,DRCT,40,2934930705,1892366123,96
formal_id_length_sweep,DRCT,41,289388657,2194368721,96
formal_id_length_sweep,DRCT,42,3931197386,3037428758,96
formal_id_length_sweep,DRCT,43,34088026,2438744889,96
formal_id_length_sweep,DRCT,44,513838650,3655731824,96
formal_id_length_sweep,DRCT,45,73451943,1212435630,96
formal_id_length_sweep,DRCT,46,2025633173,3095749248,96
formal_id_length_sweep,DRCT,47,3783611845,2572764966,96
formal_id_length_sweep,DRCT,48,1197694827,4051444248,96
formal_id_length_sweep,DRCT,49,3088740460,1822713125,96
formal_id_length_sweep,DRCT,0,3807197959,4070525095,100
formal_id_length_sweep,DRCT,1,540925788,3523232728,100
formal_id_length_sweep,DRCT,2,3946500883,988703161,100
formal_id_length_sweep,DRCT,3,2158927053,590522237,100
formal_id_length_sweep,DRCT,4,3484452798,351359688,100
formal_id_length_sweep,DRCT,5,284186581,2525039043,100
formal_id_length_sweep,DRCT,6,1060733486,3556235024,100
formal_id_length_sweep,DRCT,7,192241861,3635902004,100
formal_id_length_sweep,DRCT,8,535821057,1994843746,100
formal_id_length_sweep,DRCT,9,1255343242,1052951734,100
formal_id_length_sweep,DRCT,10,427108240,1802969424,100
formal_id_length_sweep,DRCT,11,3787346465,1003620755,100
formal_id_length_sweep,DRCT,12,2505100895,3708131692,100
formal_id_length_sweep,DRCT,13,1078889665,2470103672,100
formal_id_length_sweep,DRCT,14,4187341960,4186411661,100
formal_id_length_sweep,DRCT,15,50143366,3226705202,100
formal_id_length_sweep,DRCT,16,567398321,1034673762,100
formal_id_length_sweep,DRCT,17,3981697733,2767552710,100
formal_id_length_sweep,DRCT,18,3495563128,849982358,100
formal_id_length_sweep,DRCT,19,274213287,4101357909,100
formal_id_length_sweep,DRCT,20,3417556899,3656042984,100
formal_id_length_sweep,DRCT,21,200311767,4100609790,100
formal_id_length_sweep,DRCT,22,2178369009,3874272125,100
formal_id_length_sweep,DRCT,23,2217726525,1932504716,100
formal_id_length_sweep,DRCT,24,735854507,3861823827,100
formal_id_length_sweep,DRCT,25,3339197071,773118745,100
formal_id_length_sweep,DRCT,26,3208220718,3325663314,100
formal_id_length_sweep,DRCT,27,1168207028,2018520955,100
formal_id_length_sweep,DRCT,28,4293839371,3946039098,100
formal_id_length_sweep,DRCT,29,1555064327,3271756249,100
formal_id_length_sweep,DRCT,30,1208203518,1328896643,100
formal_id_length_sweep,DRCT,31,1763821128,3853393820,100
formal_id_length_sweep,DRCT,32,1360602740,1118773741,100
formal_id_length_sweep,DRCT,33,2223752849,1899036751,100
formal_id_length_sweep,DRCT,34,1726428416,2416100834,100
formal_id_length_sweep,DRCT,35,759726048,1583262646,100
formal_id_length_sweep,DRCT,36,1689399461,3589908663,100
formal_id_length_sweep,DRCT,37,3363077235,2662850081,100
formal_id_length_sweep,DRCT,38,4227552383,3801940302,100
formal_id_length_sweep,DRCT,39,4124585325,3056248246,100
formal_id_length_sweep,DRCT,40,449859025,1327311299,100
formal_id_length_sweep,DRCT,41,195955706,498815234,100
formal_id_length_sweep,DRCT,42,1916285082,2133600637,100
formal_id_length_sweep,DRCT,43,1504115291,731207581,100
formal_id_length_sweep,DRCT,44,1401714156,4094785309,100
formal_id_length_sweep,DRCT,45,303203638,1847337317,100
formal_id_length_sweep,DRCT,46,3845386591,596776049,100
formal_id_length_sweep,DRCT,47,3875778528,2994952868,100
formal_id_length_sweep,DRCT,48,743938701,466150436,100
formal_id_length_sweep,DRCT,49,3984571849,1918661854,100
formal_id_length_sweep,DRCT,0,2154439261,3365295253,128
formal_id_length_sweep,DRCT,1,942985826,120852657,128
formal_id_length_sweep,DRCT,2,3385053515,1548785871,128
formal_id_length_sweep,DRCT,3,3156282246,2724928963,128
formal_id_length_sweep,DRCT,4,2319110515,1413706919,128
formal_id_length_sweep,DRCT,5,3069301506,632365115,128
formal_id_length_sweep,DRCT,6,148694115,1142751902,128
formal_id_length_sweep,DRCT,7,782504862,3810354410,128
formal_id_length_sweep,DRCT,8,4000672671,3696252014,128
formal_id_length_sweep,DRCT,9,1182994603,213737398,128
formal_id_length_sweep,DRCT,10,1147378182,2080457187,128
formal_id_length_sweep,DRCT,11,1797854318,941134547,128
formal_id_length_sweep,DRCT,12,299632783,3455246066,128
formal_id_length_sweep,DRCT,13,63278972,4023121675,128
formal_id_length_sweep,DRCT,14,4162478364,2423079610,128
formal_id_length_sweep,DRCT,15,3851272941,2039675697,128
formal_id_length_sweep,DRCT,16,2300812766,683144212,128
formal_id_length_sweep,DRCT,17,4017608341,3497145660,128
formal_id_length_sweep,DRCT,18,4244119286,874870678,128
formal_id_length_sweep,DRCT,19,3541945278,3179205307,128
formal_id_length_sweep,DRCT,20,3341502038,2074611979,128
formal_id_length_sweep,DRCT,21,2904687119,2755961788,128
formal_id_length_sweep,DRCT,22,1624420903,360829619,128
formal_id_length_sweep,DRCT,23,1825361325,715071836,128
formal_id_length_sweep,DRCT,24,3121950890,226202718,128
formal_id_length_sweep,DRCT,25,3115380797,2819750043,128
formal_id_length_sweep,DRCT,26,2337441380,423683070,128
formal_id_length_sweep,DRCT,27,2918986739,2403937957,128
formal_id_length_sweep,DRCT,28,4233518068,3686655232,128
formal_id_length_sweep,DRCT,29,101472845,2490639971,128
formal_id_length_sweep,DRCT,30,386525980,3500809186,128
formal_id_length_sweep,DRCT,31,4037673289,3224215542,128
formal_id_length_sweep,DRCT,32,3532068426,3596288412,128
formal_id_length_sweep,DRCT,33,165640310,3029027503,128
formal_id_length_sweep,DRCT,34,233659342,3513692734,128
formal_id_length_sweep,DRCT,35,3828104277,1731549401,128
formal_id_length_sweep,DRCT,36,2569309401,993118559,128
formal_id_length_sweep,DRCT,37,1345069188,1042433397,128
formal_id_length_sweep,DRCT,38,2693492944,3405734784,128
formal_id_length_sweep,DRCT,39,1561511251,1964888183,128
formal_id_length_sweep,DRCT,40,1702748032,755775277,128
formal_id_length_sweep,DRCT,41,3667011643,1710281682,128
formal_id_length_sweep,DRCT,42,1153453263,734126923,128
formal_id_length_sweep,DRCT,43,2355833024,545685417,128
formal_id_length_sweep,DRCT,44,93619563,2718443084,128
formal_id_length_sweep,DRCT,45,3710678357,2450871995,128
formal_id_length_sweep,DRCT,46,1923096838,169877356,128
formal_id_length_sweep,DRCT,47,324831139,809160190,128
formal_id_length_sweep,DRCT,48,657722500,1590234342,128
formal_id_length_sweep,DRCT,49,3425662313,797441552,128
formal_id_length_sweep,DRCT,0,53669434,620968221,160
formal_id_length_sweep,DRCT,1,2817071578,4255939194,160
formal_id_length_sweep,DRCT,2,2634534493,2868630682,160
formal_id_length_sweep,DRCT,3,744668023,1442862176,160
formal_id_length_sweep,DRCT,4,154816862,2286543089,160
formal_id_length_sweep,DRCT,5,2155917258,2258859162,160
formal_id_length_sweep,DRCT,6,3486673516,3468597593,160
formal_id_length_sweep,DRCT,7,186637928,1226912449,160
formal_id_length_sweep,DRCT,8,3704916549,2782808225,160
formal_id_length_sweep,DRCT,9,3362835039,2146857217,160
formal_id_length_sweep,DRCT,10,2151002067,3125026751,160
formal_id_length_sweep,DRCT,11,17911564,2455369828,160
formal_id_length_sweep,DRCT,12,2185278263,2297763668,160
formal_id_length_sweep,DRCT,13,1307331162,3834698837,160
formal_id_length_sweep,DRCT,14,2158669349,3109513099,160
formal_id_length_sweep,DRCT,15,2772590449,4065467886,160
formal_id_length_sweep,DRCT,16,4003677933,713121667,160
formal_id_length_sweep,DRCT,17,1981594178,623937979,160
formal_id_length_sweep,DRCT,18,3477284335,80081825,160
formal_id_length_sweep,DRCT,19,1165175147,2291032137,160
formal_id_length_sweep,DRCT,20,16035416,2476264565,160
formal_id_length_sweep,DRCT,21,4077270677,3975615403,160
formal_id_length_sweep,DRCT,22,3560607004,629624680,160
formal_id_length_sweep,DRCT,23,852575468,3559351631,160
formal_id_length_sweep,DRCT,24,1404714039,3348628001,160
formal_id_length_sweep,DRCT,25,578541335,3763907110,160
formal_id_length_sweep,DRCT,26,4231314494,1973355807,160
formal_id_length_sweep,DRCT,27,3968305513,737706266,160
formal_id_length_sweep,DRCT,28,1490032402,2532682220,160
formal_id_length_sweep,DRCT,29,915891348,2207532797,160
formal_id_length_sweep,DRCT,30,907918313,3477855289,160
formal_id_length_sweep,DRCT,31,1927590570,1364446285,160
formal_id_length_sweep,DRCT,32,3272852731,1976398363,160
formal_id_length_sweep,DRCT,33,2339622505,3780344947,160
formal_id_length_sweep,DRCT,34,747531232,699695719,160
formal_id_length_sweep,DRCT,35,281902067,943502089,160
formal_id_length_sweep,DRCT,36,1168342078,118973868,160
formal_id_length_sweep,DRCT,37,1557058044,695105085,160
formal_id_length_sweep,DRCT,38,3384057875,2975159065,160
formal_id_length_sweep,DRCT,39,3321238138,2442071145,160
formal_id_length_sweep,DRCT,40,1376518921,3087581556,160
formal_id_length_sweep,DRCT,41,2096428599,1950568999,160
formal_id_length_sweep,DRCT,42,1017870458,2028340112,160
formal_id_length_sweep,DRCT,43,142758089,2769949112,160
formal_id_length_sweep,DRCT,44,649128258,2528349141,160
formal_id_length_sweep,DRCT,45,3643062280,2767102377,160
formal_id_length_sweep,DRCT,46,967210689,85204014,160
formal_id_length_sweep,DRCT,47,2402165827,1896283628,160
formal_id_length_sweep,DRCT,48,2570756514,575288075,160
formal_id_length_sweep,DRCT,49,3208396941,2469922361,160
formal_id_length_sweep,DRCT,0,779954931,1635199314,192
formal_id_length_sweep,DRCT,1,3051988228,3086932852,192
formal_id_length_sweep,DRCT,2,3982337167,935456290,192
formal_id_length_sweep,DRCT,3,387767481,403520496,192
formal_id_length_sweep,DRCT,4,569991421,474256725,192
formal_id_length_sweep,DRCT,5,20336627,1309534282,192
formal_id_length_sweep,DRCT,6,29087867,34584365,192
formal_id_length_sweep,DRCT,7,153890269,2660728434,192
formal_id_length_sweep,DRCT,8,291447698,2324593191,192
formal_id_length_sweep,DRCT,9,2878726668,3831097902,192
formal_id_length_sweep,DRCT,10,4224636040,901122539,192
formal_id_length_sweep,DRCT,11,2428770206,151623449,192
formal_id_length_sweep,DRCT,12,2949904956,4130864101,192
formal_id_length_sweep,DRCT,13,1825645343,2232334768,192
formal_id_length_sweep,DRCT,14,1520350337,3333860569,192
formal_id_length_sweep,DRCT,15,3468533574,1684869447,192
formal_id_length_sweep,DRCT,16,945638788,2885687420,192
formal_id_length_sweep,DRCT,17,552471096,276347877,192
formal_id_length_sweep,DRCT,18,1052282650,1798726391,192
formal_id_length_sweep,DRCT,19,3956304976,1870941545,192
formal_id_length_sweep,DRCT,21,3967336087,512432965,192
formal_id_length_sweep,DRCT,20,2280268056,4033565416,192
formal_id_length_sweep,DRCT,22,1261682843,3756715774,192
formal_id_length_sweep,DRCT,23,3865261448,1539664370,192
formal_id_length_sweep,DRCT,24,3997776277,3638274637,192
formal_id_length_sweep,DRCT,25,2684305920,356380158,192
formal_id_length_sweep,DRCT,26,1302319150,3127570081,192
formal_id_length_sweep,DRCT,27,1747786600,118000391,192
formal_id_length_sweep,DRCT,28,1966703577,2899639409,192
formal_id_length_sweep,DRCT,29,3370608000,3045445852,192
formal_id_length_sweep,DRCT,30,1920076833,2719478278,192
formal_id_length_sweep,DRCT,31,3851068296,404961696,192
formal_id_length_sweep,DRCT,33,4206893019,3018191295,192
formal_id_length_sweep,DRCT,32,406443290,1815594207,192
formal_id_length_sweep,DRCT,34,1026483804,3284377743,192
formal_id_length_sweep,DRCT,35,723787142,340627851,192
formal_id_length_sweep,DRCT,37,2407785304,3055362598,192
formal_id_length_sweep,DRCT,36,4110026418,1527354068,192
formal_id_length_sweep,DRCT,38,896456331,769219761,192
formal_id_length_sweep,DRCT,39,1535225800,4187160559,192
formal_id_length_sweep,DRCT,40,311407170,3149473952,192
formal_id_length_sweep,DRCT,41,4234513742,497400281,192
formal_id_length_sweep,DRCT,42,1382676058,2670251866,192
formal_id_length_sweep,DRCT,43,2048855895,3746084674,192
formal_id_length_sweep,DRCT,44,39113712,2761860326,192
formal_id_length_sweep,DRCT,45,3512622617,904218958,192
formal_id_length_sweep,DRCT,46,1354203506,3642570594,192
formal_id_length_sweep,DRCT,47,1954624014,328102189,192
formal_id_length_sweep,DRCT,48,1289966514,3925964591,192
formal_id_length_sweep,DRCT,49,2843146286,1032171811,192
formal_id_length_sweep,DRCT,0,4141531494,790878983,256
formal_id_length_sweep,DRCT,1,2260082378,3365980524,256
formal_id_length_sweep,DRCT,2,2754403413,3190875577,256
formal_id_length_sweep,DRCT,3,2209102266,1942708929,256
formal_id_length_sweep,DRCT,4,3519591180,109059805,256
formal_id_length_sweep,DRCT,5,2575248428,3120314069,256
formal_id_length_sweep,DRCT,6,2134829016,3193522735,256
formal_id_length_sweep,DRCT,7,2781431531,2975910232,256
formal_id_length_sweep,DRCT,8,1582558263,622542368,256
formal_id_length_sweep,DRCT,9,2567001242,271735656,256
formal_id_length_sweep,DRCT,10,1796061815,3571984202,256
formal_id_length_sweep,DRCT,11,1019221399,1052623196,256
formal_id_length_sweep,DRCT,12,1243968233,1849192754,256
formal_id_length_sweep,DRCT,13,2227501446,1415886938,256
formal_id_length_sweep,DRCT,14,3916047680,1979795167,256
formal_id_length_sweep,DRCT,15,4266862493,2958066964,256
formal_id_length_sweep,DRCT,16,531845027,173622646,256
formal_id_length_sweep,DRCT,17,2532058873,4037708532,256
formal_id_length_sweep,DRCT,18,3107381882,1703305978,256
formal_id_length_sweep,DRCT,19,1131150704,3679290829,256
formal_id_length_sweep,DRCT,20,299398699,1381575632,256
formal_id_length_sweep,DRCT,21,215746801,468672488,256
formal_id_length_sweep,DRCT,22,3764176582,3376948888,256
formal_id_length_sweep,DRCT,23,3960437060,724812821,256
formal_id_length_sweep,DRCT,24,374556454,685858737,256
formal_id_length_sweep,DRCT,25,3916127239,4261643987,256
formal_id_length_sweep,DRCT,26,3402579263,2475206168,256
formal_id_length_sweep,DRCT,27,2032304711,811982112,256
formal_id_length_sweep,DRCT,28,1995825189,3370957323,256
formal_id_length_sweep,DRCT,29,1173874962,350589182,256
formal_id_length_sweep,DRCT,30,1515510919,3540475894,256
formal_id_length_sweep,DRCT,31,2019362312,1973165622,256
formal_id_length_sweep,DRCT,32,390760088,3676961452,256
formal_id_length_sweep,DRCT,33,1639674763,1749545038,256
formal_id_length_sweep,DRCT,34,1202297178,393855510,256
formal_id_length_sweep,DRCT,35,1871597334,1254757297,256
formal_id_length_sweep,DRCT,36,3083548185,310194665,256
formal_id_length_sweep,DRCT,37,456092532,1744072314,256
formal_id_length_sweep,DRCT,38,1385392060,4063506877,256
formal_id_length_sweep,DRCT,39,1141611432,591129852,256
formal_id_length_sweep,DRCT,40,2782796562,238381914,256
formal_id_length_sweep,DRCT,41,93922502,1446219503,256
formal_id_length_sweep,DRCT,42,3643858683,3069106625,256
formal_id_length_sweep,DRCT,43,1445629864,3590072063,256
formal_id_length_sweep,DRCT,44,2905850660,2536565394,256
formal_id_length_sweep,DRCT,45,2958495669,1250024798,256
formal_id_length_sweep,DRCT,46,3692034352,2451927744,256
formal_id_length_sweep,DRCT,47,1069889121,3174922575,256
formal_id_length_sweep,DRCT,48,2739515254,3454456444,256
formal_id_length_sweep,DRCT,49,251992345,218930379,256
