BINARY_LENGTH,algorithm_name,metric,mean,std,p95,ci95,n
20,DQTA(k_max=3),total_protocol_time_ms,7173.843225,31.121185,7226.374437,8.626352,50
20,DQTA(k_max=3),throughput_tags_per_sec,1393.978661,6.045293,1402.550924,1.675670,50
20,DQTA(k_max=3),system_efficiency,0.333673,0.001782,0.336435,0.000494,50
20,DQTA(k_max=3),collision_slots,9226.680000,46.249298,9308.700000,12.819651,50
20,DQTA(k_max=3),idle_slots,10743.620000,136.138568,10956.700000,37.735686,50
20,DQTA(k_max=3),total_energy_uj,3596409.268940,20090.204212,3627726.945875,5568.720496,50
20,DQTA(k_max=3),total_listening_energy_uj,3595112.156460,20087.279880,3626426.968175,5567.909913,50
20,DQTA(k_max=3),total_transmission_energy_uj,1297.112480,3.745879,1303.702625,1.038305,50
20,DQTA(k_max=3),total_bits,1589341.000000,2191.495268,1593220.100000,607.451497,50
20,DQTA(k_max=3),avg_tag_bits,125.437968,0.055988,125.538940,0.015519,50
20,DQTA(k_max=3),avg_reader_bits,33.496132,0.177614,33.801010,0.049232,50
20,DQTA(k_max=3),avg_total_bits,158.934100,0.219150,159.322010,0.060745,50
20,DQTA(k_max=3),avg_query_efficiency,1.083840,0.005432,1.090917,0.001506,50
20,DQTA(k_max=3),peak_stack_depth,27.600000,1.030158,29.000000,0.285545,50
20,DQTA(k_max=3),avg_tag_responses,5.158024,0.005323,5.165320,0.001475,50
20,DRCT,total_protocol_time_ms,10076.817300,52.300431,10171.394938,14.496940,50
20,DRCT,throughput_tags_per_sec,992.402986,5.142683,999.692799,1.425479,50
20,DRCT,system_efficiency,0.353478,0.001906,0.356234,0.000528,50
20,DRCT,collision_slots,14144.540000,76.408465,14284.450000,21.179346,50
20,DRCT,idle_slots,4146.540000,76.408465,4286.450000,21.179346,50
20,DRCT,total_energy_uj,5050408.954817,27658.620645,5096731.570281,7666.578501,50
20,DRCT,energy_per_tag_uj,505.040895,2.765862,509.673157,0.766658,50
20,DRCT,total_reader_tx_energy_uj,1137.828440,6.398549,1149.395100,1.773587,50
20,DRCT,total_tag_tx_energy_uj,321.070090,0.330600,321.607925,0.091638,50
20,DRCT,total_listening_energy_uj,5048950.056287,27653.015999,5095262.653956,7665.024972,50
20,DRCT,total_transmission_energy_uj,1458.898530,6.687728,1471.086900,1.853744,50
20,DRCT,total_bits,1211054.400000,3787.812831,1218028.350000,1049.928150,50
20,DRCT,avg_tag_bits,64.214018,0.066120,64.321585,0.018328,50
20,DRCT,avg_reader_bits,56.891422,0.319927,57.469755,0.088679,50
20,DRCT,avg_total_bits,121.105440,0.378781,121.802835,0.104993,50
20,DRCT,avg_query_efficiency,0.707007,0.003813,0.712520,0.001057,50
20,DRCT,peak_stack_depth,13.100000,0.614452,14.000000,0.170317,50
20,DRCT,avg_tag_responses,14.558058,0.019564,14.591240,0.005423,50
20,EAQ_CBB,total_protocol_time_ms,10899.683000,30.842578,10943.702375,8.549126,50
20,EAQ_CBB,throughput_tags_per_sec,917.465072,2.595535,921.422645,0.719446,50
20,EAQ_CBB,system_efficiency,0.546136,0.001551,0.548579,0.000430,50
20,EAQ_CBB,collision_slots,8310.600000,52.001962,8379.100000,14.414209,50
20,EAQ_CBB,idle_slots,0.000000,0.000000,0.000000,0.000000,50
20,EAQ_CBB,total_energy_uj,5451849.036685,20468.835425,5488171.691100,5673.671714,50
20,EAQ_CBB,total_listening_energy_uj,5450270.747945,20465.104059,5486589.176975,5672.637432,50
20,EAQ_CBB,total_transmission_energy_uj,1578.288740,4.320706,1585.056625,1.197639,50
20,EAQ_CBB,total_bits,1049785.960000,3022.179798,1054869.850000,837.705501,50
20,EAQ_CBB,avg_tag_bits,34.752212,0.127803,34.975555,0.035425,50
20,EAQ_CBB,avg_reader_bits,70.226384,0.189385,70.507000,0.052495,50
20,EAQ_CBB,avg_total_bits,104.978596,0.302218,105.486985,0.083771,50
20,EAQ_CBB,avg_query_efficiency,1.203329,0.007527,1.215229,0.002086,50
20,EAQ_CBB,peak_stack_depth,2457.360000,5.565051,2465.550000,1.542554,50
20,EAQ_CBB,avg_tag_responses,3.788772,0.013182,3.812340,0.003654,50
20,EMDT,total_protocol_time_ms,6586.647350,54.429277,6668.594500,15.087026,50
20,EMDT,throughput_tags_per_sec,1518.324794,12.561244,1537.263393,3.481799,50
20,EMDT,system_efficiency,0.502034,0.006555,0.511681,0.001817,50
20,EMDT,collision_slots,5949.780000,121.484070,6142.800000,33.673666,50
20,EMDT,idle_slots,3972.520000,154.307702,4211.000000,42.771913,50
20,EMDT,total_energy_uj,3294224.735210,29846.051232,3330089.084700,8272.903325,50
20,EMDT,total_listening_energy_uj,3293377.433130,29841.460514,3329239.380100,8271.630843,50
20,EMDT,total_transmission_energy_uj,847.302080,7.705734,858.041200,2.135920,50
20,EMDT,total_bits,961660.960000,6477.977755,969990.900000,1795.603824,50
20,EMDT,avg_tag_bits,71.734656,0.388715,72.268400,0.107746,50
20,EMDT,avg_reader_bits,24.431440,0.309551,24.876720,0.085803,50
20,EMDT,avg_total_bits,96.166096,0.647798,96.999090,0.179560,50
20,EMDT,avg_query_efficiency,1.681420,0.034282,1.738617,0.009502,50
20,EMDT,peak_stack_depth,46.940000,1.284285,49.000000,0.355986,50
20,EMDT,avg_tag_responses,5.315762,0.024390,5.354845,0.006760,50
20,FHS_RAC,total_protocol_time_ms,11066.350750,29.199434,11103.346625,8.093670,50
20,FHS_RAC,throughput_tags_per_sec,903.646420,2.384757,907.745240,0.661021,50
20,FHS_RAC,system_efficiency,0.546053,0.001581,0.548842,0.000438,50
20,FHS_RAC,collision_slots,6459.600000,22.047259,6497.850000,6.111188,50
20,FHS_RAC,idle_slots,1853.800000,46.947213,1922.500000,13.013104,50
20,FHS_RAC,total_energy_uj,5535005.407973,14055.901260,5558054.216244,3896.097054,50
20,FHS_RAC,total_listening_energy_uj,5533583.530753,14052.570724,5556629.395544,3895.173876,50
20,FHS_RAC,total_transmission_energy_uj,1421.877220,4.151637,1427.141850,1.150775,50
20,FHS_RAC,total_bits,880339.880000,2014.419526,882857.100000,558.368605,50
20,FHS_RAC,avg_tag_bits,22.586836,0.013287,22.605995,0.003683,50
20,FHS_RAC,avg_reader_bits,65.447152,0.209694,65.714220,0.058124,50
20,FHS_RAC,avg_total_bits,88.033988,0.201442,88.285710,0.055837,50
20,FHS_RAC,avg_query_efficiency,1.548101,0.005284,1.557220,0.001465,50
20,FHS_RAC,peak_stack_depth,22.900000,0.909137,24.000000,0.252000,50
20,FHS_RAC,avg_tag_responses,8.396822,0.005915,8.406020,0.001640,50
20,HLCT-Base,total_protocol_time_ms,8392.780050,29.332003,8437.386438,8.130417,50
20,HLCT-Base,throughput_tags_per_sec,1191.514574,4.165761,1198.566631,1.154690,50
20,HLCT-Base,system_efficiency,0.331330,0.002291,0.335325,0.000635,50
20,HLCT-Base,collision_slots,3950.540000,27.920594,3999.050000,7.739194,50
20,HLCT-Base,idle_slots,16232.220000,197.335340,16513.300000,54.698566,50
20,HLCT-Base,total_energy_uj,4291499.399530,17522.767157,4317574.505563,4857.063253,50
20,HLCT-Base,total_listening_energy_uj,4290399.000640,17519.826159,4316468.311087,4856.248050,50
20,HLCT-Base,total_transmission_energy_uj,1100.398890,3.270999,1106.413400,0.906675,50
20,HLCT-Base,total_bits,1060105.980000,2138.458022,1064093.800000,592.750322,50
20,HLCT-Base,avg_tag_bits,67.987538,0.071846,68.116645,0.019915,50
20,HLCT-Base,avg_reader_bits,38.023060,0.147350,38.288185,0.040843,50
20,HLCT-Base,avg_total_bits,106.010598,0.213846,106.409380,0.059275,50
20,HLCT-Base,avg_query_efficiency,2.531423,0.017857,2.558559,0.004950,50
20,HLCT-Base,peak_stack_depth,1808.920000,11.600211,1829.100000,3.215414,50
20,HLCT-Base,ovg_trigger_count,48.900000,7.486723,60.650000,2.075214,50
20,HLCT-Base,fallback_invocation_count,1.140000,0.350510,2.000000,0.097156,50
20,HLCT-Base,fallback_invocation_ratio,0.000293,0.000089,0.000513,0.000025,50
20,HLCT-Base,prefix_stagnation_trigger_count,4.240000,1.813329,7.000000,0.502629,50
20,HLCT-Base,prefix_stag_score_trigger_count,4.500000,2.062790,8.000000,0.571776,50
20,HLCT-Base,repeated_pattern_trigger_count,0.000000,0.000000,0.000000,0.000000,50
20,HLCT-Base,ovg_success_count,0.140000,0.350510,1.000000,0.097156,50
20,HLCT-Base,post_ovg_singleton_count,0.140000,0.350510,1.000000,0.097156,50
20,HLCT-Base,ovg_fallback_avoid_count,0.000000,0.000000,0.000000,0.000000,50
20,HLCT-Base,ovg_rehash_count,4.100000,1.798525,7.000000,0.498526,50
20,HLCT-Base,ovg_width_up_count,0.000000,0.000000,0.000000,0.000000,50
20,HLCT-Base,ovg_width_down_count,4.240000,1.813329,7.000000,0.502629,50
20,HLCT-Base,ovg_no_singleton_count,4.100000,1.798525,7.000000,0.498526,50
20,HLCT-Base,inspect_collision_count,56.920000,6.859642,68.100000,1.901396,50
20,HLCT-Base,fcw_cache_created_count,3837.700000,27.508997,3886.600000,7.625105,50
20,HLCT-Base,fcw_cache_hit_count,3835.500000,27.101660,3884.150000,7.512197,50
20,HLCT-Base,fcw_cache_hit_ratio,0.999428,0.000458,1.000000,0.000127,50
20,HLCT-Base,fcw_fast_path_count,0.000000,0.000000,0.000000,0.000000,50
20,HLCT-Base,fcw_width_up_count,0.000000,0.000000,0.000000,0.000000,50
20,HLCT-Base,fcw_width_down_count,0.000000,0.000000,0.000000,0.000000,50
20,HLCT-Base,adaptive_cbit_r4_count,819.000000,14.793821,840.550000,4.100638,50
20,HLCT-Base,multibit_fallback_count,1.100000,0.303046,2.000000,0.084000,50
20,HLCT-Base,epc_verification_count,10055.920000,6.859642,10067.100000,1.901396,50
20,HLCT-Base,verify_fail_count,55.920000,6.859642,67.100000,1.901396,50
20,HLCT-Base,avg_tag_responses,6.419968,0.006793,6.432030,0.001883,50
20,HT_EEAC,total_protocol_time_ms,74691.734150,1604.149978,76971.834875,444.647688,50
20,HT_EEAC,throughput_tags_per_sec,133.944757,2.905649,138.727781,0.805405,50
20,HT_EEAC,system_efficiency,0.061722,0.001346,0.063937,0.000373,50
20,HT_EEAC,collision_slots,146134.920000,3533.083309,151082.400000,979.320729,50
20,HT_EEAC,idle_slots,5955.580000,139.996806,6182.300000,38.805135,50
20,HT_EEAC,total_energy_uj,44322436.926878,1081242.282599,45972620.688419,299705.070052,50
20,HT_EEAC,total_listening_energy_uj,44313955.865518,1081063.446058,45963875.876019,299655.499091,50
20,HT_EEAC,total_transmission_energy_uj,8481.061360,182.137623,8740.498200,50.485973,50
20,HT_EEAC,total_bits,6264149.720000,133450.491434,6453237.900000,36990.588999,50
20,HT_EEAC,avg_tag_bits,269.815872,5.652933,277.731840,1.566913,50
20,HT_EEAC,avg_reader_bits,356.599100,7.694534,367.591950,2.132816,50
20,HT_EEAC,avg_total_bits,626.414972,13.345049,645.323790,3.699059,50
20,HT_EEAC,avg_query_efficiency,0.068470,0.001673,0.071227,0.000464,50
20,HT_EEAC,avg_tag_responses,253.081538,10.923836,267.283175,3.027933,50
20,ICT,total_protocol_time_ms,11292.455500,1.583485,11294.890625,0.438920,50
20,ICT,throughput_tags_per_sec,885.547009,0.124171,885.737190,0.034418,50
20,ICT,system_efficiency,0.500025,0.000000,0.500025,0.000000,50
20,ICT,collision_slots,9999.000000,0.000000,9999.000000,0.000000,50
20,ICT,idle_slots,0.000000,0.000000,0.000000,0.000000,50
20,ICT,total_energy_uj,5651866.704100,991.836280,5653470.494869,274.922991,50
20,ICT,total_listening_energy_uj,5649505.291720,991.498265,5651108.454069,274.829298,50
20,ICT,total_transmission_energy_uj,2361.412380,0.465447,2362.196150,0.129015,50
20,ICT,total_bits,2614280.520000,345.976951,2614790.450000,95.899918,50
20,ICT,avg_tag_bits,191.143244,0.035708,191.201210,0.009898,50
20,ICT,avg_reader_bits,70.284808,0.025336,70.323770,0.007023,50
20,ICT,avg_total_bits,261.428052,0.034598,261.479045,0.009590,50
20,ICT,avg_query_efficiency,1.000100,0.000000,1.000100,0.000000,50
20,ICT,peak_stack_depth,14.980000,0.654342,16.000000,0.181374,50
20,ICT,avg_tag_responses,14.617622,0.005176,14.626110,0.001435,50
20,LAPCT,total_protocol_time_ms,11648.690100,0.806776,11649.965938,0.223627,50
20,LAPCT,throughput_tags_per_sec,858.465627,0.059455,858.556447,0.016480,50
20,LAPCT,system_efficiency,0.498968,0.000019,0.498977,0.000005,50
20,LAPCT,collision_slots,10041.360000,0.776176,10043.000000,0.215145,50
20,LAPCT,idle_slots,0.000000,0.000000,0.000000,0.000000,50
20,LAPCT,total_energy_uj,5829905.939857,522.303450,5830658.133694,144.775130,50
20,LAPCT,total_listening_energy_uj,5827716.773878,522.113712,5828468.773669,144.722537,50
20,LAPCT,total_transmission_energy_uj,2189.165980,0.555358,2189.747300,0.153937,50
20,LAPCT,total_bits,2097451.160000,1000.203395,2098393.850000,277.242236,50
20,LAPCT,avg_tag_bits,133.715756,0.099372,133.821415,0.027544,50
20,LAPCT,avg_reader_bits,76.029360,0.012731,76.049255,0.003529,50
20,LAPCT,avg_total_bits,209.745116,0.100020,209.839385,0.027724,50
20,LAPCT,avg_query_efficiency,0.995881,0.000077,0.995917,0.000021,50
20,LAPCT,peak_stack_depth,17.780000,0.648074,19.000000,0.179637,50
20,LAPCT,avg_tag_responses,11.614152,0.008340,11.623175,0.002312,50
20,NLHQT(n=1),total_protocol_time_ms,13973.325425,46.349367,14058.163062,12.847389,50
20,NLHQT(n=1),throughput_tags_per_sec,715.656969,2.371398,719.091853,0.657318,50
20,NLHQT(n=1),system_efficiency,0.261148,0.001041,0.262651,0.000289,50
20,NLHQT(n=1),collision_slots,28293.080000,152.816929,28572.900000,42.358692,50
20,NLHQT(n=1),idle_slots,0.000000,0.000000,0.000000,0.000000,50
20,NLHQT(n=1),total_energy_uj,6989072.697990,24381.217297,7030020.052388,6758.128641,50
20,NLHQT(n=1),total_listening_energy_uj,6987037.846620,24375.915625,7027975.729312,6756.659093,50
20,NLHQT(n=1),total_transmission_energy_uj,2034.851370,6.331805,2046.446850,1.755087,50
20,NLHQT(n=1),total_bits,1434038.580000,3302.018524,1440112.650000,915.272838,50
20,NLHQT(n=1),avg_tag_bits,55.548386,0.018981,55.581325,0.005261,50
20,NLHQT(n=1),avg_reader_bits,87.855472,0.312065,88.426035,0.086500,50
20,NLHQT(n=1),avg_total_bits,143.403858,0.330202,144.011265,0.091527,50
20,NLHQT(n=1),avg_query_efficiency,0.353453,0.001906,0.356209,0.000528,50
20,NLHQT(n=1),peak_stack_depth,14.980000,0.654342,16.000000,0.181374,50
20,NLHQT(n=1),avg_tag_responses,16.558058,0.019564,16.591240,0.005423,50
20,NLHQT(n=2),total_protocol_time_ms,10173.001300,25.637534,10209.470125,7.106362,50
20,NLHQT(n=2),throughput_tags_per_sec,983.000189,2.475665,986.866389,0.686219,50
20,NLHQT(n=2),system_efficiency,0.357787,0.000854,0.359106,0.000237,50
20,NLHQT(n=2),collision_slots,17949.780000,66.771707,18048.750000,18.508173,50
20,NLHQT(n=2),idle_slots,0.000000,0.000000,0.000000,0.000000,50
20,NLHQT(n=2),total_energy_uj,5087122.027495,13132.252236,5105101.554488,3640.074606,50
20,NLHQT(n=2),total_listening_energy_uj,5085539.340395,13129.339772,5103515.985887,3639.267313,50
20,NLHQT(n=2),total_transmission_energy_uj,1582.687100,3.595217,1587.762350,0.996543,50
20,NLHQT(n=2),total_bits,1218850.840000,1924.233135,1221565.900000,533.370213,50
20,NLHQT(n=2),avg_tag_bits,57.000972,0.018075,57.024810,0.005010,50
20,NLHQT(n=2),avg_reader_bits,64.884112,0.175570,65.131960,0.048665,50
20,NLHQT(n=2),avg_total_bits,121.885084,0.192423,122.156590,0.053337,50
20,NLHQT(n=2),avg_query_efficiency,0.557117,0.002071,0.560321,0.000574,50
20,NLHQT(n=2),peak_stack_depth,21.120000,0.773014,22.000000,0.214269,50
20,NLHQT(n=2),avg_tag_responses,9.529274,0.010126,9.542355,0.002807,50
20,SD-CGQT,total_protocol_time_ms,2634.225825,39.350400,2699.689125,10.907374,50
20,SD-CGQT,throughput_tags_per_sec,3797.012611,56.765679,3884.690960,15.734643,50
20,SD-CGQT,system_efficiency,0.412247,0.001892,0.415317,0.000524,50
20,SD-CGQT,collision_slots,2725.940000,38.601792,2792.500000,10.699871,50
20,SD-CGQT,idle_slots,0.000000,0.000000,0.000000,0.000000,50
20,SD-CGQT,total_energy_uj,1169292.883045,21807.215705,1207636.254737,6044.651801,50
20,SD-CGQT,total_listening_energy_uj,1168644.793765,21802.380112,1206980.872262,6043.311443,50
20,SD-CGQT,total_transmission_energy_uj,648.089280,5.798835,656.972475,1.607355,50
20,SD-CGQT,total_bits,823646.040000,4757.152754,831206.750000,1318.615469,50
20,SD-CGQT,avg_tag_bits,66.613520,0.297219,67.125925,0.082385,50
20,SD-CGQT,avg_reader_bits,15.751084,0.242359,16.146125,0.067179,50
20,SD-CGQT,avg_total_bits,82.364604,0.475715,83.120675,0.131862,50
20,SD-CGQT,avg_query_efficiency,3.669181,0.051984,3.753120,0.014409,50
20,SD-CGQT,avg_tag_responses,10.878340,0.065328,10.974680,0.018108,50
20,SGCT,total_protocol_time_ms,5997.304575,24.704375,6036.550125,6.847704,50
20,SGCT,throughput_tags_per_sec,1667.443454,6.867174,1678.674095,1.903483,50
20,SGCT,system_efficiency,0.845616,0.002968,0.850492,0.000823,50
20,SGCT,collision_slots,1825.840000,41.502574,1890.300000,11.503927,50
20,SGCT,idle_slots,0.000000,0.000000,0.000000,0.000000,50
20,SGCT,total_energy_uj,3026304.840993,16160.865210,3049822.542331,4479.563293,50
20,SGCT,total_listening_energy_uj,3025441.146122,16157.619052,3048953.855681,4478.663504,50
20,SGCT,total_transmission_energy_uj,863.694870,3.531873,869.121950,0.978985,50
20,SGCT,total_bits,809550.120000,1853.801353,812412.700000,513.847519,50
20,SGCT,avg_tag_bits,50.360358,0.014075,50.382480,0.003902,50
20,SGCT,avg_reader_bits,30.594654,0.173709,30.861040,0.048150,50
20,SGCT,avg_total_bits,80.955012,0.185380,81.241270,0.051385,50
20,SGCT,avg_query_efficiency,5.479712,0.124874,5.688608,0.034613,50
20,SGCT,peak_stack_depth,259.020000,1.186489,261.000000,0.328878,50
20,SGCT,progressive_probe_count,913.420000,20.751287,945.650000,5.751963,50
20,SGCT,signature_grouping_trigger_count,309.720000,8.096459,321.550000,2.244224,50
20,SGCT,local_short_id_trigger_count,257.000000,0.000000,257.000000,0.000000,50
20,SGCT,signature_groups_pruned,56948.640000,119.412466,57130.050000,33.099447,50
20,SGCT,sparse_signature_groups,9686.880000,24.964170,9726.750000,6.919715,50
20,SGCT,signature_marker_bits,20118.060000,18.385231,20149.550000,5.096126,50
20,SGCT,signature_marker_tag_bits,20118.060000,18.385231,20149.550000,5.096126,50
20,SGCT,signature_non_idle_marker_count,9686.880000,24.964170,9726.750000,6.919715,50
20,SGCT,signature_collision_groups,912.420000,20.751287,944.650000,5.751963,50
20,SGCT,signature_singleton_groups,8774.460000,42.631410,8836.300000,11.816824,50
20,SGCT,low_d_fallback_count,603.700000,20.607359,637.000000,5.712069,50
20,SGCT,suffix_signature_trigger_count,0.000000,0.000000,0.000000,0.000000,50
20,SGCT,hash_short_id_round_count,0.000000,0.000000,0.000000,0.000000,50
20,SGCT,hash_short_id_split_count,0.000000,0.000000,0.000000,0.000000,50
20,SGCT,hash_short_id_collision_groups,0.000000,0.000000,0.000000,0.000000,50
20,SGCT,hash_short_id_singleton_groups,0.000000,0.000000,0.000000,0.000000,50
20,SGCT,small_cluster_guard_count,0.000000,0.000000,0.000000,0.000000,50
20,SGCT,max_signature_d,8.000000,0.000000,8.000000,0.000000,50
20,SGCT,epc_verification_count,10000.000000,0.000000,10000.000000,0.000000,50
20,SGCT,verify_fail_count,0.000000,0.000000,0.000000,0.000000,50
20,SGCT,avg_tag_responses,4.268720,0.008799,4.281110,0.002439,50
20,SUBF-CGDFSA,total_protocol_time_ms,4130.702500,29.434232,4169.929125,8.158753,50
20,SUBF-CGDFSA,throughput_tags_per_sec,2421.016759,17.333780,2449.810953,4.804679,50
20,SUBF-CGDFSA,system_efficiency,0.000000,0.000000,0.000000,0.000000,50
20,SUBF-CGDFSA,collision_slots,0.000000,0.000000,0.000000,0.000000,50
20,SUBF-CGDFSA,idle_slots,0.000000,0.000000,0.000000,0.000000,50
20,SUBF-CGDFSA,total_energy_uj,2067878.236010,17178.070694,2095265.779325,4761.518268,50
20,SUBF-CGDFSA,total_listening_energy_uj,2067630.574130,17174.830376,2095015.051025,4760.620098,50
20,SUBF-CGDFSA,total_transmission_energy_uj,247.661880,4.078528,253.826100,1.130510,50
20,SUBF-CGDFSA,total_bits,483475.440000,7917.519773,495547.800000,2194.624513,50
20,SUBF-CGDFSA,avg_tag_bits,47.952600,0.785081,49.151300,0.217613,50
20,SUBF-CGDFSA,avg_reader_bits,0.394944,0.024060,0.423610,0.006669,50
20,SUBF-CGDFSA,avg_total_bits,48.347544,0.791752,49.554780,0.219462,50
20,SUBF-CGDFSA,avg_query_efficiency,10000.000000,0.000000,10000.000000,0.000000,50
40,DQTA(k_max=3),total_protocol_time_ms,9636.653650,37.594526,9691.899938,10.420671,50
40,DQTA(k_max=3),throughput_tags_per_sec,1037.720118,4.054249,1044.365053,1.123781,50
40,DQTA(k_max=3),system_efficiency,0.330088,0.001658,0.332535,0.000460,50
40,DQTA(k_max=3),collision_slots,9285.920000,50.289302,9354.100000,13.939483,50
40,DQTA(k_max=3),idle_slots,11009.740000,138.412104,11197.300000,38.365878,50
40,DQTA(k_max=3),total_energy_uj,4824349.942475,22336.940438,4858186.248294,6191.484006,50
40,DQTA(k_max=3),total_listening_energy_uj,4822014.311475,22332.930301,4855846.763519,6190.372452,50
40,DQTA(k_max=3),total_transmission_energy_uj,2335.631000,5.039583,2341.343825,1.396901,50
40,DQTA(k_max=3),total_bits,3657848.980000,4477.187298,3663586.100000,1241.013004,50
40,DQTA(k_max=3),avg_tag_bits,332.004464,0.273867,332.407450,0.075912,50
40,DQTA(k_max=3),avg_reader_bits,33.780434,0.191289,34.032125,0.053023,50
40,DQTA(k_max=3),avg_total_bits,365.784898,0.447719,366.358610,0.124101,50
40,DQTA(k_max=3),avg_query_efficiency,1.076930,0.005851,1.086722,0.001622,50
40,DQTA(k_max=3),peak_stack_depth,27.380000,0.878078,29.000000,0.243391,50
40,DQTA(k_max=3),avg_tag_responses,5.165654,0.005603,5.173590,0.001553,50
40,DRCT,total_protocol_time_ms,11577.992375,60.094946,11653.778062,16.657469,50
40,DRCT,throughput_tags_per_sec,863.730399,4.482421,871.370790,1.242464,50
40,DRCT,system_efficiency,0.346369,0.002077,0.349798,0.000576,50
40,DRCT,collision_slots,14435.000000,86.565771,14545.950000,23.994807,50
40,DRCT,idle_slots,4437.000000,86.565771,4547.950000,23.994807,50
40,DRCT,total_energy_uj,5806641.275860,32587.895023,5846596.878688,9032.903650,50
40,DRCT,energy_per_tag_uj,580.664128,3.258790,584.659688,0.903290,50
40,DRCT,total_reader_tx_energy_uj,1164.108800,7.444059,1173.675300,2.063388,50
40,DRCT,total_tag_tx_energy_uj,431.224960,0.590091,432.106450,0.163565,50
40,DRCT,total_listening_energy_uj,5805045.942100,32581.057974,5844994.237313,9031.008516,50
40,DRCT,total_transmission_energy_uj,1595.333760,7.732264,1605.078075,2.143274,50
40,DRCT,total_bits,1444504.320000,4389.989686,1450013.800000,1216.843059,50
40,DRCT,avg_tag_bits,86.244992,0.118018,86.421290,0.032713,50
40,DRCT,avg_reader_bits,58.205440,0.372203,58.683765,0.103169,50
40,DRCT,avg_total_bits,144.450432,0.438999,145.001380,0.121684,50
40,DRCT,avg_query_efficiency,0.692785,0.004154,0.699646,0.001151,50
40,DRCT,peak_stack_depth,12.960000,0.402036,13.550000,0.111439,50
40,DRCT,avg_tag_responses,14.622514,0.020279,14.657860,0.005621,50
40,EAQ_CBB,total_protocol_time_ms,13915.799725,43.039654,13984.289937,11.929983,50
40,EAQ_CBB,throughput_tags_per_sec,718.614374,2.221727,722.042593,0.615831,50
40,EAQ_CBB,system_efficiency,0.546268,0.001989,0.549276,0.000551,50
40,EAQ_CBB,collision_slots,8306.280000,66.668856,8412.200000,18.479664,50
40,EAQ_CBB,idle_slots,0.000000,0.000000,0.000000,0.000000,50
40,EAQ_CBB,total_energy_uj,6961596.122567,24269.139534,6996957.356394,6727.062270,50
40,EAQ_CBB,total_listening_energy_uj,6959478.974858,24263.923982,6994833.395494,6725.616593,50
40,EAQ_CBB,total_transmission_energy_uj,2117.147710,5.920269,2126.730400,1.641015,50
40,EAQ_CBB,total_bits,1528088.900000,4797.382123,1536137.550000,1329.766481,50
40,EAQ_CBB,avg_tag_bits,62.602006,0.253516,63.029585,0.070271,50
40,EAQ_CBB,avg_reader_bits,90.206884,0.237030,90.578230,0.065701,50
40,EAQ_CBB,avg_total_bits,152.808890,0.479738,153.613755,0.132977,50
40,EAQ_CBB,avg_query_efficiency,1.203984,0.009655,1.218650,0.002676,50
40,EAQ_CBB,peak_stack_depth,2458.720000,5.855540,2467.550000,1.623073,50
40,EAQ_CBB,avg_tag_responses,3.787024,0.013815,3.809640,0.003829,50
40,EMDT,total_protocol_time_ms,8457.570150,51.810965,8546.905125,14.361267,50
40,EMDT,throughput_tags_per_sec,1182.416075,7.226382,1193.843267,2.003051,50
40,EMDT,system_efficiency,0.500747,0.005150,0.508789,0.001427,50
40,EMDT,collision_slots,5965.920000,95.416347,6133.650000,26.448062,50
40,EMDT,idle_slots,4006.300000,122.252707,4231.550000,33.886722,50
40,EMDT,total_energy_uj,4226751.978295,33805.439794,4279736.741763,9370.389842,50
40,EMDT,total_listening_energy_uj,4225806.507895,33804.139667,4278789.206362,9370.029465,50
40,EMDT,total_transmission_energy_uj,945.470400,5.842530,954.770400,1.619467,50
40,EMDT,total_bits,1159895.760000,5020.863356,1167685.200000,1391.712318,50
40,EMDT,avg_tag_bits,91.621408,0.310494,92.078640,0.086064,50
40,EMDT,avg_reader_bits,24.368168,0.232067,24.741420,0.064326,50
40,EMDT,avg_total_bits,115.989576,0.502086,116.768520,0.139171,50
40,EMDT,avg_query_efficiency,1.676605,0.026671,1.722477,0.007393,50
40,EMDT,peak_stack_depth,46.880000,1.598979,50.000000,0.443214,50
40,EMDT,avg_tag_responses,5.317934,0.018958,5.344655,0.005255,50
40,FHS_RAC,total_protocol_time_ms,12145.023950,29.299190,12184.631563,8.121321,50
40,FHS_RAC,throughput_tags_per_sec,823.387185,1.988102,826.879490,0.551074,50
40,FHS_RAC,system_efficiency,0.555871,0.001675,0.558725,0.000464,50
40,FHS_RAC,collision_slots,6368.060000,22.522016,6407.100000,6.242784,50
40,FHS_RAC,idle_slots,1621.900000,43.728872,1686.150000,12.121025,50
40,FHS_RAC,total_energy_uj,6076494.019687,16062.392479,6098177.600250,4452.268044,50
40,FHS_RAC,total_listening_energy_uj,6074995.885468,16058.763294,6096675.789500,4451.262086,50
40,FHS_RAC,total_transmission_energy_uj,1498.134220,4.139185,1503.639525,1.147323,50
40,FHS_RAC,total_bits,1068255.440000,2016.544045,1071024.450000,558.957492,50
40,FHS_RAC,avg_tag_bits,42.558444,0.013630,42.579685,0.003778,50
40,FHS_RAC,avg_reader_bits,64.267100,0.208809,64.541820,0.057879,50
40,FHS_RAC,avg_total_bits,106.825544,0.201654,107.102445,0.055896,50
40,FHS_RAC,avg_query_efficiency,1.570356,0.005549,1.578557,0.001538,50
40,FHS_RAC,peak_stack_depth,22.520000,1.054437,24.550000,0.292275,50
40,FHS_RAC,avg_tag_responses,8.374578,0.005910,8.382255,0.001638,50
40,HLCT-Base,total_protocol_time_ms,9717.264600,33.815026,9766.390187,9.373047,50
40,HLCT-Base,throughput_tags_per_sec,1029.108415,3.584101,1035.025250,0.993462,50
40,HLCT-Base,system_efficiency,0.325906,0.002190,0.330431,0.000607,50
40,HLCT-Base,collision_slots,3987.380000,32.846514,4039.650000,9.104589,50
40,HLCT-Base,idle_slots,16697.620000,191.187256,16974.200000,52.994404,50
40,HLCT-Base,total_energy_uj,4941813.907605,18799.605635,4971505.780456,5210.984822,50
40,HLCT-Base,total_listening_energy_uj,4940606.617855,18796.072652,4970293.265331,5210.005529,50
40,HLCT-Base,total_transmission_energy_uj,1207.289750,3.969488,1213.706550,1.100286,50
40,HLCT-Base,total_bits,1266270.040000,2745.369913,1270678.850000,760.977715,50
40,HLCT-Base,avg_tag_bits,88.350022,0.111048,88.521285,0.030781,50
40,HLCT-Base,avg_reader_bits,38.276982,0.174592,38.558175,0.048394,50
40,HLCT-Base,avg_total_bits,126.627004,0.274537,127.067885,0.076098,50
40,HLCT-Base,avg_query_efficiency,2.508079,0.020658,2.538621,0.005726,50
40,HLCT-Base,peak_stack_depth,1815.540000,15.278650,1839.000000,4.235026,50
40,HLCT-Base,ovg_trigger_count,49.080000,8.849859,61.000000,2.453056,50
40,HLCT-Base,fallback_invocation_count,1.420000,0.609114,2.550000,0.168838,50
40,HLCT-Base,fallback_invocation_ratio,0.000361,0.000155,0.000650,0.000043,50
40,HLCT-Base,prefix_stagnation_trigger_count,12.460000,3.435766,18.000000,0.952346,50
40,HLCT-Base,prefix_stag_score_trigger_count,13.060000,3.655636,19.000000,1.013291,50
40,HLCT-Base,repeated_pattern_trigger_count,0.100000,0.303046,1.000000,0.084000,50
40,HLCT-Base,ovg_success_count,0.180000,0.437526,1.000000,0.121276,50
40,HLCT-Base,post_ovg_singleton_count,0.180000,0.437526,1.000000,0.121276,50
40,HLCT-Base,ovg_fallback_avoid_count,0.000000,0.000000,0.000000,0.000000,50
40,HLCT-Base,ovg_rehash_count,12.180000,3.378745,18.000000,0.936540,50
40,HLCT-Base,ovg_width_up_count,0.000000,0.000000,0.000000,0.000000,50
40,HLCT-Base,ovg_width_down_count,12.360000,3.361001,18.000000,0.931622,50
40,HLCT-Base,ovg_no_singleton_count,12.180000,3.378745,18.000000,0.936540,50
40,HLCT-Base,inspect_collision_count,57.960000,7.564579,70.550000,2.096794,50
40,HLCT-Base,fcw_cache_created_count,3872.260000,27.739907,3910.550000,7.689110,50
40,HLCT-Base,fcw_cache_hit_count,3866.660000,27.442415,3906.100000,7.606649,50
40,HLCT-Base,fcw_cache_hit_ratio,0.998554,0.000680,0.999479,0.000188,50
40,HLCT-Base,fcw_fast_path_count,0.000000,0.000000,0.000000,0.000000,50
40,HLCT-Base,fcw_width_up_count,0.000000,0.000000,0.000000,0.000000,50
40,HLCT-Base,fcw_width_down_count,0.000000,0.000000,0.000000,0.000000,50
40,HLCT-Base,adaptive_cbit_r4_count,824.400000,17.512678,849.650000,4.854267,50
40,HLCT-Base,multibit_fallback_count,1.380000,0.602376,2.550000,0.166970,50
40,HLCT-Base,epc_verification_count,10057.160000,7.484296,10069.550000,2.074541,50
40,HLCT-Base,verify_fail_count,57.160000,7.484296,69.550000,2.074541,50
40,HLCT-Base,avg_tag_responses,6.429346,0.007151,6.441285,0.001982,50
40,HT_EEAC,total_protocol_time_ms,76323.754300,1239.938445,78105.733750,343.693402,50
40,HT_EEAC,throughput_tags_per_sec,131.054639,2.125409,134.592530,0.589133,50
40,HT_EEAC,system_efficiency,0.061396,0.001017,0.063082,0.000282,50
40,HT_EEAC,collision_slots,146983.540000,2732.207138,150877.500000,757.329180,50
40,HT_EEAC,idle_slots,5937.140000,129.532757,6152.200000,35.904648,50
40,HT_EEAC,total_energy_uj,45190499.854879,839404.377498,46520151.701898,232671.022775,50
40,HT_EEAC,total_listening_energy_uj,45181875.476639,839267.648308,46511324.773498,232633.123377,50
40,HT_EEAC,total_transmission_energy_uj,8624.378240,140.779035,8826.928400,39.021958,50
40,HT_EEAC,total_bits,6495991.600000,103158.776931,6643994.200000,28594.154117,50
40,HT_EEAC,avg_tag_bits,291.173664,4.371531,297.404000,1.211727,50
40,HT_EEAC,avg_reader_bits,358.425496,5.947065,366.995420,1.648442,50
40,HT_EEAC,avg_total_bits,649.599160,10.315878,664.399420,2.859415,50
40,HT_EEAC,avg_query_efficiency,0.068058,0.001263,0.070188,0.000350,50
40,HT_EEAC,avg_tag_responses,254.675430,9.962814,270.215465,2.761551,50
40,ICT,total_protocol_time_ms,13796.756750,1.621216,13799.393750,0.449378,50
40,ICT,throughput_tags_per_sec,724.808034,0.085169,724.950119,0.023608,50
40,ICT,system_efficiency,0.500025,0.000000,0.500025,0.000000,50
40,ICT,collision_slots,9999.000000,0.000000,9999.000000,0.000000,50
40,ICT,idle_slots,0.000000,0.000000,0.000000,0.000000,50
40,ICT,total_energy_uj,6906322.693832,1073.866165,6908060.211238,297.660515,50
40,ICT,total_listening_energy_uj,6902498.118452,1073.027115,6904234.555387,297.427942,50
40,ICT,total_transmission_energy_uj,3824.575380,1.210489,3826.757525,0.335531,50
40,ICT,total_bits,5538481.920000,1890.426869,5541967.650000,523.999594,50
40,ICT,avg_tag_bits,483.492564,0.175510,483.798945,0.048649,50
40,ICT,avg_reader_bits,70.355628,0.025939,70.397820,0.007190,50
40,ICT,avg_total_bits,553.848192,0.189043,554.196765,0.052400,50
40,ICT,avg_query_efficiency,1.000100,0.000000,1.000100,0.000000,50
40,ICT,peak_stack_depth,14.940000,0.585888,16.000000,0.162400,50
40,ICT,avg_tag_responses,14.620398,0.007194,14.633630,0.001994,50
40,LAPCT,total_protocol_time_ms,15403.409025,0.877699,15404.819375,0.243286,50
40,LAPCT,throughput_tags_per_sec,649.206939,0.036992,649.264297,0.010254,50
40,LAPCT,system_efficiency,0.498966,0.000027,0.498977,0.000008,50
40,LAPCT,collision_slots,10041.440000,1.090965,10043.000000,0.302400,50
40,LAPCT,idle_slots,0.000000,0.000000,0.000000,0.000000,50
40,LAPCT,total_energy_uj,7709810.382087,476.323830,7710648.107081,132.030230,50
40,LAPCT,total_listening_energy_uj,7706159.233047,475.389358,7706995.729306,131.771207,50
40,LAPCT,total_transmission_energy_uj,3651.149040,2.144101,3653.848275,0.594315,50
40,LAPCT,total_bits,4420361.940000,4038.285580,4425194.850000,1119.355654,50
40,LAPCT,avg_tag_bits,345.971656,0.396117,346.432575,0.109798,50
40,LAPCT,avg_reader_bits,96.064538,0.013852,96.086910,0.003840,50
40,LAPCT,avg_total_bits,442.036194,0.403829,442.519485,0.111936,50
40,LAPCT,avg_query_efficiency,0.995873,0.000108,0.995917,0.000030,50
40,LAPCT,peak_stack_depth,17.800000,0.638877,19.000000,0.177088,50
40,LAPCT,avg_tag_responses,11.616116,0.013036,11.633630,0.003613,50
40,NLHQT(n=1),total_protocol_time_ms,17208.886750,63.585785,17290.706500,17.625080,50
40,NLHQT(n=1),throughput_tags_per_sec,581.102887,2.146692,584.603598,0.595033,50
40,NLHQT(n=1),system_efficiency,0.257246,0.001146,0.259135,0.000318,50
40,NLHQT(n=1),collision_slots,28874.000000,173.131541,29095.900000,47.989615,50
40,NLHQT(n=1),idle_slots,0.000000,0.000000,0.000000,0.000000,50
40,NLHQT(n=1),total_energy_uj,8613285.224142,34328.291179,8654570.464719,9515.316852,50
40,NLHQT(n=1),total_listening_energy_uj,8611024.464612,34321.880271,8652301.661594,9513.539839,50
40,NLHQT(n=1),total_transmission_energy_uj,2260.759530,7.259803,2270.235875,2.012315,50
40,NLHQT(n=1),total_bits,1847548.620000,3771.645296,1852519.000000,1045.446738,50
40,NLHQT(n=1),avg_tag_bits,95.622514,0.020279,95.657860,0.005621,50
40,NLHQT(n=1),avg_reader_bits,89.132348,0.358284,89.599085,0.099311,50
40,NLHQT(n=1),avg_total_bits,184.754862,0.377165,185.251900,0.104545,50
40,NLHQT(n=1),avg_query_efficiency,0.346345,0.002076,0.349774,0.000576,50
40,NLHQT(n=1),peak_stack_depth,14.940000,0.585888,16.000000,0.162400,50
40,NLHQT(n=1),avg_tag_responses,16.622514,0.020279,16.657860,0.005621,50
40,NLHQT(n=2),total_protocol_time_ms,12418.153200,33.899526,12470.647750,9.396469,50
40,NLHQT(n=2),throughput_tags_per_sec,805.278597,2.197021,808.593579,0.608983,50
40,NLHQT(n=2),system_efficiency,0.354201,0.000938,0.355723,0.000260,50
40,NLHQT(n=2),collision_slots,18232.740000,74.855728,18336.500000,20.748949,50
40,NLHQT(n=2),idle_slots,0.000000,0.000000,0.000000,0.000000,50
40,NLHQT(n=2),total_energy_uj,6214728.273375,18029.666333,6236509.442212,4997.568536,50
40,NLHQT(n=2),total_listening_energy_uj,6212929.585295,18026.216563,6234704.167163,4996.612309,50
40,NLHQT(n=2),total_transmission_energy_uj,1798.688080,4.051418,1804.961000,1.122996,50
40,NLHQT(n=2),total_bits,1627787.000000,2173.111575,1631169.400000,602.355797,50
40,NLHQT(n=2),avg_tag_bits,97.125728,0.020876,97.163860,0.005787,50
40,NLHQT(n=2),avg_reader_bits,65.652972,0.197689,65.958420,0.054797,50
40,NLHQT(n=2),avg_total_bits,162.778700,0.217311,163.116940,0.060236,50
40,NLHQT(n=2),avg_query_efficiency,0.548473,0.002249,0.552126,0.000623,50
40,NLHQT(n=2),peak_stack_depth,21.120000,0.718275,22.000000,0.199096,50
40,NLHQT(n=2),avg_tag_responses,9.562864,0.010438,9.581930,0.002893,50
40,SD-CGQT,total_protocol_time_ms,3030.755075,46.140352,3101.665937,12.789453,50
40,SD-CGQT,throughput_tags_per_sec,3300.254767,50.075172,3376.929350,13.880130,50
40,SD-CGQT,system_efficiency,0.412338,0.001966,0.415085,0.000545,50
40,SD-CGQT,collision_slots,2728.980000,38.132149,2789.400000,10.569693,50
40,SD-CGQT,idle_slots,0.000000,0.000000,0.000000,0.000000,50
40,SD-CGQT,total_energy_uj,1347354.634960,26710.472807,1391368.183544,7403.765329,50
40,SD-CGQT,total_listening_energy_uj,1346534.032010,26704.594263,1390543.157369,7402.135879,50
40,SD-CGQT,total_transmission_energy_uj,820.602950,7.443954,832.130825,2.063359,50
40,SD-CGQT,total_bits,1167510.520000,7968.373381,1178828.500000,2208.720414,50
40,SD-CGQT,avg_tag_bits,100.961206,0.588583,101.808725,0.163147,50
40,SD-CGQT,avg_reader_bits,15.789846,0.244266,16.153475,0.067707,50
40,SD-CGQT,avg_total_bits,116.751052,0.796837,117.882850,0.220872,50
40,SD-CGQT,avg_query_efficiency,3.665072,0.051087,3.744485,0.014161,50
40,SD-CGQT,avg_tag_responses,10.878078,0.079665,11.025530,0.022082,50
40,SGCT,total_protocol_time_ms,7748.219500,36.439597,7807.554437,10.100541,50
40,SGCT,throughput_tags_per_sec,1290.647030,6.062399,1300.619367,1.680411,50
40,SGCT,system_efficiency,0.840569,0.002829,0.845184,0.000784,50
40,SGCT,collision_slots,1896.840000,40.076641,1962.850000,11.108678,50
40,SGCT,idle_slots,0.000000,0.000000,0.000000,0.000000,50
40,SGCT,total_energy_uj,3899376.997945,21751.156006,3935663.766187,6029.112845,50
40,SGCT,total_listening_energy_uj,3898332.338355,21747.087731,3934609.668988,6027.985177,50
40,SGCT,total_transmission_energy_uj,1044.659590,4.947103,1052.686600,1.371267,50
40,SGCT,total_bits,1094420.360000,2975.884062,1099276.550000,824.872978,50
40,SGCT,avg_tag_bits,76.278742,0.068234,76.392630,0.018913,50
40,SGCT,avg_reader_bits,33.163294,0.230703,33.536555,0.063948,50
40,SGCT,avg_total_bits,109.442036,0.297588,109.927655,0.082487,50
40,SGCT,avg_query_efficiency,5.274222,0.110942,5.459351,0.030752,50
40,SGCT,peak_stack_depth,258.420000,1.386377,261.000000,0.384284,50
40,SGCT,progressive_probe_count,950.320000,20.083946,984.200000,5.566986,50
40,SGCT,signature_grouping_trigger_count,947.360000,19.986485,979.200000,5.539971,50
40,SGCT,local_short_id_trigger_count,257.000000,0.000000,257.000000,0.000000,50
40,SGCT,signature_groups_pruned,65891.560000,299.831324,66369.450000,83.109003,50
40,SGCT,sparse_signature_groups,10946.200000,19.956074,10977.750000,5.531542,50
40,SGCT,signature_marker_bits,21417.100000,42.191135,21485.750000,11.694786,50
40,SGCT,signature_marker_tag_bits,21417.100000,42.191135,21485.750000,11.694786,50
40,SGCT,signature_non_idle_marker_count,10946.200000,19.956074,10977.750000,5.531542,50
40,SGCT,signature_collision_groups,946.520000,20.023700,978.650000,5.550287,50
40,SGCT,signature_singleton_groups,9999.680000,0.740656,10000.000000,0.205299,50
40,SGCT,low_d_fallback_count,0.160000,0.370328,1.000000,0.102650,50
40,SGCT,suffix_signature_trigger_count,0.000000,0.000000,0.000000,0.000000,50
40,SGCT,hash_short_id_round_count,0.000000,0.000000,0.000000,0.000000,50
40,SGCT,hash_short_id_split_count,0.000000,0.000000,0.000000,0.000000,50
40,SGCT,hash_short_id_collision_groups,0.000000,0.000000,0.000000,0.000000,50
40,SGCT,hash_short_id_singleton_groups,0.000000,0.000000,0.000000,0.000000,50
40,SGCT,small_cluster_guard_count,0.000000,0.000000,0.000000,0.000000,50
40,SGCT,max_signature_d,8.000000,0.000000,8.000000,0.000000,50
40,SGCT,epc_verification_count,10000.000000,0.000000,10000.000000,0.000000,50
40,SGCT,verify_fail_count,0.000000,0.000000,0.000000,0.000000,50
40,SGCT,avg_tag_responses,4.284044,0.008453,4.298060,0.002343,50
40,SUBF-CGDFSA,total_protocol_time_ms,6106.839750,46.906227,6172.545125,13.001743,50
40,SUBF-CGDFSA,throughput_tags_per_sec,1637.603037,12.603258,1661.612679,3.493445,50
40,SUBF-CGDFSA,system_efficiency,0.000000,0.000000,0.000000,0.000000,50
40,SUBF-CGDFSA,collision_slots,0.000000,0.000000,0.000000,0.000000,50
40,SUBF-CGDFSA,idle_slots,0.000000,0.000000,0.000000,0.000000,50
40,SUBF-CGDFSA,total_energy_uj,3057723.530995,26481.086646,3093742.926063,7340.182729,50
40,SUBF-CGDFSA,total_listening_energy_uj,3057238.801315,26476.091525,3093254.866863,7338.798152,50
40,SUBF-CGDFSA,total_transmission_energy_uj,484.729680,6.954183,495.737800,1.927601,50
40,SUBF-CGDFSA,total_bits,957624.240000,13560.743461,978790.400000,3758.846314,50
40,SUBF-CGDFSA,avg_tag_bits,95.367920,1.345251,97.456200,0.372885,50
40,SUBF-CGDFSA,avg_reader_bits,0.394504,0.025457,0.429000,0.007056,50
40,SUBF-CGDFSA,avg_total_bits,95.762424,1.356074,97.879040,0.375885,50
40,SUBF-CGDFSA,avg_query_efficiency,10000.000000,0.000000,10000.000000,0.000000,50
60,DQTA(k_max=3),total_protocol_time_ms,12041.141750,42.332917,12109.392125,11.734086,50
60,DQTA(k_max=3),throughput_tags_per_sec,830.496078,2.916596,834.905956,0.808439,50
60,DQTA(k_max=3),system_efficiency,0.330870,0.001506,0.333256,0.000417,50
60,DQTA(k_max=3),collision_slots,9283.200000,48.592012,9366.000000,13.469019,50
60,DQTA(k_max=3),idle_slots,10940.800000,123.511381,11125.550000,34.235608,50
60,DQTA(k_max=3),total_energy_uj,6031330.888785,26166.346709,6068209.582713,7252.941269,50
60,DQTA(k_max=3),total_listening_energy_uj,6027962.365385,26161.628513,6064832.985763,7251.633452,50
60,DQTA(k_max=3),total_transmission_energy_uj,3368.523400,5.765721,3377.911275,1.598176,50
60,DQTA(k_max=3),total_bits,5723990.660000,6240.367763,5733613.600000,1729.741694,50
60,DQTA(k_max=3),avg_tag_bits,538.630528,0.469130,539.335120,0.130036,50
60,DQTA(k_max=3),avg_reader_bits,33.768538,0.189803,34.091250,0.052611,50
60,DQTA(k_max=3),avg_total_bits,572.399066,0.624037,573.361360,0.172974,50
60,DQTA(k_max=3),avg_query_efficiency,1.077244,0.005628,1.086284,0.001560,50
60,DQTA(k_max=3),peak_stack_depth,27.520000,0.706818,29.000000,0.195920,50
60,DQTA(k_max=3),avg_tag_responses,5.165546,0.005308,5.173565,0.001471,50
60,DRCT,total_protocol_time_ms,12879.706300,63.601726,12981.610250,17.629499,50
60,DRCT,throughput_tags_per_sec,776.433762,3.831584,782.019653,1.062061,50
60,DRCT,system_efficiency,0.346543,0.002080,0.349484,0.000577,50
60,DRCT,collision_slots,14427.740000,86.661624,14567.950000,24.021377,50
60,DRCT,idle_slots,4429.740000,86.661624,4569.950000,24.021377,50
60,DRCT,total_energy_uj,6453593.135542,36770.315197,6512916.060225,10192.211375,50
60,DRCT,energy_per_tag_uj,645.359314,3.677032,651.291606,1.019221,50
60,DRCT,total_reader_tx_energy_uj,1163.483760,7.469517,1175.443300,2.070445,50
60,DRCT,total_tag_tx_energy_uj,540.366330,1.252597,542.282575,0.347202,50
60,DRCT,total_listening_energy_uj,6451889.285452,36763.120161,6511199.018175,10190.217013,50
60,DRCT,total_transmission_energy_uj,1703.850090,8.326764,1717.045475,2.308061,50
60,DRCT,total_bits,1662474.540000,5674.216606,1672828.850000,1572.812600,50
60,DRCT,avg_tag_bits,108.073266,0.250519,108.456515,0.069440,50
60,DRCT,avg_reader_bits,58.174188,0.373476,58.772165,0.103522,50
60,DRCT,avg_total_bits,166.247454,0.567422,167.282885,0.157281,50
60,DRCT,avg_query_efficiency,0.693134,0.004160,0.699018,0.001153,50
60,DRCT,peak_stack_depth,12.980000,0.473373,13.550000,0.131212,50
60,DRCT,avg_tag_responses,14.619838,0.019148,14.647905,0.005308,50
60,EAQ_CBB,total_protocol_time_ms,16934.908675,40.771463,16993.207375,11.301273,50
60,EAQ_CBB,throughput_tags_per_sec,590.499599,1.421104,592.796801,0.393910,50
60,EAQ_CBB,system_efficiency,0.546267,0.001711,0.549001,0.000474,50
60,EAQ_CBB,collision_slots,8306.240000,57.374730,8388.400000,15.903464,50
60,EAQ_CBB,idle_slots,0.000000,0.000000,0.000000,0.000000,50
60,EAQ_CBB,total_energy_uj,8467587.977597,23957.014112,8509813.661644,6640.545517,50
60,EAQ_CBB,total_listening_energy_uj,8464931.311937,23951.969473,8507150.281819,6639.147215,50
60,EAQ_CBB,total_transmission_energy_uj,2656.665660,5.949453,2664.957800,1.649104,50
60,EAQ_CBB,total_bits,2007124.800000,5861.674623,2015788.000000,1624.773311,50
60,EAQ_CBB,avg_tag_bits,90.505596,0.392478,91.078795,0.108789,50
60,EAQ_CBB,avg_reader_bits,110.206884,0.204855,110.507870,0.056783,50
60,EAQ_CBB,avg_total_bits,200.712480,0.586167,201.578800,0.162477,50
60,EAQ_CBB,avg_query_efficiency,1.203970,0.008309,1.217300,0.002303,50
60,EAQ_CBB,peak_stack_depth,2457.800000,6.715805,2470.000000,1.861526,50
60,EAQ_CBB,avg_tag_responses,3.788200,0.013389,3.808710,0.003711,50
60,EMDT,total_protocol_time_ms,10306.323100,65.856306,10407.822125,18.254437,50
60,EMDT,throughput_tags_per_sec,970.316979,6.202666,979.182190,1.719291,50
60,EMDT,system_efficiency,0.503142,0.005534,0.512669,0.001534,50
60,EMDT,collision_slots,5928.480000,97.618424,6078.100000,27.058447,50
60,EMDT,idle_slots,3949.000000,142.595045,4138.250000,39.525330,50
60,EMDT,total_energy_uj,5152333.414395,38458.569322,5203873.435700,10660.171544,50
60,EMDT,total_listening_energy_uj,5151286.561835,38457.633393,5202823.171100,10659.912117,50
60,EMDT,total_transmission_energy_uj,1046.852560,7.037309,1057.179600,1.950643,50
60,EMDT,total_bits,1361531.480000,6074.775680,1371446.400000,1683.841910,50
60,EMDT,avg_tag_bits,111.747360,0.367221,112.379680,0.101788,50
60,EMDT,avg_reader_bits,24.405788,0.275286,24.799280,0.076305,50
60,EMDT,avg_total_bits,136.153148,0.607478,137.144640,0.168384,50
60,EMDT,avg_query_efficiency,1.687221,0.027739,1.725612,0.007689,50
60,EMDT,peak_stack_depth,46.280000,1.262327,48.550000,0.349899,50
60,EMDT,avg_tag_responses,5.311132,0.019608,5.339750,0.005435,50
60,FHS_RAC,total_protocol_time_ms,13389.537050,25.936557,13426.065188,7.189247,50
60,FHS_RAC,throughput_tags_per_sec,746.854561,1.448161,749.416736,0.401410,50
60,FHS_RAC,system_efficiency,0.556177,0.001483,0.558706,0.000411,50
60,FHS_RAC,collision_slots,6352.940000,23.511534,6398.950000,6.517065,50
60,FHS_RAC,idle_slots,1627.060000,41.929684,1689.950000,11.622315,50
60,FHS_RAC,total_energy_uj,6697679.312915,15642.566037,6720810.249244,4335.898092,50
60,FHS_RAC,total_listening_energy_uj,6696081.913295,15639.440012,6719206.999769,4335.031602,50
60,FHS_RAC,total_transmission_energy_uj,1597.399620,3.675403,1602.578875,1.018770,50
60,FHS_RAC,total_bits,1267895.160000,1779.875992,1270389.650000,493.356454,50
60,FHS_RAC,avg_tag_bits,62.559380,0.012235,62.582165,0.003391,50
60,FHS_RAC,avg_reader_bits,64.230136,0.185758,64.492270,0.051490,50
60,FHS_RAC,avg_total_bits,126.789516,0.177988,127.038965,0.049336,50
60,FHS_RAC,avg_query_efficiency,1.574095,0.005818,1.581516,0.001613,50
60,FHS_RAC,peak_stack_depth,22.300000,1.111168,24.000000,0.308000,50
60,FHS_RAC,avg_tag_responses,8.370256,0.006365,8.381320,0.001764,50
60,HLCT-Base,total_protocol_time_ms,10975.753950,27.652668,11023.586438,7.664929,50
60,HLCT-Base,throughput_tags_per_sec,911.104807,2.294754,914.694740,0.636073,50
60,HLCT-Base,system_efficiency,0.325912,0.002306,0.329570,0.000639,50
60,HLCT-Base,collision_slots,3989.060000,24.569277,4032.650000,6.810256,50
60,HLCT-Base,idle_slots,16695.540000,209.891246,17105.800000,58.178885,50
60,HLCT-Base,total_energy_uj,5572610.447575,15732.319008,5598225.953500,4360.776346,50
60,HLCT-Base,total_listening_energy_uj,5571301.766935,15729.948521,5596915.450100,4360.119281,50
60,HLCT-Base,total_transmission_energy_uj,1308.680640,3.089434,1313.462475,0.856348,50
60,HLCT-Base,total_bits,1468795.740000,2351.467434,1471928.200000,651.793519,50
60,HLCT-Base,avg_tag_bits,108.594056,0.121759,108.779745,0.033750,50
60,HLCT-Base,avg_reader_bits,38.285518,0.130730,38.506380,0.036236,50
60,HLCT-Base,avg_total_bits,146.879574,0.235147,147.192820,0.065179,50
60,HLCT-Base,avg_query_efficiency,2.506950,0.015470,2.530781,0.004288,50
60,HLCT-Base,peak_stack_depth,1814.340000,12.995462,1833.700000,3.602158,50
60,HLCT-Base,ovg_trigger_count,50.140000,8.007675,61.550000,2.219614,50
60,HLCT-Base,fallback_invocation_count,1.380000,0.567486,2.000000,0.157299,50
60,HLCT-Base,fallback_invocation_ratio,0.000351,0.000144,0.000514,0.000040,50
60,HLCT-Base,prefix_stagnation_trigger_count,12.420000,4.175194,19.550000,1.157305,50
60,HLCT-Base,prefix_stag_score_trigger_count,12.860000,4.165015,20.000000,1.154483,50
60,HLCT-Base,repeated_pattern_trigger_count,0.020000,0.141421,0.000000,0.039200,50
60,HLCT-Base,ovg_success_count,0.180000,0.437526,1.000000,0.121276,50
60,HLCT-Base,post_ovg_singleton_count,0.180000,0.437526,1.000000,0.121276,50
60,HLCT-Base,ovg_fallback_avoid_count,0.000000,0.000000,0.000000,0.000000,50
60,HLCT-Base,ovg_rehash_count,12.400000,4.050699,19.550000,1.122797,50
60,HLCT-Base,ovg_width_up_count,0.000000,0.000000,0.000000,0.000000,50
60,HLCT-Base,ovg_width_down_count,12.580000,4.061215,19.550000,1.125711,50
60,HLCT-Base,ovg_no_singleton_count,12.400000,4.050699,19.550000,1.122797,50
60,HLCT-Base,inspect_collision_count,58.640000,7.289243,72.550000,2.020475,50
60,HLCT-Base,fcw_cache_created_count,3872.700000,22.602375,3907.650000,6.265059,50
60,HLCT-Base,fcw_cache_hit_count,3867.700000,22.709568,3902.650000,6.294771,50
60,HLCT-Base,fcw_cache_hit_ratio,0.998709,0.000557,0.999485,0.000154,50
60,HLCT-Base,fcw_fast_path_count,0.000000,0.000000,0.000000,0.000000,50
60,HLCT-Base,fcw_width_up_count,0.000000,0.000000,0.000000,0.000000,50
60,HLCT-Base,fcw_width_down_count,0.000000,0.000000,0.000000,0.000000,50
60,HLCT-Base,adaptive_cbit_r4_count,824.920000,17.449449,851.850000,4.836740,50
60,HLCT-Base,multibit_fallback_count,1.360000,0.562792,2.000000,0.155998,50
60,HLCT-Base,epc_verification_count,10057.720000,7.367995,10071.550000,2.042304,50
60,HLCT-Base,verify_fail_count,57.720000,7.367995,71.550000,2.042304,50
60,HLCT-Base,avg_tag_responses,6.430160,0.006370,6.439920,0.001766,50
60,HT_EEAC,total_protocol_time_ms,77468.832600,1595.922145,80301.093375,442.367049,50
60,HT_EEAC,throughput_tags_per_sec,129.137893,2.661881,133.292995,0.737836,50
60,HT_EEAC,system_efficiency,0.061494,0.001319,0.063546,0.000366,50
60,HT_EEAC,collision_slots,146755.280000,3493.749936,152957.100000,968.418074,50
60,HT_EEAC,idle_slots,5935.680000,146.097178,6176.100000,40.496072,50
60,HT_EEAC,total_energy_uj,45826983.152011,1086043.469615,47743197.440021,301035.891195,50
60,HT_EEAC,total_listening_energy_uj,45818270.707531,1085865.204501,47734160.689421,300986.478626,50
60,HT_EEAC,total_transmission_energy_uj,8712.444480,181.367749,9033.996200,50.272575,50
60,HT_EEAC,total_bits,6687285.600000,132590.935647,6922925.500000,36752.332290,50
60,HT_EEAC,avg_tag_bits,310.808448,5.590000,320.731360,1.549469,50
60,HT_EEAC,avg_reader_bits,357.920112,7.671921,371.502230,2.126548,50
60,HT_EEAC,avg_total_bits,668.728560,13.259094,692.292550,3.675233,50
60,HT_EEAC,avg_query_efficiency,0.068179,0.001625,0.070748,0.000450,50
60,HT_EEAC,avg_tag_responses,255.344008,11.682840,275.731750,3.238318,50
60,ICT,total_protocol_time_ms,16296.388000,1.468888,16298.363125,0.407155,50
60,ICT,throughput_tags_per_sec,613.632915,0.055310,613.726280,0.015331,50
60,ICT,system_efficiency,0.500025,0.000000,0.500025,0.000000,50
60,ICT,collision_slots,9999.000000,0.000000,9999.000000,0.000000,50
60,ICT,idle_slots,0.000000,0.000000,0.000000,0.000000,50
60,ICT,total_energy_uj,8158191.340482,1152.312698,8159988.717350,319.404784,50
60,ICT,total_listening_energy_uj,8152904.878082,1151.621443,8154702.441125,319.213178,50
60,ICT,total_transmission_energy_uj,5286.462400,1.496804,5288.735825,0.414893,50
60,ICT,total_bits,8462372.960000,2606.371549,8466759.150000,722.449335,50
60,ICT,avg_tag_bits,775.885568,0.250824,776.306425,0.069525,50
60,ICT,avg_reader_bits,70.351728,0.023502,70.383330,0.006514,50
60,ICT,avg_total_bits,846.237296,0.260637,846.675915,0.072245,50
60,ICT,avg_query_efficiency,1.000100,0.000000,1.000100,0.000000,50
60,ICT,peak_stack_depth,14.940000,0.682433,16.000000,0.189161,50
60,ICT,avg_tag_responses,14.619972,0.005641,14.629455,0.001564,50
60,LAPCT,total_protocol_time_ms,19155.808800,0.734733,19156.866562,0.203658,50
60,LAPCT,throughput_tags_per_sec,522.034863,0.020023,522.066932,0.005550,50
60,LAPCT,system_efficiency,0.498965,0.000026,0.498977,0.000007,50
60,LAPCT,collision_slots,10041.480000,1.034901,10043.000000,0.286860,50
60,LAPCT,idle_slots,0.000000,0.000000,0.000000,0.000000,50
60,LAPCT,total_energy_uj,9588666.443552,536.960042,9589627.338919,148.837730,50
60,LAPCT,total_listening_energy_uj,9583553.901313,535.889642,9584514.098894,148.541030,50
60,LAPCT,total_transmission_energy_uj,5112.542240,2.920908,5116.109925,0.809634,50
60,LAPCT,total_bits,6743210.320000,5717.109293,6750084.500000,1584.701846,50
60,LAPCT,avg_tag_bits,558.258560,0.567986,558.935870,0.157438,50
60,LAPCT,avg_reader_bits,116.062472,0.011831,116.079665,0.003279,50
60,LAPCT,avg_total_bits,674.321032,0.571711,675.008450,0.158470,50
60,LAPCT,avg_query_efficiency,0.995869,0.000103,0.995917,0.000028,50
60,LAPCT,peak_stack_depth,17.860000,0.639196,19.000000,0.177176,50
60,LAPCT,avg_tag_responses,11.615312,0.010988,11.629455,0.003046,50
60,NLHQT(n=1),total_protocol_time_ms,20257.200175,74.395082,20377.619937,20.621265,50
60,NLHQT(n=1),throughput_tags_per_sec,493.658157,1.812102,496.264237,0.502289,50
60,NLHQT(n=1),system_efficiency,0.257342,0.001147,0.258963,0.000318,50
60,NLHQT(n=1),collision_slots,28859.480000,173.323249,29139.900000,48.042753,50
60,NLHQT(n=1),idle_slots,0.000000,0.000000,0.000000,0.000000,50
60,NLHQT(n=1),total_energy_uj,10134741.543702,43453.707169,10202873.171612,12044.753115,50
60,NLHQT(n=1),total_listening_energy_uj,10132281.420433,43447.528881,10200400.735613,12043.040581,50
60,NLHQT(n=1),total_transmission_energy_uj,2460.123270,7.231466,2471.903200,2.004460,50
60,NLHQT(n=1),total_bits,2247210.420000,3750.114606,2253363.200000,1039.478735,50
60,NLHQT(n=1),avg_tag_bits,135.619838,0.019148,135.647905,0.005308,50
60,NLHQT(n=1),avg_reader_bits,89.101204,0.357110,89.681440,0.098986,50
60,NLHQT(n=1),avg_total_bits,224.721042,0.375011,225.336320,0.103948,50
60,NLHQT(n=1),avg_query_efficiency,0.346519,0.002080,0.349460,0.000576,50
60,NLHQT(n=1),peak_stack_depth,14.940000,0.682433,16.000000,0.189161,50
60,NLHQT(n=1),avg_tag_responses,16.619838,0.019148,16.647905,0.005308,50
60,NLHQT(n=2),total_protocol_time_ms,14568.757500,44.742276,14631.643750,12.401926,50
60,NLHQT(n=2),throughput_tags_per_sec,686.406671,2.105749,689.360082,0.583684,50
60,NLHQT(n=2),system_efficiency,0.354299,0.001098,0.355869,0.000304,50
60,NLHQT(n=2),collision_slots,18224.980000,87.535996,18378.300000,24.263740,50
60,NLHQT(n=2),idle_slots,0.000000,0.000000,0.000000,0.000000,50
60,NLHQT(n=2),total_energy_uj,7287955.920095,23799.470765,7322175.226125,6596.876729,50
60,NLHQT(n=2),total_listening_energy_uj,7285957.597395,23795.555872,7320170.479825,6595.791576,50
60,NLHQT(n=2),total_transmission_energy_uj,1998.322700,4.514363,2004.746300,1.251317,50
60,NLHQT(n=2),total_bits,2027583.040000,2406.062012,2030983.600000,666.926364,50
60,NLHQT(n=2),avg_tag_bits,137.122892,0.021109,137.151390,0.005851,50
60,NLHQT(n=2),avg_reader_bits,65.635412,0.220785,65.950500,0.061198,50
60,NLHQT(n=2),avg_total_bits,202.758304,0.240606,203.098360,0.066693,50
60,NLHQT(n=2),avg_query_efficiency,0.548710,0.002631,0.552479,0.000729,50
60,NLHQT(n=2),peak_stack_depth,21.080000,0.778276,22.000000,0.215727,50
60,NLHQT(n=2),avg_tag_responses,9.561446,0.010555,9.575695,0.002926,50
60,SD-CGQT,total_protocol_time_ms,3427.753150,58.121071,3516.869312,16.110339,50
60,SD-CGQT,throughput_tags_per_sec,2918.186206,49.556240,2998.126376,13.736289,50
60,SD-CGQT,system_efficiency,0.412109,0.002090,0.415457,0.000579,50
60,SD-CGQT,collision_slots,2734.960000,36.714541,2796.400000,10.176752,50
60,SD-CGQT,idle_slots,0.000000,0.000000,0.000000,0.000000,50
60,SD-CGQT,total_energy_uj,1519583.481440,29641.749655,1562947.886850,8216.273817,50
60,SD-CGQT,total_listening_energy_uj,1518590.539380,29634.275870,1561939.015900,8214.202190,50
60,SD-CGQT,total_transmission_energy_uj,992.942060,8.844967,1007.793300,2.451700,50
60,SD-CGQT,total_bits,1511356.780000,10240.811191,1529636.100000,2838.608039,50
60,SD-CGQT,avg_tag_bits,135.318100,0.791628,136.777860,0.219428,50
60,SD-CGQT,avg_reader_bits,15.817578,0.260511,16.207195,0.072210,50
60,SD-CGQT,avg_total_bits,151.135678,1.024081,152.963610,0.283861,50
60,SD-CGQT,avg_query_efficiency,3.657007,0.049107,3.743669,0.013612,50
60,SD-CGQT,avg_tag_responses,10.879856,0.078216,11.025615,0.021680,50
60,SGCT,total_protocol_time_ms,8999.174650,44.589627,9070.747250,12.359614,50
60,SGCT,throughput_tags_per_sec,1111.239729,5.501409,1119.196299,1.524913,50
60,SGCT,system_efficiency,0.840528,0.003455,0.845491,0.000958,50
60,SGCT,collision_slots,1897.480000,48.944467,1975.850000,13.566714,50
60,SGCT,idle_slots,0.000000,0.000000,0.000000,0.000000,50
60,SGCT,total_energy_uj,4526236.705320,27287.351322,4575436.869256,7563.667895,50
60,SGCT,total_listening_energy_uj,4525091.925590,27282.048058,4574283.214881,7562.197905,50
60,SGCT,total_transmission_energy_uj,1144.779730,6.007001,1154.481950,1.665056,50
60,SGCT,total_bits,1294526.840000,3587.085807,1300296.550000,994.289458,50
60,SGCT,avg_tag_bits,96.284930,0.078701,96.417835,0.021815,50
60,SGCT,avg_reader_bits,33.167754,0.280959,33.622245,0.077878,50
60,SGCT,avg_total_bits,129.452684,0.358709,130.029655,0.099429,50
60,SGCT,avg_query_efficiency,5.273574,0.135578,5.472106,0.037580,50
60,SGCT,peak_stack_depth,258.220000,1.374550,260.550000,0.381006,50
60,SGCT,progressive_probe_count,950.440000,24.539148,989.650000,6.801905,50
60,SGCT,signature_grouping_trigger_count,948.040000,24.429791,987.200000,6.771593,50
60,SGCT,local_short_id_trigger_count,257.000000,0.000000,257.000000,0.000000,50
60,SGCT,signature_groups_pruned,65901.600000,366.446867,66489.000000,101.573889,50
60,SGCT,sparse_signature_groups,10947.040000,24.429791,10986.200000,6.771593,50
60,SGCT,signature_marker_bits,21418.100000,48.613112,21498.200000,13.474867,50
60,SGCT,signature_marker_tag_bits,21418.100000,48.613112,21498.200000,13.474867,50
60,SGCT,signature_non_idle_marker_count,10947.040000,24.429791,10986.200000,6.771593,50
60,SGCT,signature_collision_groups,947.040000,24.429791,986.200000,6.771593,50
60,SGCT,signature_singleton_groups,10000.000000,0.000000,10000.000000,0.000000,50
60,SGCT,low_d_fallback_count,0.000000,0.000000,0.000000,0.000000,50
60,SGCT,suffix_signature_trigger_count,0.000000,0.000000,0.000000,0.000000,50
60,SGCT,hash_short_id_round_count,0.000000,0.000000,0.000000,0.000000,50
60,SGCT,hash_short_id_split_count,0.000000,0.000000,0.000000,0.000000,50
60,SGCT,hash_short_id_collision_groups,0.000000,0.000000,0.000000,0.000000,50
60,SGCT,hash_short_id_singleton_groups,0.000000,0.000000,0.000000,0.000000,50
60,SGCT,small_cluster_guard_count,0.000000,0.000000,0.000000,0.000000,50
60,SGCT,max_signature_d,8.000000,0.000000,8.000000,0.000000,50
60,SGCT,epc_verification_count,10000.000000,0.000000,10000.000000,0.000000,50
60,SGCT,verify_fail_count,0.000000,0.000000,0.000000,0.000000,50
60,SGCT,avg_tag_responses,4.284100,0.009739,4.300130,0.002699,50
60,SUBF-CGDFSA,total_protocol_time_ms,8120.920550,63.650105,8221.203375,17.642909,50
60,SUBF-CGDFSA,throughput_tags_per_sec,1231.461520,9.638080,1247.026659,2.671539,50
60,SUBF-CGDFSA,system_efficiency,0.000000,0.000000,0.000000,0.000000,50
60,SUBF-CGDFSA,collision_slots,0.000000,0.000000,0.000000,0.000000,50
60,SUBF-CGDFSA,idle_slots,0.000000,0.000000,0.000000,0.000000,50
60,SUBF-CGDFSA,total_energy_uj,4068704.428535,33425.634470,4127666.040700,9265.113177,50
60,SUBF-CGDFSA,total_listening_energy_uj,4067976.563975,33416.749200,4126923.435800,9262.650306,50
60,SUBF-CGDFSA,total_transmission_energy_uj,727.864560,11.055970,746.224500,3.064559,50
60,SUBF-CGDFSA,total_bits,1443615.480000,21884.686115,1479579.000000,6066.125503,50
60,SUBF-CGDFSA,avg_tag_bits,143.957760,2.181379,147.528900,0.604647,50
60,SUBF-CGDFSA,avg_reader_bits,0.403788,0.024215,0.443410,0.006712,50
60,SUBF-CGDFSA,avg_total_bits,144.361548,2.188469,147.957900,0.606613,50
60,SUBF-CGDFSA,avg_query_efficiency,10000.000000,0.000000,10000.000000,0.000000,50
80,DQTA(k_max=3),total_protocol_time_ms,14448.406250,57.788082,14538.400375,16.018039,50
80,DQTA(k_max=3),throughput_tags_per_sec,692.128714,2.769521,696.159847,0.767672,50
80,DQTA(k_max=3),system_efficiency,0.330909,0.001790,0.333750,0.000496,50
80,DQTA(k_max=3),collision_slots,9279.800000,56.464545,9371.200000,15.651174,50
80,DQTA(k_max=3),idle_slots,10940.840000,134.056242,11156.950000,37.158494,50
80,DQTA(k_max=3),total_energy_uj,7238443.222012,33102.160752,7289180.434869,9175.450837,50
80,DQTA(k_max=3),total_listening_energy_uj,7234042.534893,33094.610026,7284763.582969,9173.357883,50
80,DQTA(k_max=3),total_transmission_energy_uj,4400.687120,8.711108,4414.213500,2.414596,50
80,DQTA(k_max=3),total_bits,7788628.120000,11058.291326,7806691.650000,3065.201972,50
80,DQTA(k_max=3),avg_tag_bits,745.104608,0.899256,746.611320,0.249261,50
80,DQTA(k_max=3),avg_reader_bits,33.758204,0.217924,34.082000,0.060405,50
80,DQTA(k_max=3),avg_total_bits,778.862812,1.105829,780.669165,0.306520,50
80,DQTA(k_max=3),avg_query_efficiency,1.077649,0.006563,1.088223,0.001819,50
80,DQTA(k_max=3),peak_stack_depth,27.200000,0.755929,28.000000,0.209533,50
80,DQTA(k_max=3),avg_tag_responses,5.164452,0.006961,5.176165,0.001929,50
80,DRCT,total_protocol_time_ms,14195.303950,66.876859,14308.691500,18.537320,50
80,DRCT,throughput_tags_per_sec,704.473582,3.305263,708.482688,0.916172,50
80,DRCT,system_efficiency,0.346309,0.002224,0.348988,0.000617,50
80,DRCT,collision_slots,14437.560000,93.236185,14592.950000,25.843752,50
80,DRCT,idle_slots,4439.560000,93.236185,4594.950000,25.843752,50
80,DRCT,total_energy_uj,7116814.940722,34729.362085,7167150.406144,9626.488035,50
80,DRCT,energy_per_tag_uj,711.681494,3.472936,716.715041,0.962649,50
80,DRCT,total_reader_tx_energy_uj,1164.305000,8.056719,1178.139000,2.233209,50
80,DRCT,total_tag_tx_energy_uj,649.943560,1.416354,652.020950,0.392593,50
80,DRCT,total_listening_energy_uj,7115000.692162,34721.938088,7165325.173394,9624.430208,50
80,DRCT,total_transmission_energy_uj,1814.248560,8.754217,1828.835350,2.426545,50
80,DRCT,total_bits,1882039.620000,5828.503788,1889570.350000,1615.578825,50
80,DRCT,avg_tag_bits,129.988712,0.283271,130.404190,0.078519,50
80,DRCT,avg_reader_bits,58.215250,0.402836,58.906950,0.111660,50
80,DRCT,avg_total_bits,188.203962,0.582850,188.957035,0.161558,50
80,DRCT,avg_query_efficiency,0.692666,0.004449,0.698024,0.001233,50
80,DRCT,peak_stack_depth,12.940000,0.469911,14.000000,0.130253,50
80,DRCT,avg_tag_responses,14.621006,0.022243,14.659395,0.006165,50
80,EAQ_CBB,total_protocol_time_ms,19959.862425,42.160330,20022.162750,11.686247,50
80,EAQ_CBB,throughput_tags_per_sec,501.007650,1.059115,502.817679,0.293572,50
80,EAQ_CBB,system_efficiency,0.546070,0.001611,0.548853,0.000447,50
80,EAQ_CBB,collision_slots,8312.840000,53.976699,8392.200000,14.961578,50
80,EAQ_CBB,idle_slots,0.000000,0.000000,0.000000,0.000000,50
80,EAQ_CBB,total_energy_uj,9983260.330670,24505.216890,10022270.470925,6792.499575,50
80,EAQ_CBB,total_listening_energy_uj,9980062.956690,24500.089708,10019065.458125,6791.078392,50
80,EAQ_CBB,total_transmission_energy_uj,3197.373980,6.166587,3205.545125,1.709291,50
80,EAQ_CBB,total_bits,2487743.680000,6548.924565,2496610.850000,1815.269276,50
80,EAQ_CBB,avg_tag_bits,118.540892,0.471028,119.156725,0.130562,50
80,EAQ_CBB,avg_reader_bits,130.233476,0.198145,130.523580,0.054923,50
80,EAQ_CBB,avg_total_bits,248.774368,0.654892,249.661085,0.181527,50
80,EAQ_CBB,avg_query_efficiency,1.203008,0.007832,1.216575,0.002171,50
80,EAQ_CBB,peak_stack_depth,2455.240000,6.867730,2465.000000,1.903638,50
80,EAQ_CBB,avg_tag_responses,3.791648,0.012407,3.809310,0.003439,50
80,EMDT,total_protocol_time_ms,12176.561300,83.683936,12290.233750,23.196004,50
80,EMDT,throughput_tags_per_sec,821.287994,5.653123,831.399062,1.566966,50
80,EMDT,system_efficiency,0.502853,0.005363,0.511326,0.001487,50
80,EMDT,collision_slots,5934.140000,98.058086,6058.600000,27.180315,50
80,EMDT,idle_slots,3954.620000,130.714034,4161.500000,36.232082,50
80,EMDT,total_energy_uj,6085405.367965,50138.350687,6147652.412538,13897.641765,50
80,EMDT,total_listening_energy_uj,6084257.688765,50138.755331,6146504.185138,13897.753927,50
80,EMDT,total_transmission_energy_uj,1147.679200,7.161462,1158.849600,1.985056,50
80,EMDT,total_bits,1562233.040000,6131.088784,1571715.500000,1699.451106,50
80,EMDT,avg_tag_bits,131.785792,0.366707,132.288560,0.101646,50
80,EMDT,avg_reader_bits,24.437512,0.281554,24.855820,0.078043,50
80,EMDT,avg_total_bits,156.223304,0.613109,157.171550,0.169945,50
80,EMDT,avg_query_efficiency,1.685617,0.027993,1.737729,0.007759,50
80,EMDT,peak_stack_depth,46.780000,1.313820,49.000000,0.364172,50
80,EMDT,avg_tag_responses,5.312648,0.020721,5.344390,0.005743,50
80,FHS_RAC,total_protocol_time_ms,14634.900150,27.294804,14676.667438,7.565734,50
80,FHS_RAC,throughput_tags_per_sec,683.300466,1.274489,685.384877,0.353270,50
80,FHS_RAC,system_efficiency,0.556448,0.001563,0.559106,0.000433,50
80,FHS_RAC,collision_slots,6341.720000,28.175862,6383.300000,7.809950,50
80,FHS_RAC,idle_slots,1629.560000,36.781850,1684.300000,10.195409,50
80,FHS_RAC,total_energy_uj,7321386.813560,16648.732217,7349436.344375,4614.793128,50
80,FHS_RAC,total_listening_energy_uj,7319690.028380,16645.417418,7347735.349050,4613.874312,50
80,FHS_RAC,total_transmission_energy_uj,1696.785180,3.839892,1702.532575,1.064364,50
80,FHS_RAC,total_bits,1467581.400000,1863.178719,1470434.450000,516.446792,50
80,FHS_RAC,avg_tag_bits,82.558508,0.013603,82.577790,0.003771,50
80,FHS_RAC,avg_reader_bits,64.199632,0.193969,64.487690,0.053766,50
80,FHS_RAC,avg_total_bits,146.758140,0.186318,147.043445,0.051645,50
80,FHS_RAC,avg_query_efficiency,1.576890,0.007009,1.587579,0.001943,50
80,FHS_RAC,peak_stack_depth,22.300000,0.994885,24.000000,0.275768,50
80,FHS_RAC,avg_tag_responses,8.367188,0.007347,8.378410,0.002036,50
80,HLCT-Base,total_protocol_time_ms,12230.322350,30.653106,12277.563937,8.496607,50
80,HLCT-Base,throughput_tags_per_sec,817.644966,2.047388,820.599268,0.567507,50
80,HLCT-Base,system_efficiency,0.325786,0.002058,0.329088,0.000570,50
80,HLCT-Base,collision_slots,3986.880000,30.774784,4028.850000,8.530335,50
80,HLCT-Base,idle_slots,16709.360000,185.397726,16980.800000,51.389628,50
80,HLCT-Base,total_energy_uj,6201000.015907,18478.394853,6232584.553169,5121.949736,50
80,HLCT-Base,total_listening_energy_uj,6199590.777138,18475.246768,6231171.328244,5121.077131,50
80,HLCT-Base,total_transmission_energy_uj,1409.238770,3.649384,1414.271150,1.011558,50
80,HLCT-Base,total_bits,1670349.280000,2748.157959,1674504.200000,761.750522,50
80,HLCT-Base,avg_tag_bits,128.763986,0.148876,129.020300,0.041266,50
80,HLCT-Base,avg_reader_bits,38.270942,0.157353,38.490645,0.043616,50
80,HLCT-Base,avg_total_bits,167.034928,0.274816,167.450420,0.076175,50
80,HLCT-Base,avg_query_efficiency,2.508373,0.019336,2.537753,0.005360,50
80,HLCT-Base,peak_stack_depth,1813.880000,17.045725,1845.550000,4.724834,50
80,HLCT-Base,ovg_trigger_count,48.660000,5.930241,61.100000,1.643779,50
80,HLCT-Base,fallback_invocation_count,1.460000,0.705951,3.000000,0.195680,50
80,HLCT-Base,fallback_invocation_ratio,0.000371,0.000180,0.000765,0.000050,50
80,HLCT-Base,prefix_stagnation_trigger_count,12.120000,3.491330,17.000000,0.967747,50
80,HLCT-Base,prefix_stag_score_trigger_count,12.740000,3.397538,17.550000,0.941750,50
80,HLCT-Base,repeated_pattern_trigger_count,0.120000,0.328261,1.000000,0.090989,50
80,HLCT-Base,ovg_success_count,0.220000,0.418452,1.000000,0.115989,50
80,HLCT-Base,post_ovg_singleton_count,0.220000,0.418452,1.000000,0.115989,50
80,HLCT-Base,ovg_fallback_avoid_count,0.000000,0.000000,0.000000,0.000000,50
80,HLCT-Base,ovg_rehash_count,11.980000,3.437429,17.000000,0.952807,50
80,HLCT-Base,ovg_width_up_count,0.000000,0.000000,0.000000,0.000000,50
80,HLCT-Base,ovg_width_down_count,12.200000,3.428571,17.000000,0.950352,50
80,HLCT-Base,ovg_no_singleton_count,11.980000,3.437429,17.000000,0.952807,50
80,HLCT-Base,inspect_collision_count,55.480000,7.335238,66.550000,2.033224,50
80,HLCT-Base,fcw_cache_created_count,3876.840000,29.901444,3923.400000,8.288257,50
80,HLCT-Base,fcw_cache_hit_count,3871.600000,30.124233,3917.650000,8.350011,50
80,HLCT-Base,fcw_cache_hit_ratio,0.998648,0.000533,0.999485,0.000148,50
80,HLCT-Base,fcw_fast_path_count,0.000000,0.000000,0.000000,0.000000,50
80,HLCT-Base,fcw_width_up_count,0.000000,0.000000,0.000000,0.000000,50
80,HLCT-Base,fcw_width_down_count,0.000000,0.000000,0.000000,0.000000,50
80,HLCT-Base,adaptive_cbit_r4_count,825.520000,17.303108,853.550000,4.796177,50
80,HLCT-Base,multibit_fallback_count,1.420000,0.641745,3.000000,0.177883,50
80,HLCT-Base,epc_verification_count,10054.560000,7.412510,10066.000000,2.054643,50
80,HLCT-Base,verify_fail_count,54.560000,7.412510,66.000000,2.054643,50
80,HLCT-Base,avg_tag_responses,6.428966,0.006192,6.437950,0.001716,50
80,HT_EEAC,total_protocol_time_ms,78596.768450,1178.700561,80264.579000,326.719127,50
80,HT_EEAC,throughput_tags_per_sec,127.259902,1.919988,129.910276,0.532193,50
80,HT_EEAC,system_efficiency,0.061580,0.000981,0.062930,0.000272,50
80,HT_EEAC,collision_slots,146468.260000,2599.169890,150163.550000,720.453137,50
80,HT_EEAC,idle_slots,5963.080000,153.440521,6192.750000,42.531542,50
80,HT_EEAC,total_energy_uj,46341509.705569,755753.589285,47497787.922598,209484.207253,50
80,HT_EEAC,total_listening_energy_uj,46332710.980529,755625.514347,47488804.583398,209448.706691,50
80,HT_EEAC,total_transmission_energy_uj,8798.725040,133.819365,8988.109200,37.092835,50
80,HT_EEAC,total_bits,6876981.640000,98073.963450,7015704.000000,27184.715728,50
80,HT_EEAC,avg_tag_bits,330.349216,4.158672,336.261680,1.152725,50
80,HT_EEAC,avg_reader_bits,357.348948,5.652790,365.350480,1.566874,50
80,HT_EEAC,avg_total_bits,687.698164,9.807396,701.570400,2.718472,50
80,HT_EEAC,avg_query_efficiency,0.068295,0.001220,0.069992,0.000338,50
80,HT_EEAC,avg_tag_responses,253.985958,8.308132,267.660900,2.302897,50
80,ICT,total_protocol_time_ms,18796.286250,1.705009,18799.039375,0.472604,50
80,ICT,throughput_tags_per_sec,532.019993,0.048255,532.088848,0.013376,50
80,ICT,system_efficiency,0.500025,0.000000,0.500025,0.000000,50
80,ICT,collision_slots,9999.000000,0.000000,9999.000000,0.000000,50
80,ICT,idle_slots,0.000000,0.000000,0.000000,0.000000,50
80,ICT,total_energy_uj,9410535.137933,1003.145779,9412003.652231,278.057824,50
80,ICT,total_listening_energy_uj,9403786.859502,1002.061570,9405253.484306,277.757296,50
80,ICT,total_transmission_energy_uj,6748.278430,1.846664,6750.962650,0.511869,50
80,ICT,total_bits,11385993.860000,3247.321483,11390586.900000,900.111592,50
80,ICT,avg_tag_bits,1068.247286,0.313224,1068.700605,0.086821,50
80,ICT,avg_reader_bits,70.352100,0.027280,70.396150,0.007562,50
80,ICT,avg_total_bits,1138.599386,0.324732,1139.058690,0.090011,50
80,ICT,avg_query_efficiency,1.000100,0.000000,1.000100,0.000000,50
80,ICT,peak_stack_depth,14.840000,0.618095,16.000000,0.171327,50
80,ICT,avg_tag_responses,14.619404,0.004895,14.626510,0.001357,50
80,LAPCT,total_protocol_time_ms,22908.353775,0.859430,22909.767188,0.238222,50
80,LAPCT,throughput_tags_per_sec,436.521983,0.016376,436.544457,0.004539,50
80,LAPCT,system_efficiency,0.498966,0.000021,0.498977,0.000006,50
80,LAPCT,collision_slots,10041.440000,0.836904,10043.000000,0.231978,50
80,LAPCT,idle_slots,0.000000,0.000000,0.000000,0.000000,50
80,LAPCT,total_energy_uj,11467428.851283,573.561324,11468347.860537,158.983088,50
80,LAPCT,total_listening_energy_uj,11460854.853023,572.786522,11461776.606837,158.768324,50
80,LAPCT,total_transmission_energy_uj,6573.998260,3.525526,6578.197000,0.977226,50
80,LAPCT,total_bits,9066113.300000,6873.993496,9073777.400000,1905.373787,50
80,LAPCT,avg_tag_bits,770.548556,0.681970,771.307405,0.189032,50
80,LAPCT,avg_reader_bits,136.062774,0.013992,136.086075,0.003879,50
80,LAPCT,avg_total_bits,906.611330,0.687399,907.377740,0.190537,50
80,LAPCT,avg_query_efficiency,0.995873,0.000083,0.995917,0.000023,50
80,LAPCT,peak_stack_depth,17.900000,0.646813,19.000000,0.179287,50
80,LAPCT,avg_tag_responses,11.615046,0.009636,11.626310,0.002671,50
80,NLHQT(n=1),total_protocol_time_ms,23320.410950,92.046221,23474.929313,25.513911,50
80,NLHQT(n=1),throughput_tags_per_sec,428.815435,1.686799,430.830370,0.467557,50
80,NLHQT(n=1),system_efficiency,0.257213,0.001229,0.258690,0.000341,50
80,NLHQT(n=1),collision_slots,28879.120000,186.472369,29189.900000,51.687504,50
80,NLHQT(n=1),idle_slots,0.000000,0.000000,0.000000,0.000000,50
80,NLHQT(n=1),total_energy_uj,11674359.845570,48779.343385,11744462.120131,13520.944160,50
80,NLHQT(n=1),total_listening_energy_uj,11671698.960780,48772.683245,11741791.550806,13519.098063,50
80,NLHQT(n=1),total_transmission_energy_uj,2660.884790,7.905996,2674.419875,2.191430,50
80,NLHQT(n=1),total_bits,2647599.940000,4114.051469,2654670.250000,1140.356887,50
80,NLHQT(n=1),avg_tag_bits,175.621006,0.022243,175.659395,0.006165,50
80,NLHQT(n=1),avg_reader_bits,89.138988,0.389942,89.805650,0.108086,50
80,NLHQT(n=1),avg_total_bits,264.759994,0.411405,265.467025,0.114036,50
80,NLHQT(n=1),avg_query_efficiency,0.346285,0.002224,0.348963,0.000616,50
80,NLHQT(n=1),peak_stack_depth,14.840000,0.618095,16.000000,0.171327,50
80,NLHQT(n=1),avg_tag_responses,16.621006,0.022243,16.659395,0.006165,50
80,NLHQT(n=2),total_protocol_time_ms,16728.545650,50.706773,16807.327125,14.055200,50
80,NLHQT(n=2),throughput_tags_per_sec,597.785966,1.807440,600.176773,0.500997,50
80,NLHQT(n=2),system_efficiency,0.354171,0.001011,0.355405,0.000280,50
80,NLHQT(n=2),collision_slots,18235.180000,80.806317,18364.550000,22.398368,50
80,NLHQT(n=2),idle_slots,0.000000,0.000000,0.000000,0.000000,50
80,NLHQT(n=2),total_energy_uj,8371195.139930,27610.306735,8408859.452225,7653.186568,50
80,NLHQT(n=2),total_listening_energy_uj,8368996.316250,27606.419787,8406654.129325,7652.109161,50
80,NLHQT(n=2),total_transmission_energy_uj,2198.823680,4.616048,2206.258600,1.279503,50
80,NLHQT(n=2),total_bits,2427842.800000,2482.107761,2431875.800000,688.005170,50
80,NLHQT(n=2),avg_tag_bits,177.124128,0.023809,177.166200,0.006599,50
80,NLHQT(n=2),avg_reader_bits,65.660152,0.225015,66.021380,0.062371,50
80,NLHQT(n=2),avg_total_bits,242.784280,0.248211,243.187580,0.068801,50
80,NLHQT(n=2),avg_query_efficiency,0.548401,0.002421,0.551362,0.000671,50
80,NLHQT(n=2),peak_stack_depth,20.980000,0.742033,22.000000,0.205681,50
80,NLHQT(n=2),avg_tag_responses,9.562064,0.011904,9.583100,0.003300,50
80,SD-CGQT,total_protocol_time_ms,3824.726425,55.977157,3903.921750,15.516076,50
80,SD-CGQT,throughput_tags_per_sec,2615.119027,38.557583,2691.457704,10.687617,50
80,SD-CGQT,system_efficiency,0.412785,0.002295,0.416331,0.000636,50
80,SD-CGQT,collision_slots,2732.740000,32.038121,2785.550000,8.880514,50
80,SD-CGQT,idle_slots,0.000000,0.000000,0.000000,0.000000,50
80,SD-CGQT,total_energy_uj,1698461.154295,27565.272527,1738840.765750,7640.703723,50
80,SD-CGQT,total_listening_energy_uj,1697294.473965,27558.018486,1737660.556075,7638.693005,50
80,SD-CGQT,total_transmission_energy_uj,1166.680330,8.864232,1180.831500,2.457040,50
80,SD-CGQT,total_bits,1858493.420000,11686.898360,1877494.650000,3239.442952,50
80,SD-CGQT,avg_tag_bits,170.020434,0.983469,171.593340,0.272604,50
80,SD-CGQT,avg_reader_bits,15.828908,0.220090,16.144070,0.061006,50
80,SD-CGQT,avg_total_bits,185.849342,1.168690,187.749465,0.323944,50
80,SD-CGQT,avg_query_efficiency,3.659825,0.043034,3.734071,0.011929,50
80,SD-CGQT,avg_tag_responses,10.890440,0.066070,10.994350,0.018314,50
80,SGCT,total_protocol_time_ms,10247.767100,41.874201,10318.785687,11.606936,50
80,SGCT,throughput_tags_per_sec,975.838269,3.979529,981.022853,1.103069,50
80,SGCT,system_efficiency,0.840651,0.003239,0.844880,0.000898,50
80,SGCT,collision_slots,1895.720000,45.920090,1973.150000,12.728400,50
80,SGCT,idle_slots,0.000000,0.000000,0.000000,0.000000,50
80,SGCT,total_energy_uj,5149384.670093,22908.359140,5183497.141244,6349.873189,50
80,SGCT,total_listening_energy_uj,5148140.113212,22903.542122,5182243.294819,6348.537979,50
80,SGCT,total_transmission_energy_uj,1244.556880,5.663330,1254.308800,1.569795,50
80,SGCT,total_bits,1494343.700000,3383.641386,1500140.750000,937.897542,50
80,SGCT,avg_tag_bits,116.275368,0.074531,116.398180,0.020659,50
80,SGCT,avg_reader_bits,33.159002,0.264833,33.615895,0.073408,50
80,SGCT,avg_total_bits,149.434370,0.338364,150.014075,0.093790,50
80,SGCT,avg_query_efficiency,5.278043,0.126523,5.446623,0.035070,50
80,SGCT,peak_stack_depth,258.500000,1.446318,261.000000,0.400899,50
80,SGCT,progressive_probe_count,949.560000,22.936612,988.750000,6.357704,50
80,SGCT,signature_grouping_trigger_count,947.160000,23.007860,985.400000,6.377453,50
80,SGCT,local_short_id_trigger_count,257.000000,0.000000,257.000000,0.000000,50
80,SGCT,signature_groups_pruned,65888.400000,345.117904,66462.000000,95.661802,50
80,SGCT,sparse_signature_groups,10946.160000,23.007860,10984.400000,6.377453,50
80,SGCT,signature_marker_bits,21413.480000,46.785764,21495.250000,12.968352,50
80,SGCT,signature_marker_tag_bits,21413.480000,46.785764,21495.250000,12.968352,50
80,SGCT,signature_non_idle_marker_count,10946.160000,23.007860,10984.400000,6.377453,50
80,SGCT,signature_collision_groups,946.160000,23.007860,984.400000,6.377453,50
80,SGCT,signature_singleton_groups,10000.000000,0.000000,10000.000000,0.000000,50
80,SGCT,low_d_fallback_count,0.000000,0.000000,0.000000,0.000000,50
80,SGCT,suffix_signature_trigger_count,0.000000,0.000000,0.000000,0.000000,50
80,SGCT,hash_short_id_round_count,0.000000,0.000000,0.000000,0.000000,50
80,SGCT,hash_short_id_split_count,0.000000,0.000000,0.000000,0.000000,50
80,SGCT,hash_short_id_collision_groups,0.000000,0.000000,0.000000,0.000000,50
80,SGCT,hash_short_id_singleton_groups,0.000000,0.000000,0.000000,0.000000,50
80,SGCT,small_cluster_guard_count,0.000000,0.000000,0.000000,0.000000,50
80,SGCT,max_signature_d,8.000000,0.000000,8.000000,0.000000,50
80,SGCT,epc_verification_count,10000.000000,0.000000,10000.000000,0.000000,50
80,SGCT,verify_fail_count,0.000000,0.000000,0.000000,0.000000,50
80,SGCT,avg_tag_responses,4.283176,0.009336,4.299720,0.002588,50
80,SUBF-CGDFSA,total_protocol_time_ms,10092.658650,74.103340,10213.066375,20.540398,50
80,SUBF-CGDFSA,throughput_tags_per_sec,990.871547,7.274909,1002.929508,2.016502,50
80,SUBF-CGDFSA,system_efficiency,0.000000,0.000000,0.000000,0.000000,50
80,SUBF-CGDFSA,collision_slots,0.000000,0.000000,0.000000,0.000000,50
80,SUBF-CGDFSA,idle_slots,0.000000,0.000000,0.000000,0.000000,50
80,SUBF-CGDFSA,total_energy_uj,5059877.730405,46503.684485,5143165.840450,12890.163695,50
80,SUBF-CGDFSA,total_listening_energy_uj,5058912.966885,46494.182510,5142178.144250,12887.529882,50
80,SUBF-CGDFSA,total_transmission_energy_uj,964.763520,13.454642,988.235800,3.729436,50
80,SUBF-CGDFSA,total_bits,1917588.960000,26659.584094,1964528.900000,7389.659697,50
80,SUBF-CGDFSA,avg_tag_bits,191.360960,2.658137,196.054800,0.736798,50
80,SUBF-CGDFSA,avg_reader_bits,0.397936,0.027126,0.435600,0.007519,50
80,SUBF-CGDFSA,avg_total_bits,191.758896,2.665958,196.452890,0.738966,50
80,SUBF-CGDFSA,avg_query_efficiency,10000.000000,0.000000,10000.000000,0.000000,50
96,DQTA(k_max=3),total_protocol_time_ms,16390.720175,63.192961,16503.900375,17.516195,50
96,DQTA(k_max=3),throughput_tags_per_sec,610.110206,2.352055,614.240054,0.651956,50
96,DQTA(k_max=3),system_efficiency,0.330137,0.001622,0.332542,0.000449,50
96,DQTA(k_max=3),collision_slots,9290.040000,59.533205,9397.200000,16.501762,50
96,DQTA(k_max=3),idle_slots,11001.160000,142.779459,11250.550000,39.576447,50
96,DQTA(k_max=3),total_energy_uj,8216560.475957,34989.815952,8275432.929606,9698.682164,50
96,DQTA(k_max=3),total_listening_energy_uj,8211331.105107,34981.866874,8270186.214581,9696.478792,50
96,DQTA(k_max=3),total_transmission_energy_uj,5229.370850,9.152414,5245.018550,2.536920,50
96,DQTA(k_max=3),total_bits,9444768.700000,11768.490077,9462852.700000,3262.059022,50
96,DQTA(k_max=3),avg_tag_bits,910.677770,0.970971,912.098080,0.269140,50
96,DQTA(k_max=3),avg_reader_bits,33.799100,0.230783,34.212930,0.063970,50
96,DQTA(k_max=3),avg_total_bits,944.476870,1.176849,946.285270,0.326206,50
96,DQTA(k_max=3),avg_query_efficiency,1.076465,0.006894,1.088388,0.001911,50
96,DQTA(k_max=3),peak_stack_depth,27.440000,0.884331,29.000000,0.245124,50
96,DQTA(k_max=3),avg_tag_responses,5.166426,0.006023,5.175230,0.001669,50
96,DRCT,total_protocol_time_ms,15245.240775,65.396784,15346.699188,18.127064,50
96,DRCT,throughput_tags_per_sec,655.954213,2.807413,660.086820,0.778175,50
96,DRCT,system_efficiency,0.346057,0.002153,0.349356,0.000597,50
96,DRCT,collision_slots,14448.020000,90.027998,14592.550000,24.954488,50
96,DRCT,idle_slots,4450.020000,90.027998,4594.550000,24.954488,50
96,DRCT,total_energy_uj,7634701.942168,36687.525474,7683944.553038,10169.263235,50
96,DRCT,energy_per_tag_uj,763.470194,3.668753,768.394455,1.016926,50
96,DRCT,total_reader_tx_energy_uj,1165.223880,7.636996,1177.437100,2.116867,50
96,DRCT,total_tag_tx_energy_uj,736.907250,1.619352,739.332375,0.448862,50
96,DRCT,total_listening_energy_uj,7632799.811038,36680.305315,7682034.820438,10167.261909,50
96,DRCT,total_transmission_energy_uj,1902.131130,8.537124,1915.515125,2.366370,50
96,DRCT,total_bits,2056426.440000,6083.306325,2065520.350000,1686.206485,50
96,DRCT,avg_tag_bits,147.381450,0.323870,147.866475,0.089772,50
96,DRCT,avg_reader_bits,58.261194,0.381850,58.871855,0.105843,50
96,DRCT,avg_total_bits,205.642644,0.608331,206.552035,0.168621,50
96,DRCT,avg_query_efficiency,0.692163,0.004306,0.698761,0.001194,50
96,DRCT,peak_stack_depth,13.140000,0.534904,14.000000,0.148268,50
96,DRCT,avg_tag_responses,14.625242,0.018697,14.651935,0.005183,50
96,EAQ_CBB,total_protocol_time_ms,22377.219500,47.021461,22454.724187,13.033684,50
96,EAQ_CBB,throughput_tags_per_sec,446.884979,0.938747,448.343623,0.260207,50
96,EAQ_CBB,system_efficiency,0.546006,0.001685,0.548667,0.000467,50
96,EAQ_CBB,collision_slots,8315.000000,56.537147,8406.600000,15.671298,50
96,EAQ_CBB,idle_slots,0.000000,0.000000,0.000000,0.000000,50
96,EAQ_CBB,total_energy_uj,11190099.986533,25833.394428,11231781.683988,7160.651605,50
96,EAQ_CBB,total_listening_energy_uj,11186471.084503,25827.032543,11228142.849913,7158.888181,50
96,EAQ_CBB,total_transmission_energy_uj,3628.902030,7.314325,3640.875950,2.027427,50
96,EAQ_CBB,total_bits,2870495.340000,8665.428910,2884051.750000,2401.934349,50
96,EAQ_CBB,avg_tag_bits,140.805910,0.676566,141.796675,0.187535,50
96,EAQ_CBB,avg_reader_bits,146.243624,0.206077,146.590950,0.057122,50
96,EAQ_CBB,avg_total_bits,287.049534,0.866543,288.405175,0.240193,50
96,EAQ_CBB,avg_query_efficiency,1.202700,0.008173,1.215658,0.002265,50
96,EAQ_CBB,peak_stack_depth,2456.720000,5.972864,2468.100000,1.655593,50
96,EAQ_CBB,avg_tag_responses,3.790488,0.014348,3.811880,0.003977,50
96,EMDT,total_protocol_time_ms,13680.196850,124.462034,13855.693125,34.499116,50
96,EMDT,throughput_tags_per_sec,731.043015,6.660476,742.624465,1.846190,50
96,EMDT,system_efficiency,0.502115,0.006705,0.513341,0.001859,50
96,EMDT,collision_slots,5945.780000,126.872954,6129.650000,35.167389,50
96,EMDT,idle_slots,3973.440000,159.887481,4222.350000,44.318549,50
96,EMDT,total_energy_uj,6838449.061760,66399.409173,6927249.022825,18404.977217,50
96,EMDT,total_listening_energy_uj,6837222.476800,66398.810650,6926018.040225,18404.811315,50
96,EMDT,total_transmission_energy_uj,1226.584960,7.888170,1239.903400,2.186489,50
96,EMDT,total_bits,1721171.840000,6718.405956,1732142.300000,1862.247121,50
96,EMDT,avg_tag_bits,147.717248,0.411854,148.388320,0.114160,50
96,EMDT,avg_reader_bits,24.399936,0.315214,24.906420,0.087373,50
96,EMDT,avg_total_bits,172.117184,0.671841,173.214230,0.186225,50
96,EMDT,avg_query_efficiency,1.682619,0.036042,1.749399,0.009990,50
96,EMDT,peak_stack_depth,46.460000,1.328034,49.000000,0.368112,50
96,EMDT,avg_tag_responses,5.314878,0.026499,5.357260,0.007345,50
96,FHS_RAC,total_protocol_time_ms,15639.408300,19.529155,15669.380750,5.413206,50
96,FHS_RAC,throughput_tags_per_sec,639.411357,0.798557,640.677153,0.221349,50
96,FHS_RAC,system_efficiency,0.556219,0.001143,0.558039,0.000317,50
96,FHS_RAC,collision_slots,6348.840000,23.704266,6382.650000,6.570487,50
96,FHS_RAC,idle_slots,1629.760000,32.936277,1677.550000,9.129470,50
96,FHS_RAC,total_energy_uj,7824251.866253,12318.257072,7842144.109894,3414.446658,50
96,FHS_RAC,total_listening_energy_uj,7822474.441533,12315.850476,7840362.539319,3413.779584,50
96,FHS_RAC,total_transmission_energy_uj,1777.424720,2.733129,1781.570575,0.757585,50
96,FHS_RAC,total_bits,1627879.840000,1349.616550,1629953.850000,374.094622,50
96,FHS_RAC,avg_tag_bits,98.555664,0.011205,98.577215,0.003106,50
96,FHS_RAC,avg_reader_bits,64.232320,0.137331,64.439890,0.038066,50
96,FHS_RAC,avg_total_bits,162.787984,0.134962,162.995385,0.037409,50
96,FHS_RAC,avg_query_efficiency,1.575112,0.005892,1.585867,0.001633,50
96,FHS_RAC,peak_stack_depth,22.460000,0.908239,24.000000,0.251751,50
96,FHS_RAC,avg_tag_responses,8.369364,0.005259,8.376660,0.001458,50
96,HLCT-Base,total_protocol_time_ms,13235.404900,32.888946,13288.472750,9.116351,50
96,HLCT-Base,throughput_tags_per_sec,755.553799,1.875462,758.308451,0.519851,50
96,HLCT-Base,system_efficiency,0.326121,0.002422,0.329312,0.000671,50
96,HLCT-Base,collision_slots,3986.820000,30.521113,4035.500000,8.460021,50
96,HLCT-Base,idle_slots,16678.340000,217.937888,17125.950000,60.409300,50
96,HLCT-Base,total_energy_uj,6704010.698625,18433.727427,6734546.600825,5109.568557,50
96,HLCT-Base,total_listening_energy_uj,6702520.277085,18430.455196,6733051.066600,5108.661541,50
96,HLCT-Base,total_transmission_energy_uj,1490.421540,3.660681,1496.244450,1.014689,50
96,HLCT-Base,total_bits,1832604.960000,2786.566726,1836339.250000,772.396890,50
96,HLCT-Base,avg_tag_bits,144.985892,0.154954,145.234075,0.042951,50
96,HLCT-Base,avg_reader_bits,38.274604,0.157442,38.530020,0.043641,50
96,HLCT-Base,avg_total_bits,183.260496,0.278657,183.633925,0.077240,50
96,HLCT-Base,avg_query_efficiency,2.508409,0.019193,2.536204,0.005320,50
96,HLCT-Base,peak_stack_depth,1812.440000,14.836744,1839.850000,4.112536,50
96,HLCT-Base,ovg_trigger_count,50.880000,6.215977,60.550000,1.722981,50
96,HLCT-Base,fallback_invocation_count,1.260000,0.486973,2.000000,0.134982,50
96,HLCT-Base,fallback_invocation_ratio,0.000321,0.000124,0.000515,0.000034,50
96,HLCT-Base,prefix_stagnation_trigger_count,12.880000,3.390503,18.550000,0.939799,50
96,HLCT-Base,prefix_stag_score_trigger_count,13.120000,3.396517,19.550000,0.941466,50
96,HLCT-Base,repeated_pattern_trigger_count,0.040000,0.197949,0.000000,0.054869,50
96,HLCT-Base,ovg_success_count,0.140000,0.350510,1.000000,0.097156,50
96,HLCT-Base,post_ovg_singleton_count,0.140000,0.350510,1.000000,0.097156,50
96,HLCT-Base,ovg_fallback_avoid_count,0.000000,0.000000,0.000000,0.000000,50
96,HLCT-Base,ovg_rehash_count,12.660000,3.329583,18.550000,0.922913,50
96,HLCT-Base,ovg_width_up_count,0.000000,0.000000,0.000000,0.000000,50
96,HLCT-Base,ovg_width_down_count,12.780000,3.358146,18.550000,0.930831,50
96,HLCT-Base,ovg_no_singleton_count,12.660000,3.329583,18.550000,0.922913,50
96,HLCT-Base,inspect_collision_count,57.420000,6.725189,69.000000,1.864127,50
96,HLCT-Base,fcw_cache_created_count,3872.780000,30.146100,3917.250000,8.356073,50
96,HLCT-Base,fcw_cache_hit_count,3867.280000,30.214228,3910.800000,8.374957,50
96,HLCT-Base,fcw_cache_hit_ratio,0.998580,0.000548,0.999367,0.000152,50
96,HLCT-Base,fcw_fast_path_count,0.000000,0.000000,0.000000,0.000000,50
96,HLCT-Base,fcw_width_up_count,0.000000,0.000000,0.000000,0.000000,50
96,HLCT-Base,fcw_width_down_count,0.000000,0.000000,0.000000,0.000000,50
96,HLCT-Base,adaptive_cbit_r4_count,822.880000,19.614281,855.650000,5.436801,50
96,HLCT-Base,multibit_fallback_count,1.260000,0.486973,2.000000,0.134982,50
96,HLCT-Base,epc_verification_count,10056.620000,6.657480,10068.000000,1.845359,50
96,HLCT-Base,verify_fail_count,56.620000,6.657480,68.000000,1.845359,50
96,HLCT-Base,avg_tag_responses,6.429640,0.006896,6.440870,0.001911,50
96,HT_EEAC,total_protocol_time_ms,79589.320800,1396.214362,81888.283125,387.010876,50
96,HT_EEAC,throughput_tags_per_sec,125.682986,2.210349,128.894849,0.612677,50
96,HT_EEAC,system_efficiency,0.061595,0.001160,0.063288,0.000322,50
96,HT_EEAC,collision_slots,146474.540000,3057.394864,151503.150000,847.466619,50
96,HT_EEAC,idle_slots,5932.500000,153.525143,6159.450000,42.554998,50
96,HT_EEAC,total_energy_uj,46802900.958675,886169.686932,48366894.074033,245633.705205,50
96,HT_EEAC,total_listening_energy_uj,46794023.252595,886015.374810,48357770.213832,245590.932067,50
96,HT_EEAC,total_transmission_energy_uj,8877.706080,158.671284,9139.368000,43.981436,50
96,HT_EEAC,total_bits,7036547.520000,116001.737254,7227263.700000,32154.041096,50
96,HT_EEAC,avg_tag_bits,346.359264,4.891832,354.405040,1.355947,50
96,HT_EEAC,avg_reader_bits,357.295488,6.711911,368.399900,1.860447,50
96,HT_EEAC,avg_total_bits,703.654752,11.600174,722.726370,3.215404,50
96,HT_EEAC,avg_query_efficiency,0.068300,0.001430,0.070410,0.000396,50
96,HT_EEAC,avg_tag_responses,254.884440,10.622213,271.109530,2.944327,50
96,ICT,total_protocol_time_ms,20796.585000,1.405796,20798.707500,0.389667,50
96,ICT,throughput_tags_per_sec,480.848180,0.032505,480.910802,0.009010,50
96,ICT,system_efficiency,0.500025,0.000000,0.500025,0.000000,50
96,ICT,collision_slots,9999.000000,0.000000,9999.000000,0.000000,50
96,ICT,idle_slots,0.000000,0.000000,0.000000,0.000000,50
96,ICT,total_energy_uj,10412548.674230,975.798147,10414063.712069,270.477447,50
96,ICT,total_listening_energy_uj,10404630.526790,974.956005,10406148.535344,270.244017,50
96,ICT,total_transmission_energy_uj,7918.147440,2.845680,7923.271500,0.788782,50
96,ICT,total_bits,13725540.480000,5442.376980,13735257.100000,1508.549934,50
96,ICT,avg_tag_bits,1302.195568,0.537567,1303.130190,0.149006,50
96,ICT,avg_reader_bits,70.358480,0.022493,70.392440,0.006235,50
96,ICT,avg_total_bits,1372.554048,0.544238,1373.525710,0.150855,50
96,ICT,avg_query_efficiency,1.000100,0.000000,1.000100,0.000000,50
96,ICT,peak_stack_depth,14.940000,0.711710,16.000000,0.197276,50
96,ICT,avg_tag_responses,14.619964,0.006622,14.631870,0.001836,50
96,LAPCT,total_protocol_time_ms,25910.580550,0.708222,25911.614125,0.196309,50
96,LAPCT,throughput_tags_per_sec,385.942723,0.010549,385.963204,0.002924,50
96,LAPCT,system_efficiency,0.498970,0.000017,0.498977,0.000005,50
96,LAPCT,collision_slots,10041.280000,0.701020,10043.000000,0.194313,50
96,LAPCT,idle_slots,0.000000,0.000000,0.000000,0.000000,50
96,LAPCT,total_energy_uj,12970567.414908,533.157697,12971227.423281,147.783774,50
96,LAPCT,total_listening_energy_uj,12962823.247567,531.593652,12963479.863519,147.350243,50
96,LAPCT,total_transmission_energy_uj,7744.167340,4.550437,7750.495800,1.261317,50
96,LAPCT,total_bits,10926341.840000,8936.815726,10938478.200000,2477.158937,50
96,LAPCT,avg_tag_bits,940.567756,0.888461,941.762060,0.246269,50
96,LAPCT,avg_reader_bits,152.066428,0.011839,152.082540,0.003282,50
96,LAPCT,avg_total_bits,1092.634184,0.893682,1093.847820,0.247716,50
96,LAPCT,avg_query_efficiency,0.995889,0.000070,0.995917,0.000019,50
96,LAPCT,peak_stack_depth,17.680000,0.620730,19.000000,0.172058,50
96,LAPCT,avg_tag_responses,11.617180,0.010382,11.631870,0.002878,50
96,NLHQT(n=1),total_protocol_time_ms,25775.957025,97.248370,25932.643812,26.955873,50
96,NLHQT(n=1),throughput_tags_per_sec,387.963843,1.462238,390.205758,0.405312,50
96,NLHQT(n=1),system_efficiency,0.257075,0.001188,0.258892,0.000329,50
96,NLHQT(n=1),collision_slots,28900.040000,180.055996,29189.100000,49.908976,50
96,NLHQT(n=1),idle_slots,0.000000,0.000000,0.000000,0.000000,50
96,NLHQT(n=1),total_energy_uj,12894220.770695,53368.633346,12960901.078256,14793.030436,50
96,NLHQT(n=1),total_listening_energy_uj,12891398.921525,53362.303436,12958068.516206,14791.275875,50
96,NLHQT(n=1),total_transmission_energy_uj,2821.849170,7.411572,2833.677600,2.054383,50
96,NLHQT(n=1),total_bits,2968113.900000,3835.276028,2974208.400000,1063.084277,50
96,NLHQT(n=1),avg_tag_bits,207.625242,0.018697,207.651935,0.005183,50
96,NLHQT(n=1),avg_reader_bits,89.186148,0.366280,89.771560,0.101528,50
96,NLHQT(n=1),avg_total_bits,296.811390,0.383528,297.420840,0.106308,50
96,NLHQT(n=1),avg_query_efficiency,0.346033,0.002152,0.349332,0.000597,50
96,NLHQT(n=1),peak_stack_depth,14.940000,0.711710,16.000000,0.197276,50
96,NLHQT(n=1),avg_tag_responses,16.625242,0.018697,16.651935,0.005183,50
96,NLHQT(n=2),total_protocol_time_ms,18452.140700,50.631383,18523.872250,14.034303,50
96,NLHQT(n=2),throughput_tags_per_sec,541.946539,1.487188,544.305920,0.412227,50
96,NLHQT(n=2),system_efficiency,0.354176,0.001028,0.355853,0.000285,50
96,NLHQT(n=2),collision_slots,18234.780000,81.931851,18353.750000,22.710350,50
96,NLHQT(n=2),idle_slots,0.000000,0.000000,0.000000,0.000000,50
96,NLHQT(n=2),total_energy_uj,9229219.192350,29656.498835,9270991.893475,8220.362082,50
96,NLHQT(n=2),total_listening_energy_uj,9226860.290950,29653.050740,9268627.745675,8219.406318,50
96,NLHQT(n=2),total_transmission_energy_uj,2358.901400,4.093019,2364.565750,1.134527,50
96,NLHQT(n=2),total_bits,2747899.240000,2178.682091,2750948.600000,603.899865,50
96,NLHQT(n=2),avg_tag_bits,209.126472,0.018938,209.154310,0.005249,50
96,NLHQT(n=2),avg_reader_bits,65.663452,0.200275,65.939820,0.055513,50
96,NLHQT(n=2),avg_total_bits,274.789924,0.217868,275.094860,0.060390,50
96,NLHQT(n=2),avg_query_efficiency,0.548413,0.002463,0.552440,0.000683,50
96,NLHQT(n=2),peak_stack_depth,21.180000,0.940907,23.000000,0.260806,50
96,NLHQT(n=2),avg_tag_responses,9.563236,0.009469,9.577155,0.002625,50
96,SD-CGQT,total_protocol_time_ms,4107.404625,70.178003,4236.686500,19.452350,50
96,SD-CGQT,throughput_tags_per_sec,2435.320792,41.419793,2493.205110,11.480981,50
96,SD-CGQT,system_efficiency,0.411987,0.001743,0.414654,0.000483,50
96,SD-CGQT,collision_slots,2718.800000,38.851890,2789.450000,10.769195,50
96,SD-CGQT,idle_slots,0.000000,0.000000,0.000000,0.000000,50
96,SD-CGQT,total_energy_uj,1818163.267158,36100.060268,1879798.136231,10006.426187,50
96,SD-CGQT,total_listening_energy_uj,1816864.903767,36090.566810,1878479.734781,10003.794735,50
96,SD-CGQT,total_transmission_energy_uj,1298.363390,12.029428,1318.997025,3.334387,50
96,SD-CGQT,total_bits,2125235.620000,16799.475781,2154173.850000,4656.577112,50
96,SD-CGQT,avg_tag_bits,196.807190,1.448412,199.243095,0.401479,50
96,SD-CGQT,avg_reader_bits,15.716372,0.257081,16.201230,0.071259,50
96,SD-CGQT,avg_total_bits,212.523562,1.679948,215.417385,0.465658,50
96,SD-CGQT,avg_query_efficiency,3.678827,0.052397,3.754181,0.014524,50
96,SD-CGQT,avg_tag_responses,10.853084,0.072683,10.991330,0.020147,50
96,SGCT,total_protocol_time_ms,11261.715350,39.303625,11323.299812,10.894409,50
96,SGCT,throughput_tags_per_sec,887.974787,3.096910,892.313472,0.858420,50
96,SGCT,system_efficiency,0.839545,0.003035,0.843896,0.000841,50
96,SGCT,collision_slots,1911.360000,43.095887,1978.200000,11.945571,50
96,SGCT,idle_slots,0.000000,0.000000,0.000000,0.000000,50
96,SGCT,total_energy_uj,5657817.143048,22308.261392,5690786.167069,6183.534579,50
96,SGCT,total_listening_energy_uj,5656490.654878,22303.443931,5689451.447994,6182.199247,50
96,SGCT,total_transmission_energy_uj,1326.488170,5.305888,1334.719075,1.470717,50
96,SGCT,total_bits,1655568.260000,3174.448889,1660354.100000,879.912340,50
96,SGCT,avg_tag_bits,132.309890,0.070852,132.417905,0.019639,50
96,SGCT,avg_reader_bits,33.246936,0.248004,33.636135,0.068743,50
96,SGCT,avg_total_bits,165.556826,0.317445,166.035410,0.087991,50
96,SGCT,avg_query_efficiency,5.234474,0.117589,5.405996,0.032594,50
96,SGCT,peak_stack_depth,258.140000,1.261842,260.550000,0.349765,50
96,SGCT,progressive_probe_count,957.640000,21.691492,990.550000,6.012575,50
96,SGCT,signature_grouping_trigger_count,954.720000,21.430514,988.650000,5.940235,50
96,SGCT,local_short_id_trigger_count,257.000000,0.000000,257.000000,0.000000,50
96,SGCT,signature_groups_pruned,66001.800000,321.457713,66510.750000,89.103532,50
96,SGCT,sparse_signature_groups,10953.720000,21.430514,10987.650000,5.940235,50
96,SGCT,signature_marker_bits,21432.380000,43.229756,21499.100000,11.982677,50
96,SGCT,signature_marker_tag_bits,21432.380000,43.229756,21499.100000,11.982677,50
96,SGCT,signature_non_idle_marker_count,10953.720000,21.430514,10987.650000,5.940235,50
96,SGCT,signature_collision_groups,953.720000,21.430514,987.650000,5.940235,50
96,SGCT,signature_singleton_groups,10000.000000,0.000000,10000.000000,0.000000,50
96,SGCT,low_d_fallback_count,0.000000,0.000000,0.000000,0.000000,50
96,SGCT,suffix_signature_trigger_count,0.000000,0.000000,0.000000,0.000000,50
96,SGCT,hash_short_id_round_count,0.000000,0.000000,0.000000,0.000000,50
96,SGCT,hash_short_id_split_count,0.000000,0.000000,0.000000,0.000000,50
96,SGCT,hash_short_id_collision_groups,0.000000,0.000000,0.000000,0.000000,50
96,SGCT,hash_short_id_singleton_groups,0.000000,0.000000,0.000000,0.000000,50
96,SGCT,small_cluster_guard_count,0.000000,0.000000,0.000000,0.000000,50
96,SGCT,max_signature_d,8.000000,0.000000,8.000000,0.000000,50
96,SGCT,epc_verification_count,10000.000000,0.000000,10000.000000,0.000000,50
96,SGCT,verify_fail_count,0.000000,0.000000,0.000000,0.000000,50
96,SGCT,avg_tag_responses,4.287060,0.008689,4.300220,0.002409,50
96,SUBF-CGDFSA,total_protocol_time_ms,11690.937000,102.154885,11851.228250,28.315889,50
96,SUBF-CGDFSA,throughput_tags_per_sec,855.427399,7.470319,865.649948,2.070667,50
96,SUBF-CGDFSA,system_efficiency,0.000000,0.000000,0.000000,0.000000,50
96,SUBF-CGDFSA,collision_slots,0.000000,0.000000,0.000000,0.000000,50
96,SUBF-CGDFSA,idle_slots,0.000000,0.000000,0.000000,0.000000,50
96,SUBF-CGDFSA,total_energy_uj,5867011.992105,64612.719688,5973726.855450,17909.732159,50
96,SUBF-CGDFSA,total_listening_energy_uj,5865855.184345,64597.921518,5972547.183450,17905.630315,50
96,SUBF-CGDFSA,total_transmission_energy_uj,1156.807760,17.293721,1182.454600,4.793575,50
96,SUBF-CGDFSA,total_bits,2301721.000000,34395.573123,2352675.000000,9533.966455,50
96,SUBF-CGDFSA,avg_tag_bits,229.775616,3.433462,234.840480,0.951707,50
96,SUBF-CGDFSA,avg_reader_bits,0.396484,0.023600,0.430210,0.006542,50
96,SUBF-CGDFSA,avg_total_bits,230.172100,3.439557,235.267500,0.953397,50
96,SUBF-CGDFSA,avg_query_efficiency,10000.000000,0.000000,10000.000000,0.000000,50
100,DQTA(k_max=3),total_protocol_time_ms,16857.761650,51.453336,16947.550875,14.262137,50
100,DQTA(k_max=3),throughput_tags_per_sec,593.203974,1.808626,595.528628,0.501326,50
100,DQTA(k_max=3),system_efficiency,0.330486,0.001529,0.333371,0.000424,50
100,DQTA(k_max=3),collision_slots,9277.120000,46.616823,9357.900000,12.921524,50
100,DQTA(k_max=3),idle_slots,10981.960000,130.651110,11162.500000,36.214640,50
100,DQTA(k_max=3),total_energy_uj,8442260.242922,29519.628076,8486668.588181,8182.423443,50
100,DQTA(k_max=3),total_listening_energy_uj,8436825.776393,29514.598597,8481223.091856,8181.029342,50
100,DQTA(k_max=3),total_transmission_energy_uj,5434.466530,8.137554,5448.615600,2.255615,50
100,DQTA(k_max=3),total_bits,9856441.400000,11246.542983,9875258.400000,3117.382669,50
100,DQTA(k_max=3),avg_tag_bits,951.894418,0.964793,953.460080,0.267427,50
100,DQTA(k_max=3),avg_reader_bits,33.749722,0.178391,34.051660,0.049448,50
100,DQTA(k_max=3),avg_total_bits,985.644140,1.124654,987.525840,0.311738,50
100,DQTA(k_max=3),avg_query_efficiency,1.077947,0.005408,1.085081,0.001499,50
100,DQTA(k_max=3),peak_stack_depth,27.460000,0.761577,29.000000,0.211098,50
100,DQTA(k_max=3),avg_tag_responses,5.165740,0.005689,5.174730,0.001577,50
100,DRCT,total_protocol_time_ms,15494.844425,55.357129,15562.058187,15.344213,50
100,DRCT,throughput_tags_per_sec,645.384036,2.308507,649.041583,0.639886,50
100,DRCT,system_efficiency,0.346571,0.001797,0.349296,0.000498,50
100,DRCT,collision_slots,14426.440000,74.711461,14522.750000,20.708961,50
100,DRCT,idle_slots,4428.440000,74.711461,4524.750000,20.708961,50
100,DRCT,total_energy_uj,7765040.247448,31434.236299,7819844.293794,8713.125766,50
100,DRCT,energy_per_tag_uj,776.504025,3.143424,781.984429,0.871313,50
100,DRCT,total_reader_tx_energy_uj,1163.447960,6.425591,1171.644900,1.781083,50
100,DRCT,total_tag_tx_energy_uj,759.153090,1.681910,761.848525,0.466202,50
100,DRCT,total_listening_energy_uj,7763117.646398,31428.293987,7817912.473094,8711.478641,50
100,DRCT,total_transmission_energy_uj,1922.601050,7.300765,1931.595125,2.023669,50
100,DRCT,total_bits,2100030.160000,5551.708927,2107858.650000,1538.855204,50
100,DRCT,avg_tag_bits,151.830618,0.336382,152.369705,0.093240,50
100,DRCT,avg_reader_bits,58.172398,0.321280,58.582245,0.089054,50
100,DRCT,avg_total_bits,210.003016,0.555171,210.785865,0.153886,50
100,DRCT,avg_query_efficiency,0.693190,0.003594,0.698641,0.000996,50
100,DRCT,peak_stack_depth,13.060000,0.511500,14.000000,0.141781,50
100,DRCT,avg_tag_responses,14.622966,0.017482,14.645985,0.004846,50
100,EAQ_CBB,total_protocol_time_ms,22965.132100,50.250066,23046.791438,13.928608,50
100,EAQ_CBB,throughput_tags_per_sec,435.444783,0.953743,437.107425,0.264364,50
100,EAQ_CBB,system_efficiency,0.546565,0.001783,0.549668,0.000494,50
100,EAQ_CBB,collision_slots,8296.280000,59.610997,8390.200000,16.523325,50
100,EAQ_CBB,idle_slots,0.000000,0.000000,0.000000,0.000000,50
100,EAQ_CBB,total_energy_uj,11485790.984895,29333.808858,11529565.694244,8130.916983,50
100,EAQ_CBB,total_listening_energy_uj,11482056.658225,29327.235497,11525819.629644,8129.094941,50
100,EAQ_CBB,total_transmission_energy_uj,3734.326670,7.850594,3746.375150,2.176074,50
100,EAQ_CBB,total_bits,2963515.180000,9390.780489,2977723.000000,2602.991549,50
100,EAQ_CBB,avg_tag_bits,146.180246,0.734185,147.271390,0.203506,50
100,EAQ_CBB,avg_reader_bits,150.171272,0.215036,150.530790,0.059605,50
100,EAQ_CBB,avg_total_bits,296.351518,0.939078,297.772300,0.260299,50
100,EAQ_CBB,avg_query_efficiency,1.205421,0.008691,1.220587,0.002409,50
100,EAQ_CBB,peak_stack_depth,2457.560000,6.064820,2467.100000,1.681082,50
100,EAQ_CBB,avg_tag_responses,3.786032,0.014770,3.808570,0.004094,50
100,EMDT,total_protocol_time_ms,14042.010550,121.348196,14251.746125,33.636004,50
100,EMDT,throughput_tags_per_sec,712.200439,6.106070,720.594925,1.692516,50
100,EMDT,system_efficiency,0.503073,0.006772,0.513484,0.001877,50
100,EMDT,collision_slots,5935.540000,119.326376,6140.900000,33.075584,50
100,EMDT,idle_slots,3945.840000,162.864707,4243.950000,45.143793,50
100,EMDT,total_energy_uj,7013898.876135,76135.460917,7125583.377225,21103.673076,50
100,EMDT,total_listening_energy_uj,7012650.350535,76137.046331,7124337.598825,21104.112530,50
100,EMDT,total_transmission_energy_uj,1248.525600,7.038111,1259.952200,1.950865,50
100,EMDT,total_bits,1762896.240000,6487.226037,1773532.700000,1798.167317,50
100,EMDT,avg_tag_bits,151.817792,0.424993,152.492960,0.117802,50
100,EMDT,avg_reader_bits,24.471832,0.264558,24.898830,0.073332,50
100,EMDT,avg_total_bits,176.289624,0.648723,177.353270,0.179817,50
100,EMDT,avg_query_efficiency,1.685422,0.033298,1.730451,0.009230,50
100,EMDT,peak_stack_depth,46.520000,1.343769,48.000000,0.372474,50
100,EMDT,avg_tag_responses,5.312566,0.022839,5.353440,0.006331,50
100,FHS_RAC,total_protocol_time_ms,15889.742600,21.400183,15919.979750,5.931828,50
100,FHS_RAC,throughput_tags_per_sec,629.337934,0.847710,630.706483,0.234973,50
100,FHS_RAC,system_efficiency,0.556195,0.001230,0.558198,0.000341,50
100,FHS_RAC,collision_slots,6339.980000,21.227139,6372.650000,5.883863,50
100,FHS_RAC,idle_slots,1639.420000,34.202930,1686.200000,9.480568,50
100,FHS_RAC,total_energy_uj,7948121.004118,12444.489986,7970837.106369,3449.436637,50
100,FHS_RAC,total_listening_energy_uj,7946323.501517,12442.214061,7969034.678344,3448.805783,50
100,FHS_RAC,total_transmission_energy_uj,1797.502600,3.020491,1801.820800,0.837237,50
100,FHS_RAC,total_bits,1667912.720000,1472.057896,1669991.600000,408.033631,50
100,FHS_RAC,avg_tag_bits,102.554856,0.010983,102.572720,0.003044,50
100,FHS_RAC,avg_reader_bits,64.236416,0.152375,64.455000,0.042236,50
100,FHS_RAC,avg_total_bits,166.791272,0.147206,166.999160,0.040803,50
100,FHS_RAC,avg_query_efficiency,1.577309,0.005283,1.584862,0.001464,50
100,FHS_RAC,peak_stack_depth,22.560000,1.052887,24.550000,0.291845,50
100,FHS_RAC,avg_tag_responses,8.368642,0.005402,8.376650,0.001497,50
100,HLCT-Base,total_protocol_time_ms,13488.548550,32.270855,13532.146937,8.945025,50
100,HLCT-Base,throughput_tags_per_sec,741.373773,1.774903,744.067899,0.491978,50
100,HLCT-Base,system_efficiency,0.325766,0.002086,0.329605,0.000578,50
100,HLCT-Base,collision_slots,3985.840000,32.117997,4033.650000,8.902654,50
100,HLCT-Base,idle_slots,16712.300000,186.913518,16994.650000,51.809784,50
100,HLCT-Base,total_energy_uj,6831973.847342,18895.378713,6858675.678169,5237.531765,50
100,HLCT-Base,total_listening_energy_uj,6830463.231593,18891.879229,6857161.370519,5236.561758,50
100,HLCT-Base,total_transmission_energy_uj,1510.615750,4.020710,1516.847300,1.114484,50
100,HLCT-Base,total_bits,1873169.660000,3253.430946,1878005.850000,901.805049,50
100,HLCT-Base,avg_tag_bits,149.048238,0.187381,149.339295,0.051939,50
100,HLCT-Base,avg_reader_bits,38.268728,0.165476,38.531150,0.045868,50
100,HLCT-Base,avg_total_bits,187.316966,0.325343,187.800585,0.090181,50
100,HLCT-Base,avg_query_efficiency,2.509041,0.020238,2.538555,0.005610,50
100,HLCT-Base,peak_stack_depth,1813.300000,13.693809,1837.850000,3.795730,50
100,HLCT-Base,ovg_trigger_count,50.140000,6.767298,62.100000,1.875799,50
100,HLCT-Base,fallback_invocation_count,1.440000,0.611455,2.550000,0.169487,50
100,HLCT-Base,fallback_invocation_ratio,0.000366,0.000155,0.000648,0.000043,50
100,HLCT-Base,prefix_stagnation_trigger_count,12.520000,3.240307,18.550000,0.898167,50
100,HLCT-Base,prefix_stag_score_trigger_count,13.040000,3.232236,19.000000,0.895930,50
100,HLCT-Base,repeated_pattern_trigger_count,0.060000,0.239898,0.550000,0.066496,50
100,HLCT-Base,ovg_success_count,0.280000,0.607437,2.000000,0.168373,50
100,HLCT-Base,post_ovg_singleton_count,0.300000,0.677631,2.000000,0.187830,50
100,HLCT-Base,ovg_fallback_avoid_count,0.000000,0.000000,0.000000,0.000000,50
100,HLCT-Base,ovg_rehash_count,12.260000,3.391526,18.000000,0.940083,50
100,HLCT-Base,ovg_width_up_count,0.000000,0.000000,0.000000,0.000000,50
100,HLCT-Base,ovg_width_down_count,12.520000,3.259147,18.000000,0.903390,50
100,HLCT-Base,ovg_no_singleton_count,12.260000,3.391526,18.000000,0.940083,50
100,HLCT-Base,inspect_collision_count,58.280000,7.505209,69.550000,2.080338,50
100,HLCT-Base,fcw_cache_created_count,3870.100000,29.279268,3919.100000,8.115799,50
100,HLCT-Base,fcw_cache_hit_count,3864.760000,28.683039,3913.100000,7.950533,50
100,HLCT-Base,fcw_cache_hit_ratio,0.998621,0.000499,0.999369,0.000138,50
100,HLCT-Base,fcw_fast_path_count,0.000000,0.000000,0.000000,0.000000,50
100,HLCT-Base,fcw_width_up_count,0.000000,0.000000,0.000000,0.000000,50
100,HLCT-Base,fcw_width_down_count,0.000000,0.000000,0.000000,0.000000,50
100,HLCT-Base,adaptive_cbit_r4_count,825.420000,15.427368,848.550000,4.276248,50
100,HLCT-Base,multibit_fallback_count,1.420000,0.609114,2.550000,0.168838,50
100,HLCT-Base,epc_verification_count,10057.460000,7.616336,10068.550000,2.111141,50
100,HLCT-Base,verify_fail_count,57.460000,7.616336,68.550000,2.111141,50
100,HLCT-Base,avg_tag_responses,6.429632,0.007188,6.440840,0.001992,50
100,HT_EEAC,total_protocol_time_ms,79813.288900,1602.586996,82098.004000,444.214452,50
100,HT_EEAC,throughput_tags_per_sec,125.341829,2.511908,129.630419,0.696265,50
100,HT_EEAC,system_efficiency,0.061619,0.001326,0.063890,0.000368,50
100,HT_EEAC,collision_slots,146388.220000,3510.209356,151404.950000,972.980393,50
100,HT_EEAC,idle_slots,5972.380000,162.330589,6223.000000,44.995744,50
100,HT_EEAC,total_energy_uj,46941525.089504,1114536.557216,48748852.838068,308933.772135,50
100,HT_EEAC,total_listening_energy_uj,46932630.117344,1114359.138949,48739721.789468,308884.594301,50
100,HT_EEAC,total_transmission_energy_uj,8894.972160,182.114146,9154.481200,50.479466,50
100,HT_EEAC,total_bits,7074144.720000,133157.559027,7264100.000000,36909.392278,50
100,HT_EEAC,avg_tag_bits,350.221152,5.616335,358.247920,1.556769,50
100,HT_EEAC,avg_reader_bits,357.193320,7.702893,368.162080,2.135133,50
100,HT_EEAC,avg_total_bits,707.414472,13.315756,726.410000,3.690939,50
100,HT_EEAC,avg_query_efficiency,0.068350,0.001637,0.071147,0.000454,50
100,HT_EEAC,avg_tag_responses,253.597202,12.123679,275.072805,3.360512,50
100,ICT,total_protocol_time_ms,21296.545250,1.338967,21298.612500,0.371143,50
100,ICT,throughput_tags_per_sec,469.559730,0.029522,469.605985,0.008183,50
100,ICT,system_efficiency,0.500025,0.000000,0.500025,0.000000,50
100,ICT,collision_slots,9999.000000,0.000000,9999.000000,0.000000,50
100,ICT,idle_slots,0.000000,0.000000,0.000000,0.000000,50
100,ICT,total_energy_uj,10662913.431435,913.657616,10664529.135969,253.252970,50
100,ICT,total_listening_energy_uj,10654702.668075,913.087954,10656318.252569,253.095068,50
100,ICT,total_transmission_energy_uj,8210.763360,2.282367,8214.137150,0.632640,50
100,ICT,total_bits,14310779.400000,4371.499248,14317290.100000,1211.717771,50
100,ICT,avg_tag_bits,1360.719696,0.432643,1361.389320,0.119923,50
100,ICT,avg_reader_bits,70.358244,0.021423,70.391320,0.005938,50
100,ICT,avg_total_bits,1431.077940,0.437150,1431.729010,0.121172,50
100,ICT,avg_query_efficiency,1.000100,0.000000,1.000100,0.000000,50
100,ICT,peak_stack_depth,14.960000,0.604743,16.000000,0.167626,50
100,ICT,avg_tag_responses,14.620504,0.005031,14.627975,0.001395,50
100,LAPCT,total_protocol_time_ms,26661.075825,0.671179,26662.116250,0.186041,50
100,LAPCT,throughput_tags_per_sec,375.078638,0.009442,375.093298,0.002617,50
100,LAPCT,system_efficiency,0.498969,0.000018,0.498977,0.000005,50
100,LAPCT,collision_slots,10041.320000,0.740656,10043.000000,0.205299,50
100,LAPCT,idle_slots,0.000000,0.000000,0.000000,0.000000,50
100,LAPCT,total_energy_uj,13346359.871845,495.690727,13347143.729169,137.398460,50
100,LAPCT,total_listening_energy_uj,13338323.298695,494.557466,13339104.092619,137.084336,50
100,LAPCT,total_transmission_energy_uj,8036.573150,4.162171,8041.340025,1.153695,50
100,LAPCT,total_bits,11391160.480000,8202.031374,11400751.400000,2273.487106,50
100,LAPCT,avg_tag_bits,983.049854,0.816389,984.017295,0.226291,50
100,LAPCT,avg_reader_bits,156.066194,0.011125,156.083660,0.003084,50
100,LAPCT,avg_total_bits,1139.116048,0.820203,1140.075140,0.227349,50
100,LAPCT,avg_query_efficiency,0.995885,0.000073,0.995917,0.000020,50
100,LAPCT,peak_stack_depth,17.880000,0.773014,19.000000,0.214269,50
100,LAPCT,avg_tag_responses,11.617382,0.008988,11.627975,0.002491,50
100,NLHQT(n=1),total_protocol_time_ms,26363.587300,82.891951,26470.457188,22.976477,50
100,NLHQT(n=1),throughput_tags_per_sec,379.314728,1.193362,381.121645,0.330783,50
100,NLHQT(n=1),system_efficiency,0.257358,0.000990,0.258859,0.000275,50
100,NLHQT(n=1),collision_slots,28856.880000,149.422923,29049.500000,41.417921,50
100,NLHQT(n=1),idle_slots,0.000000,0.000000,0.000000,0.000000,50
100,NLHQT(n=1),total_energy_uj,13198089.935398,48670.120389,13287367.431306,13490.669090,50
100,NLHQT(n=1),total_listening_energy_uj,13195229.777687,48664.987347,13284499.161681,13489.246283,50
100,NLHQT(n=1),total_transmission_energy_uj,2860.157710,6.265248,2868.210675,1.736638,50
100,NLHQT(n=1),total_bits,3047251.100000,3257.789449,3051411.750000,903.013164,50
100,NLHQT(n=1),avg_tag_bits,215.622966,0.017482,215.645985,0.004846,50
100,NLHQT(n=1),avg_reader_bits,89.102144,0.309101,89.500320,0.085678,50
100,NLHQT(n=1),avg_total_bits,304.725110,0.325779,305.141175,0.090301,50
100,NLHQT(n=1),avg_query_efficiency,0.346547,0.001796,0.349272,0.000498,50
100,NLHQT(n=1),peak_stack_depth,14.960000,0.604743,16.000000,0.167626,50
100,NLHQT(n=1),avg_tag_responses,16.622966,0.017482,16.645985,0.004846,50
100,NLHQT(n=2),total_protocol_time_ms,18873.197850,42.659526,18938.680500,11.824617,50
100,NLHQT(n=2),throughput_tags_per_sec,529.854567,1.198017,531.803983,0.332073,50
100,NLHQT(n=2),system_efficiency,0.354367,0.000807,0.355702,0.000224,50
100,NLHQT(n=2),collision_slots,18219.440000,64.190456,18303.950000,17.792687,50
100,NLHQT(n=2),idle_slots,0.000000,0.000000,0.000000,0.000000,50
100,NLHQT(n=2),total_energy_uj,9446942.477400,28120.545129,9494179.361737,7794.617435,50
100,NLHQT(n=2),total_listening_energy_uj,9444544.289260,28117.854151,9491777.418038,7793.871534,50
100,NLHQT(n=2),total_transmission_energy_uj,2398.188140,3.421905,2403.191250,0.948504,50
100,NLHQT(n=2),total_bits,2827531.000000,1838.580963,2830191.000000,509.628642,50
100,NLHQT(n=2),avg_tag_bits,217.124924,0.017799,217.149650,0.004934,50
100,NLHQT(n=2),avg_reader_bits,65.628176,0.166861,65.873050,0.046252,50
100,NLHQT(n=2),avg_total_bits,282.753100,0.183858,283.019100,0.050963,50
100,NLHQT(n=2),avg_query_efficiency,0.548871,0.001935,0.552076,0.000536,50
100,NLHQT(n=2),peak_stack_depth,20.960000,0.807111,22.000000,0.223720,50
100,NLHQT(n=2),avg_tag_responses,9.562462,0.008899,9.574825,0.002467,50
100,SD-CGQT,total_protocol_time_ms,4194.516225,65.035420,4295.654937,18.026899,50
100,SD-CGQT,throughput_tags_per_sec,2384.623942,36.781564,2444.979632,10.195329,50
100,SD-CGQT,system_efficiency,0.412189,0.002057,0.415995,0.000570,50
100,SD-CGQT,collision_slots,2723.620000,35.619239,2784.300000,9.873149,50
100,SD-CGQT,idle_slots,0.000000,0.000000,0.000000,0.000000,50
100,SD-CGQT,total_energy_uj,1858563.402000,33871.595812,1915968.167588,9388.727355,50
100,SD-CGQT,total_listening_energy_uj,1857228.940020,33864.904747,1914617.533037,9386.872686,50
100,SD-CGQT,total_transmission_energy_uj,1334.461980,10.355850,1350.561850,2.870495,50
100,SD-CGQT,total_bits,2196376.140000,14346.130745,2218519.450000,3976.544563,50
100,SD-CGQT,avg_tag_bits,203.886020,1.239303,205.859025,0.343517,50
100,SD-CGQT,avg_reader_bits,15.751594,0.235390,16.138695,0.065247,50
100,SD-CGQT,avg_total_bits,219.637614,1.434613,221.851945,0.397654,50
100,SD-CGQT,avg_query_efficiency,3.672195,0.047655,3.743043,0.013209,50
100,SD-CGQT,avg_tag_responses,10.869602,0.064379,10.982510,0.017845,50
100,SGCT,total_protocol_time_ms,11502.444500,38.041510,11566.120500,10.544569,50
100,SGCT,throughput_tags_per_sec,869.389734,2.874691,873.855364,0.796824,50
100,SGCT,system_efficiency,0.840263,0.002965,0.844909,0.000822,50
100,SGCT,collision_slots,1901.180000,42.010538,1971.800000,11.644727,50
100,SGCT,idle_slots,0.000000,0.000000,0.000000,0.000000,50
100,SGCT,total_energy_uj,5775416.814103,20664.213206,5808565.043162,5727.827672,50
100,SGCT,total_listening_energy_uj,5774071.575672,20659.830237,5807210.557637,5726.612775,50
100,SGCT,total_transmission_energy_uj,1345.238430,5.142361,1353.879625,1.425390,50
100,SGCT,total_bits,1694820.180000,3121.552437,1700207.300000,865.250191,50
100,SGCT,avg_tag_bits,136.293462,0.074612,136.422845,0.020681,50
100,SGCT,avg_reader_bits,33.188556,0.238868,33.587270,0.066211,50
100,SGCT,avg_total_bits,169.482018,0.312155,170.020730,0.086525,50
100,SGCT,avg_query_efficiency,5.262407,0.116247,5.447836,0.032222,50
100,SGCT,peak_stack_depth,258.340000,1.364417,260.000000,0.378197,50
100,SGCT,progressive_probe_count,952.260000,21.180285,988.400000,5.870876,50
100,SGCT,signature_grouping_trigger_count,949.920000,20.854051,984.850000,5.780448,50
100,SGCT,local_short_id_trigger_count,257.000000,0.000000,257.000000,0.000000,50
100,SGCT,signature_groups_pruned,65929.800000,312.810760,66453.750000,86.706719,50
100,SGCT,sparse_signature_groups,10948.920000,20.854051,10983.850000,5.780448,50
100,SGCT,signature_marker_bits,21423.220000,43.649480,21502.750000,12.099019,50
100,SGCT,signature_marker_tag_bits,21423.220000,43.649480,21502.750000,12.099019,50
100,SGCT,signature_non_idle_marker_count,10948.920000,20.854051,10983.850000,5.780448,50
100,SGCT,signature_collision_groups,948.920000,20.854051,983.850000,5.780448,50
100,SGCT,signature_singleton_groups,10000.000000,0.000000,10000.000000,0.000000,50
100,SGCT,low_d_fallback_count,0.000000,0.000000,0.000000,0.000000,50
100,SGCT,suffix_signature_trigger_count,0.000000,0.000000,0.000000,0.000000,50
100,SGCT,hash_short_id_round_count,0.000000,0.000000,0.000000,0.000000,50
100,SGCT,hash_short_id_split_count,0.000000,0.000000,0.000000,0.000000,50
100,SGCT,hash_short_id_collision_groups,0.000000,0.000000,0.000000,0.000000,50
100,SGCT,hash_short_id_singleton_groups,0.000000,0.000000,0.000000,0.000000,50
100,SGCT,small_cluster_guard_count,0.000000,0.000000,0.000000,0.000000,50
100,SGCT,max_signature_d,8.000000,0.000000,8.000000,0.000000,50
100,SGCT,epc_verification_count,10000.000000,0.000000,10000.000000,0.000000,50
100,SGCT,verify_fail_count,0.000000,0.000000,0.000000,0.000000,50
100,SGCT,avg_tag_responses,4.285112,0.008789,4.301240,0.002436,50
100,SUBF-CGDFSA,total_protocol_time_ms,12079.836250,108.533679,12249.016125,30.084001,50
100,SUBF-CGDFSA,throughput_tags_per_sec,827.891512,7.464570,840.194796,2.069073,50
100,SUBF-CGDFSA,system_efficiency,0.000000,0.000000,0.000000,0.000000,50
100,SUBF-CGDFSA,collision_slots,0.000000,0.000000,0.000000,0.000000,50
100,SUBF-CGDFSA,idle_slots,0.000000,0.000000,0.000000,0.000000,50
100,SUBF-CGDFSA,total_energy_uj,6053267.082885,54478.084724,6147485.707137,15100.554669,50
100,SUBF-CGDFSA,total_listening_energy_uj,6052063.195325,54461.825033,6146254.230137,15096.047712,50
100,SUBF-CGDFSA,total_transmission_energy_uj,1203.887560,19.208195,1232.544900,5.324240,50
100,SUBF-CGDFSA,total_bits,2395912.280000,38228.636560,2452086.800000,10596.437434,50
100,SUBF-CGDFSA,avg_tag_bits,239.195800,3.816979,244.775500,1.058013,50
100,SUBF-CGDFSA,avg_reader_bits,0.395428,0.027441,0.443630,0.007606,50
100,SUBF-CGDFSA,avg_total_bits,239.591228,3.822864,245.208680,1.059644,50
100,SUBF-CGDFSA,avg_query_efficiency,10000.000000,0.000000,10000.000000,0.000000,50
128,DQTA(k_max=3),total_protocol_time_ms,20240.837900,81.426000,20372.756375,22.570136,50
128,DQTA(k_max=3),throughput_tags_per_sec,494.058538,1.989821,497.552965,0.551550,50
128,DQTA(k_max=3),system_efficiency,0.330455,0.001868,0.333770,0.000518,50
128,DQTA(k_max=3),collision_slots,9284.920000,62.005872,9394.100000,17.187151,50
128,DQTA(k_max=3),idle_slots,10977.300000,140.928734,11165.300000,39.063452,50
128,DQTA(k_max=3),total_energy_uj,10139201.461292,46372.820813,10208700.176444,12853.890135,50
128,DQTA(k_max=3),total_listening_energy_uj,10132320.579743,46363.078773,10201804.584419,12851.189780,50
128,DQTA(k_max=3),total_transmission_energy_uj,6880.881550,11.638126,6896.865075,3.225924,50
128,DQTA(k_max=3),total_bits,12748482.620000,16405.078201,12770937.750000,4547.255680,50
128,DQTA(k_max=3),avg_tag_bits,1241.072246,1.419711,1242.981165,0.393524,50
128,DQTA(k_max=3),avg_reader_bits,33.776016,0.241439,34.194065,0.066924,50
128,DQTA(k_max=3),avg_total_bits,1274.848262,1.640508,1277.093775,0.454726,50
128,DQTA(k_max=3),avg_query_efficiency,1.077062,0.007204,1.089147,0.001997,50
128,DQTA(k_max=3),peak_stack_depth,27.580000,0.905539,29.000000,0.251002,50
128,DQTA(k_max=3),avg_tag_responses,5.165250,0.006330,5.173720,0.001755,50
128,DRCT,total_protocol_time_ms,17324.372125,74.657717,17433.399750,20.694063,50
128,DRCT,throughput_tags_per_sec,577.231990,2.484751,580.145454,0.688738,50
128,DRCT,system_efficiency,0.346429,0.002487,0.349718,0.000689,50
128,DRCT,collision_slots,14432.700000,103.852181,14596.300000,28.786356,50
128,DRCT,idle_slots,4434.700000,103.852181,4598.300000,28.786356,50
128,DRCT,total_energy_uj,8683720.023780,43588.088622,8746541.814056,12082.001753,50
128,DRCT,energy_per_tag_uj,868.372002,4.358809,874.654181,1.208200,50
128,DRCT,total_reader_tx_energy_uj,1163.829120,8.789409,1178.148200,2.436300,50
128,DRCT,total_tag_tx_energy_uj,911.396610,2.376182,915.520525,0.658644,50
128,DRCT,total_listening_energy_uj,8681644.798050,43579.462207,8744455.787231,12079.610633,50
128,DRCT,total_transmission_energy_uj,2075.225730,9.713796,2089.167775,2.692527,50
128,DRCT,total_bits,2404707.780000,7304.536553,2415310.150000,2024.714233,50
128,DRCT,avg_tag_bits,182.279322,0.475236,183.104105,0.131729,50
128,DRCT,avg_reader_bits,58.191456,0.439470,58.907410,0.121815,50
128,DRCT,avg_total_bits,240.470778,0.730454,241.531015,0.202471,50
128,DRCT,avg_query_efficiency,0.692906,0.004975,0.699484,0.001379,50
128,DRCT,peak_stack_depth,13.080000,0.488229,14.000000,0.135330,50
128,DRCT,avg_tag_responses,14.621388,0.022110,14.654850,0.006129,50
128,EAQ_CBB,total_protocol_time_ms,27210.144500,62.877772,27296.418125,17.428829,50
128,EAQ_CBB,throughput_tags_per_sec,367.511917,0.849961,368.808080,0.235597,50
128,EAQ_CBB,system_efficiency,0.545960,0.002033,0.549061,0.000564,50
128,EAQ_CBB,collision_slots,8316.600000,68.131026,8411.500000,18.884957,50
128,EAQ_CBB,idle_slots,0.000000,0.000000,0.000000,0.000000,50
128,EAQ_CBB,total_energy_uj,13607788.082402,35066.492630,13654112.991756,9719.935855,50
128,EAQ_CBB,total_listening_energy_uj,13603296.017653,35058.042608,13649614.338481,9717.593628,50
128,EAQ_CBB,total_transmission_energy_uj,4492.064750,9.473530,4506.137475,2.625929,50
128,EAQ_CBB,total_bits,3636714.460000,11843.704461,3654363.150000,3282.907386,50
128,EAQ_CBB,avg_tag_bits,185.424278,0.954215,186.841215,0.264495,50
128,EAQ_CBB,avg_reader_bits,178.247168,0.243337,178.564370,0.067450,50
128,EAQ_CBB,avg_total_bits,363.671446,1.184370,365.436315,0.328291,50
128,EAQ_CBB,avg_query_efficiency,1.202494,0.009881,1.217597,0.002739,50
128,EAQ_CBB,peak_stack_depth,2456.240000,5.589933,2467.000000,1.549450,50
128,EAQ_CBB,avg_tag_responses,3.789972,0.015309,3.812570,0.004243,50
128,EMDT,total_protocol_time_ms,16717.455350,143.947759,16980.769500,39.900283,50
128,EMDT,throughput_tags_per_sec,598.220496,5.135604,606.457546,1.423517,50
128,EMDT,system_efficiency,0.499974,0.006131,0.509116,0.001699,50
128,EMDT,collision_slots,5981.180000,114.829366,6186.600000,31.829076,50
128,EMDT,idle_slots,4022.800000,144.626048,4279.850000,40.088295,50
128,EMDT,total_energy_uj,8352215.356900,83365.147888,8495893.035813,23107.640064,50
128,EMDT,total_listening_energy_uj,8350829.722980,83365.794269,8494506.341013,23107.819231,50
128,EMDT,total_transmission_energy_uj,1385.633920,7.204263,1397.930400,1.996920,50
128,EMDT,total_bits,2039816.240000,6150.985342,2050746.100000,1704.966151,50
128,EMDT,avg_tag_bits,179.599904,0.376256,180.157440,0.104293,50
128,EMDT,avg_reader_bits,24.381720,0.286847,24.785860,0.079510,50
128,EMDT,avg_total_bits,203.981624,0.615099,205.074610,0.170497,50
128,EMDT,avg_query_efficiency,1.672510,0.031873,1.723899,0.008835,50
128,EMDT,peak_stack_depth,46.920000,1.614223,50.000000,0.447440,50
128,EMDT,avg_tag_responses,5.320746,0.024102,5.366755,0.006681,50
128,FHS_RAC,total_protocol_time_ms,17641.761750,24.608347,17674.665750,6.821086,50
128,FHS_RAC,throughput_tags_per_sec,566.837894,0.791171,568.168267,0.219301,50
128,FHS_RAC,system_efficiency,0.556048,0.001415,0.558413,0.000392,50
128,FHS_RAC,collision_slots,6342.200000,27.880942,6387.650000,7.728203,50
128,FHS_RAC,idle_slots,1641.960000,34.946583,1699.850000,9.686699,50
128,FHS_RAC,total_energy_uj,8825294.904735,14901.134649,8847692.455350,4130.383796,50
128,FHS_RAC,total_listening_energy_uj,8823357.144715,14898.311919,8845749.873475,4129.601375,50
128,FHS_RAC,total_transmission_energy_uj,1937.760020,3.450646,1942.384500,0.956470,50
128,FHS_RAC,total_bits,1948057.840000,1686.591786,1950343.500000,467.499392,50
128,FHS_RAC,avg_tag_bits,130.557044,0.012625,130.578565,0.003500,50
128,FHS_RAC,avg_reader_bits,64.248740,0.173919,64.480850,0.048208,50
128,FHS_RAC,avg_total_bits,194.805784,0.168659,195.034350,0.046750,50
128,FHS_RAC,avg_query_efficiency,1.576770,0.006930,1.587579,0.001921,50
128,FHS_RAC,peak_stack_depth,22.320000,0.913392,24.000000,0.253179,50
128,FHS_RAC,avg_tag_responses,8.367872,0.007032,8.378135,0.001949,50
128,HLCT-Base,total_protocol_time_ms,15243.710875,31.638177,15292.120000,8.769655,50
128,HLCT-Base,throughput_tags_per_sec,656.011013,1.361606,657.910953,0.377418,50
128,HLCT-Base,system_efficiency,0.326347,0.002168,0.329685,0.000601,50
128,HLCT-Base,collision_slots,3986.900000,30.488037,4021.100000,8.450853,50
128,HLCT-Base,idle_slots,16656.700000,191.996838,16921.250000,53.218808,50
128,HLCT-Base,total_energy_uj,7713369.591060,20319.711041,7744661.408306,5632.336544,50
128,HLCT-Base,total_listening_energy_uj,7711717.679900,20316.563313,7743004.785931,5631.464038,50
128,HLCT-Base,total_transmission_energy_uj,1651.911160,3.710670,1657.341700,1.028545,50
128,HLCT-Base,total_bits,2155736.540000,3059.995886,2160719.300000,848.187586,50
128,HLCT-Base,avg_tag_bits,177.304128,0.204294,177.569340,0.056628,50
128,HLCT-Base,avg_reader_bits,38.269526,0.158490,38.459925,0.043931,50
128,HLCT-Base,avg_total_bits,215.573654,0.306000,216.071930,0.084819,50
128,HLCT-Base,avg_query_efficiency,2.508358,0.019214,2.540821,0.005326,50
128,HLCT-Base,peak_stack_depth,1817.720000,15.906667,1843.550000,4.409103,50
128,HLCT-Base,ovg_trigger_count,48.520000,6.312411,60.550000,1.749711,50
128,HLCT-Base,fallback_invocation_count,1.400000,0.606092,2.550000,0.168000,50
128,HLCT-Base,fallback_invocation_ratio,0.000356,0.000154,0.000648,0.000043,50
128,HLCT-Base,prefix_stagnation_trigger_count,12.160000,2.978563,16.000000,0.825616,50
128,HLCT-Base,prefix_stag_score_trigger_count,12.620000,2.769292,16.550000,0.767609,50
128,HLCT-Base,repeated_pattern_trigger_count,0.060000,0.239898,0.550000,0.066496,50
128,HLCT-Base,ovg_success_count,0.380000,0.567486,1.000000,0.157299,50
128,HLCT-Base,post_ovg_singleton_count,0.420000,0.641745,2.000000,0.177883,50
128,HLCT-Base,ovg_fallback_avoid_count,0.000000,0.000000,0.000000,0.000000,50
128,HLCT-Base,ovg_rehash_count,11.900000,2.929442,16.000000,0.812000,50
128,HLCT-Base,ovg_width_up_count,0.000000,0.000000,0.000000,0.000000,50
128,HLCT-Base,ovg_width_down_count,12.200000,2.989779,16.000000,0.828724,50
128,HLCT-Base,ovg_no_singleton_count,11.900000,2.929442,16.000000,0.812000,50
128,HLCT-Base,inspect_collision_count,56.080000,7.264226,65.550000,2.013541,50
128,HLCT-Base,fcw_cache_created_count,3875.600000,31.711712,3920.650000,8.790038,50
128,HLCT-Base,fcw_cache_hit_count,3870.440000,31.580257,3912.100000,8.753601,50
128,HLCT-Base,fcw_cache_hit_ratio,0.998669,0.000697,0.999484,0.000193,50
128,HLCT-Base,fcw_fast_path_count,0.000000,0.000000,0.000000,0.000000,50
128,HLCT-Base,fcw_width_up_count,0.000000,0.000000,0.000000,0.000000,50
128,HLCT-Base,fcw_width_down_count,0.000000,0.000000,0.000000,0.000000,50
128,HLCT-Base,adaptive_cbit_r4_count,818.660000,17.409369,848.650000,4.825631,50
128,HLCT-Base,multibit_fallback_count,1.340000,0.557326,2.000000,0.154483,50
128,HLCT-Base,epc_verification_count,10055.220000,7.293525,10065.000000,2.021662,50
128,HLCT-Base,verify_fail_count,55.220000,7.293525,65.000000,2.021662,50
128,HLCT-Base,avg_tag_responses,6.428428,0.006518,6.438700,0.001807,50
128,HT_EEAC,total_protocol_time_ms,81317.135900,1645.065443,83749.035125,455.988877,50
128,HT_EEAC,throughput_tags_per_sec,123.024173,2.465487,126.410161,0.683398,50
128,HT_EEAC,system_efficiency,0.061831,0.001363,0.063709,0.000378,50
128,HT_EEAC,collision_slots,145884.720000,3571.664787,151201.350000,990.014969,50
128,HT_EEAC,idle_slots,5925.560000,142.434254,6144.600000,39.480761,50
128,HT_EEAC,total_energy_uj,47669292.488490,1148822.728053,49393227.628937,318437.413824,50
128,HT_EEAC,total_listening_energy_uj,47660285.758410,1148638.288770,49383944.493937,318386.289863,50
128,HT_EEAC,total_transmission_energy_uj,9006.730080,187.177138,9283.135000,51.882856,50
128,HT_EEAC,total_bits,7333981.680000,136432.828360,7535983.700000,37817.250619,50
128,HT_EEAC,avg_tag_bits,377.415552,5.714664,385.922160,1.584024,50
128,HT_EEAC,avg_reader_bits,355.982616,7.931092,367.676210,2.198387,50
128,HT_EEAC,avg_total_bits,733.398168,13.643283,753.598370,3.781725,50
128,HT_EEAC,avg_query_efficiency,0.068587,0.001661,0.070869,0.000460,50
128,HT_EEAC,avg_tag_responses,251.491602,11.136035,271.405075,3.086751,50
128,ICT,total_protocol_time_ms,24796.094750,1.612140,24798.409375,0.446863,50
128,ICT,throughput_tags_per_sec,403.289314,0.026221,403.332199,0.007268,50
128,ICT,system_efficiency,0.500025,0.000000,0.500025,0.000000,50
128,ICT,collision_slots,9999.000000,0.000000,9999.000000,0.000000,50
128,ICT,idle_slots,0.000000,0.000000,0.000000,0.000000,50
128,ICT,total_energy_uj,12416098.572095,1085.437000,12417686.005213,300.867786,50
128,ICT,total_listening_energy_uj,12405841.478695,1085.150944,12407429.016638,300.788496,50
128,ICT,total_transmission_energy_uj,10257.093400,3.077500,10262.259250,0.853039,50
128,ICT,total_bits,18403571.720000,5911.434347,18412879.700000,1638.566003,50
128,ICT,avg_tag_bits,1770.003336,0.585077,1770.900990,0.162175,50
128,ICT,avg_reader_bits,70.353836,0.025794,70.390870,0.007150,50
128,ICT,avg_total_bits,1840.357172,0.591143,1841.287970,0.163857,50
128,ICT,avg_query_efficiency,1.000100,0.000000,1.000100,0.000000,50
128,ICT,peak_stack_depth,14.880000,0.627271,16.000000,0.173871,50
128,ICT,avg_tag_responses,14.619646,0.005183,14.627800,0.001437,50
128,LAPCT,total_protocol_time_ms,31914.476675,0.800235,31915.633688,0.221814,50
128,LAPCT,throughput_tags_per_sec,313.337427,0.007857,313.350097,0.002178,50
128,LAPCT,system_efficiency,0.498965,0.000024,0.498977,0.000007,50
128,LAPCT,collision_slots,10041.480000,0.952762,10043.000000,0.264092,50
128,LAPCT,idle_slots,0.000000,0.000000,0.000000,0.000000,50
128,LAPCT,total_energy_uj,15976520.448135,577.916756,15977513.111019,160.190352,50
128,LAPCT,total_listening_energy_uj,15966438.877165,576.871593,15967426.317669,159.900648,50
128,LAPCT,total_transmission_energy_uj,10081.570970,6.310867,10088.769350,1.749283,50
128,LAPCT,total_bits,14641236.160000,12454.402961,14655409.400000,3452.184373,50
128,LAPCT,avg_tag_bits,1280.060090,1.240108,1281.464720,0.343740,50
128,LAPCT,avg_reader_bits,184.063526,0.013540,184.083435,0.003753,50
128,LAPCT,avg_total_bits,1464.123616,1.245440,1465.540940,0.345218,50
128,LAPCT,avg_query_efficiency,0.995869,0.000094,0.995917,0.000026,50
128,LAPCT,peak_stack_depth,17.920000,0.778276,19.000000,0.215727,50
128,LAPCT,avg_tag_responses,11.614994,0.010422,11.627125,0.002889,50
128,NLHQT(n=1),total_protocol_time_ms,30646.010375,133.023747,30857.711312,36.872302,50
128,NLHQT(n=1),throughput_tags_per_sec,326.312766,1.414547,328.198230,0.392092,50
128,NLHQT(n=1),system_efficiency,0.257279,0.001373,0.259091,0.000380,50
128,NLHQT(n=1),collision_slots,28869.400000,207.704362,29196.600000,57.572712,50
128,NLHQT(n=1),idle_slots,0.000000,0.000000,0.000000,0.000000,50
128,NLHQT(n=1),total_energy_uj,15347111.997543,76316.830815,15463281.290638,21153.946247,50
128,NLHQT(n=1),total_listening_energy_uj,15343971.520763,76309.274300,15460128.016538,21151.851687,50
128,NLHQT(n=1),total_transmission_energy_uj,3140.476780,8.576167,3154.709375,2.377192,50
128,NLHQT(n=1),total_bits,3607398.800000,4445.987593,3614792.600000,1232.364887,50
128,NLHQT(n=1),avg_tag_bits,271.621388,0.022110,271.654850,0.006129,50
128,NLHQT(n=1),avg_reader_bits,89.118492,0.423558,89.820505,0.117404,50
128,NLHQT(n=1),avg_total_bits,360.739880,0.444599,361.479260,0.123236,50
128,NLHQT(n=1),avg_query_efficiency,0.346405,0.002487,0.349693,0.000689,50
128,NLHQT(n=1),peak_stack_depth,14.880000,0.627271,16.000000,0.173871,50
128,NLHQT(n=1),avg_tag_responses,16.621388,0.022110,16.654850,0.006129,50
128,NLHQT(n=2),total_protocol_time_ms,21895.254800,73.233505,22015.764875,20.299292,50
128,NLHQT(n=2),throughput_tags_per_sec,456.724973,1.527910,459.011951,0.423515,50
128,NLHQT(n=2),system_efficiency,0.354235,0.001240,0.356108,0.000344,50
128,NLHQT(n=2),collision_slots,18230.180000,98.806694,18396.150000,27.387818,50
128,NLHQT(n=2),idle_slots,0.000000,0.000000,0.000000,0.000000,50
128,NLHQT(n=2),total_energy_uj,10962091.550365,40733.826271,11022500.860275,11290.840594,50
128,NLHQT(n=2),total_listening_energy_uj,10959412.973925,40729.480605,11019814.109975,11289.636037,50
128,NLHQT(n=2),total_transmission_energy_uj,2678.576440,4.978467,2686.847700,1.379961,50
128,NLHQT(n=2),total_bits,3387722.720000,2650.516677,3392094.900000,734.685740,50
128,NLHQT(n=2),avg_tag_bits,273.124600,0.022579,273.159740,0.006258,50
128,NLHQT(n=2),avg_reader_bits,65.647672,0.243572,66.053350,0.067515,50
128,NLHQT(n=2),avg_total_bits,338.772272,0.265052,339.209490,0.073469,50
128,NLHQT(n=2),avg_query_efficiency,0.548557,0.002972,0.553056,0.000824,50
128,NLHQT(n=2),peak_stack_depth,21.120000,0.824126,22.550000,0.228436,50
128,NLHQT(n=2),avg_tag_responses,9.562300,0.011289,9.579870,0.003129,50
128,SD-CGQT,total_protocol_time_ms,4756.429600,94.132609,4900.538500,26.092228,50
128,SD-CGQT,throughput_tags_per_sec,2103.228980,41.861207,2170.013031,11.603335,50
128,SD-CGQT,system_efficiency,0.412406,0.002064,0.415515,0.000572,50
128,SD-CGQT,collision_slots,2727.760000,45.051245,2805.100000,12.487568,50
128,SD-CGQT,idle_slots,0.000000,0.000000,0.000000,0.000000,50
128,SD-CGQT,total_energy_uj,2113515.958893,48154.455307,2182282.561031,13347.734022,50
128,SD-CGQT,total_listening_energy_uj,2111938.685793,48140.274883,2180680.001406,13343.803409,50
128,SD-CGQT,total_transmission_energy_uj,1577.273100,16.326080,1602.824875,4.525359,50
128,SD-CGQT,total_bits,2680975.380000,24361.002205,2715605.250000,6752.525303,50
128,SD-CGQT,avg_tag_bits,252.311844,2.171562,255.219365,0.601926,50
128,SD-CGQT,avg_reader_bits,15.785694,0.298656,16.268635,0.082783,50
128,SD-CGQT,avg_total_bits,268.097538,2.436100,271.560525,0.675253,50
128,SD-CGQT,avg_query_efficiency,3.666991,0.060536,3.764565,0.016780,50
128,SD-CGQT,avg_tag_responses,10.872484,0.102486,11.033970,0.028408,50
128,SGCT,total_protocol_time_ms,13246.809775,44.283608,13328.946875,12.274790,50
128,SGCT,throughput_tags_per_sec,754.906999,2.521309,758.350589,0.698871,50
128,SGCT,system_efficiency,0.840707,0.003433,0.845387,0.000951,50
128,SGCT,collision_slots,1894.940000,48.621995,1986.000000,13.477329,50
128,SGCT,idle_slots,0.000000,0.000000,0.000000,0.000000,50
128,SGCT,total_energy_uj,6645807.000190,25717.719272,6692414.111400,7128.588088,50
128,SGCT,total_listening_energy_uj,6644322.551940,25712.273742,6690920.280250,7127.078664,50
128,SGCT,total_transmission_energy_uj,1484.448250,5.981163,1495.598725,1.657894,50
128,SGCT,total_bits,1974319.580000,3577.333376,1981084.250000,991.586222,50
128,SGCT,avg_tag_bits,164.279394,0.079116,164.424605,0.021930,50
128,SGCT,avg_reader_bits,33.152564,0.279562,33.668415,0.077491,50
128,SGCT,avg_total_bits,197.431958,0.357733,198.108425,0.099159,50
128,SGCT,avg_query_efficiency,5.280597,0.134676,5.467769,0.037330,50
128,SGCT,peak_stack_depth,258.360000,1.351643,261.000000,0.374656,50
128,SGCT,progressive_probe_count,949.060000,24.278495,995.000000,6.729655,50
128,SGCT,signature_grouping_trigger_count,946.880000,24.359250,992.000000,6.752040,50
128,SGCT,local_short_id_trigger_count,257.000000,0.000000,257.000000,0.000000,50
128,SGCT,signature_groups_pruned,65884.200000,365.388750,66561.000000,101.280594,50
128,SGCT,sparse_signature_groups,10945.880000,24.359250,10991.000000,6.752040,50
128,SGCT,signature_marker_bits,21415.200000,49.292960,21506.750000,13.663311,50
128,SGCT,signature_marker_tag_bits,21415.200000,49.292960,21506.750000,13.663311,50
128,SGCT,signature_non_idle_marker_count,10945.880000,24.359250,10991.000000,6.752040,50
128,SGCT,signature_collision_groups,945.880000,24.359250,991.000000,6.752040,50
128,SGCT,signature_singleton_groups,10000.000000,0.000000,10000.000000,0.000000,50
128,SGCT,low_d_fallback_count,0.000000,0.000000,0.000000,0.000000,50
128,SGCT,suffix_signature_trigger_count,0.000000,0.000000,0.000000,0.000000,50
128,SGCT,hash_short_id_round_count,0.000000,0.000000,0.000000,0.000000,50
128,SGCT,hash_short_id_split_count,0.000000,0.000000,0.000000,0.000000,50
128,SGCT,hash_short_id_collision_groups,0.000000,0.000000,0.000000,0.000000,50
128,SGCT,hash_short_id_singleton_groups,0.000000,0.000000,0.000000,0.000000,50
128,SGCT,small_cluster_guard_count,0.000000,0.000000,0.000000,0.000000,50
128,SGCT,max_signature_d,8.000000,0.000000,8.000000,0.000000,50
128,SGCT,epc_verification_count,10000.000000,0.000000,10000.000000,0.000000,50
128,SGCT,verify_fail_count,0.000000,0.000000,0.000000,0.000000,50
128,SGCT,avg_tag_responses,4.283476,0.009846,4.301550,0.002729,50
128,SUBF-CGDFSA,total_protocol_time_ms,14854.297100,129.575545,15035.720375,35.916509,50
128,SUBF-CGDFSA,throughput_tags_per_sec,673.256130,5.879654,683.941704,1.629757,50
128,SUBF-CGDFSA,system_efficiency,0.000000,0.000000,0.000000,0.000000,50
128,SUBF-CGDFSA,collision_slots,0.000000,0.000000,0.000000,0.000000,50
128,SUBF-CGDFSA,idle_slots,0.000000,0.000000,0.000000,0.000000,50
128,SUBF-CGDFSA,total_energy_uj,7460868.940650,65083.576793,7565537.424038,18040.247090,50
128,SUBF-CGDFSA,total_listening_energy_uj,7459332.729930,65061.905434,7563955.261637,18034.240096,50
128,SUBF-CGDFSA,total_transmission_energy_uj,1536.210720,24.802464,1572.630000,6.874892,50
128,SUBF-CGDFSA,total_bits,3060554.640000,49458.777047,3133399.800000,13709.273563,50
128,SUBF-CGDFSA,avg_tag_bits,305.659904,4.941247,312.944640,1.369644,50
128,SUBF-CGDFSA,avg_reader_bits,0.395560,0.024878,0.443630,0.006896,50
128,SUBF-CGDFSA,avg_total_bits,306.055464,4.945878,313.339980,1.370927,50
128,SUBF-CGDFSA,avg_query_efficiency,10000.000000,0.000000,10000.000000,0.000000,50
160,DQTA(k_max=3),total_protocol_time_ms,24095.827025,91.046754,24209.325063,25.236873,50
160,DQTA(k_max=3),throughput_tags_per_sec,415.015429,1.568979,417.804202,0.434899,50
160,DQTA(k_max=3),system_efficiency,0.330338,0.001848,0.333845,0.000512,50
160,DQTA(k_max=3),collision_slots,9282.920000,60.977025,9361.800000,16.901969,50
160,DQTA(k_max=3),idle_slots,10990.040000,148.355882,11189.250000,41.122153,50
160,DQTA(k_max=3),total_energy_uj,12079071.502165,51973.964836,12165508.388812,14406.448048,50
160,DQTA(k_max=3),total_listening_energy_uj,12070537.185885,51964.216730,12156954.811487,14403.746011,50
160,DQTA(k_max=3),total_transmission_energy_uj,8534.316280,12.402268,8551.784925,3.437733,50
160,DQTA(k_max=3),total_bits,16055409.800000,18220.560533,16083376.650000,5050.481709,50
160,DQTA(k_max=3),avg_tag_bits,1571.766888,1.611689,1574.341440,0.446737,50
160,DQTA(k_max=3),avg_reader_bits,33.774092,0.235535,34.095770,0.065287,50
160,DQTA(k_max=3),avg_total_bits,1605.540980,1.822056,1608.337665,0.505048,50
160,DQTA(k_max=3),avg_query_efficiency,1.077293,0.007083,1.089384,0.001963,50
160,DQTA(k_max=3),peak_stack_depth,27.480000,0.862838,29.000000,0.239167,50
160,DQTA(k_max=3),avg_tag_responses,5.165702,0.005604,5.174655,0.001553,50
160,DRCT,total_protocol_time_ms,19421.496050,72.247915,19536.985688,20.026100,50
160,DRCT,throughput_tags_per_sec,514.900376,1.915418,517.060025,0.530927,50
160,DRCT,system_efficiency,0.346200,0.002304,0.349139,0.000639,50
160,DRCT,collision_slots,14442.140000,96.175437,14590.350000,26.658471,50
160,DRCT,idle_slots,4444.140000,96.175437,4592.350000,26.658471,50
160,DRCT,total_energy_uj,9718434.375950,41849.556450,9789723.213169,11600.105221,50
160,DRCT,energy_per_tag_uj,971.843438,4.184956,978.972321,1.160011,50
160,DRCT,total_reader_tx_energy_uj,1164.732200,8.153379,1177.344400,2.260001,50
160,DRCT,total_tag_tx_energy_uj,1085.950540,3.367483,1091.168100,0.933419,50
160,DRCT,total_listening_energy_uj,9716183.693210,41841.047183,9787459.174569,11597.746572,50
160,DRCT,total_transmission_energy_uj,2250.682740,9.646289,2266.464200,2.673815,50
160,DRCT,total_bits,2754267.180000,8787.065428,2769533.600000,2435.650272,50
160,DRCT,avg_tag_bits,217.190108,0.673497,218.233620,0.186684,50
160,DRCT,avg_reader_bits,58.236610,0.407669,58.867220,0.113000,50
160,DRCT,avg_total_bits,275.426718,0.878707,276.953360,0.243565,50
160,DRCT,avg_query_efficiency,0.692448,0.004608,0.698327,0.001277,50
160,DRCT,peak_stack_depth,13.140000,0.606428,14.000000,0.168093,50
160,DRCT,avg_tag_responses,14.624244,0.021099,14.658485,0.005848,50
160,EAQ_CBB,total_protocol_time_ms,32049.229525,59.867260,32142.634562,16.594358,50
160,EAQ_CBB,throughput_tags_per_sec,312.021049,0.582931,312.981875,0.161580,50
160,EAQ_CBB,system_efficiency,0.545728,0.001735,0.548552,0.000481,50
160,EAQ_CBB,collision_slots,8324.320000,58.228768,8414.400000,16.140191,50
160,EAQ_CBB,idle_slots,0.000000,0.000000,0.000000,0.000000,50
160,EAQ_CBB,total_energy_uj,16027912.062615,34742.550569,16080599.379050,9630.143696,50
160,EAQ_CBB,total_listening_energy_uj,16022555.623925,34734.732920,16075233.933175,9627.976755,50
160,EAQ_CBB,total_transmission_energy_uj,5356.438690,9.365627,5370.023350,2.596019,50
160,EAQ_CBB,total_bits,4404771.260000,12638.270047,4422170.000000,3503.149730,50
160,EAQ_CBB,avg_tag_bits,230.206922,1.066304,231.621110,0.295564,50
160,EAQ_CBB,avg_reader_bits,210.270204,0.210273,210.595890,0.058285,50
160,EAQ_CBB,avg_total_bits,440.477126,1.263827,442.217000,0.350315,50
160,EAQ_CBB,avg_query_efficiency,1.201357,0.008410,1.215096,0.002331,50
160,EAQ_CBB,peak_stack_depth,2457.080000,6.829827,2467.550000,1.893131,50
160,EAQ_CBB,avg_tag_responses,3.791784,0.013524,3.809700,0.003749,50
160,EMDT,total_protocol_time_ms,19664.348250,195.027023,19954.675500,54.058733,50
160,EMDT,throughput_tags_per_sec,508.583780,5.068063,518.218416,1.404795,50
160,EMDT,system_efficiency,0.501713,0.007079,0.514778,0.001962,50
160,EMDT,collision_slots,5948.000000,125.879113,6149.450000,34.891910,50
160,EMDT,idle_slots,3987.580000,165.148429,4207.250000,45.776809,50
160,EMDT,total_energy_uj,9835777.113545,114455.624937,10003668.640463,31725.480627,50
160,EMDT,total_listening_energy_uj,9834231.587225,114456.938468,10002114.053063,31725.844719,50
160,EMDT,total_transmission_energy_uj,1545.526320,7.564609,1558.293600,2.096803,50
160,EMDT,total_bits,2360212.200000,6746.831628,2372543.600000,1870.126315,50
160,EMDT,avg_tag_bits,211.659872,0.430572,212.528160,0.119348,50
160,EMDT,avg_reader_bits,24.361348,0.292164,24.782120,0.080984,50
160,EMDT,avg_total_bits,236.021220,0.674683,237.254360,0.187013,50
160,EMDT,avg_query_efficiency,1.681981,0.035848,1.743559,0.009937,50
160,EMDT,peak_stack_depth,46.560000,1.357669,49.000000,0.376327,50
160,EMDT,avg_tag_responses,5.313678,0.023273,5.351265,0.006451,50
160,FHS_RAC,total_protocol_time_ms,19639.445750,24.770906,19687.623750,6.866145,50
160,FHS_RAC,throughput_tags_per_sec,509.180132,0.641698,510.165563,0.177870,50
160,FHS_RAC,system_efficiency,0.556213,0.001399,0.558329,0.000388,50
160,FHS_RAC,collision_slots,6339.700000,24.524249,6375.500000,6.797775,50
160,FHS_RAC,idle_slots,1639.140000,31.431825,1690.750000,8.712457,50
160,FHS_RAC,total_energy_uj,9822438.580535,14414.823622,9848328.787469,3995.585257,50
160,FHS_RAC,total_listening_energy_uj,9820341.120395,14411.782494,9846222.168294,3994.742299,50
160,FHS_RAC,total_transmission_energy_uj,2097.460140,3.493629,2104.291100,0.968385,50
160,FHS_RAC,total_bits,2267893.680000,1686.863766,2271190.000000,467.574781,50
160,FHS_RAC,avg_tag_bits,162.555148,0.012628,162.576050,0.003500,50
160,FHS_RAC,avg_reader_bits,64.234220,0.176747,64.579740,0.048992,50
160,FHS_RAC,avg_total_bits,226.789368,0.168686,227.119000,0.046757,50
160,FHS_RAC,avg_query_efficiency,1.577385,0.006104,1.587579,0.001692,50
160,FHS_RAC,peak_stack_depth,22.280000,0.926701,24.000000,0.256869,50
160,FHS_RAC,avg_tag_responses,8.368002,0.006229,8.377295,0.001727,50
160,HLCT-Base,total_protocol_time_ms,17270.513725,26.390544,17306.017375,7.315086,50
160,HLCT-Base,throughput_tags_per_sec,579.022899,0.886060,580.676333,0.245603,50
160,HLCT-Base,system_efficiency,0.324898,0.002418,0.329227,0.000670,50
160,HLCT-Base,collision_slots,3991.280000,22.754268,4029.200000,6.307161,50
160,HLCT-Base,idle_slots,16789.260000,225.563857,17124.950000,62.523111,50
160,HLCT-Base,total_energy_uj,8725022.973035,16591.170020,8750810.841731,4598.837701,50
160,HLCT-Base,total_listening_energy_uj,8723208.058945,16588.668191,8748992.127581,4598.144229,50
160,HLCT-Base,total_transmission_energy_uj,1814.914090,3.057363,1819.630450,0.847458,50
160,HLCT-Base,total_bits,2480744.720000,3063.173958,2485348.450000,849.068502,50
160,HLCT-Base,avg_tag_bits,209.771690,0.243708,210.136080,0.067553,50
160,HLCT-Base,avg_reader_bits,38.302782,0.121367,38.510960,0.033641,50
160,HLCT-Base,avg_total_bits,248.074472,0.306317,248.534845,0.084907,50
160,HLCT-Base,avg_query_efficiency,2.505542,0.014303,2.534276,0.003964,50
160,HLCT-Base,peak_stack_depth,1816.760000,15.004163,1838.100000,4.158942,50
160,HLCT-Base,ovg_trigger_count,49.200000,7.139999,60.000000,1.979107,50
160,HLCT-Base,fallback_invocation_count,1.360000,0.597956,2.000000,0.165745,50
160,HLCT-Base,fallback_invocation_ratio,0.000346,0.000153,0.000512,0.000042,50
160,HLCT-Base,prefix_stagnation_trigger_count,13.120000,3.342002,19.000000,0.926356,50
160,HLCT-Base,prefix_stag_score_trigger_count,13.400000,3.551372,19.000000,0.984390,50
160,HLCT-Base,repeated_pattern_trigger_count,0.100000,0.364216,1.000000,0.100955,50
160,HLCT-Base,ovg_success_count,0.280000,0.671277,1.000000,0.186068,50
160,HLCT-Base,post_ovg_singleton_count,0.280000,0.671277,1.000000,0.186068,50
160,HLCT-Base,ovg_fallback_avoid_count,0.000000,0.000000,0.000000,0.000000,50
160,HLCT-Base,ovg_rehash_count,12.700000,3.345725,18.550000,0.927388,50
160,HLCT-Base,ovg_width_up_count,0.000000,0.000000,0.000000,0.000000,50
160,HLCT-Base,ovg_width_down_count,12.980000,3.334972,18.550000,0.924407,50
160,HLCT-Base,ovg_no_singleton_count,12.700000,3.345725,18.550000,0.927388,50
160,HLCT-Base,inspect_collision_count,58.820000,7.055726,69.550000,1.955747,50
160,HLCT-Base,fcw_cache_created_count,3874.360000,25.141039,3923.750000,6.968740,50
160,HLCT-Base,fcw_cache_hit_count,3868.880000,25.458762,3916.550000,7.056809,50
160,HLCT-Base,fcw_cache_hit_ratio,0.998585,0.000597,0.999483,0.000165,50
160,HLCT-Base,fcw_fast_path_count,0.000000,0.000000,0.000000,0.000000,50
160,HLCT-Base,fcw_width_up_count,0.000000,0.000000,0.000000,0.000000,50
160,HLCT-Base,fcw_width_down_count,0.000000,0.000000,0.000000,0.000000,50
160,HLCT-Base,adaptive_cbit_r4_count,830.080000,17.269579,863.750000,4.786883,50
160,HLCT-Base,multibit_fallback_count,1.320000,0.586933,2.000000,0.162689,50
160,HLCT-Base,epc_verification_count,10058.100000,7.045769,10068.550000,1.952987,50
160,HLCT-Base,verify_fail_count,58.100000,7.045769,68.550000,1.952987,50
160,HLCT-Base,avg_tag_responses,6.430650,0.005837,6.440315,0.001618,50
160,HT_EEAC,total_protocol_time_ms,83222.303050,1579.123908,86048.886625,437.710816,50
160,HT_EEAC,throughput_tags_per_sec,120.202304,2.270592,123.775330,0.629376,50
160,HT_EEAC,system_efficiency,0.061904,0.001317,0.063983,0.000365,50
160,HT_EEAC,collision_slots,145652.840000,3438.249581,151764.550000,953.034161,50
160,HT_EEAC,idle_slots,5958.900000,126.016236,6130.200000,34.929919,50
160,HT_EEAC,total_energy_uj,48474114.490940,1038204.229069,50175276.628562,287775.530247,50
160,HT_EEAC,total_listening_energy_uj,48464958.351660,1038027.731307,50165798.707162,287726.607564,50
160,HT_EEAC,total_transmission_energy_uj,9156.139280,179.598204,9477.921400,49.782082,50
160,HT_EEAC,total_bits,7645903.720000,131044.850799,7880135.300000,36323.779435,50
160,HT_EEAC,avg_tag_bits,409.044544,5.501199,418.823280,1.524855,50
160,HT_EEAC,avg_reader_bits,355.545828,7.605371,369.190250,2.108101,50
160,HT_EEAC,avg_total_bits,764.590372,13.104485,788.013530,3.632378,50
160,HT_EEAC,avg_query_efficiency,0.068694,0.001614,0.071245,0.000447,50
160,HT_EEAC,avg_tag_responses,251.485364,11.507230,271.514150,3.189641,50
160,ICT,total_protocol_time_ms,28796.133750,1.582873,28798.706875,0.438750,50
160,ICT,throughput_tags_per_sec,347.268842,0.019089,347.302076,0.005291,50
160,ICT,system_efficiency,0.500025,0.000000,0.500025,0.000000,50
160,ICT,collision_slots,9999.000000,0.000000,9999.000000,0.000000,50
160,ICT,idle_slots,0.000000,0.000000,0.000000,0.000000,50
160,ICT,total_energy_uj,14419421.831860,1077.019902,14420937.823956,298.534686,50
160,ICT,total_listening_energy_uj,14406825.011150,1075.506004,14408340.881456,298.115055,50
160,ICT,total_transmission_energy_uj,12596.820710,5.043651,12603.236125,1.398029,50
160,ICT,total_bits,23082911.620000,9805.335172,23095000.500000,2717.900245,50
160,ICT,avg_tag_bits,2237.933502,0.972273,2239.157020,0.269500,50
160,ICT,avg_reader_bits,70.357660,0.025326,70.398830,0.007020,50
160,ICT,avg_total_bits,2308.291162,0.980534,2309.500050,0.271790,50
160,ICT,avg_query_efficiency,1.000100,0.000000,1.000100,0.000000,50
160,ICT,peak_stack_depth,14.900000,0.614452,16.000000,0.170317,50
160,ICT,avg_tag_responses,14.620374,0.006698,14.628655,0.001857,50
160,LAPCT,total_protocol_time_ms,37918.597625,0.782339,37919.850937,0.216853,50
160,LAPCT,throughput_tags_per_sec,263.722833,0.005441,263.732647,0.001508,50
160,LAPCT,system_efficiency,0.498972,0.000015,0.498977,0.000004,50
160,LAPCT,collision_slots,10041.200000,0.606092,10043.000000,0.168000,50
160,LAPCT,idle_slots,0.000000,0.000000,0.000000,0.000000,50
160,LAPCT,total_energy_uj,18982827.345780,534.359363,18983684.997806,148.116859,50
160,LAPCT,total_listening_energy_uj,18970404.726320,532.649119,18971262.682806,147.642803,50
160,LAPCT,total_transmission_energy_uj,12422.619460,6.715631,12430.124825,1.861478,50
160,LAPCT,total_bits,18363251.420000,13260.184189,18378191.800000,3675.535535,50
160,LAPCT,avg_tag_bits,1620.258892,1.320524,1621.742350,0.366031,50
160,LAPCT,avg_reader_bits,216.066250,0.013049,216.087415,0.003617,50
160,LAPCT,avg_total_bits,1836.325142,1.326018,1837.819180,0.367554,50
160,LAPCT,avg_query_efficiency,0.995897,0.000060,0.995917,0.000017,50
160,LAPCT,peak_stack_depth,17.840000,0.738448,19.000000,0.204687,50
160,LAPCT,avg_tag_responses,11.618446,0.008874,11.628600,0.002460,50
160,NLHQT(n=1),total_protocol_time_ms,35547.256550,142.440425,35766.572938,39.482471,50
160,NLHQT(n=1),throughput_tags_per_sec,281.320086,1.126730,282.759203,0.312314,50
160,NLHQT(n=1),system_efficiency,0.257153,0.001271,0.258773,0.000352,50
160,NLHQT(n=1),collision_slots,28888.280000,192.350874,29184.700000,53.316942,50
160,NLHQT(n=1),idle_slots,0.000000,0.000000,0.000000,0.000000,50
160,NLHQT(n=1),total_energy_uj,17778104.658795,82442.539266,17907965.611544,22851.906001,50
160,NLHQT(n=1),total_listening_energy_uj,17774643.294015,82435.571718,17904494.187094,22849.974695,50
160,NLHQT(n=1),total_transmission_energy_uj,3461.364780,7.954154,3473.627850,2.204779,50
160,NLHQT(n=1),total_bits,4247864.220000,4127.023156,4254213.600000,1143.952456,50
160,NLHQT(n=1),avg_tag_bits,335.624244,0.021099,335.658485,0.005848,50
160,NLHQT(n=1),avg_reader_bits,89.162178,0.392724,89.768940,0.108858,50
160,NLHQT(n=1),avg_total_bits,424.786422,0.412702,425.421360,0.114395,50
160,NLHQT(n=1),avg_query_efficiency,0.346176,0.002303,0.349115,0.000638,50
160,NLHQT(n=1),peak_stack_depth,14.900000,0.614452,16.000000,0.170317,50
160,NLHQT(n=1),avg_tag_responses,16.624244,0.021099,16.658485,0.005848,50
160,NLHQT(n=2),total_protocol_time_ms,25348.043200,80.050136,25478.191125,22.188766,50
160,NLHQT(n=2),throughput_tags_per_sec,394.511625,1.245700,396.142074,0.345290,50
160,NLHQT(n=2),system_efficiency,0.354119,0.001112,0.355538,0.000308,50
160,NLHQT(n=2),collision_slots,18239.340000,88.752260,18393.850000,24.600871,50
160,NLHQT(n=2),idle_slots,0.000000,0.000000,0.000000,0.000000,50
160,NLHQT(n=2),total_energy_uj,12676582.349815,42802.450414,12750718.116362,11864.233952,50
160,NLHQT(n=2),total_listening_energy_uj,12673583.315735,42798.242478,12747713.547262,11863.067572,50
160,NLHQT(n=2),total_transmission_energy_uj,2999.034080,4.730814,3006.787800,1.311315,50
160,NLHQT(n=2),total_bits,4027972.840000,2527.295823,4032105.600000,700.530662,50
160,NLHQT(n=2),avg_tag_bits,337.127440,0.022560,337.163220,0.006253,50
160,NLHQT(n=2),avg_reader_bits,65.669844,0.231168,66.049000,0.064076,50
160,NLHQT(n=2),avg_total_bits,402.797284,0.252730,403.210560,0.070053,50
160,NLHQT(n=2),avg_query_efficiency,0.548278,0.002665,0.551683,0.000739,50
160,NLHQT(n=2),peak_stack_depth,21.060000,0.766918,22.000000,0.212579,50
160,NLHQT(n=2),avg_tag_responses,9.563720,0.011280,9.581610,0.003127,50
160,SD-CGQT,total_protocol_time_ms,5362.998850,105.766659,5544.753125,29.317022,50
160,SD-CGQT,throughput_tags_per_sec,1865.340094,36.837517,1918.361603,10.210839,50
160,SD-CGQT,system_efficiency,0.411963,0.002268,0.416047,0.000629,50
160,SD-CGQT,collision_slots,2725.460000,43.270488,2790.650000,11.993967,50
160,SD-CGQT,idle_slots,0.000000,0.000000,0.000000,0.000000,50
160,SD-CGQT,total_energy_uj,2375655.559192,53802.745361,2467211.774900,14913.360148,50
160,SD-CGQT,total_listening_energy_uj,2373808.694152,53787.448419,2465330.185275,14909.120052,50
160,SD-CGQT,total_transmission_energy_uj,1846.865040,17.866582,1878.233825,4.952364,50
160,SD-CGQT,total_bits,3221176.380000,27628.152486,3268287.100000,7658.133158,50
160,SD-CGQT,avg_tag_bits,306.365848,2.500541,310.583835,0.693115,50
160,SD-CGQT,avg_reader_bits,15.751790,0.287825,16.186585,0.079781,50
160,SD-CGQT,avg_total_bits,322.117638,2.762815,326.828710,0.765813,50
160,SD-CGQT,avg_query_efficiency,3.670013,0.058324,3.765595,0.016167,50
160,SD-CGQT,avg_tag_responses,10.879526,0.078624,10.992855,0.021793,50
160,SGCT,total_protocol_time_ms,15258.407475,40.708477,15327.787813,11.283814,50
160,SGCT,throughput_tags_per_sec,655.380960,1.748020,657.857842,0.484527,50
160,SGCT,system_efficiency,0.839800,0.003154,0.844284,0.000874,50
160,SGCT,collision_slots,1907.760000,44.733478,1984.000000,12.399488,50
160,SGCT,idle_slots,0.000000,0.000000,0.000000,0.000000,50
160,SGCT,total_energy_uj,7655875.266300,24219.291069,7699492.122219,6713.244981,50
160,SGCT,total_listening_energy_uj,7654229.223840,24214.470535,7697838.258894,6711.908797,50
160,SGCT,total_transmission_energy_uj,1646.042460,5.520816,1655.408225,1.530292,50
160,SGCT,total_bits,2295306.720000,3320.159088,2300916.550000,920.301146,50
160,SGCT,avg_tag_bits,196.304732,0.075634,196.433355,0.020965,50
160,SGCT,avg_reader_bits,33.225940,0.257455,33.663330,0.071363,50
160,SGCT,avg_total_bits,229.530672,0.332016,230.091655,0.092030,50
160,SGCT,avg_query_efficiency,5.244571,0.122840,5.421968,0.034050,50
160,SGCT,peak_stack_depth,258.540000,1.618894,261.000000,0.448734,50
160,SGCT,progressive_probe_count,955.740000,22.417022,995.500000,6.213681,50
160,SGCT,signature_grouping_trigger_count,953.020000,22.348346,989.500000,6.194645,50
160,SGCT,local_short_id_trigger_count,257.000000,0.000000,257.000000,0.000000,50
160,SGCT,signature_groups_pruned,65976.300000,335.225191,66523.500000,92.919682,50
160,SGCT,sparse_signature_groups,10952.020000,22.348346,10988.500000,6.194645,50
160,SGCT,signature_marker_bits,21429.300000,46.672655,21504.900000,12.937000,50
160,SGCT,signature_marker_tag_bits,21429.300000,46.672655,21504.900000,12.937000,50
160,SGCT,signature_non_idle_marker_count,10952.020000,22.348346,10988.500000,6.194645,50
160,SGCT,signature_collision_groups,952.020000,22.348346,988.500000,6.194645,50
160,SGCT,signature_singleton_groups,10000.000000,0.000000,10000.000000,0.000000,50
160,SGCT,low_d_fallback_count,0.000000,0.000000,0.000000,0.000000,50
160,SGCT,suffix_signature_trigger_count,0.000000,0.000000,0.000000,0.000000,50
160,SGCT,hash_short_id_round_count,0.000000,0.000000,0.000000,0.000000,50
160,SGCT,hash_short_id_split_count,0.000000,0.000000,0.000000,0.000000,50
160,SGCT,hash_short_id_collision_groups,0.000000,0.000000,0.000000,0.000000,50
160,SGCT,hash_short_id_singleton_groups,0.000000,0.000000,0.000000,0.000000,50
160,SGCT,small_cluster_guard_count,0.000000,0.000000,0.000000,0.000000,50
160,SGCT,max_signature_d,8.000000,0.000000,8.000000,0.000000,50
160,SGCT,epc_verification_count,10000.000000,0.000000,10000.000000,0.000000,50
160,SGCT,verify_fail_count,0.000000,0.000000,0.000000,0.000000,50
160,SGCT,avg_tag_responses,4.286404,0.009341,4.301820,0.002589,50
160,SUBF-CGDFSA,total_protocol_time_ms,18031.480950,131.551648,18210.173000,36.464256,50
160,SUBF-CGDFSA,throughput_tags_per_sec,554.614563,4.048720,561.694936,1.122248,50
160,SUBF-CGDFSA,system_efficiency,0.000000,0.000000,0.000000,0.000000,50
160,SUBF-CGDFSA,collision_slots,0.000000,0.000000,0.000000,0.000000,50
160,SUBF-CGDFSA,idle_slots,0.000000,0.000000,0.000000,0.000000,50
160,SUBF-CGDFSA,total_energy_uj,9046894.062765,77720.650875,9157660.814400,21543.065315,50
160,SUBF-CGDFSA,total_listening_energy_uj,9044975.979085,77700.926750,9155725.501600,21537.598066,50
160,SUBF-CGDFSA,total_transmission_energy_uj,1918.083680,24.583821,1954.522200,6.814287,50
160,SUBF-CGDFSA,total_bits,3824490.640000,49056.465667,3897491.100000,13597.758537,50
160,SUBF-CGDFSA,avg_tag_bits,382.059840,4.902170,389.364000,1.358812,50
160,SUBF-CGDFSA,avg_reader_bits,0.389224,0.024001,0.426800,0.006653,50
160,SUBF-CGDFSA,avg_total_bits,382.449064,4.905647,389.749110,1.359776,50
160,SUBF-CGDFSA,avg_query_efficiency,10000.000000,0.000000,10000.000000,0.000000,50
192,DQTA(k_max=3),total_protocol_time_ms,27935.895175,95.742707,28069.004500,26.538524,50
192,DQTA(k_max=3),throughput_tags_per_sec,357.966525,1.229027,360.450795,0.340669,50
192,DQTA(k_max=3),system_efficiency,0.330431,0.001728,0.332818,0.000479,50
192,DQTA(k_max=3),collision_slots,9273.040000,57.159269,9350.100000,15.843741,50
192,DQTA(k_max=3),idle_slots,10991.320000,146.227449,11246.650000,40.532181,50
192,DQTA(k_max=3),total_energy_uj,13998184.065293,55574.010141,14085060.120950,15404.329696,50
192,DQTA(k_max=3),total_listening_energy_uj,13987999.103063,55562.052030,14074862.091375,15401.015077,50
192,DQTA(k_max=3),total_transmission_energy_uj,10184.962230,14.551147,10203.740925,4.033372,50
192,DQTA(k_max=3),total_bits,19357964.760000,23225.361749,19389111.600000,6437.741829,50
192,DQTA(k_max=3),avg_tag_bits,1902.064486,2.135363,1905.042395,0.591892,50
192,DQTA(k_max=3),avg_reader_bits,33.731990,0.218339,34.031935,0.060520,50
192,DQTA(k_max=3),avg_total_bits,1935.796476,2.322536,1938.911160,0.643774,50
192,DQTA(k_max=3),avg_query_efficiency,1.078435,0.006671,1.092133,0.001849,50
192,DQTA(k_max=3),peak_stack_depth,27.360000,0.749422,29.000000,0.207729,50
192,DQTA(k_max=3),avg_tag_responses,5.164806,0.006049,5.173300,0.001677,50
192,DRCT,total_protocol_time_ms,21497.238900,73.439232,21604.977250,20.356317,50
192,DRCT,throughput_tags_per_sec,465.181350,1.592659,468.298964,0.441463,50
192,DRCT,system_efficiency,0.346753,0.002146,0.350511,0.000595,50
192,DRCT,collision_slots,14419.020000,89.000686,14560.850000,24.669731,50
192,DRCT,idle_slots,4421.020000,89.000686,4562.850000,24.669731,50
192,DRCT,total_energy_uj,10762447.934400,33971.322649,10809369.073850,9416.370223,50
192,DRCT,energy_per_tag_uj,1076.244793,3.397132,1080.936907,0.941637,50
192,DRCT,total_reader_tx_energy_uj,1162.809840,7.532173,1175.297200,2.087812,50
192,DRCT,total_tag_tx_energy_uj,1260.651310,4.184222,1267.360825,1.159807,50
192,DRCT,total_listening_energy_uj,10760024.473250,33963.226656,10806934.891400,9414.126129,50
192,DRCT,total_transmission_energy_uj,2423.461150,9.949112,2437.745150,2.757753,50
192,DRCT,total_bits,3102707.540000,10438.283249,3118569.700000,2893.344501,50
192,DRCT,avg_tag_bits,252.130262,0.836844,253.472165,0.231961,50
192,DRCT,avg_reader_bits,58.140492,0.376609,58.764860,0.104391,50
192,DRCT,avg_total_bits,310.270754,1.043828,311.856970,0.289334,50
192,DRCT,avg_query_efficiency,0.693554,0.004293,0.701071,0.001190,50
192,DRCT,peak_stack_depth,12.940000,0.549954,14.000000,0.152439,50
192,DRCT,avg_tag_responses,14.619536,0.021140,14.648750,0.005860,50
192,EAQ_CBB,total_protocol_time_ms,36878.717475,68.212707,36965.522375,18.907598,50
192,EAQ_CBB,throughput_tags_per_sec,271.160014,0.501783,272.022464,0.139087,50
192,EAQ_CBB,system_efficiency,0.545819,0.001797,0.548926,0.000498,50
192,EAQ_CBB,collision_slots,8321.280000,60.271170,8398.400000,16.706316,50
192,EAQ_CBB,idle_slots,0.000000,0.000000,0.000000,0.000000,50
192,EAQ_CBB,total_energy_uj,18440850.595787,35783.358155,18487938.341931,9918.640841,50
192,EAQ_CBB,total_listening_energy_uj,18434630.783858,35773.403499,18481704.640506,9915.881550,50
192,EAQ_CBB,total_transmission_energy_uj,6219.811930,11.367411,6235.201150,3.150885,50
192,EAQ_CBB,total_bits,5171679.020000,16393.219745,5194688.750000,4543.968684,50
192,EAQ_CBB,avg_tag_bits,274.903074,1.433894,276.953775,0.397455,50
192,EAQ_CBB,avg_reader_bits,242.264828,0.221240,242.543200,0.061325,50
192,EAQ_CBB,avg_total_bits,517.167902,1.639322,519.468875,0.454397,50
192,EAQ_CBB,avg_query_efficiency,1.201800,0.008722,1.216931,0.002418,50
192,EAQ_CBB,peak_stack_depth,2456.300000,6.481528,2465.550000,1.796588,50
192,EAQ_CBB,avg_tag_responses,3.792140,0.015118,3.813210,0.004191,50
192,EMDT,total_protocol_time_ms,22640.598050,194.611151,22990.121500,53.943459,50
192,EMDT,throughput_tags_per_sec,441.716366,3.789526,447.795504,1.050403,50
192,EMDT,system_efficiency,0.502101,0.005464,0.510321,0.001515,50
192,EMDT,collision_slots,5941.540000,111.188975,6122.250000,30.820011,50
192,EMDT,idle_slots,3977.080000,126.203567,4197.050000,34.981844,50
192,EMDT,total_energy_uj,11319114.410050,112554.572539,11510654.291425,31198.535786,50
192,EMDT,total_listening_energy_uj,11317407.583890,112554.828273,11508940.020025,31198.606672,50
192,EMDT,total_transmission_energy_uj,1706.826160,6.895479,1718.282400,1.911329,50
192,EMDT,total_bits,2681351.960000,5685.772168,2690869.800000,1576.015638,50
192,EMDT,avg_tag_bits,243.725184,0.337668,244.272960,0.093597,50
192,EMDT,avg_reader_bits,24.410012,0.281491,24.853620,0.078025,50
192,EMDT,avg_total_bits,268.135196,0.568577,269.086980,0.157602,50
192,EMDT,avg_query_efficiency,1.683642,0.031432,1.734332,0.008712,50
192,EMDT,peak_stack_depth,46.980000,1.347560,48.550000,0.373525,50
192,EMDT,avg_tag_responses,5.313354,0.023531,5.348955,0.006523,50
192,FHS_RAC,total_protocol_time_ms,21637.861775,29.720655,21693.745125,8.238145,50
192,FHS_RAC,throughput_tags_per_sec,462.153728,0.634345,462.986627,0.175831,50
192,FHS_RAC,system_efficiency,0.556283,0.001694,0.558350,0.000470,50
192,FHS_RAC,collision_slots,6340.820000,27.589328,6381.650000,7.647372,50
192,FHS_RAC,idle_slots,1635.820000,44.674190,1715.350000,12.383054,50
192,FHS_RAC,total_energy_uj,10822271.644865,16246.341930,10849480.017644,4503.256231,50
192,FHS_RAC,total_listening_energy_uj,10820014.432835,16242.547735,10847214.158044,4502.204534,50
192,FHS_RAC,total_transmission_energy_uj,2257.212030,4.198214,2265.157525,1.163685,50
192,FHS_RAC,total_bits,2587789.260000,2038.205041,2591566.850000,564.961613,50
192,FHS_RAC,avg_tag_bits,194.557766,0.013840,194.578115,0.003836,50
192,FHS_RAC,avg_reader_bits,64.221160,0.212015,64.624940,0.058768,50
192,FHS_RAC,avg_total_bits,258.778926,0.203821,259.156685,0.056496,50
192,FHS_RAC,avg_query_efficiency,1.577112,0.006864,1.588197,0.001902,50
192,FHS_RAC,peak_stack_depth,22.180000,0.896478,24.000000,0.248491,50
192,FHS_RAC,avg_tag_responses,8.367842,0.007348,8.379265,0.002037,50
192,HLCT-Base,total_protocol_time_ms,19277.343525,32.598294,19328.880187,9.035786,50
192,HLCT-Base,throughput_tags_per_sec,518.745128,0.877306,519.959223,0.243177,50
192,HLCT-Base,system_efficiency,0.325229,0.002050,0.327505,0.000568,50
192,HLCT-Base,collision_slots,3986.820000,32.301317,4027.550000,8.953468,50
192,HLCT-Base,idle_slots,16761.940000,188.236435,17114.950000,52.176478,50
192,HLCT-Base,total_energy_uj,9730926.128888,19122.074877,9766084.956744,5300.368736,50
192,HLCT-Base,total_listening_energy_uj,9728949.803288,19118.516932,9764104.114369,5299.382524,50
192,HLCT-Base,total_transmission_energy_uj,1976.325600,4.272832,1983.266600,1.184369,50
192,HLCT-Base,total_bits,2804269.680000,4078.018253,2811007.050000,1130.368989,50
192,HLCT-Base,avg_tag_bits,242.147584,0.302525,242.616280,0.083856,50
192,HLCT-Base,avg_reader_bits,38.279384,0.168235,38.508585,0.046632,50
192,HLCT-Base,avg_total_bits,280.426968,0.407802,281.100705,0.113037,50
192,HLCT-Base,avg_query_efficiency,2.508427,0.020391,2.541296,0.005652,50
192,HLCT-Base,peak_stack_depth,1815.180000,15.517850,1846.300000,4.301329,50
192,HLCT-Base,ovg_trigger_count,49.060000,7.949868,61.550000,2.203591,50
192,HLCT-Base,fallback_invocation_count,1.540000,0.734291,3.000000,0.203535,50
192,HLCT-Base,fallback_invocation_ratio,0.000392,0.000188,0.000766,0.000052,50
192,HLCT-Base,prefix_stagnation_trigger_count,13.380000,4.055181,20.550000,1.124039,50
192,HLCT-Base,prefix_stag_score_trigger_count,13.940000,4.311399,20.550000,1.195059,50
192,HLCT-Base,repeated_pattern_trigger_count,0.120000,0.328261,1.000000,0.090989,50
192,HLCT-Base,ovg_success_count,0.080000,0.274048,1.000000,0.075962,50
192,HLCT-Base,post_ovg_singleton_count,0.080000,0.274048,1.000000,0.075962,50
192,HLCT-Base,ovg_fallback_avoid_count,0.000000,0.000000,0.000000,0.000000,50
192,HLCT-Base,ovg_rehash_count,13.360000,4.114484,20.000000,1.140477,50
192,HLCT-Base,ovg_width_up_count,0.000000,0.000000,0.000000,0.000000,50
192,HLCT-Base,ovg_width_down_count,13.440000,4.076613,20.000000,1.129980,50
192,HLCT-Base,ovg_no_singleton_count,13.360000,4.114484,20.000000,1.140477,50
192,HLCT-Base,inspect_collision_count,59.360000,6.951024,69.550000,1.926726,50
192,HLCT-Base,fcw_cache_created_count,3868.960000,31.796521,3916.400000,8.813546,50
192,HLCT-Base,fcw_cache_hit_count,3863.620000,31.069304,3909.400000,8.611972,50
192,HLCT-Base,fcw_cache_hit_ratio,0.998621,0.000722,0.999486,0.000200,50
192,HLCT-Base,fcw_fast_path_count,0.000000,0.000000,0.000000,0.000000,50
192,HLCT-Base,fcw_width_up_count,0.000000,0.000000,0.000000,0.000000,50
192,HLCT-Base,fcw_width_down_count,0.000000,0.000000,0.000000,0.000000,50
192,HLCT-Base,adaptive_cbit_r4_count,830.340000,19.116837,861.100000,5.298917,50
192,HLCT-Base,multibit_fallback_count,1.500000,0.735402,3.000000,0.203843,50
192,HLCT-Base,epc_verification_count,10058.500000,7.019652,10068.550000,1.945748,50
192,HLCT-Base,verify_fail_count,58.500000,7.019652,68.550000,1.945748,50
192,HLCT-Base,avg_tag_responses,6.429336,0.007568,6.441700,0.002098,50
192,HT_EEAC,total_protocol_time_ms,85603.295700,1651.749874,88662.567750,457.841706,50
192,HT_EEAC,throughput_tags_per_sec,116.860377,2.245465,119.719126,0.622411,50
192,HT_EEAC,system_efficiency,0.061588,0.001360,0.063328,0.000377,50
192,HT_EEAC,collision_slots,146478.160000,3630.347818,153224.700000,1006.281076,50
192,HT_EEAC,idle_slots,5969.000000,120.658398,6163.150000,33.444802,50
192,HT_EEAC,total_energy_uj,49826917.702802,1052842.737391,51639922.357601,291833.117740,50
192,HT_EEAC,total_listening_energy_uj,49817558.202482,1052658.678796,51630234.541001,291782.099300,50
192,HT_EEAC,total_transmission_energy_uj,9359.500320,187.596394,9706.765200,51.999068,50
192,HT_EEAC,total_bits,7997488.080000,137351.119300,8252079.000000,38071.787881,50
192,HT_EEAC,avg_tag_bits,442.365056,5.808557,453.159520,1.610050,50
192,HT_EEAC,avg_reader_bits,357.383752,7.928330,372.048380,2.197621,50
192,HT_EEAC,avg_total_bits,799.748808,13.735112,825.207900,3.807179,50
192,HT_EEAC,avg_query_efficiency,0.068310,0.001684,0.070443,0.000467,50
192,HT_EEAC,avg_tag_responses,252.853730,12.134395,276.270065,3.363483,50
192,ICT,total_protocol_time_ms,32795.634250,1.680923,32798.115625,0.465928,50
192,ICT,throughput_tags_per_sec,304.918635,0.015628,304.942152,0.004332,50
192,ICT,system_efficiency,0.500025,0.000000,0.500025,0.000000,50
192,ICT,collision_slots,9999.000000,0.000000,9999.000000,0.000000,50
192,ICT,idle_slots,0.000000,0.000000,0.000000,0.000000,50
192,ICT,total_energy_uj,16422800.685993,902.580348,16424333.351419,250.182508,50
192,ICT,total_listening_energy_uj,16407864.268832,900.109637,16409388.630569,249.497662,50
192,ICT,total_transmission_energy_uj,14936.417160,5.811113,14946.485875,1.610758,50
192,ICT,total_bits,27762248.280000,11231.372330,27781430.950000,3113.177578,50
192,ICT,avg_tag_bits,2705.871960,1.111106,2707.764885,0.307983,50
192,ICT,avg_reader_bits,70.352868,0.026895,70.392570,0.007455,50
192,ICT,avg_total_bits,2776.224828,1.123137,2778.143095,0.311318,50
192,ICT,avg_query_efficiency,1.000100,0.000000,1.000100,0.000000,50
192,ICT,peak_stack_depth,15.020000,0.588669,16.000000,0.163171,50
192,ICT,avg_tag_responses,14.620826,0.006298,14.631555,0.001746,50
192,LAPCT,total_protocol_time_ms,43922.542425,0.886358,43924.013437,0.245686,50
192,LAPCT,throughput_tags_per_sec,227.673524,0.004594,227.680742,0.001274,50
192,LAPCT,system_efficiency,0.498965,0.000021,0.498977,0.000006,50
192,LAPCT,collision_slots,10041.480000,0.862838,10043.000000,0.239167,50
192,LAPCT,idle_slots,0.000000,0.000000,0.000000,0.000000,50
192,LAPCT,total_energy_uj,21988893.320760,624.664005,21989872.141169,173.148028,50
192,LAPCT,total_listening_energy_uj,21974133.919440,624.406763,21975119.725244,173.076724,50
192,LAPCT,total_transmission_energy_uj,14759.401320,9.027812,14771.294075,2.502382,50
192,LAPCT,total_bits,22076911.380000,17904.610559,22100419.150000,4962.904844,50
192,LAPCT,avg_tag_bits,1959.628096,1.785603,1961.969615,0.494944,50
192,LAPCT,avg_reader_bits,248.063042,0.013508,248.083315,0.003744,50
192,LAPCT,avg_total_bits,2207.691138,1.790461,2210.041915,0.496290,50
192,LAPCT,avg_query_efficiency,0.995869,0.000086,0.995917,0.000024,50
192,LAPCT,peak_stack_depth,17.860000,0.700146,19.000000,0.194071,50
192,LAPCT,avg_tag_responses,11.616152,0.009777,11.629120,0.002710,50
192,NLHQT(n=1),total_protocol_time_ms,40397.268150,149.713754,40638.192937,41.498535,50
192,NLHQT(n=1),throughput_tags_per_sec,247.544829,0.918932,249.153572,0.254715,50
192,NLHQT(n=1),system_efficiency,0.257458,0.001182,0.259526,0.000328,50
192,NLHQT(n=1),collision_slots,28842.040000,178.001371,29125.700000,49.339463,50
192,NLHQT(n=1),idle_slots,0.000000,0.000000,0.000000,0.000000,50
192,NLHQT(n=1),total_energy_uj,20215680.302628,74643.125643,20342634.042663,20690.018842,50
192,NLHQT(n=1),total_listening_energy_uj,20211900.830667,74636.926785,20338839.961312,20688.300606,50
192,NLHQT(n=1),total_transmission_energy_uj,3779.471960,7.398289,3791.796600,2.050701,50
192,NLHQT(n=1),total_bits,4886882.500000,3847.825833,4893299.850000,1066.562906,50
192,NLHQT(n=1),avg_tag_bits,399.619536,0.021140,399.648750,0.005860,50
192,NLHQT(n=1),avg_reader_bits,89.068714,0.364977,89.676445,0.101166,50
192,NLHQT(n=1),avg_total_bits,488.688250,0.384783,489.329985,0.106656,50
192,NLHQT(n=1),avg_query_efficiency,0.346729,0.002146,0.350486,0.000595,50
192,NLHQT(n=1),peak_stack_depth,15.020000,0.588669,16.000000,0.163171,50
192,NLHQT(n=1),avg_tag_responses,16.619536,0.021140,16.648750,0.005860,50
192,NLHQT(n=2),total_protocol_time_ms,28777.876750,85.953035,28920.193250,23.824966,50
192,NLHQT(n=2),throughput_tags_per_sec,347.492189,1.037407,349.158879,0.287554,50
192,NLHQT(n=2),system_efficiency,0.354351,0.001041,0.356060,0.000289,50
192,NLHQT(n=2),collision_slots,18220.820000,82.914190,18356.300000,22.982641,50
192,NLHQT(n=2),idle_slots,0.000000,0.000000,0.000000,0.000000,50
192,NLHQT(n=2),total_energy_uj,14399369.800280,44673.704982,14477719.618287,12382.919256,50
192,NLHQT(n=2),total_listening_energy_uj,14396051.706660,44669.784168,14474394.647138,12381.832461,50
192,NLHQT(n=2),total_transmission_energy_uj,3318.093620,4.511623,3325.662500,1.250558,50
192,NLHQT(n=2),total_bits,4667466.760000,2419.164804,4671535.300000,670.558272,50
192,NLHQT(n=2),avg_tag_bits,401.122660,0.022931,401.156500,0.006356,50
192,NLHQT(n=2),avg_reader_bits,65.624016,0.220165,65.992990,0.061027,50
192,NLHQT(n=2),avg_total_bits,466.746676,0.241916,467.153530,0.067056,50
192,NLHQT(n=2),avg_query_efficiency,0.548834,0.002498,0.552940,0.000692,50
192,NLHQT(n=2),peak_stack_depth,21.040000,0.754848,22.000000,0.209233,50
192,NLHQT(n=2),avg_tag_responses,9.561330,0.011465,9.578250,0.003178,50
192,SD-CGQT,total_protocol_time_ms,6013.353000,105.800974,6174.899188,29.326534,50
192,SD-CGQT,throughput_tags_per_sec,1663.470130,29.262173,1706.974793,8.111060,50
192,SD-CGQT,system_efficiency,0.412348,0.001802,0.415742,0.000500,50
192,SD-CGQT,collision_slots,2732.020000,43.914337,2802.750000,12.172433,50
192,SD-CGQT,idle_slots,0.000000,0.000000,0.000000,0.000000,50
192,SD-CGQT,total_energy_uj,2668632.517145,56632.999544,2763794.809225,15697.866582,50
192,SD-CGQT,total_listening_energy_uj,2666505.632915,56619.118152,2761647.771950,15694.018857,50
192,SD-CGQT,total_transmission_energy_uj,2126.884230,18.135651,2153.554400,5.026946,50
192,SD-CGQT,total_bits,3779595.540000,29035.246627,3823321.250000,8048.159755,50
192,SD-CGQT,avg_tag_bits,362.153790,2.675621,366.162930,0.741644,50
192,SD-CGQT,avg_reader_bits,15.805764,0.275543,16.239070,0.076377,50
192,SD-CGQT,avg_total_bits,377.959554,2.903525,382.332125,0.804816,50
192,SD-CGQT,avg_query_efficiency,3.661216,0.058469,3.751654,0.016207,50
192,SD-CGQT,avg_tag_responses,10.868356,0.094239,11.015770,0.026122,50
192,SGCT,total_protocol_time_ms,17252.471375,41.717488,17324.993250,11.563498,50
192,SGCT,throughput_tags_per_sec,579.630426,1.402211,581.541694,0.388673,50
192,SGCT,system_efficiency,0.840271,0.003242,0.844673,0.000899,50
192,SGCT,collision_slots,1901.100000,45.885950,1981.750000,12.718936,50
192,SGCT,idle_slots,0.000000,0.000000,0.000000,0.000000,50
192,SGCT,total_energy_uj,8650286.026070,23088.370989,8688807.968419,6399.769928,50
192,SGCT,total_listening_energy_uj,8648480.817260,23083.358177,8686992.937769,6398.380447,50
192,SGCT,total_transmission_energy_uj,1805.208810,5.641291,1815.005025,1.563686,50
192,SGCT,total_bits,2614770.720000,3404.184232,2620765.000000,943.591728,50
192,SGCT,avg_tag_bits,228.288842,0.079012,228.427690,0.021901,50
192,SGCT,avg_reader_bits,33.188230,0.262703,33.639540,0.072818,50
192,SGCT,avg_total_bits,261.477072,0.340418,262.076500,0.094359,50
192,SGCT,avg_query_efficiency,5.263137,0.127967,5.438035,0.035471,50
192,SGCT,peak_stack_depth,258.020000,1.347560,260.000000,0.373525,50
192,SGCT,progressive_probe_count,952.200000,23.117270,993.650000,6.407780,50
192,SGCT,signature_grouping_trigger_count,949.900000,22.792990,989.100000,6.317895,50
192,SGCT,local_short_id_trigger_count,257.000000,0.000000,257.000000,0.000000,50
192,SGCT,signature_groups_pruned,65929.500000,341.894855,66517.500000,94.768419,50
192,SGCT,sparse_signature_groups,10948.900000,22.792990,10988.100000,6.317895,50
192,SGCT,signature_marker_bits,21420.880000,47.022201,21501.200000,13.033889,50
192,SGCT,signature_marker_tag_bits,21420.880000,47.022201,21501.200000,13.033889,50
192,SGCT,signature_non_idle_marker_count,10948.900000,22.792990,10988.100000,6.317895,50
192,SGCT,signature_collision_groups,948.900000,22.792990,988.100000,6.317895,50
192,SGCT,signature_singleton_groups,10000.000000,0.000000,10000.000000,0.000000,50
192,SGCT,low_d_fallback_count,0.000000,0.000000,0.000000,0.000000,50
192,SGCT,suffix_signature_trigger_count,0.000000,0.000000,0.000000,0.000000,50
192,SGCT,hash_short_id_round_count,0.000000,0.000000,0.000000,0.000000,50
192,SGCT,hash_short_id_split_count,0.000000,0.000000,0.000000,0.000000,50
192,SGCT,hash_short_id_collision_groups,0.000000,0.000000,0.000000,0.000000,50
192,SGCT,hash_short_id_singleton_groups,0.000000,0.000000,0.000000,0.000000,50
192,SGCT,small_cluster_guard_count,0.000000,0.000000,0.000000,0.000000,50
192,SGCT,max_signature_d,8.000000,0.000000,8.000000,0.000000,50
192,SGCT,epc_verification_count,10000.000000,0.000000,10000.000000,0.000000,50
192,SGCT,verify_fail_count,0.000000,0.000000,0.000000,0.000000,50
192,SGCT,avg_tag_responses,4.284636,0.009465,4.301040,0.002624,50
192,SUBF-CGDFSA,total_protocol_time_ms,21291.504600,172.903609,21574.847000,47.926435,50
192,SUBF-CGDFSA,throughput_tags_per_sec,469.701257,3.815476,475.589916,1.057596,50
192,SUBF-CGDFSA,system_efficiency,0.000000,0.000000,0.000000,0.000000,50
192,SUBF-CGDFSA,collision_slots,0.000000,0.000000,0.000000,0.000000,50
192,SUBF-CGDFSA,idle_slots,0.000000,0.000000,0.000000,0.000000,50
192,SUBF-CGDFSA,total_energy_uj,10671802.697770,95763.784442,10834239.148087,26544.366777,50
192,SUBF-CGDFSA,total_listening_energy_uj,10669486.460810,95737.683668,10831890.312487,26537.132012,50
192,SUBF-CGDFSA,total_transmission_energy_uj,2316.236960,31.903308,2363.481800,8.843146,50
192,SUBF-CGDFSA,total_bits,4620543.760000,63642.772812,4715205.700000,17640.876602,50
192,SUBF-CGDFSA,avg_tag_bits,461.656704,6.358947,471.128640,1.762610,50
192,SUBF-CGDFSA,avg_reader_bits,0.397672,0.021156,0.433400,0.005864,50
192,SUBF-CGDFSA,avg_total_bits,462.054376,6.364277,471.520570,1.764088,50
192,SUBF-CGDFSA,avg_query_efficiency,10000.000000,0.000000,10000.000000,0.000000,50
256,DQTA(k_max=3),total_protocol_time_ms,35639.264550,119.155480,35826.322188,33.028214,50
256,DQTA(k_max=3),throughput_tags_per_sec,280.592473,0.936631,281.906536,0.259621,50
256,DQTA(k_max=3),system_efficiency,0.330923,0.001707,0.333874,0.000473,50
256,DQTA(k_max=3),collision_slots,9271.440000,57.741564,9362.000000,16.005145,50
256,DQTA(k_max=3),idle_slots,10947.820000,147.178871,11188.850000,40.795902,50
256,DQTA(k_max=3),total_energy_uj,17868228.690070,73551.006364,17985464.208100,20387.298822,50
256,DQTA(k_max=3),total_listening_energy_uj,17854739.780230,73535.203194,17971951.955025,20382.918407,50
256,DQTA(k_max=3),total_transmission_energy_uj,13488.909840,19.820999,13519.081875,5.494101,50
256,DQTA(k_max=3),total_bits,25966051.380000,33860.219374,26017994.900000,9385.573967,50
256,DQTA(k_max=3),avg_tag_bits,2562.879528,3.200663,2567.746530,0.887179,50
256,DQTA(k_max=3),avg_reader_bits,33.725610,0.221179,34.083750,0.061308,50
256,DQTA(k_max=3),avg_total_bits,2596.605138,3.386022,2601.799490,0.938557,50
256,DQTA(k_max=3),avg_query_efficiency,1.078622,0.006697,1.087784,0.001856,50
256,DQTA(k_max=3),peak_stack_depth,27.460000,0.787919,29.000000,0.218400,50
256,DQTA(k_max=3),avg_tag_responses,5.164222,0.006647,5.174340,0.001842,50
256,DRCT,total_protocol_time_ms,25678.853825,62.928949,25777.768187,17.443015,50
256,DRCT,throughput_tags_per_sec,389.427772,0.953929,390.941370,0.264416,50
256,DRCT,system_efficiency,0.346711,0.001927,0.349841,0.000534,50
256,DRCT,collision_slots,14420.660000,80.286378,14548.150000,22.254249,50
256,DRCT,idle_slots,4422.660000,80.286378,4550.150000,22.254249,50
256,DRCT,total_energy_uj,12843754.530165,35836.164867,12925341.145581,9933.278114,50
256,DRCT,energy_per_tag_uj,1284.375453,3.583616,1292.534115,0.993328,50
256,DRCT,total_reader_tx_energy_uj,1162.823560,6.840303,1173.384800,1.896035,50
256,DRCT,total_tag_tx_energy_uj,1610.018120,3.985869,1616.481450,1.104826,50
256,DRCT,total_listening_energy_uj,12840981.688485,35829.567887,12922557.689231,9931.449525,50
256,DRCT,total_transmission_energy_uj,2772.841680,8.536543,2787.411675,2.366209,50
256,DRCT,total_bits,3801448.020000,9243.468535,3816644.850000,2562.158759,50
256,DRCT,avg_tag_bits,322.003624,0.797174,323.296290,0.220965,50
256,DRCT,avg_reader_bits,58.141178,0.342015,58.669240,0.094802,50
256,DRCT,avg_total_bits,380.144802,0.924347,381.664485,0.256216,50
256,DRCT,avg_query_efficiency,0.693471,0.003854,0.699732,0.001068,50
256,DRCT,peak_stack_depth,12.980000,0.552914,14.000000,0.153260,50
256,DRCT,avg_tag_responses,14.619248,0.018495,14.649595,0.005126,50
256,EAQ_CBB,total_protocol_time_ms,46533.749375,85.847400,46666.683562,23.795685,50
256,EAQ_CBB,throughput_tags_per_sec,214.898509,0.396384,215.438092,0.109872,50
256,EAQ_CBB,system_efficiency,0.546037,0.001935,0.548739,0.000536,50
256,EAQ_CBB,collision_slots,8314.000000,64.910614,8415.100000,17.992304,50
256,EAQ_CBB,idle_slots,0.000000,0.000000,0.000000,0.000000,50
256,EAQ_CBB,total_energy_uj,23274468.881313,52283.232668,23352500.003675,14492.172718,50
256,EAQ_CBB,total_listening_energy_uj,23266523.864783,52271.900676,23344538.889400,14489.031650,50
256,EAQ_CBB,total_transmission_energy_uj,7945.016530,13.146030,7965.374575,3.643894,50
256,EAQ_CBB,total_bits,6702790.700000,19729.715309,6733660.150000,5468.798070,50
256,EAQ_CBB,avg_tag_bits,364.037658,1.760695,366.835285,0.488040,50
256,EAQ_CBB,avg_reader_bits,306.241412,0.231373,306.588480,0.064133,50
256,EAQ_CBB,avg_total_bits,670.279070,1.972972,673.366015,0.546880,50
256,EAQ_CBB,avg_query_efficiency,1.202862,0.009385,1.216013,0.002601,50
256,EAQ_CBB,peak_stack_depth,2457.820000,6.656867,2468.300000,1.845189,50
256,EAQ_CBB,avg_tag_responses,3.790420,0.013925,3.812500,0.003860,50
256,EMDT,total_protocol_time_ms,28600.031050,292.406679,29105.588750,81.050996,50
256,EMDT,throughput_tags_per_sec,349.685717,3.567941,355.078798,0.988983,50
256,EMDT,system_efficiency,0.502811,0.006742,0.512567,0.001869,50
256,EMDT,collision_slots,5939.540000,115.690687,6131.650000,32.067822,50
256,EMDT,idle_slots,3952.160000,163.698997,4213.200000,45.375047,50
256,EMDT,total_energy_uj,14321823.921815,152039.867191,14560454.896588,42143.301072,50
256,EMDT,total_listening_energy_uj,14319796.577015,152043.151437,14558436.440987,42144.211418,50
256,EMDT,total_transmission_energy_uj,2027.344800,6.662773,2037.044000,1.846826,50
256,EMDT,total_bits,3321865.200000,6158.989567,3331064.400000,1707.184809,50
256,EMDT,avg_tag_bits,307.759040,0.406258,308.327760,0.112609,50
256,EMDT,avg_reader_bits,24.427480,0.250584,24.814350,0.069458,50
256,EMDT,avg_total_bits,332.186520,0.615899,333.106440,0.170718,50
256,EMDT,avg_query_efficiency,1.684256,0.032708,1.732000,0.009066,50
256,EMDT,peak_stack_depth,46.840000,1.694649,49.550000,0.469733,50
256,EMDT,avg_tag_responses,5.314414,0.022226,5.350390,0.006161,50
256,FHS_RAC,total_protocol_time_ms,25632.423975,26.552585,25669.561562,7.360001,50
256,FHS_RAC,throughput_tags_per_sec,390.131286,0.404222,390.823903,0.112045,50
256,FHS_RAC,system_efficiency,0.556595,0.001511,0.559159,0.000419,50
256,FHS_RAC,collision_slots,6334.680000,25.253361,6369.750000,6.999875,50
256,FHS_RAC,idle_slots,1631.840000,39.046994,1688.750000,10.823275,50
256,FHS_RAC,total_energy_uj,12818899.742765,13193.867228,12838542.828944,3657.153411,50
256,FHS_RAC,total_listening_energy_uj,12816323.281655,13190.671400,12835962.700319,3656.267573,50
256,FHS_RAC,total_transmission_energy_uj,2576.461110,3.754170,2581.665325,1.040603,50
256,FHS_RAC,total_bits,3227416.380000,1818.261829,3229956.950000,503.996465,50
256,FHS_RAC,avg_tag_bits,258.558110,0.013006,258.577675,0.003605,50
256,FHS_RAC,avg_reader_bits,64.183528,0.189740,64.445790,0.052593,50
256,FHS_RAC,avg_total_bits,322.741638,0.181826,322.995695,0.050400,50
256,FHS_RAC,avg_query_efficiency,1.578636,0.006290,1.586685,0.001743,50
256,FHS_RAC,peak_stack_depth,22.280000,0.990568,24.000000,0.274571,50
256,FHS_RAC,avg_tag_responses,8.365852,0.007305,8.378735,0.002025,50
256,HLCT-Base,total_protocol_time_ms,23292.833000,29.993831,23327.587312,8.313866,50
256,HLCT-Base,throughput_tags_per_sec,429.317304,0.552979,430.301995,0.153278,50
256,HLCT-Base,system_efficiency,0.326218,0.002466,0.330083,0.000684,50
256,HLCT-Base,collision_slots,3984.300000,26.853533,4021.650000,7.443420,50
256,HLCT-Base,idle_slots,16671.760000,225.497143,17010.850000,62.504619,50
256,HLCT-Base,total_energy_uj,11740849.205258,16916.191756,11761345.579038,4688.929130,50
256,HLCT-Base,total_listening_energy_uj,11738549.376508,16913.363587,11759042.731262,4688.145201,50
256,HLCT-Base,total_transmission_energy_uj,2299.828750,3.681824,2305.207175,1.020549,50
256,HLCT-Base,total_bits,3451780.760000,4194.885119,3458277.350000,1162.762832,50
256,HLCT-Base,avg_tag_bits,306.915518,0.359979,307.531590,0.099781,50
256,HLCT-Base,avg_reader_bits,38.262558,0.137570,38.479785,0.038132,50
256,HLCT-Base,avg_total_bits,345.178076,0.419489,345.827735,0.116276,50
256,HLCT-Base,avg_query_efficiency,2.509963,0.016933,2.539042,0.004694,50
256,HLCT-Base,peak_stack_depth,1810.980000,13.104743,1830.550000,3.632449,50
256,HLCT-Base,ovg_trigger_count,50.260000,7.370127,63.000000,2.042895,50
256,HLCT-Base,fallback_invocation_count,1.620000,0.752953,3.000000,0.208708,50
256,HLCT-Base,fallback_invocation_ratio,0.000412,0.000191,0.000764,0.000053,50
256,HLCT-Base,prefix_stagnation_trigger_count,13.180000,3.884506,20.000000,1.076730,50
256,HLCT-Base,prefix_stag_score_trigger_count,13.680000,3.966389,20.000000,1.099427,50
256,HLCT-Base,repeated_pattern_trigger_count,0.020000,0.141421,0.000000,0.039200,50
256,HLCT-Base,ovg_success_count,0.320000,0.512696,1.000000,0.142112,50
256,HLCT-Base,post_ovg_singleton_count,0.320000,0.512696,1.000000,0.142112,50
256,HLCT-Base,ovg_fallback_avoid_count,0.000000,0.000000,0.000000,0.000000,50
256,HLCT-Base,ovg_rehash_count,12.920000,3.932284,19.550000,1.089974,50
256,HLCT-Base,ovg_width_up_count,0.000000,0.000000,0.000000,0.000000,50
256,HLCT-Base,ovg_width_down_count,13.240000,3.920433,20.100000,1.086689,50
256,HLCT-Base,ovg_no_singleton_count,12.920000,3.932284,19.550000,1.089974,50
256,HLCT-Base,inspect_collision_count,59.400000,6.755195,70.550000,1.872444,50
256,HLCT-Base,fcw_cache_created_count,3866.280000,28.394481,3916.000000,7.870548,50
256,HLCT-Base,fcw_cache_hit_count,3860.940000,28.161640,3910.000000,7.806008,50
256,HLCT-Base,fcw_cache_hit_ratio,0.998619,0.000550,0.999483,0.000153,50
256,HLCT-Base,fcw_fast_path_count,0.000000,0.000000,0.000000,0.000000,50
256,HLCT-Base,fcw_width_up_count,0.000000,0.000000,0.000000,0.000000,50
256,HLCT-Base,fcw_width_down_count,0.000000,0.000000,0.000000,0.000000,50
256,HLCT-Base,adaptive_cbit_r4_count,822.680000,20.271061,858.750000,5.618851,50
256,HLCT-Base,multibit_fallback_count,1.580000,0.730949,3.000000,0.202609,50
256,HLCT-Base,epc_verification_count,10058.620000,6.709390,10070.000000,1.859748,50
256,HLCT-Base,verify_fail_count,58.620000,6.709390,70.000000,1.859748,50
256,HLCT-Base,avg_tag_responses,6.429192,0.006460,6.439210,0.001791,50
256,HT_EEAC,total_protocol_time_ms,89806.507900,1683.029653,92557.093750,466.512019,50
256,HT_EEAC,throughput_tags_per_sec,111.388784,2.084685,114.415768,0.577845,50
256,HT_EEAC,system_efficiency,0.061424,0.001386,0.063420,0.000384,50
256,HT_EEAC,collision_slots,146939.720000,3674.317335,152951.000000,1018.468804,50
256,HT_EEAC,idle_slots,5945.440000,174.267816,6161.800000,48.304574,50
256,HT_EEAC,total_energy_uj,51976671.941998,1053357.018809,53682530.165313,291975.669276,50
256,HT_EEAC,total_listening_energy_uj,51966969.477198,1053169.722947,53672515.282913,291923.753512,50
256,HT_EEAC,total_transmission_energy_uj,9702.464800,191.348753,10014.882400,53.039168,50
256,HT_EEAC,total_bits,8654509.040000,139741.946392,8882965.400000,38734.491341,50
256,HT_EEAC,avg_tag_bits,507.103552,5.878908,516.721600,1.629550,50
256,HT_EEAC,avg_reader_bits,358.347352,8.099105,371.548320,2.244957,50
256,HT_EEAC,avg_total_bits,865.450904,13.974195,888.296540,3.873449,50
256,HT_EEAC,avg_query_efficiency,0.068097,0.001701,0.070655,0.000472,50
256,HT_EEAC,avg_tag_responses,255.565248,12.334680,276.608990,3.418999,50
256,ICT,total_protocol_time_ms,40795.177750,1.536231,40797.384375,0.425821,50
256,ICT,throughput_tags_per_sec,245.127012,0.009231,245.141370,0.002559,50
256,ICT,system_efficiency,0.500025,0.000000,0.500025,0.000000,50
256,ICT,collision_slots,9999.000000,0.000000,9999.000000,0.000000,50
256,ICT,idle_slots,0.000000,0.000000,0.000000,0.000000,50
256,ICT,total_energy_uj,20429612.444345,1015.176250,20431148.168113,281.392500,50
256,ICT,total_listening_energy_uj,20409999.009175,1010.284165,20411528.631887,280.036483,50
256,ICT,total_transmission_energy_uj,19613.435170,8.447239,19625.590725,2.341455,50
256,ICT,total_bits,37116311.420000,16441.946259,37140213.450000,4557.474985,50
256,ICT,avg_tag_bits,3641.279178,1.629573,3643.657555,0.451694,50
256,ICT,avg_reader_bits,70.351964,0.024580,70.387270,0.006813,50
256,ICT,avg_total_bits,3711.631142,1.644195,3714.021345,0.455747,50
256,ICT,avg_query_efficiency,1.000100,0.000000,1.000100,0.000000,50
256,ICT,peak_stack_depth,14.760000,0.624663,16.000000,0.173148,50
256,ICT,avg_tag_responses,14.619484,0.006790,14.629355,0.001882,50
256,LAPCT,total_protocol_time_ms,55930.684775,0.937023,55932.261562,0.259730,50
256,LAPCT,throughput_tags_per_sec,178.792733,0.002995,178.797506,0.000830,50
256,LAPCT,system_efficiency,0.498961,0.000026,0.498977,0.000007,50
256,LAPCT,collision_slots,10041.640000,1.025392,10043.000000,0.284224,50
256,LAPCT,idle_slots,0.000000,0.000000,0.000000,0.000000,50
256,LAPCT,total_energy_uj,28001238.539802,623.803774,28002255.529063,172.909585,50
256,LAPCT,total_listening_energy_uj,27981805.565303,624.417268,27982835.455963,173.079636,50
256,LAPCT,total_transmission_energy_uj,19432.974500,13.944780,19452.037350,3.865296,50
256,LAPCT,total_bits,29504085.220000,27714.116178,29542147.800000,7681.961078,50
256,LAPCT,avg_tag_bits,2638.346396,2.765650,2642.151090,0.766599,50
256,LAPCT,avg_reader_bits,312.062126,0.012408,312.081320,0.003439,50
256,LAPCT,avg_total_bits,2950.408522,2.771412,2954.214780,0.768196,50
256,LAPCT,avg_query_efficiency,0.995853,0.000102,0.995917,0.000028,50
256,LAPCT,peak_stack_depth,17.880000,0.689276,19.000000,0.191058,50
256,LAPCT,avg_tag_responses,11.613250,0.011210,11.628760,0.003107,50
256,NLHQT(n=1),total_protocol_time_ms,50168.871325,167.219069,50434.107062,46.350761,50
256,NLHQT(n=1),throughput_tags_per_sec,199.328956,0.663620,200.402739,0.183946,50
256,NLHQT(n=1),system_efficiency,0.257436,0.001063,0.259159,0.000295,50
256,NLHQT(n=1),collision_slots,28845.320000,160.572755,29100.300000,44.508497,50
256,NLHQT(n=1),idle_slots,0.000000,0.000000,0.000000,0.000000,50
256,NLHQT(n=1),total_energy_uj,25081955.847700,94297.846937,25278620.612975,26138.029632,50
256,NLHQT(n=1),total_listening_energy_uj,25077536.313140,94292.310886,25274190.832500,26136.495117,50
256,NLHQT(n=1),total_transmission_energy_uj,4419.534560,6.691916,4430.066025,1.854905,50
256,NLHQT(n=1),total_bits,6166911.640000,3470.004880,6172419.150000,961.836281,50
256,NLHQT(n=1),avg_tag_bits,527.619248,0.018495,527.649595,0.005126,50
256,NLHQT(n=1),avg_reader_bits,89.071916,0.330487,89.590430,0.091606,50
256,NLHQT(n=1),avg_total_bits,616.691164,0.347000,617.241915,0.096184,50
256,NLHQT(n=1),avg_query_efficiency,0.346687,0.001926,0.349817,0.000534,50
256,NLHQT(n=1),peak_stack_depth,14.760000,0.624663,16.000000,0.173148,50
256,NLHQT(n=1),avg_tag_responses,16.619248,0.018495,16.649595,0.005126,50
256,NLHQT(n=2),total_protocol_time_ms,35660.394750,97.163055,35838.434625,26.932225,50
256,NLHQT(n=2),throughput_tags_per_sec,280.425182,0.763500,281.603783,0.211631,50
256,NLHQT(n=2),system_efficiency,0.354402,0.000990,0.356039,0.000274,50
256,NLHQT(n=2),collision_slots,18216.740000,78.841823,18358.150000,21.853838,50
256,NLHQT(n=2),idle_slots,0.000000,0.000000,0.000000,0.000000,50
256,NLHQT(n=2),total_energy_uj,17830570.671605,51345.152559,17930736.961187,14232.150178,50
256,NLHQT(n=2),total_listening_energy_uj,17826612.956765,51341.738436,17926774.309588,14231.203831,50
256,NLHQT(n=2),total_transmission_energy_uj,3957.714840,4.080866,3965.145750,1.131158,50
256,NLHQT(n=2),total_bits,5947257.240000,2169.452443,5951250.000000,601.341537,50
256,NLHQT(n=2),avg_tag_bits,529.119976,0.019301,529.153820,0.005350,50
256,NLHQT(n=2),avg_reader_bits,65.605748,0.199791,65.968050,0.055379,50
256,NLHQT(n=2),avg_total_bits,594.725724,0.216945,595.125000,0.060134,50
256,NLHQT(n=2),avg_query_efficiency,0.548956,0.002376,0.552888,0.000658,50
256,NLHQT(n=2),peak_stack_depth,20.940000,0.818411,22.000000,0.226852,50
256,NLHQT(n=2),avg_tag_responses,9.559988,0.009650,9.576910,0.002675,50
256,SD-CGQT,total_protocol_time_ms,7250.072500,145.560386,7422.358500,40.347280,50
256,SD-CGQT,throughput_tags_per_sec,1379.847289,28.004864,1419.192412,7.762552,50
256,SD-CGQT,system_efficiency,0.411752,0.001962,0.414573,0.000544,50
256,SD-CGQT,collision_slots,2728.180000,44.921105,2781.000000,12.451495,50
256,SD-CGQT,idle_slots,0.000000,0.000000,0.000000,0.000000,50
256,SD-CGQT,total_energy_uj,3216573.620358,79673.830263,3353678.657206,22084.459019,50
256,SD-CGQT,total_listening_energy_uj,3213897.920078,79652.906981,3350975.114331,22078.659382,50
256,SD-CGQT,total_transmission_energy_uj,2675.700280,24.983861,2705.832750,6.925173,50
256,SD-CGQT,total_bits,4878452.240000,42257.375509,4930977.750000,11713.146897,50
256,SD-CGQT,avg_tag_bits,472.080280,3.977147,477.083580,1.102409,50
256,SD-CGQT,avg_reader_bits,15.764944,0.287721,16.089705,0.079752,50
256,SD-CGQT,avg_total_bits,487.845224,4.225738,493.097775,1.171315,50
256,SD-CGQT,avg_query_efficiency,3.666421,0.060390,3.745220,0.016739,50
256,SD-CGQT,avg_tag_responses,10.878696,0.083343,11.019795,0.023101,50
256,SGCT,total_protocol_time_ms,21239.245425,42.087154,21307.279875,11.665964,50
256,SGCT,throughput_tags_per_sec,470.828330,0.932432,472.123145,0.258457,50
256,SGCT,system_efficiency,0.841297,0.003275,0.845848,0.000908,50
256,SGCT,collision_slots,1886.580000,46.326301,1961.950000,12.840995,50
256,SGCT,idle_slots,0.000000,0.000000,0.000000,0.000000,50
256,SGCT,total_energy_uj,10648993.311112,24297.559409,10688803.244131,6734.939857,50
256,SGCT,total_listening_energy_uj,10646869.889332,24292.565826,10686670.916656,6733.555707,50
256,SGCT,total_transmission_energy_uj,2123.421780,5.681508,2132.717475,1.574834,50
256,SGCT,total_bits,3253698.840000,3423.783314,3259385.850000,949.024316,50
256,SGCT,avg_tag_bits,292.265060,0.078876,292.403615,0.021863,50
256,SGCT,avg_reader_bits,33.104824,0.264725,33.534970,0.073378,50
256,SGCT,avg_total_bits,325.369884,0.342378,325.938585,0.094902,50
256,SGCT,avg_query_efficiency,5.303711,0.129479,5.487119,0.035890,50
256,SGCT,peak_stack_depth,258.700000,1.417817,261.000000,0.392999,50
256,SGCT,progressive_probe_count,945.020000,23.293592,983.250000,6.456654,50
256,SGCT,signature_grouping_trigger_count,942.560000,23.059072,979.700000,6.391649,50
256,SGCT,local_short_id_trigger_count,257.000000,0.000000,257.000000,0.000000,50
256,SGCT,signature_groups_pruned,65819.400000,345.886085,66376.500000,95.874731,50
256,SGCT,sparse_signature_groups,10941.560000,23.059072,10978.700000,6.391649,50
256,SGCT,signature_marker_bits,21405.900000,47.149026,21488.150000,13.069043,50
256,SGCT,signature_marker_tag_bits,21405.900000,47.149026,21488.150000,13.069043,50
256,SGCT,signature_non_idle_marker_count,10941.560000,23.059072,10978.700000,6.391649,50
256,SGCT,signature_collision_groups,941.560000,23.059072,978.700000,6.391649,50
256,SGCT,signature_singleton_groups,10000.000000,0.000000,10000.000000,0.000000,50
256,SGCT,low_d_fallback_count,0.000000,0.000000,0.000000,0.000000,50
256,SGCT,suffix_signature_trigger_count,0.000000,0.000000,0.000000,0.000000,50
256,SGCT,hash_short_id_round_count,0.000000,0.000000,0.000000,0.000000,50
256,SGCT,hash_short_id_split_count,0.000000,0.000000,0.000000,0.000000,50
256,SGCT,hash_short_id_collision_groups,0.000000,0.000000,0.000000,0.000000,50
256,SGCT,hash_short_id_singleton_groups,0.000000,0.000000,0.000000,0.000000,50
256,SGCT,small_cluster_guard_count,0.000000,0.000000,0.000000,0.000000,50
256,SGCT,max_signature_d,8.000000,0.000000,8.000000,0.000000,50
256,SGCT,epc_verification_count,10000.000000,0.000000,10000.000000,0.000000,50
256,SGCT,verify_fail_count,0.000000,0.000000,0.000000,0.000000,50
256,SGCT,avg_tag_responses,4.281672,0.009473,4.298340,0.002626,50
256,SUBF-CGDFSA,total_protocol_time_ms,27533.859550,195.219979,27879.952750,54.112217,50
256,SUBF-CGDFSA,throughput_tags_per_sec,363.207049,2.571137,366.836901,0.712683,50
256,SUBF-CGDFSA,system_efficiency,0.000000,0.000000,0.000000,0.000000,50
256,SUBF-CGDFSA,collision_slots,0.000000,0.000000,0.000000,0.000000,50
256,SUBF-CGDFSA,idle_slots,0.000000,0.000000,0.000000,0.000000,50
256,SUBF-CGDFSA,total_energy_uj,13827586.555115,125450.745555,14017612.772462,34773.172572,50
256,SUBF-CGDFSA,total_listening_energy_uj,13824528.592075,125418.786385,14014490.254062,34764.313942,50
256,SUBF-CGDFSA,total_transmission_energy_uj,3057.963040,39.025511,3122.518400,10.817320,50
256,SUBF-CGDFSA,total_bits,6104122.640000,77796.781723,6232523.200000,21564.167709,50
256,SUBF-CGDFSA,avg_tag_bits,610.018816,7.771398,622.835200,2.154122,50
256,SUBF-CGDFSA,avg_reader_bits,0.393448,0.028799,0.425810,0.007983,50
256,SUBF-CGDFSA,avg_total_bits,610.412264,7.779678,623.252320,2.156417,50
256,SUBF-CGDFSA,avg_query_efficiency,10000.000000,0.000000,10000.000000,0.000000,50
