experiment_name,scenario,run_id,point_seed,algorithm,algorithm_seed,tag_count,epc_length,status,runtime,scenario_point,algorithm_name
formal_experiment10_algorithm_comparison,random,0,1486858820,DQTA(k_max=3),1000047926,10000,96,ok,,scenario_label=random,DQTA(k_max=3)
formal_experiment10_algorithm_comparison,prefixed,0,4075987068,DQTA(k_max=3),2007639934,10000,96,ok,,scenario_label=prefixed,DQTA(k_max=3)
formal_experiment10_algorithm_comparison,prefix64,0,4125689627,DQTA(k_max=3),3106533615,10000,96,ok,,scenario_label=prefix64,DQTA(k_max=3)
formal_experiment10_algorithm_comparison,prefix72,0,1500471121,DQTA(k_max=3),1567831461,10000,96,ok,,scenario_label=prefix72,DQTA(k_max=3)
formal_experiment10_algorithm_comparison,prefix80,0,3599789785,DQTA(k_max=3),1406971752,10000,96,ok,,scenario_label=prefix80,DQTA(k_max=3)
formal_experiment10_algorithm_comparison,dispersed,0,718391674,DQTA(k_max=3),1058690022,10000,96,ok,,scenario_label=dispersed,DQTA(k_max=3)
formal_experiment10_algorithm_comparison,sequential,0,3832442603,DQTA(k_max=3),3016436854,10000,96,ok,,scenario_label=sequential,DQTA(k_max=3)
formal_experiment10_algorithm_comparison,clustered,0,2671803409,DQTA(k_max=3),3884208084,10000,96,ok,,scenario_label=clustered,DQTA(k_max=3)
formal_experiment10_algorithm_comparison,random,1,2763007857,DQTA(k_max=3),447218636,10000,96,ok,,scenario_label=random,DQTA(k_max=3)
formal_experiment10_algorithm_comparison,prefixed,1,2065428963,DQTA(k_max=3),2585703427,10000,96,ok,,scenario_label=prefixed,DQTA(k_max=3)
formal_experiment10_algorithm_comparison,prefix64,1,1416633314,DQTA(k_max=3),3202635983,10000,96,ok,,scenario_label=prefix64,DQTA(k_max=3)
formal_experiment10_algorithm_comparison,prefix72,1,4054706784,DQTA(k_max=3),2794844135,10000,96,ok,,scenario_label=prefix72,DQTA(k_max=3)
formal_experiment10_algorithm_comparison,prefix80,1,4026730667,DQTA(k_max=3),799737688,10000,96,ok,,scenario_label=prefix80,DQTA(k_max=3)
formal_experiment10_algorithm_comparison,dispersed,1,512815062,DQTA(k_max=3),2548717327,10000,96,ok,,scenario_label=dispersed,DQTA(k_max=3)
formal_experiment10_algorithm_comparison,sequential,1,307044453,DQTA(k_max=3),968875026,10000,96,ok,,scenario_label=sequential,DQTA(k_max=3)
formal_experiment10_algorithm_comparison,clustered,1,1347204990,DQTA(k_max=3),1369161562,10000,96,ok,,scenario_label=clustered,DQTA(k_max=3)
formal_experiment10_algorithm_comparison,random,2,2952453941,DQTA(k_max=3),236848089,10000,96,ok,,scenario_label=random,DQTA(k_max=3)
formal_experiment10_algorithm_comparison,prefixed,2,2156894236,DQTA(k_max=3),1477876054,10000,96,ok,,scenario_label=prefixed,DQTA(k_max=3)
formal_experiment10_algorithm_comparison,prefix64,2,1579062743,DQTA(k_max=3),1718282171,10000,96,ok,,scenario_label=prefix64,DQTA(k_max=3)
formal_experiment10_algorithm_comparison,prefix72,2,3098683715,DQTA(k_max=3),2226466653,10000,96,ok,,scenario_label=prefix72,DQTA(k_max=3)
formal_experiment10_algorithm_comparison,prefix80,2,3666635172,DQTA(k_max=3),3656354175,10000,96,ok,,scenario_label=prefix80,DQTA(k_max=3)
formal_experiment10_algorithm_comparison,dispersed,2,1938306392,DQTA(k_max=3),3534836223,10000,96,ok,,scenario_label=dispersed,DQTA(k_max=3)
formal_experiment10_algorithm_comparison,sequential,2,2669753757,DQTA(k_max=3),1451710688,10000,96,ok,,scenario_label=sequential,DQTA(k_max=3)
formal_experiment10_algorithm_comparison,clustered,2,4214585690,DQTA(k_max=3),529078855,10000,96,ok,,scenario_label=clustered,DQTA(k_max=3)
formal_experiment10_algorithm_comparison,random,3,305508543,DQTA(k_max=3),3929592825,10000,96,ok,,scenario_label=random,DQTA(k_max=3)
formal_experiment10_algorithm_comparison,prefixed,3,601308687,DQTA(k_max=3),1848224135,10000,96,ok,,scenario_label=prefixed,DQTA(k_max=3)
formal_experiment10_algorithm_comparison,prefix64,3,609090443,DQTA(k_max=3),639405574,10000,96,ok,,scenario_label=prefix64,DQTA(k_max=3)
formal_experiment10_algorithm_comparison,prefix72,3,300944148,DQTA(k_max=3),169801030,10000,96,ok,,scenario_label=prefix72,DQTA(k_max=3)
formal_experiment10_algorithm_comparison,prefix80,3,968741272,DQTA(k_max=3),341248300,10000,96,ok,,scenario_label=prefix80,DQTA(k_max=3)
formal_experiment10_algorithm_comparison,dispersed,3,101697167,DQTA(k_max=3),2108425597,10000,96,ok,,scenario_label=dispersed,DQTA(k_max=3)
formal_experiment10_algorithm_comparison,sequential,3,4014819932,DQTA(k_max=3),2348395233,10000,96,ok,,scenario_label=sequential,DQTA(k_max=3)
formal_experiment10_algorithm_comparison,clustered,3,3211323854,DQTA(k_max=3),3047656555,10000,96,ok,,scenario_label=clustered,DQTA(k_max=3)
formal_experiment10_algorithm_comparison,random,4,647249588,DQTA(k_max=3),3511398213,10000,96,ok,,scenario_label=random,DQTA(k_max=3)
formal_experiment10_algorithm_comparison,prefixed,4,1849982546,DQTA(k_max=3),1571641671,10000,96,ok,,scenario_label=prefixed,DQTA(k_max=3)
formal_experiment10_algorithm_comparison,prefix64,4,4123678274,DQTA(k_max=3),2017595338,10000,96,ok,,scenario_label=prefix64,DQTA(k_max=3)
formal_experiment10_algorithm_comparison,prefix72,4,647941119,DQTA(k_max=3),2182106877,10000,96,ok,,scenario_label=prefix72,DQTA(k_max=3)
formal_experiment10_algorithm_comparison,prefix80,4,2084925728,DQTA(k_max=3),597017096,10000,96,ok,,scenario_label=prefix80,DQTA(k_max=3)
formal_experiment10_algorithm_comparison,dispersed,4,4016991929,DQTA(k_max=3),2902580849,10000,96,ok,,scenario_label=dispersed,DQTA(k_max=3)
formal_experiment10_algorithm_comparison,sequential,4,1147041799,DQTA(k_max=3),3691887837,10000,96,ok,,scenario_label=sequential,DQTA(k_max=3)
formal_experiment10_algorithm_comparison,clustered,4,1157746636,DQTA(k_max=3),1972527811,10000,96,ok,,scenario_label=clustered,DQTA(k_max=3)
formal_experiment10_algorithm_comparison,random,5,2154945588,DQTA(k_max=3),93578957,10000,96,ok,,scenario_label=random,DQTA(k_max=3)
formal_experiment10_algorithm_comparison,prefixed,5,2243686180,DQTA(k_max=3),2466379348,10000,96,ok,,scenario_label=prefixed,DQTA(k_max=3)
formal_experiment10_algorithm_comparison,prefix64,5,295811869,DQTA(k_max=3),222937784,10000,96,ok,,scenario_label=prefix64,DQTA(k_max=3)
formal_experiment10_algorithm_comparison,prefix72,5,617202740,DQTA(k_max=3),2342771461,10000,96,ok,,scenario_label=prefix72,DQTA(k_max=3)
formal_experiment10_algorithm_comparison,prefix80,5,815586784,DQTA(k_max=3),803520259,10000,96,ok,,scenario_label=prefix80,DQTA(k_max=3)
formal_experiment10_algorithm_comparison,dispersed,5,1659534425,DQTA(k_max=3),2003246200,10000,96,ok,,scenario_label=dispersed,DQTA(k_max=3)
formal_experiment10_algorithm_comparison,sequential,5,1736493233,DQTA(k_max=3),3032142488,10000,96,ok,,scenario_label=sequential,DQTA(k_max=3)
formal_experiment10_algorithm_comparison,clustered,5,2592520367,DQTA(k_max=3),3708885927,10000,96,ok,,scenario_label=clustered,DQTA(k_max=3)
formal_experiment10_algorithm_comparison,random,6,888616007,DQTA(k_max=3),191523277,10000,96,ok,,scenario_label=random,DQTA(k_max=3)
formal_experiment10_algorithm_comparison,prefixed,6,2156671656,DQTA(k_max=3),209539916,10000,96,ok,,scenario_label=prefixed,DQTA(k_max=3)
formal_experiment10_algorithm_comparison,prefix64,6,2560305621,DQTA(k_max=3),1206728233,10000,96,ok,,scenario_label=prefix64,DQTA(k_max=3)
formal_experiment10_algorithm_comparison,prefix72,6,3673910054,DQTA(k_max=3),383330616,10000,96,ok,,scenario_label=prefix72,DQTA(k_max=3)
formal_experiment10_algorithm_comparison,prefix80,6,2524613736,DQTA(k_max=3),3574892827,10000,96,ok,,scenario_label=prefix80,DQTA(k_max=3)
formal_experiment10_algorithm_comparison,dispersed,6,4228533201,DQTA(k_max=3),211556225,10000,96,ok,,scenario_label=dispersed,DQTA(k_max=3)
formal_experiment10_algorithm_comparison,sequential,6,2814513920,DQTA(k_max=3),3761462069,10000,96,ok,,scenario_label=sequential,DQTA(k_max=3)
formal_experiment10_algorithm_comparison,clustered,6,4149466484,DQTA(k_max=3),2460823020,10000,96,ok,,scenario_label=clustered,DQTA(k_max=3)
formal_experiment10_algorithm_comparison,random,7,430504557,DQTA(k_max=3),1174239321,10000,96,ok,,scenario_label=random,DQTA(k_max=3)
formal_experiment10_algorithm_comparison,prefixed,7,968297227,DQTA(k_max=3),761413796,10000,96,ok,,scenario_label=prefixed,DQTA(k_max=3)
formal_experiment10_algorithm_comparison,prefix64,7,1285056138,DQTA(k_max=3),2256408558,10000,96,ok,,scenario_label=prefix64,DQTA(k_max=3)
formal_experiment10_algorithm_comparison,prefix72,7,108678447,DQTA(k_max=3),2924894696,10000,96,ok,,scenario_label=prefix72,DQTA(k_max=3)
formal_experiment10_algorithm_comparison,prefix80,7,2075071502,DQTA(k_max=3),3730388767,10000,96,ok,,scenario_label=prefix80,DQTA(k_max=3)
formal_experiment10_algorithm_comparison,dispersed,7,3483887618,DQTA(k_max=3),530206926,10000,96,ok,,scenario_label=dispersed,DQTA(k_max=3)
formal_experiment10_algorithm_comparison,sequential,7,1089799207,DQTA(k_max=3),567068904,10000,96,ok,,scenario_label=sequential,DQTA(k_max=3)
formal_experiment10_algorithm_comparison,clustered,7,1659200484,DQTA(k_max=3),2674221865,10000,96,ok,,scenario_label=clustered,DQTA(k_max=3)
formal_experiment10_algorithm_comparison,random,8,2123175754,DQTA(k_max=3),1590849514,10000,96,ok,,scenario_label=random,DQTA(k_max=3)
formal_experiment10_algorithm_comparison,prefixed,8,3724191092,DQTA(k_max=3),998293329,10000,96,ok,,scenario_label=prefixed,DQTA(k_max=3)
formal_experiment10_algorithm_comparison,prefix64,8,3747759999,DQTA(k_max=3),3180102360,10000,96,ok,,scenario_label=prefix64,DQTA(k_max=3)
formal_experiment10_algorithm_comparison,prefix72,8,3944130523,DQTA(k_max=3),137637513,10000,96,ok,,scenario_label=prefix72,DQTA(k_max=3)
formal_experiment10_algorithm_comparison,prefix80,8,2877063911,DQTA(k_max=3),1194099523,10000,96,ok,,scenario_label=prefix80,DQTA(k_max=3)
formal_experiment10_algorithm_comparison,dispersed,8,1326794289,DQTA(k_max=3),544237800,10000,96,ok,,scenario_label=dispersed,DQTA(k_max=3)
formal_experiment10_algorithm_comparison,sequential,8,464962871,DQTA(k_max=3),3396215216,10000,96,ok,,scenario_label=sequential,DQTA(k_max=3)
formal_experiment10_algorithm_comparison,clustered,8,4146325891,DQTA(k_max=3),1709054228,10000,96,ok,,scenario_label=clustered,DQTA(k_max=3)
formal_experiment10_algorithm_comparison,random,9,1156999555,DQTA(k_max=3),2415602313,10000,96,ok,,scenario_label=random,DQTA(k_max=3)
formal_experiment10_algorithm_comparison,prefixed,9,138744347,DQTA(k_max=3),1747396924,10000,96,ok,,scenario_label=prefixed,DQTA(k_max=3)
formal_experiment10_algorithm_comparison,prefix64,9,3105645739,DQTA(k_max=3),324007575,10000,96,ok,,scenario_label=prefix64,DQTA(k_max=3)
formal_experiment10_algorithm_comparison,prefix72,9,3839497446,DQTA(k_max=3),2224363446,10000,96,ok,,scenario_label=prefix72,DQTA(k_max=3)
formal_experiment10_algorithm_comparison,prefix80,9,923924336,DQTA(k_max=3),92127261,10000,96,ok,,scenario_label=prefix80,DQTA(k_max=3)
formal_experiment10_algorithm_comparison,dispersed,9,2289044336,DQTA(k_max=3),53118948,10000,96,ok,,scenario_label=dispersed,DQTA(k_max=3)
formal_experiment10_algorithm_comparison,sequential,9,1819612831,DQTA(k_max=3),748923289,10000,96,ok,,scenario_label=sequential,DQTA(k_max=3)
formal_experiment10_algorithm_comparison,clustered,9,2410991351,DQTA(k_max=3),2851682582,10000,96,ok,,scenario_label=clustered,DQTA(k_max=3)
formal_experiment10_algorithm_comparison,random,10,3409120913,DQTA(k_max=3),1361754538,10000,96,ok,,scenario_label=random,DQTA(k_max=3)
formal_experiment10_algorithm_comparison,prefixed,10,1612835902,DQTA(k_max=3),3697230892,10000,96,ok,,scenario_label=prefixed,DQTA(k_max=3)
formal_experiment10_algorithm_comparison,prefix64,10,1342461640,DQTA(k_max=3),3868070687,10000,96,ok,,scenario_label=prefix64,DQTA(k_max=3)
formal_experiment10_algorithm_comparison,prefix72,10,3699530451,DQTA(k_max=3),1718923928,10000,96,ok,,scenario_label=prefix72,DQTA(k_max=3)
formal_experiment10_algorithm_comparison,prefix80,10,959927471,DQTA(k_max=3),281582146,10000,96,ok,,scenario_label=prefix80,DQTA(k_max=3)
formal_experiment10_algorithm_comparison,dispersed,10,1416169167,DQTA(k_max=3),46616425,10000,96,ok,,scenario_label=dispersed,DQTA(k_max=3)
formal_experiment10_algorithm_comparison,sequential,10,2509121869,DQTA(k_max=3),3883513586,10000,96,ok,,scenario_label=sequential,DQTA(k_max=3)
formal_experiment10_algorithm_comparison,clustered,10,1497064732,DQTA(k_max=3),1941140493,10000,96,ok,,scenario_label=clustered,DQTA(k_max=3)
formal_experiment10_algorithm_comparison,random,11,304725238,DQTA(k_max=3),1146654552,10000,96,ok,,scenario_label=random,DQTA(k_max=3)
formal_experiment10_algorithm_comparison,prefixed,11,1701264339,DQTA(k_max=3),765277271,10000,96,ok,,scenario_label=prefixed,DQTA(k_max=3)
formal_experiment10_algorithm_comparison,prefix64,11,2849293153,DQTA(k_max=3),2766149621,10000,96,ok,,scenario_label=prefix64,DQTA(k_max=3)
formal_experiment10_algorithm_comparison,prefix72,11,1544784903,DQTA(k_max=3),1514658659,10000,96,ok,,scenario_label=prefix72,DQTA(k_max=3)
formal_experiment10_algorithm_comparison,prefix80,11,3015158801,DQTA(k_max=3),4233066080,10000,96,ok,,scenario_label=prefix80,DQTA(k_max=3)
formal_experiment10_algorithm_comparison,dispersed,11,418844889,DQTA(k_max=3),2049374695,10000,96,ok,,scenario_label=dispersed,DQTA(k_max=3)
formal_experiment10_algorithm_comparison,sequential,11,4252184221,DQTA(k_max=3),3600860445,10000,96,ok,,scenario_label=sequential,DQTA(k_max=3)
formal_experiment10_algorithm_comparison,clustered,11,1654947796,DQTA(k_max=3),2568678149,10000,96,ok,,scenario_label=clustered,DQTA(k_max=3)
formal_experiment10_algorithm_comparison,random,12,2060045378,DQTA(k_max=3),31364024,10000,96,ok,,scenario_label=random,DQTA(k_max=3)
formal_experiment10_algorithm_comparison,prefixed,12,2090748561,DQTA(k_max=3),760886118,10000,96,ok,,scenario_label=prefixed,DQTA(k_max=3)
formal_experiment10_algorithm_comparison,prefix64,12,3119637419,DQTA(k_max=3),254489005,10000,96,ok,,scenario_label=prefix64,DQTA(k_max=3)
formal_experiment10_algorithm_comparison,prefix72,12,4135667632,DQTA(k_max=3),3166642774,10000,96,ok,,scenario_label=prefix72,DQTA(k_max=3)
formal_experiment10_algorithm_comparison,prefix80,12,235991746,DQTA(k_max=3),3196212137,10000,96,ok,,scenario_label=prefix80,DQTA(k_max=3)
formal_experiment10_algorithm_comparison,dispersed,12,1779197397,DQTA(k_max=3),4155526784,10000,96,ok,,scenario_label=dispersed,DQTA(k_max=3)
formal_experiment10_algorithm_comparison,sequential,12,598408119,DQTA(k_max=3),954954244,10000,96,ok,,scenario_label=sequential,DQTA(k_max=3)
formal_experiment10_algorithm_comparison,clustered,12,1632175688,DQTA(k_max=3),2150476490,10000,96,ok,,scenario_label=clustered,DQTA(k_max=3)
formal_experiment10_algorithm_comparison,random,13,4060208555,DQTA(k_max=3),3514590439,10000,96,ok,,scenario_label=random,DQTA(k_max=3)
formal_experiment10_algorithm_comparison,prefixed,13,1330638782,DQTA(k_max=3),2208057944,10000,96,ok,,scenario_label=prefixed,DQTA(k_max=3)
formal_experiment10_algorithm_comparison,prefix64,13,3229840205,DQTA(k_max=3),1228245555,10000,96,ok,,scenario_label=prefix64,DQTA(k_max=3)
formal_experiment10_algorithm_comparison,prefix72,13,2885341494,DQTA(k_max=3),4002739230,10000,96,ok,,scenario_label=prefix72,DQTA(k_max=3)
formal_experiment10_algorithm_comparison,prefix80,13,2359772976,DQTA(k_max=3),441254569,10000,96,ok,,scenario_label=prefix80,DQTA(k_max=3)
formal_experiment10_algorithm_comparison,dispersed,13,3815732145,DQTA(k_max=3),3543799544,10000,96,ok,,scenario_label=dispersed,DQTA(k_max=3)
formal_experiment10_algorithm_comparison,sequential,13,3109578896,DQTA(k_max=3),1388243845,10000,96,ok,,scenario_label=sequential,DQTA(k_max=3)
formal_experiment10_algorithm_comparison,clustered,13,286329085,DQTA(k_max=3),173794164,10000,96,ok,,scenario_label=clustered,DQTA(k_max=3)
formal_experiment10_algorithm_comparison,random,14,338370732,DQTA(k_max=3),1902260201,10000,96,ok,,scenario_label=random,DQTA(k_max=3)
formal_experiment10_algorithm_comparison,prefixed,14,1383110064,DQTA(k_max=3),694330801,10000,96,ok,,scenario_label=prefixed,DQTA(k_max=3)
formal_experiment10_algorithm_comparison,prefix64,14,2166853789,DQTA(k_max=3),2085733504,10000,96,ok,,scenario_label=prefix64,DQTA(k_max=3)
formal_experiment10_algorithm_comparison,prefix72,14,314404237,DQTA(k_max=3),2948493588,10000,96,ok,,scenario_label=prefix72,DQTA(k_max=3)
formal_experiment10_algorithm_comparison,prefix80,14,2419352845,DQTA(k_max=3),2510350168,10000,96,ok,,scenario_label=prefix80,DQTA(k_max=3)
formal_experiment10_algorithm_comparison,dispersed,14,3005302956,DQTA(k_max=3),2498315371,10000,96,ok,,scenario_label=dispersed,DQTA(k_max=3)
formal_experiment10_algorithm_comparison,sequential,14,2012366791,DQTA(k_max=3),4220757232,10000,96,ok,,scenario_label=sequential,DQTA(k_max=3)
formal_experiment10_algorithm_comparison,clustered,14,844575883,DQTA(k_max=3),384758780,10000,96,ok,,scenario_label=clustered,DQTA(k_max=3)
formal_experiment10_algorithm_comparison,random,15,3150236223,DQTA(k_max=3),2354796366,10000,96,ok,,scenario_label=random,DQTA(k_max=3)
formal_experiment10_algorithm_comparison,prefixed,15,3900451069,DQTA(k_max=3),2540173494,10000,96,ok,,scenario_label=prefixed,DQTA(k_max=3)
formal_experiment10_algorithm_comparison,prefix64,15,1087024520,DQTA(k_max=3),1961755250,10000,96,ok,,scenario_label=prefix64,DQTA(k_max=3)
formal_experiment10_algorithm_comparison,prefix72,15,3683200937,DQTA(k_max=3),553121323,10000,96,ok,,scenario_label=prefix72,DQTA(k_max=3)
formal_experiment10_algorithm_comparison,prefix80,15,3661251964,DQTA(k_max=3),1233672034,10000,96,ok,,scenario_label=prefix80,DQTA(k_max=3)
formal_experiment10_algorithm_comparison,dispersed,15,721136372,DQTA(k_max=3),1125103973,10000,96,ok,,scenario_label=dispersed,DQTA(k_max=3)
formal_experiment10_algorithm_comparison,sequential,15,2481232546,DQTA(k_max=3),1850570962,10000,96,ok,,scenario_label=sequential,DQTA(k_max=3)
formal_experiment10_algorithm_comparison,clustered,15,4075594883,DQTA(k_max=3),569812902,10000,96,ok,,scenario_label=clustered,DQTA(k_max=3)
formal_experiment10_algorithm_comparison,random,16,988902021,DQTA(k_max=3),332545726,10000,96,ok,,scenario_label=random,DQTA(k_max=3)
formal_experiment10_algorithm_comparison,prefixed,16,1825783292,DQTA(k_max=3),954322081,10000,96,ok,,scenario_label=prefixed,DQTA(k_max=3)
formal_experiment10_algorithm_comparison,prefix64,16,1331422560,DQTA(k_max=3),1333132356,10000,96,ok,,scenario_label=prefix64,DQTA(k_max=3)
formal_experiment10_algorithm_comparison,prefix72,16,2842376837,DQTA(k_max=3),1581052903,10000,96,ok,,scenario_label=prefix72,DQTA(k_max=3)
formal_experiment10_algorithm_comparison,prefix80,16,119107535,DQTA(k_max=3),853346782,10000,96,ok,,scenario_label=prefix80,DQTA(k_max=3)
formal_experiment10_algorithm_comparison,dispersed,16,2327042042,DQTA(k_max=3),2872357882,10000,96,ok,,scenario_label=dispersed,DQTA(k_max=3)
formal_experiment10_algorithm_comparison,sequential,16,1105529789,DQTA(k_max=3),4254027819,10000,96,ok,,scenario_label=sequential,DQTA(k_max=3)
formal_experiment10_algorithm_comparison,clustered,16,496171624,DQTA(k_max=3),4270552857,10000,96,ok,,scenario_label=clustered,DQTA(k_max=3)
formal_experiment10_algorithm_comparison,random,17,2224189429,DQTA(k_max=3),366656053,10000,96,ok,,scenario_label=random,DQTA(k_max=3)
formal_experiment10_algorithm_comparison,prefixed,17,288395540,DQTA(k_max=3),2861481989,10000,96,ok,,scenario_label=prefixed,DQTA(k_max=3)
formal_experiment10_algorithm_comparison,prefix64,17,2651751378,DQTA(k_max=3),2286013430,10000,96,ok,,scenario_label=prefix64,DQTA(k_max=3)
formal_experiment10_algorithm_comparison,prefix72,17,2996846514,DQTA(k_max=3),2384127730,10000,96,ok,,scenario_label=prefix72,DQTA(k_max=3)
formal_experiment10_algorithm_comparison,prefix80,17,1676046437,DQTA(k_max=3),980700016,10000,96,ok,,scenario_label=prefix80,DQTA(k_max=3)
formal_experiment10_algorithm_comparison,dispersed,17,235530803,DQTA(k_max=3),3387891225,10000,96,ok,,scenario_label=dispersed,DQTA(k_max=3)
formal_experiment10_algorithm_comparison,sequential,17,576396880,DQTA(k_max=3),3657521643,10000,96,ok,,scenario_label=sequential,DQTA(k_max=3)
formal_experiment10_algorithm_comparison,clustered,17,1717550807,DQTA(k_max=3),1490898698,10000,96,ok,,scenario_label=clustered,DQTA(k_max=3)
formal_experiment10_algorithm_comparison,random,18,3998393979,DQTA(k_max=3),1710411168,10000,96,ok,,scenario_label=random,DQTA(k_max=3)
formal_experiment10_algorithm_comparison,prefixed,18,2356458670,DQTA(k_max=3),4058249041,10000,96,ok,,scenario_label=prefixed,DQTA(k_max=3)
formal_experiment10_algorithm_comparison,prefix64,18,1114579400,DQTA(k_max=3),2467386529,10000,96,ok,,scenario_label=prefix64,DQTA(k_max=3)
formal_experiment10_algorithm_comparison,prefix72,18,2056936186,DQTA(k_max=3),2634892807,10000,96,ok,,scenario_label=prefix72,DQTA(k_max=3)
formal_experiment10_algorithm_comparison,prefix80,18,3572978440,DQTA(k_max=3),784657959,10000,96,ok,,scenario_label=prefix80,DQTA(k_max=3)
formal_experiment10_algorithm_comparison,dispersed,18,3630574312,DQTA(k_max=3),361817718,10000,96,ok,,scenario_label=dispersed,DQTA(k_max=3)
formal_experiment10_algorithm_comparison,sequential,18,555601650,DQTA(k_max=3),2993651908,10000,96,ok,,scenario_label=sequential,DQTA(k_max=3)
formal_experiment10_algorithm_comparison,clustered,18,3697359989,DQTA(k_max=3),69187728,10000,96,ok,,scenario_label=clustered,DQTA(k_max=3)
formal_experiment10_algorithm_comparison,random,19,2094226776,DQTA(k_max=3),3001511453,10000,96,ok,,scenario_label=random,DQTA(k_max=3)
formal_experiment10_algorithm_comparison,prefixed,19,2801155553,DQTA(k_max=3),2381790373,10000,96,ok,,scenario_label=prefixed,DQTA(k_max=3)
formal_experiment10_algorithm_comparison,prefix64,19,1462923349,DQTA(k_max=3),3822449577,10000,96,ok,,scenario_label=prefix64,DQTA(k_max=3)
formal_experiment10_algorithm_comparison,prefix72,19,864380945,DQTA(k_max=3),478960601,10000,96,ok,,scenario_label=prefix72,DQTA(k_max=3)
formal_experiment10_algorithm_comparison,prefix80,19,3959937795,DQTA(k_max=3),3934668274,10000,96,ok,,scenario_label=prefix80,DQTA(k_max=3)
formal_experiment10_algorithm_comparison,dispersed,19,1188669765,DQTA(k_max=3),1837601411,10000,96,ok,,scenario_label=dispersed,DQTA(k_max=3)
formal_experiment10_algorithm_comparison,sequential,19,4068575958,DQTA(k_max=3),706734417,10000,96,ok,,scenario_label=sequential,DQTA(k_max=3)
formal_experiment10_algorithm_comparison,clustered,19,122151701,DQTA(k_max=3),3024199869,10000,96,ok,,scenario_label=clustered,DQTA(k_max=3)
formal_experiment10_algorithm_comparison,random,20,3422504533,DQTA(k_max=3),842249818,10000,96,ok,,scenario_label=random,DQTA(k_max=3)
formal_experiment10_algorithm_comparison,prefixed,20,4232883932,DQTA(k_max=3),913789877,10000,96,ok,,scenario_label=prefixed,DQTA(k_max=3)
formal_experiment10_algorithm_comparison,prefix64,20,3678638554,DQTA(k_max=3),140697390,10000,96,ok,,scenario_label=prefix64,DQTA(k_max=3)
formal_experiment10_algorithm_comparison,prefix72,20,1435960876,DQTA(k_max=3),2039297822,10000,96,ok,,scenario_label=prefix72,DQTA(k_max=3)
formal_experiment10_algorithm_comparison,prefix80,20,1447386439,DQTA(k_max=3),85081722,10000,96,ok,,scenario_label=prefix80,DQTA(k_max=3)
formal_experiment10_algorithm_comparison,dispersed,20,1490620412,DQTA(k_max=3),3986233816,10000,96,ok,,scenario_label=dispersed,DQTA(k_max=3)
formal_experiment10_algorithm_comparison,sequential,20,36137704,DQTA(k_max=3),1905355445,10000,96,ok,,scenario_label=sequential,DQTA(k_max=3)
formal_experiment10_algorithm_comparison,clustered,20,3072805405,DQTA(k_max=3),449632852,10000,96,ok,,scenario_label=clustered,DQTA(k_max=3)
formal_experiment10_algorithm_comparison,random,21,2767190040,DQTA(k_max=3),7872770,10000,96,ok,,scenario_label=random,DQTA(k_max=3)
formal_experiment10_algorithm_comparison,prefixed,21,687968857,DQTA(k_max=3),374405350,10000,96,ok,,scenario_label=prefixed,DQTA(k_max=3)
formal_experiment10_algorithm_comparison,prefix64,21,138882790,DQTA(k_max=3),3912516900,10000,96,ok,,scenario_label=prefix64,DQTA(k_max=3)
formal_experiment10_algorithm_comparison,prefix72,21,2856226622,DQTA(k_max=3),907870443,10000,96,ok,,scenario_label=prefix72,DQTA(k_max=3)
formal_experiment10_algorithm_comparison,prefix80,21,773447700,DQTA(k_max=3),1944055541,10000,96,ok,,scenario_label=prefix80,DQTA(k_max=3)
formal_experiment10_algorithm_comparison,dispersed,21,3190063457,DQTA(k_max=3),4188744037,10000,96,ok,,scenario_label=dispersed,DQTA(k_max=3)
formal_experiment10_algorithm_comparison,sequential,21,3175350032,DQTA(k_max=3),3953724758,10000,96,ok,,scenario_label=sequential,DQTA(k_max=3)
formal_experiment10_algorithm_comparison,clustered,21,3147787421,DQTA(k_max=3),734235352,10000,96,ok,,scenario_label=clustered,DQTA(k_max=3)
formal_experiment10_algorithm_comparison,random,22,1236592999,DQTA(k_max=3),1950687866,10000,96,ok,,scenario_label=random,DQTA(k_max=3)
formal_experiment10_algorithm_comparison,prefixed,22,2490750245,DQTA(k_max=3),2128332058,10000,96,ok,,scenario_label=prefixed,DQTA(k_max=3)
formal_experiment10_algorithm_comparison,prefix64,22,2799955695,DQTA(k_max=3),701941310,10000,96,ok,,scenario_label=prefix64,DQTA(k_max=3)
formal_experiment10_algorithm_comparison,prefix72,22,1176494308,DQTA(k_max=3),2950431431,10000,96,ok,,scenario_label=prefix72,DQTA(k_max=3)
formal_experiment10_algorithm_comparison,prefix80,22,1933229166,DQTA(k_max=3),6565349,10000,96,ok,,scenario_label=prefix80,DQTA(k_max=3)
formal_experiment10_algorithm_comparison,dispersed,22,2884021080,DQTA(k_max=3),3635841908,10000,96,ok,,scenario_label=dispersed,DQTA(k_max=3)
formal_experiment10_algorithm_comparison,sequential,22,718727290,DQTA(k_max=3),89416734,10000,96,ok,,scenario_label=sequential,DQTA(k_max=3)
formal_experiment10_algorithm_comparison,clustered,22,2093052601,DQTA(k_max=3),1323676169,10000,96,ok,,scenario_label=clustered,DQTA(k_max=3)
formal_experiment10_algorithm_comparison,random,23,1587936834,DQTA(k_max=3),2057153,10000,96,ok,,scenario_label=random,DQTA(k_max=3)
formal_experiment10_algorithm_comparison,prefixed,23,1648471287,DQTA(k_max=3),1928551809,10000,96,ok,,scenario_label=prefixed,DQTA(k_max=3)
formal_experiment10_algorithm_comparison,prefix64,23,364435406,DQTA(k_max=3),3420857080,10000,96,ok,,scenario_label=prefix64,DQTA(k_max=3)
formal_experiment10_algorithm_comparison,prefix72,23,3017230718,DQTA(k_max=3),4035559502,10000,96,ok,,scenario_label=prefix72,DQTA(k_max=3)
formal_experiment10_algorithm_comparison,prefix80,23,3937857360,DQTA(k_max=3),3432657483,10000,96,ok,,scenario_label=prefix80,DQTA(k_max=3)
formal_experiment10_algorithm_comparison,dispersed,23,1487873236,DQTA(k_max=3),2366401105,10000,96,ok,,scenario_label=dispersed,DQTA(k_max=3)
formal_experiment10_algorithm_comparison,sequential,23,1258431547,DQTA(k_max=3),3412507030,10000,96,ok,,scenario_label=sequential,DQTA(k_max=3)
formal_experiment10_algorithm_comparison,clustered,23,1999349207,DQTA(k_max=3),2347521556,10000,96,ok,,scenario_label=clustered,DQTA(k_max=3)
formal_experiment10_algorithm_comparison,random,24,4015954273,DQTA(k_max=3),4198396446,10000,96,ok,,scenario_label=random,DQTA(k_max=3)
formal_experiment10_algorithm_comparison,prefixed,24,1786454360,DQTA(k_max=3),4017379943,10000,96,ok,,scenario_label=prefixed,DQTA(k_max=3)
formal_experiment10_algorithm_comparison,prefix64,24,1605905099,DQTA(k_max=3),1557417383,10000,96,ok,,scenario_label=prefix64,DQTA(k_max=3)
formal_experiment10_algorithm_comparison,prefix72,24,1141157572,DQTA(k_max=3),3630775182,10000,96,ok,,scenario_label=prefix72,DQTA(k_max=3)
formal_experiment10_algorithm_comparison,prefix80,24,3693791333,DQTA(k_max=3),1660396763,10000,96,ok,,scenario_label=prefix80,DQTA(k_max=3)
formal_experiment10_algorithm_comparison,dispersed,24,3327095736,DQTA(k_max=3),2233200525,10000,96,ok,,scenario_label=dispersed,DQTA(k_max=3)
formal_experiment10_algorithm_comparison,sequential,24,3365623594,DQTA(k_max=3),3628207305,10000,96,ok,,scenario_label=sequential,DQTA(k_max=3)
formal_experiment10_algorithm_comparison,clustered,24,2076634887,DQTA(k_max=3),2896502903,10000,96,ok,,scenario_label=clustered,DQTA(k_max=3)
formal_experiment10_algorithm_comparison,random,25,798146029,DQTA(k_max=3),104004812,10000,96,ok,,scenario_label=random,DQTA(k_max=3)
formal_experiment10_algorithm_comparison,prefixed,25,924758938,DQTA(k_max=3),716726283,10000,96,ok,,scenario_label=prefixed,DQTA(k_max=3)
formal_experiment10_algorithm_comparison,prefix64,25,276170494,DQTA(k_max=3),2213141860,10000,96,ok,,scenario_label=prefix64,DQTA(k_max=3)
formal_experiment10_algorithm_comparison,prefix72,25,3354368970,DQTA(k_max=3),3199333860,10000,96,ok,,scenario_label=prefix72,DQTA(k_max=3)
formal_experiment10_algorithm_comparison,prefix80,25,2005908186,DQTA(k_max=3),356409919,10000,96,ok,,scenario_label=prefix80,DQTA(k_max=3)
formal_experiment10_algorithm_comparison,dispersed,25,252742347,DQTA(k_max=3),3906572762,10000,96,ok,,scenario_label=dispersed,DQTA(k_max=3)
formal_experiment10_algorithm_comparison,sequential,25,2509309594,DQTA(k_max=3),30813531,10000,96,ok,,scenario_label=sequential,DQTA(k_max=3)
formal_experiment10_algorithm_comparison,clustered,25,166869229,DQTA(k_max=3),3586361662,10000,96,ok,,scenario_label=clustered,DQTA(k_max=3)
formal_experiment10_algorithm_comparison,random,26,3286019119,DQTA(k_max=3),1519634593,10000,96,ok,,scenario_label=random,DQTA(k_max=3)
formal_experiment10_algorithm_comparison,prefixed,26,1795450453,DQTA(k_max=3),128127481,10000,96,ok,,scenario_label=prefixed,DQTA(k_max=3)
formal_experiment10_algorithm_comparison,prefix64,26,2925529590,DQTA(k_max=3),3591247788,10000,96,ok,,scenario_label=prefix64,DQTA(k_max=3)
formal_experiment10_algorithm_comparison,prefix72,26,596174526,DQTA(k_max=3),1519928367,10000,96,ok,,scenario_label=prefix72,DQTA(k_max=3)
formal_experiment10_algorithm_comparison,prefix80,26,3276034574,DQTA(k_max=3),1189018471,10000,96,ok,,scenario_label=prefix80,DQTA(k_max=3)
formal_experiment10_algorithm_comparison,dispersed,26,2536907153,DQTA(k_max=3),2087025077,10000,96,ok,,scenario_label=dispersed,DQTA(k_max=3)
formal_experiment10_algorithm_comparison,sequential,26,3016514165,DQTA(k_max=3),1381547199,10000,96,ok,,scenario_label=sequential,DQTA(k_max=3)
formal_experiment10_algorithm_comparison,clustered,26,3738417298,DQTA(k_max=3),89429068,10000,96,ok,,scenario_label=clustered,DQTA(k_max=3)
formal_experiment10_algorithm_comparison,random,27,1371178209,DQTA(k_max=3),273857384,10000,96,ok,,scenario_label=random,DQTA(k_max=3)
formal_experiment10_algorithm_comparison,prefixed,27,2433723863,DQTA(k_max=3),331622804,10000,96,ok,,scenario_label=prefixed,DQTA(k_max=3)
formal_experiment10_algorithm_comparison,prefix64,27,2681084984,DQTA(k_max=3),3628854758,10000,96,ok,,scenario_label=prefix64,DQTA(k_max=3)
formal_experiment10_algorithm_comparison,prefix72,27,2354148920,DQTA(k_max=3),2905990032,10000,96,ok,,scenario_label=prefix72,DQTA(k_max=3)
formal_experiment10_algorithm_comparison,prefix80,27,2850241236,DQTA(k_max=3),720509202,10000,96,ok,,scenario_label=prefix80,DQTA(k_max=3)
formal_experiment10_algorithm_comparison,dispersed,27,353634476,DQTA(k_max=3),3067680295,10000,96,ok,,scenario_label=dispersed,DQTA(k_max=3)
formal_experiment10_algorithm_comparison,sequential,27,3444853128,DQTA(k_max=3),505783358,10000,96,ok,,scenario_label=sequential,DQTA(k_max=3)
formal_experiment10_algorithm_comparison,clustered,27,1841632199,DQTA(k_max=3),3740167450,10000,96,ok,,scenario_label=clustered,DQTA(k_max=3)
formal_experiment10_algorithm_comparison,random,28,2229965917,DQTA(k_max=3),2242918424,10000,96,ok,,scenario_label=random,DQTA(k_max=3)
formal_experiment10_algorithm_comparison,prefixed,28,2839760260,DQTA(k_max=3),919171454,10000,96,ok,,scenario_label=prefixed,DQTA(k_max=3)
formal_experiment10_algorithm_comparison,prefix64,28,1447320722,DQTA(k_max=3),3335157087,10000,96,ok,,scenario_label=prefix64,DQTA(k_max=3)
formal_experiment10_algorithm_comparison,prefix72,28,2480472296,DQTA(k_max=3),1935113839,10000,96,ok,,scenario_label=prefix72,DQTA(k_max=3)
formal_experiment10_algorithm_comparison,prefix80,28,189231546,DQTA(k_max=3),243281694,10000,96,ok,,scenario_label=prefix80,DQTA(k_max=3)
formal_experiment10_algorithm_comparison,dispersed,28,486142359,DQTA(k_max=3),1714624599,10000,96,ok,,scenario_label=dispersed,DQTA(k_max=3)
formal_experiment10_algorithm_comparison,sequential,28,3005013483,DQTA(k_max=3),2650991118,10000,96,ok,,scenario_label=sequential,DQTA(k_max=3)
formal_experiment10_algorithm_comparison,clustered,28,904872953,DQTA(k_max=3),2912341066,10000,96,ok,,scenario_label=clustered,DQTA(k_max=3)
formal_experiment10_algorithm_comparison,random,29,1577098209,DQTA(k_max=3),1604432951,10000,96,ok,,scenario_label=random,DQTA(k_max=3)
formal_experiment10_algorithm_comparison,prefixed,29,1296804900,DQTA(k_max=3),1088512788,10000,96,ok,,scenario_label=prefixed,DQTA(k_max=3)
formal_experiment10_algorithm_comparison,prefix64,29,505043851,DQTA(k_max=3),3286993782,10000,96,ok,,scenario_label=prefix64,DQTA(k_max=3)
formal_experiment10_algorithm_comparison,prefix72,29,2658790611,DQTA(k_max=3),866153864,10000,96,ok,,scenario_label=prefix72,DQTA(k_max=3)
formal_experiment10_algorithm_comparison,prefix80,29,1429797341,DQTA(k_max=3),1489719543,10000,96,ok,,scenario_label=prefix80,DQTA(k_max=3)
formal_experiment10_algorithm_comparison,dispersed,29,2273552703,DQTA(k_max=3),901124672,10000,96,ok,,scenario_label=dispersed,DQTA(k_max=3)
formal_experiment10_algorithm_comparison,sequential,29,3899432569,DQTA(k_max=3),2652347988,10000,96,ok,,scenario_label=sequential,DQTA(k_max=3)
formal_experiment10_algorithm_comparison,clustered,29,916823294,DQTA(k_max=3),355501749,10000,96,ok,,scenario_label=clustered,DQTA(k_max=3)
formal_experiment10_algorithm_comparison,random,30,2757994122,DQTA(k_max=3),116037929,10000,96,ok,,scenario_label=random,DQTA(k_max=3)
formal_experiment10_algorithm_comparison,prefixed,30,429058329,DQTA(k_max=3),3099556737,10000,96,ok,,scenario_label=prefixed,DQTA(k_max=3)
formal_experiment10_algorithm_comparison,prefix64,30,1168910017,DQTA(k_max=3),2737659675,10000,96,ok,,scenario_label=prefix64,DQTA(k_max=3)
formal_experiment10_algorithm_comparison,prefix72,30,2954858719,DQTA(k_max=3),985945504,10000,96,ok,,scenario_label=prefix72,DQTA(k_max=3)
formal_experiment10_algorithm_comparison,prefix80,30,1066354187,DQTA(k_max=3),2784266101,10000,96,ok,,scenario_label=prefix80,DQTA(k_max=3)
formal_experiment10_algorithm_comparison,dispersed,30,1918572727,DQTA(k_max=3),3906129796,10000,96,ok,,scenario_label=dispersed,DQTA(k_max=3)
formal_experiment10_algorithm_comparison,sequential,30,4168150786,DQTA(k_max=3),1010489913,10000,96,ok,,scenario_label=sequential,DQTA(k_max=3)
formal_experiment10_algorithm_comparison,clustered,30,3098412365,DQTA(k_max=3),4037920169,10000,96,ok,,scenario_label=clustered,DQTA(k_max=3)
formal_experiment10_algorithm_comparison,random,31,3134118358,DQTA(k_max=3),4229163847,10000,96,ok,,scenario_label=random,DQTA(k_max=3)
formal_experiment10_algorithm_comparison,prefixed,31,2310922343,DQTA(k_max=3),1424232112,10000,96,ok,,scenario_label=prefixed,DQTA(k_max=3)
formal_experiment10_algorithm_comparison,prefix64,31,952998658,DQTA(k_max=3),2141341633,10000,96,ok,,scenario_label=prefix64,DQTA(k_max=3)
formal_experiment10_algorithm_comparison,prefix72,31,2497969375,DQTA(k_max=3),797319977,10000,96,ok,,scenario_label=prefix72,DQTA(k_max=3)
formal_experiment10_algorithm_comparison,prefix80,31,1189282690,DQTA(k_max=3),2240254751,10000,96,ok,,scenario_label=prefix80,DQTA(k_max=3)
formal_experiment10_algorithm_comparison,dispersed,31,746579052,DQTA(k_max=3),2450429938,10000,96,ok,,scenario_label=dispersed,DQTA(k_max=3)
formal_experiment10_algorithm_comparison,sequential,31,1533274363,DQTA(k_max=3),2756331922,10000,96,ok,,scenario_label=sequential,DQTA(k_max=3)
formal_experiment10_algorithm_comparison,clustered,31,1250494512,DQTA(k_max=3),3280408147,10000,96,ok,,scenario_label=clustered,DQTA(k_max=3)
formal_experiment10_algorithm_comparison,random,32,1187568275,DQTA(k_max=3),1188608345,10000,96,ok,,scenario_label=random,DQTA(k_max=3)
formal_experiment10_algorithm_comparison,prefixed,32,1421696467,DQTA(k_max=3),229802465,10000,96,ok,,scenario_label=prefixed,DQTA(k_max=3)
formal_experiment10_algorithm_comparison,prefix64,32,758215180,DQTA(k_max=3),4022471477,10000,96,ok,,scenario_label=prefix64,DQTA(k_max=3)
formal_experiment10_algorithm_comparison,prefix72,32,3309765357,DQTA(k_max=3),1637273767,10000,96,ok,,scenario_label=prefix72,DQTA(k_max=3)
formal_experiment10_algorithm_comparison,prefix80,32,2468891489,DQTA(k_max=3),2318677116,10000,96,ok,,scenario_label=prefix80,DQTA(k_max=3)
formal_experiment10_algorithm_comparison,dispersed,32,461533287,DQTA(k_max=3),2714675573,10000,96,ok,,scenario_label=dispersed,DQTA(k_max=3)
formal_experiment10_algorithm_comparison,sequential,32,1885192675,DQTA(k_max=3),3195674421,10000,96,ok,,scenario_label=sequential,DQTA(k_max=3)
formal_experiment10_algorithm_comparison,clustered,32,1700272012,DQTA(k_max=3),3401007355,10000,96,ok,,scenario_label=clustered,DQTA(k_max=3)
formal_experiment10_algorithm_comparison,random,33,3220564758,DQTA(k_max=3),2109185701,10000,96,ok,,scenario_label=random,DQTA(k_max=3)
formal_experiment10_algorithm_comparison,prefixed,33,884651060,DQTA(k_max=3),2878321685,10000,96,ok,,scenario_label=prefixed,DQTA(k_max=3)
formal_experiment10_algorithm_comparison,prefix64,33,1343492222,DQTA(k_max=3),1015849905,10000,96,ok,,scenario_label=prefix64,DQTA(k_max=3)
formal_experiment10_algorithm_comparison,prefix72,33,2989583646,DQTA(k_max=3),3097237825,10000,96,ok,,scenario_label=prefix72,DQTA(k_max=3)
formal_experiment10_algorithm_comparison,prefix80,33,2042364237,DQTA(k_max=3),2827479034,10000,96,ok,,scenario_label=prefix80,DQTA(k_max=3)
formal_experiment10_algorithm_comparison,dispersed,33,4056207655,DQTA(k_max=3),1383290840,10000,96,ok,,scenario_label=dispersed,DQTA(k_max=3)
formal_experiment10_algorithm_comparison,sequential,33,1379722936,DQTA(k_max=3),4171540641,10000,96,ok,,scenario_label=sequential,DQTA(k_max=3)
formal_experiment10_algorithm_comparison,clustered,33,2404355022,DQTA(k_max=3),673515278,10000,96,ok,,scenario_label=clustered,DQTA(k_max=3)
formal_experiment10_algorithm_comparison,random,34,3890833141,DQTA(k_max=3),2972550366,10000,96,ok,,scenario_label=random,DQTA(k_max=3)
formal_experiment10_algorithm_comparison,prefixed,34,1570629048,DQTA(k_max=3),3374257428,10000,96,ok,,scenario_label=prefixed,DQTA(k_max=3)
formal_experiment10_algorithm_comparison,prefix64,34,2138171961,DQTA(k_max=3),3045281619,10000,96,ok,,scenario_label=prefix64,DQTA(k_max=3)
formal_experiment10_algorithm_comparison,prefix72,34,3174195124,DQTA(k_max=3),1751956546,10000,96,ok,,scenario_label=prefix72,DQTA(k_max=3)
formal_experiment10_algorithm_comparison,prefix80,34,2930609793,DQTA(k_max=3),3864966172,10000,96,ok,,scenario_label=prefix80,DQTA(k_max=3)
formal_experiment10_algorithm_comparison,dispersed,34,1598293287,DQTA(k_max=3),92185749,10000,96,ok,,scenario_label=dispersed,DQTA(k_max=3)
formal_experiment10_algorithm_comparison,sequential,34,827727748,DQTA(k_max=3),2352095902,10000,96,ok,,scenario_label=sequential,DQTA(k_max=3)
formal_experiment10_algorithm_comparison,clustered,34,3877182081,DQTA(k_max=3),1536804225,10000,96,ok,,scenario_label=clustered,DQTA(k_max=3)
formal_experiment10_algorithm_comparison,random,35,1035152157,DQTA(k_max=3),2186351609,10000,96,ok,,scenario_label=random,DQTA(k_max=3)
formal_experiment10_algorithm_comparison,prefixed,35,1105641727,DQTA(k_max=3),1662387082,10000,96,ok,,scenario_label=prefixed,DQTA(k_max=3)
formal_experiment10_algorithm_comparison,prefix64,35,2141900738,DQTA(k_max=3),4073251784,10000,96,ok,,scenario_label=prefix64,DQTA(k_max=3)
formal_experiment10_algorithm_comparison,prefix72,35,3519922321,DQTA(k_max=3),2593214018,10000,96,ok,,scenario_label=prefix72,DQTA(k_max=3)
formal_experiment10_algorithm_comparison,prefix80,35,2068117885,DQTA(k_max=3),2453792837,10000,96,ok,,scenario_label=prefix80,DQTA(k_max=3)
formal_experiment10_algorithm_comparison,dispersed,35,3459662668,DQTA(k_max=3),1381985077,10000,96,ok,,scenario_label=dispersed,DQTA(k_max=3)
formal_experiment10_algorithm_comparison,sequential,35,3404251095,DQTA(k_max=3),3395244753,10000,96,ok,,scenario_label=sequential,DQTA(k_max=3)
formal_experiment10_algorithm_comparison,clustered,35,2734262170,DQTA(k_max=3),410827977,10000,96,ok,,scenario_label=clustered,DQTA(k_max=3)
formal_experiment10_algorithm_comparison,random,36,2776766623,DQTA(k_max=3),2927405403,10000,96,ok,,scenario_label=random,DQTA(k_max=3)
formal_experiment10_algorithm_comparison,prefixed,36,4190072160,DQTA(k_max=3),82035522,10000,96,ok,,scenario_label=prefixed,DQTA(k_max=3)
formal_experiment10_algorithm_comparison,prefix64,36,561378811,DQTA(k_max=3),1216292846,10000,96,ok,,scenario_label=prefix64,DQTA(k_max=3)
formal_experiment10_algorithm_comparison,prefix72,36,2007475420,DQTA(k_max=3),507293338,10000,96,ok,,scenario_label=prefix72,DQTA(k_max=3)
formal_experiment10_algorithm_comparison,prefix80,36,4047784356,DQTA(k_max=3),2219553799,10000,96,ok,,scenario_label=prefix80,DQTA(k_max=3)
formal_experiment10_algorithm_comparison,dispersed,36,1475087155,DQTA(k_max=3),445994921,10000,96,ok,,scenario_label=dispersed,DQTA(k_max=3)
formal_experiment10_algorithm_comparison,sequential,36,3955139490,DQTA(k_max=3),1218986729,10000,96,ok,,scenario_label=sequential,DQTA(k_max=3)
formal_experiment10_algorithm_comparison,clustered,36,2167738248,DQTA(k_max=3),1317470745,10000,96,ok,,scenario_label=clustered,DQTA(k_max=3)
formal_experiment10_algorithm_comparison,random,37,3778314031,DQTA(k_max=3),2972093652,10000,96,ok,,scenario_label=random,DQTA(k_max=3)
formal_experiment10_algorithm_comparison,prefixed,37,3981120096,DQTA(k_max=3),877735185,10000,96,ok,,scenario_label=prefixed,DQTA(k_max=3)
formal_experiment10_algorithm_comparison,prefix64,37,2494735147,DQTA(k_max=3),2660330096,10000,96,ok,,scenario_label=prefix64,DQTA(k_max=3)
formal_experiment10_algorithm_comparison,prefix72,37,2122645248,DQTA(k_max=3),3118080721,10000,96,ok,,scenario_label=prefix72,DQTA(k_max=3)
formal_experiment10_algorithm_comparison,prefix80,37,4132614700,DQTA(k_max=3),3470615314,10000,96,ok,,scenario_label=prefix80,DQTA(k_max=3)
formal_experiment10_algorithm_comparison,dispersed,37,1445120987,DQTA(k_max=3),3663164496,10000,96,ok,,scenario_label=dispersed,DQTA(k_max=3)
formal_experiment10_algorithm_comparison,sequential,37,4059102190,DQTA(k_max=3),2150121856,10000,96,ok,,scenario_label=sequential,DQTA(k_max=3)
formal_experiment10_algorithm_comparison,clustered,37,2101678517,DQTA(k_max=3),1890862142,10000,96,ok,,scenario_label=clustered,DQTA(k_max=3)
formal_experiment10_algorithm_comparison,random,38,2697138671,DQTA(k_max=3),572109721,10000,96,ok,,scenario_label=random,DQTA(k_max=3)
formal_experiment10_algorithm_comparison,prefixed,38,248821944,DQTA(k_max=3),1071421644,10000,96,ok,,scenario_label=prefixed,DQTA(k_max=3)
formal_experiment10_algorithm_comparison,prefix64,38,1648957073,DQTA(k_max=3),2912240263,10000,96,ok,,scenario_label=prefix64,DQTA(k_max=3)
formal_experiment10_algorithm_comparison,prefix72,38,551118561,DQTA(k_max=3),956514667,10000,96,ok,,scenario_label=prefix72,DQTA(k_max=3)
formal_experiment10_algorithm_comparison,prefix80,38,2176443634,DQTA(k_max=3),4129959623,10000,96,ok,,scenario_label=prefix80,DQTA(k_max=3)
formal_experiment10_algorithm_comparison,dispersed,38,1295320453,DQTA(k_max=3),3286638419,10000,96,ok,,scenario_label=dispersed,DQTA(k_max=3)
formal_experiment10_algorithm_comparison,sequential,38,1532549816,DQTA(k_max=3),654353725,10000,96,ok,,scenario_label=sequential,DQTA(k_max=3)
formal_experiment10_algorithm_comparison,clustered,38,1315890655,DQTA(k_max=3),689636337,10000,96,ok,,scenario_label=clustered,DQTA(k_max=3)
formal_experiment10_algorithm_comparison,random,39,4170876505,DQTA(k_max=3),2577210998,10000,96,ok,,scenario_label=random,DQTA(k_max=3)
formal_experiment10_algorithm_comparison,prefixed,39,117028918,DQTA(k_max=3),3867787543,10000,96,ok,,scenario_label=prefixed,DQTA(k_max=3)
formal_experiment10_algorithm_comparison,prefix64,39,3382193401,DQTA(k_max=3),1415875458,10000,96,ok,,scenario_label=prefix64,DQTA(k_max=3)
formal_experiment10_algorithm_comparison,prefix72,39,3766206041,DQTA(k_max=3),2389408915,10000,96,ok,,scenario_label=prefix72,DQTA(k_max=3)
formal_experiment10_algorithm_comparison,prefix80,39,1181769842,DQTA(k_max=3),57857214,10000,96,ok,,scenario_label=prefix80,DQTA(k_max=3)
formal_experiment10_algorithm_comparison,dispersed,39,689222263,DQTA(k_max=3),3163335110,10000,96,ok,,scenario_label=dispersed,DQTA(k_max=3)
formal_experiment10_algorithm_comparison,sequential,39,492811461,DQTA(k_max=3),345438016,10000,96,ok,,scenario_label=sequential,DQTA(k_max=3)
formal_experiment10_algorithm_comparison,clustered,39,550238148,DQTA(k_max=3),2002056635,10000,96,ok,,scenario_label=clustered,DQTA(k_max=3)
formal_experiment10_algorithm_comparison,random,40,3450625955,DQTA(k_max=3),32740441,10000,96,ok,,scenario_label=random,DQTA(k_max=3)
formal_experiment10_algorithm_comparison,prefixed,40,738262747,DQTA(k_max=3),2541959620,10000,96,ok,,scenario_label=prefixed,DQTA(k_max=3)
formal_experiment10_algorithm_comparison,prefix64,40,1985651988,DQTA(k_max=3),2540595841,10000,96,ok,,scenario_label=prefix64,DQTA(k_max=3)
formal_experiment10_algorithm_comparison,prefix72,40,2395566563,DQTA(k_max=3),2011777090,10000,96,ok,,scenario_label=prefix72,DQTA(k_max=3)
formal_experiment10_algorithm_comparison,prefix80,40,1541212281,DQTA(k_max=3),236038017,10000,96,ok,,scenario_label=prefix80,DQTA(k_max=3)
formal_experiment10_algorithm_comparison,dispersed,40,2764666677,DQTA(k_max=3),3785729408,10000,96,ok,,scenario_label=dispersed,DQTA(k_max=3)
formal_experiment10_algorithm_comparison,sequential,40,1097759754,DQTA(k_max=3),123506006,10000,96,ok,,scenario_label=sequential,DQTA(k_max=3)
formal_experiment10_algorithm_comparison,clustered,40,2622337710,DQTA(k_max=3),690020488,10000,96,ok,,scenario_label=clustered,DQTA(k_max=3)
formal_experiment10_algorithm_comparison,random,41,810163340,DQTA(k_max=3),2422845431,10000,96,ok,,scenario_label=random,DQTA(k_max=3)
formal_experiment10_algorithm_comparison,prefixed,41,2832028255,DQTA(k_max=3),2395389728,10000,96,ok,,scenario_label=prefixed,DQTA(k_max=3)
formal_experiment10_algorithm_comparison,prefix64,41,249036306,DQTA(k_max=3),137875027,10000,96,ok,,scenario_label=prefix64,DQTA(k_max=3)
formal_experiment10_algorithm_comparison,prefix72,41,1115424615,DQTA(k_max=3),2006258630,10000,96,ok,,scenario_label=prefix72,DQTA(k_max=3)
formal_experiment10_algorithm_comparison,prefix80,41,4200284946,DQTA(k_max=3),810303360,10000,96,ok,,scenario_label=prefix80,DQTA(k_max=3)
formal_experiment10_algorithm_comparison,dispersed,41,1243932841,DQTA(k_max=3),1233299592,10000,96,ok,,scenario_label=dispersed,DQTA(k_max=3)
formal_experiment10_algorithm_comparison,sequential,41,2930733260,DQTA(k_max=3),4142134342,10000,96,ok,,scenario_label=sequential,DQTA(k_max=3)
formal_experiment10_algorithm_comparison,clustered,41,3458394344,DQTA(k_max=3),1008521639,10000,96,ok,,scenario_label=clustered,DQTA(k_max=3)
formal_experiment10_algorithm_comparison,random,42,1704362005,DQTA(k_max=3),3054803634,10000,96,ok,,scenario_label=random,DQTA(k_max=3)
formal_experiment10_algorithm_comparison,prefixed,42,3144017342,DQTA(k_max=3),485541297,10000,96,ok,,scenario_label=prefixed,DQTA(k_max=3)
formal_experiment10_algorithm_comparison,prefix64,42,1042034839,DQTA(k_max=3),3037542350,10000,96,ok,,scenario_label=prefix64,DQTA(k_max=3)
formal_experiment10_algorithm_comparison,prefix72,42,2531603473,DQTA(k_max=3),3774803242,10000,96,ok,,scenario_label=prefix72,DQTA(k_max=3)
formal_experiment10_algorithm_comparison,prefix80,42,4248245683,DQTA(k_max=3),1668682828,10000,96,ok,,scenario_label=prefix80,DQTA(k_max=3)
formal_experiment10_algorithm_comparison,dispersed,42,971401964,DQTA(k_max=3),3443809831,10000,96,ok,,scenario_label=dispersed,DQTA(k_max=3)
formal_experiment10_algorithm_comparison,sequential,42,1252099663,DQTA(k_max=3),134660130,10000,96,ok,,scenario_label=sequential,DQTA(k_max=3)
formal_experiment10_algorithm_comparison,clustered,42,3084834098,DQTA(k_max=3),50660245,10000,96,ok,,scenario_label=clustered,DQTA(k_max=3)
formal_experiment10_algorithm_comparison,random,43,917040789,DQTA(k_max=3),3027521603,10000,96,ok,,scenario_label=random,DQTA(k_max=3)
formal_experiment10_algorithm_comparison,prefixed,43,601521315,DQTA(k_max=3),2112857944,10000,96,ok,,scenario_label=prefixed,DQTA(k_max=3)
formal_experiment10_algorithm_comparison,prefix64,43,247146984,DQTA(k_max=3),2236868828,10000,96,ok,,scenario_label=prefix64,DQTA(k_max=3)
formal_experiment10_algorithm_comparison,prefix72,43,3723101655,DQTA(k_max=3),2183538297,10000,96,ok,,scenario_label=prefix72,DQTA(k_max=3)
formal_experiment10_algorithm_comparison,prefix80,43,1184894979,DQTA(k_max=3),4125930045,10000,96,ok,,scenario_label=prefix80,DQTA(k_max=3)
formal_experiment10_algorithm_comparison,dispersed,43,543731670,DQTA(k_max=3),1048260572,10000,96,ok,,scenario_label=dispersed,DQTA(k_max=3)
formal_experiment10_algorithm_comparison,sequential,43,2581054308,DQTA(k_max=3),3031758182,10000,96,ok,,scenario_label=sequential,DQTA(k_max=3)
formal_experiment10_algorithm_comparison,clustered,43,305485960,DQTA(k_max=3),3332800205,10000,96,ok,,scenario_label=clustered,DQTA(k_max=3)
formal_experiment10_algorithm_comparison,random,44,2757181503,DQTA(k_max=3),3110228482,10000,96,ok,,scenario_label=random,DQTA(k_max=3)
formal_experiment10_algorithm_comparison,prefixed,44,3667808483,DQTA(k_max=3),1532545539,10000,96,ok,,scenario_label=prefixed,DQTA(k_max=3)
formal_experiment10_algorithm_comparison,prefix64,44,3627632042,DQTA(k_max=3),2720866246,10000,96,ok,,scenario_label=prefix64,DQTA(k_max=3)
formal_experiment10_algorithm_comparison,prefix72,44,112554203,DQTA(k_max=3),3525173303,10000,96,ok,,scenario_label=prefix72,DQTA(k_max=3)
formal_experiment10_algorithm_comparison,prefix80,44,1838899425,DQTA(k_max=3),2439854495,10000,96,ok,,scenario_label=prefix80,DQTA(k_max=3)
formal_experiment10_algorithm_comparison,dispersed,44,1675694341,DQTA(k_max=3),3544977343,10000,96,ok,,scenario_label=dispersed,DQTA(k_max=3)
formal_experiment10_algorithm_comparison,sequential,44,2581828915,DQTA(k_max=3),3682042778,10000,96,ok,,scenario_label=sequential,DQTA(k_max=3)
formal_experiment10_algorithm_comparison,clustered,44,3777667509,DQTA(k_max=3),2416035464,10000,96,ok,,scenario_label=clustered,DQTA(k_max=3)
formal_experiment10_algorithm_comparison,random,45,3439054340,DQTA(k_max=3),1258559626,10000,96,ok,,scenario_label=random,DQTA(k_max=3)
formal_experiment10_algorithm_comparison,prefixed,45,827713014,DQTA(k_max=3),3398337412,10000,96,ok,,scenario_label=prefixed,DQTA(k_max=3)
formal_experiment10_algorithm_comparison,prefix64,45,3773143706,DQTA(k_max=3),2848123236,10000,96,ok,,scenario_label=prefix64,DQTA(k_max=3)
formal_experiment10_algorithm_comparison,prefix72,45,2352996596,DQTA(k_max=3),374521169,10000,96,ok,,scenario_label=prefix72,DQTA(k_max=3)
formal_experiment10_algorithm_comparison,prefix80,45,1515211290,DQTA(k_max=3),629193694,10000,96,ok,,scenario_label=prefix80,DQTA(k_max=3)
formal_experiment10_algorithm_comparison,dispersed,45,3455145310,DQTA(k_max=3),826095548,10000,96,ok,,scenario_label=dispersed,DQTA(k_max=3)
formal_experiment10_algorithm_comparison,sequential,45,3536744853,DQTA(k_max=3),2474120191,10000,96,ok,,scenario_label=sequential,DQTA(k_max=3)
formal_experiment10_algorithm_comparison,clustered,45,3714169138,DQTA(k_max=3),2980494873,10000,96,ok,,scenario_label=clustered,DQTA(k_max=3)
formal_experiment10_algorithm_comparison,random,46,3762581748,DQTA(k_max=3),2311189553,10000,96,ok,,scenario_label=random,DQTA(k_max=3)
formal_experiment10_algorithm_comparison,prefixed,46,1041196411,DQTA(k_max=3),3681950752,10000,96,ok,,scenario_label=prefixed,DQTA(k_max=3)
formal_experiment10_algorithm_comparison,prefix64,46,737039505,DQTA(k_max=3),3709579765,10000,96,ok,,scenario_label=prefix64,DQTA(k_max=3)
formal_experiment10_algorithm_comparison,prefix72,46,1433412071,DQTA(k_max=3),1565964515,10000,96,ok,,scenario_label=prefix72,DQTA(k_max=3)
formal_experiment10_algorithm_comparison,prefix80,46,2094016510,DQTA(k_max=3),1159600787,10000,96,ok,,scenario_label=prefix80,DQTA(k_max=3)
formal_experiment10_algorithm_comparison,dispersed,46,3724898785,DQTA(k_max=3),2251572685,10000,96,ok,,scenario_label=dispersed,DQTA(k_max=3)
formal_experiment10_algorithm_comparison,sequential,46,3086579310,DQTA(k_max=3),101654473,10000,96,ok,,scenario_label=sequential,DQTA(k_max=3)
formal_experiment10_algorithm_comparison,clustered,46,3569510457,DQTA(k_max=3),1258425933,10000,96,ok,,scenario_label=clustered,DQTA(k_max=3)
formal_experiment10_algorithm_comparison,random,47,2402732470,DQTA(k_max=3),117212457,10000,96,ok,,scenario_label=random,DQTA(k_max=3)
formal_experiment10_algorithm_comparison,prefixed,47,3749692816,DQTA(k_max=3),4122630640,10000,96,ok,,scenario_label=prefixed,DQTA(k_max=3)
formal_experiment10_algorithm_comparison,prefix64,47,2448397771,DQTA(k_max=3),1749985073,10000,96,ok,,scenario_label=prefix64,DQTA(k_max=3)
formal_experiment10_algorithm_comparison,prefix72,47,2515845558,DQTA(k_max=3),3567523329,10000,96,ok,,scenario_label=prefix72,DQTA(k_max=3)
formal_experiment10_algorithm_comparison,prefix80,47,2907340057,DQTA(k_max=3),2591967644,10000,96,ok,,scenario_label=prefix80,DQTA(k_max=3)
formal_experiment10_algorithm_comparison,dispersed,47,450818034,DQTA(k_max=3),2008595681,10000,96,ok,,scenario_label=dispersed,DQTA(k_max=3)
formal_experiment10_algorithm_comparison,sequential,47,23415326,DQTA(k_max=3),3909660563,10000,96,ok,,scenario_label=sequential,DQTA(k_max=3)
formal_experiment10_algorithm_comparison,clustered,47,2859928063,DQTA(k_max=3),214204416,10000,96,ok,,scenario_label=clustered,DQTA(k_max=3)
formal_experiment10_algorithm_comparison,random,48,4281357755,DQTA(k_max=3),2334723173,10000,96,ok,,scenario_label=random,DQTA(k_max=3)
formal_experiment10_algorithm_comparison,prefixed,48,3873723810,DQTA(k_max=3),3096770475,10000,96,ok,,scenario_label=prefixed,DQTA(k_max=3)
formal_experiment10_algorithm_comparison,prefix64,48,339462132,DQTA(k_max=3),1605434508,10000,96,ok,,scenario_label=prefix64,DQTA(k_max=3)
formal_experiment10_algorithm_comparison,prefix72,48,270703941,DQTA(k_max=3),1690543283,10000,96,ok,,scenario_label=prefix72,DQTA(k_max=3)
formal_experiment10_algorithm_comparison,prefix80,48,376489424,DQTA(k_max=3),4266948808,10000,96,ok,,scenario_label=prefix80,DQTA(k_max=3)
formal_experiment10_algorithm_comparison,dispersed,48,2122119051,DQTA(k_max=3),1443811241,10000,96,ok,,scenario_label=dispersed,DQTA(k_max=3)
formal_experiment10_algorithm_comparison,sequential,48,3552242948,DQTA(k_max=3),3876206452,10000,96,ok,,scenario_label=sequential,DQTA(k_max=3)
formal_experiment10_algorithm_comparison,clustered,48,1330979572,DQTA(k_max=3),3645360970,10000,96,ok,,scenario_label=clustered,DQTA(k_max=3)
formal_experiment10_algorithm_comparison,random,49,1789994563,DQTA(k_max=3),3155223344,10000,96,ok,,scenario_label=random,DQTA(k_max=3)
formal_experiment10_algorithm_comparison,prefixed,49,2849056856,DQTA(k_max=3),3020927713,10000,96,ok,,scenario_label=prefixed,DQTA(k_max=3)
formal_experiment10_algorithm_comparison,prefix64,49,3532656362,DQTA(k_max=3),1127344492,10000,96,ok,,scenario_label=prefix64,DQTA(k_max=3)
formal_experiment10_algorithm_comparison,prefix72,49,3560536888,DQTA(k_max=3),1134389012,10000,96,ok,,scenario_label=prefix72,DQTA(k_max=3)
formal_experiment10_algorithm_comparison,prefix80,49,3497608031,DQTA(k_max=3),2314630324,10000,96,ok,,scenario_label=prefix80,DQTA(k_max=3)
formal_experiment10_algorithm_comparison,dispersed,49,1244494452,DQTA(k_max=3),3436583074,10000,96,ok,,scenario_label=dispersed,DQTA(k_max=3)
formal_experiment10_algorithm_comparison,sequential,49,1309897987,DQTA(k_max=3),2339995403,10000,96,ok,,scenario_label=sequential,DQTA(k_max=3)
formal_experiment10_algorithm_comparison,clustered,49,1756787569,DQTA(k_max=3),225752609,10000,96,ok,,scenario_label=clustered,DQTA(k_max=3)
formal_experiment10_algorithm_comparison,random,0,1486858820,EAQ_CBB,2730929222,10000,96,ok,,scenario_label=random,EAQ_CBB
formal_experiment10_algorithm_comparison,prefixed,0,4075987068,EAQ_CBB,4186881541,10000,96,ok,,scenario_label=prefixed,EAQ_CBB
formal_experiment10_algorithm_comparison,prefix64,0,4125689627,EAQ_CBB,2333015947,10000,96,ok,,scenario_label=prefix64,EAQ_CBB
formal_experiment10_algorithm_comparison,prefix72,0,1500471121,EAQ_CBB,2382227838,10000,96,ok,,scenario_label=prefix72,EAQ_CBB
formal_experiment10_algorithm_comparison,prefix80,0,3599789785,EAQ_CBB,3842840381,10000,96,ok,,scenario_label=prefix80,EAQ_CBB
formal_experiment10_algorithm_comparison,dispersed,0,718391674,EAQ_CBB,2739480399,10000,96,ok,,scenario_label=dispersed,EAQ_CBB
formal_experiment10_algorithm_comparison,sequential,0,3832442603,EAQ_CBB,402907337,10000,96,ok,,scenario_label=sequential,EAQ_CBB
formal_experiment10_algorithm_comparison,clustered,0,2671803409,EAQ_CBB,626535596,10000,96,ok,,scenario_label=clustered,EAQ_CBB
formal_experiment10_algorithm_comparison,random,1,2763007857,EAQ_CBB,4203811508,10000,96,ok,,scenario_label=random,EAQ_CBB
formal_experiment10_algorithm_comparison,prefixed,1,2065428963,EAQ_CBB,911155011,10000,96,ok,,scenario_label=prefixed,EAQ_CBB
formal_experiment10_algorithm_comparison,prefix64,1,1416633314,EAQ_CBB,2271132959,10000,96,ok,,scenario_label=prefix64,EAQ_CBB
formal_experiment10_algorithm_comparison,prefix72,1,4054706784,EAQ_CBB,2232472432,10000,96,ok,,scenario_label=prefix72,EAQ_CBB
formal_experiment10_algorithm_comparison,prefix80,1,4026730667,EAQ_CBB,3647598486,10000,96,ok,,scenario_label=prefix80,EAQ_CBB
formal_experiment10_algorithm_comparison,dispersed,1,512815062,EAQ_CBB,1751771022,10000,96,ok,,scenario_label=dispersed,EAQ_CBB
formal_experiment10_algorithm_comparison,sequential,1,307044453,EAQ_CBB,2866152902,10000,96,ok,,scenario_label=sequential,EAQ_CBB
formal_experiment10_algorithm_comparison,clustered,1,1347204990,EAQ_CBB,623906989,10000,96,ok,,scenario_label=clustered,EAQ_CBB
formal_experiment10_algorithm_comparison,random,2,2952453941,EAQ_CBB,3665342428,10000,96,ok,,scenario_label=random,EAQ_CBB
formal_experiment10_algorithm_comparison,prefixed,2,2156894236,EAQ_CBB,792319189,10000,96,ok,,scenario_label=prefixed,EAQ_CBB
formal_experiment10_algorithm_comparison,prefix64,2,1579062743,EAQ_CBB,3866468869,10000,96,ok,,scenario_label=prefix64,EAQ_CBB
formal_experiment10_algorithm_comparison,prefix72,2,3098683715,EAQ_CBB,4091158547,10000,96,ok,,scenario_label=prefix72,EAQ_CBB
formal_experiment10_algorithm_comparison,prefix80,2,3666635172,EAQ_CBB,3115203858,10000,96,ok,,scenario_label=prefix80,EAQ_CBB
formal_experiment10_algorithm_comparison,dispersed,2,1938306392,EAQ_CBB,1721171249,10000,96,ok,,scenario_label=dispersed,EAQ_CBB
formal_experiment10_algorithm_comparison,sequential,2,2669753757,EAQ_CBB,1572787850,10000,96,ok,,scenario_label=sequential,EAQ_CBB
formal_experiment10_algorithm_comparison,clustered,2,4214585690,EAQ_CBB,2300366081,10000,96,ok,,scenario_label=clustered,EAQ_CBB
formal_experiment10_algorithm_comparison,random,3,305508543,EAQ_CBB,3630511737,10000,96,ok,,scenario_label=random,EAQ_CBB
formal_experiment10_algorithm_comparison,prefixed,3,601308687,EAQ_CBB,1606983437,10000,96,ok,,scenario_label=prefixed,EAQ_CBB
formal_experiment10_algorithm_comparison,prefix64,3,609090443,EAQ_CBB,1926791423,10000,96,ok,,scenario_label=prefix64,EAQ_CBB
formal_experiment10_algorithm_comparison,prefix72,3,300944148,EAQ_CBB,2478685287,10000,96,ok,,scenario_label=prefix72,EAQ_CBB
formal_experiment10_algorithm_comparison,prefix80,3,968741272,EAQ_CBB,3204063855,10000,96,ok,,scenario_label=prefix80,EAQ_CBB
formal_experiment10_algorithm_comparison,dispersed,3,101697167,EAQ_CBB,3479570776,10000,96,ok,,scenario_label=dispersed,EAQ_CBB
formal_experiment10_algorithm_comparison,sequential,3,4014819932,EAQ_CBB,423619251,10000,96,ok,,scenario_label=sequential,EAQ_CBB
formal_experiment10_algorithm_comparison,clustered,3,3211323854,EAQ_CBB,148574147,10000,96,ok,,scenario_label=clustered,EAQ_CBB
formal_experiment10_algorithm_comparison,random,4,647249588,EAQ_CBB,4233155325,10000,96,ok,,scenario_label=random,EAQ_CBB
formal_experiment10_algorithm_comparison,prefixed,4,1849982546,EAQ_CBB,1113550391,10000,96,ok,,scenario_label=prefixed,EAQ_CBB
formal_experiment10_algorithm_comparison,prefix64,4,4123678274,EAQ_CBB,1023162436,10000,96,ok,,scenario_label=prefix64,EAQ_CBB
formal_experiment10_algorithm_comparison,prefix72,4,647941119,EAQ_CBB,4282541380,10000,96,ok,,scenario_label=prefix72,EAQ_CBB
formal_experiment10_algorithm_comparison,prefix80,4,2084925728,EAQ_CBB,3045120905,10000,96,ok,,scenario_label=prefix80,EAQ_CBB
formal_experiment10_algorithm_comparison,dispersed,4,4016991929,EAQ_CBB,1051285922,10000,96,ok,,scenario_label=dispersed,EAQ_CBB
formal_experiment10_algorithm_comparison,sequential,4,1147041799,EAQ_CBB,2608775488,10000,96,ok,,scenario_label=sequential,EAQ_CBB
formal_experiment10_algorithm_comparison,clustered,4,1157746636,EAQ_CBB,2492125600,10000,96,ok,,scenario_label=clustered,EAQ_CBB
formal_experiment10_algorithm_comparison,random,5,2154945588,EAQ_CBB,3963500306,10000,96,ok,,scenario_label=random,EAQ_CBB
formal_experiment10_algorithm_comparison,prefixed,5,2243686180,EAQ_CBB,305052381,10000,96,ok,,scenario_label=prefixed,EAQ_CBB
formal_experiment10_algorithm_comparison,prefix64,5,295811869,EAQ_CBB,2242790306,10000,96,ok,,scenario_label=prefix64,EAQ_CBB
formal_experiment10_algorithm_comparison,prefix72,5,617202740,EAQ_CBB,3832915474,10000,96,ok,,scenario_label=prefix72,EAQ_CBB
formal_experiment10_algorithm_comparison,prefix80,5,815586784,EAQ_CBB,2686229240,10000,96,ok,,scenario_label=prefix80,EAQ_CBB
formal_experiment10_algorithm_comparison,dispersed,5,1659534425,EAQ_CBB,2011550298,10000,96,ok,,scenario_label=dispersed,EAQ_CBB
formal_experiment10_algorithm_comparison,sequential,5,1736493233,EAQ_CBB,243271795,10000,96,ok,,scenario_label=sequential,EAQ_CBB
formal_experiment10_algorithm_comparison,clustered,5,2592520367,EAQ_CBB,3991891845,10000,96,ok,,scenario_label=clustered,EAQ_CBB
formal_experiment10_algorithm_comparison,random,6,888616007,EAQ_CBB,2999607292,10000,96,ok,,scenario_label=random,EAQ_CBB
formal_experiment10_algorithm_comparison,prefixed,6,2156671656,EAQ_CBB,2914889776,10000,96,ok,,scenario_label=prefixed,EAQ_CBB
formal_experiment10_algorithm_comparison,prefix64,6,2560305621,EAQ_CBB,666237173,10000,96,ok,,scenario_label=prefix64,EAQ_CBB
formal_experiment10_algorithm_comparison,prefix72,6,3673910054,EAQ_CBB,2545988254,10000,96,ok,,scenario_label=prefix72,EAQ_CBB
formal_experiment10_algorithm_comparison,prefix80,6,2524613736,EAQ_CBB,2629558784,10000,96,ok,,scenario_label=prefix80,EAQ_CBB
formal_experiment10_algorithm_comparison,dispersed,6,4228533201,EAQ_CBB,1362758253,10000,96,ok,,scenario_label=dispersed,EAQ_CBB
formal_experiment10_algorithm_comparison,sequential,6,2814513920,EAQ_CBB,2195352242,10000,96,ok,,scenario_label=sequential,EAQ_CBB
formal_experiment10_algorithm_comparison,clustered,6,4149466484,EAQ_CBB,3831419305,10000,96,ok,,scenario_label=clustered,EAQ_CBB
formal_experiment10_algorithm_comparison,random,7,430504557,EAQ_CBB,2409098230,10000,96,ok,,scenario_label=random,EAQ_CBB
formal_experiment10_algorithm_comparison,prefixed,7,968297227,EAQ_CBB,2070410916,10000,96,ok,,scenario_label=prefixed,EAQ_CBB
formal_experiment10_algorithm_comparison,prefix64,7,1285056138,EAQ_CBB,2236071027,10000,96,ok,,scenario_label=prefix64,EAQ_CBB
formal_experiment10_algorithm_comparison,prefix72,7,108678447,EAQ_CBB,3008459234,10000,96,ok,,scenario_label=prefix72,EAQ_CBB
formal_experiment10_algorithm_comparison,prefix80,7,2075071502,EAQ_CBB,2498160521,10000,96,ok,,scenario_label=prefix80,EAQ_CBB
formal_experiment10_algorithm_comparison,dispersed,7,3483887618,EAQ_CBB,2411451377,10000,96,ok,,scenario_label=dispersed,EAQ_CBB
formal_experiment10_algorithm_comparison,sequential,7,1089799207,EAQ_CBB,1636602093,10000,96,ok,,scenario_label=sequential,EAQ_CBB
formal_experiment10_algorithm_comparison,clustered,7,1659200484,EAQ_CBB,4096571550,10000,96,ok,,scenario_label=clustered,EAQ_CBB
formal_experiment10_algorithm_comparison,random,8,2123175754,EAQ_CBB,4122392284,10000,96,ok,,scenario_label=random,EAQ_CBB
formal_experiment10_algorithm_comparison,prefixed,8,3724191092,EAQ_CBB,1445953757,10000,96,ok,,scenario_label=prefixed,EAQ_CBB
formal_experiment10_algorithm_comparison,prefix64,8,3747759999,EAQ_CBB,470237762,10000,96,ok,,scenario_label=prefix64,EAQ_CBB
formal_experiment10_algorithm_comparison,prefix72,8,3944130523,EAQ_CBB,2052277505,10000,96,ok,,scenario_label=prefix72,EAQ_CBB
formal_experiment10_algorithm_comparison,prefix80,8,2877063911,EAQ_CBB,761246786,10000,96,ok,,scenario_label=prefix80,EAQ_CBB
formal_experiment10_algorithm_comparison,dispersed,8,1326794289,EAQ_CBB,1822627868,10000,96,ok,,scenario_label=dispersed,EAQ_CBB
formal_experiment10_algorithm_comparison,sequential,8,464962871,EAQ_CBB,2623440216,10000,96,ok,,scenario_label=sequential,EAQ_CBB
formal_experiment10_algorithm_comparison,clustered,8,4146325891,EAQ_CBB,4252312129,10000,96,ok,,scenario_label=clustered,EAQ_CBB
formal_experiment10_algorithm_comparison,random,9,1156999555,EAQ_CBB,3938440015,10000,96,ok,,scenario_label=random,EAQ_CBB
formal_experiment10_algorithm_comparison,prefixed,9,138744347,EAQ_CBB,2022414773,10000,96,ok,,scenario_label=prefixed,EAQ_CBB
formal_experiment10_algorithm_comparison,prefix64,9,3105645739,EAQ_CBB,4060959073,10000,96,ok,,scenario_label=prefix64,EAQ_CBB
formal_experiment10_algorithm_comparison,prefix72,9,3839497446,EAQ_CBB,4020688835,10000,96,ok,,scenario_label=prefix72,EAQ_CBB
formal_experiment10_algorithm_comparison,prefix80,9,923924336,EAQ_CBB,290799898,10000,96,ok,,scenario_label=prefix80,EAQ_CBB
formal_experiment10_algorithm_comparison,dispersed,9,2289044336,EAQ_CBB,3347871117,10000,96,ok,,scenario_label=dispersed,EAQ_CBB
formal_experiment10_algorithm_comparison,sequential,9,1819612831,EAQ_CBB,1527146426,10000,96,ok,,scenario_label=sequential,EAQ_CBB
formal_experiment10_algorithm_comparison,clustered,9,2410991351,EAQ_CBB,3215930754,10000,96,ok,,scenario_label=clustered,EAQ_CBB
formal_experiment10_algorithm_comparison,random,10,3409120913,EAQ_CBB,116113704,10000,96,ok,,scenario_label=random,EAQ_CBB
formal_experiment10_algorithm_comparison,prefixed,10,1612835902,EAQ_CBB,1746781520,10000,96,ok,,scenario_label=prefixed,EAQ_CBB
formal_experiment10_algorithm_comparison,prefix64,10,1342461640,EAQ_CBB,2655336282,10000,96,ok,,scenario_label=prefix64,EAQ_CBB
formal_experiment10_algorithm_comparison,prefix72,10,3699530451,EAQ_CBB,3461593373,10000,96,ok,,scenario_label=prefix72,EAQ_CBB
formal_experiment10_algorithm_comparison,prefix80,10,959927471,EAQ_CBB,942395653,10000,96,ok,,scenario_label=prefix80,EAQ_CBB
formal_experiment10_algorithm_comparison,dispersed,10,1416169167,EAQ_CBB,3085255663,10000,96,ok,,scenario_label=dispersed,EAQ_CBB
formal_experiment10_algorithm_comparison,sequential,10,2509121869,EAQ_CBB,3666757421,10000,96,ok,,scenario_label=sequential,EAQ_CBB
formal_experiment10_algorithm_comparison,clustered,10,1497064732,EAQ_CBB,2698315212,10000,96,ok,,scenario_label=clustered,EAQ_CBB
formal_experiment10_algorithm_comparison,random,11,304725238,EAQ_CBB,465571715,10000,96,ok,,scenario_label=random,EAQ_CBB
formal_experiment10_algorithm_comparison,prefixed,11,1701264339,EAQ_CBB,178503468,10000,96,ok,,scenario_label=prefixed,EAQ_CBB
formal_experiment10_algorithm_comparison,prefix64,11,2849293153,EAQ_CBB,250864797,10000,96,ok,,scenario_label=prefix64,EAQ_CBB
formal_experiment10_algorithm_comparison,prefix72,11,1544784903,EAQ_CBB,1287370959,10000,96,ok,,scenario_label=prefix72,EAQ_CBB
formal_experiment10_algorithm_comparison,prefix80,11,3015158801,EAQ_CBB,3309700677,10000,96,ok,,scenario_label=prefix80,EAQ_CBB
formal_experiment10_algorithm_comparison,dispersed,11,418844889,EAQ_CBB,4109673224,10000,96,ok,,scenario_label=dispersed,EAQ_CBB
formal_experiment10_algorithm_comparison,sequential,11,4252184221,EAQ_CBB,2528767746,10000,96,ok,,scenario_label=sequential,EAQ_CBB
formal_experiment10_algorithm_comparison,clustered,11,1654947796,EAQ_CBB,541232110,10000,96,ok,,scenario_label=clustered,EAQ_CBB
formal_experiment10_algorithm_comparison,random,12,2060045378,EAQ_CBB,3328927527,10000,96,ok,,scenario_label=random,EAQ_CBB
formal_experiment10_algorithm_comparison,prefixed,12,2090748561,EAQ_CBB,385759563,10000,96,ok,,scenario_label=prefixed,EAQ_CBB
formal_experiment10_algorithm_comparison,prefix64,12,3119637419,EAQ_CBB,831864520,10000,96,ok,,scenario_label=prefix64,EAQ_CBB
formal_experiment10_algorithm_comparison,prefix72,12,4135667632,EAQ_CBB,2017495879,10000,96,ok,,scenario_label=prefix72,EAQ_CBB
formal_experiment10_algorithm_comparison,prefix80,12,235991746,EAQ_CBB,3336781148,10000,96,ok,,scenario_label=prefix80,EAQ_CBB
formal_experiment10_algorithm_comparison,dispersed,12,1779197397,EAQ_CBB,158096981,10000,96,ok,,scenario_label=dispersed,EAQ_CBB
formal_experiment10_algorithm_comparison,sequential,12,598408119,EAQ_CBB,3444007111,10000,96,ok,,scenario_label=sequential,EAQ_CBB
formal_experiment10_algorithm_comparison,clustered,12,1632175688,EAQ_CBB,2651359347,10000,96,ok,,scenario_label=clustered,EAQ_CBB
formal_experiment10_algorithm_comparison,random,13,4060208555,EAQ_CBB,1320241998,10000,96,ok,,scenario_label=random,EAQ_CBB
formal_experiment10_algorithm_comparison,prefixed,13,1330638782,EAQ_CBB,1086181492,10000,96,ok,,scenario_label=prefixed,EAQ_CBB
formal_experiment10_algorithm_comparison,prefix64,13,3229840205,EAQ_CBB,3110826340,10000,96,ok,,scenario_label=prefix64,EAQ_CBB
formal_experiment10_algorithm_comparison,prefix72,13,2885341494,EAQ_CBB,1860519438,10000,96,ok,,scenario_label=prefix72,EAQ_CBB
formal_experiment10_algorithm_comparison,prefix80,13,2359772976,EAQ_CBB,3571168017,10000,96,ok,,scenario_label=prefix80,EAQ_CBB
formal_experiment10_algorithm_comparison,dispersed,13,3815732145,EAQ_CBB,4243132734,10000,96,ok,,scenario_label=dispersed,EAQ_CBB
formal_experiment10_algorithm_comparison,sequential,13,3109578896,EAQ_CBB,2008621516,10000,96,ok,,scenario_label=sequential,EAQ_CBB
formal_experiment10_algorithm_comparison,clustered,13,286329085,EAQ_CBB,3538376753,10000,96,ok,,scenario_label=clustered,EAQ_CBB
formal_experiment10_algorithm_comparison,random,14,338370732,EAQ_CBB,33203409,10000,96,ok,,scenario_label=random,EAQ_CBB
formal_experiment10_algorithm_comparison,prefixed,14,1383110064,EAQ_CBB,3707683619,10000,96,ok,,scenario_label=prefixed,EAQ_CBB
formal_experiment10_algorithm_comparison,prefix64,14,2166853789,EAQ_CBB,2074991676,10000,96,ok,,scenario_label=prefix64,EAQ_CBB
formal_experiment10_algorithm_comparison,prefix72,14,314404237,EAQ_CBB,3786939246,10000,96,ok,,scenario_label=prefix72,EAQ_CBB
formal_experiment10_algorithm_comparison,prefix80,14,2419352845,EAQ_CBB,297558002,10000,96,ok,,scenario_label=prefix80,EAQ_CBB
formal_experiment10_algorithm_comparison,dispersed,14,3005302956,EAQ_CBB,264996839,10000,96,ok,,scenario_label=dispersed,EAQ_CBB
formal_experiment10_algorithm_comparison,sequential,14,2012366791,EAQ_CBB,3166777747,10000,96,ok,,scenario_label=sequential,EAQ_CBB
formal_experiment10_algorithm_comparison,clustered,14,844575883,EAQ_CBB,695533177,10000,96,ok,,scenario_label=clustered,EAQ_CBB
formal_experiment10_algorithm_comparison,random,15,3150236223,EAQ_CBB,2139924004,10000,96,ok,,scenario_label=random,EAQ_CBB
formal_experiment10_algorithm_comparison,prefixed,15,3900451069,EAQ_CBB,801370633,10000,96,ok,,scenario_label=prefixed,EAQ_CBB
formal_experiment10_algorithm_comparison,prefix64,15,1087024520,EAQ_CBB,189864744,10000,96,ok,,scenario_label=prefix64,EAQ_CBB
formal_experiment10_algorithm_comparison,prefix72,15,3683200937,EAQ_CBB,3455261537,10000,96,ok,,scenario_label=prefix72,EAQ_CBB
formal_experiment10_algorithm_comparison,prefix80,15,3661251964,EAQ_CBB,4013296581,10000,96,ok,,scenario_label=prefix80,EAQ_CBB
formal_experiment10_algorithm_comparison,dispersed,15,721136372,EAQ_CBB,3846740609,10000,96,ok,,scenario_label=dispersed,EAQ_CBB
formal_experiment10_algorithm_comparison,sequential,15,2481232546,EAQ_CBB,2442133487,10000,96,ok,,scenario_label=sequential,EAQ_CBB
formal_experiment10_algorithm_comparison,clustered,15,4075594883,EAQ_CBB,1820769200,10000,96,ok,,scenario_label=clustered,EAQ_CBB
formal_experiment10_algorithm_comparison,random,16,988902021,EAQ_CBB,3073243010,10000,96,ok,,scenario_label=random,EAQ_CBB
formal_experiment10_algorithm_comparison,prefixed,16,1825783292,EAQ_CBB,2501424857,10000,96,ok,,scenario_label=prefixed,EAQ_CBB
formal_experiment10_algorithm_comparison,prefix64,16,1331422560,EAQ_CBB,2593573681,10000,96,ok,,scenario_label=prefix64,EAQ_CBB
formal_experiment10_algorithm_comparison,prefix72,16,2842376837,EAQ_CBB,2804553855,10000,96,ok,,scenario_label=prefix72,EAQ_CBB
formal_experiment10_algorithm_comparison,prefix80,16,119107535,EAQ_CBB,1772415743,10000,96,ok,,scenario_label=prefix80,EAQ_CBB
formal_experiment10_algorithm_comparison,dispersed,16,2327042042,EAQ_CBB,1379634170,10000,96,ok,,scenario_label=dispersed,EAQ_CBB
formal_experiment10_algorithm_comparison,sequential,16,1105529789,EAQ_CBB,256228391,10000,96,ok,,scenario_label=sequential,EAQ_CBB
formal_experiment10_algorithm_comparison,clustered,16,496171624,EAQ_CBB,1753695878,10000,96,ok,,scenario_label=clustered,EAQ_CBB
formal_experiment10_algorithm_comparison,random,17,2224189429,EAQ_CBB,1532034343,10000,96,ok,,scenario_label=random,EAQ_CBB
formal_experiment10_algorithm_comparison,prefixed,17,288395540,EAQ_CBB,61593923,10000,96,ok,,scenario_label=prefixed,EAQ_CBB
formal_experiment10_algorithm_comparison,prefix64,17,2651751378,EAQ_CBB,2781904007,10000,96,ok,,scenario_label=prefix64,EAQ_CBB
formal_experiment10_algorithm_comparison,prefix72,17,2996846514,EAQ_CBB,467193992,10000,96,ok,,scenario_label=prefix72,EAQ_CBB
formal_experiment10_algorithm_comparison,prefix80,17,1676046437,EAQ_CBB,2167428027,10000,96,ok,,scenario_label=prefix80,EAQ_CBB
formal_experiment10_algorithm_comparison,dispersed,17,235530803,EAQ_CBB,3534499109,10000,96,ok,,scenario_label=dispersed,EAQ_CBB
formal_experiment10_algorithm_comparison,sequential,17,576396880,EAQ_CBB,2204528697,10000,96,ok,,scenario_label=sequential,EAQ_CBB
formal_experiment10_algorithm_comparison,clustered,17,1717550807,EAQ_CBB,196201427,10000,96,ok,,scenario_label=clustered,EAQ_CBB
formal_experiment10_algorithm_comparison,random,18,3998393979,EAQ_CBB,729236148,10000,96,ok,,scenario_label=random,EAQ_CBB
formal_experiment10_algorithm_comparison,prefixed,18,2356458670,EAQ_CBB,3153923566,10000,96,ok,,scenario_label=prefixed,EAQ_CBB
formal_experiment10_algorithm_comparison,prefix64,18,1114579400,EAQ_CBB,3245549051,10000,96,ok,,scenario_label=prefix64,EAQ_CBB
formal_experiment10_algorithm_comparison,prefix72,18,2056936186,EAQ_CBB,3998473822,10000,96,ok,,scenario_label=prefix72,EAQ_CBB
formal_experiment10_algorithm_comparison,prefix80,18,3572978440,EAQ_CBB,3044331876,10000,96,ok,,scenario_label=prefix80,EAQ_CBB
formal_experiment10_algorithm_comparison,dispersed,18,3630574312,EAQ_CBB,2637010622,10000,96,ok,,scenario_label=dispersed,EAQ_CBB
formal_experiment10_algorithm_comparison,sequential,18,555601650,EAQ_CBB,2553134136,10000,96,ok,,scenario_label=sequential,EAQ_CBB
formal_experiment10_algorithm_comparison,clustered,18,3697359989,EAQ_CBB,3959906598,10000,96,ok,,scenario_label=clustered,EAQ_CBB
formal_experiment10_algorithm_comparison,random,19,2094226776,EAQ_CBB,1450141720,10000,96,ok,,scenario_label=random,EAQ_CBB
formal_experiment10_algorithm_comparison,prefixed,19,2801155553,EAQ_CBB,991387090,10000,96,ok,,scenario_label=prefixed,EAQ_CBB
formal_experiment10_algorithm_comparison,prefix64,19,1462923349,EAQ_CBB,3702627541,10000,96,ok,,scenario_label=prefix64,EAQ_CBB
formal_experiment10_algorithm_comparison,prefix72,19,864380945,EAQ_CBB,2831849989,10000,96,ok,,scenario_label=prefix72,EAQ_CBB
formal_experiment10_algorithm_comparison,prefix80,19,3959937795,EAQ_CBB,123633479,10000,96,ok,,scenario_label=prefix80,EAQ_CBB
formal_experiment10_algorithm_comparison,dispersed,19,1188669765,EAQ_CBB,2909603164,10000,96,ok,,scenario_label=dispersed,EAQ_CBB
formal_experiment10_algorithm_comparison,sequential,19,4068575958,EAQ_CBB,1174188676,10000,96,ok,,scenario_label=sequential,EAQ_CBB
formal_experiment10_algorithm_comparison,clustered,19,122151701,EAQ_CBB,2567403696,10000,96,ok,,scenario_label=clustered,EAQ_CBB
formal_experiment10_algorithm_comparison,random,20,3422504533,EAQ_CBB,3171042903,10000,96,ok,,scenario_label=random,EAQ_CBB
formal_experiment10_algorithm_comparison,prefixed,20,4232883932,EAQ_CBB,164456277,10000,96,ok,,scenario_label=prefixed,EAQ_CBB
formal_experiment10_algorithm_comparison,prefix64,20,3678638554,EAQ_CBB,2647847335,10000,96,ok,,scenario_label=prefix64,EAQ_CBB
formal_experiment10_algorithm_comparison,prefix72,20,1435960876,EAQ_CBB,91735962,10000,96,ok,,scenario_label=prefix72,EAQ_CBB
formal_experiment10_algorithm_comparison,prefix80,20,1447386439,EAQ_CBB,2999409219,10000,96,ok,,scenario_label=prefix80,EAQ_CBB
formal_experiment10_algorithm_comparison,dispersed,20,1490620412,EAQ_CBB,22382330,10000,96,ok,,scenario_label=dispersed,EAQ_CBB
formal_experiment10_algorithm_comparison,sequential,20,36137704,EAQ_CBB,1110847448,10000,96,ok,,scenario_label=sequential,EAQ_CBB
formal_experiment10_algorithm_comparison,clustered,20,3072805405,EAQ_CBB,2530729357,10000,96,ok,,scenario_label=clustered,EAQ_CBB
formal_experiment10_algorithm_comparison,random,21,2767190040,EAQ_CBB,868809673,10000,96,ok,,scenario_label=random,EAQ_CBB
formal_experiment10_algorithm_comparison,prefixed,21,687968857,EAQ_CBB,1019988107,10000,96,ok,,scenario_label=prefixed,EAQ_CBB
formal_experiment10_algorithm_comparison,prefix64,21,138882790,EAQ_CBB,3184482952,10000,96,ok,,scenario_label=prefix64,EAQ_CBB
formal_experiment10_algorithm_comparison,prefix72,21,2856226622,EAQ_CBB,3588331483,10000,96,ok,,scenario_label=prefix72,EAQ_CBB
formal_experiment10_algorithm_comparison,prefix80,21,773447700,EAQ_CBB,763925152,10000,96,ok,,scenario_label=prefix80,EAQ_CBB
formal_experiment10_algorithm_comparison,dispersed,21,3190063457,EAQ_CBB,1983070190,10000,96,ok,,scenario_label=dispersed,EAQ_CBB
formal_experiment10_algorithm_comparison,sequential,21,3175350032,EAQ_CBB,3555862167,10000,96,ok,,scenario_label=sequential,EAQ_CBB
formal_experiment10_algorithm_comparison,clustered,21,3147787421,EAQ_CBB,4241007798,10000,96,ok,,scenario_label=clustered,EAQ_CBB
formal_experiment10_algorithm_comparison,random,22,1236592999,EAQ_CBB,4245135708,10000,96,ok,,scenario_label=random,EAQ_CBB
formal_experiment10_algorithm_comparison,prefixed,22,2490750245,EAQ_CBB,1353823120,10000,96,ok,,scenario_label=prefixed,EAQ_CBB
formal_experiment10_algorithm_comparison,prefix64,22,2799955695,EAQ_CBB,3895265369,10000,96,ok,,scenario_label=prefix64,EAQ_CBB
formal_experiment10_algorithm_comparison,prefix72,22,1176494308,EAQ_CBB,567929080,10000,96,ok,,scenario_label=prefix72,EAQ_CBB
formal_experiment10_algorithm_comparison,prefix80,22,1933229166,EAQ_CBB,539145662,10000,96,ok,,scenario_label=prefix80,EAQ_CBB
formal_experiment10_algorithm_comparison,dispersed,22,2884021080,EAQ_CBB,2389201150,10000,96,ok,,scenario_label=dispersed,EAQ_CBB
formal_experiment10_algorithm_comparison,sequential,22,718727290,EAQ_CBB,2625139992,10000,96,ok,,scenario_label=sequential,EAQ_CBB
formal_experiment10_algorithm_comparison,clustered,22,2093052601,EAQ_CBB,2063702403,10000,96,ok,,scenario_label=clustered,EAQ_CBB
formal_experiment10_algorithm_comparison,random,23,1587936834,EAQ_CBB,3525060696,10000,96,ok,,scenario_label=random,EAQ_CBB
formal_experiment10_algorithm_comparison,prefixed,23,1648471287,EAQ_CBB,1155431917,10000,96,ok,,scenario_label=prefixed,EAQ_CBB
formal_experiment10_algorithm_comparison,prefix64,23,364435406,EAQ_CBB,2754615909,10000,96,ok,,scenario_label=prefix64,EAQ_CBB
formal_experiment10_algorithm_comparison,prefix72,23,3017230718,EAQ_CBB,2505750692,10000,96,ok,,scenario_label=prefix72,EAQ_CBB
formal_experiment10_algorithm_comparison,prefix80,23,3937857360,EAQ_CBB,1972830167,10000,96,ok,,scenario_label=prefix80,EAQ_CBB
formal_experiment10_algorithm_comparison,dispersed,23,1487873236,EAQ_CBB,1259790837,10000,96,ok,,scenario_label=dispersed,EAQ_CBB
formal_experiment10_algorithm_comparison,sequential,23,1258431547,EAQ_CBB,4209449393,10000,96,ok,,scenario_label=sequential,EAQ_CBB
formal_experiment10_algorithm_comparison,clustered,23,1999349207,EAQ_CBB,800364774,10000,96,ok,,scenario_label=clustered,EAQ_CBB
formal_experiment10_algorithm_comparison,random,24,4015954273,EAQ_CBB,357765613,10000,96,ok,,scenario_label=random,EAQ_CBB
formal_experiment10_algorithm_comparison,prefixed,24,1786454360,EAQ_CBB,3767299215,10000,96,ok,,scenario_label=prefixed,EAQ_CBB
formal_experiment10_algorithm_comparison,prefix64,24,1605905099,EAQ_CBB,3064925060,10000,96,ok,,scenario_label=prefix64,EAQ_CBB
formal_experiment10_algorithm_comparison,prefix72,24,1141157572,EAQ_CBB,2850596364,10000,96,ok,,scenario_label=prefix72,EAQ_CBB
formal_experiment10_algorithm_comparison,prefix80,24,3693791333,EAQ_CBB,98508533,10000,96,ok,,scenario_label=prefix80,EAQ_CBB
formal_experiment10_algorithm_comparison,dispersed,24,3327095736,EAQ_CBB,497933029,10000,96,ok,,scenario_label=dispersed,EAQ_CBB
formal_experiment10_algorithm_comparison,sequential,24,3365623594,EAQ_CBB,3190308288,10000,96,ok,,scenario_label=sequential,EAQ_CBB
formal_experiment10_algorithm_comparison,clustered,24,2076634887,EAQ_CBB,2671874178,10000,96,ok,,scenario_label=clustered,EAQ_CBB
formal_experiment10_algorithm_comparison,random,25,798146029,EAQ_CBB,3742564623,10000,96,ok,,scenario_label=random,EAQ_CBB
formal_experiment10_algorithm_comparison,prefixed,25,924758938,EAQ_CBB,868227482,10000,96,ok,,scenario_label=prefixed,EAQ_CBB
formal_experiment10_algorithm_comparison,prefix64,25,276170494,EAQ_CBB,4222702924,10000,96,ok,,scenario_label=prefix64,EAQ_CBB
formal_experiment10_algorithm_comparison,prefix72,25,3354368970,EAQ_CBB,1308251009,10000,96,ok,,scenario_label=prefix72,EAQ_CBB
formal_experiment10_algorithm_comparison,prefix80,25,2005908186,EAQ_CBB,1361724367,10000,96,ok,,scenario_label=prefix80,EAQ_CBB
formal_experiment10_algorithm_comparison,dispersed,25,252742347,EAQ_CBB,4215931474,10000,96,ok,,scenario_label=dispersed,EAQ_CBB
formal_experiment10_algorithm_comparison,sequential,25,2509309594,EAQ_CBB,753178,10000,96,ok,,scenario_label=sequential,EAQ_CBB
formal_experiment10_algorithm_comparison,clustered,25,166869229,EAQ_CBB,2659758847,10000,96,ok,,scenario_label=clustered,EAQ_CBB
formal_experiment10_algorithm_comparison,random,26,3286019119,EAQ_CBB,1154331239,10000,96,ok,,scenario_label=random,EAQ_CBB
formal_experiment10_algorithm_comparison,prefixed,26,1795450453,EAQ_CBB,2630455386,10000,96,ok,,scenario_label=prefixed,EAQ_CBB
formal_experiment10_algorithm_comparison,prefix64,26,2925529590,EAQ_CBB,3188196062,10000,96,ok,,scenario_label=prefix64,EAQ_CBB
formal_experiment10_algorithm_comparison,prefix72,26,596174526,EAQ_CBB,1435364371,10000,96,ok,,scenario_label=prefix72,EAQ_CBB
formal_experiment10_algorithm_comparison,prefix80,26,3276034574,EAQ_CBB,3060389603,10000,96,ok,,scenario_label=prefix80,EAQ_CBB
formal_experiment10_algorithm_comparison,dispersed,26,2536907153,EAQ_CBB,2353730261,10000,96,ok,,scenario_label=dispersed,EAQ_CBB
formal_experiment10_algorithm_comparison,sequential,26,3016514165,EAQ_CBB,3241556152,10000,96,ok,,scenario_label=sequential,EAQ_CBB
formal_experiment10_algorithm_comparison,clustered,26,3738417298,EAQ_CBB,2240276330,10000,96,ok,,scenario_label=clustered,EAQ_CBB
formal_experiment10_algorithm_comparison,random,27,1371178209,EAQ_CBB,2469497839,10000,96,ok,,scenario_label=random,EAQ_CBB
formal_experiment10_algorithm_comparison,prefixed,27,2433723863,EAQ_CBB,2223324869,10000,96,ok,,scenario_label=prefixed,EAQ_CBB
formal_experiment10_algorithm_comparison,prefix64,27,2681084984,EAQ_CBB,1398057869,10000,96,ok,,scenario_label=prefix64,EAQ_CBB
formal_experiment10_algorithm_comparison,prefix72,27,2354148920,EAQ_CBB,879845486,10000,96,ok,,scenario_label=prefix72,EAQ_CBB
formal_experiment10_algorithm_comparison,prefix80,27,2850241236,EAQ_CBB,1742018241,10000,96,ok,,scenario_label=prefix80,EAQ_CBB
formal_experiment10_algorithm_comparison,dispersed,27,353634476,EAQ_CBB,2565702560,10000,96,ok,,scenario_label=dispersed,EAQ_CBB
formal_experiment10_algorithm_comparison,sequential,27,3444853128,EAQ_CBB,1807270857,10000,96,ok,,scenario_label=sequential,EAQ_CBB
formal_experiment10_algorithm_comparison,clustered,27,1841632199,EAQ_CBB,1489811589,10000,96,ok,,scenario_label=clustered,EAQ_CBB
formal_experiment10_algorithm_comparison,random,28,2229965917,EAQ_CBB,2116020804,10000,96,ok,,scenario_label=random,EAQ_CBB
formal_experiment10_algorithm_comparison,prefixed,28,2839760260,EAQ_CBB,3918348793,10000,96,ok,,scenario_label=prefixed,EAQ_CBB
formal_experiment10_algorithm_comparison,prefix64,28,1447320722,EAQ_CBB,1070147221,10000,96,ok,,scenario_label=prefix64,EAQ_CBB
formal_experiment10_algorithm_comparison,prefix72,28,2480472296,EAQ_CBB,3334770562,10000,96,ok,,scenario_label=prefix72,EAQ_CBB
formal_experiment10_algorithm_comparison,prefix80,28,189231546,EAQ_CBB,4074055813,10000,96,ok,,scenario_label=prefix80,EAQ_CBB
formal_experiment10_algorithm_comparison,dispersed,28,486142359,EAQ_CBB,2118579374,10000,96,ok,,scenario_label=dispersed,EAQ_CBB
formal_experiment10_algorithm_comparison,sequential,28,3005013483,EAQ_CBB,4219574771,10000,96,ok,,scenario_label=sequential,EAQ_CBB
formal_experiment10_algorithm_comparison,clustered,28,904872953,EAQ_CBB,1230717971,10000,96,ok,,scenario_label=clustered,EAQ_CBB
formal_experiment10_algorithm_comparison,random,29,1577098209,EAQ_CBB,3406220926,10000,96,ok,,scenario_label=random,EAQ_CBB
formal_experiment10_algorithm_comparison,prefixed,29,1296804900,EAQ_CBB,1141634685,10000,96,ok,,scenario_label=prefixed,EAQ_CBB
formal_experiment10_algorithm_comparison,prefix64,29,505043851,EAQ_CBB,3694115246,10000,96,ok,,scenario_label=prefix64,EAQ_CBB
formal_experiment10_algorithm_comparison,prefix72,29,2658790611,EAQ_CBB,2879712763,10000,96,ok,,scenario_label=prefix72,EAQ_CBB
formal_experiment10_algorithm_comparison,prefix80,29,1429797341,EAQ_CBB,195904176,10000,96,ok,,scenario_label=prefix80,EAQ_CBB
formal_experiment10_algorithm_comparison,dispersed,29,2273552703,EAQ_CBB,2993512192,10000,96,ok,,scenario_label=dispersed,EAQ_CBB
formal_experiment10_algorithm_comparison,sequential,29,3899432569,EAQ_CBB,3721855190,10000,96,ok,,scenario_label=sequential,EAQ_CBB
formal_experiment10_algorithm_comparison,clustered,29,916823294,EAQ_CBB,544314573,10000,96,ok,,scenario_label=clustered,EAQ_CBB
formal_experiment10_algorithm_comparison,random,30,2757994122,EAQ_CBB,1123436321,10000,96,ok,,scenario_label=random,EAQ_CBB
formal_experiment10_algorithm_comparison,prefixed,30,429058329,EAQ_CBB,2532684035,10000,96,ok,,scenario_label=prefixed,EAQ_CBB
formal_experiment10_algorithm_comparison,prefix64,30,1168910017,EAQ_CBB,4213593221,10000,96,ok,,scenario_label=prefix64,EAQ_CBB
formal_experiment10_algorithm_comparison,prefix72,30,2954858719,EAQ_CBB,3558078491,10000,96,ok,,scenario_label=prefix72,EAQ_CBB
formal_experiment10_algorithm_comparison,prefix80,30,1066354187,EAQ_CBB,2151281722,10000,96,ok,,scenario_label=prefix80,EAQ_CBB
formal_experiment10_algorithm_comparison,dispersed,30,1918572727,EAQ_CBB,3866114916,10000,96,ok,,scenario_label=dispersed,EAQ_CBB
formal_experiment10_algorithm_comparison,sequential,30,4168150786,EAQ_CBB,1682092606,10000,96,ok,,scenario_label=sequential,EAQ_CBB
formal_experiment10_algorithm_comparison,clustered,30,3098412365,EAQ_CBB,462008621,10000,96,ok,,scenario_label=clustered,EAQ_CBB
formal_experiment10_algorithm_comparison,random,31,3134118358,EAQ_CBB,307160360,10000,96,ok,,scenario_label=random,EAQ_CBB
formal_experiment10_algorithm_comparison,prefixed,31,2310922343,EAQ_CBB,3204955235,10000,96,ok,,scenario_label=prefixed,EAQ_CBB
formal_experiment10_algorithm_comparison,prefix64,31,952998658,EAQ_CBB,2935456374,10000,96,ok,,scenario_label=prefix64,EAQ_CBB
formal_experiment10_algorithm_comparison,prefix72,31,2497969375,EAQ_CBB,2120645835,10000,96,ok,,scenario_label=prefix72,EAQ_CBB
formal_experiment10_algorithm_comparison,prefix80,31,1189282690,EAQ_CBB,2717458168,10000,96,ok,,scenario_label=prefix80,EAQ_CBB
formal_experiment10_algorithm_comparison,dispersed,31,746579052,EAQ_CBB,2553644417,10000,96,ok,,scenario_label=dispersed,EAQ_CBB
formal_experiment10_algorithm_comparison,sequential,31,1533274363,EAQ_CBB,1656154104,10000,96,ok,,scenario_label=sequential,EAQ_CBB
formal_experiment10_algorithm_comparison,clustered,31,1250494512,EAQ_CBB,3796889566,10000,96,ok,,scenario_label=clustered,EAQ_CBB
formal_experiment10_algorithm_comparison,random,32,1187568275,EAQ_CBB,1579184759,10000,96,ok,,scenario_label=random,EAQ_CBB
formal_experiment10_algorithm_comparison,prefixed,32,1421696467,EAQ_CBB,2344948928,10000,96,ok,,scenario_label=prefixed,EAQ_CBB
formal_experiment10_algorithm_comparison,prefix64,32,758215180,EAQ_CBB,3737609241,10000,96,ok,,scenario_label=prefix64,EAQ_CBB
formal_experiment10_algorithm_comparison,prefix72,32,3309765357,EAQ_CBB,560940431,10000,96,ok,,scenario_label=prefix72,EAQ_CBB
formal_experiment10_algorithm_comparison,prefix80,32,2468891489,EAQ_CBB,3678461331,10000,96,ok,,scenario_label=prefix80,EAQ_CBB
formal_experiment10_algorithm_comparison,dispersed,32,461533287,EAQ_CBB,3524339249,10000,96,ok,,scenario_label=dispersed,EAQ_CBB
formal_experiment10_algorithm_comparison,sequential,32,1885192675,EAQ_CBB,191137879,10000,96,ok,,scenario_label=sequential,EAQ_CBB
formal_experiment10_algorithm_comparison,clustered,32,1700272012,EAQ_CBB,3859555335,10000,96,ok,,scenario_label=clustered,EAQ_CBB
formal_experiment10_algorithm_comparison,random,33,3220564758,EAQ_CBB,2111732273,10000,96,ok,,scenario_label=random,EAQ_CBB
formal_experiment10_algorithm_comparison,prefixed,33,884651060,EAQ_CBB,895171653,10000,96,ok,,scenario_label=prefixed,EAQ_CBB
formal_experiment10_algorithm_comparison,prefix64,33,1343492222,EAQ_CBB,2519611486,10000,96,ok,,scenario_label=prefix64,EAQ_CBB
formal_experiment10_algorithm_comparison,prefix72,33,2989583646,EAQ_CBB,258204528,10000,96,ok,,scenario_label=prefix72,EAQ_CBB
formal_experiment10_algorithm_comparison,prefix80,33,2042364237,EAQ_CBB,2107604332,10000,96,ok,,scenario_label=prefix80,EAQ_CBB
formal_experiment10_algorithm_comparison,dispersed,33,4056207655,EAQ_CBB,1831910814,10000,96,ok,,scenario_label=dispersed,EAQ_CBB
formal_experiment10_algorithm_comparison,sequential,33,1379722936,EAQ_CBB,3280752921,10000,96,ok,,scenario_label=sequential,EAQ_CBB
formal_experiment10_algorithm_comparison,clustered,33,2404355022,EAQ_CBB,1224140833,10000,96,ok,,scenario_label=clustered,EAQ_CBB
formal_experiment10_algorithm_comparison,random,34,3890833141,EAQ_CBB,3260199862,10000,96,ok,,scenario_label=random,EAQ_CBB
formal_experiment10_algorithm_comparison,prefixed,34,1570629048,EAQ_CBB,2777119834,10000,96,ok,,scenario_label=prefixed,EAQ_CBB
formal_experiment10_algorithm_comparison,prefix64,34,2138171961,EAQ_CBB,627231116,10000,96,ok,,scenario_label=prefix64,EAQ_CBB
formal_experiment10_algorithm_comparison,prefix72,34,3174195124,EAQ_CBB,369193706,10000,96,ok,,scenario_label=prefix72,EAQ_CBB
formal_experiment10_algorithm_comparison,prefix80,34,2930609793,EAQ_CBB,2371959946,10000,96,ok,,scenario_label=prefix80,EAQ_CBB
formal_experiment10_algorithm_comparison,dispersed,34,1598293287,EAQ_CBB,3912367199,10000,96,ok,,scenario_label=dispersed,EAQ_CBB
formal_experiment10_algorithm_comparison,sequential,34,827727748,EAQ_CBB,340356115,10000,96,ok,,scenario_label=sequential,EAQ_CBB
formal_experiment10_algorithm_comparison,clustered,34,3877182081,EAQ_CBB,3359481230,10000,96,ok,,scenario_label=clustered,EAQ_CBB
formal_experiment10_algorithm_comparison,random,35,1035152157,EAQ_CBB,558613301,10000,96,ok,,scenario_label=random,EAQ_CBB
formal_experiment10_algorithm_comparison,prefixed,35,1105641727,EAQ_CBB,3820059528,10000,96,ok,,scenario_label=prefixed,EAQ_CBB
formal_experiment10_algorithm_comparison,prefix64,35,2141900738,EAQ_CBB,1612818948,10000,96,ok,,scenario_label=prefix64,EAQ_CBB
formal_experiment10_algorithm_comparison,prefix72,35,3519922321,EAQ_CBB,795996991,10000,96,ok,,scenario_label=prefix72,EAQ_CBB
formal_experiment10_algorithm_comparison,prefix80,35,2068117885,EAQ_CBB,318487222,10000,96,ok,,scenario_label=prefix80,EAQ_CBB
formal_experiment10_algorithm_comparison,dispersed,35,3459662668,EAQ_CBB,4272735328,10000,96,ok,,scenario_label=dispersed,EAQ_CBB
formal_experiment10_algorithm_comparison,sequential,35,3404251095,EAQ_CBB,3403007832,10000,96,ok,,scenario_label=sequential,EAQ_CBB
formal_experiment10_algorithm_comparison,clustered,35,2734262170,EAQ_CBB,3560283141,10000,96,ok,,scenario_label=clustered,EAQ_CBB
formal_experiment10_algorithm_comparison,random,36,2776766623,EAQ_CBB,3899683131,10000,96,ok,,scenario_label=random,EAQ_CBB
formal_experiment10_algorithm_comparison,prefixed,36,4190072160,EAQ_CBB,60961026,10000,96,ok,,scenario_label=prefixed,EAQ_CBB
formal_experiment10_algorithm_comparison,prefix64,36,561378811,EAQ_CBB,3762414023,10000,96,ok,,scenario_label=prefix64,EAQ_CBB
formal_experiment10_algorithm_comparison,prefix72,36,2007475420,EAQ_CBB,2033585906,10000,96,ok,,scenario_label=prefix72,EAQ_CBB
formal_experiment10_algorithm_comparison,prefix80,36,4047784356,EAQ_CBB,4041869492,10000,96,ok,,scenario_label=prefix80,EAQ_CBB
formal_experiment10_algorithm_comparison,dispersed,36,1475087155,EAQ_CBB,580132607,10000,96,ok,,scenario_label=dispersed,EAQ_CBB
formal_experiment10_algorithm_comparison,sequential,36,3955139490,EAQ_CBB,3937936231,10000,96,ok,,scenario_label=sequential,EAQ_CBB
formal_experiment10_algorithm_comparison,clustered,36,2167738248,EAQ_CBB,3124456281,10000,96,ok,,scenario_label=clustered,EAQ_CBB
formal_experiment10_algorithm_comparison,random,37,3778314031,EAQ_CBB,1203400606,10000,96,ok,,scenario_label=random,EAQ_CBB
formal_experiment10_algorithm_comparison,prefixed,37,3981120096,EAQ_CBB,2673120769,10000,96,ok,,scenario_label=prefixed,EAQ_CBB
formal_experiment10_algorithm_comparison,prefix64,37,2494735147,EAQ_CBB,2978043225,10000,96,ok,,scenario_label=prefix64,EAQ_CBB
formal_experiment10_algorithm_comparison,prefix72,37,2122645248,EAQ_CBB,1880625388,10000,96,ok,,scenario_label=prefix72,EAQ_CBB
formal_experiment10_algorithm_comparison,prefix80,37,4132614700,EAQ_CBB,3430224422,10000,96,ok,,scenario_label=prefix80,EAQ_CBB
formal_experiment10_algorithm_comparison,dispersed,37,1445120987,EAQ_CBB,3886908082,10000,96,ok,,scenario_label=dispersed,EAQ_CBB
formal_experiment10_algorithm_comparison,sequential,37,4059102190,EAQ_CBB,2913271708,10000,96,ok,,scenario_label=sequential,EAQ_CBB
formal_experiment10_algorithm_comparison,clustered,37,2101678517,EAQ_CBB,3646442045,10000,96,ok,,scenario_label=clustered,EAQ_CBB
formal_experiment10_algorithm_comparison,random,38,2697138671,EAQ_CBB,1392604966,10000,96,ok,,scenario_label=random,EAQ_CBB
formal_experiment10_algorithm_comparison,prefixed,38,248821944,EAQ_CBB,2634156411,10000,96,ok,,scenario_label=prefixed,EAQ_CBB
formal_experiment10_algorithm_comparison,prefix64,38,1648957073,EAQ_CBB,4202339016,10000,96,ok,,scenario_label=prefix64,EAQ_CBB
formal_experiment10_algorithm_comparison,prefix72,38,551118561,EAQ_CBB,3200215458,10000,96,ok,,scenario_label=prefix72,EAQ_CBB
formal_experiment10_algorithm_comparison,prefix80,38,2176443634,EAQ_CBB,2155220190,10000,96,ok,,scenario_label=prefix80,EAQ_CBB
formal_experiment10_algorithm_comparison,dispersed,38,1295320453,EAQ_CBB,3235398729,10000,96,ok,,scenario_label=dispersed,EAQ_CBB
formal_experiment10_algorithm_comparison,sequential,38,1532549816,EAQ_CBB,2110571964,10000,96,ok,,scenario_label=sequential,EAQ_CBB
formal_experiment10_algorithm_comparison,clustered,38,1315890655,EAQ_CBB,1257496313,10000,96,ok,,scenario_label=clustered,EAQ_CBB
formal_experiment10_algorithm_comparison,random,39,4170876505,EAQ_CBB,2312777688,10000,96,ok,,scenario_label=random,EAQ_CBB
formal_experiment10_algorithm_comparison,prefixed,39,117028918,EAQ_CBB,3211862994,10000,96,ok,,scenario_label=prefixed,EAQ_CBB
formal_experiment10_algorithm_comparison,prefix64,39,3382193401,EAQ_CBB,2198059061,10000,96,ok,,scenario_label=prefix64,EAQ_CBB
formal_experiment10_algorithm_comparison,prefix72,39,3766206041,EAQ_CBB,2711551501,10000,96,ok,,scenario_label=prefix72,EAQ_CBB
formal_experiment10_algorithm_comparison,prefix80,39,1181769842,EAQ_CBB,2774972688,10000,96,ok,,scenario_label=prefix80,EAQ_CBB
formal_experiment10_algorithm_comparison,dispersed,39,689222263,EAQ_CBB,3666410572,10000,96,ok,,scenario_label=dispersed,EAQ_CBB
formal_experiment10_algorithm_comparison,sequential,39,492811461,EAQ_CBB,3979477989,10000,96,ok,,scenario_label=sequential,EAQ_CBB
formal_experiment10_algorithm_comparison,clustered,39,550238148,EAQ_CBB,602807914,10000,96,ok,,scenario_label=clustered,EAQ_CBB
formal_experiment10_algorithm_comparison,random,40,3450625955,EAQ_CBB,2325201715,10000,96,ok,,scenario_label=random,EAQ_CBB
formal_experiment10_algorithm_comparison,prefixed,40,738262747,EAQ_CBB,3237930889,10000,96,ok,,scenario_label=prefixed,EAQ_CBB
formal_experiment10_algorithm_comparison,prefix64,40,1985651988,EAQ_CBB,1504184683,10000,96,ok,,scenario_label=prefix64,EAQ_CBB
formal_experiment10_algorithm_comparison,prefix72,40,2395566563,EAQ_CBB,1563368528,10000,96,ok,,scenario_label=prefix72,EAQ_CBB
formal_experiment10_algorithm_comparison,prefix80,40,1541212281,EAQ_CBB,4280135248,10000,96,ok,,scenario_label=prefix80,EAQ_CBB
formal_experiment10_algorithm_comparison,dispersed,40,2764666677,EAQ_CBB,4249225297,10000,96,ok,,scenario_label=dispersed,EAQ_CBB
formal_experiment10_algorithm_comparison,sequential,40,1097759754,EAQ_CBB,4096235640,10000,96,ok,,scenario_label=sequential,EAQ_CBB
formal_experiment10_algorithm_comparison,clustered,40,2622337710,EAQ_CBB,1743606725,10000,96,ok,,scenario_label=clustered,EAQ_CBB
formal_experiment10_algorithm_comparison,random,41,810163340,EAQ_CBB,119778904,10000,96,ok,,scenario_label=random,EAQ_CBB
formal_experiment10_algorithm_comparison,prefixed,41,2832028255,EAQ_CBB,1149729812,10000,96,ok,,scenario_label=prefixed,EAQ_CBB
formal_experiment10_algorithm_comparison,prefix64,41,249036306,EAQ_CBB,2737991130,10000,96,ok,,scenario_label=prefix64,EAQ_CBB
formal_experiment10_algorithm_comparison,prefix72,41,1115424615,EAQ_CBB,976103398,10000,96,ok,,scenario_label=prefix72,EAQ_CBB
formal_experiment10_algorithm_comparison,prefix80,41,4200284946,EAQ_CBB,3846564593,10000,96,ok,,scenario_label=prefix80,EAQ_CBB
formal_experiment10_algorithm_comparison,dispersed,41,1243932841,EAQ_CBB,3424806949,10000,96,ok,,scenario_label=dispersed,EAQ_CBB
formal_experiment10_algorithm_comparison,sequential,41,2930733260,EAQ_CBB,4133212434,10000,96,ok,,scenario_label=sequential,EAQ_CBB
formal_experiment10_algorithm_comparison,clustered,41,3458394344,EAQ_CBB,4191551267,10000,96,ok,,scenario_label=clustered,EAQ_CBB
formal_experiment10_algorithm_comparison,random,42,1704362005,EAQ_CBB,2741960088,10000,96,ok,,scenario_label=random,EAQ_CBB
formal_experiment10_algorithm_comparison,prefixed,42,3144017342,EAQ_CBB,940510787,10000,96,ok,,scenario_label=prefixed,EAQ_CBB
formal_experiment10_algorithm_comparison,prefix64,42,1042034839,EAQ_CBB,4258210486,10000,96,ok,,scenario_label=prefix64,EAQ_CBB
formal_experiment10_algorithm_comparison,prefix72,42,2531603473,EAQ_CBB,1306032500,10000,96,ok,,scenario_label=prefix72,EAQ_CBB
formal_experiment10_algorithm_comparison,prefix80,42,4248245683,EAQ_CBB,3092030927,10000,96,ok,,scenario_label=prefix80,EAQ_CBB
formal_experiment10_algorithm_comparison,dispersed,42,971401964,EAQ_CBB,2357033237,10000,96,ok,,scenario_label=dispersed,EAQ_CBB
formal_experiment10_algorithm_comparison,sequential,42,1252099663,EAQ_CBB,1668423172,10000,96,ok,,scenario_label=sequential,EAQ_CBB
formal_experiment10_algorithm_comparison,clustered,42,3084834098,EAQ_CBB,544857356,10000,96,ok,,scenario_label=clustered,EAQ_CBB
formal_experiment10_algorithm_comparison,random,43,917040789,EAQ_CBB,4234305636,10000,96,ok,,scenario_label=random,EAQ_CBB
formal_experiment10_algorithm_comparison,prefixed,43,601521315,EAQ_CBB,3962158171,10000,96,ok,,scenario_label=prefixed,EAQ_CBB
formal_experiment10_algorithm_comparison,prefix64,43,247146984,EAQ_CBB,3871884028,10000,96,ok,,scenario_label=prefix64,EAQ_CBB
formal_experiment10_algorithm_comparison,prefix72,43,3723101655,EAQ_CBB,3778712437,10000,96,ok,,scenario_label=prefix72,EAQ_CBB
formal_experiment10_algorithm_comparison,prefix80,43,1184894979,EAQ_CBB,1760672757,10000,96,ok,,scenario_label=prefix80,EAQ_CBB
formal_experiment10_algorithm_comparison,dispersed,43,543731670,EAQ_CBB,2640570022,10000,96,ok,,scenario_label=dispersed,EAQ_CBB
formal_experiment10_algorithm_comparison,sequential,43,2581054308,EAQ_CBB,376012926,10000,96,ok,,scenario_label=sequential,EAQ_CBB
formal_experiment10_algorithm_comparison,clustered,43,305485960,EAQ_CBB,970564156,10000,96,ok,,scenario_label=clustered,EAQ_CBB
formal_experiment10_algorithm_comparison,random,44,2757181503,EAQ_CBB,1866077043,10000,96,ok,,scenario_label=random,EAQ_CBB
formal_experiment10_algorithm_comparison,prefixed,44,3667808483,EAQ_CBB,987500896,10000,96,ok,,scenario_label=prefixed,EAQ_CBB
formal_experiment10_algorithm_comparison,prefix64,44,3627632042,EAQ_CBB,3681270876,10000,96,ok,,scenario_label=prefix64,EAQ_CBB
formal_experiment10_algorithm_comparison,prefix72,44,112554203,EAQ_CBB,3573522753,10000,96,ok,,scenario_label=prefix72,EAQ_CBB
formal_experiment10_algorithm_comparison,prefix80,44,1838899425,EAQ_CBB,3261120491,10000,96,ok,,scenario_label=prefix80,EAQ_CBB
formal_experiment10_algorithm_comparison,dispersed,44,1675694341,EAQ_CBB,1749001318,10000,96,ok,,scenario_label=dispersed,EAQ_CBB
formal_experiment10_algorithm_comparison,sequential,44,2581828915,EAQ_CBB,4237696105,10000,96,ok,,scenario_label=sequential,EAQ_CBB
formal_experiment10_algorithm_comparison,clustered,44,3777667509,EAQ_CBB,1101946684,10000,96,ok,,scenario_label=clustered,EAQ_CBB
formal_experiment10_algorithm_comparison,random,45,3439054340,EAQ_CBB,323263759,10000,96,ok,,scenario_label=random,EAQ_CBB
formal_experiment10_algorithm_comparison,prefixed,45,827713014,EAQ_CBB,2087048849,10000,96,ok,,scenario_label=prefixed,EAQ_CBB
formal_experiment10_algorithm_comparison,prefix64,45,3773143706,EAQ_CBB,550349237,10000,96,ok,,scenario_label=prefix64,EAQ_CBB
formal_experiment10_algorithm_comparison,prefix72,45,2352996596,EAQ_CBB,2638915785,10000,96,ok,,scenario_label=prefix72,EAQ_CBB
formal_experiment10_algorithm_comparison,prefix80,45,1515211290,EAQ_CBB,2877241681,10000,96,ok,,scenario_label=prefix80,EAQ_CBB
formal_experiment10_algorithm_comparison,dispersed,45,3455145310,EAQ_CBB,571844801,10000,96,ok,,scenario_label=dispersed,EAQ_CBB
formal_experiment10_algorithm_comparison,sequential,45,3536744853,EAQ_CBB,218043878,10000,96,ok,,scenario_label=sequential,EAQ_CBB
formal_experiment10_algorithm_comparison,clustered,45,3714169138,EAQ_CBB,1113439977,10000,96,ok,,scenario_label=clustered,EAQ_CBB
formal_experiment10_algorithm_comparison,random,46,3762581748,EAQ_CBB,3299757967,10000,96,ok,,scenario_label=random,EAQ_CBB
formal_experiment10_algorithm_comparison,prefixed,46,1041196411,EAQ_CBB,2091806299,10000,96,ok,,scenario_label=prefixed,EAQ_CBB
formal_experiment10_algorithm_comparison,prefix64,46,737039505,EAQ_CBB,2673138926,10000,96,ok,,scenario_label=prefix64,EAQ_CBB
formal_experiment10_algorithm_comparison,prefix72,46,1433412071,EAQ_CBB,4152624005,10000,96,ok,,scenario_label=prefix72,EAQ_CBB
formal_experiment10_algorithm_comparison,prefix80,46,2094016510,EAQ_CBB,1990846378,10000,96,ok,,scenario_label=prefix80,EAQ_CBB
formal_experiment10_algorithm_comparison,dispersed,46,3724898785,EAQ_CBB,3500199686,10000,96,ok,,scenario_label=dispersed,EAQ_CBB
formal_experiment10_algorithm_comparison,sequential,46,3086579310,EAQ_CBB,3455540121,10000,96,ok,,scenario_label=sequential,EAQ_CBB
formal_experiment10_algorithm_comparison,clustered,46,3569510457,EAQ_CBB,779879053,10000,96,ok,,scenario_label=clustered,EAQ_CBB
formal_experiment10_algorithm_comparison,random,47,2402732470,EAQ_CBB,3652113908,10000,96,ok,,scenario_label=random,EAQ_CBB
formal_experiment10_algorithm_comparison,prefixed,47,3749692816,EAQ_CBB,1688053532,10000,96,ok,,scenario_label=prefixed,EAQ_CBB
formal_experiment10_algorithm_comparison,prefix64,47,2448397771,EAQ_CBB,1508506395,10000,96,ok,,scenario_label=prefix64,EAQ_CBB
formal_experiment10_algorithm_comparison,prefix72,47,2515845558,EAQ_CBB,2633651244,10000,96,ok,,scenario_label=prefix72,EAQ_CBB
formal_experiment10_algorithm_comparison,prefix80,47,2907340057,EAQ_CBB,4238342262,10000,96,ok,,scenario_label=prefix80,EAQ_CBB
formal_experiment10_algorithm_comparison,dispersed,47,450818034,EAQ_CBB,3990480461,10000,96,ok,,scenario_label=dispersed,EAQ_CBB
formal_experiment10_algorithm_comparison,sequential,47,23415326,EAQ_CBB,810279713,10000,96,ok,,scenario_label=sequential,EAQ_CBB
formal_experiment10_algorithm_comparison,clustered,47,2859928063,EAQ_CBB,3855505463,10000,96,ok,,scenario_label=clustered,EAQ_CBB
formal_experiment10_algorithm_comparison,random,48,4281357755,EAQ_CBB,1805636334,10000,96,ok,,scenario_label=random,EAQ_CBB
formal_experiment10_algorithm_comparison,prefixed,48,3873723810,EAQ_CBB,2216675044,10000,96,ok,,scenario_label=prefixed,EAQ_CBB
formal_experiment10_algorithm_comparison,prefix64,48,339462132,EAQ_CBB,1704690410,10000,96,ok,,scenario_label=prefix64,EAQ_CBB
formal_experiment10_algorithm_comparison,prefix72,48,270703941,EAQ_CBB,3918669672,10000,96,ok,,scenario_label=prefix72,EAQ_CBB
formal_experiment10_algorithm_comparison,prefix80,48,376489424,EAQ_CBB,941537451,10000,96,ok,,scenario_label=prefix80,EAQ_CBB
formal_experiment10_algorithm_comparison,dispersed,48,2122119051,EAQ_CBB,1908690799,10000,96,ok,,scenario_label=dispersed,EAQ_CBB
formal_experiment10_algorithm_comparison,sequential,48,3552242948,EAQ_CBB,816312048,10000,96,ok,,scenario_label=sequential,EAQ_CBB
formal_experiment10_algorithm_comparison,clustered,48,1330979572,EAQ_CBB,4045401033,10000,96,ok,,scenario_label=clustered,EAQ_CBB
formal_experiment10_algorithm_comparison,random,49,1789994563,EAQ_CBB,3906961799,10000,96,ok,,scenario_label=random,EAQ_CBB
formal_experiment10_algorithm_comparison,prefixed,49,2849056856,EAQ_CBB,2651190063,10000,96,ok,,scenario_label=prefixed,EAQ_CBB
formal_experiment10_algorithm_comparison,prefix64,49,3532656362,EAQ_CBB,2327424874,10000,96,ok,,scenario_label=prefix64,EAQ_CBB
formal_experiment10_algorithm_comparison,prefix72,49,3560536888,EAQ_CBB,1685230181,10000,96,ok,,scenario_label=prefix72,EAQ_CBB
formal_experiment10_algorithm_comparison,prefix80,49,3497608031,EAQ_CBB,4132904560,10000,96,ok,,scenario_label=prefix80,EAQ_CBB
formal_experiment10_algorithm_comparison,dispersed,49,1244494452,EAQ_CBB,594429504,10000,96,ok,,scenario_label=dispersed,EAQ_CBB
formal_experiment10_algorithm_comparison,sequential,49,1309897987,EAQ_CBB,927782842,10000,96,ok,,scenario_label=sequential,EAQ_CBB
formal_experiment10_algorithm_comparison,clustered,49,1756787569,EAQ_CBB,2026960334,10000,96,ok,,scenario_label=clustered,EAQ_CBB
formal_experiment10_algorithm_comparison,random,0,1486858820,EMDT,4270451895,10000,96,ok,,scenario_label=random,EMDT
formal_experiment10_algorithm_comparison,prefixed,0,4075987068,EMDT,2096669399,10000,96,ok,,scenario_label=prefixed,EMDT
formal_experiment10_algorithm_comparison,prefix64,0,4125689627,EMDT,2125389196,10000,96,ok,,scenario_label=prefix64,EMDT
formal_experiment10_algorithm_comparison,prefix72,0,1500471121,EMDT,2997250040,10000,96,ok,,scenario_label=prefix72,EMDT
formal_experiment10_algorithm_comparison,prefix80,0,3599789785,EMDT,2378648613,10000,96,ok,,scenario_label=prefix80,EMDT
formal_experiment10_algorithm_comparison,dispersed,0,718391674,EMDT,1932170926,10000,96,ok,,scenario_label=dispersed,EMDT
formal_experiment10_algorithm_comparison,sequential,0,3832442603,EMDT,1919649516,10000,96,ok,,scenario_label=sequential,EMDT
formal_experiment10_algorithm_comparison,clustered,0,2671803409,EMDT,738526641,10000,96,ok,,scenario_label=clustered,EMDT
formal_experiment10_algorithm_comparison,random,1,2763007857,EMDT,4249647275,10000,96,ok,,scenario_label=random,EMDT
formal_experiment10_algorithm_comparison,prefixed,1,2065428963,EMDT,3590412754,10000,96,ok,,scenario_label=prefixed,EMDT
formal_experiment10_algorithm_comparison,prefix64,1,1416633314,EMDT,1005995191,10000,96,ok,,scenario_label=prefix64,EMDT
formal_experiment10_algorithm_comparison,prefix72,1,4054706784,EMDT,1802586584,10000,96,ok,,scenario_label=prefix72,EMDT
formal_experiment10_algorithm_comparison,prefix80,1,4026730667,EMDT,625235398,10000,96,ok,,scenario_label=prefix80,EMDT
formal_experiment10_algorithm_comparison,dispersed,1,512815062,EMDT,910183013,10000,96,ok,,scenario_label=dispersed,EMDT
formal_experiment10_algorithm_comparison,sequential,1,307044453,EMDT,34631725,10000,96,ok,,scenario_label=sequential,EMDT
formal_experiment10_algorithm_comparison,clustered,1,1347204990,EMDT,3724004760,10000,96,ok,,scenario_label=clustered,EMDT
formal_experiment10_algorithm_comparison,random,2,2952453941,EMDT,647356592,10000,96,ok,,scenario_label=random,EMDT
formal_experiment10_algorithm_comparison,prefixed,2,2156894236,EMDT,2133895423,10000,96,ok,,scenario_label=prefixed,EMDT
formal_experiment10_algorithm_comparison,prefix64,2,1579062743,EMDT,787059668,10000,96,ok,,scenario_label=prefix64,EMDT
formal_experiment10_algorithm_comparison,prefix72,2,3098683715,EMDT,3822331369,10000,96,ok,,scenario_label=prefix72,EMDT
formal_experiment10_algorithm_comparison,prefix80,2,3666635172,EMDT,2100771864,10000,96,ok,,scenario_label=prefix80,EMDT
formal_experiment10_algorithm_comparison,dispersed,2,1938306392,EMDT,2522694796,10000,96,ok,,scenario_label=dispersed,EMDT
formal_experiment10_algorithm_comparison,sequential,2,2669753757,EMDT,1309563189,10000,96,ok,,scenario_label=sequential,EMDT
formal_experiment10_algorithm_comparison,clustered,2,4214585690,EMDT,3249897187,10000,96,ok,,scenario_label=clustered,EMDT
formal_experiment10_algorithm_comparison,random,3,305508543,EMDT,1967242085,10000,96,ok,,scenario_label=random,EMDT
formal_experiment10_algorithm_comparison,prefixed,3,601308687,EMDT,4031302404,10000,96,ok,,scenario_label=prefixed,EMDT
formal_experiment10_algorithm_comparison,prefix64,3,609090443,EMDT,3364768938,10000,96,ok,,scenario_label=prefix64,EMDT
formal_experiment10_algorithm_comparison,prefix72,3,300944148,EMDT,3985375127,10000,96,ok,,scenario_label=prefix72,EMDT
formal_experiment10_algorithm_comparison,prefix80,3,968741272,EMDT,3908307456,10000,96,ok,,scenario_label=prefix80,EMDT
formal_experiment10_algorithm_comparison,dispersed,3,101697167,EMDT,910831744,10000,96,ok,,scenario_label=dispersed,EMDT
formal_experiment10_algorithm_comparison,sequential,3,4014819932,EMDT,1033296421,10000,96,ok,,scenario_label=sequential,EMDT
formal_experiment10_algorithm_comparison,clustered,3,3211323854,EMDT,2089547172,10000,96,ok,,scenario_label=clustered,EMDT
formal_experiment10_algorithm_comparison,random,4,647249588,EMDT,4104820544,10000,96,ok,,scenario_label=random,EMDT
formal_experiment10_algorithm_comparison,prefixed,4,1849982546,EMDT,2540697186,10000,96,ok,,scenario_label=prefixed,EMDT
formal_experiment10_algorithm_comparison,prefix64,4,4123678274,EMDT,3810139448,10000,96,ok,,scenario_label=prefix64,EMDT
formal_experiment10_algorithm_comparison,prefix72,4,647941119,EMDT,1675879027,10000,96,ok,,scenario_label=prefix72,EMDT
formal_experiment10_algorithm_comparison,prefix80,4,2084925728,EMDT,4090391174,10000,96,ok,,scenario_label=prefix80,EMDT
formal_experiment10_algorithm_comparison,dispersed,4,4016991929,EMDT,1023951659,10000,96,ok,,scenario_label=dispersed,EMDT
formal_experiment10_algorithm_comparison,sequential,4,1147041799,EMDT,2910966349,10000,96,ok,,scenario_label=sequential,EMDT
formal_experiment10_algorithm_comparison,clustered,4,1157746636,EMDT,3582127264,10000,96,ok,,scenario_label=clustered,EMDT
formal_experiment10_algorithm_comparison,random,5,2154945588,EMDT,1359416888,10000,96,ok,,scenario_label=random,EMDT
formal_experiment10_algorithm_comparison,prefixed,5,2243686180,EMDT,4235563921,10000,96,ok,,scenario_label=prefixed,EMDT
formal_experiment10_algorithm_comparison,prefix64,5,295811869,EMDT,3855871455,10000,96,ok,,scenario_label=prefix64,EMDT
formal_experiment10_algorithm_comparison,prefix72,5,617202740,EMDT,4266888973,10000,96,ok,,scenario_label=prefix72,EMDT
formal_experiment10_algorithm_comparison,prefix80,5,815586784,EMDT,813195165,10000,96,ok,,scenario_label=prefix80,EMDT
formal_experiment10_algorithm_comparison,dispersed,5,1659534425,EMDT,1779701366,10000,96,ok,,scenario_label=dispersed,EMDT
formal_experiment10_algorithm_comparison,sequential,5,1736493233,EMDT,1695047266,10000,96,ok,,scenario_label=sequential,EMDT
formal_experiment10_algorithm_comparison,clustered,5,2592520367,EMDT,3814852629,10000,96,ok,,scenario_label=clustered,EMDT
formal_experiment10_algorithm_comparison,random,6,888616007,EMDT,3347777786,10000,96,ok,,scenario_label=random,EMDT
formal_experiment10_algorithm_comparison,prefixed,6,2156671656,EMDT,2760316388,10000,96,ok,,scenario_label=prefixed,EMDT
formal_experiment10_algorithm_comparison,prefix64,6,2560305621,EMDT,1689185125,10000,96,ok,,scenario_label=prefix64,EMDT
formal_experiment10_algorithm_comparison,prefix72,6,3673910054,EMDT,2828303775,10000,96,ok,,scenario_label=prefix72,EMDT
formal_experiment10_algorithm_comparison,prefix80,6,2524613736,EMDT,2551321601,10000,96,ok,,scenario_label=prefix80,EMDT
formal_experiment10_algorithm_comparison,dispersed,6,4228533201,EMDT,633601096,10000,96,ok,,scenario_label=dispersed,EMDT
formal_experiment10_algorithm_comparison,sequential,6,2814513920,EMDT,207212845,10000,96,ok,,scenario_label=sequential,EMDT
formal_experiment10_algorithm_comparison,clustered,6,4149466484,EMDT,2187854247,10000,96,ok,,scenario_label=clustered,EMDT
formal_experiment10_algorithm_comparison,random,7,430504557,EMDT,1177974070,10000,96,ok,,scenario_label=random,EMDT
formal_experiment10_algorithm_comparison,prefixed,7,968297227,EMDT,3665756896,10000,96,ok,,scenario_label=prefixed,EMDT
formal_experiment10_algorithm_comparison,prefix64,7,1285056138,EMDT,1891225393,10000,96,ok,,scenario_label=prefix64,EMDT
formal_experiment10_algorithm_comparison,prefix72,7,108678447,EMDT,2882198079,10000,96,ok,,scenario_label=prefix72,EMDT
formal_experiment10_algorithm_comparison,prefix80,7,2075071502,EMDT,4010029125,10000,96,ok,,scenario_label=prefix80,EMDT
formal_experiment10_algorithm_comparison,dispersed,7,3483887618,EMDT,3600330133,10000,96,ok,,scenario_label=dispersed,EMDT
formal_experiment10_algorithm_comparison,sequential,7,1089799207,EMDT,257866699,10000,96,ok,,scenario_label=sequential,EMDT
formal_experiment10_algorithm_comparison,clustered,7,1659200484,EMDT,2363179311,10000,96,ok,,scenario_label=clustered,EMDT
formal_experiment10_algorithm_comparison,random,8,2123175754,EMDT,2581661931,10000,96,ok,,scenario_label=random,EMDT
formal_experiment10_algorithm_comparison,prefixed,8,3724191092,EMDT,936183808,10000,96,ok,,scenario_label=prefixed,EMDT
formal_experiment10_algorithm_comparison,prefix64,8,3747759999,EMDT,2590727725,10000,96,ok,,scenario_label=prefix64,EMDT
formal_experiment10_algorithm_comparison,prefix72,8,3944130523,EMDT,788349182,10000,96,ok,,scenario_label=prefix72,EMDT
formal_experiment10_algorithm_comparison,prefix80,8,2877063911,EMDT,2758019799,10000,96,ok,,scenario_label=prefix80,EMDT
formal_experiment10_algorithm_comparison,dispersed,8,1326794289,EMDT,2866753333,10000,96,ok,,scenario_label=dispersed,EMDT
formal_experiment10_algorithm_comparison,sequential,8,464962871,EMDT,1055360919,10000,96,ok,,scenario_label=sequential,EMDT
formal_experiment10_algorithm_comparison,clustered,8,4146325891,EMDT,4255435952,10000,96,ok,,scenario_label=clustered,EMDT
formal_experiment10_algorithm_comparison,random,9,1156999555,EMDT,707011748,10000,96,ok,,scenario_label=random,EMDT
formal_experiment10_algorithm_comparison,prefixed,9,138744347,EMDT,3484744439,10000,96,ok,,scenario_label=prefixed,EMDT
formal_experiment10_algorithm_comparison,prefix64,9,3105645739,EMDT,305502684,10000,96,ok,,scenario_label=prefix64,EMDT
formal_experiment10_algorithm_comparison,prefix72,9,3839497446,EMDT,505389539,10000,96,ok,,scenario_label=prefix72,EMDT
formal_experiment10_algorithm_comparison,prefix80,9,923924336,EMDT,993464338,10000,96,ok,,scenario_label=prefix80,EMDT
formal_experiment10_algorithm_comparison,dispersed,9,2289044336,EMDT,2892307955,10000,96,ok,,scenario_label=dispersed,EMDT
formal_experiment10_algorithm_comparison,sequential,9,1819612831,EMDT,1535878981,10000,96,ok,,scenario_label=sequential,EMDT
formal_experiment10_algorithm_comparison,clustered,9,2410991351,EMDT,2847900145,10000,96,ok,,scenario_label=clustered,EMDT
formal_experiment10_algorithm_comparison,random,10,3409120913,EMDT,752737758,10000,96,ok,,scenario_label=random,EMDT
formal_experiment10_algorithm_comparison,prefixed,10,1612835902,EMDT,3313966373,10000,96,ok,,scenario_label=prefixed,EMDT
formal_experiment10_algorithm_comparison,prefix64,10,1342461640,EMDT,4140766734,10000,96,ok,,scenario_label=prefix64,EMDT
formal_experiment10_algorithm_comparison,prefix72,10,3699530451,EMDT,4265498951,10000,96,ok,,scenario_label=prefix72,EMDT
formal_experiment10_algorithm_comparison,prefix80,10,959927471,EMDT,2100346774,10000,96,ok,,scenario_label=prefix80,EMDT
formal_experiment10_algorithm_comparison,dispersed,10,1416169167,EMDT,1290815312,10000,96,ok,,scenario_label=dispersed,EMDT
formal_experiment10_algorithm_comparison,sequential,10,2509121869,EMDT,3341440397,10000,96,ok,,scenario_label=sequential,EMDT
formal_experiment10_algorithm_comparison,clustered,10,1497064732,EMDT,72001422,10000,96,ok,,scenario_label=clustered,EMDT
formal_experiment10_algorithm_comparison,random,11,304725238,EMDT,2065565213,10000,96,ok,,scenario_label=random,EMDT
formal_experiment10_algorithm_comparison,prefixed,11,1701264339,EMDT,2682380835,10000,96,ok,,scenario_label=prefixed,EMDT
formal_experiment10_algorithm_comparison,prefix64,11,2849293153,EMDT,2068608172,10000,96,ok,,scenario_label=prefix64,EMDT
formal_experiment10_algorithm_comparison,prefix72,11,1544784903,EMDT,388362810,10000,96,ok,,scenario_label=prefix72,EMDT
formal_experiment10_algorithm_comparison,prefix80,11,3015158801,EMDT,3030397868,10000,96,ok,,scenario_label=prefix80,EMDT
formal_experiment10_algorithm_comparison,dispersed,11,418844889,EMDT,1436027458,10000,96,ok,,scenario_label=dispersed,EMDT
formal_experiment10_algorithm_comparison,sequential,11,4252184221,EMDT,2354256835,10000,96,ok,,scenario_label=sequential,EMDT
formal_experiment10_algorithm_comparison,clustered,11,1654947796,EMDT,927362996,10000,96,ok,,scenario_label=clustered,EMDT
formal_experiment10_algorithm_comparison,random,12,2060045378,EMDT,3486997601,10000,96,ok,,scenario_label=random,EMDT
formal_experiment10_algorithm_comparison,prefixed,12,2090748561,EMDT,349696682,10000,96,ok,,scenario_label=prefixed,EMDT
formal_experiment10_algorithm_comparison,prefix64,12,3119637419,EMDT,1852739587,10000,96,ok,,scenario_label=prefix64,EMDT
formal_experiment10_algorithm_comparison,prefix72,12,4135667632,EMDT,1655425458,10000,96,ok,,scenario_label=prefix72,EMDT
formal_experiment10_algorithm_comparison,prefix80,12,235991746,EMDT,4156178396,10000,96,ok,,scenario_label=prefix80,EMDT
formal_experiment10_algorithm_comparison,dispersed,12,1779197397,EMDT,4168300130,10000,96,ok,,scenario_label=dispersed,EMDT
formal_experiment10_algorithm_comparison,sequential,12,598408119,EMDT,3260282192,10000,96,ok,,scenario_label=sequential,EMDT
formal_experiment10_algorithm_comparison,clustered,12,1632175688,EMDT,1276650679,10000,96,ok,,scenario_label=clustered,EMDT
formal_experiment10_algorithm_comparison,random,13,4060208555,EMDT,2316294861,10000,96,ok,,scenario_label=random,EMDT
formal_experiment10_algorithm_comparison,prefixed,13,1330638782,EMDT,1248241836,10000,96,ok,,scenario_label=prefixed,EMDT
formal_experiment10_algorithm_comparison,prefix64,13,3229840205,EMDT,208022425,10000,96,ok,,scenario_label=prefix64,EMDT
formal_experiment10_algorithm_comparison,prefix72,13,2885341494,EMDT,2039682574,10000,96,ok,,scenario_label=prefix72,EMDT
formal_experiment10_algorithm_comparison,prefix80,13,2359772976,EMDT,1929324994,10000,96,ok,,scenario_label=prefix80,EMDT
formal_experiment10_algorithm_comparison,dispersed,13,3815732145,EMDT,47068183,10000,96,ok,,scenario_label=dispersed,EMDT
formal_experiment10_algorithm_comparison,sequential,13,3109578896,EMDT,2891874235,10000,96,ok,,scenario_label=sequential,EMDT
formal_experiment10_algorithm_comparison,clustered,13,286329085,EMDT,85051417,10000,96,ok,,scenario_label=clustered,EMDT
formal_experiment10_algorithm_comparison,random,14,338370732,EMDT,3137024668,10000,96,ok,,scenario_label=random,EMDT
formal_experiment10_algorithm_comparison,prefixed,14,1383110064,EMDT,672328120,10000,96,ok,,scenario_label=prefixed,EMDT
formal_experiment10_algorithm_comparison,prefix64,14,2166853789,EMDT,3920591237,10000,96,ok,,scenario_label=prefix64,EMDT
formal_experiment10_algorithm_comparison,prefix72,14,314404237,EMDT,3998618779,10000,96,ok,,scenario_label=prefix72,EMDT
formal_experiment10_algorithm_comparison,prefix80,14,2419352845,EMDT,2269041210,10000,96,ok,,scenario_label=prefix80,EMDT
formal_experiment10_algorithm_comparison,dispersed,14,3005302956,EMDT,40694663,10000,96,ok,,scenario_label=dispersed,EMDT
formal_experiment10_algorithm_comparison,sequential,14,2012366791,EMDT,1540288715,10000,96,ok,,scenario_label=sequential,EMDT
formal_experiment10_algorithm_comparison,clustered,14,844575883,EMDT,1081764139,10000,96,ok,,scenario_label=clustered,EMDT
formal_experiment10_algorithm_comparison,random,15,3150236223,EMDT,3630733673,10000,96,ok,,scenario_label=random,EMDT
formal_experiment10_algorithm_comparison,prefixed,15,3900451069,EMDT,3008046315,10000,96,ok,,scenario_label=prefixed,EMDT
formal_experiment10_algorithm_comparison,prefix64,15,1087024520,EMDT,3457521609,10000,96,ok,,scenario_label=prefix64,EMDT
formal_experiment10_algorithm_comparison,prefix72,15,3683200937,EMDT,2317620110,10000,96,ok,,scenario_label=prefix72,EMDT
formal_experiment10_algorithm_comparison,prefix80,15,3661251964,EMDT,1957704335,10000,96,ok,,scenario_label=prefix80,EMDT
formal_experiment10_algorithm_comparison,dispersed,15,721136372,EMDT,4140090606,10000,96,ok,,scenario_label=dispersed,EMDT
formal_experiment10_algorithm_comparison,sequential,15,2481232546,EMDT,599015518,10000,96,ok,,scenario_label=sequential,EMDT
formal_experiment10_algorithm_comparison,clustered,15,4075594883,EMDT,1371426139,10000,96,ok,,scenario_label=clustered,EMDT
formal_experiment10_algorithm_comparison,random,16,988902021,EMDT,2863043642,10000,96,ok,,scenario_label=random,EMDT
formal_experiment10_algorithm_comparison,prefixed,16,1825783292,EMDT,2997873465,10000,96,ok,,scenario_label=prefixed,EMDT
formal_experiment10_algorithm_comparison,prefix64,16,1331422560,EMDT,3884291812,10000,96,ok,,scenario_label=prefix64,EMDT
formal_experiment10_algorithm_comparison,prefix72,16,2842376837,EMDT,26504787,10000,96,ok,,scenario_label=prefix72,EMDT
formal_experiment10_algorithm_comparison,prefix80,16,119107535,EMDT,337632190,10000,96,ok,,scenario_label=prefix80,EMDT
formal_experiment10_algorithm_comparison,dispersed,16,2327042042,EMDT,3727480797,10000,96,ok,,scenario_label=dispersed,EMDT
formal_experiment10_algorithm_comparison,sequential,16,1105529789,EMDT,2110327918,10000,96,ok,,scenario_label=sequential,EMDT
formal_experiment10_algorithm_comparison,clustered,16,496171624,EMDT,3546393497,10000,96,ok,,scenario_label=clustered,EMDT
formal_experiment10_algorithm_comparison,random,17,2224189429,EMDT,3491519399,10000,96,ok,,scenario_label=random,EMDT
formal_experiment10_algorithm_comparison,prefixed,17,288395540,EMDT,520862705,10000,96,ok,,scenario_label=prefixed,EMDT
formal_experiment10_algorithm_comparison,prefix64,17,2651751378,EMDT,1820700239,10000,96,ok,,scenario_label=prefix64,EMDT
formal_experiment10_algorithm_comparison,prefix72,17,2996846514,EMDT,3321461543,10000,96,ok,,scenario_label=prefix72,EMDT
formal_experiment10_algorithm_comparison,prefix80,17,1676046437,EMDT,1829239554,10000,96,ok,,scenario_label=prefix80,EMDT
formal_experiment10_algorithm_comparison,dispersed,17,235530803,EMDT,2398248263,10000,96,ok,,scenario_label=dispersed,EMDT
formal_experiment10_algorithm_comparison,sequential,17,576396880,EMDT,1611042131,10000,96,ok,,scenario_label=sequential,EMDT
formal_experiment10_algorithm_comparison,clustered,17,1717550807,EMDT,1856715638,10000,96,ok,,scenario_label=clustered,EMDT
formal_experiment10_algorithm_comparison,random,18,3998393979,EMDT,1424896690,10000,96,ok,,scenario_label=random,EMDT
formal_experiment10_algorithm_comparison,prefixed,18,2356458670,EMDT,3699964405,10000,96,ok,,scenario_label=prefixed,EMDT
formal_experiment10_algorithm_comparison,prefix64,18,1114579400,EMDT,2375469815,10000,96,ok,,scenario_label=prefix64,EMDT
formal_experiment10_algorithm_comparison,prefix72,18,2056936186,EMDT,2448875488,10000,96,ok,,scenario_label=prefix72,EMDT
formal_experiment10_algorithm_comparison,prefix80,18,3572978440,EMDT,4140969889,10000,96,ok,,scenario_label=prefix80,EMDT
formal_experiment10_algorithm_comparison,dispersed,18,3630574312,EMDT,3915340978,10000,96,ok,,scenario_label=dispersed,EMDT
formal_experiment10_algorithm_comparison,sequential,18,555601650,EMDT,3996905521,10000,96,ok,,scenario_label=sequential,EMDT
formal_experiment10_algorithm_comparison,clustered,18,3697359989,EMDT,1419421549,10000,96,ok,,scenario_label=clustered,EMDT
formal_experiment10_algorithm_comparison,random,19,2094226776,EMDT,2354650144,10000,96,ok,,scenario_label=random,EMDT
formal_experiment10_algorithm_comparison,prefixed,19,2801155553,EMDT,3236090347,10000,96,ok,,scenario_label=prefixed,EMDT
formal_experiment10_algorithm_comparison,prefix64,19,1462923349,EMDT,1920085542,10000,96,ok,,scenario_label=prefix64,EMDT
formal_experiment10_algorithm_comparison,prefix72,19,864380945,EMDT,959446053,10000,96,ok,,scenario_label=prefix72,EMDT
formal_experiment10_algorithm_comparison,prefix80,19,3959937795,EMDT,2962518093,10000,96,ok,,scenario_label=prefix80,EMDT
formal_experiment10_algorithm_comparison,dispersed,19,1188669765,EMDT,1504930823,10000,96,ok,,scenario_label=dispersed,EMDT
formal_experiment10_algorithm_comparison,sequential,19,4068575958,EMDT,1065900763,10000,96,ok,,scenario_label=sequential,EMDT
formal_experiment10_algorithm_comparison,clustered,19,122151701,EMDT,3411489335,10000,96,ok,,scenario_label=clustered,EMDT
formal_experiment10_algorithm_comparison,random,20,3422504533,EMDT,317449886,10000,96,ok,,scenario_label=random,EMDT
formal_experiment10_algorithm_comparison,prefixed,20,4232883932,EMDT,1199338752,10000,96,ok,,scenario_label=prefixed,EMDT
formal_experiment10_algorithm_comparison,prefix64,20,3678638554,EMDT,220445972,10000,96,ok,,scenario_label=prefix64,EMDT
formal_experiment10_algorithm_comparison,prefix72,20,1435960876,EMDT,1483854157,10000,96,ok,,scenario_label=prefix72,EMDT
formal_experiment10_algorithm_comparison,prefix80,20,1447386439,EMDT,906441497,10000,96,ok,,scenario_label=prefix80,EMDT
formal_experiment10_algorithm_comparison,dispersed,20,1490620412,EMDT,1154491686,10000,96,ok,,scenario_label=dispersed,EMDT
formal_experiment10_algorithm_comparison,sequential,20,36137704,EMDT,846917993,10000,96,ok,,scenario_label=sequential,EMDT
formal_experiment10_algorithm_comparison,clustered,20,3072805405,EMDT,1073957242,10000,96,ok,,scenario_label=clustered,EMDT
formal_experiment10_algorithm_comparison,random,21,2767190040,EMDT,2821322115,10000,96,ok,,scenario_label=random,EMDT
formal_experiment10_algorithm_comparison,prefixed,21,687968857,EMDT,1224976586,10000,96,ok,,scenario_label=prefixed,EMDT
formal_experiment10_algorithm_comparison,prefix64,21,138882790,EMDT,2942960467,10000,96,ok,,scenario_label=prefix64,EMDT
formal_experiment10_algorithm_comparison,prefix72,21,2856226622,EMDT,2599140712,10000,96,ok,,scenario_label=prefix72,EMDT
formal_experiment10_algorithm_comparison,prefix80,21,773447700,EMDT,3480072387,10000,96,ok,,scenario_label=prefix80,EMDT
formal_experiment10_algorithm_comparison,dispersed,21,3190063457,EMDT,3883698413,10000,96,ok,,scenario_label=dispersed,EMDT
formal_experiment10_algorithm_comparison,sequential,21,3175350032,EMDT,91170171,10000,96,ok,,scenario_label=sequential,EMDT
formal_experiment10_algorithm_comparison,clustered,21,3147787421,EMDT,1804208210,10000,96,ok,,scenario_label=clustered,EMDT
formal_experiment10_algorithm_comparison,random,22,1236592999,EMDT,1824302278,10000,96,ok,,scenario_label=random,EMDT
formal_experiment10_algorithm_comparison,prefixed,22,2490750245,EMDT,751223583,10000,96,ok,,scenario_label=prefixed,EMDT
formal_experiment10_algorithm_comparison,prefix64,22,2799955695,EMDT,3213516424,10000,96,ok,,scenario_label=prefix64,EMDT
formal_experiment10_algorithm_comparison,prefix72,22,1176494308,EMDT,3733216882,10000,96,ok,,scenario_label=prefix72,EMDT
formal_experiment10_algorithm_comparison,prefix80,22,1933229166,EMDT,2335036400,10000,96,ok,,scenario_label=prefix80,EMDT
formal_experiment10_algorithm_comparison,dispersed,22,2884021080,EMDT,2203516845,10000,96,ok,,scenario_label=dispersed,EMDT
formal_experiment10_algorithm_comparison,sequential,22,718727290,EMDT,2517430773,10000,96,ok,,scenario_label=sequential,EMDT
formal_experiment10_algorithm_comparison,clustered,22,2093052601,EMDT,1679953326,10000,96,ok,,scenario_label=clustered,EMDT
formal_experiment10_algorithm_comparison,random,23,1587936834,EMDT,1964138568,10000,96,ok,,scenario_label=random,EMDT
formal_experiment10_algorithm_comparison,prefixed,23,1648471287,EMDT,3872072243,10000,96,ok,,scenario_label=prefixed,EMDT
formal_experiment10_algorithm_comparison,prefix64,23,364435406,EMDT,2672604198,10000,96,ok,,scenario_label=prefix64,EMDT
formal_experiment10_algorithm_comparison,prefix72,23,3017230718,EMDT,4206150861,10000,96,ok,,scenario_label=prefix72,EMDT
formal_experiment10_algorithm_comparison,prefix80,23,3937857360,EMDT,2252112056,10000,96,ok,,scenario_label=prefix80,EMDT
formal_experiment10_algorithm_comparison,dispersed,23,1487873236,EMDT,3282552321,10000,96,ok,,scenario_label=dispersed,EMDT
formal_experiment10_algorithm_comparison,sequential,23,1258431547,EMDT,1806803231,10000,96,ok,,scenario_label=sequential,EMDT
formal_experiment10_algorithm_comparison,clustered,23,1999349207,EMDT,2512876670,10000,96,ok,,scenario_label=clustered,EMDT
formal_experiment10_algorithm_comparison,random,24,4015954273,EMDT,3693486569,10000,96,ok,,scenario_label=random,EMDT
formal_experiment10_algorithm_comparison,prefixed,24,1786454360,EMDT,3553547084,10000,96,ok,,scenario_label=prefixed,EMDT
formal_experiment10_algorithm_comparison,prefix64,24,1605905099,EMDT,154806702,10000,96,ok,,scenario_label=prefix64,EMDT
formal_experiment10_algorithm_comparison,prefix72,24,1141157572,EMDT,894127626,10000,96,ok,,scenario_label=prefix72,EMDT
formal_experiment10_algorithm_comparison,prefix80,24,3693791333,EMDT,3626395708,10000,96,ok,,scenario_label=prefix80,EMDT
formal_experiment10_algorithm_comparison,dispersed,24,3327095736,EMDT,2340438468,10000,96,ok,,scenario_label=dispersed,EMDT
formal_experiment10_algorithm_comparison,sequential,24,3365623594,EMDT,116645971,10000,96,ok,,scenario_label=sequential,EMDT
formal_experiment10_algorithm_comparison,clustered,24,2076634887,EMDT,3989779858,10000,96,ok,,scenario_label=clustered,EMDT
formal_experiment10_algorithm_comparison,random,25,798146029,EMDT,1420437164,10000,96,ok,,scenario_label=random,EMDT
formal_experiment10_algorithm_comparison,prefixed,25,924758938,EMDT,4246003371,10000,96,ok,,scenario_label=prefixed,EMDT
formal_experiment10_algorithm_comparison,prefix64,25,276170494,EMDT,2794900222,10000,96,ok,,scenario_label=prefix64,EMDT
formal_experiment10_algorithm_comparison,prefix72,25,3354368970,EMDT,3981039162,10000,96,ok,,scenario_label=prefix72,EMDT
formal_experiment10_algorithm_comparison,prefix80,25,2005908186,EMDT,2457233459,10000,96,ok,,scenario_label=prefix80,EMDT
formal_experiment10_algorithm_comparison,dispersed,25,252742347,EMDT,984163833,10000,96,ok,,scenario_label=dispersed,EMDT
formal_experiment10_algorithm_comparison,sequential,25,2509309594,EMDT,46390123,10000,96,ok,,scenario_label=sequential,EMDT
formal_experiment10_algorithm_comparison,clustered,25,166869229,EMDT,815025186,10000,96,ok,,scenario_label=clustered,EMDT
formal_experiment10_algorithm_comparison,random,26,3286019119,EMDT,961043292,10000,96,ok,,scenario_label=random,EMDT
formal_experiment10_algorithm_comparison,prefixed,26,1795450453,EMDT,3180880994,10000,96,ok,,scenario_label=prefixed,EMDT
formal_experiment10_algorithm_comparison,prefix64,26,2925529590,EMDT,889720242,10000,96,ok,,scenario_label=prefix64,EMDT
formal_experiment10_algorithm_comparison,prefix72,26,596174526,EMDT,2050921402,10000,96,ok,,scenario_label=prefix72,EMDT
formal_experiment10_algorithm_comparison,prefix80,26,3276034574,EMDT,3023614488,10000,96,ok,,scenario_label=prefix80,EMDT
formal_experiment10_algorithm_comparison,dispersed,26,2536907153,EMDT,3989972947,10000,96,ok,,scenario_label=dispersed,EMDT
formal_experiment10_algorithm_comparison,sequential,26,3016514165,EMDT,673923672,10000,96,ok,,scenario_label=sequential,EMDT
formal_experiment10_algorithm_comparison,clustered,26,3738417298,EMDT,2683049264,10000,96,ok,,scenario_label=clustered,EMDT
formal_experiment10_algorithm_comparison,random,27,1371178209,EMDT,2280675766,10000,96,ok,,scenario_label=random,EMDT
formal_experiment10_algorithm_comparison,prefixed,27,2433723863,EMDT,3195945707,10000,96,ok,,scenario_label=prefixed,EMDT
formal_experiment10_algorithm_comparison,prefix64,27,2681084984,EMDT,2363182729,10000,96,ok,,scenario_label=prefix64,EMDT
formal_experiment10_algorithm_comparison,prefix72,27,2354148920,EMDT,2740565545,10000,96,ok,,scenario_label=prefix72,EMDT
formal_experiment10_algorithm_comparison,prefix80,27,2850241236,EMDT,4224525520,10000,96,ok,,scenario_label=prefix80,EMDT
formal_experiment10_algorithm_comparison,dispersed,27,353634476,EMDT,3003767105,10000,96,ok,,scenario_label=dispersed,EMDT
formal_experiment10_algorithm_comparison,sequential,27,3444853128,EMDT,573106334,10000,96,ok,,scenario_label=sequential,EMDT
formal_experiment10_algorithm_comparison,clustered,27,1841632199,EMDT,2253013561,10000,96,ok,,scenario_label=clustered,EMDT
formal_experiment10_algorithm_comparison,random,28,2229965917,EMDT,3990962952,10000,96,ok,,scenario_label=random,EMDT
formal_experiment10_algorithm_comparison,prefixed,28,2839760260,EMDT,916335690,10000,96,ok,,scenario_label=prefixed,EMDT
formal_experiment10_algorithm_comparison,prefix64,28,1447320722,EMDT,3030850238,10000,96,ok,,scenario_label=prefix64,EMDT
formal_experiment10_algorithm_comparison,prefix72,28,2480472296,EMDT,1499897567,10000,96,ok,,scenario_label=prefix72,EMDT
formal_experiment10_algorithm_comparison,prefix80,28,189231546,EMDT,3155050395,10000,96,ok,,scenario_label=prefix80,EMDT
formal_experiment10_algorithm_comparison,dispersed,28,486142359,EMDT,1099497972,10000,96,ok,,scenario_label=dispersed,EMDT
formal_experiment10_algorithm_comparison,sequential,28,3005013483,EMDT,325339895,10000,96,ok,,scenario_label=sequential,EMDT
formal_experiment10_algorithm_comparison,clustered,28,904872953,EMDT,936042134,10000,96,ok,,scenario_label=clustered,EMDT
formal_experiment10_algorithm_comparison,random,29,1577098209,EMDT,568830901,10000,96,ok,,scenario_label=random,EMDT
formal_experiment10_algorithm_comparison,prefixed,29,1296804900,EMDT,505253723,10000,96,ok,,scenario_label=prefixed,EMDT
formal_experiment10_algorithm_comparison,prefix64,29,505043851,EMDT,3787353756,10000,96,ok,,scenario_label=prefix64,EMDT
formal_experiment10_algorithm_comparison,prefix72,29,2658790611,EMDT,2488042126,10000,96,ok,,scenario_label=prefix72,EMDT
formal_experiment10_algorithm_comparison,prefix80,29,1429797341,EMDT,4001635588,10000,96,ok,,scenario_label=prefix80,EMDT
formal_experiment10_algorithm_comparison,dispersed,29,2273552703,EMDT,2746516333,10000,96,ok,,scenario_label=dispersed,EMDT
formal_experiment10_algorithm_comparison,sequential,29,3899432569,EMDT,2999146977,10000,96,ok,,scenario_label=sequential,EMDT
formal_experiment10_algorithm_comparison,clustered,29,916823294,EMDT,1658166375,10000,96,ok,,scenario_label=clustered,EMDT
formal_experiment10_algorithm_comparison,random,30,2757994122,EMDT,607508276,10000,96,ok,,scenario_label=random,EMDT
formal_experiment10_algorithm_comparison,prefixed,30,429058329,EMDT,754572237,10000,96,ok,,scenario_label=prefixed,EMDT
formal_experiment10_algorithm_comparison,prefix64,30,1168910017,EMDT,2900648057,10000,96,ok,,scenario_label=prefix64,EMDT
formal_experiment10_algorithm_comparison,prefix72,30,2954858719,EMDT,3762411345,10000,96,ok,,scenario_label=prefix72,EMDT
formal_experiment10_algorithm_comparison,prefix80,30,1066354187,EMDT,3283051179,10000,96,ok,,scenario_label=prefix80,EMDT
formal_experiment10_algorithm_comparison,dispersed,30,1918572727,EMDT,1436320453,10000,96,ok,,scenario_label=dispersed,EMDT
formal_experiment10_algorithm_comparison,sequential,30,4168150786,EMDT,2296040363,10000,96,ok,,scenario_label=sequential,EMDT
formal_experiment10_algorithm_comparison,clustered,30,3098412365,EMDT,3723155369,10000,96,ok,,scenario_label=clustered,EMDT
formal_experiment10_algorithm_comparison,random,31,3134118358,EMDT,2827680204,10000,96,ok,,scenario_label=random,EMDT
formal_experiment10_algorithm_comparison,prefixed,31,2310922343,EMDT,3207061150,10000,96,ok,,scenario_label=prefixed,EMDT
formal_experiment10_algorithm_comparison,prefix64,31,952998658,EMDT,337980900,10000,96,ok,,scenario_label=prefix64,EMDT
formal_experiment10_algorithm_comparison,prefix72,31,2497969375,EMDT,7863331,10000,96,ok,,scenario_label=prefix72,EMDT
formal_experiment10_algorithm_comparison,prefix80,31,1189282690,EMDT,2596217237,10000,96,ok,,scenario_label=prefix80,EMDT
formal_experiment10_algorithm_comparison,dispersed,31,746579052,EMDT,2045420117,10000,96,ok,,scenario_label=dispersed,EMDT
formal_experiment10_algorithm_comparison,sequential,31,1533274363,EMDT,833309180,10000,96,ok,,scenario_label=sequential,EMDT
formal_experiment10_algorithm_comparison,clustered,31,1250494512,EMDT,3556749534,10000,96,ok,,scenario_label=clustered,EMDT
formal_experiment10_algorithm_comparison,random,32,1187568275,EMDT,2493182099,10000,96,ok,,scenario_label=random,EMDT
formal_experiment10_algorithm_comparison,prefixed,32,1421696467,EMDT,3311728147,10000,96,ok,,scenario_label=prefixed,EMDT
formal_experiment10_algorithm_comparison,prefix64,32,758215180,EMDT,1017716707,10000,96,ok,,scenario_label=prefix64,EMDT
formal_experiment10_algorithm_comparison,prefix72,32,3309765357,EMDT,2579234019,10000,96,ok,,scenario_label=prefix72,EMDT
formal_experiment10_algorithm_comparison,prefix80,32,2468891489,EMDT,1573988649,10000,96,ok,,scenario_label=prefix80,EMDT
formal_experiment10_algorithm_comparison,dispersed,32,461533287,EMDT,2339377225,10000,96,ok,,scenario_label=dispersed,EMDT
formal_experiment10_algorithm_comparison,sequential,32,1885192675,EMDT,1636003442,10000,96,ok,,scenario_label=sequential,EMDT
formal_experiment10_algorithm_comparison,clustered,32,1700272012,EMDT,3325427729,10000,96,ok,,scenario_label=clustered,EMDT
formal_experiment10_algorithm_comparison,random,33,3220564758,EMDT,1243429466,10000,96,ok,,scenario_label=random,EMDT
formal_experiment10_algorithm_comparison,prefixed,33,884651060,EMDT,2322369136,10000,96,ok,,scenario_label=prefixed,EMDT
formal_experiment10_algorithm_comparison,prefix64,33,1343492222,EMDT,980758775,10000,96,ok,,scenario_label=prefix64,EMDT
formal_experiment10_algorithm_comparison,prefix72,33,2989583646,EMDT,3245837220,10000,96,ok,,scenario_label=prefix72,EMDT
formal_experiment10_algorithm_comparison,prefix80,33,2042364237,EMDT,1710001416,10000,96,ok,,scenario_label=prefix80,EMDT
formal_experiment10_algorithm_comparison,dispersed,33,4056207655,EMDT,3417281390,10000,96,ok,,scenario_label=dispersed,EMDT
formal_experiment10_algorithm_comparison,sequential,33,1379722936,EMDT,1716622319,10000,96,ok,,scenario_label=sequential,EMDT
formal_experiment10_algorithm_comparison,clustered,33,2404355022,EMDT,35972233,10000,96,ok,,scenario_label=clustered,EMDT
formal_experiment10_algorithm_comparison,random,34,3890833141,EMDT,2908286146,10000,96,ok,,scenario_label=random,EMDT
formal_experiment10_algorithm_comparison,prefixed,34,1570629048,EMDT,4189575661,10000,96,ok,,scenario_label=prefixed,EMDT
formal_experiment10_algorithm_comparison,prefix64,34,2138171961,EMDT,3665559690,10000,96,ok,,scenario_label=prefix64,EMDT
formal_experiment10_algorithm_comparison,prefix72,34,3174195124,EMDT,1477498309,10000,96,ok,,scenario_label=prefix72,EMDT
formal_experiment10_algorithm_comparison,prefix80,34,2930609793,EMDT,3647740507,10000,96,ok,,scenario_label=prefix80,EMDT
formal_experiment10_algorithm_comparison,dispersed,34,1598293287,EMDT,1824579757,10000,96,ok,,scenario_label=dispersed,EMDT
formal_experiment10_algorithm_comparison,sequential,34,827727748,EMDT,1506791117,10000,96,ok,,scenario_label=sequential,EMDT
formal_experiment10_algorithm_comparison,clustered,34,3877182081,EMDT,3043271089,10000,96,ok,,scenario_label=clustered,EMDT
formal_experiment10_algorithm_comparison,random,35,1035152157,EMDT,3949139377,10000,96,ok,,scenario_label=random,EMDT
formal_experiment10_algorithm_comparison,prefixed,35,1105641727,EMDT,2203720996,10000,96,ok,,scenario_label=prefixed,EMDT
formal_experiment10_algorithm_comparison,prefix64,35,2141900738,EMDT,2864726751,10000,96,ok,,scenario_label=prefix64,EMDT
formal_experiment10_algorithm_comparison,prefix72,35,3519922321,EMDT,284258205,10000,96,ok,,scenario_label=prefix72,EMDT
formal_experiment10_algorithm_comparison,prefix80,35,2068117885,EMDT,2570380968,10000,96,ok,,scenario_label=prefix80,EMDT
formal_experiment10_algorithm_comparison,dispersed,35,3459662668,EMDT,2258034870,10000,96,ok,,scenario_label=dispersed,EMDT
formal_experiment10_algorithm_comparison,sequential,35,3404251095,EMDT,1161294350,10000,96,ok,,scenario_label=sequential,EMDT
formal_experiment10_algorithm_comparison,clustered,35,2734262170,EMDT,1398041676,10000,96,ok,,scenario_label=clustered,EMDT
formal_experiment10_algorithm_comparison,random,36,2776766623,EMDT,2492865844,10000,96,ok,,scenario_label=random,EMDT
formal_experiment10_algorithm_comparison,prefixed,36,4190072160,EMDT,66681296,10000,96,ok,,scenario_label=prefixed,EMDT
formal_experiment10_algorithm_comparison,prefix64,36,561378811,EMDT,946807260,10000,96,ok,,scenario_label=prefix64,EMDT
formal_experiment10_algorithm_comparison,prefix72,36,2007475420,EMDT,2076049157,10000,96,ok,,scenario_label=prefix72,EMDT
formal_experiment10_algorithm_comparison,prefix80,36,4047784356,EMDT,2343858420,10000,96,ok,,scenario_label=prefix80,EMDT
formal_experiment10_algorithm_comparison,dispersed,36,1475087155,EMDT,215854143,10000,96,ok,,scenario_label=dispersed,EMDT
formal_experiment10_algorithm_comparison,sequential,36,3955139490,EMDT,60311975,10000,96,ok,,scenario_label=sequential,EMDT
formal_experiment10_algorithm_comparison,clustered,36,2167738248,EMDT,227527740,10000,96,ok,,scenario_label=clustered,EMDT
formal_experiment10_algorithm_comparison,random,37,3778314031,EMDT,3120075503,10000,96,ok,,scenario_label=random,EMDT
formal_experiment10_algorithm_comparison,prefixed,37,3981120096,EMDT,603529099,10000,96,ok,,scenario_label=prefixed,EMDT
formal_experiment10_algorithm_comparison,prefix64,37,2494735147,EMDT,1077396102,10000,96,ok,,scenario_label=prefix64,EMDT
formal_experiment10_algorithm_comparison,prefix72,37,2122645248,EMDT,1455569570,10000,96,ok,,scenario_label=prefix72,EMDT
formal_experiment10_algorithm_comparison,prefix80,37,4132614700,EMDT,2658649782,10000,96,ok,,scenario_label=prefix80,EMDT
formal_experiment10_algorithm_comparison,dispersed,37,1445120987,EMDT,1664172032,10000,96,ok,,scenario_label=dispersed,EMDT
formal_experiment10_algorithm_comparison,sequential,37,4059102190,EMDT,1588469217,10000,96,ok,,scenario_label=sequential,EMDT
formal_experiment10_algorithm_comparison,clustered,37,2101678517,EMDT,810692741,10000,96,ok,,scenario_label=clustered,EMDT
formal_experiment10_algorithm_comparison,random,38,2697138671,EMDT,3599335676,10000,96,ok,,scenario_label=random,EMDT
formal_experiment10_algorithm_comparison,prefixed,38,248821944,EMDT,531117803,10000,96,ok,,scenario_label=prefixed,EMDT
formal_experiment10_algorithm_comparison,prefix64,38,1648957073,EMDT,2312675828,10000,96,ok,,scenario_label=prefix64,EMDT
formal_experiment10_algorithm_comparison,prefix72,38,551118561,EMDT,1875317045,10000,96,ok,,scenario_label=prefix72,EMDT
formal_experiment10_algorithm_comparison,prefix80,38,2176443634,EMDT,1732890427,10000,96,ok,,scenario_label=prefix80,EMDT
formal_experiment10_algorithm_comparison,dispersed,38,1295320453,EMDT,1695670783,10000,96,ok,,scenario_label=dispersed,EMDT
formal_experiment10_algorithm_comparison,sequential,38,1532549816,EMDT,2098425937,10000,96,ok,,scenario_label=sequential,EMDT
formal_experiment10_algorithm_comparison,clustered,38,1315890655,EMDT,1038708269,10000,96,ok,,scenario_label=clustered,EMDT
formal_experiment10_algorithm_comparison,random,39,4170876505,EMDT,3501623607,10000,96,ok,,scenario_label=random,EMDT
formal_experiment10_algorithm_comparison,prefixed,39,117028918,EMDT,1781070610,10000,96,ok,,scenario_label=prefixed,EMDT
formal_experiment10_algorithm_comparison,prefix64,39,3382193401,EMDT,594943441,10000,96,ok,,scenario_label=prefix64,EMDT
formal_experiment10_algorithm_comparison,prefix72,39,3766206041,EMDT,2987910698,10000,96,ok,,scenario_label=prefix72,EMDT
formal_experiment10_algorithm_comparison,prefix80,39,1181769842,EMDT,2755579966,10000,96,ok,,scenario_label=prefix80,EMDT
formal_experiment10_algorithm_comparison,dispersed,39,689222263,EMDT,1803116830,10000,96,ok,,scenario_label=dispersed,EMDT
formal_experiment10_algorithm_comparison,sequential,39,492811461,EMDT,1401026177,10000,96,ok,,scenario_label=sequential,EMDT
formal_experiment10_algorithm_comparison,clustered,39,550238148,EMDT,3989016608,10000,96,ok,,scenario_label=clustered,EMDT
formal_experiment10_algorithm_comparison,random,40,3450625955,EMDT,463702618,10000,96,ok,,scenario_label=random,EMDT
formal_experiment10_algorithm_comparison,prefixed,40,738262747,EMDT,3291660599,10000,96,ok,,scenario_label=prefixed,EMDT
formal_experiment10_algorithm_comparison,prefix64,40,1985651988,EMDT,1059360073,10000,96,ok,,scenario_label=prefix64,EMDT
formal_experiment10_algorithm_comparison,prefix72,40,2395566563,EMDT,3830565435,10000,96,ok,,scenario_label=prefix72,EMDT
formal_experiment10_algorithm_comparison,prefix80,40,1541212281,EMDT,2100064482,10000,96,ok,,scenario_label=prefix80,EMDT
formal_experiment10_algorithm_comparison,dispersed,40,2764666677,EMDT,3213254368,10000,96,ok,,scenario_label=dispersed,EMDT
formal_experiment10_algorithm_comparison,sequential,40,1097759754,EMDT,1968238383,10000,96,ok,,scenario_label=sequential,EMDT
formal_experiment10_algorithm_comparison,clustered,40,2622337710,EMDT,2912542214,10000,96,ok,,scenario_label=clustered,EMDT
formal_experiment10_algorithm_comparison,random,41,810163340,EMDT,2576722530,10000,96,ok,,scenario_label=random,EMDT
formal_experiment10_algorithm_comparison,prefixed,41,2832028255,EMDT,1876171991,10000,96,ok,,scenario_label=prefixed,EMDT
formal_experiment10_algorithm_comparison,prefix64,41,249036306,EMDT,3500104672,10000,96,ok,,scenario_label=prefix64,EMDT
formal_experiment10_algorithm_comparison,prefix72,41,1115424615,EMDT,1696165868,10000,96,ok,,scenario_label=prefix72,EMDT
formal_experiment10_algorithm_comparison,prefix80,41,4200284946,EMDT,3286213675,10000,96,ok,,scenario_label=prefix80,EMDT
formal_experiment10_algorithm_comparison,dispersed,41,1243932841,EMDT,899501981,10000,96,ok,,scenario_label=dispersed,EMDT
formal_experiment10_algorithm_comparison,sequential,41,2930733260,EMDT,1054841915,10000,96,ok,,scenario_label=sequential,EMDT
formal_experiment10_algorithm_comparison,clustered,41,3458394344,EMDT,2259498594,10000,96,ok,,scenario_label=clustered,EMDT
formal_experiment10_algorithm_comparison,random,42,1704362005,EMDT,1088267049,10000,96,ok,,scenario_label=random,EMDT
formal_experiment10_algorithm_comparison,prefixed,42,3144017342,EMDT,4239185004,10000,96,ok,,scenario_label=prefixed,EMDT
formal_experiment10_algorithm_comparison,prefix64,42,1042034839,EMDT,2173958662,10000,96,ok,,scenario_label=prefix64,EMDT
formal_experiment10_algorithm_comparison,prefix72,42,2531603473,EMDT,2463649629,10000,96,ok,,scenario_label=prefix72,EMDT
formal_experiment10_algorithm_comparison,prefix80,42,4248245683,EMDT,1603869922,10000,96,ok,,scenario_label=prefix80,EMDT
formal_experiment10_algorithm_comparison,dispersed,42,971401964,EMDT,2812933192,10000,96,ok,,scenario_label=dispersed,EMDT
formal_experiment10_algorithm_comparison,sequential,42,1252099663,EMDT,2889893065,10000,96,ok,,scenario_label=sequential,EMDT
formal_experiment10_algorithm_comparison,clustered,42,3084834098,EMDT,2708412729,10000,96,ok,,scenario_label=clustered,EMDT
formal_experiment10_algorithm_comparison,random,43,917040789,EMDT,2273893497,10000,96,ok,,scenario_label=random,EMDT
formal_experiment10_algorithm_comparison,prefixed,43,601521315,EMDT,2177458197,10000,96,ok,,scenario_label=prefixed,EMDT
formal_experiment10_algorithm_comparison,prefix64,43,247146984,EMDT,3171754875,10000,96,ok,,scenario_label=prefix64,EMDT
formal_experiment10_algorithm_comparison,prefix72,43,3723101655,EMDT,1747833005,10000,96,ok,,scenario_label=prefix72,EMDT
formal_experiment10_algorithm_comparison,prefix80,43,1184894979,EMDT,2625640125,10000,96,ok,,scenario_label=prefix80,EMDT
formal_experiment10_algorithm_comparison,dispersed,43,543731670,EMDT,4189638587,10000,96,ok,,scenario_label=dispersed,EMDT
formal_experiment10_algorithm_comparison,sequential,43,2581054308,EMDT,4200997478,10000,96,ok,,scenario_label=sequential,EMDT
formal_experiment10_algorithm_comparison,clustered,43,305485960,EMDT,2790735817,10000,96,ok,,scenario_label=clustered,EMDT
formal_experiment10_algorithm_comparison,random,44,2757181503,EMDT,4186591606,10000,96,ok,,scenario_label=random,EMDT
formal_experiment10_algorithm_comparison,prefixed,44,3667808483,EMDT,3916624559,10000,96,ok,,scenario_label=prefixed,EMDT
formal_experiment10_algorithm_comparison,prefix64,44,3627632042,EMDT,2314749503,10000,96,ok,,scenario_label=prefix64,EMDT
formal_experiment10_algorithm_comparison,prefix72,44,112554203,EMDT,1278452965,10000,96,ok,,scenario_label=prefix72,EMDT
formal_experiment10_algorithm_comparison,prefix80,44,1838899425,EMDT,3181247153,10000,96,ok,,scenario_label=prefix80,EMDT
formal_experiment10_algorithm_comparison,dispersed,44,1675694341,EMDT,2379540375,10000,96,ok,,scenario_label=dispersed,EMDT
formal_experiment10_algorithm_comparison,sequential,44,2581828915,EMDT,3596588472,10000,96,ok,,scenario_label=sequential,EMDT
formal_experiment10_algorithm_comparison,clustered,44,3777667509,EMDT,71114576,10000,96,ok,,scenario_label=clustered,EMDT
formal_experiment10_algorithm_comparison,random,45,3439054340,EMDT,197936343,10000,96,ok,,scenario_label=random,EMDT
formal_experiment10_algorithm_comparison,prefixed,45,827713014,EMDT,1086027936,10000,96,ok,,scenario_label=prefixed,EMDT
formal_experiment10_algorithm_comparison,prefix64,45,3773143706,EMDT,51621211,10000,96,ok,,scenario_label=prefix64,EMDT
formal_experiment10_algorithm_comparison,prefix72,45,2352996596,EMDT,1093681395,10000,96,ok,,scenario_label=prefix72,EMDT
formal_experiment10_algorithm_comparison,prefix80,45,1515211290,EMDT,3513920295,10000,96,ok,,scenario_label=prefix80,EMDT
formal_experiment10_algorithm_comparison,dispersed,45,3455145310,EMDT,798634025,10000,96,ok,,scenario_label=dispersed,EMDT
formal_experiment10_algorithm_comparison,sequential,45,3536744853,EMDT,1309120751,10000,96,ok,,scenario_label=sequential,EMDT
formal_experiment10_algorithm_comparison,clustered,45,3714169138,EMDT,603426569,10000,96,ok,,scenario_label=clustered,EMDT
formal_experiment10_algorithm_comparison,random,46,3762581748,EMDT,2240619113,10000,96,ok,,scenario_label=random,EMDT
formal_experiment10_algorithm_comparison,prefixed,46,1041196411,EMDT,3512895656,10000,96,ok,,scenario_label=prefixed,EMDT
formal_experiment10_algorithm_comparison,prefix64,46,737039505,EMDT,828587708,10000,96,ok,,scenario_label=prefix64,EMDT
formal_experiment10_algorithm_comparison,prefix72,46,1433412071,EMDT,701345915,10000,96,ok,,scenario_label=prefix72,EMDT
formal_experiment10_algorithm_comparison,prefix80,46,2094016510,EMDT,507304180,10000,96,ok,,scenario_label=prefix80,EMDT
formal_experiment10_algorithm_comparison,dispersed,46,3724898785,EMDT,2926206173,10000,96,ok,,scenario_label=dispersed,EMDT
formal_experiment10_algorithm_comparison,sequential,46,3086579310,EMDT,3437582401,10000,96,ok,,scenario_label=sequential,EMDT
formal_experiment10_algorithm_comparison,clustered,46,3569510457,EMDT,4002390396,10000,96,ok,,scenario_label=clustered,EMDT
formal_experiment10_algorithm_comparison,random,47,2402732470,EMDT,2025282398,10000,96,ok,,scenario_label=random,EMDT
formal_experiment10_algorithm_comparison,prefixed,47,3749692816,EMDT,3369471824,10000,96,ok,,scenario_label=prefixed,EMDT
formal_experiment10_algorithm_comparison,prefix64,47,2448397771,EMDT,2457898168,10000,96,ok,,scenario_label=prefix64,EMDT
formal_experiment10_algorithm_comparison,prefix72,47,2515845558,EMDT,66863017,10000,96,ok,,scenario_label=prefix72,EMDT
formal_experiment10_algorithm_comparison,prefix80,47,2907340057,EMDT,427404435,10000,96,ok,,scenario_label=prefix80,EMDT
formal_experiment10_algorithm_comparison,dispersed,47,450818034,EMDT,2617303113,10000,96,ok,,scenario_label=dispersed,EMDT
formal_experiment10_algorithm_comparison,sequential,47,23415326,EMDT,4131176809,10000,96,ok,,scenario_label=sequential,EMDT
formal_experiment10_algorithm_comparison,clustered,47,2859928063,EMDT,3676081066,10000,96,ok,,scenario_label=clustered,EMDT
formal_experiment10_algorithm_comparison,random,48,4281357755,EMDT,1933793464,10000,96,ok,,scenario_label=random,EMDT
formal_experiment10_algorithm_comparison,prefixed,48,3873723810,EMDT,3214969759,10000,96,ok,,scenario_label=prefixed,EMDT
formal_experiment10_algorithm_comparison,prefix64,48,339462132,EMDT,429211716,10000,96,ok,,scenario_label=prefix64,EMDT
formal_experiment10_algorithm_comparison,prefix72,48,270703941,EMDT,1484525781,10000,96,ok,,scenario_label=prefix72,EMDT
formal_experiment10_algorithm_comparison,prefix80,48,376489424,EMDT,1366789480,10000,96,ok,,scenario_label=prefix80,EMDT
formal_experiment10_algorithm_comparison,dispersed,48,2122119051,EMDT,468535354,10000,96,ok,,scenario_label=dispersed,EMDT
formal_experiment10_algorithm_comparison,sequential,48,3552242948,EMDT,2863995423,10000,96,ok,,scenario_label=sequential,EMDT
formal_experiment10_algorithm_comparison,clustered,48,1330979572,EMDT,1725557588,10000,96,ok,,scenario_label=clustered,EMDT
formal_experiment10_algorithm_comparison,random,49,1789994563,EMDT,2506583611,10000,96,ok,,scenario_label=random,EMDT
formal_experiment10_algorithm_comparison,prefixed,49,2849056856,EMDT,1000642741,10000,96,ok,,scenario_label=prefixed,EMDT
formal_experiment10_algorithm_comparison,prefix64,49,3532656362,EMDT,483787743,10000,96,ok,,scenario_label=prefix64,EMDT
formal_experiment10_algorithm_comparison,prefix72,49,3560536888,EMDT,2862110859,10000,96,ok,,scenario_label=prefix72,EMDT
formal_experiment10_algorithm_comparison,prefix80,49,3497608031,EMDT,946868955,10000,96,ok,,scenario_label=prefix80,EMDT
formal_experiment10_algorithm_comparison,dispersed,49,1244494452,EMDT,3630550076,10000,96,ok,,scenario_label=dispersed,EMDT
formal_experiment10_algorithm_comparison,sequential,49,1309897987,EMDT,2785164482,10000,96,ok,,scenario_label=sequential,EMDT
formal_experiment10_algorithm_comparison,clustered,49,1756787569,EMDT,3690981140,10000,96,ok,,scenario_label=clustered,EMDT
formal_experiment10_algorithm_comparison,random,0,1486858820,HT_EEAC,1549143255,10000,96,ok,,scenario_label=random,HT_EEAC
formal_experiment10_algorithm_comparison,prefixed,0,4075987068,HT_EEAC,2857507592,10000,96,ok,,scenario_label=prefixed,HT_EEAC
formal_experiment10_algorithm_comparison,prefix64,0,4125689627,HT_EEAC,3455142787,10000,96,ok,,scenario_label=prefix64,HT_EEAC
formal_experiment10_algorithm_comparison,prefix72,0,1500471121,HT_EEAC,4256469169,10000,96,ok,,scenario_label=prefix72,HT_EEAC
formal_experiment10_algorithm_comparison,prefix80,0,3599789785,HT_EEAC,1446619099,10000,96,ok,,scenario_label=prefix80,HT_EEAC
formal_experiment10_algorithm_comparison,dispersed,0,718391674,HT_EEAC,2744528564,10000,96,ok,,scenario_label=dispersed,HT_EEAC
formal_experiment10_algorithm_comparison,sequential,0,3832442603,HT_EEAC,7930234,10000,96,ok,,scenario_label=sequential,HT_EEAC
formal_experiment10_algorithm_comparison,clustered,0,2671803409,HT_EEAC,739818991,10000,96,ok,,scenario_label=clustered,HT_EEAC
formal_experiment10_algorithm_comparison,random,1,2763007857,HT_EEAC,770875469,10000,96,ok,,scenario_label=random,HT_EEAC
formal_experiment10_algorithm_comparison,prefixed,1,2065428963,HT_EEAC,808747801,10000,96,ok,,scenario_label=prefixed,HT_EEAC
formal_experiment10_algorithm_comparison,prefix64,1,1416633314,HT_EEAC,2737064730,10000,96,ok,,scenario_label=prefix64,HT_EEAC
formal_experiment10_algorithm_comparison,prefix72,1,4054706784,HT_EEAC,3322400364,10000,96,ok,,scenario_label=prefix72,HT_EEAC
formal_experiment10_algorithm_comparison,prefix80,1,4026730667,HT_EEAC,2085386380,10000,96,ok,,scenario_label=prefix80,HT_EEAC
formal_experiment10_algorithm_comparison,dispersed,1,512815062,HT_EEAC,3928477227,10000,96,ok,,scenario_label=dispersed,HT_EEAC
formal_experiment10_algorithm_comparison,sequential,1,307044453,HT_EEAC,856413731,10000,96,ok,,scenario_label=sequential,HT_EEAC
formal_experiment10_algorithm_comparison,clustered,1,1347204990,HT_EEAC,1501597255,10000,96,ok,,scenario_label=clustered,HT_EEAC
formal_experiment10_algorithm_comparison,random,2,2952453941,HT_EEAC,1687226200,10000,96,ok,,scenario_label=random,HT_EEAC
formal_experiment10_algorithm_comparison,prefixed,2,2156894236,HT_EEAC,1795973529,10000,96,ok,,scenario_label=prefixed,HT_EEAC
formal_experiment10_algorithm_comparison,prefix64,2,1579062743,HT_EEAC,2467886650,10000,96,ok,,scenario_label=prefix64,HT_EEAC
formal_experiment10_algorithm_comparison,prefix72,2,3098683715,HT_EEAC,4165060895,10000,96,ok,,scenario_label=prefix72,HT_EEAC
formal_experiment10_algorithm_comparison,prefix80,2,3666635172,HT_EEAC,3036180657,10000,96,ok,,scenario_label=prefix80,HT_EEAC
formal_experiment10_algorithm_comparison,dispersed,2,1938306392,HT_EEAC,2851929887,10000,96,ok,,scenario_label=dispersed,HT_EEAC
formal_experiment10_algorithm_comparison,sequential,2,2669753757,HT_EEAC,2670306381,10000,96,ok,,scenario_label=sequential,HT_EEAC
formal_experiment10_algorithm_comparison,clustered,2,4214585690,HT_EEAC,1317814156,10000,96,ok,,scenario_label=clustered,HT_EEAC
formal_experiment10_algorithm_comparison,random,3,305508543,HT_EEAC,3203003819,10000,96,ok,,scenario_label=random,HT_EEAC
formal_experiment10_algorithm_comparison,prefixed,3,601308687,HT_EEAC,1977484214,10000,96,ok,,scenario_label=prefixed,HT_EEAC
formal_experiment10_algorithm_comparison,prefix64,3,609090443,HT_EEAC,2568608077,10000,96,ok,,scenario_label=prefix64,HT_EEAC
formal_experiment10_algorithm_comparison,prefix72,3,300944148,HT_EEAC,2101892158,10000,96,ok,,scenario_label=prefix72,HT_EEAC
formal_experiment10_algorithm_comparison,prefix80,3,968741272,HT_EEAC,3887858676,10000,96,ok,,scenario_label=prefix80,HT_EEAC
formal_experiment10_algorithm_comparison,dispersed,3,101697167,HT_EEAC,3683083946,10000,96,ok,,scenario_label=dispersed,HT_EEAC
formal_experiment10_algorithm_comparison,sequential,3,4014819932,HT_EEAC,3123798843,10000,96,ok,,scenario_label=sequential,HT_EEAC
formal_experiment10_algorithm_comparison,clustered,3,3211323854,HT_EEAC,2938000364,10000,96,ok,,scenario_label=clustered,HT_EEAC
formal_experiment10_algorithm_comparison,random,4,647249588,HT_EEAC,2035726600,10000,96,ok,,scenario_label=random,HT_EEAC
formal_experiment10_algorithm_comparison,prefixed,4,1849982546,HT_EEAC,2295173547,10000,96,ok,,scenario_label=prefixed,HT_EEAC
formal_experiment10_algorithm_comparison,prefix64,4,4123678274,HT_EEAC,142910461,10000,96,ok,,scenario_label=prefix64,HT_EEAC
formal_experiment10_algorithm_comparison,prefix72,4,647941119,HT_EEAC,2754843772,10000,96,ok,,scenario_label=prefix72,HT_EEAC
formal_experiment10_algorithm_comparison,prefix80,4,2084925728,HT_EEAC,1356100110,10000,96,ok,,scenario_label=prefix80,HT_EEAC
formal_experiment10_algorithm_comparison,dispersed,4,4016991929,HT_EEAC,1520003090,10000,96,ok,,scenario_label=dispersed,HT_EEAC
formal_experiment10_algorithm_comparison,sequential,4,1147041799,HT_EEAC,2779128624,10000,96,ok,,scenario_label=sequential,HT_EEAC
formal_experiment10_algorithm_comparison,clustered,4,1157746636,HT_EEAC,1745786088,10000,96,ok,,scenario_label=clustered,HT_EEAC
formal_experiment10_algorithm_comparison,random,5,2154945588,HT_EEAC,1670031018,10000,96,ok,,scenario_label=random,HT_EEAC
formal_experiment10_algorithm_comparison,prefixed,5,2243686180,HT_EEAC,1067752695,10000,96,ok,,scenario_label=prefixed,HT_EEAC
formal_experiment10_algorithm_comparison,prefix64,5,295811869,HT_EEAC,1409438539,10000,96,ok,,scenario_label=prefix64,HT_EEAC
formal_experiment10_algorithm_comparison,prefix72,5,617202740,HT_EEAC,3864335132,10000,96,ok,,scenario_label=prefix72,HT_EEAC
formal_experiment10_algorithm_comparison,prefix80,5,815586784,HT_EEAC,909520737,10000,96,ok,,scenario_label=prefix80,HT_EEAC
formal_experiment10_algorithm_comparison,dispersed,5,1659534425,HT_EEAC,2587194590,10000,96,ok,,scenario_label=dispersed,HT_EEAC
formal_experiment10_algorithm_comparison,sequential,5,1736493233,HT_EEAC,3542978065,10000,96,ok,,scenario_label=sequential,HT_EEAC
formal_experiment10_algorithm_comparison,clustered,5,2592520367,HT_EEAC,1205181977,10000,96,ok,,scenario_label=clustered,HT_EEAC
formal_experiment10_algorithm_comparison,random,6,888616007,HT_EEAC,2238570901,10000,96,ok,,scenario_label=random,HT_EEAC
formal_experiment10_algorithm_comparison,prefixed,6,2156671656,HT_EEAC,1756258611,10000,96,ok,,scenario_label=prefixed,HT_EEAC
formal_experiment10_algorithm_comparison,prefix64,6,2560305621,HT_EEAC,1321174023,10000,96,ok,,scenario_label=prefix64,HT_EEAC
formal_experiment10_algorithm_comparison,prefix72,6,3673910054,HT_EEAC,128099646,10000,96,ok,,scenario_label=prefix72,HT_EEAC
formal_experiment10_algorithm_comparison,prefix80,6,2524613736,HT_EEAC,1885265737,10000,96,ok,,scenario_label=prefix80,HT_EEAC
formal_experiment10_algorithm_comparison,dispersed,6,4228533201,HT_EEAC,1607145308,10000,96,ok,,scenario_label=dispersed,HT_EEAC
formal_experiment10_algorithm_comparison,sequential,6,2814513920,HT_EEAC,312458974,10000,96,ok,,scenario_label=sequential,HT_EEAC
formal_experiment10_algorithm_comparison,clustered,6,4149466484,HT_EEAC,150905332,10000,96,ok,,scenario_label=clustered,HT_EEAC
formal_experiment10_algorithm_comparison,random,7,430504557,HT_EEAC,1146280831,10000,96,ok,,scenario_label=random,HT_EEAC
formal_experiment10_algorithm_comparison,prefixed,7,968297227,HT_EEAC,839461413,10000,96,ok,,scenario_label=prefixed,HT_EEAC
formal_experiment10_algorithm_comparison,prefix64,7,1285056138,HT_EEAC,3021317184,10000,96,ok,,scenario_label=prefix64,HT_EEAC
formal_experiment10_algorithm_comparison,prefix72,7,108678447,HT_EEAC,386656282,10000,96,ok,,scenario_label=prefix72,HT_EEAC
formal_experiment10_algorithm_comparison,prefix80,7,2075071502,HT_EEAC,1083277924,10000,96,ok,,scenario_label=prefix80,HT_EEAC
formal_experiment10_algorithm_comparison,dispersed,7,3483887618,HT_EEAC,1259825429,10000,96,ok,,scenario_label=dispersed,HT_EEAC
formal_experiment10_algorithm_comparison,sequential,7,1089799207,HT_EEAC,1465257255,10000,96,ok,,scenario_label=sequential,HT_EEAC
formal_experiment10_algorithm_comparison,clustered,7,1659200484,HT_EEAC,1107395612,10000,96,ok,,scenario_label=clustered,HT_EEAC
formal_experiment10_algorithm_comparison,random,8,2123175754,HT_EEAC,278503704,10000,96,ok,,scenario_label=random,HT_EEAC
formal_experiment10_algorithm_comparison,prefixed,8,3724191092,HT_EEAC,2106608163,10000,96,ok,,scenario_label=prefixed,HT_EEAC
formal_experiment10_algorithm_comparison,prefix64,8,3747759999,HT_EEAC,2699609378,10000,96,ok,,scenario_label=prefix64,HT_EEAC
formal_experiment10_algorithm_comparison,prefix72,8,3944130523,HT_EEAC,3968545722,10000,96,ok,,scenario_label=prefix72,HT_EEAC
formal_experiment10_algorithm_comparison,prefix80,8,2877063911,HT_EEAC,789196397,10000,96,ok,,scenario_label=prefix80,HT_EEAC
formal_experiment10_algorithm_comparison,dispersed,8,1326794289,HT_EEAC,442421527,10000,96,ok,,scenario_label=dispersed,HT_EEAC
formal_experiment10_algorithm_comparison,sequential,8,464962871,HT_EEAC,3578393134,10000,96,ok,,scenario_label=sequential,HT_EEAC
formal_experiment10_algorithm_comparison,clustered,8,4146325891,HT_EEAC,1987576056,10000,96,ok,,scenario_label=clustered,HT_EEAC
formal_experiment10_algorithm_comparison,random,9,1156999555,HT_EEAC,3936279719,10000,96,ok,,scenario_label=random,HT_EEAC
formal_experiment10_algorithm_comparison,prefixed,9,138744347,HT_EEAC,2149078915,10000,96,ok,,scenario_label=prefixed,HT_EEAC
formal_experiment10_algorithm_comparison,prefix64,9,3105645739,HT_EEAC,4290402759,10000,96,ok,,scenario_label=prefix64,HT_EEAC
formal_experiment10_algorithm_comparison,prefix72,9,3839497446,HT_EEAC,303302219,10000,96,ok,,scenario_label=prefix72,HT_EEAC
formal_experiment10_algorithm_comparison,prefix80,9,923924336,HT_EEAC,384372279,10000,96,ok,,scenario_label=prefix80,HT_EEAC
formal_experiment10_algorithm_comparison,dispersed,9,2289044336,HT_EEAC,579642509,10000,96,ok,,scenario_label=dispersed,HT_EEAC
formal_experiment10_algorithm_comparison,sequential,9,1819612831,HT_EEAC,3491199967,10000,96,ok,,scenario_label=sequential,HT_EEAC
formal_experiment10_algorithm_comparison,clustered,9,2410991351,HT_EEAC,169235289,10000,96,ok,,scenario_label=clustered,HT_EEAC
formal_experiment10_algorithm_comparison,random,10,3409120913,HT_EEAC,504264045,10000,96,ok,,scenario_label=random,HT_EEAC
formal_experiment10_algorithm_comparison,prefixed,10,1612835902,HT_EEAC,3259167546,10000,96,ok,,scenario_label=prefixed,HT_EEAC
formal_experiment10_algorithm_comparison,prefix64,10,1342461640,HT_EEAC,3652098042,10000,96,ok,,scenario_label=prefix64,HT_EEAC
formal_experiment10_algorithm_comparison,prefix72,10,3699530451,HT_EEAC,3564125981,10000,96,ok,,scenario_label=prefix72,HT_EEAC
formal_experiment10_algorithm_comparison,prefix80,10,959927471,HT_EEAC,1814832973,10000,96,ok,,scenario_label=prefix80,HT_EEAC
formal_experiment10_algorithm_comparison,dispersed,10,1416169167,HT_EEAC,1145435418,10000,96,ok,,scenario_label=dispersed,HT_EEAC
formal_experiment10_algorithm_comparison,sequential,10,2509121869,HT_EEAC,2127928575,10000,96,ok,,scenario_label=sequential,HT_EEAC
formal_experiment10_algorithm_comparison,clustered,10,1497064732,HT_EEAC,111432412,10000,96,ok,,scenario_label=clustered,HT_EEAC
formal_experiment10_algorithm_comparison,random,11,304725238,HT_EEAC,2997809660,10000,96,ok,,scenario_label=random,HT_EEAC
formal_experiment10_algorithm_comparison,prefixed,11,1701264339,HT_EEAC,575860813,10000,96,ok,,scenario_label=prefixed,HT_EEAC
formal_experiment10_algorithm_comparison,prefix64,11,2849293153,HT_EEAC,634810063,10000,96,ok,,scenario_label=prefix64,HT_EEAC
formal_experiment10_algorithm_comparison,prefix72,11,1544784903,HT_EEAC,4023733459,10000,96,ok,,scenario_label=prefix72,HT_EEAC
formal_experiment10_algorithm_comparison,prefix80,11,3015158801,HT_EEAC,139120507,10000,96,ok,,scenario_label=prefix80,HT_EEAC
formal_experiment10_algorithm_comparison,dispersed,11,418844889,HT_EEAC,3258691202,10000,96,ok,,scenario_label=dispersed,HT_EEAC
formal_experiment10_algorithm_comparison,sequential,11,4252184221,HT_EEAC,2233963561,10000,96,ok,,scenario_label=sequential,HT_EEAC
formal_experiment10_algorithm_comparison,clustered,11,1654947796,HT_EEAC,747363097,10000,96,ok,,scenario_label=clustered,HT_EEAC
formal_experiment10_algorithm_comparison,random,12,2060045378,HT_EEAC,2079035687,10000,96,ok,,scenario_label=random,HT_EEAC
formal_experiment10_algorithm_comparison,prefixed,12,2090748561,HT_EEAC,2939763401,10000,96,ok,,scenario_label=prefixed,HT_EEAC
formal_experiment10_algorithm_comparison,prefix64,12,3119637419,HT_EEAC,1586607080,10000,96,ok,,scenario_label=prefix64,HT_EEAC
formal_experiment10_algorithm_comparison,prefix72,12,4135667632,HT_EEAC,1282210524,10000,96,ok,,scenario_label=prefix72,HT_EEAC
formal_experiment10_algorithm_comparison,prefix80,12,235991746,HT_EEAC,2670559382,10000,96,ok,,scenario_label=prefix80,HT_EEAC
formal_experiment10_algorithm_comparison,dispersed,12,1779197397,HT_EEAC,3049582065,10000,96,ok,,scenario_label=dispersed,HT_EEAC
formal_experiment10_algorithm_comparison,sequential,12,598408119,HT_EEAC,2881427008,10000,96,ok,,scenario_label=sequential,HT_EEAC
formal_experiment10_algorithm_comparison,clustered,12,1632175688,HT_EEAC,489181050,10000,96,ok,,scenario_label=clustered,HT_EEAC
formal_experiment10_algorithm_comparison,random,13,4060208555,HT_EEAC,3680018420,10000,96,ok,,scenario_label=random,HT_EEAC
formal_experiment10_algorithm_comparison,prefixed,13,1330638782,HT_EEAC,4286078360,10000,96,ok,,scenario_label=prefixed,HT_EEAC
formal_experiment10_algorithm_comparison,prefix64,13,3229840205,HT_EEAC,3682545918,10000,96,ok,,scenario_label=prefix64,HT_EEAC
formal_experiment10_algorithm_comparison,prefix72,13,2885341494,HT_EEAC,3278575098,10000,96,ok,,scenario_label=prefix72,HT_EEAC
formal_experiment10_algorithm_comparison,prefix80,13,2359772976,HT_EEAC,3862110224,10000,96,ok,,scenario_label=prefix80,HT_EEAC
formal_experiment10_algorithm_comparison,dispersed,13,3815732145,HT_EEAC,2066568300,10000,96,ok,,scenario_label=dispersed,HT_EEAC
formal_experiment10_algorithm_comparison,sequential,13,3109578896,HT_EEAC,4259626777,10000,96,ok,,scenario_label=sequential,HT_EEAC
formal_experiment10_algorithm_comparison,clustered,13,286329085,HT_EEAC,2264461877,10000,96,ok,,scenario_label=clustered,HT_EEAC
formal_experiment10_algorithm_comparison,random,14,338370732,HT_EEAC,2694145380,10000,96,ok,,scenario_label=random,HT_EEAC
formal_experiment10_algorithm_comparison,prefixed,14,1383110064,HT_EEAC,1415368331,10000,96,ok,,scenario_label=prefixed,HT_EEAC
formal_experiment10_algorithm_comparison,prefix64,14,2166853789,HT_EEAC,1107644025,10000,96,ok,,scenario_label=prefix64,HT_EEAC
formal_experiment10_algorithm_comparison,prefix72,14,314404237,HT_EEAC,1198501267,10000,96,ok,,scenario_label=prefix72,HT_EEAC
formal_experiment10_algorithm_comparison,prefix80,14,2419352845,HT_EEAC,1658050868,10000,96,ok,,scenario_label=prefix80,HT_EEAC
formal_experiment10_algorithm_comparison,dispersed,14,3005302956,HT_EEAC,3427354820,10000,96,ok,,scenario_label=dispersed,HT_EEAC
formal_experiment10_algorithm_comparison,sequential,14,2012366791,HT_EEAC,2247071102,10000,96,ok,,scenario_label=sequential,HT_EEAC
formal_experiment10_algorithm_comparison,clustered,14,844575883,HT_EEAC,2213555821,10000,96,ok,,scenario_label=clustered,HT_EEAC
formal_experiment10_algorithm_comparison,random,15,3150236223,HT_EEAC,4102532693,10000,96,ok,,scenario_label=random,HT_EEAC
formal_experiment10_algorithm_comparison,prefixed,15,3900451069,HT_EEAC,3806047085,10000,96,ok,,scenario_label=prefixed,HT_EEAC
formal_experiment10_algorithm_comparison,prefix64,15,1087024520,HT_EEAC,2819704015,10000,96,ok,,scenario_label=prefix64,HT_EEAC
formal_experiment10_algorithm_comparison,prefix72,15,3683200937,HT_EEAC,2560456792,10000,96,ok,,scenario_label=prefix72,HT_EEAC
formal_experiment10_algorithm_comparison,prefix80,15,3661251964,HT_EEAC,1111859309,10000,96,ok,,scenario_label=prefix80,HT_EEAC
formal_experiment10_algorithm_comparison,dispersed,15,721136372,HT_EEAC,3341968626,10000,96,ok,,scenario_label=dispersed,HT_EEAC
formal_experiment10_algorithm_comparison,sequential,15,2481232546,HT_EEAC,4052545969,10000,96,ok,,scenario_label=sequential,HT_EEAC
formal_experiment10_algorithm_comparison,clustered,15,4075594883,HT_EEAC,907664981,10000,96,ok,,scenario_label=clustered,HT_EEAC
formal_experiment10_algorithm_comparison,random,16,988902021,HT_EEAC,3591655060,10000,96,ok,,scenario_label=random,HT_EEAC
formal_experiment10_algorithm_comparison,prefixed,16,1825783292,HT_EEAC,315814950,10000,96,ok,,scenario_label=prefixed,HT_EEAC
formal_experiment10_algorithm_comparison,prefix64,16,1331422560,HT_EEAC,3228193664,10000,96,ok,,scenario_label=prefix64,HT_EEAC
formal_experiment10_algorithm_comparison,prefix72,16,2842376837,HT_EEAC,2160295175,10000,96,ok,,scenario_label=prefix72,HT_EEAC
formal_experiment10_algorithm_comparison,prefix80,16,119107535,HT_EEAC,1969085610,10000,96,ok,,scenario_label=prefix80,HT_EEAC
formal_experiment10_algorithm_comparison,dispersed,16,2327042042,HT_EEAC,3067126899,10000,96,ok,,scenario_label=dispersed,HT_EEAC
formal_experiment10_algorithm_comparison,sequential,16,1105529789,HT_EEAC,559138607,10000,96,ok,,scenario_label=sequential,HT_EEAC
formal_experiment10_algorithm_comparison,clustered,16,496171624,HT_EEAC,693064556,10000,96,ok,,scenario_label=clustered,HT_EEAC
formal_experiment10_algorithm_comparison,random,17,2224189429,HT_EEAC,177159323,10000,96,ok,,scenario_label=random,HT_EEAC
formal_experiment10_algorithm_comparison,prefixed,17,288395540,HT_EEAC,4013557166,10000,96,ok,,scenario_label=prefixed,HT_EEAC
formal_experiment10_algorithm_comparison,prefix64,17,2651751378,HT_EEAC,2587075687,10000,96,ok,,scenario_label=prefix64,HT_EEAC
formal_experiment10_algorithm_comparison,prefix72,17,2996846514,HT_EEAC,1235486379,10000,96,ok,,scenario_label=prefix72,HT_EEAC
formal_experiment10_algorithm_comparison,prefix80,17,1676046437,HT_EEAC,1193621954,10000,96,ok,,scenario_label=prefix80,HT_EEAC
formal_experiment10_algorithm_comparison,dispersed,17,235530803,HT_EEAC,1148304024,10000,96,ok,,scenario_label=dispersed,HT_EEAC
formal_experiment10_algorithm_comparison,sequential,17,576396880,HT_EEAC,3862929702,10000,96,ok,,scenario_label=sequential,HT_EEAC
formal_experiment10_algorithm_comparison,clustered,17,1717550807,HT_EEAC,1608021017,10000,96,ok,,scenario_label=clustered,HT_EEAC
formal_experiment10_algorithm_comparison,random,18,3998393979,HT_EEAC,1475192272,10000,96,ok,,scenario_label=random,HT_EEAC
formal_experiment10_algorithm_comparison,prefixed,18,2356458670,HT_EEAC,21552958,10000,96,ok,,scenario_label=prefixed,HT_EEAC
formal_experiment10_algorithm_comparison,prefix64,18,1114579400,HT_EEAC,3895626008,10000,96,ok,,scenario_label=prefix64,HT_EEAC
formal_experiment10_algorithm_comparison,prefix72,18,2056936186,HT_EEAC,1123936371,10000,96,ok,,scenario_label=prefix72,HT_EEAC
formal_experiment10_algorithm_comparison,prefix80,18,3572978440,HT_EEAC,2415062240,10000,96,ok,,scenario_label=prefix80,HT_EEAC
formal_experiment10_algorithm_comparison,dispersed,18,3630574312,HT_EEAC,1064579647,10000,96,ok,,scenario_label=dispersed,HT_EEAC
formal_experiment10_algorithm_comparison,sequential,18,555601650,HT_EEAC,1524795688,10000,96,ok,,scenario_label=sequential,HT_EEAC
formal_experiment10_algorithm_comparison,clustered,18,3697359989,HT_EEAC,1236044316,10000,96,ok,,scenario_label=clustered,HT_EEAC
formal_experiment10_algorithm_comparison,random,19,2094226776,HT_EEAC,2353661312,10000,96,ok,,scenario_label=random,HT_EEAC
formal_experiment10_algorithm_comparison,prefixed,19,2801155553,HT_EEAC,3630966599,10000,96,ok,,scenario_label=prefixed,HT_EEAC
formal_experiment10_algorithm_comparison,prefix64,19,1462923349,HT_EEAC,3451676964,10000,96,ok,,scenario_label=prefix64,HT_EEAC
formal_experiment10_algorithm_comparison,prefix72,19,864380945,HT_EEAC,1098488165,10000,96,ok,,scenario_label=prefix72,HT_EEAC
formal_experiment10_algorithm_comparison,prefix80,19,3959937795,HT_EEAC,2006927258,10000,96,ok,,scenario_label=prefix80,HT_EEAC
formal_experiment10_algorithm_comparison,dispersed,19,1188669765,HT_EEAC,1491982295,10000,96,ok,,scenario_label=dispersed,HT_EEAC
formal_experiment10_algorithm_comparison,sequential,19,4068575958,HT_EEAC,621440680,10000,96,ok,,scenario_label=sequential,HT_EEAC
formal_experiment10_algorithm_comparison,clustered,19,122151701,HT_EEAC,1588463823,10000,96,ok,,scenario_label=clustered,HT_EEAC
formal_experiment10_algorithm_comparison,random,20,3422504533,HT_EEAC,4031244927,10000,96,ok,,scenario_label=random,HT_EEAC
formal_experiment10_algorithm_comparison,prefixed,20,4232883932,HT_EEAC,3657807564,10000,96,ok,,scenario_label=prefixed,HT_EEAC
formal_experiment10_algorithm_comparison,prefix64,20,3678638554,HT_EEAC,4175803682,10000,96,ok,,scenario_label=prefix64,HT_EEAC
formal_experiment10_algorithm_comparison,prefix72,20,1435960876,HT_EEAC,4236104856,10000,96,ok,,scenario_label=prefix72,HT_EEAC
formal_experiment10_algorithm_comparison,prefix80,20,1447386439,HT_EEAC,2905577665,10000,96,ok,,scenario_label=prefix80,HT_EEAC
formal_experiment10_algorithm_comparison,dispersed,20,1490620412,HT_EEAC,4064246731,10000,96,ok,,scenario_label=dispersed,HT_EEAC
formal_experiment10_algorithm_comparison,sequential,20,36137704,HT_EEAC,1039482961,10000,96,ok,,scenario_label=sequential,HT_EEAC
formal_experiment10_algorithm_comparison,clustered,20,3072805405,HT_EEAC,3141591341,10000,96,ok,,scenario_label=clustered,HT_EEAC
formal_experiment10_algorithm_comparison,random,21,2767190040,HT_EEAC,3010263303,10000,96,ok,,scenario_label=random,HT_EEAC
formal_experiment10_algorithm_comparison,prefixed,21,687968857,HT_EEAC,96888817,10000,96,ok,,scenario_label=prefixed,HT_EEAC
formal_experiment10_algorithm_comparison,prefix64,21,138882790,HT_EEAC,497481273,10000,96,ok,,scenario_label=prefix64,HT_EEAC
formal_experiment10_algorithm_comparison,prefix72,21,2856226622,HT_EEAC,621819794,10000,96,ok,,scenario_label=prefix72,HT_EEAC
formal_experiment10_algorithm_comparison,prefix80,21,773447700,HT_EEAC,1024361302,10000,96,ok,,scenario_label=prefix80,HT_EEAC
formal_experiment10_algorithm_comparison,dispersed,21,3190063457,HT_EEAC,1964078631,10000,96,ok,,scenario_label=dispersed,HT_EEAC
formal_experiment10_algorithm_comparison,sequential,21,3175350032,HT_EEAC,4200926210,10000,96,ok,,scenario_label=sequential,HT_EEAC
formal_experiment10_algorithm_comparison,clustered,21,3147787421,HT_EEAC,2804821415,10000,96,ok,,scenario_label=clustered,HT_EEAC
formal_experiment10_algorithm_comparison,random,22,1236592999,HT_EEAC,3690582638,10000,96,ok,,scenario_label=random,HT_EEAC
formal_experiment10_algorithm_comparison,prefixed,22,2490750245,HT_EEAC,3587038476,10000,96,ok,,scenario_label=prefixed,HT_EEAC
formal_experiment10_algorithm_comparison,prefix64,22,2799955695,HT_EEAC,973705042,10000,96,ok,,scenario_label=prefix64,HT_EEAC
formal_experiment10_algorithm_comparison,prefix72,22,1176494308,HT_EEAC,85919947,10000,96,ok,,scenario_label=prefix72,HT_EEAC
formal_experiment10_algorithm_comparison,prefix80,22,1933229166,HT_EEAC,3516057758,10000,96,ok,,scenario_label=prefix80,HT_EEAC
formal_experiment10_algorithm_comparison,dispersed,22,2884021080,HT_EEAC,2134751987,10000,96,ok,,scenario_label=dispersed,HT_EEAC
formal_experiment10_algorithm_comparison,sequential,22,718727290,HT_EEAC,1202365399,10000,96,ok,,scenario_label=sequential,HT_EEAC
formal_experiment10_algorithm_comparison,clustered,22,2093052601,HT_EEAC,3344519667,10000,96,ok,,scenario_label=clustered,HT_EEAC
formal_experiment10_algorithm_comparison,random,23,1587936834,HT_EEAC,2172117482,10000,96,ok,,scenario_label=random,HT_EEAC
formal_experiment10_algorithm_comparison,prefixed,23,1648471287,HT_EEAC,3410198199,10000,96,ok,,scenario_label=prefixed,HT_EEAC
formal_experiment10_algorithm_comparison,prefix64,23,364435406,HT_EEAC,999830613,10000,96,ok,,scenario_label=prefix64,HT_EEAC
formal_experiment10_algorithm_comparison,prefix72,23,3017230718,HT_EEAC,209858435,10000,96,ok,,scenario_label=prefix72,HT_EEAC
formal_experiment10_algorithm_comparison,prefix80,23,3937857360,HT_EEAC,10447305,10000,96,ok,,scenario_label=prefix80,HT_EEAC
formal_experiment10_algorithm_comparison,dispersed,23,1487873236,HT_EEAC,2594690447,10000,96,ok,,scenario_label=dispersed,HT_EEAC
formal_experiment10_algorithm_comparison,sequential,23,1258431547,HT_EEAC,3028836827,10000,96,ok,,scenario_label=sequential,HT_EEAC
formal_experiment10_algorithm_comparison,clustered,23,1999349207,HT_EEAC,1193392491,10000,96,ok,,scenario_label=clustered,HT_EEAC
formal_experiment10_algorithm_comparison,random,24,4015954273,HT_EEAC,4025246081,10000,96,ok,,scenario_label=random,HT_EEAC
formal_experiment10_algorithm_comparison,prefixed,24,1786454360,HT_EEAC,2442793732,10000,96,ok,,scenario_label=prefixed,HT_EEAC
formal_experiment10_algorithm_comparison,prefix64,24,1605905099,HT_EEAC,3129698770,10000,96,ok,,scenario_label=prefix64,HT_EEAC
formal_experiment10_algorithm_comparison,prefix72,24,1141157572,HT_EEAC,667823633,10000,96,ok,,scenario_label=prefix72,HT_EEAC
formal_experiment10_algorithm_comparison,prefix80,24,3693791333,HT_EEAC,1102312282,10000,96,ok,,scenario_label=prefix80,HT_EEAC
formal_experiment10_algorithm_comparison,dispersed,24,3327095736,HT_EEAC,1861156056,10000,96,ok,,scenario_label=dispersed,HT_EEAC
formal_experiment10_algorithm_comparison,sequential,24,3365623594,HT_EEAC,306671548,10000,96,ok,,scenario_label=sequential,HT_EEAC
formal_experiment10_algorithm_comparison,clustered,24,2076634887,HT_EEAC,3466082795,10000,96,ok,,scenario_label=clustered,HT_EEAC
formal_experiment10_algorithm_comparison,random,25,798146029,HT_EEAC,1962231327,10000,96,ok,,scenario_label=random,HT_EEAC
formal_experiment10_algorithm_comparison,prefixed,25,924758938,HT_EEAC,2132586617,10000,96,ok,,scenario_label=prefixed,HT_EEAC
formal_experiment10_algorithm_comparison,prefix64,25,276170494,HT_EEAC,1105156884,10000,96,ok,,scenario_label=prefix64,HT_EEAC
formal_experiment10_algorithm_comparison,prefix72,25,3354368970,HT_EEAC,1691826293,10000,96,ok,,scenario_label=prefix72,HT_EEAC
formal_experiment10_algorithm_comparison,prefix80,25,2005908186,HT_EEAC,3304092424,10000,96,ok,,scenario_label=prefix80,HT_EEAC
formal_experiment10_algorithm_comparison,dispersed,25,252742347,HT_EEAC,1011860244,10000,96,ok,,scenario_label=dispersed,HT_EEAC
formal_experiment10_algorithm_comparison,sequential,25,2509309594,HT_EEAC,3535904659,10000,96,ok,,scenario_label=sequential,HT_EEAC
formal_experiment10_algorithm_comparison,clustered,25,166869229,HT_EEAC,592150530,10000,96,ok,,scenario_label=clustered,HT_EEAC
formal_experiment10_algorithm_comparison,random,26,3286019119,HT_EEAC,307135571,10000,96,ok,,scenario_label=random,HT_EEAC
formal_experiment10_algorithm_comparison,prefixed,26,1795450453,HT_EEAC,919847382,10000,96,ok,,scenario_label=prefixed,HT_EEAC
formal_experiment10_algorithm_comparison,prefix64,26,2925529590,HT_EEAC,2548499516,10000,96,ok,,scenario_label=prefix64,HT_EEAC
formal_experiment10_algorithm_comparison,prefix72,26,596174526,HT_EEAC,2683712198,10000,96,ok,,scenario_label=prefix72,HT_EEAC
formal_experiment10_algorithm_comparison,prefix80,26,3276034574,HT_EEAC,3946733767,10000,96,ok,,scenario_label=prefix80,HT_EEAC
formal_experiment10_algorithm_comparison,dispersed,26,2536907153,HT_EEAC,423996835,10000,96,ok,,scenario_label=dispersed,HT_EEAC
formal_experiment10_algorithm_comparison,sequential,26,3016514165,HT_EEAC,1178947445,10000,96,ok,,scenario_label=sequential,HT_EEAC
formal_experiment10_algorithm_comparison,clustered,26,3738417298,HT_EEAC,2825952403,10000,96,ok,,scenario_label=clustered,HT_EEAC
formal_experiment10_algorithm_comparison,random,27,1371178209,HT_EEAC,4071692794,10000,96,ok,,scenario_label=random,HT_EEAC
formal_experiment10_algorithm_comparison,prefixed,27,2433723863,HT_EEAC,2292158213,10000,96,ok,,scenario_label=prefixed,HT_EEAC
formal_experiment10_algorithm_comparison,prefix64,27,2681084984,HT_EEAC,1240756985,10000,96,ok,,scenario_label=prefix64,HT_EEAC
formal_experiment10_algorithm_comparison,prefix72,27,2354148920,HT_EEAC,3291822487,10000,96,ok,,scenario_label=prefix72,HT_EEAC
formal_experiment10_algorithm_comparison,prefix80,27,2850241236,HT_EEAC,2234218075,10000,96,ok,,scenario_label=prefix80,HT_EEAC
formal_experiment10_algorithm_comparison,dispersed,27,353634476,HT_EEAC,345330623,10000,96,ok,,scenario_label=dispersed,HT_EEAC
formal_experiment10_algorithm_comparison,sequential,27,3444853128,HT_EEAC,3434752791,10000,96,ok,,scenario_label=sequential,HT_EEAC
formal_experiment10_algorithm_comparison,clustered,27,1841632199,HT_EEAC,3762882515,10000,96,ok,,scenario_label=clustered,HT_EEAC
formal_experiment10_algorithm_comparison,random,28,2229965917,HT_EEAC,1343687844,10000,96,ok,,scenario_label=random,HT_EEAC
formal_experiment10_algorithm_comparison,prefixed,28,2839760260,HT_EEAC,103678663,10000,96,ok,,scenario_label=prefixed,HT_EEAC
formal_experiment10_algorithm_comparison,prefix64,28,1447320722,HT_EEAC,2361780049,10000,96,ok,,scenario_label=prefix64,HT_EEAC
formal_experiment10_algorithm_comparison,prefix72,28,2480472296,HT_EEAC,411246588,10000,96,ok,,scenario_label=prefix72,HT_EEAC
formal_experiment10_algorithm_comparison,prefix80,28,189231546,HT_EEAC,3616952978,10000,96,ok,,scenario_label=prefix80,HT_EEAC
formal_experiment10_algorithm_comparison,dispersed,28,486142359,HT_EEAC,2922464478,10000,96,ok,,scenario_label=dispersed,HT_EEAC
formal_experiment10_algorithm_comparison,sequential,28,3005013483,HT_EEAC,322987122,10000,96,ok,,scenario_label=sequential,HT_EEAC
formal_experiment10_algorithm_comparison,clustered,28,904872953,HT_EEAC,396001892,10000,96,ok,,scenario_label=clustered,HT_EEAC
formal_experiment10_algorithm_comparison,random,29,1577098209,HT_EEAC,2539137567,10000,96,ok,,scenario_label=random,HT_EEAC
formal_experiment10_algorithm_comparison,prefixed,29,1296804900,HT_EEAC,3019516078,10000,96,ok,,scenario_label=prefixed,HT_EEAC
formal_experiment10_algorithm_comparison,prefix64,29,505043851,HT_EEAC,3372609204,10000,96,ok,,scenario_label=prefix64,HT_EEAC
formal_experiment10_algorithm_comparison,prefix72,29,2658790611,HT_EEAC,2630126664,10000,96,ok,,scenario_label=prefix72,HT_EEAC
formal_experiment10_algorithm_comparison,prefix80,29,1429797341,HT_EEAC,3988925474,10000,96,ok,,scenario_label=prefix80,HT_EEAC
formal_experiment10_algorithm_comparison,dispersed,29,2273552703,HT_EEAC,3429353988,10000,96,ok,,scenario_label=dispersed,HT_EEAC
formal_experiment10_algorithm_comparison,sequential,29,3899432569,HT_EEAC,3972360830,10000,96,ok,,scenario_label=sequential,HT_EEAC
formal_experiment10_algorithm_comparison,clustered,29,916823294,HT_EEAC,1297858494,10000,96,ok,,scenario_label=clustered,HT_EEAC
formal_experiment10_algorithm_comparison,random,30,2757994122,HT_EEAC,2055635171,10000,96,ok,,scenario_label=random,HT_EEAC
formal_experiment10_algorithm_comparison,prefixed,30,429058329,HT_EEAC,382615190,10000,96,ok,,scenario_label=prefixed,HT_EEAC
formal_experiment10_algorithm_comparison,prefix64,30,1168910017,HT_EEAC,4183529500,10000,96,ok,,scenario_label=prefix64,HT_EEAC
formal_experiment10_algorithm_comparison,prefix72,30,2954858719,HT_EEAC,2241193039,10000,96,ok,,scenario_label=prefix72,HT_EEAC
formal_experiment10_algorithm_comparison,prefix80,30,1066354187,HT_EEAC,4280895133,10000,96,ok,,scenario_label=prefix80,HT_EEAC
formal_experiment10_algorithm_comparison,dispersed,30,1918572727,HT_EEAC,2961599286,10000,96,ok,,scenario_label=dispersed,HT_EEAC
formal_experiment10_algorithm_comparison,sequential,30,4168150786,HT_EEAC,3653435426,10000,96,ok,,scenario_label=sequential,HT_EEAC
formal_experiment10_algorithm_comparison,clustered,30,3098412365,HT_EEAC,3122991360,10000,96,ok,,scenario_label=clustered,HT_EEAC
formal_experiment10_algorithm_comparison,random,31,3134118358,HT_EEAC,857112315,10000,96,ok,,scenario_label=random,HT_EEAC
formal_experiment10_algorithm_comparison,prefixed,31,2310922343,HT_EEAC,3821372489,10000,96,ok,,scenario_label=prefixed,HT_EEAC
formal_experiment10_algorithm_comparison,prefix64,31,952998658,HT_EEAC,3452169671,10000,96,ok,,scenario_label=prefix64,HT_EEAC
formal_experiment10_algorithm_comparison,prefix72,31,2497969375,HT_EEAC,507372740,10000,96,ok,,scenario_label=prefix72,HT_EEAC
formal_experiment10_algorithm_comparison,prefix80,31,1189282690,HT_EEAC,2187713163,10000,96,ok,,scenario_label=prefix80,HT_EEAC
formal_experiment10_algorithm_comparison,dispersed,31,746579052,HT_EEAC,2872289211,10000,96,ok,,scenario_label=dispersed,HT_EEAC
formal_experiment10_algorithm_comparison,sequential,31,1533274363,HT_EEAC,1660975262,10000,96,ok,,scenario_label=sequential,HT_EEAC
formal_experiment10_algorithm_comparison,clustered,31,1250494512,HT_EEAC,479571512,10000,96,ok,,scenario_label=clustered,HT_EEAC
formal_experiment10_algorithm_comparison,random,32,1187568275,HT_EEAC,1893224260,10000,96,ok,,scenario_label=random,HT_EEAC
formal_experiment10_algorithm_comparison,prefixed,32,1421696467,HT_EEAC,1890009018,10000,96,ok,,scenario_label=prefixed,HT_EEAC
formal_experiment10_algorithm_comparison,prefix64,32,758215180,HT_EEAC,156601455,10000,96,ok,,scenario_label=prefix64,HT_EEAC
formal_experiment10_algorithm_comparison,prefix72,32,3309765357,HT_EEAC,3155176689,10000,96,ok,,scenario_label=prefix72,HT_EEAC
formal_experiment10_algorithm_comparison,prefix80,32,2468891489,HT_EEAC,912067313,10000,96,ok,,scenario_label=prefix80,HT_EEAC
formal_experiment10_algorithm_comparison,dispersed,32,461533287,HT_EEAC,2703730424,10000,96,ok,,scenario_label=dispersed,HT_EEAC
formal_experiment10_algorithm_comparison,sequential,32,1885192675,HT_EEAC,180325321,10000,96,ok,,scenario_label=sequential,HT_EEAC
formal_experiment10_algorithm_comparison,clustered,32,1700272012,HT_EEAC,393436687,10000,96,ok,,scenario_label=clustered,HT_EEAC
formal_experiment10_algorithm_comparison,random,33,3220564758,HT_EEAC,1978163212,10000,96,ok,,scenario_label=random,HT_EEAC
formal_experiment10_algorithm_comparison,prefixed,33,884651060,HT_EEAC,1807509124,10000,96,ok,,scenario_label=prefixed,HT_EEAC
formal_experiment10_algorithm_comparison,prefix64,33,1343492222,HT_EEAC,3400474761,10000,96,ok,,scenario_label=prefix64,HT_EEAC
formal_experiment10_algorithm_comparison,prefix72,33,2989583646,HT_EEAC,3892029201,10000,96,ok,,scenario_label=prefix72,HT_EEAC
formal_experiment10_algorithm_comparison,prefix80,33,2042364237,HT_EEAC,2182916903,10000,96,ok,,scenario_label=prefix80,HT_EEAC
formal_experiment10_algorithm_comparison,dispersed,33,4056207655,HT_EEAC,1959788333,10000,96,ok,,scenario_label=dispersed,HT_EEAC
formal_experiment10_algorithm_comparison,sequential,33,1379722936,HT_EEAC,3789163326,10000,96,ok,,scenario_label=sequential,HT_EEAC
formal_experiment10_algorithm_comparison,clustered,33,2404355022,HT_EEAC,910734115,10000,96,ok,,scenario_label=clustered,HT_EEAC
formal_experiment10_algorithm_comparison,random,34,3890833141,HT_EEAC,1368629439,10000,96,ok,,scenario_label=random,HT_EEAC
formal_experiment10_algorithm_comparison,prefixed,34,1570629048,HT_EEAC,4205382696,10000,96,ok,,scenario_label=prefixed,HT_EEAC
formal_experiment10_algorithm_comparison,prefix64,34,2138171961,HT_EEAC,4245078602,10000,96,ok,,scenario_label=prefix64,HT_EEAC
formal_experiment10_algorithm_comparison,prefix72,34,3174195124,HT_EEAC,254750502,10000,96,ok,,scenario_label=prefix72,HT_EEAC
formal_experiment10_algorithm_comparison,prefix80,34,2930609793,HT_EEAC,3929885237,10000,96,ok,,scenario_label=prefix80,HT_EEAC
formal_experiment10_algorithm_comparison,dispersed,34,1598293287,HT_EEAC,1079023643,10000,96,ok,,scenario_label=dispersed,HT_EEAC
formal_experiment10_algorithm_comparison,sequential,34,827727748,HT_EEAC,4289876145,10000,96,ok,,scenario_label=sequential,HT_EEAC
formal_experiment10_algorithm_comparison,clustered,34,3877182081,HT_EEAC,821278826,10000,96,ok,,scenario_label=clustered,HT_EEAC
formal_experiment10_algorithm_comparison,random,35,1035152157,HT_EEAC,1908865970,10000,96,ok,,scenario_label=random,HT_EEAC
formal_experiment10_algorithm_comparison,prefixed,35,1105641727,HT_EEAC,2127360630,10000,96,ok,,scenario_label=prefixed,HT_EEAC
formal_experiment10_algorithm_comparison,prefix64,35,2141900738,HT_EEAC,3399856914,10000,96,ok,,scenario_label=prefix64,HT_EEAC
formal_experiment10_algorithm_comparison,prefix72,35,3519922321,HT_EEAC,1563158178,10000,96,ok,,scenario_label=prefix72,HT_EEAC
formal_experiment10_algorithm_comparison,prefix80,35,2068117885,HT_EEAC,4246686860,10000,96,ok,,scenario_label=prefix80,HT_EEAC
formal_experiment10_algorithm_comparison,dispersed,35,3459662668,HT_EEAC,1178537339,10000,96,ok,,scenario_label=dispersed,HT_EEAC
formal_experiment10_algorithm_comparison,sequential,35,3404251095,HT_EEAC,968580919,10000,96,ok,,scenario_label=sequential,HT_EEAC
formal_experiment10_algorithm_comparison,clustered,35,2734262170,HT_EEAC,4126340428,10000,96,ok,,scenario_label=clustered,HT_EEAC
formal_experiment10_algorithm_comparison,random,36,2776766623,HT_EEAC,2485259654,10000,96,ok,,scenario_label=random,HT_EEAC
formal_experiment10_algorithm_comparison,prefixed,36,4190072160,HT_EEAC,962727293,10000,96,ok,,scenario_label=prefixed,HT_EEAC
formal_experiment10_algorithm_comparison,prefix64,36,561378811,HT_EEAC,4166856343,10000,96,ok,,scenario_label=prefix64,HT_EEAC
formal_experiment10_algorithm_comparison,prefix72,36,2007475420,HT_EEAC,22499291,10000,96,ok,,scenario_label=prefix72,HT_EEAC
formal_experiment10_algorithm_comparison,prefix80,36,4047784356,HT_EEAC,1016942084,10000,96,ok,,scenario_label=prefix80,HT_EEAC
formal_experiment10_algorithm_comparison,dispersed,36,1475087155,HT_EEAC,2223214673,10000,96,ok,,scenario_label=dispersed,HT_EEAC
formal_experiment10_algorithm_comparison,sequential,36,3955139490,HT_EEAC,73744997,10000,96,ok,,scenario_label=sequential,HT_EEAC
formal_experiment10_algorithm_comparison,clustered,36,2167738248,HT_EEAC,616121264,10000,96,ok,,scenario_label=clustered,HT_EEAC
formal_experiment10_algorithm_comparison,random,37,3778314031,HT_EEAC,4083578240,10000,96,ok,,scenario_label=random,HT_EEAC
formal_experiment10_algorithm_comparison,prefixed,37,3981120096,HT_EEAC,1698794927,10000,96,ok,,scenario_label=prefixed,HT_EEAC
formal_experiment10_algorithm_comparison,prefix64,37,2494735147,HT_EEAC,324708852,10000,96,ok,,scenario_label=prefix64,HT_EEAC
formal_experiment10_algorithm_comparison,prefix72,37,2122645248,HT_EEAC,1836237955,10000,96,ok,,scenario_label=prefix72,HT_EEAC
formal_experiment10_algorithm_comparison,prefix80,37,4132614700,HT_EEAC,1614169340,10000,96,ok,,scenario_label=prefix80,HT_EEAC
formal_experiment10_algorithm_comparison,dispersed,37,1445120987,HT_EEAC,3290733562,10000,96,ok,,scenario_label=dispersed,HT_EEAC
formal_experiment10_algorithm_comparison,sequential,37,4059102190,HT_EEAC,55584878,10000,96,ok,,scenario_label=sequential,HT_EEAC
formal_experiment10_algorithm_comparison,clustered,37,2101678517,HT_EEAC,4046905726,10000,96,ok,,scenario_label=clustered,HT_EEAC
formal_experiment10_algorithm_comparison,random,38,2697138671,HT_EEAC,3431830224,10000,96,ok,,scenario_label=random,HT_EEAC
formal_experiment10_algorithm_comparison,prefixed,38,248821944,HT_EEAC,3897762697,10000,96,ok,,scenario_label=prefixed,HT_EEAC
formal_experiment10_algorithm_comparison,prefix64,38,1648957073,HT_EEAC,4278151700,10000,96,ok,,scenario_label=prefix64,HT_EEAC
formal_experiment10_algorithm_comparison,prefix72,38,551118561,HT_EEAC,3641870242,10000,96,ok,,scenario_label=prefix72,HT_EEAC
formal_experiment10_algorithm_comparison,prefix80,38,2176443634,HT_EEAC,2659779606,10000,96,ok,,scenario_label=prefix80,HT_EEAC
formal_experiment10_algorithm_comparison,dispersed,38,1295320453,HT_EEAC,1869518122,10000,96,ok,,scenario_label=dispersed,HT_EEAC
formal_experiment10_algorithm_comparison,sequential,38,1532549816,HT_EEAC,1241480104,10000,96,ok,,scenario_label=sequential,HT_EEAC
formal_experiment10_algorithm_comparison,clustered,38,1315890655,HT_EEAC,648294795,10000,96,ok,,scenario_label=clustered,HT_EEAC
formal_experiment10_algorithm_comparison,random,39,4170876505,HT_EEAC,969266182,10000,96,ok,,scenario_label=random,HT_EEAC
formal_experiment10_algorithm_comparison,prefixed,39,117028918,HT_EEAC,3682355566,10000,96,ok,,scenario_label=prefixed,HT_EEAC
formal_experiment10_algorithm_comparison,prefix64,39,3382193401,HT_EEAC,1278825357,10000,96,ok,,scenario_label=prefix64,HT_EEAC
formal_experiment10_algorithm_comparison,prefix72,39,3766206041,HT_EEAC,1181068324,10000,96,ok,,scenario_label=prefix72,HT_EEAC
formal_experiment10_algorithm_comparison,prefix80,39,1181769842,HT_EEAC,481765871,10000,96,ok,,scenario_label=prefix80,HT_EEAC
formal_experiment10_algorithm_comparison,dispersed,39,689222263,HT_EEAC,1406789561,10000,96,ok,,scenario_label=dispersed,HT_EEAC
formal_experiment10_algorithm_comparison,sequential,39,492811461,HT_EEAC,1323832492,10000,96,ok,,scenario_label=sequential,HT_EEAC
formal_experiment10_algorithm_comparison,clustered,39,550238148,HT_EEAC,2044575633,10000,96,ok,,scenario_label=clustered,HT_EEAC
formal_experiment10_algorithm_comparison,random,40,3450625955,HT_EEAC,2508682413,10000,96,ok,,scenario_label=random,HT_EEAC
formal_experiment10_algorithm_comparison,prefixed,40,738262747,HT_EEAC,2745725164,10000,96,ok,,scenario_label=prefixed,HT_EEAC
formal_experiment10_algorithm_comparison,prefix64,40,1985651988,HT_EEAC,812961166,10000,96,ok,,scenario_label=prefix64,HT_EEAC
formal_experiment10_algorithm_comparison,prefix72,40,2395566563,HT_EEAC,2670845148,10000,96,ok,,scenario_label=prefix72,HT_EEAC
formal_experiment10_algorithm_comparison,prefix80,40,1541212281,HT_EEAC,4004762590,10000,96,ok,,scenario_label=prefix80,HT_EEAC
formal_experiment10_algorithm_comparison,dispersed,40,2764666677,HT_EEAC,1606623920,10000,96,ok,,scenario_label=dispersed,HT_EEAC
formal_experiment10_algorithm_comparison,sequential,40,1097759754,HT_EEAC,2516997570,10000,96,ok,,scenario_label=sequential,HT_EEAC
formal_experiment10_algorithm_comparison,clustered,40,2622337710,HT_EEAC,2287949488,10000,96,ok,,scenario_label=clustered,HT_EEAC
formal_experiment10_algorithm_comparison,random,41,810163340,HT_EEAC,1334524588,10000,96,ok,,scenario_label=random,HT_EEAC
formal_experiment10_algorithm_comparison,prefixed,41,2832028255,HT_EEAC,1088923925,10000,96,ok,,scenario_label=prefixed,HT_EEAC
formal_experiment10_algorithm_comparison,prefix64,41,249036306,HT_EEAC,1874305139,10000,96,ok,,scenario_label=prefix64,HT_EEAC
formal_experiment10_algorithm_comparison,prefix72,41,1115424615,HT_EEAC,4168662166,10000,96,ok,,scenario_label=prefix72,HT_EEAC
formal_experiment10_algorithm_comparison,prefix80,41,4200284946,HT_EEAC,4044859012,10000,96,ok,,scenario_label=prefix80,HT_EEAC
formal_experiment10_algorithm_comparison,dispersed,41,1243932841,HT_EEAC,2187880420,10000,96,ok,,scenario_label=dispersed,HT_EEAC
formal_experiment10_algorithm_comparison,sequential,41,2930733260,HT_EEAC,3643952252,10000,96,ok,,scenario_label=sequential,HT_EEAC
formal_experiment10_algorithm_comparison,clustered,41,3458394344,HT_EEAC,742223486,10000,96,ok,,scenario_label=clustered,HT_EEAC
formal_experiment10_algorithm_comparison,random,42,1704362005,HT_EEAC,2164014676,10000,96,ok,,scenario_label=random,HT_EEAC
formal_experiment10_algorithm_comparison,prefixed,42,3144017342,HT_EEAC,4245060187,10000,96,ok,,scenario_label=prefixed,HT_EEAC
formal_experiment10_algorithm_comparison,prefix64,42,1042034839,HT_EEAC,3611429382,10000,96,ok,,scenario_label=prefix64,HT_EEAC
formal_experiment10_algorithm_comparison,prefix72,42,2531603473,HT_EEAC,1231702396,10000,96,ok,,scenario_label=prefix72,HT_EEAC
formal_experiment10_algorithm_comparison,prefix80,42,4248245683,HT_EEAC,1194010132,10000,96,ok,,scenario_label=prefix80,HT_EEAC
formal_experiment10_algorithm_comparison,dispersed,42,971401964,HT_EEAC,3439273147,10000,96,ok,,scenario_label=dispersed,HT_EEAC
formal_experiment10_algorithm_comparison,sequential,42,1252099663,HT_EEAC,2950933878,10000,96,ok,,scenario_label=sequential,HT_EEAC
formal_experiment10_algorithm_comparison,clustered,42,3084834098,HT_EEAC,116211002,10000,96,ok,,scenario_label=clustered,HT_EEAC
formal_experiment10_algorithm_comparison,random,43,917040789,HT_EEAC,3544027173,10000,96,ok,,scenario_label=random,HT_EEAC
formal_experiment10_algorithm_comparison,prefixed,43,601521315,HT_EEAC,334609797,10000,96,ok,,scenario_label=prefixed,HT_EEAC
formal_experiment10_algorithm_comparison,prefix64,43,247146984,HT_EEAC,510179012,10000,96,ok,,scenario_label=prefix64,HT_EEAC
formal_experiment10_algorithm_comparison,prefix72,43,3723101655,HT_EEAC,3391772069,10000,96,ok,,scenario_label=prefix72,HT_EEAC
formal_experiment10_algorithm_comparison,prefix80,43,1184894979,HT_EEAC,1202603758,10000,96,ok,,scenario_label=prefix80,HT_EEAC
formal_experiment10_algorithm_comparison,dispersed,43,543731670,HT_EEAC,3890920634,10000,96,ok,,scenario_label=dispersed,HT_EEAC
formal_experiment10_algorithm_comparison,sequential,43,2581054308,HT_EEAC,468352695,10000,96,ok,,scenario_label=sequential,HT_EEAC
formal_experiment10_algorithm_comparison,clustered,43,305485960,HT_EEAC,2063697801,10000,96,ok,,scenario_label=clustered,HT_EEAC
formal_experiment10_algorithm_comparison,random,44,2757181503,HT_EEAC,3106620523,10000,96,ok,,scenario_label=random,HT_EEAC
formal_experiment10_algorithm_comparison,prefixed,44,3667808483,HT_EEAC,3387947426,10000,96,ok,,scenario_label=prefixed,HT_EEAC
formal_experiment10_algorithm_comparison,prefix64,44,3627632042,HT_EEAC,935388273,10000,96,ok,,scenario_label=prefix64,HT_EEAC
formal_experiment10_algorithm_comparison,prefix72,44,112554203,HT_EEAC,2521292430,10000,96,ok,,scenario_label=prefix72,HT_EEAC
formal_experiment10_algorithm_comparison,prefix80,44,1838899425,HT_EEAC,3558726774,10000,96,ok,,scenario_label=prefix80,HT_EEAC
formal_experiment10_algorithm_comparison,dispersed,44,1675694341,HT_EEAC,3672964478,10000,96,ok,,scenario_label=dispersed,HT_EEAC
formal_experiment10_algorithm_comparison,sequential,44,2581828915,HT_EEAC,2583200325,10000,96,ok,,scenario_label=sequential,HT_EEAC
formal_experiment10_algorithm_comparison,clustered,44,3777667509,HT_EEAC,1450003410,10000,96,ok,,scenario_label=clustered,HT_EEAC
formal_experiment10_algorithm_comparison,random,45,3439054340,HT_EEAC,2354762479,10000,96,ok,,scenario_label=random,HT_EEAC
formal_experiment10_algorithm_comparison,prefixed,45,827713014,HT_EEAC,3333132148,10000,96,ok,,scenario_label=prefixed,HT_EEAC
formal_experiment10_algorithm_comparison,prefix64,45,3773143706,HT_EEAC,1599614817,10000,96,ok,,scenario_label=prefix64,HT_EEAC
formal_experiment10_algorithm_comparison,prefix72,45,2352996596,HT_EEAC,3897096757,10000,96,ok,,scenario_label=prefix72,HT_EEAC
formal_experiment10_algorithm_comparison,prefix80,45,1515211290,HT_EEAC,1172794242,10000,96,ok,,scenario_label=prefix80,HT_EEAC
formal_experiment10_algorithm_comparison,dispersed,45,3455145310,HT_EEAC,772795153,10000,96,ok,,scenario_label=dispersed,HT_EEAC
formal_experiment10_algorithm_comparison,sequential,45,3536744853,HT_EEAC,3623356278,10000,96,ok,,scenario_label=sequential,HT_EEAC
formal_experiment10_algorithm_comparison,clustered,45,3714169138,HT_EEAC,490694389,10000,96,ok,,scenario_label=clustered,HT_EEAC
formal_experiment10_algorithm_comparison,random,46,3762581748,HT_EEAC,2083498598,10000,96,ok,,scenario_label=random,HT_EEAC
formal_experiment10_algorithm_comparison,prefixed,46,1041196411,HT_EEAC,1920909111,10000,96,ok,,scenario_label=prefixed,HT_EEAC
formal_experiment10_algorithm_comparison,prefix64,46,737039505,HT_EEAC,353461779,10000,96,ok,,scenario_label=prefix64,HT_EEAC
formal_experiment10_algorithm_comparison,prefix72,46,1433412071,HT_EEAC,1382502940,10000,96,ok,,scenario_label=prefix72,HT_EEAC
formal_experiment10_algorithm_comparison,prefix80,46,2094016510,HT_EEAC,1125341893,10000,96,ok,,scenario_label=prefix80,HT_EEAC
formal_experiment10_algorithm_comparison,dispersed,46,3724898785,HT_EEAC,1907261738,10000,96,ok,,scenario_label=dispersed,HT_EEAC
formal_experiment10_algorithm_comparison,sequential,46,3086579310,HT_EEAC,3744602394,10000,96,ok,,scenario_label=sequential,HT_EEAC
formal_experiment10_algorithm_comparison,clustered,46,3569510457,HT_EEAC,828455749,10000,96,ok,,scenario_label=clustered,HT_EEAC
formal_experiment10_algorithm_comparison,random,47,2402732470,HT_EEAC,2793554452,10000,96,ok,,scenario_label=random,HT_EEAC
formal_experiment10_algorithm_comparison,prefixed,47,3749692816,HT_EEAC,2951848253,10000,96,ok,,scenario_label=prefixed,HT_EEAC
formal_experiment10_algorithm_comparison,prefix64,47,2448397771,HT_EEAC,3831790087,10000,96,ok,,scenario_label=prefix64,HT_EEAC
formal_experiment10_algorithm_comparison,prefix72,47,2515845558,HT_EEAC,2499634966,10000,96,ok,,scenario_label=prefix72,HT_EEAC
formal_experiment10_algorithm_comparison,prefix80,47,2907340057,HT_EEAC,1903377768,10000,96,ok,,scenario_label=prefix80,HT_EEAC
formal_experiment10_algorithm_comparison,dispersed,47,450818034,HT_EEAC,2805075714,10000,96,ok,,scenario_label=dispersed,HT_EEAC
formal_experiment10_algorithm_comparison,sequential,47,23415326,HT_EEAC,2742683861,10000,96,ok,,scenario_label=sequential,HT_EEAC
formal_experiment10_algorithm_comparison,clustered,47,2859928063,HT_EEAC,1560119823,10000,96,ok,,scenario_label=clustered,HT_EEAC
formal_experiment10_algorithm_comparison,random,48,4281357755,HT_EEAC,2708754953,10000,96,ok,,scenario_label=random,HT_EEAC
formal_experiment10_algorithm_comparison,prefixed,48,3873723810,HT_EEAC,2008124678,10000,96,ok,,scenario_label=prefixed,HT_EEAC
formal_experiment10_algorithm_comparison,prefix64,48,339462132,HT_EEAC,373472940,10000,96,ok,,scenario_label=prefix64,HT_EEAC
formal_experiment10_algorithm_comparison,prefix72,48,270703941,HT_EEAC,1262122835,10000,96,ok,,scenario_label=prefix72,HT_EEAC
formal_experiment10_algorithm_comparison,prefix80,48,376489424,HT_EEAC,2812972422,10000,96,ok,,scenario_label=prefix80,HT_EEAC
formal_experiment10_algorithm_comparison,dispersed,48,2122119051,HT_EEAC,589258015,10000,96,ok,,scenario_label=dispersed,HT_EEAC
formal_experiment10_algorithm_comparison,sequential,48,3552242948,HT_EEAC,1357327946,10000,96,ok,,scenario_label=sequential,HT_EEAC
formal_experiment10_algorithm_comparison,clustered,48,1330979572,HT_EEAC,1409677138,10000,96,ok,,scenario_label=clustered,HT_EEAC
formal_experiment10_algorithm_comparison,random,49,1789994563,HT_EEAC,1737023339,10000,96,ok,,scenario_label=random,HT_EEAC
formal_experiment10_algorithm_comparison,prefixed,49,2849056856,HT_EEAC,927917291,10000,96,ok,,scenario_label=prefixed,HT_EEAC
formal_experiment10_algorithm_comparison,prefix64,49,3532656362,HT_EEAC,2717007696,10000,96,ok,,scenario_label=prefix64,HT_EEAC
formal_experiment10_algorithm_comparison,prefix72,49,3560536888,HT_EEAC,930109713,10000,96,ok,,scenario_label=prefix72,HT_EEAC
formal_experiment10_algorithm_comparison,prefix80,49,3497608031,HT_EEAC,3409079047,10000,96,ok,,scenario_label=prefix80,HT_EEAC
formal_experiment10_algorithm_comparison,dispersed,49,1244494452,HT_EEAC,3082299696,10000,96,ok,,scenario_label=dispersed,HT_EEAC
formal_experiment10_algorithm_comparison,sequential,49,1309897987,HT_EEAC,2932226237,10000,96,ok,,scenario_label=sequential,HT_EEAC
formal_experiment10_algorithm_comparison,clustered,49,1756787569,HT_EEAC,4171964498,10000,96,ok,,scenario_label=clustered,HT_EEAC
formal_experiment10_algorithm_comparison,random,0,1486858820,LAPCT,3887089934,10000,96,ok,,scenario_label=random,LAPCT
formal_experiment10_algorithm_comparison,prefixed,0,4075987068,LAPCT,1981478727,10000,96,ok,,scenario_label=prefixed,LAPCT
formal_experiment10_algorithm_comparison,prefix64,0,4125689627,LAPCT,17924689,10000,96,ok,,scenario_label=prefix64,LAPCT
formal_experiment10_algorithm_comparison,prefix72,0,1500471121,LAPCT,3493280537,10000,96,ok,,scenario_label=prefix72,LAPCT
formal_experiment10_algorithm_comparison,prefix80,0,3599789785,LAPCT,1088456497,10000,96,ok,,scenario_label=prefix80,LAPCT
formal_experiment10_algorithm_comparison,dispersed,0,718391674,LAPCT,1924397290,10000,96,ok,,scenario_label=dispersed,LAPCT
formal_experiment10_algorithm_comparison,sequential,0,3832442603,LAPCT,3964316154,10000,96,ok,,scenario_label=sequential,LAPCT
formal_experiment10_algorithm_comparison,clustered,0,2671803409,LAPCT,2048938706,10000,96,ok,,scenario_label=clustered,LAPCT
formal_experiment10_algorithm_comparison,random,1,2763007857,LAPCT,138842872,10000,96,ok,,scenario_label=random,LAPCT
formal_experiment10_algorithm_comparison,prefixed,1,2065428963,LAPCT,772667433,10000,96,ok,,scenario_label=prefixed,LAPCT
formal_experiment10_algorithm_comparison,prefix64,1,1416633314,LAPCT,3606455122,10000,96,ok,,scenario_label=prefix64,LAPCT
formal_experiment10_algorithm_comparison,prefix72,1,4054706784,LAPCT,3622215506,10000,96,ok,,scenario_label=prefix72,LAPCT
formal_experiment10_algorithm_comparison,prefix80,1,4026730667,LAPCT,2385633940,10000,96,ok,,scenario_label=prefix80,LAPCT
formal_experiment10_algorithm_comparison,dispersed,1,512815062,LAPCT,3917212653,10000,96,ok,,scenario_label=dispersed,LAPCT
formal_experiment10_algorithm_comparison,sequential,1,307044453,LAPCT,2241605173,10000,96,ok,,scenario_label=sequential,LAPCT
formal_experiment10_algorithm_comparison,clustered,1,1347204990,LAPCT,51928701,10000,96,ok,,scenario_label=clustered,LAPCT
formal_experiment10_algorithm_comparison,random,2,2952453941,LAPCT,1484651817,10000,96,ok,,scenario_label=random,LAPCT
formal_experiment10_algorithm_comparison,prefixed,2,2156894236,LAPCT,3123200863,10000,96,ok,,scenario_label=prefixed,LAPCT
formal_experiment10_algorithm_comparison,prefix64,2,1579062743,LAPCT,62279595,10000,96,ok,,scenario_label=prefix64,LAPCT
formal_experiment10_algorithm_comparison,prefix72,2,3098683715,LAPCT,2217241365,10000,96,ok,,scenario_label=prefix72,LAPCT
formal_experiment10_algorithm_comparison,prefix80,2,3666635172,LAPCT,1828119020,10000,96,ok,,scenario_label=prefix80,LAPCT
formal_experiment10_algorithm_comparison,dispersed,2,1938306392,LAPCT,1646512703,10000,96,ok,,scenario_label=dispersed,LAPCT
formal_experiment10_algorithm_comparison,sequential,2,2669753757,LAPCT,986338450,10000,96,ok,,scenario_label=sequential,LAPCT
formal_experiment10_algorithm_comparison,clustered,2,4214585690,LAPCT,259641230,10000,96,ok,,scenario_label=clustered,LAPCT
formal_experiment10_algorithm_comparison,random,3,305508543,LAPCT,771949917,10000,96,ok,,scenario_label=random,LAPCT
formal_experiment10_algorithm_comparison,prefixed,3,601308687,LAPCT,3167734041,10000,96,ok,,scenario_label=prefixed,LAPCT
formal_experiment10_algorithm_comparison,prefix64,3,609090443,LAPCT,1308810657,10000,96,ok,,scenario_label=prefix64,LAPCT
formal_experiment10_algorithm_comparison,prefix72,3,300944148,LAPCT,3776698184,10000,96,ok,,scenario_label=prefix72,LAPCT
formal_experiment10_algorithm_comparison,prefix80,3,968741272,LAPCT,2982028375,10000,96,ok,,scenario_label=prefix80,LAPCT
formal_experiment10_algorithm_comparison,dispersed,3,101697167,LAPCT,2508702328,10000,96,ok,,scenario_label=dispersed,LAPCT
formal_experiment10_algorithm_comparison,sequential,3,4014819932,LAPCT,1968783588,10000,96,ok,,scenario_label=sequential,LAPCT
formal_experiment10_algorithm_comparison,clustered,3,3211323854,LAPCT,3149201800,10000,96,ok,,scenario_label=clustered,LAPCT
formal_experiment10_algorithm_comparison,random,4,647249588,LAPCT,781277595,10000,96,ok,,scenario_label=random,LAPCT
formal_experiment10_algorithm_comparison,prefixed,4,1849982546,LAPCT,2290301022,10000,96,ok,,scenario_label=prefixed,LAPCT
formal_experiment10_algorithm_comparison,prefix64,4,4123678274,LAPCT,3989987655,10000,96,ok,,scenario_label=prefix64,LAPCT
formal_experiment10_algorithm_comparison,prefix72,4,647941119,LAPCT,1882273253,10000,96,ok,,scenario_label=prefix72,LAPCT
formal_experiment10_algorithm_comparison,prefix80,4,2084925728,LAPCT,810990302,10000,96,ok,,scenario_label=prefix80,LAPCT
formal_experiment10_algorithm_comparison,dispersed,4,4016991929,LAPCT,68432652,10000,96,ok,,scenario_label=dispersed,LAPCT
formal_experiment10_algorithm_comparison,sequential,4,1147041799,LAPCT,1102922385,10000,96,ok,,scenario_label=sequential,LAPCT
formal_experiment10_algorithm_comparison,clustered,4,1157746636,LAPCT,2107237886,10000,96,ok,,scenario_label=clustered,LAPCT
formal_experiment10_algorithm_comparison,random,5,2154945588,LAPCT,1389789801,10000,96,ok,,scenario_label=random,LAPCT
formal_experiment10_algorithm_comparison,prefixed,5,2243686180,LAPCT,512611470,10000,96,ok,,scenario_label=prefixed,LAPCT
formal_experiment10_algorithm_comparison,prefix64,5,295811869,LAPCT,438610044,10000,96,ok,,scenario_label=prefix64,LAPCT
formal_experiment10_algorithm_comparison,prefix72,5,617202740,LAPCT,2204396,10000,96,ok,,scenario_label=prefix72,LAPCT
formal_experiment10_algorithm_comparison,prefix80,5,815586784,LAPCT,4215555798,10000,96,ok,,scenario_label=prefix80,LAPCT
formal_experiment10_algorithm_comparison,dispersed,5,1659534425,LAPCT,1135994063,10000,96,ok,,scenario_label=dispersed,LAPCT
formal_experiment10_algorithm_comparison,sequential,5,1736493233,LAPCT,1595163718,10000,96,ok,,scenario_label=sequential,LAPCT
formal_experiment10_algorithm_comparison,clustered,5,2592520367,LAPCT,3830874561,10000,96,ok,,scenario_label=clustered,LAPCT
formal_experiment10_algorithm_comparison,random,6,888616007,LAPCT,2820059461,10000,96,ok,,scenario_label=random,LAPCT
formal_experiment10_algorithm_comparison,prefixed,6,2156671656,LAPCT,2206937751,10000,96,ok,,scenario_label=prefixed,LAPCT
formal_experiment10_algorithm_comparison,prefix64,6,2560305621,LAPCT,399056726,10000,96,ok,,scenario_label=prefix64,LAPCT
formal_experiment10_algorithm_comparison,prefix72,6,3673910054,LAPCT,617487657,10000,96,ok,,scenario_label=prefix72,LAPCT
formal_experiment10_algorithm_comparison,prefix80,6,2524613736,LAPCT,2164238344,10000,96,ok,,scenario_label=prefix80,LAPCT
formal_experiment10_algorithm_comparison,dispersed,6,4228533201,LAPCT,639579336,10000,96,ok,,scenario_label=dispersed,LAPCT
formal_experiment10_algorithm_comparison,sequential,6,2814513920,LAPCT,289156825,10000,96,ok,,scenario_label=sequential,LAPCT
formal_experiment10_algorithm_comparison,clustered,6,4149466484,LAPCT,2891841582,10000,96,ok,,scenario_label=clustered,LAPCT
formal_experiment10_algorithm_comparison,random,7,430504557,LAPCT,45540691,10000,96,ok,,scenario_label=random,LAPCT
formal_experiment10_algorithm_comparison,prefixed,7,968297227,LAPCT,2315446851,10000,96,ok,,scenario_label=prefixed,LAPCT
formal_experiment10_algorithm_comparison,prefix64,7,1285056138,LAPCT,2685760714,10000,96,ok,,scenario_label=prefix64,LAPCT
formal_experiment10_algorithm_comparison,prefix72,7,108678447,LAPCT,1570411932,10000,96,ok,,scenario_label=prefix72,LAPCT
formal_experiment10_algorithm_comparison,prefix80,7,2075071502,LAPCT,3409463578,10000,96,ok,,scenario_label=prefix80,LAPCT
formal_experiment10_algorithm_comparison,dispersed,7,3483887618,LAPCT,2951736366,10000,96,ok,,scenario_label=dispersed,LAPCT
formal_experiment10_algorithm_comparison,sequential,7,1089799207,LAPCT,498798045,10000,96,ok,,scenario_label=sequential,LAPCT
formal_experiment10_algorithm_comparison,clustered,7,1659200484,LAPCT,1833936169,10000,96,ok,,scenario_label=clustered,LAPCT
formal_experiment10_algorithm_comparison,random,8,2123175754,LAPCT,3159345202,10000,96,ok,,scenario_label=random,LAPCT
formal_experiment10_algorithm_comparison,prefixed,8,3724191092,LAPCT,3766744815,10000,96,ok,,scenario_label=prefixed,LAPCT
formal_experiment10_algorithm_comparison,prefix64,8,3747759999,LAPCT,1777011877,10000,96,ok,,scenario_label=prefix64,LAPCT
formal_experiment10_algorithm_comparison,prefix72,8,3944130523,LAPCT,2218447050,10000,96,ok,,scenario_label=prefix72,LAPCT
formal_experiment10_algorithm_comparison,prefix80,8,2877063911,LAPCT,1528321157,10000,96,ok,,scenario_label=prefix80,LAPCT
formal_experiment10_algorithm_comparison,dispersed,8,1326794289,LAPCT,1621294251,10000,96,ok,,scenario_label=dispersed,LAPCT
formal_experiment10_algorithm_comparison,sequential,8,464962871,LAPCT,336187783,10000,96,ok,,scenario_label=sequential,LAPCT
formal_experiment10_algorithm_comparison,clustered,8,4146325891,LAPCT,3958571299,10000,96,ok,,scenario_label=clustered,LAPCT
formal_experiment10_algorithm_comparison,random,9,1156999555,LAPCT,3482521099,10000,96,ok,,scenario_label=random,LAPCT
formal_experiment10_algorithm_comparison,prefixed,9,138744347,LAPCT,2982067357,10000,96,ok,,scenario_label=prefixed,LAPCT
formal_experiment10_algorithm_comparison,prefix64,9,3105645739,LAPCT,998045049,10000,96,ok,,scenario_label=prefix64,LAPCT
formal_experiment10_algorithm_comparison,prefix72,9,3839497446,LAPCT,1667813423,10000,96,ok,,scenario_label=prefix72,LAPCT
formal_experiment10_algorithm_comparison,prefix80,9,923924336,LAPCT,3780692058,10000,96,ok,,scenario_label=prefix80,LAPCT
formal_experiment10_algorithm_comparison,dispersed,9,2289044336,LAPCT,4202579022,10000,96,ok,,scenario_label=dispersed,LAPCT
formal_experiment10_algorithm_comparison,sequential,9,1819612831,LAPCT,2760521429,10000,96,ok,,scenario_label=sequential,LAPCT
formal_experiment10_algorithm_comparison,clustered,9,2410991351,LAPCT,1637367749,10000,96,ok,,scenario_label=clustered,LAPCT
formal_experiment10_algorithm_comparison,random,10,3409120913,LAPCT,266138510,10000,96,ok,,scenario_label=random,LAPCT
formal_experiment10_algorithm_comparison,prefixed,10,1612835902,LAPCT,349024366,10000,96,ok,,scenario_label=prefixed,LAPCT
formal_experiment10_algorithm_comparison,prefix64,10,1342461640,LAPCT,1068020758,10000,96,ok,,scenario_label=prefix64,LAPCT
formal_experiment10_algorithm_comparison,prefix72,10,3699530451,LAPCT,1624940945,10000,96,ok,,scenario_label=prefix72,LAPCT
formal_experiment10_algorithm_comparison,prefix80,10,959927471,LAPCT,858984841,10000,96,ok,,scenario_label=prefix80,LAPCT
formal_experiment10_algorithm_comparison,dispersed,10,1416169167,LAPCT,1688449362,10000,96,ok,,scenario_label=dispersed,LAPCT
formal_experiment10_algorithm_comparison,sequential,10,2509121869,LAPCT,3834063039,10000,96,ok,,scenario_label=sequential,LAPCT
formal_experiment10_algorithm_comparison,clustered,10,1497064732,LAPCT,1773992713,10000,96,ok,,scenario_label=clustered,LAPCT
formal_experiment10_algorithm_comparison,random,11,304725238,LAPCT,531294791,10000,96,ok,,scenario_label=random,LAPCT
formal_experiment10_algorithm_comparison,prefixed,11,1701264339,LAPCT,2541710015,10000,96,ok,,scenario_label=prefixed,LAPCT
formal_experiment10_algorithm_comparison,prefix64,11,2849293153,LAPCT,3301328794,10000,96,ok,,scenario_label=prefix64,LAPCT
formal_experiment10_algorithm_comparison,prefix72,11,1544784903,LAPCT,1783955402,10000,96,ok,,scenario_label=prefix72,LAPCT
formal_experiment10_algorithm_comparison,prefix80,11,3015158801,LAPCT,1585281719,10000,96,ok,,scenario_label=prefix80,LAPCT
formal_experiment10_algorithm_comparison,dispersed,11,418844889,LAPCT,1648529015,10000,96,ok,,scenario_label=dispersed,LAPCT
formal_experiment10_algorithm_comparison,sequential,11,4252184221,LAPCT,2343484163,10000,96,ok,,scenario_label=sequential,LAPCT
formal_experiment10_algorithm_comparison,clustered,11,1654947796,LAPCT,2409790034,10000,96,ok,,scenario_label=clustered,LAPCT
formal_experiment10_algorithm_comparison,random,12,2060045378,LAPCT,4163870147,10000,96,ok,,scenario_label=random,LAPCT
formal_experiment10_algorithm_comparison,prefixed,12,2090748561,LAPCT,788061066,10000,96,ok,,scenario_label=prefixed,LAPCT
formal_experiment10_algorithm_comparison,prefix64,12,3119637419,LAPCT,869025895,10000,96,ok,,scenario_label=prefix64,LAPCT
formal_experiment10_algorithm_comparison,prefix72,12,4135667632,LAPCT,3315742174,10000,96,ok,,scenario_label=prefix72,LAPCT
formal_experiment10_algorithm_comparison,prefix80,12,235991746,LAPCT,257153919,10000,96,ok,,scenario_label=prefix80,LAPCT
formal_experiment10_algorithm_comparison,dispersed,12,1779197397,LAPCT,2211135856,10000,96,ok,,scenario_label=dispersed,LAPCT
formal_experiment10_algorithm_comparison,sequential,12,598408119,LAPCT,1851989990,10000,96,ok,,scenario_label=sequential,LAPCT
formal_experiment10_algorithm_comparison,clustered,12,1632175688,LAPCT,560916401,10000,96,ok,,scenario_label=clustered,LAPCT
formal_experiment10_algorithm_comparison,random,13,4060208555,LAPCT,2488705747,10000,96,ok,,scenario_label=random,LAPCT
formal_experiment10_algorithm_comparison,prefixed,13,1330638782,LAPCT,2941274989,10000,96,ok,,scenario_label=prefixed,LAPCT
formal_experiment10_algorithm_comparison,prefix64,13,3229840205,LAPCT,2660090843,10000,96,ok,,scenario_label=prefix64,LAPCT
formal_experiment10_algorithm_comparison,prefix72,13,2885341494,LAPCT,1960601693,10000,96,ok,,scenario_label=prefix72,LAPCT
formal_experiment10_algorithm_comparison,prefix80,13,2359772976,LAPCT,2674111328,10000,96,ok,,scenario_label=prefix80,LAPCT
formal_experiment10_algorithm_comparison,dispersed,13,3815732145,LAPCT,1484018540,10000,96,ok,,scenario_label=dispersed,LAPCT
formal_experiment10_algorithm_comparison,sequential,13,3109578896,LAPCT,494394725,10000,96,ok,,scenario_label=sequential,LAPCT
formal_experiment10_algorithm_comparison,clustered,13,286329085,LAPCT,4234449717,10000,96,ok,,scenario_label=clustered,LAPCT
formal_experiment10_algorithm_comparison,random,14,338370732,LAPCT,3706865205,10000,96,ok,,scenario_label=random,LAPCT
formal_experiment10_algorithm_comparison,prefixed,14,1383110064,LAPCT,15732404,10000,96,ok,,scenario_label=prefixed,LAPCT
formal_experiment10_algorithm_comparison,prefix64,14,2166853789,LAPCT,2086391254,10000,96,ok,,scenario_label=prefix64,LAPCT
formal_experiment10_algorithm_comparison,prefix72,14,314404237,LAPCT,195998329,10000,96,ok,,scenario_label=prefix72,LAPCT
formal_experiment10_algorithm_comparison,prefix80,14,2419352845,LAPCT,36292358,10000,96,ok,,scenario_label=prefix80,LAPCT
formal_experiment10_algorithm_comparison,dispersed,14,3005302956,LAPCT,2765630696,10000,96,ok,,scenario_label=dispersed,LAPCT
formal_experiment10_algorithm_comparison,sequential,14,2012366791,LAPCT,2212208580,10000,96,ok,,scenario_label=sequential,LAPCT
formal_experiment10_algorithm_comparison,clustered,14,844575883,LAPCT,3098383819,10000,96,ok,,scenario_label=clustered,LAPCT
formal_experiment10_algorithm_comparison,random,15,3150236223,LAPCT,3248009012,10000,96,ok,,scenario_label=random,LAPCT
formal_experiment10_algorithm_comparison,prefixed,15,3900451069,LAPCT,353865789,10000,96,ok,,scenario_label=prefixed,LAPCT
formal_experiment10_algorithm_comparison,prefix64,15,1087024520,LAPCT,1700549579,10000,96,ok,,scenario_label=prefix64,LAPCT
formal_experiment10_algorithm_comparison,prefix72,15,3683200937,LAPCT,3539203538,10000,96,ok,,scenario_label=prefix72,LAPCT
formal_experiment10_algorithm_comparison,prefix80,15,3661251964,LAPCT,3033353373,10000,96,ok,,scenario_label=prefix80,LAPCT
formal_experiment10_algorithm_comparison,dispersed,15,721136372,LAPCT,516508325,10000,96,ok,,scenario_label=dispersed,LAPCT
formal_experiment10_algorithm_comparison,sequential,15,2481232546,LAPCT,447939436,10000,96,ok,,scenario_label=sequential,LAPCT
formal_experiment10_algorithm_comparison,clustered,15,4075594883,LAPCT,3143643073,10000,96,ok,,scenario_label=clustered,LAPCT
formal_experiment10_algorithm_comparison,random,16,988902021,LAPCT,3831326927,10000,96,ok,,scenario_label=random,LAPCT
formal_experiment10_algorithm_comparison,prefixed,16,1825783292,LAPCT,602002310,10000,96,ok,,scenario_label=prefixed,LAPCT
formal_experiment10_algorithm_comparison,prefix64,16,1331422560,LAPCT,3979202816,10000,96,ok,,scenario_label=prefix64,LAPCT
formal_experiment10_algorithm_comparison,prefix72,16,2842376837,LAPCT,2345811338,10000,96,ok,,scenario_label=prefix72,LAPCT
formal_experiment10_algorithm_comparison,prefix80,16,119107535,LAPCT,2689863358,10000,96,ok,,scenario_label=prefix80,LAPCT
formal_experiment10_algorithm_comparison,dispersed,16,2327042042,LAPCT,673459554,10000,96,ok,,scenario_label=dispersed,LAPCT
formal_experiment10_algorithm_comparison,sequential,16,1105529789,LAPCT,2616848896,10000,96,ok,,scenario_label=sequential,LAPCT
formal_experiment10_algorithm_comparison,clustered,16,496171624,LAPCT,2308642360,10000,96,ok,,scenario_label=clustered,LAPCT
formal_experiment10_algorithm_comparison,random,17,2224189429,LAPCT,3440199115,10000,96,ok,,scenario_label=random,LAPCT
formal_experiment10_algorithm_comparison,prefixed,17,288395540,LAPCT,3623049007,10000,96,ok,,scenario_label=prefixed,LAPCT
formal_experiment10_algorithm_comparison,prefix64,17,2651751378,LAPCT,378679371,10000,96,ok,,scenario_label=prefix64,LAPCT
formal_experiment10_algorithm_comparison,prefix72,17,2996846514,LAPCT,3179850817,10000,96,ok,,scenario_label=prefix72,LAPCT
formal_experiment10_algorithm_comparison,prefix80,17,1676046437,LAPCT,1661153998,10000,96,ok,,scenario_label=prefix80,LAPCT
formal_experiment10_algorithm_comparison,dispersed,17,235530803,LAPCT,1433829898,10000,96,ok,,scenario_label=dispersed,LAPCT
formal_experiment10_algorithm_comparison,sequential,17,576396880,LAPCT,659417785,10000,96,ok,,scenario_label=sequential,LAPCT
formal_experiment10_algorithm_comparison,clustered,17,1717550807,LAPCT,2133894587,10000,96,ok,,scenario_label=clustered,LAPCT
formal_experiment10_algorithm_comparison,random,18,3998393979,LAPCT,2815442533,10000,96,ok,,scenario_label=random,LAPCT
formal_experiment10_algorithm_comparison,prefixed,18,2356458670,LAPCT,1010213916,10000,96,ok,,scenario_label=prefixed,LAPCT
formal_experiment10_algorithm_comparison,prefix64,18,1114579400,LAPCT,3701600560,10000,96,ok,,scenario_label=prefix64,LAPCT
formal_experiment10_algorithm_comparison,prefix72,18,2056936186,LAPCT,2391197443,10000,96,ok,,scenario_label=prefix72,LAPCT
formal_experiment10_algorithm_comparison,prefix80,18,3572978440,LAPCT,2286739161,10000,96,ok,,scenario_label=prefix80,LAPCT
formal_experiment10_algorithm_comparison,dispersed,18,3630574312,LAPCT,132612345,10000,96,ok,,scenario_label=dispersed,LAPCT
formal_experiment10_algorithm_comparison,sequential,18,555601650,LAPCT,1620734084,10000,96,ok,,scenario_label=sequential,LAPCT
formal_experiment10_algorithm_comparison,clustered,18,3697359989,LAPCT,1058233182,10000,96,ok,,scenario_label=clustered,LAPCT
formal_experiment10_algorithm_comparison,random,19,2094226776,LAPCT,1085372200,10000,96,ok,,scenario_label=random,LAPCT
formal_experiment10_algorithm_comparison,prefixed,19,2801155553,LAPCT,593688728,10000,96,ok,,scenario_label=prefixed,LAPCT
formal_experiment10_algorithm_comparison,prefix64,19,1462923349,LAPCT,1336536025,10000,96,ok,,scenario_label=prefix64,LAPCT
formal_experiment10_algorithm_comparison,prefix72,19,864380945,LAPCT,3179252911,10000,96,ok,,scenario_label=prefix72,LAPCT
formal_experiment10_algorithm_comparison,prefix80,19,3959937795,LAPCT,2983038140,10000,96,ok,,scenario_label=prefix80,LAPCT
formal_experiment10_algorithm_comparison,dispersed,19,1188669765,LAPCT,4058030357,10000,96,ok,,scenario_label=dispersed,LAPCT
formal_experiment10_algorithm_comparison,sequential,19,4068575958,LAPCT,2255152935,10000,96,ok,,scenario_label=sequential,LAPCT
formal_experiment10_algorithm_comparison,clustered,19,122151701,LAPCT,746729163,10000,96,ok,,scenario_label=clustered,LAPCT
formal_experiment10_algorithm_comparison,random,20,3422504533,LAPCT,1615623211,10000,96,ok,,scenario_label=random,LAPCT
formal_experiment10_algorithm_comparison,prefixed,20,4232883932,LAPCT,1944267526,10000,96,ok,,scenario_label=prefixed,LAPCT
formal_experiment10_algorithm_comparison,prefix64,20,3678638554,LAPCT,2910152416,10000,96,ok,,scenario_label=prefix64,LAPCT
formal_experiment10_algorithm_comparison,prefix72,20,1435960876,LAPCT,2443903201,10000,96,ok,,scenario_label=prefix72,LAPCT
formal_experiment10_algorithm_comparison,prefix80,20,1447386439,LAPCT,2915319326,10000,96,ok,,scenario_label=prefix80,LAPCT
formal_experiment10_algorithm_comparison,dispersed,20,1490620412,LAPCT,3673932204,10000,96,ok,,scenario_label=dispersed,LAPCT
formal_experiment10_algorithm_comparison,sequential,20,36137704,LAPCT,3291778653,10000,96,ok,,scenario_label=sequential,LAPCT
formal_experiment10_algorithm_comparison,clustered,20,3072805405,LAPCT,1813291215,10000,96,ok,,scenario_label=clustered,LAPCT
formal_experiment10_algorithm_comparison,random,21,2767190040,LAPCT,3920071181,10000,96,ok,,scenario_label=random,LAPCT
formal_experiment10_algorithm_comparison,prefixed,21,687968857,LAPCT,3391512173,10000,96,ok,,scenario_label=prefixed,LAPCT
formal_experiment10_algorithm_comparison,prefix64,21,138882790,LAPCT,1340616526,10000,96,ok,,scenario_label=prefix64,LAPCT
formal_experiment10_algorithm_comparison,prefix72,21,2856226622,LAPCT,3946556574,10000,96,ok,,scenario_label=prefix72,LAPCT
formal_experiment10_algorithm_comparison,prefix80,21,773447700,LAPCT,4218393331,10000,96,ok,,scenario_label=prefix80,LAPCT
formal_experiment10_algorithm_comparison,dispersed,21,3190063457,LAPCT,236372501,10000,96,ok,,scenario_label=dispersed,LAPCT
formal_experiment10_algorithm_comparison,sequential,21,3175350032,LAPCT,3554745695,10000,96,ok,,scenario_label=sequential,LAPCT
formal_experiment10_algorithm_comparison,clustered,21,3147787421,LAPCT,1789549616,10000,96,ok,,scenario_label=clustered,LAPCT
formal_experiment10_algorithm_comparison,random,22,1236592999,LAPCT,4062967065,10000,96,ok,,scenario_label=random,LAPCT
formal_experiment10_algorithm_comparison,prefixed,22,2490750245,LAPCT,1616559200,10000,96,ok,,scenario_label=prefixed,LAPCT
formal_experiment10_algorithm_comparison,prefix64,22,2799955695,LAPCT,1605462659,10000,96,ok,,scenario_label=prefix64,LAPCT
formal_experiment10_algorithm_comparison,prefix72,22,1176494308,LAPCT,2586466068,10000,96,ok,,scenario_label=prefix72,LAPCT
formal_experiment10_algorithm_comparison,prefix80,22,1933229166,LAPCT,1880888888,10000,96,ok,,scenario_label=prefix80,LAPCT
formal_experiment10_algorithm_comparison,dispersed,22,2884021080,LAPCT,1014667318,10000,96,ok,,scenario_label=dispersed,LAPCT
formal_experiment10_algorithm_comparison,sequential,22,718727290,LAPCT,3428691263,10000,96,ok,,scenario_label=sequential,LAPCT
formal_experiment10_algorithm_comparison,clustered,22,2093052601,LAPCT,3131866258,10000,96,ok,,scenario_label=clustered,LAPCT
formal_experiment10_algorithm_comparison,random,23,1587936834,LAPCT,866205621,10000,96,ok,,scenario_label=random,LAPCT
formal_experiment10_algorithm_comparison,prefixed,23,1648471287,LAPCT,152779878,10000,96,ok,,scenario_label=prefixed,LAPCT
formal_experiment10_algorithm_comparison,prefix64,23,364435406,LAPCT,3974201510,10000,96,ok,,scenario_label=prefix64,LAPCT
formal_experiment10_algorithm_comparison,prefix72,23,3017230718,LAPCT,1607582078,10000,96,ok,,scenario_label=prefix72,LAPCT
formal_experiment10_algorithm_comparison,prefix80,23,3937857360,LAPCT,1220626425,10000,96,ok,,scenario_label=prefix80,LAPCT
formal_experiment10_algorithm_comparison,dispersed,23,1487873236,LAPCT,4226978073,10000,96,ok,,scenario_label=dispersed,LAPCT
formal_experiment10_algorithm_comparison,sequential,23,1258431547,LAPCT,2115721200,10000,96,ok,,scenario_label=sequential,LAPCT
formal_experiment10_algorithm_comparison,clustered,23,1999349207,LAPCT,1953643660,10000,96,ok,,scenario_label=clustered,LAPCT
formal_experiment10_algorithm_comparison,random,24,4015954273,LAPCT,2305442925,10000,96,ok,,scenario_label=random,LAPCT
formal_experiment10_algorithm_comparison,prefixed,24,1786454360,LAPCT,3539388592,10000,96,ok,,scenario_label=prefixed,LAPCT
formal_experiment10_algorithm_comparison,prefix64,24,1605905099,LAPCT,1738572266,10000,96,ok,,scenario_label=prefix64,LAPCT
formal_experiment10_algorithm_comparison,prefix72,24,1141157572,LAPCT,2865072087,10000,96,ok,,scenario_label=prefix72,LAPCT
formal_experiment10_algorithm_comparison,prefix80,24,3693791333,LAPCT,4057198217,10000,96,ok,,scenario_label=prefix80,LAPCT
formal_experiment10_algorithm_comparison,dispersed,24,3327095736,LAPCT,4204728198,10000,96,ok,,scenario_label=dispersed,LAPCT
formal_experiment10_algorithm_comparison,sequential,24,3365623594,LAPCT,4082143368,10000,96,ok,,scenario_label=sequential,LAPCT
formal_experiment10_algorithm_comparison,clustered,24,2076634887,LAPCT,2971163098,10000,96,ok,,scenario_label=clustered,LAPCT
formal_experiment10_algorithm_comparison,random,25,798146029,LAPCT,3014623247,10000,96,ok,,scenario_label=random,LAPCT
formal_experiment10_algorithm_comparison,prefixed,25,924758938,LAPCT,1476098282,10000,96,ok,,scenario_label=prefixed,LAPCT
formal_experiment10_algorithm_comparison,prefix64,25,276170494,LAPCT,3596437095,10000,96,ok,,scenario_label=prefix64,LAPCT
formal_experiment10_algorithm_comparison,prefix72,25,3354368970,LAPCT,1655085863,10000,96,ok,,scenario_label=prefix72,LAPCT
formal_experiment10_algorithm_comparison,prefix80,25,2005908186,LAPCT,1908584889,10000,96,ok,,scenario_label=prefix80,LAPCT
formal_experiment10_algorithm_comparison,dispersed,25,252742347,LAPCT,1737368558,10000,96,ok,,scenario_label=dispersed,LAPCT
formal_experiment10_algorithm_comparison,sequential,25,2509309594,LAPCT,960731845,10000,96,ok,,scenario_label=sequential,LAPCT
formal_experiment10_algorithm_comparison,clustered,25,166869229,LAPCT,3449406851,10000,96,ok,,scenario_label=clustered,LAPCT
formal_experiment10_algorithm_comparison,random,26,3286019119,LAPCT,1725880455,10000,96,ok,,scenario_label=random,LAPCT
formal_experiment10_algorithm_comparison,prefixed,26,1795450453,LAPCT,1966842094,10000,96,ok,,scenario_label=prefixed,LAPCT
formal_experiment10_algorithm_comparison,prefix64,26,2925529590,LAPCT,1447985906,10000,96,ok,,scenario_label=prefix64,LAPCT
formal_experiment10_algorithm_comparison,prefix72,26,596174526,LAPCT,4141449681,10000,96,ok,,scenario_label=prefix72,LAPCT
formal_experiment10_algorithm_comparison,prefix80,26,3276034574,LAPCT,2218773591,10000,96,ok,,scenario_label=prefix80,LAPCT
formal_experiment10_algorithm_comparison,dispersed,26,2536907153,LAPCT,1375143409,10000,96,ok,,scenario_label=dispersed,LAPCT
formal_experiment10_algorithm_comparison,sequential,26,3016514165,LAPCT,3486816924,10000,96,ok,,scenario_label=sequential,LAPCT
formal_experiment10_algorithm_comparison,clustered,26,3738417298,LAPCT,972428988,10000,96,ok,,scenario_label=clustered,LAPCT
formal_experiment10_algorithm_comparison,random,27,1371178209,LAPCT,3724376472,10000,96,ok,,scenario_label=random,LAPCT
formal_experiment10_algorithm_comparison,prefixed,27,2433723863,LAPCT,1509195289,10000,96,ok,,scenario_label=prefixed,LAPCT
formal_experiment10_algorithm_comparison,prefix64,27,2681084984,LAPCT,1239678014,10000,96,ok,,scenario_label=prefix64,LAPCT
formal_experiment10_algorithm_comparison,prefix72,27,2354148920,LAPCT,2502228169,10000,96,ok,,scenario_label=prefix72,LAPCT
formal_experiment10_algorithm_comparison,prefix80,27,2850241236,LAPCT,1934428501,10000,96,ok,,scenario_label=prefix80,LAPCT
formal_experiment10_algorithm_comparison,dispersed,27,353634476,LAPCT,2467451337,10000,96,ok,,scenario_label=dispersed,LAPCT
formal_experiment10_algorithm_comparison,sequential,27,3444853128,LAPCT,4052340832,10000,96,ok,,scenario_label=sequential,LAPCT
formal_experiment10_algorithm_comparison,clustered,27,1841632199,LAPCT,4164330778,10000,96,ok,,scenario_label=clustered,LAPCT
formal_experiment10_algorithm_comparison,random,28,2229965917,LAPCT,245581070,10000,96,ok,,scenario_label=random,LAPCT
formal_experiment10_algorithm_comparison,prefixed,28,2839760260,LAPCT,2515208143,10000,96,ok,,scenario_label=prefixed,LAPCT
formal_experiment10_algorithm_comparison,prefix64,28,1447320722,LAPCT,321331757,10000,96,ok,,scenario_label=prefix64,LAPCT
formal_experiment10_algorithm_comparison,prefix72,28,2480472296,LAPCT,2349620724,10000,96,ok,,scenario_label=prefix72,LAPCT
formal_experiment10_algorithm_comparison,prefix80,28,189231546,LAPCT,4000516815,10000,96,ok,,scenario_label=prefix80,LAPCT
formal_experiment10_algorithm_comparison,dispersed,28,486142359,LAPCT,1253217474,10000,96,ok,,scenario_label=dispersed,LAPCT
formal_experiment10_algorithm_comparison,sequential,28,3005013483,LAPCT,208593667,10000,96,ok,,scenario_label=sequential,LAPCT
formal_experiment10_algorithm_comparison,clustered,28,904872953,LAPCT,1665092029,10000,96,ok,,scenario_label=clustered,LAPCT
formal_experiment10_algorithm_comparison,random,29,1577098209,LAPCT,4205464245,10000,96,ok,,scenario_label=random,LAPCT
formal_experiment10_algorithm_comparison,prefixed,29,1296804900,LAPCT,3617781418,10000,96,ok,,scenario_label=prefixed,LAPCT
formal_experiment10_algorithm_comparison,prefix64,29,505043851,LAPCT,2966943736,10000,96,ok,,scenario_label=prefix64,LAPCT
formal_experiment10_algorithm_comparison,prefix72,29,2658790611,LAPCT,4083001474,10000,96,ok,,scenario_label=prefix72,LAPCT
formal_experiment10_algorithm_comparison,prefix80,29,1429797341,LAPCT,183660616,10000,96,ok,,scenario_label=prefix80,LAPCT
formal_experiment10_algorithm_comparison,dispersed,29,2273552703,LAPCT,672969320,10000,96,ok,,scenario_label=dispersed,LAPCT
formal_experiment10_algorithm_comparison,sequential,29,3899432569,LAPCT,3169682038,10000,96,ok,,scenario_label=sequential,LAPCT
formal_experiment10_algorithm_comparison,clustered,29,916823294,LAPCT,3677847172,10000,96,ok,,scenario_label=clustered,LAPCT
formal_experiment10_algorithm_comparison,random,30,2757994122,LAPCT,4103007906,10000,96,ok,,scenario_label=random,LAPCT
formal_experiment10_algorithm_comparison,prefixed,30,429058329,LAPCT,369088461,10000,96,ok,,scenario_label=prefixed,LAPCT
formal_experiment10_algorithm_comparison,prefix64,30,1168910017,LAPCT,1932913950,10000,96,ok,,scenario_label=prefix64,LAPCT
formal_experiment10_algorithm_comparison,prefix72,30,2954858719,LAPCT,3148394800,10000,96,ok,,scenario_label=prefix72,LAPCT
formal_experiment10_algorithm_comparison,prefix80,30,1066354187,LAPCT,4142658578,10000,96,ok,,scenario_label=prefix80,LAPCT
formal_experiment10_algorithm_comparison,dispersed,30,1918572727,LAPCT,3901987682,10000,96,ok,,scenario_label=dispersed,LAPCT
formal_experiment10_algorithm_comparison,sequential,30,4168150786,LAPCT,64045781,10000,96,ok,,scenario_label=sequential,LAPCT
formal_experiment10_algorithm_comparison,clustered,30,3098412365,LAPCT,2459551025,10000,96,ok,,scenario_label=clustered,LAPCT
formal_experiment10_algorithm_comparison,random,31,3134118358,LAPCT,2765642086,10000,96,ok,,scenario_label=random,LAPCT
formal_experiment10_algorithm_comparison,prefixed,31,2310922343,LAPCT,1995684215,10000,96,ok,,scenario_label=prefixed,LAPCT
formal_experiment10_algorithm_comparison,prefix64,31,952998658,LAPCT,642347509,10000,96,ok,,scenario_label=prefix64,LAPCT
formal_experiment10_algorithm_comparison,prefix72,31,2497969375,LAPCT,1472679537,10000,96,ok,,scenario_label=prefix72,LAPCT
formal_experiment10_algorithm_comparison,prefix80,31,1189282690,LAPCT,2652717074,10000,96,ok,,scenario_label=prefix80,LAPCT
formal_experiment10_algorithm_comparison,dispersed,31,746579052,LAPCT,3549361037,10000,96,ok,,scenario_label=dispersed,LAPCT
formal_experiment10_algorithm_comparison,sequential,31,1533274363,LAPCT,2828349967,10000,96,ok,,scenario_label=sequential,LAPCT
formal_experiment10_algorithm_comparison,clustered,31,1250494512,LAPCT,2611891651,10000,96,ok,,scenario_label=clustered,LAPCT
formal_experiment10_algorithm_comparison,random,32,1187568275,LAPCT,982868632,10000,96,ok,,scenario_label=random,LAPCT
formal_experiment10_algorithm_comparison,prefixed,32,1421696467,LAPCT,1906427059,10000,96,ok,,scenario_label=prefixed,LAPCT
formal_experiment10_algorithm_comparison,prefix64,32,758215180,LAPCT,91442361,10000,96,ok,,scenario_label=prefix64,LAPCT
formal_experiment10_algorithm_comparison,prefix72,32,3309765357,LAPCT,3233105469,10000,96,ok,,scenario_label=prefix72,LAPCT
formal_experiment10_algorithm_comparison,prefix80,32,2468891489,LAPCT,1545230441,10000,96,ok,,scenario_label=prefix80,LAPCT
formal_experiment10_algorithm_comparison,dispersed,32,461533287,LAPCT,1269158171,10000,96,ok,,scenario_label=dispersed,LAPCT
formal_experiment10_algorithm_comparison,sequential,32,1885192675,LAPCT,3487651270,10000,96,ok,,scenario_label=sequential,LAPCT
formal_experiment10_algorithm_comparison,clustered,32,1700272012,LAPCT,4289017175,10000,96,ok,,scenario_label=clustered,LAPCT
formal_experiment10_algorithm_comparison,random,33,3220564758,LAPCT,1289298324,10000,96,ok,,scenario_label=random,LAPCT
formal_experiment10_algorithm_comparison,prefixed,33,884651060,LAPCT,23062235,10000,96,ok,,scenario_label=prefixed,LAPCT
formal_experiment10_algorithm_comparison,prefix64,33,1343492222,LAPCT,1412323233,10000,96,ok,,scenario_label=prefix64,LAPCT
formal_experiment10_algorithm_comparison,prefix72,33,2989583646,LAPCT,968985756,10000,96,ok,,scenario_label=prefix72,LAPCT
formal_experiment10_algorithm_comparison,prefix80,33,2042364237,LAPCT,3333778469,10000,96,ok,,scenario_label=prefix80,LAPCT
formal_experiment10_algorithm_comparison,dispersed,33,4056207655,LAPCT,2401591887,10000,96,ok,,scenario_label=dispersed,LAPCT
formal_experiment10_algorithm_comparison,sequential,33,1379722936,LAPCT,1221221655,10000,96,ok,,scenario_label=sequential,LAPCT
formal_experiment10_algorithm_comparison,clustered,33,2404355022,LAPCT,2115191297,10000,96,ok,,scenario_label=clustered,LAPCT
formal_experiment10_algorithm_comparison,random,34,3890833141,LAPCT,4215971170,10000,96,ok,,scenario_label=random,LAPCT
formal_experiment10_algorithm_comparison,prefixed,34,1570629048,LAPCT,2525633913,10000,96,ok,,scenario_label=prefixed,LAPCT
formal_experiment10_algorithm_comparison,prefix64,34,2138171961,LAPCT,1728296528,10000,96,ok,,scenario_label=prefix64,LAPCT
formal_experiment10_algorithm_comparison,prefix72,34,3174195124,LAPCT,2376081280,10000,96,ok,,scenario_label=prefix72,LAPCT
formal_experiment10_algorithm_comparison,prefix80,34,2930609793,LAPCT,3108821874,10000,96,ok,,scenario_label=prefix80,LAPCT
formal_experiment10_algorithm_comparison,dispersed,34,1598293287,LAPCT,3561819611,10000,96,ok,,scenario_label=dispersed,LAPCT
formal_experiment10_algorithm_comparison,sequential,34,827727748,LAPCT,2001959268,10000,96,ok,,scenario_label=sequential,LAPCT
formal_experiment10_algorithm_comparison,clustered,34,3877182081,LAPCT,2753043193,10000,96,ok,,scenario_label=clustered,LAPCT
formal_experiment10_algorithm_comparison,random,35,1035152157,LAPCT,896544836,10000,96,ok,,scenario_label=random,LAPCT
formal_experiment10_algorithm_comparison,prefixed,35,1105641727,LAPCT,2106001236,10000,96,ok,,scenario_label=prefixed,LAPCT
formal_experiment10_algorithm_comparison,prefix64,35,2141900738,LAPCT,2198901894,10000,96,ok,,scenario_label=prefix64,LAPCT
formal_experiment10_algorithm_comparison,prefix72,35,3519922321,LAPCT,825749267,10000,96,ok,,scenario_label=prefix72,LAPCT
formal_experiment10_algorithm_comparison,prefix80,35,2068117885,LAPCT,1506464537,10000,96,ok,,scenario_label=prefix80,LAPCT
formal_experiment10_algorithm_comparison,dispersed,35,3459662668,LAPCT,4087367754,10000,96,ok,,scenario_label=dispersed,LAPCT
formal_experiment10_algorithm_comparison,sequential,35,3404251095,LAPCT,1950812590,10000,96,ok,,scenario_label=sequential,LAPCT
formal_experiment10_algorithm_comparison,clustered,35,2734262170,LAPCT,798904084,10000,96,ok,,scenario_label=clustered,LAPCT
formal_experiment10_algorithm_comparison,random,36,2776766623,LAPCT,2742248733,10000,96,ok,,scenario_label=random,LAPCT
formal_experiment10_algorithm_comparison,prefixed,36,4190072160,LAPCT,1558608344,10000,96,ok,,scenario_label=prefixed,LAPCT
formal_experiment10_algorithm_comparison,prefix64,36,561378811,LAPCT,1740889403,10000,96,ok,,scenario_label=prefix64,LAPCT
formal_experiment10_algorithm_comparison,prefix72,36,2007475420,LAPCT,4260853178,10000,96,ok,,scenario_label=prefix72,LAPCT
formal_experiment10_algorithm_comparison,prefix80,36,4047784356,LAPCT,2690400923,10000,96,ok,,scenario_label=prefix80,LAPCT
formal_experiment10_algorithm_comparison,dispersed,36,1475087155,LAPCT,1931932561,10000,96,ok,,scenario_label=dispersed,LAPCT
formal_experiment10_algorithm_comparison,sequential,36,3955139490,LAPCT,2304162068,10000,96,ok,,scenario_label=sequential,LAPCT
formal_experiment10_algorithm_comparison,clustered,36,2167738248,LAPCT,1062211791,10000,96,ok,,scenario_label=clustered,LAPCT
formal_experiment10_algorithm_comparison,random,37,3778314031,LAPCT,1875463965,10000,96,ok,,scenario_label=random,LAPCT
formal_experiment10_algorithm_comparison,prefixed,37,3981120096,LAPCT,4146715886,10000,96,ok,,scenario_label=prefixed,LAPCT
formal_experiment10_algorithm_comparison,prefix64,37,2494735147,LAPCT,1882029022,10000,96,ok,,scenario_label=prefix64,LAPCT
formal_experiment10_algorithm_comparison,prefix72,37,2122645248,LAPCT,3415135416,10000,96,ok,,scenario_label=prefix72,LAPCT
formal_experiment10_algorithm_comparison,prefix80,37,4132614700,LAPCT,1670733030,10000,96,ok,,scenario_label=prefix80,LAPCT
formal_experiment10_algorithm_comparison,dispersed,37,1445120987,LAPCT,692000106,10000,96,ok,,scenario_label=dispersed,LAPCT
formal_experiment10_algorithm_comparison,sequential,37,4059102190,LAPCT,687531915,10000,96,ok,,scenario_label=sequential,LAPCT
formal_experiment10_algorithm_comparison,clustered,37,2101678517,LAPCT,2220683510,10000,96,ok,,scenario_label=clustered,LAPCT
formal_experiment10_algorithm_comparison,random,38,2697138671,LAPCT,2879102503,10000,96,ok,,scenario_label=random,LAPCT
formal_experiment10_algorithm_comparison,prefixed,38,248821944,LAPCT,3271328308,10000,96,ok,,scenario_label=prefixed,LAPCT
formal_experiment10_algorithm_comparison,prefix64,38,1648957073,LAPCT,4092711033,10000,96,ok,,scenario_label=prefix64,LAPCT
formal_experiment10_algorithm_comparison,prefix72,38,551118561,LAPCT,14349008,10000,96,ok,,scenario_label=prefix72,LAPCT
formal_experiment10_algorithm_comparison,prefix80,38,2176443634,LAPCT,3845940631,10000,96,ok,,scenario_label=prefix80,LAPCT
formal_experiment10_algorithm_comparison,dispersed,38,1295320453,LAPCT,2939240857,10000,96,ok,,scenario_label=dispersed,LAPCT
formal_experiment10_algorithm_comparison,sequential,38,1532549816,LAPCT,3721895902,10000,96,ok,,scenario_label=sequential,LAPCT
formal_experiment10_algorithm_comparison,clustered,38,1315890655,LAPCT,3988177144,10000,96,ok,,scenario_label=clustered,LAPCT
formal_experiment10_algorithm_comparison,random,39,4170876505,LAPCT,1549192312,10000,96,ok,,scenario_label=random,LAPCT
formal_experiment10_algorithm_comparison,prefixed,39,117028918,LAPCT,2696295101,10000,96,ok,,scenario_label=prefixed,LAPCT
formal_experiment10_algorithm_comparison,prefix64,39,3382193401,LAPCT,1845655148,10000,96,ok,,scenario_label=prefix64,LAPCT
formal_experiment10_algorithm_comparison,prefix72,39,3766206041,LAPCT,2993174521,10000,96,ok,,scenario_label=prefix72,LAPCT
formal_experiment10_algorithm_comparison,prefix80,39,1181769842,LAPCT,497546782,10000,96,ok,,scenario_label=prefix80,LAPCT
formal_experiment10_algorithm_comparison,dispersed,39,689222263,LAPCT,1458446943,10000,96,ok,,scenario_label=dispersed,LAPCT
formal_experiment10_algorithm_comparison,sequential,39,492811461,LAPCT,1099150559,10000,96,ok,,scenario_label=sequential,LAPCT
formal_experiment10_algorithm_comparison,clustered,39,550238148,LAPCT,2468208643,10000,96,ok,,scenario_label=clustered,LAPCT
formal_experiment10_algorithm_comparison,random,40,3450625955,LAPCT,3938941089,10000,96,ok,,scenario_label=random,LAPCT
formal_experiment10_algorithm_comparison,prefixed,40,738262747,LAPCT,3897668182,10000,96,ok,,scenario_label=prefixed,LAPCT
formal_experiment10_algorithm_comparison,prefix64,40,1985651988,LAPCT,3926637211,10000,96,ok,,scenario_label=prefix64,LAPCT
formal_experiment10_algorithm_comparison,prefix72,40,2395566563,LAPCT,3930170155,10000,96,ok,,scenario_label=prefix72,LAPCT
formal_experiment10_algorithm_comparison,prefix80,40,1541212281,LAPCT,1271101158,10000,96,ok,,scenario_label=prefix80,LAPCT
formal_experiment10_algorithm_comparison,dispersed,40,2764666677,LAPCT,1651246191,10000,96,ok,,scenario_label=dispersed,LAPCT
formal_experiment10_algorithm_comparison,sequential,40,1097759754,LAPCT,498952732,10000,96,ok,,scenario_label=sequential,LAPCT
formal_experiment10_algorithm_comparison,clustered,40,2622337710,LAPCT,4192046365,10000,96,ok,,scenario_label=clustered,LAPCT
formal_experiment10_algorithm_comparison,random,41,810163340,LAPCT,1792167805,10000,96,ok,,scenario_label=random,LAPCT
formal_experiment10_algorithm_comparison,prefixed,41,2832028255,LAPCT,2408371081,10000,96,ok,,scenario_label=prefixed,LAPCT
formal_experiment10_algorithm_comparison,prefix64,41,249036306,LAPCT,304214073,10000,96,ok,,scenario_label=prefix64,LAPCT
formal_experiment10_algorithm_comparison,prefix72,41,1115424615,LAPCT,1718817377,10000,96,ok,,scenario_label=prefix72,LAPCT
formal_experiment10_algorithm_comparison,prefix80,41,4200284946,LAPCT,1984702853,10000,96,ok,,scenario_label=prefix80,LAPCT
formal_experiment10_algorithm_comparison,dispersed,41,1243932841,LAPCT,1288064001,10000,96,ok,,scenario_label=dispersed,LAPCT
formal_experiment10_algorithm_comparison,sequential,41,2930733260,LAPCT,410109039,10000,96,ok,,scenario_label=sequential,LAPCT
formal_experiment10_algorithm_comparison,clustered,41,3458394344,LAPCT,4144199672,10000,96,ok,,scenario_label=clustered,LAPCT
formal_experiment10_algorithm_comparison,random,42,1704362005,LAPCT,2971803620,10000,96,ok,,scenario_label=random,LAPCT
formal_experiment10_algorithm_comparison,prefixed,42,3144017342,LAPCT,1068388482,10000,96,ok,,scenario_label=prefixed,LAPCT
formal_experiment10_algorithm_comparison,prefix64,42,1042034839,LAPCT,3049789682,10000,96,ok,,scenario_label=prefix64,LAPCT
formal_experiment10_algorithm_comparison,prefix72,42,2531603473,LAPCT,3211059155,10000,96,ok,,scenario_label=prefix72,LAPCT
formal_experiment10_algorithm_comparison,prefix80,42,4248245683,LAPCT,4252398152,10000,96,ok,,scenario_label=prefix80,LAPCT
formal_experiment10_algorithm_comparison,dispersed,42,971401964,LAPCT,2488884643,10000,96,ok,,scenario_label=dispersed,LAPCT
formal_experiment10_algorithm_comparison,sequential,42,1252099663,LAPCT,1208897443,10000,96,ok,,scenario_label=sequential,LAPCT
formal_experiment10_algorithm_comparison,clustered,42,3084834098,LAPCT,4020109385,10000,96,ok,,scenario_label=clustered,LAPCT
formal_experiment10_algorithm_comparison,random,43,917040789,LAPCT,1015420503,10000,96,ok,,scenario_label=random,LAPCT
formal_experiment10_algorithm_comparison,prefixed,43,601521315,LAPCT,3834320452,10000,96,ok,,scenario_label=prefixed,LAPCT
formal_experiment10_algorithm_comparison,prefix64,43,247146984,LAPCT,2407942831,10000,96,ok,,scenario_label=prefix64,LAPCT
formal_experiment10_algorithm_comparison,prefix72,43,3723101655,LAPCT,1262108941,10000,96,ok,,scenario_label=prefix72,LAPCT
formal_experiment10_algorithm_comparison,prefix80,43,1184894979,LAPCT,3437767043,10000,96,ok,,scenario_label=prefix80,LAPCT
formal_experiment10_algorithm_comparison,dispersed,43,543731670,LAPCT,701634702,10000,96,ok,,scenario_label=dispersed,LAPCT
formal_experiment10_algorithm_comparison,sequential,43,2581054308,LAPCT,998339670,10000,96,ok,,scenario_label=sequential,LAPCT
formal_experiment10_algorithm_comparison,clustered,43,305485960,LAPCT,2821237932,10000,96,ok,,scenario_label=clustered,LAPCT
formal_experiment10_algorithm_comparison,random,44,2757181503,LAPCT,116323998,10000,96,ok,,scenario_label=random,LAPCT
formal_experiment10_algorithm_comparison,prefixed,44,3667808483,LAPCT,962566000,10000,96,ok,,scenario_label=prefixed,LAPCT
formal_experiment10_algorithm_comparison,prefix64,44,3627632042,LAPCT,2333108078,10000,96,ok,,scenario_label=prefix64,LAPCT
formal_experiment10_algorithm_comparison,prefix72,44,112554203,LAPCT,3703708409,10000,96,ok,,scenario_label=prefix72,LAPCT
formal_experiment10_algorithm_comparison,prefix80,44,1838899425,LAPCT,576951895,10000,96,ok,,scenario_label=prefix80,LAPCT
formal_experiment10_algorithm_comparison,dispersed,44,1675694341,LAPCT,2432101445,10000,96,ok,,scenario_label=dispersed,LAPCT
formal_experiment10_algorithm_comparison,sequential,44,2581828915,LAPCT,3675125409,10000,96,ok,,scenario_label=sequential,LAPCT
formal_experiment10_algorithm_comparison,clustered,44,3777667509,LAPCT,1163446863,10000,96,ok,,scenario_label=clustered,LAPCT
formal_experiment10_algorithm_comparison,random,45,3439054340,LAPCT,936598724,10000,96,ok,,scenario_label=random,LAPCT
formal_experiment10_algorithm_comparison,prefixed,45,827713014,LAPCT,2307904138,10000,96,ok,,scenario_label=prefixed,LAPCT
formal_experiment10_algorithm_comparison,prefix64,45,3773143706,LAPCT,3862350861,10000,96,ok,,scenario_label=prefix64,LAPCT
formal_experiment10_algorithm_comparison,prefix72,45,2352996596,LAPCT,2884812552,10000,96,ok,,scenario_label=prefix72,LAPCT
formal_experiment10_algorithm_comparison,prefix80,45,1515211290,LAPCT,2836011324,10000,96,ok,,scenario_label=prefix80,LAPCT
formal_experiment10_algorithm_comparison,dispersed,45,3455145310,LAPCT,826232092,10000,96,ok,,scenario_label=dispersed,LAPCT
formal_experiment10_algorithm_comparison,sequential,45,3536744853,LAPCT,1373976269,10000,96,ok,,scenario_label=sequential,LAPCT
formal_experiment10_algorithm_comparison,clustered,45,3714169138,LAPCT,2902515984,10000,96,ok,,scenario_label=clustered,LAPCT
formal_experiment10_algorithm_comparison,random,46,3762581748,LAPCT,966892899,10000,96,ok,,scenario_label=random,LAPCT
formal_experiment10_algorithm_comparison,prefixed,46,1041196411,LAPCT,2630799237,10000,96,ok,,scenario_label=prefixed,LAPCT
formal_experiment10_algorithm_comparison,prefix64,46,737039505,LAPCT,1777503282,10000,96,ok,,scenario_label=prefix64,LAPCT
formal_experiment10_algorithm_comparison,prefix72,46,1433412071,LAPCT,3376423138,10000,96,ok,,scenario_label=prefix72,LAPCT
formal_experiment10_algorithm_comparison,prefix80,46,2094016510,LAPCT,2965021810,10000,96,ok,,scenario_label=prefix80,LAPCT
formal_experiment10_algorithm_comparison,dispersed,46,3724898785,LAPCT,3174423847,10000,96,ok,,scenario_label=dispersed,LAPCT
formal_experiment10_algorithm_comparison,sequential,46,3086579310,LAPCT,3634280722,10000,96,ok,,scenario_label=sequential,LAPCT
formal_experiment10_algorithm_comparison,clustered,46,3569510457,LAPCT,3737083873,10000,96,ok,,scenario_label=clustered,LAPCT
formal_experiment10_algorithm_comparison,random,47,2402732470,LAPCT,2423643380,10000,96,ok,,scenario_label=random,LAPCT
formal_experiment10_algorithm_comparison,prefixed,47,3749692816,LAPCT,6003500,10000,96,ok,,scenario_label=prefixed,LAPCT
formal_experiment10_algorithm_comparison,prefix64,47,2448397771,LAPCT,2622446206,10000,96,ok,,scenario_label=prefix64,LAPCT
formal_experiment10_algorithm_comparison,prefix72,47,2515845558,LAPCT,2530748270,10000,96,ok,,scenario_label=prefix72,LAPCT
formal_experiment10_algorithm_comparison,prefix80,47,2907340057,LAPCT,246829078,10000,96,ok,,scenario_label=prefix80,LAPCT
formal_experiment10_algorithm_comparison,dispersed,47,450818034,LAPCT,2039471134,10000,96,ok,,scenario_label=dispersed,LAPCT
formal_experiment10_algorithm_comparison,sequential,47,23415326,LAPCT,556932133,10000,96,ok,,scenario_label=sequential,LAPCT
formal_experiment10_algorithm_comparison,clustered,47,2859928063,LAPCT,1483492089,10000,96,ok,,scenario_label=clustered,LAPCT
formal_experiment10_algorithm_comparison,random,48,4281357755,LAPCT,1459874113,10000,96,ok,,scenario_label=random,LAPCT
formal_experiment10_algorithm_comparison,prefixed,48,3873723810,LAPCT,1456133820,10000,96,ok,,scenario_label=prefixed,LAPCT
formal_experiment10_algorithm_comparison,prefix64,48,339462132,LAPCT,1620807940,10000,96,ok,,scenario_label=prefix64,LAPCT
formal_experiment10_algorithm_comparison,prefix72,48,270703941,LAPCT,3186841834,10000,96,ok,,scenario_label=prefix72,LAPCT
formal_experiment10_algorithm_comparison,prefix80,48,376489424,LAPCT,1844537282,10000,96,ok,,scenario_label=prefix80,LAPCT
formal_experiment10_algorithm_comparison,dispersed,48,2122119051,LAPCT,1413084927,10000,96,ok,,scenario_label=dispersed,LAPCT
formal_experiment10_algorithm_comparison,sequential,48,3552242948,LAPCT,3767116733,10000,96,ok,,scenario_label=sequential,LAPCT
formal_experiment10_algorithm_comparison,clustered,48,1330979572,LAPCT,824857751,10000,96,ok,,scenario_label=clustered,LAPCT
formal_experiment10_algorithm_comparison,random,49,1789994563,LAPCT,1002477809,10000,96,ok,,scenario_label=random,LAPCT
formal_experiment10_algorithm_comparison,prefixed,49,2849056856,LAPCT,589174257,10000,96,ok,,scenario_label=prefixed,LAPCT
formal_experiment10_algorithm_comparison,prefix64,49,3532656362,LAPCT,2549522722,10000,96,ok,,scenario_label=prefix64,LAPCT
formal_experiment10_algorithm_comparison,prefix72,49,3560536888,LAPCT,1127425641,10000,96,ok,,scenario_label=prefix72,LAPCT
formal_experiment10_algorithm_comparison,prefix80,49,3497608031,LAPCT,3640923984,10000,96,ok,,scenario_label=prefix80,LAPCT
formal_experiment10_algorithm_comparison,dispersed,49,1244494452,LAPCT,1483998710,10000,96,ok,,scenario_label=dispersed,LAPCT
formal_experiment10_algorithm_comparison,sequential,49,1309897987,LAPCT,708099243,10000,96,ok,,scenario_label=sequential,LAPCT
formal_experiment10_algorithm_comparison,clustered,49,1756787569,LAPCT,1205240217,10000,96,ok,,scenario_label=clustered,LAPCT
formal_experiment10_algorithm_comparison,random,0,1486858820,NLHQT(n=2),1059331076,10000,96,ok,,scenario_label=random,NLHQT(n=2)
formal_experiment10_algorithm_comparison,prefixed,0,4075987068,NLHQT(n=2),669550895,10000,96,ok,,scenario_label=prefixed,NLHQT(n=2)
formal_experiment10_algorithm_comparison,prefix64,0,4125689627,NLHQT(n=2),893944356,10000,96,ok,,scenario_label=prefix64,NLHQT(n=2)
formal_experiment10_algorithm_comparison,prefix72,0,1500471121,NLHQT(n=2),524962732,10000,96,ok,,scenario_label=prefix72,NLHQT(n=2)
formal_experiment10_algorithm_comparison,prefix80,0,3599789785,NLHQT(n=2),1409357123,10000,96,ok,,scenario_label=prefix80,NLHQT(n=2)
formal_experiment10_algorithm_comparison,dispersed,0,718391674,NLHQT(n=2),4051537175,10000,96,ok,,scenario_label=dispersed,NLHQT(n=2)
formal_experiment10_algorithm_comparison,sequential,0,3832442603,NLHQT(n=2),8984376,10000,96,ok,,scenario_label=sequential,NLHQT(n=2)
formal_experiment10_algorithm_comparison,clustered,0,2671803409,NLHQT(n=2),4089711190,10000,96,ok,,scenario_label=clustered,NLHQT(n=2)
formal_experiment10_algorithm_comparison,random,1,2763007857,NLHQT(n=2),902885691,10000,96,ok,,scenario_label=random,NLHQT(n=2)
formal_experiment10_algorithm_comparison,prefixed,1,2065428963,NLHQT(n=2),1058521519,10000,96,ok,,scenario_label=prefixed,NLHQT(n=2)
formal_experiment10_algorithm_comparison,prefix64,1,1416633314,NLHQT(n=2),2402714900,10000,96,ok,,scenario_label=prefix64,NLHQT(n=2)
formal_experiment10_algorithm_comparison,prefix72,1,4054706784,NLHQT(n=2),2180240733,10000,96,ok,,scenario_label=prefix72,NLHQT(n=2)
formal_experiment10_algorithm_comparison,prefix80,1,4026730667,NLHQT(n=2),4014599963,10000,96,ok,,scenario_label=prefix80,NLHQT(n=2)
formal_experiment10_algorithm_comparison,dispersed,1,512815062,NLHQT(n=2),1369174376,10000,96,ok,,scenario_label=dispersed,NLHQT(n=2)
formal_experiment10_algorithm_comparison,sequential,1,307044453,NLHQT(n=2),2640975527,10000,96,ok,,scenario_label=sequential,NLHQT(n=2)
formal_experiment10_algorithm_comparison,clustered,1,1347204990,NLHQT(n=2),1095068781,10000,96,ok,,scenario_label=clustered,NLHQT(n=2)
formal_experiment10_algorithm_comparison,random,2,2952453941,NLHQT(n=2),781700105,10000,96,ok,,scenario_label=random,NLHQT(n=2)
formal_experiment10_algorithm_comparison,prefixed,2,2156894236,NLHQT(n=2),1655237954,10000,96,ok,,scenario_label=prefixed,NLHQT(n=2)
formal_experiment10_algorithm_comparison,prefix64,2,1579062743,NLHQT(n=2),3295565044,10000,96,ok,,scenario_label=prefix64,NLHQT(n=2)
formal_experiment10_algorithm_comparison,prefix72,2,3098683715,NLHQT(n=2),3812320558,10000,96,ok,,scenario_label=prefix72,NLHQT(n=2)
formal_experiment10_algorithm_comparison,prefix80,2,3666635172,NLHQT(n=2),2555795137,10000,96,ok,,scenario_label=prefix80,NLHQT(n=2)
formal_experiment10_algorithm_comparison,dispersed,2,1938306392,NLHQT(n=2),3894816543,10000,96,ok,,scenario_label=dispersed,NLHQT(n=2)
formal_experiment10_algorithm_comparison,sequential,2,2669753757,NLHQT(n=2),2352850362,10000,96,ok,,scenario_label=sequential,NLHQT(n=2)
formal_experiment10_algorithm_comparison,clustered,2,4214585690,NLHQT(n=2),2504866682,10000,96,ok,,scenario_label=clustered,NLHQT(n=2)
formal_experiment10_algorithm_comparison,random,3,305508543,NLHQT(n=2),1827697238,10000,96,ok,,scenario_label=random,NLHQT(n=2)
formal_experiment10_algorithm_comparison,prefixed,3,601308687,NLHQT(n=2),281599009,10000,96,ok,,scenario_label=prefixed,NLHQT(n=2)
formal_experiment10_algorithm_comparison,prefix64,3,609090443,NLHQT(n=2),966780173,10000,96,ok,,scenario_label=prefix64,NLHQT(n=2)
formal_experiment10_algorithm_comparison,prefix72,3,300944148,NLHQT(n=2),1760600503,10000,96,ok,,scenario_label=prefix72,NLHQT(n=2)
formal_experiment10_algorithm_comparison,prefix80,3,968741272,NLHQT(n=2),416276180,10000,96,ok,,scenario_label=prefix80,NLHQT(n=2)
formal_experiment10_algorithm_comparison,dispersed,3,101697167,NLHQT(n=2),3504974113,10000,96,ok,,scenario_label=dispersed,NLHQT(n=2)
formal_experiment10_algorithm_comparison,sequential,3,4014819932,NLHQT(n=2),4013157949,10000,96,ok,,scenario_label=sequential,NLHQT(n=2)
formal_experiment10_algorithm_comparison,clustered,3,3211323854,NLHQT(n=2),1045449379,10000,96,ok,,scenario_label=clustered,NLHQT(n=2)
formal_experiment10_algorithm_comparison,random,4,647249588,NLHQT(n=2),608976269,10000,96,ok,,scenario_label=random,NLHQT(n=2)
formal_experiment10_algorithm_comparison,prefixed,4,1849982546,NLHQT(n=2),911277878,10000,96,ok,,scenario_label=prefixed,NLHQT(n=2)
formal_experiment10_algorithm_comparison,prefix64,4,4123678274,NLHQT(n=2),1979994008,10000,96,ok,,scenario_label=prefix64,NLHQT(n=2)
formal_experiment10_algorithm_comparison,prefix72,4,647941119,NLHQT(n=2),3174912881,10000,96,ok,,scenario_label=prefix72,NLHQT(n=2)
formal_experiment10_algorithm_comparison,prefix80,4,2084925728,NLHQT(n=2),1817469849,10000,96,ok,,scenario_label=prefix80,NLHQT(n=2)
formal_experiment10_algorithm_comparison,dispersed,4,4016991929,NLHQT(n=2),2088004802,10000,96,ok,,scenario_label=dispersed,NLHQT(n=2)
formal_experiment10_algorithm_comparison,sequential,4,1147041799,NLHQT(n=2),3193487592,10000,96,ok,,scenario_label=sequential,NLHQT(n=2)
formal_experiment10_algorithm_comparison,clustered,4,1157746636,NLHQT(n=2),169899052,10000,96,ok,,scenario_label=clustered,NLHQT(n=2)
formal_experiment10_algorithm_comparison,random,5,2154945588,NLHQT(n=2),3376520254,10000,96,ok,,scenario_label=random,NLHQT(n=2)
formal_experiment10_algorithm_comparison,prefixed,5,2243686180,NLHQT(n=2),1017037828,10000,96,ok,,scenario_label=prefixed,NLHQT(n=2)
formal_experiment10_algorithm_comparison,prefix64,5,295811869,NLHQT(n=2),4045637362,10000,96,ok,,scenario_label=prefix64,NLHQT(n=2)
formal_experiment10_algorithm_comparison,prefix72,5,617202740,NLHQT(n=2),3162755663,10000,96,ok,,scenario_label=prefix72,NLHQT(n=2)
formal_experiment10_algorithm_comparison,prefix80,5,815586784,NLHQT(n=2),2884382614,10000,96,ok,,scenario_label=prefix80,NLHQT(n=2)
formal_experiment10_algorithm_comparison,dispersed,5,1659534425,NLHQT(n=2),2711373958,10000,96,ok,,scenario_label=dispersed,NLHQT(n=2)
formal_experiment10_algorithm_comparison,sequential,5,1736493233,NLHQT(n=2),2211661797,10000,96,ok,,scenario_label=sequential,NLHQT(n=2)
formal_experiment10_algorithm_comparison,clustered,5,2592520367,NLHQT(n=2),1850354927,10000,96,ok,,scenario_label=clustered,NLHQT(n=2)
formal_experiment10_algorithm_comparison,random,6,888616007,NLHQT(n=2),1176308058,10000,96,ok,,scenario_label=random,NLHQT(n=2)
formal_experiment10_algorithm_comparison,prefixed,6,2156671656,NLHQT(n=2),4217241041,10000,96,ok,,scenario_label=prefixed,NLHQT(n=2)
formal_experiment10_algorithm_comparison,prefix64,6,2560305621,NLHQT(n=2),2481931173,10000,96,ok,,scenario_label=prefix64,NLHQT(n=2)
formal_experiment10_algorithm_comparison,prefix72,6,3673910054,NLHQT(n=2),43906817,10000,96,ok,,scenario_label=prefix72,NLHQT(n=2)
formal_experiment10_algorithm_comparison,prefix80,6,2524613736,NLHQT(n=2),451425878,10000,96,ok,,scenario_label=prefix80,NLHQT(n=2)
formal_experiment10_algorithm_comparison,dispersed,6,4228533201,NLHQT(n=2),3119382850,10000,96,ok,,scenario_label=dispersed,NLHQT(n=2)
formal_experiment10_algorithm_comparison,sequential,6,2814513920,NLHQT(n=2),2443415537,10000,96,ok,,scenario_label=sequential,NLHQT(n=2)
formal_experiment10_algorithm_comparison,clustered,6,4149466484,NLHQT(n=2),883289871,10000,96,ok,,scenario_label=clustered,NLHQT(n=2)
formal_experiment10_algorithm_comparison,random,7,430504557,NLHQT(n=2),2072737227,10000,96,ok,,scenario_label=random,NLHQT(n=2)
formal_experiment10_algorithm_comparison,prefixed,7,968297227,NLHQT(n=2),641825937,10000,96,ok,,scenario_label=prefixed,NLHQT(n=2)
formal_experiment10_algorithm_comparison,prefix64,7,1285056138,NLHQT(n=2),1747203069,10000,96,ok,,scenario_label=prefix64,NLHQT(n=2)
formal_experiment10_algorithm_comparison,prefix72,7,108678447,NLHQT(n=2),2116548062,10000,96,ok,,scenario_label=prefix72,NLHQT(n=2)
formal_experiment10_algorithm_comparison,prefix80,7,2075071502,NLHQT(n=2),123551851,10000,96,ok,,scenario_label=prefix80,NLHQT(n=2)
formal_experiment10_algorithm_comparison,dispersed,7,3483887618,NLHQT(n=2),2386102538,10000,96,ok,,scenario_label=dispersed,NLHQT(n=2)
formal_experiment10_algorithm_comparison,sequential,7,1089799207,NLHQT(n=2),3435631993,10000,96,ok,,scenario_label=sequential,NLHQT(n=2)
formal_experiment10_algorithm_comparison,clustered,7,1659200484,NLHQT(n=2),2411645666,10000,96,ok,,scenario_label=clustered,NLHQT(n=2)
formal_experiment10_algorithm_comparison,random,8,2123175754,NLHQT(n=2),1482553266,10000,96,ok,,scenario_label=random,NLHQT(n=2)
formal_experiment10_algorithm_comparison,prefixed,8,3724191092,NLHQT(n=2),71328091,10000,96,ok,,scenario_label=prefixed,NLHQT(n=2)
formal_experiment10_algorithm_comparison,prefix64,8,3747759999,NLHQT(n=2),1589344461,10000,96,ok,,scenario_label=prefix64,NLHQT(n=2)
formal_experiment10_algorithm_comparison,prefix72,8,3944130523,NLHQT(n=2),3503465401,10000,96,ok,,scenario_label=prefix72,NLHQT(n=2)
formal_experiment10_algorithm_comparison,prefix80,8,2877063911,NLHQT(n=2),1755304401,10000,96,ok,,scenario_label=prefix80,NLHQT(n=2)
formal_experiment10_algorithm_comparison,dispersed,8,1326794289,NLHQT(n=2),1061461084,10000,96,ok,,scenario_label=dispersed,NLHQT(n=2)
formal_experiment10_algorithm_comparison,sequential,8,464962871,NLHQT(n=2),206933063,10000,96,ok,,scenario_label=sequential,NLHQT(n=2)
formal_experiment10_algorithm_comparison,clustered,8,4146325891,NLHQT(n=2),203074477,10000,96,ok,,scenario_label=clustered,NLHQT(n=2)
formal_experiment10_algorithm_comparison,random,9,1156999555,NLHQT(n=2),669116646,10000,96,ok,,scenario_label=random,NLHQT(n=2)
formal_experiment10_algorithm_comparison,prefixed,9,138744347,NLHQT(n=2),1401554225,10000,96,ok,,scenario_label=prefixed,NLHQT(n=2)
formal_experiment10_algorithm_comparison,prefix64,9,3105645739,NLHQT(n=2),658730785,10000,96,ok,,scenario_label=prefix64,NLHQT(n=2)
formal_experiment10_algorithm_comparison,prefix72,9,3839497446,NLHQT(n=2),3394980748,10000,96,ok,,scenario_label=prefix72,NLHQT(n=2)
formal_experiment10_algorithm_comparison,prefix80,9,923924336,NLHQT(n=2),2349334733,10000,96,ok,,scenario_label=prefix80,NLHQT(n=2)
formal_experiment10_algorithm_comparison,dispersed,9,2289044336,NLHQT(n=2),2583298995,10000,96,ok,,scenario_label=dispersed,NLHQT(n=2)
formal_experiment10_algorithm_comparison,sequential,9,1819612831,NLHQT(n=2),2502964097,10000,96,ok,,scenario_label=sequential,NLHQT(n=2)
formal_experiment10_algorithm_comparison,clustered,9,2410991351,NLHQT(n=2),1205901535,10000,96,ok,,scenario_label=clustered,NLHQT(n=2)
formal_experiment10_algorithm_comparison,random,10,3409120913,NLHQT(n=2),1558846210,10000,96,ok,,scenario_label=random,NLHQT(n=2)
formal_experiment10_algorithm_comparison,prefixed,10,1612835902,NLHQT(n=2),3994863267,10000,96,ok,,scenario_label=prefixed,NLHQT(n=2)
formal_experiment10_algorithm_comparison,prefix64,10,1342461640,NLHQT(n=2),161022691,10000,96,ok,,scenario_label=prefix64,NLHQT(n=2)
formal_experiment10_algorithm_comparison,prefix72,10,3699530451,NLHQT(n=2),698593727,10000,96,ok,,scenario_label=prefix72,NLHQT(n=2)
formal_experiment10_algorithm_comparison,prefix80,10,959927471,NLHQT(n=2),3621903381,10000,96,ok,,scenario_label=prefix80,NLHQT(n=2)
formal_experiment10_algorithm_comparison,dispersed,10,1416169167,NLHQT(n=2),2144805021,10000,96,ok,,scenario_label=dispersed,NLHQT(n=2)
formal_experiment10_algorithm_comparison,sequential,10,2509121869,NLHQT(n=2),3506941932,10000,96,ok,,scenario_label=sequential,NLHQT(n=2)
formal_experiment10_algorithm_comparison,clustered,10,1497064732,NLHQT(n=2),2660694073,10000,96,ok,,scenario_label=clustered,NLHQT(n=2)
formal_experiment10_algorithm_comparison,random,11,304725238,NLHQT(n=2),2897764196,10000,96,ok,,scenario_label=random,NLHQT(n=2)
formal_experiment10_algorithm_comparison,prefixed,11,1701264339,NLHQT(n=2),2385178996,10000,96,ok,,scenario_label=prefixed,NLHQT(n=2)
formal_experiment10_algorithm_comparison,prefix64,11,2849293153,NLHQT(n=2),4283318675,10000,96,ok,,scenario_label=prefix64,NLHQT(n=2)
formal_experiment10_algorithm_comparison,prefix72,11,1544784903,NLHQT(n=2),1366530624,10000,96,ok,,scenario_label=prefix72,NLHQT(n=2)
formal_experiment10_algorithm_comparison,prefix80,11,3015158801,NLHQT(n=2),4131862703,10000,96,ok,,scenario_label=prefix80,NLHQT(n=2)
formal_experiment10_algorithm_comparison,dispersed,11,418844889,NLHQT(n=2),383932345,10000,96,ok,,scenario_label=dispersed,NLHQT(n=2)
formal_experiment10_algorithm_comparison,sequential,11,4252184221,NLHQT(n=2),885435045,10000,96,ok,,scenario_label=sequential,NLHQT(n=2)
formal_experiment10_algorithm_comparison,clustered,11,1654947796,NLHQT(n=2),3930375363,10000,96,ok,,scenario_label=clustered,NLHQT(n=2)
formal_experiment10_algorithm_comparison,random,12,2060045378,NLHQT(n=2),4219557531,10000,96,ok,,scenario_label=random,NLHQT(n=2)
formal_experiment10_algorithm_comparison,prefixed,12,2090748561,NLHQT(n=2),1721658975,10000,96,ok,,scenario_label=prefixed,NLHQT(n=2)
formal_experiment10_algorithm_comparison,prefix64,12,3119637419,NLHQT(n=2),737748495,10000,96,ok,,scenario_label=prefix64,NLHQT(n=2)
formal_experiment10_algorithm_comparison,prefix72,12,4135667632,NLHQT(n=2),162932367,10000,96,ok,,scenario_label=prefix72,NLHQT(n=2)
formal_experiment10_algorithm_comparison,prefix80,12,235991746,NLHQT(n=2),3814963864,10000,96,ok,,scenario_label=prefix80,NLHQT(n=2)
formal_experiment10_algorithm_comparison,dispersed,12,1779197397,NLHQT(n=2),1809502172,10000,96,ok,,scenario_label=dispersed,NLHQT(n=2)
formal_experiment10_algorithm_comparison,sequential,12,598408119,NLHQT(n=2),2896708509,10000,96,ok,,scenario_label=sequential,NLHQT(n=2)
formal_experiment10_algorithm_comparison,clustered,12,1632175688,NLHQT(n=2),3623459729,10000,96,ok,,scenario_label=clustered,NLHQT(n=2)
formal_experiment10_algorithm_comparison,random,13,4060208555,NLHQT(n=2),3795615901,10000,96,ok,,scenario_label=random,NLHQT(n=2)
formal_experiment10_algorithm_comparison,prefixed,13,1330638782,NLHQT(n=2),357043376,10000,96,ok,,scenario_label=prefixed,NLHQT(n=2)
formal_experiment10_algorithm_comparison,prefix64,13,3229840205,NLHQT(n=2),3691861477,10000,96,ok,,scenario_label=prefix64,NLHQT(n=2)
formal_experiment10_algorithm_comparison,prefix72,13,2885341494,NLHQT(n=2),3745252548,10000,96,ok,,scenario_label=prefix72,NLHQT(n=2)
formal_experiment10_algorithm_comparison,prefix80,13,2359772976,NLHQT(n=2),1315164156,10000,96,ok,,scenario_label=prefix80,NLHQT(n=2)
formal_experiment10_algorithm_comparison,dispersed,13,3815732145,NLHQT(n=2),2969087203,10000,96,ok,,scenario_label=dispersed,NLHQT(n=2)
formal_experiment10_algorithm_comparison,sequential,13,3109578896,NLHQT(n=2),3619605303,10000,96,ok,,scenario_label=sequential,NLHQT(n=2)
formal_experiment10_algorithm_comparison,clustered,13,286329085,NLHQT(n=2),232946889,10000,96,ok,,scenario_label=clustered,NLHQT(n=2)
formal_experiment10_algorithm_comparison,random,14,338370732,NLHQT(n=2),1473691574,10000,96,ok,,scenario_label=random,NLHQT(n=2)
formal_experiment10_algorithm_comparison,prefixed,14,1383110064,NLHQT(n=2),1004696173,10000,96,ok,,scenario_label=prefixed,NLHQT(n=2)
formal_experiment10_algorithm_comparison,prefix64,14,2166853789,NLHQT(n=2),1209607283,10000,96,ok,,scenario_label=prefix64,NLHQT(n=2)
formal_experiment10_algorithm_comparison,prefix72,14,314404237,NLHQT(n=2),558500817,10000,96,ok,,scenario_label=prefix72,NLHQT(n=2)
formal_experiment10_algorithm_comparison,prefix80,14,2419352845,NLHQT(n=2),3118389366,10000,96,ok,,scenario_label=prefix80,NLHQT(n=2)
formal_experiment10_algorithm_comparison,dispersed,14,3005302956,NLHQT(n=2),2597954644,10000,96,ok,,scenario_label=dispersed,NLHQT(n=2)
formal_experiment10_algorithm_comparison,sequential,14,2012366791,NLHQT(n=2),4112775569,10000,96,ok,,scenario_label=sequential,NLHQT(n=2)
formal_experiment10_algorithm_comparison,clustered,14,844575883,NLHQT(n=2),723646816,10000,96,ok,,scenario_label=clustered,NLHQT(n=2)
formal_experiment10_algorithm_comparison,random,15,3150236223,NLHQT(n=2),3508398558,10000,96,ok,,scenario_label=random,NLHQT(n=2)
formal_experiment10_algorithm_comparison,prefixed,15,3900451069,NLHQT(n=2),3629214056,10000,96,ok,,scenario_label=prefixed,NLHQT(n=2)
formal_experiment10_algorithm_comparison,prefix64,15,1087024520,NLHQT(n=2),209208459,10000,96,ok,,scenario_label=prefix64,NLHQT(n=2)
formal_experiment10_algorithm_comparison,prefix72,15,3683200937,NLHQT(n=2),849303699,10000,96,ok,,scenario_label=prefix72,NLHQT(n=2)
formal_experiment10_algorithm_comparison,prefix80,15,3661251964,NLHQT(n=2),1867916177,10000,96,ok,,scenario_label=prefix80,NLHQT(n=2)
formal_experiment10_algorithm_comparison,dispersed,15,721136372,NLHQT(n=2),3359848725,10000,96,ok,,scenario_label=dispersed,NLHQT(n=2)
formal_experiment10_algorithm_comparison,sequential,15,2481232546,NLHQT(n=2),1147525905,10000,96,ok,,scenario_label=sequential,NLHQT(n=2)
formal_experiment10_algorithm_comparison,clustered,15,4075594883,NLHQT(n=2),356560920,10000,96,ok,,scenario_label=clustered,NLHQT(n=2)
formal_experiment10_algorithm_comparison,random,16,988902021,NLHQT(n=2),358180413,10000,96,ok,,scenario_label=random,NLHQT(n=2)
formal_experiment10_algorithm_comparison,prefixed,16,1825783292,NLHQT(n=2),3173096913,10000,96,ok,,scenario_label=prefixed,NLHQT(n=2)
formal_experiment10_algorithm_comparison,prefix64,16,1331422560,NLHQT(n=2),1740510623,10000,96,ok,,scenario_label=prefix64,NLHQT(n=2)
formal_experiment10_algorithm_comparison,prefix72,16,2842376837,NLHQT(n=2),1316581468,10000,96,ok,,scenario_label=prefix72,NLHQT(n=2)
formal_experiment10_algorithm_comparison,prefix80,16,119107535,NLHQT(n=2),1331774770,10000,96,ok,,scenario_label=prefix80,NLHQT(n=2)
formal_experiment10_algorithm_comparison,dispersed,16,2327042042,NLHQT(n=2),2468044481,10000,96,ok,,scenario_label=dispersed,NLHQT(n=2)
formal_experiment10_algorithm_comparison,sequential,16,1105529789,NLHQT(n=2),1806695366,10000,96,ok,,scenario_label=sequential,NLHQT(n=2)
formal_experiment10_algorithm_comparison,clustered,16,496171624,NLHQT(n=2),4259274884,10000,96,ok,,scenario_label=clustered,NLHQT(n=2)
formal_experiment10_algorithm_comparison,random,17,2224189429,NLHQT(n=2),4051058477,10000,96,ok,,scenario_label=random,NLHQT(n=2)
formal_experiment10_algorithm_comparison,prefixed,17,288395540,NLHQT(n=2),1619891006,10000,96,ok,,scenario_label=prefixed,NLHQT(n=2)
formal_experiment10_algorithm_comparison,prefix64,17,2651751378,NLHQT(n=2),3828179428,10000,96,ok,,scenario_label=prefix64,NLHQT(n=2)
formal_experiment10_algorithm_comparison,prefix72,17,2996846514,NLHQT(n=2),2967188899,10000,96,ok,,scenario_label=prefix72,NLHQT(n=2)
formal_experiment10_algorithm_comparison,prefix80,17,1676046437,NLHQT(n=2),718871766,10000,96,ok,,scenario_label=prefix80,NLHQT(n=2)
formal_experiment10_algorithm_comparison,dispersed,17,235530803,NLHQT(n=2),1802794928,10000,96,ok,,scenario_label=dispersed,NLHQT(n=2)
formal_experiment10_algorithm_comparison,sequential,17,576396880,NLHQT(n=2),3927235887,10000,96,ok,,scenario_label=sequential,NLHQT(n=2)
formal_experiment10_algorithm_comparison,clustered,17,1717550807,NLHQT(n=2),599810028,10000,96,ok,,scenario_label=clustered,NLHQT(n=2)
formal_experiment10_algorithm_comparison,random,18,3998393979,NLHQT(n=2),766522917,10000,96,ok,,scenario_label=random,NLHQT(n=2)
formal_experiment10_algorithm_comparison,prefixed,18,2356458670,NLHQT(n=2),2966069431,10000,96,ok,,scenario_label=prefixed,NLHQT(n=2)
formal_experiment10_algorithm_comparison,prefix64,18,1114579400,NLHQT(n=2),3624728019,10000,96,ok,,scenario_label=prefix64,NLHQT(n=2)
formal_experiment10_algorithm_comparison,prefix72,18,2056936186,NLHQT(n=2),2460890136,10000,96,ok,,scenario_label=prefix72,NLHQT(n=2)
formal_experiment10_algorithm_comparison,prefix80,18,3572978440,NLHQT(n=2),1257569190,10000,96,ok,,scenario_label=prefix80,NLHQT(n=2)
formal_experiment10_algorithm_comparison,dispersed,18,3630574312,NLHQT(n=2),4226688998,10000,96,ok,,scenario_label=dispersed,NLHQT(n=2)
formal_experiment10_algorithm_comparison,sequential,18,555601650,NLHQT(n=2),428670971,10000,96,ok,,scenario_label=sequential,NLHQT(n=2)
formal_experiment10_algorithm_comparison,clustered,18,3697359989,NLHQT(n=2),752402725,10000,96,ok,,scenario_label=clustered,NLHQT(n=2)
formal_experiment10_algorithm_comparison,random,19,2094226776,NLHQT(n=2),2729533963,10000,96,ok,,scenario_label=random,NLHQT(n=2)
formal_experiment10_algorithm_comparison,prefixed,19,2801155553,NLHQT(n=2),1947558328,10000,96,ok,,scenario_label=prefixed,NLHQT(n=2)
formal_experiment10_algorithm_comparison,prefix64,19,1462923349,NLHQT(n=2),2196064320,10000,96,ok,,scenario_label=prefix64,NLHQT(n=2)
formal_experiment10_algorithm_comparison,prefix72,19,864380945,NLHQT(n=2),298985552,10000,96,ok,,scenario_label=prefix72,NLHQT(n=2)
formal_experiment10_algorithm_comparison,prefix80,19,3959937795,NLHQT(n=2),1797910858,10000,96,ok,,scenario_label=prefix80,NLHQT(n=2)
formal_experiment10_algorithm_comparison,dispersed,19,1188669765,NLHQT(n=2),2041524313,10000,96,ok,,scenario_label=dispersed,NLHQT(n=2)
formal_experiment10_algorithm_comparison,sequential,19,4068575958,NLHQT(n=2),1018887044,10000,96,ok,,scenario_label=sequential,NLHQT(n=2)
formal_experiment10_algorithm_comparison,clustered,19,122151701,NLHQT(n=2),1812329938,10000,96,ok,,scenario_label=clustered,NLHQT(n=2)
formal_experiment10_algorithm_comparison,random,20,3422504533,NLHQT(n=2),1527269201,10000,96,ok,,scenario_label=random,NLHQT(n=2)
formal_experiment10_algorithm_comparison,prefixed,20,4232883932,NLHQT(n=2),2027286590,10000,96,ok,,scenario_label=prefixed,NLHQT(n=2)
formal_experiment10_algorithm_comparison,prefix64,20,3678638554,NLHQT(n=2),1300838320,10000,96,ok,,scenario_label=prefix64,NLHQT(n=2)
formal_experiment10_algorithm_comparison,prefix72,20,1435960876,NLHQT(n=2),1296874807,10000,96,ok,,scenario_label=prefix72,NLHQT(n=2)
formal_experiment10_algorithm_comparison,prefix80,20,1447386439,NLHQT(n=2),3139124972,10000,96,ok,,scenario_label=prefix80,NLHQT(n=2)
formal_experiment10_algorithm_comparison,dispersed,20,1490620412,NLHQT(n=2),3065441321,10000,96,ok,,scenario_label=dispersed,NLHQT(n=2)
formal_experiment10_algorithm_comparison,sequential,20,36137704,NLHQT(n=2),2572299377,10000,96,ok,,scenario_label=sequential,NLHQT(n=2)
formal_experiment10_algorithm_comparison,clustered,20,3072805405,NLHQT(n=2),4087787480,10000,96,ok,,scenario_label=clustered,NLHQT(n=2)
formal_experiment10_algorithm_comparison,random,21,2767190040,NLHQT(n=2),2646436055,10000,96,ok,,scenario_label=random,NLHQT(n=2)
formal_experiment10_algorithm_comparison,prefixed,21,687968857,NLHQT(n=2),3055553740,10000,96,ok,,scenario_label=prefixed,NLHQT(n=2)
formal_experiment10_algorithm_comparison,prefix64,21,138882790,NLHQT(n=2),1667804705,10000,96,ok,,scenario_label=prefix64,NLHQT(n=2)
formal_experiment10_algorithm_comparison,prefix72,21,2856226622,NLHQT(n=2),1738470760,10000,96,ok,,scenario_label=prefix72,NLHQT(n=2)
formal_experiment10_algorithm_comparison,prefix80,21,773447700,NLHQT(n=2),3107487494,10000,96,ok,,scenario_label=prefix80,NLHQT(n=2)
formal_experiment10_algorithm_comparison,dispersed,21,3190063457,NLHQT(n=2),2877712323,10000,96,ok,,scenario_label=dispersed,NLHQT(n=2)
formal_experiment10_algorithm_comparison,sequential,21,3175350032,NLHQT(n=2),3614257393,10000,96,ok,,scenario_label=sequential,NLHQT(n=2)
formal_experiment10_algorithm_comparison,clustered,21,3147787421,NLHQT(n=2),2458906036,10000,96,ok,,scenario_label=clustered,NLHQT(n=2)
formal_experiment10_algorithm_comparison,random,22,1236592999,NLHQT(n=2),643638409,10000,96,ok,,scenario_label=random,NLHQT(n=2)
formal_experiment10_algorithm_comparison,prefixed,22,2490750245,NLHQT(n=2),2701205012,10000,96,ok,,scenario_label=prefixed,NLHQT(n=2)
formal_experiment10_algorithm_comparison,prefix64,22,2799955695,NLHQT(n=2),1969423310,10000,96,ok,,scenario_label=prefix64,NLHQT(n=2)
formal_experiment10_algorithm_comparison,prefix72,22,1176494308,NLHQT(n=2),806554454,10000,96,ok,,scenario_label=prefix72,NLHQT(n=2)
formal_experiment10_algorithm_comparison,prefix80,22,1933229166,NLHQT(n=2),2193880204,10000,96,ok,,scenario_label=prefix80,NLHQT(n=2)
formal_experiment10_algorithm_comparison,dispersed,22,2884021080,NLHQT(n=2),281747380,10000,96,ok,,scenario_label=dispersed,NLHQT(n=2)
formal_experiment10_algorithm_comparison,sequential,22,718727290,NLHQT(n=2),1598507996,10000,96,ok,,scenario_label=sequential,NLHQT(n=2)
formal_experiment10_algorithm_comparison,clustered,22,2093052601,NLHQT(n=2),2979461092,10000,96,ok,,scenario_label=clustered,NLHQT(n=2)
formal_experiment10_algorithm_comparison,random,23,1587936834,NLHQT(n=2),1754105115,10000,96,ok,,scenario_label=random,NLHQT(n=2)
formal_experiment10_algorithm_comparison,prefixed,23,1648471287,NLHQT(n=2),465796924,10000,96,ok,,scenario_label=prefixed,NLHQT(n=2)
formal_experiment10_algorithm_comparison,prefix64,23,364435406,NLHQT(n=2),2434596489,10000,96,ok,,scenario_label=prefix64,NLHQT(n=2)
formal_experiment10_algorithm_comparison,prefix72,23,3017230718,NLHQT(n=2),573408476,10000,96,ok,,scenario_label=prefix72,NLHQT(n=2)
formal_experiment10_algorithm_comparison,prefix80,23,3937857360,NLHQT(n=2),2981271543,10000,96,ok,,scenario_label=prefix80,NLHQT(n=2)
formal_experiment10_algorithm_comparison,dispersed,23,1487873236,NLHQT(n=2),2909923049,10000,96,ok,,scenario_label=dispersed,NLHQT(n=2)
formal_experiment10_algorithm_comparison,sequential,23,1258431547,NLHQT(n=2),5501661,10000,96,ok,,scenario_label=sequential,NLHQT(n=2)
formal_experiment10_algorithm_comparison,clustered,23,1999349207,NLHQT(n=2),1367384342,10000,96,ok,,scenario_label=clustered,NLHQT(n=2)
formal_experiment10_algorithm_comparison,random,24,4015954273,NLHQT(n=2),32233212,10000,96,ok,,scenario_label=random,NLHQT(n=2)
formal_experiment10_algorithm_comparison,prefixed,24,1786454360,NLHQT(n=2),2794616219,10000,96,ok,,scenario_label=prefixed,NLHQT(n=2)
formal_experiment10_algorithm_comparison,prefix64,24,1605905099,NLHQT(n=2),75734974,10000,96,ok,,scenario_label=prefix64,NLHQT(n=2)
formal_experiment10_algorithm_comparison,prefix72,24,1141157572,NLHQT(n=2),3882050179,10000,96,ok,,scenario_label=prefix72,NLHQT(n=2)
formal_experiment10_algorithm_comparison,prefix80,24,3693791333,NLHQT(n=2),3143909591,10000,96,ok,,scenario_label=prefix80,NLHQT(n=2)
formal_experiment10_algorithm_comparison,dispersed,24,3327095736,NLHQT(n=2),2774588048,10000,96,ok,,scenario_label=dispersed,NLHQT(n=2)
formal_experiment10_algorithm_comparison,sequential,24,3365623594,NLHQT(n=2),2177104831,10000,96,ok,,scenario_label=sequential,NLHQT(n=2)
formal_experiment10_algorithm_comparison,clustered,24,2076634887,NLHQT(n=2),1063348208,10000,96,ok,,scenario_label=clustered,NLHQT(n=2)
formal_experiment10_algorithm_comparison,random,25,798146029,NLHQT(n=2),2355442044,10000,96,ok,,scenario_label=random,NLHQT(n=2)
formal_experiment10_algorithm_comparison,prefixed,25,924758938,NLHQT(n=2),2597389808,10000,96,ok,,scenario_label=prefixed,NLHQT(n=2)
formal_experiment10_algorithm_comparison,prefix64,25,276170494,NLHQT(n=2),2481062673,10000,96,ok,,scenario_label=prefix64,NLHQT(n=2)
formal_experiment10_algorithm_comparison,prefix72,25,3354368970,NLHQT(n=2),2360899056,10000,96,ok,,scenario_label=prefix72,NLHQT(n=2)
formal_experiment10_algorithm_comparison,prefix80,25,2005908186,NLHQT(n=2),1801335812,10000,96,ok,,scenario_label=prefix80,NLHQT(n=2)
formal_experiment10_algorithm_comparison,dispersed,25,252742347,NLHQT(n=2),2579706705,10000,96,ok,,scenario_label=dispersed,NLHQT(n=2)
formal_experiment10_algorithm_comparison,sequential,25,2509309594,NLHQT(n=2),1515553508,10000,96,ok,,scenario_label=sequential,NLHQT(n=2)
formal_experiment10_algorithm_comparison,clustered,25,166869229,NLHQT(n=2),34338541,10000,96,ok,,scenario_label=clustered,NLHQT(n=2)
formal_experiment10_algorithm_comparison,random,26,3286019119,NLHQT(n=2),2199602066,10000,96,ok,,scenario_label=random,NLHQT(n=2)
formal_experiment10_algorithm_comparison,prefixed,26,1795450453,NLHQT(n=2),2633134791,10000,96,ok,,scenario_label=prefixed,NLHQT(n=2)
formal_experiment10_algorithm_comparison,prefix64,26,2925529590,NLHQT(n=2),437201245,10000,96,ok,,scenario_label=prefix64,NLHQT(n=2)
formal_experiment10_algorithm_comparison,prefix72,26,596174526,NLHQT(n=2),790351893,10000,96,ok,,scenario_label=prefix72,NLHQT(n=2)
formal_experiment10_algorithm_comparison,prefix80,26,3276034574,NLHQT(n=2),2943216244,10000,96,ok,,scenario_label=prefix80,NLHQT(n=2)
formal_experiment10_algorithm_comparison,dispersed,26,2536907153,NLHQT(n=2),1508409941,10000,96,ok,,scenario_label=dispersed,NLHQT(n=2)
formal_experiment10_algorithm_comparison,sequential,26,3016514165,NLHQT(n=2),2848988971,10000,96,ok,,scenario_label=sequential,NLHQT(n=2)
formal_experiment10_algorithm_comparison,clustered,26,3738417298,NLHQT(n=2),4036053416,10000,96,ok,,scenario_label=clustered,NLHQT(n=2)
formal_experiment10_algorithm_comparison,random,27,1371178209,NLHQT(n=2),4138904504,10000,96,ok,,scenario_label=random,NLHQT(n=2)
formal_experiment10_algorithm_comparison,prefixed,27,2433723863,NLHQT(n=2),3525215561,10000,96,ok,,scenario_label=prefixed,NLHQT(n=2)
formal_experiment10_algorithm_comparison,prefix64,27,2681084984,NLHQT(n=2),3074660182,10000,96,ok,,scenario_label=prefix64,NLHQT(n=2)
formal_experiment10_algorithm_comparison,prefix72,27,2354148920,NLHQT(n=2),3582889015,10000,96,ok,,scenario_label=prefix72,NLHQT(n=2)
formal_experiment10_algorithm_comparison,prefix80,27,2850241236,NLHQT(n=2),3959032639,10000,96,ok,,scenario_label=prefix80,NLHQT(n=2)
formal_experiment10_algorithm_comparison,dispersed,27,353634476,NLHQT(n=2),2385889159,10000,96,ok,,scenario_label=dispersed,NLHQT(n=2)
formal_experiment10_algorithm_comparison,sequential,27,3444853128,NLHQT(n=2),769639819,10000,96,ok,,scenario_label=sequential,NLHQT(n=2)
formal_experiment10_algorithm_comparison,clustered,27,1841632199,NLHQT(n=2),591732406,10000,96,ok,,scenario_label=clustered,NLHQT(n=2)
formal_experiment10_algorithm_comparison,random,28,2229965917,NLHQT(n=2),504127932,10000,96,ok,,scenario_label=random,NLHQT(n=2)
formal_experiment10_algorithm_comparison,prefixed,28,2839760260,NLHQT(n=2),498241383,10000,96,ok,,scenario_label=prefixed,NLHQT(n=2)
formal_experiment10_algorithm_comparison,prefix64,28,1447320722,NLHQT(n=2),1581267892,10000,96,ok,,scenario_label=prefix64,NLHQT(n=2)
formal_experiment10_algorithm_comparison,prefix72,28,2480472296,NLHQT(n=2),1606734491,10000,96,ok,,scenario_label=prefix72,NLHQT(n=2)
formal_experiment10_algorithm_comparison,prefix80,28,189231546,NLHQT(n=2),1417996610,10000,96,ok,,scenario_label=prefix80,NLHQT(n=2)
formal_experiment10_algorithm_comparison,dispersed,28,486142359,NLHQT(n=2),26923784,10000,96,ok,,scenario_label=dispersed,NLHQT(n=2)
formal_experiment10_algorithm_comparison,sequential,28,3005013483,NLHQT(n=2),3501909533,10000,96,ok,,scenario_label=sequential,NLHQT(n=2)
formal_experiment10_algorithm_comparison,clustered,28,904872953,NLHQT(n=2),1972576216,10000,96,ok,,scenario_label=clustered,NLHQT(n=2)
formal_experiment10_algorithm_comparison,random,29,1577098209,NLHQT(n=2),3752752929,10000,96,ok,,scenario_label=random,NLHQT(n=2)
formal_experiment10_algorithm_comparison,prefixed,29,1296804900,NLHQT(n=2),2007943124,10000,96,ok,,scenario_label=prefixed,NLHQT(n=2)
formal_experiment10_algorithm_comparison,prefix64,29,505043851,NLHQT(n=2),1533091702,10000,96,ok,,scenario_label=prefix64,NLHQT(n=2)
formal_experiment10_algorithm_comparison,prefix72,29,2658790611,NLHQT(n=2),1272143022,10000,96,ok,,scenario_label=prefix72,NLHQT(n=2)
formal_experiment10_algorithm_comparison,prefix80,29,1429797341,NLHQT(n=2),1816222687,10000,96,ok,,scenario_label=prefix80,NLHQT(n=2)
formal_experiment10_algorithm_comparison,dispersed,29,2273552703,NLHQT(n=2),4246872064,10000,96,ok,,scenario_label=dispersed,NLHQT(n=2)
formal_experiment10_algorithm_comparison,sequential,29,3899432569,NLHQT(n=2),2207321566,10000,96,ok,,scenario_label=sequential,NLHQT(n=2)
formal_experiment10_algorithm_comparison,clustered,29,916823294,NLHQT(n=2),320698802,10000,96,ok,,scenario_label=clustered,NLHQT(n=2)
formal_experiment10_algorithm_comparison,random,30,2757994122,NLHQT(n=2),3247514007,10000,96,ok,,scenario_label=random,NLHQT(n=2)
formal_experiment10_algorithm_comparison,prefixed,30,429058329,NLHQT(n=2),4066404578,10000,96,ok,,scenario_label=prefixed,NLHQT(n=2)
formal_experiment10_algorithm_comparison,prefix64,30,1168910017,NLHQT(n=2),1490656929,10000,96,ok,,scenario_label=prefix64,NLHQT(n=2)
formal_experiment10_algorithm_comparison,prefix72,30,2954858719,NLHQT(n=2),2548518897,10000,96,ok,,scenario_label=prefix72,NLHQT(n=2)
formal_experiment10_algorithm_comparison,prefix80,30,1066354187,NLHQT(n=2),4273593536,10000,96,ok,,scenario_label=prefix80,NLHQT(n=2)
formal_experiment10_algorithm_comparison,dispersed,30,1918572727,NLHQT(n=2),1204079907,10000,96,ok,,scenario_label=dispersed,NLHQT(n=2)
formal_experiment10_algorithm_comparison,sequential,30,4168150786,NLHQT(n=2),732088311,10000,96,ok,,scenario_label=sequential,NLHQT(n=2)
formal_experiment10_algorithm_comparison,clustered,30,3098412365,NLHQT(n=2),2201034958,10000,96,ok,,scenario_label=clustered,NLHQT(n=2)
formal_experiment10_algorithm_comparison,random,31,3134118358,NLHQT(n=2),2673240772,10000,96,ok,,scenario_label=random,NLHQT(n=2)
formal_experiment10_algorithm_comparison,prefixed,31,2310922343,NLHQT(n=2),33260597,10000,96,ok,,scenario_label=prefixed,NLHQT(n=2)
formal_experiment10_algorithm_comparison,prefix64,31,952998658,NLHQT(n=2),1137816411,10000,96,ok,,scenario_label=prefix64,NLHQT(n=2)
formal_experiment10_algorithm_comparison,prefix72,31,2497969375,NLHQT(n=2),2312286892,10000,96,ok,,scenario_label=prefix72,NLHQT(n=2)
formal_experiment10_algorithm_comparison,prefix80,31,1189282690,NLHQT(n=2),1959545735,10000,96,ok,,scenario_label=prefix80,NLHQT(n=2)
formal_experiment10_algorithm_comparison,dispersed,31,746579052,NLHQT(n=2),3590428534,10000,96,ok,,scenario_label=dispersed,NLHQT(n=2)
formal_experiment10_algorithm_comparison,sequential,31,1533274363,NLHQT(n=2),2717225183,10000,96,ok,,scenario_label=sequential,NLHQT(n=2)
formal_experiment10_algorithm_comparison,clustered,31,1250494512,NLHQT(n=2),1600971554,10000,96,ok,,scenario_label=clustered,NLHQT(n=2)
formal_experiment10_algorithm_comparison,random,32,1187568275,NLHQT(n=2),2476457062,10000,96,ok,,scenario_label=random,NLHQT(n=2)
formal_experiment10_algorithm_comparison,prefixed,32,1421696467,NLHQT(n=2),2081719607,10000,96,ok,,scenario_label=prefixed,NLHQT(n=2)
formal_experiment10_algorithm_comparison,prefix64,32,758215180,NLHQT(n=2),3702385018,10000,96,ok,,scenario_label=prefix64,NLHQT(n=2)
formal_experiment10_algorithm_comparison,prefix72,32,3309765357,NLHQT(n=2),4106793450,10000,96,ok,,scenario_label=prefix72,NLHQT(n=2)
formal_experiment10_algorithm_comparison,prefix80,32,2468891489,NLHQT(n=2),1231198409,10000,96,ok,,scenario_label=prefix80,NLHQT(n=2)
formal_experiment10_algorithm_comparison,dispersed,32,461533287,NLHQT(n=2),115707444,10000,96,ok,,scenario_label=dispersed,NLHQT(n=2)
formal_experiment10_algorithm_comparison,sequential,32,1885192675,NLHQT(n=2),2250870721,10000,96,ok,,scenario_label=sequential,NLHQT(n=2)
formal_experiment10_algorithm_comparison,clustered,32,1700272012,NLHQT(n=2),3292850804,10000,96,ok,,scenario_label=clustered,NLHQT(n=2)
formal_experiment10_algorithm_comparison,random,33,3220564758,NLHQT(n=2),2621609487,10000,96,ok,,scenario_label=random,NLHQT(n=2)
formal_experiment10_algorithm_comparison,prefixed,33,884651060,NLHQT(n=2),2032443033,10000,96,ok,,scenario_label=prefixed,NLHQT(n=2)
formal_experiment10_algorithm_comparison,prefix64,33,1343492222,NLHQT(n=2),2995238149,10000,96,ok,,scenario_label=prefix64,NLHQT(n=2)
formal_experiment10_algorithm_comparison,prefix72,33,2989583646,NLHQT(n=2),3604494149,10000,96,ok,,scenario_label=prefix72,NLHQT(n=2)
formal_experiment10_algorithm_comparison,prefix80,33,2042364237,NLHQT(n=2),928265619,10000,96,ok,,scenario_label=prefix80,NLHQT(n=2)
formal_experiment10_algorithm_comparison,dispersed,33,4056207655,NLHQT(n=2),2655319332,10000,96,ok,,scenario_label=dispersed,NLHQT(n=2)
formal_experiment10_algorithm_comparison,sequential,33,1379722936,NLHQT(n=2),591804717,10000,96,ok,,scenario_label=sequential,NLHQT(n=2)
formal_experiment10_algorithm_comparison,clustered,33,2404355022,NLHQT(n=2),2471544524,10000,96,ok,,scenario_label=clustered,NLHQT(n=2)
formal_experiment10_algorithm_comparison,random,34,3890833141,NLHQT(n=2),62736678,10000,96,ok,,scenario_label=random,NLHQT(n=2)
formal_experiment10_algorithm_comparison,prefixed,34,1570629048,NLHQT(n=2),4050363706,10000,96,ok,,scenario_label=prefixed,NLHQT(n=2)
formal_experiment10_algorithm_comparison,prefix64,34,2138171961,NLHQT(n=2),3429939944,10000,96,ok,,scenario_label=prefix64,NLHQT(n=2)
formal_experiment10_algorithm_comparison,prefix72,34,3174195124,NLHQT(n=2),2118553990,10000,96,ok,,scenario_label=prefix72,NLHQT(n=2)
formal_experiment10_algorithm_comparison,prefix80,34,2930609793,NLHQT(n=2),4187556039,10000,96,ok,,scenario_label=prefix80,NLHQT(n=2)
formal_experiment10_algorithm_comparison,dispersed,34,1598293287,NLHQT(n=2),504790474,10000,96,ok,,scenario_label=dispersed,NLHQT(n=2)
formal_experiment10_algorithm_comparison,sequential,34,827727748,NLHQT(n=2),517856728,10000,96,ok,,scenario_label=sequential,NLHQT(n=2)
formal_experiment10_algorithm_comparison,clustered,34,3877182081,NLHQT(n=2),2827230770,10000,96,ok,,scenario_label=clustered,NLHQT(n=2)
formal_experiment10_algorithm_comparison,random,35,1035152157,NLHQT(n=2),785063963,10000,96,ok,,scenario_label=random,NLHQT(n=2)
formal_experiment10_algorithm_comparison,prefixed,35,1105641727,NLHQT(n=2),1502634811,10000,96,ok,,scenario_label=prefixed,NLHQT(n=2)
formal_experiment10_algorithm_comparison,prefix64,35,2141900738,NLHQT(n=2),1709601994,10000,96,ok,,scenario_label=prefix64,NLHQT(n=2)
formal_experiment10_algorithm_comparison,prefix72,35,3519922321,NLHQT(n=2),3959909905,10000,96,ok,,scenario_label=prefix72,NLHQT(n=2)
formal_experiment10_algorithm_comparison,prefix80,35,2068117885,NLHQT(n=2),1203669619,10000,96,ok,,scenario_label=prefix80,NLHQT(n=2)
formal_experiment10_algorithm_comparison,dispersed,35,3459662668,NLHQT(n=2),1776257967,10000,96,ok,,scenario_label=dispersed,NLHQT(n=2)
formal_experiment10_algorithm_comparison,sequential,35,3404251095,NLHQT(n=2),3369795574,10000,96,ok,,scenario_label=sequential,NLHQT(n=2)
formal_experiment10_algorithm_comparison,clustered,35,2734262170,NLHQT(n=2),2538781481,10000,96,ok,,scenario_label=clustered,NLHQT(n=2)
formal_experiment10_algorithm_comparison,random,36,2776766623,NLHQT(n=2),4039204288,10000,96,ok,,scenario_label=random,NLHQT(n=2)
formal_experiment10_algorithm_comparison,prefixed,36,4190072160,NLHQT(n=2),672802874,10000,96,ok,,scenario_label=prefixed,NLHQT(n=2)
formal_experiment10_algorithm_comparison,prefix64,36,561378811,NLHQT(n=2),3117011248,10000,96,ok,,scenario_label=prefix64,NLHQT(n=2)
formal_experiment10_algorithm_comparison,prefix72,36,2007475420,NLHQT(n=2),1711988185,10000,96,ok,,scenario_label=prefix72,NLHQT(n=2)
formal_experiment10_algorithm_comparison,prefix80,36,4047784356,NLHQT(n=2),1954714417,10000,96,ok,,scenario_label=prefix80,NLHQT(n=2)
formal_experiment10_algorithm_comparison,dispersed,36,1475087155,NLHQT(n=2),748461686,10000,96,ok,,scenario_label=dispersed,NLHQT(n=2)
formal_experiment10_algorithm_comparison,sequential,36,3955139490,NLHQT(n=2),2095031876,10000,96,ok,,scenario_label=sequential,NLHQT(n=2)
formal_experiment10_algorithm_comparison,clustered,36,2167738248,NLHQT(n=2),1005775446,10000,96,ok,,scenario_label=clustered,NLHQT(n=2)
formal_experiment10_algorithm_comparison,random,37,3778314031,NLHQT(n=2),3468988303,10000,96,ok,,scenario_label=random,NLHQT(n=2)
formal_experiment10_algorithm_comparison,prefixed,37,3981120096,NLHQT(n=2),3086410048,10000,96,ok,,scenario_label=prefixed,NLHQT(n=2)
formal_experiment10_algorithm_comparison,prefix64,37,2494735147,NLHQT(n=2),3371815981,10000,96,ok,,scenario_label=prefix64,NLHQT(n=2)
formal_experiment10_algorithm_comparison,prefix72,37,2122645248,NLHQT(n=2),2124519929,10000,96,ok,,scenario_label=prefix72,NLHQT(n=2)
formal_experiment10_algorithm_comparison,prefix80,37,4132614700,NLHQT(n=2),2598686867,10000,96,ok,,scenario_label=prefix80,NLHQT(n=2)
formal_experiment10_algorithm_comparison,dispersed,37,1445120987,NLHQT(n=2),1025588437,10000,96,ok,,scenario_label=dispersed,NLHQT(n=2)
formal_experiment10_algorithm_comparison,sequential,37,4059102190,NLHQT(n=2),4246507893,10000,96,ok,,scenario_label=sequential,NLHQT(n=2)
formal_experiment10_algorithm_comparison,clustered,37,2101678517,NLHQT(n=2),4013765910,10000,96,ok,,scenario_label=clustered,NLHQT(n=2)
formal_experiment10_algorithm_comparison,random,38,2697138671,NLHQT(n=2),4197830409,10000,96,ok,,scenario_label=random,NLHQT(n=2)
formal_experiment10_algorithm_comparison,prefixed,38,248821944,NLHQT(n=2),713897517,10000,96,ok,,scenario_label=prefixed,NLHQT(n=2)
formal_experiment10_algorithm_comparison,prefix64,38,1648957073,NLHQT(n=2),384712610,10000,96,ok,,scenario_label=prefix64,NLHQT(n=2)
formal_experiment10_algorithm_comparison,prefix72,38,551118561,NLHQT(n=2),2777791705,10000,96,ok,,scenario_label=prefix72,NLHQT(n=2)
formal_experiment10_algorithm_comparison,prefix80,38,2176443634,NLHQT(n=2),2108715487,10000,96,ok,,scenario_label=prefix80,NLHQT(n=2)
formal_experiment10_algorithm_comparison,dispersed,38,1295320453,NLHQT(n=2),915937935,10000,96,ok,,scenario_label=dispersed,NLHQT(n=2)
formal_experiment10_algorithm_comparison,sequential,38,1532549816,NLHQT(n=2),2129887382,10000,96,ok,,scenario_label=sequential,NLHQT(n=2)
formal_experiment10_algorithm_comparison,clustered,38,1315890655,NLHQT(n=2),2060988413,10000,96,ok,,scenario_label=clustered,NLHQT(n=2)
formal_experiment10_algorithm_comparison,random,39,4170876505,NLHQT(n=2),2733041512,10000,96,ok,,scenario_label=random,NLHQT(n=2)
formal_experiment10_algorithm_comparison,prefixed,39,117028918,NLHQT(n=2),1029575266,10000,96,ok,,scenario_label=prefixed,NLHQT(n=2)
formal_experiment10_algorithm_comparison,prefix64,39,3382193401,NLHQT(n=2),2230116026,10000,96,ok,,scenario_label=prefix64,NLHQT(n=2)
formal_experiment10_algorithm_comparison,prefix72,39,3766206041,NLHQT(n=2),3325852395,10000,96,ok,,scenario_label=prefix72,NLHQT(n=2)
formal_experiment10_algorithm_comparison,prefix80,39,1181769842,NLHQT(n=2),1802031589,10000,96,ok,,scenario_label=prefix80,NLHQT(n=2)
formal_experiment10_algorithm_comparison,dispersed,39,689222263,NLHQT(n=2),1566902950,10000,96,ok,,scenario_label=dispersed,NLHQT(n=2)
formal_experiment10_algorithm_comparison,sequential,39,492811461,NLHQT(n=2),390708253,10000,96,ok,,scenario_label=sequential,NLHQT(n=2)
formal_experiment10_algorithm_comparison,clustered,39,550238148,NLHQT(n=2),1793031001,10000,96,ok,,scenario_label=clustered,NLHQT(n=2)
formal_experiment10_algorithm_comparison,random,40,3450625955,NLHQT(n=2),329502195,10000,96,ok,,scenario_label=random,NLHQT(n=2)
formal_experiment10_algorithm_comparison,prefixed,40,738262747,NLHQT(n=2),1336630383,10000,96,ok,,scenario_label=prefixed,NLHQT(n=2)
formal_experiment10_algorithm_comparison,prefix64,40,1985651988,NLHQT(n=2),4286701988,10000,96,ok,,scenario_label=prefix64,NLHQT(n=2)
formal_experiment10_algorithm_comparison,prefix72,40,2395566563,NLHQT(n=2),156207563,10000,96,ok,,scenario_label=prefix72,NLHQT(n=2)
formal_experiment10_algorithm_comparison,prefix80,40,1541212281,NLHQT(n=2),3949261451,10000,96,ok,,scenario_label=prefix80,NLHQT(n=2)
formal_experiment10_algorithm_comparison,dispersed,40,2764666677,NLHQT(n=2),2358416998,10000,96,ok,,scenario_label=dispersed,NLHQT(n=2)
formal_experiment10_algorithm_comparison,sequential,40,1097759754,NLHQT(n=2),2827360146,10000,96,ok,,scenario_label=sequential,NLHQT(n=2)
formal_experiment10_algorithm_comparison,clustered,40,2622337710,NLHQT(n=2),2456125197,10000,96,ok,,scenario_label=clustered,NLHQT(n=2)
formal_experiment10_algorithm_comparison,random,41,810163340,NLHQT(n=2),557513157,10000,96,ok,,scenario_label=random,NLHQT(n=2)
formal_experiment10_algorithm_comparison,prefixed,41,2832028255,NLHQT(n=2),3767534173,10000,96,ok,,scenario_label=prefixed,NLHQT(n=2)
formal_experiment10_algorithm_comparison,prefix64,41,249036306,NLHQT(n=2),1113307889,10000,96,ok,,scenario_label=prefix64,NLHQT(n=2)
formal_experiment10_algorithm_comparison,prefix72,41,1115424615,NLHQT(n=2),2936547567,10000,96,ok,,scenario_label=prefix72,NLHQT(n=2)
formal_experiment10_algorithm_comparison,prefix80,41,4200284946,NLHQT(n=2),458485190,10000,96,ok,,scenario_label=prefix80,NLHQT(n=2)
formal_experiment10_algorithm_comparison,dispersed,41,1243932841,NLHQT(n=2),180273463,10000,96,ok,,scenario_label=dispersed,NLHQT(n=2)
formal_experiment10_algorithm_comparison,sequential,41,2930733260,NLHQT(n=2),990788547,10000,96,ok,,scenario_label=sequential,NLHQT(n=2)
formal_experiment10_algorithm_comparison,clustered,41,3458394344,NLHQT(n=2),636466011,10000,96,ok,,scenario_label=clustered,NLHQT(n=2)
formal_experiment10_algorithm_comparison,random,42,1704362005,NLHQT(n=2),1265603392,10000,96,ok,,scenario_label=random,NLHQT(n=2)
formal_experiment10_algorithm_comparison,prefixed,42,3144017342,NLHQT(n=2),3025684834,10000,96,ok,,scenario_label=prefixed,NLHQT(n=2)
formal_experiment10_algorithm_comparison,prefix64,42,1042034839,NLHQT(n=2),911796030,10000,96,ok,,scenario_label=prefix64,NLHQT(n=2)
formal_experiment10_algorithm_comparison,prefix72,42,2531603473,NLHQT(n=2),152489557,10000,96,ok,,scenario_label=prefix72,NLHQT(n=2)
formal_experiment10_algorithm_comparison,prefix80,42,4248245683,NLHQT(n=2),542734296,10000,96,ok,,scenario_label=prefix80,NLHQT(n=2)
formal_experiment10_algorithm_comparison,dispersed,42,971401964,NLHQT(n=2),3436256428,10000,96,ok,,scenario_label=dispersed,NLHQT(n=2)
formal_experiment10_algorithm_comparison,sequential,42,1252099663,NLHQT(n=2),2082472366,10000,96,ok,,scenario_label=sequential,NLHQT(n=2)
formal_experiment10_algorithm_comparison,clustered,42,3084834098,NLHQT(n=2),2742429719,10000,96,ok,,scenario_label=clustered,NLHQT(n=2)
formal_experiment10_algorithm_comparison,random,43,917040789,NLHQT(n=2),1532574743,10000,96,ok,,scenario_label=random,NLHQT(n=2)
formal_experiment10_algorithm_comparison,prefixed,43,601521315,NLHQT(n=2),3766031575,10000,96,ok,,scenario_label=prefixed,NLHQT(n=2)
formal_experiment10_algorithm_comparison,prefix64,43,247146984,NLHQT(n=2),1946433699,10000,96,ok,,scenario_label=prefix64,NLHQT(n=2)
formal_experiment10_algorithm_comparison,prefix72,43,3723101655,NLHQT(n=2),165897741,10000,96,ok,,scenario_label=prefix72,NLHQT(n=2)
formal_experiment10_algorithm_comparison,prefix80,43,1184894979,NLHQT(n=2),106493443,10000,96,ok,,scenario_label=prefix80,NLHQT(n=2)
formal_experiment10_algorithm_comparison,dispersed,43,543731670,NLHQT(n=2),2195890535,10000,96,ok,,scenario_label=dispersed,NLHQT(n=2)
formal_experiment10_algorithm_comparison,sequential,43,2581054308,NLHQT(n=2),2147951409,10000,96,ok,,scenario_label=sequential,NLHQT(n=2)
formal_experiment10_algorithm_comparison,clustered,43,305485960,NLHQT(n=2),4283834241,10000,96,ok,,scenario_label=clustered,NLHQT(n=2)
formal_experiment10_algorithm_comparison,random,44,2757181503,NLHQT(n=2),1062559891,10000,96,ok,,scenario_label=random,NLHQT(n=2)
formal_experiment10_algorithm_comparison,prefixed,44,3667808483,NLHQT(n=2),2448145211,10000,96,ok,,scenario_label=prefixed,NLHQT(n=2)
formal_experiment10_algorithm_comparison,prefix64,44,3627632042,NLHQT(n=2),2091292891,10000,96,ok,,scenario_label=prefix64,NLHQT(n=2)
formal_experiment10_algorithm_comparison,prefix72,44,112554203,NLHQT(n=2),4182023084,10000,96,ok,,scenario_label=prefix72,NLHQT(n=2)
formal_experiment10_algorithm_comparison,prefix80,44,1838899425,NLHQT(n=2),3487188605,10000,96,ok,,scenario_label=prefix80,NLHQT(n=2)
formal_experiment10_algorithm_comparison,dispersed,44,1675694341,NLHQT(n=2),3599362249,10000,96,ok,,scenario_label=dispersed,NLHQT(n=2)
formal_experiment10_algorithm_comparison,sequential,44,2581828915,NLHQT(n=2),1157800090,10000,96,ok,,scenario_label=sequential,NLHQT(n=2)
formal_experiment10_algorithm_comparison,clustered,44,3777667509,NLHQT(n=2),2604902799,10000,96,ok,,scenario_label=clustered,NLHQT(n=2)
formal_experiment10_algorithm_comparison,random,45,3439054340,NLHQT(n=2),2183261088,10000,96,ok,,scenario_label=random,NLHQT(n=2)
formal_experiment10_algorithm_comparison,prefixed,45,827713014,NLHQT(n=2),1508586437,10000,96,ok,,scenario_label=prefixed,NLHQT(n=2)
formal_experiment10_algorithm_comparison,prefix64,45,3773143706,NLHQT(n=2),2087358871,10000,96,ok,,scenario_label=prefix64,NLHQT(n=2)
formal_experiment10_algorithm_comparison,prefix72,45,2352996596,NLHQT(n=2),4151065056,10000,96,ok,,scenario_label=prefix72,NLHQT(n=2)
formal_experiment10_algorithm_comparison,prefix80,45,1515211290,NLHQT(n=2),3232380026,10000,96,ok,,scenario_label=prefix80,NLHQT(n=2)
formal_experiment10_algorithm_comparison,dispersed,45,3455145310,NLHQT(n=2),4240295103,10000,96,ok,,scenario_label=dispersed,NLHQT(n=2)
formal_experiment10_algorithm_comparison,sequential,45,3536744853,NLHQT(n=2),3433381146,10000,96,ok,,scenario_label=sequential,NLHQT(n=2)
formal_experiment10_algorithm_comparison,clustered,45,3714169138,NLHQT(n=2),4165954561,10000,96,ok,,scenario_label=clustered,NLHQT(n=2)
formal_experiment10_algorithm_comparison,random,46,3762581748,NLHQT(n=2),1710356918,10000,96,ok,,scenario_label=random,NLHQT(n=2)
formal_experiment10_algorithm_comparison,prefixed,46,1041196411,NLHQT(n=2),2988934492,10000,96,ok,,scenario_label=prefixed,NLHQT(n=2)
formal_experiment10_algorithm_comparison,prefix64,46,737039505,NLHQT(n=2),1759388275,10000,96,ok,,scenario_label=prefix64,NLHQT(n=2)
formal_experiment10_algorithm_comparison,prefix72,46,1433412071,NLHQT(n=2),4200964174,10000,96,ok,,scenario_label=prefix72,NLHQT(n=2)
formal_experiment10_algorithm_comparison,prefix80,46,2094016510,NLHQT(n=2),269514628,10000,96,ok,,scenario_label=prefix80,NLHQT(n=2)
formal_experiment10_algorithm_comparison,dispersed,46,3724898785,NLHQT(n=2),397501960,10000,96,ok,,scenario_label=dispersed,NLHQT(n=2)
formal_experiment10_algorithm_comparison,sequential,46,3086579310,NLHQT(n=2),2061300307,10000,96,ok,,scenario_label=sequential,NLHQT(n=2)
formal_experiment10_algorithm_comparison,clustered,46,3569510457,NLHQT(n=2),34534667,10000,96,ok,,scenario_label=clustered,NLHQT(n=2)
formal_experiment10_algorithm_comparison,random,47,2402732470,NLHQT(n=2),3846436329,10000,96,ok,,scenario_label=random,NLHQT(n=2)
formal_experiment10_algorithm_comparison,prefixed,47,3749692816,NLHQT(n=2),1481044431,10000,96,ok,,scenario_label=prefixed,NLHQT(n=2)
formal_experiment10_algorithm_comparison,prefix64,47,2448397771,NLHQT(n=2),2098749,10000,96,ok,,scenario_label=prefix64,NLHQT(n=2)
formal_experiment10_algorithm_comparison,prefix72,47,2515845558,NLHQT(n=2),1929643287,10000,96,ok,,scenario_label=prefix72,NLHQT(n=2)
formal_experiment10_algorithm_comparison,prefix80,47,2907340057,NLHQT(n=2),2098979320,10000,96,ok,,scenario_label=prefix80,NLHQT(n=2)
formal_experiment10_algorithm_comparison,dispersed,47,450818034,NLHQT(n=2),1191794324,10000,96,ok,,scenario_label=dispersed,NLHQT(n=2)
formal_experiment10_algorithm_comparison,sequential,47,23415326,NLHQT(n=2),1333815466,10000,96,ok,,scenario_label=sequential,NLHQT(n=2)
formal_experiment10_algorithm_comparison,clustered,47,2859928063,NLHQT(n=2),4167027213,10000,96,ok,,scenario_label=clustered,NLHQT(n=2)
formal_experiment10_algorithm_comparison,random,48,4281357755,NLHQT(n=2),1607916112,10000,96,ok,,scenario_label=random,NLHQT(n=2)
formal_experiment10_algorithm_comparison,prefixed,48,3873723810,NLHQT(n=2),1308331246,10000,96,ok,,scenario_label=prefixed,NLHQT(n=2)
formal_experiment10_algorithm_comparison,prefix64,48,339462132,NLHQT(n=2),641645329,10000,96,ok,,scenario_label=prefix64,NLHQT(n=2)
formal_experiment10_algorithm_comparison,prefix72,48,270703941,NLHQT(n=2),1529494116,10000,96,ok,,scenario_label=prefix72,NLHQT(n=2)
formal_experiment10_algorithm_comparison,prefix80,48,376489424,NLHQT(n=2),1899125975,10000,96,ok,,scenario_label=prefix80,NLHQT(n=2)
formal_experiment10_algorithm_comparison,dispersed,48,2122119051,NLHQT(n=2),3252488764,10000,96,ok,,scenario_label=dispersed,NLHQT(n=2)
formal_experiment10_algorithm_comparison,sequential,48,3552242948,NLHQT(n=2),2420883267,10000,96,ok,,scenario_label=sequential,NLHQT(n=2)
formal_experiment10_algorithm_comparison,clustered,48,1330979572,NLHQT(n=2),237687789,10000,96,ok,,scenario_label=clustered,NLHQT(n=2)
formal_experiment10_algorithm_comparison,random,49,1789994563,NLHQT(n=2),2620085834,10000,96,ok,,scenario_label=random,NLHQT(n=2)
formal_experiment10_algorithm_comparison,prefixed,49,2849056856,NLHQT(n=2),164411633,10000,96,ok,,scenario_label=prefixed,NLHQT(n=2)
formal_experiment10_algorithm_comparison,prefix64,49,3532656362,NLHQT(n=2),2361050438,10000,96,ok,,scenario_label=prefix64,NLHQT(n=2)
formal_experiment10_algorithm_comparison,prefix72,49,3560536888,NLHQT(n=2),1549970021,10000,96,ok,,scenario_label=prefix72,NLHQT(n=2)
formal_experiment10_algorithm_comparison,prefix80,49,3497608031,NLHQT(n=2),188669287,10000,96,ok,,scenario_label=prefix80,NLHQT(n=2)
formal_experiment10_algorithm_comparison,dispersed,49,1244494452,NLHQT(n=2),3258964060,10000,96,ok,,scenario_label=dispersed,NLHQT(n=2)
formal_experiment10_algorithm_comparison,sequential,49,1309897987,NLHQT(n=2),3055316828,10000,96,ok,,scenario_label=sequential,NLHQT(n=2)
formal_experiment10_algorithm_comparison,clustered,49,1756787569,NLHQT(n=2),187249074,10000,96,ok,,scenario_label=clustered,NLHQT(n=2)
formal_experiment10_algorithm_comparison,random,0,1486858820,SGCT,2261782113,10000,96,ok,,scenario_label=random,SGCT
formal_experiment10_algorithm_comparison,prefixed,0,4075987068,SGCT,1584112316,10000,96,ok,,scenario_label=prefixed,SGCT
formal_experiment10_algorithm_comparison,prefix64,0,4125689627,SGCT,3050031542,10000,96,ok,,scenario_label=prefix64,SGCT
formal_experiment10_algorithm_comparison,prefix72,0,1500471121,SGCT,2324879464,10000,96,ok,,scenario_label=prefix72,SGCT
formal_experiment10_algorithm_comparison,prefix80,0,3599789785,SGCT,2403174444,10000,96,ok,,scenario_label=prefix80,SGCT
formal_experiment10_algorithm_comparison,dispersed,0,718391674,SGCT,2934129075,10000,96,ok,,scenario_label=dispersed,SGCT
formal_experiment10_algorithm_comparison,sequential,0,3832442603,SGCT,3120628089,10000,96,ok,,scenario_label=sequential,SGCT
formal_experiment10_algorithm_comparison,clustered,0,2671803409,SGCT,50328900,10000,96,ok,,scenario_label=clustered,SGCT
formal_experiment10_algorithm_comparison,random,1,2763007857,SGCT,2944581948,10000,96,ok,,scenario_label=random,SGCT
formal_experiment10_algorithm_comparison,prefixed,1,2065428963,SGCT,1832321788,10000,96,ok,,scenario_label=prefixed,SGCT
formal_experiment10_algorithm_comparison,prefix64,1,1416633314,SGCT,2041223061,10000,96,ok,,scenario_label=prefix64,SGCT
formal_experiment10_algorithm_comparison,prefix72,1,4054706784,SGCT,2027159560,10000,96,ok,,scenario_label=prefix72,SGCT
formal_experiment10_algorithm_comparison,prefix80,1,4026730667,SGCT,980491462,10000,96,ok,,scenario_label=prefix80,SGCT
formal_experiment10_algorithm_comparison,dispersed,1,512815062,SGCT,2266098202,10000,96,ok,,scenario_label=dispersed,SGCT
formal_experiment10_algorithm_comparison,sequential,1,307044453,SGCT,261762654,10000,96,ok,,scenario_label=sequential,SGCT
formal_experiment10_algorithm_comparison,clustered,1,1347204990,SGCT,4134931190,10000,96,ok,,scenario_label=clustered,SGCT
formal_experiment10_algorithm_comparison,random,2,2952453941,SGCT,2899157798,10000,96,ok,,scenario_label=random,SGCT
formal_experiment10_algorithm_comparison,prefixed,2,2156894236,SGCT,2410158765,10000,96,ok,,scenario_label=prefixed,SGCT
formal_experiment10_algorithm_comparison,prefix64,2,1579062743,SGCT,3846120657,10000,96,ok,,scenario_label=prefix64,SGCT
formal_experiment10_algorithm_comparison,prefix72,2,3098683715,SGCT,829899261,10000,96,ok,,scenario_label=prefix72,SGCT
formal_experiment10_algorithm_comparison,prefix80,2,3666635172,SGCT,3369374906,10000,96,ok,,scenario_label=prefix80,SGCT
formal_experiment10_algorithm_comparison,dispersed,2,1938306392,SGCT,3584025520,10000,96,ok,,scenario_label=dispersed,SGCT
formal_experiment10_algorithm_comparison,sequential,2,2669753757,SGCT,4206592232,10000,96,ok,,scenario_label=sequential,SGCT
formal_experiment10_algorithm_comparison,clustered,2,4214585690,SGCT,1143615079,10000,96,ok,,scenario_label=clustered,SGCT
formal_experiment10_algorithm_comparison,random,3,305508543,SGCT,1378253680,10000,96,ok,,scenario_label=random,SGCT
formal_experiment10_algorithm_comparison,prefixed,3,601308687,SGCT,4193173697,10000,96,ok,,scenario_label=prefixed,SGCT
formal_experiment10_algorithm_comparison,prefix64,3,609090443,SGCT,1151084011,10000,96,ok,,scenario_label=prefix64,SGCT
formal_experiment10_algorithm_comparison,prefix72,3,300944148,SGCT,4142624896,10000,96,ok,,scenario_label=prefix72,SGCT
formal_experiment10_algorithm_comparison,prefix80,3,968741272,SGCT,316885197,10000,96,ok,,scenario_label=prefix80,SGCT
formal_experiment10_algorithm_comparison,dispersed,3,101697167,SGCT,2812085985,10000,96,ok,,scenario_label=dispersed,SGCT
formal_experiment10_algorithm_comparison,sequential,3,4014819932,SGCT,1057806535,10000,96,ok,,scenario_label=sequential,SGCT
formal_experiment10_algorithm_comparison,clustered,3,3211323854,SGCT,3512764758,10000,96,ok,,scenario_label=clustered,SGCT
formal_experiment10_algorithm_comparison,random,4,647249588,SGCT,1444876178,10000,96,ok,,scenario_label=random,SGCT
formal_experiment10_algorithm_comparison,prefixed,4,1849982546,SGCT,1606989255,10000,96,ok,,scenario_label=prefixed,SGCT
formal_experiment10_algorithm_comparison,prefix64,4,4123678274,SGCT,850764921,10000,96,ok,,scenario_label=prefix64,SGCT
formal_experiment10_algorithm_comparison,prefix72,4,647941119,SGCT,2346468747,10000,96,ok,,scenario_label=prefix72,SGCT
formal_experiment10_algorithm_comparison,prefix80,4,2084925728,SGCT,1928391190,10000,96,ok,,scenario_label=prefix80,SGCT
formal_experiment10_algorithm_comparison,dispersed,4,4016991929,SGCT,3308309871,10000,96,ok,,scenario_label=dispersed,SGCT
formal_experiment10_algorithm_comparison,sequential,4,1147041799,SGCT,2710254435,10000,96,ok,,scenario_label=sequential,SGCT
formal_experiment10_algorithm_comparison,clustered,4,1157746636,SGCT,3752387779,10000,96,ok,,scenario_label=clustered,SGCT
formal_experiment10_algorithm_comparison,random,5,2154945588,SGCT,4005785460,10000,96,ok,,scenario_label=random,SGCT
formal_experiment10_algorithm_comparison,prefixed,5,2243686180,SGCT,49332716,10000,96,ok,,scenario_label=prefixed,SGCT
formal_experiment10_algorithm_comparison,prefix64,5,295811869,SGCT,1716196954,10000,96,ok,,scenario_label=prefix64,SGCT
formal_experiment10_algorithm_comparison,prefix72,5,617202740,SGCT,3830262860,10000,96,ok,,scenario_label=prefix72,SGCT
formal_experiment10_algorithm_comparison,prefix80,5,815586784,SGCT,1149083720,10000,96,ok,,scenario_label=prefix80,SGCT
formal_experiment10_algorithm_comparison,dispersed,5,1659534425,SGCT,2150490793,10000,96,ok,,scenario_label=dispersed,SGCT
formal_experiment10_algorithm_comparison,sequential,5,1736493233,SGCT,1628278689,10000,96,ok,,scenario_label=sequential,SGCT
formal_experiment10_algorithm_comparison,clustered,5,2592520367,SGCT,3854277876,10000,96,ok,,scenario_label=clustered,SGCT
formal_experiment10_algorithm_comparison,random,6,888616007,SGCT,3838865109,10000,96,ok,,scenario_label=random,SGCT
formal_experiment10_algorithm_comparison,prefixed,6,2156671656,SGCT,3302520755,10000,96,ok,,scenario_label=prefixed,SGCT
formal_experiment10_algorithm_comparison,prefix64,6,2560305621,SGCT,2867685939,10000,96,ok,,scenario_label=prefix64,SGCT
formal_experiment10_algorithm_comparison,prefix72,6,3673910054,SGCT,1076727740,10000,96,ok,,scenario_label=prefix72,SGCT
formal_experiment10_algorithm_comparison,prefix80,6,2524613736,SGCT,1141460934,10000,96,ok,,scenario_label=prefix80,SGCT
formal_experiment10_algorithm_comparison,dispersed,6,4228533201,SGCT,1347414566,10000,96,ok,,scenario_label=dispersed,SGCT
formal_experiment10_algorithm_comparison,sequential,6,2814513920,SGCT,647799990,10000,96,ok,,scenario_label=sequential,SGCT
formal_experiment10_algorithm_comparison,clustered,6,4149466484,SGCT,708613713,10000,96,ok,,scenario_label=clustered,SGCT
formal_experiment10_algorithm_comparison,random,7,430504557,SGCT,3502055504,10000,96,ok,,scenario_label=random,SGCT
formal_experiment10_algorithm_comparison,prefixed,7,968297227,SGCT,27236269,10000,96,ok,,scenario_label=prefixed,SGCT
formal_experiment10_algorithm_comparison,prefix64,7,1285056138,SGCT,1059335195,10000,96,ok,,scenario_label=prefix64,SGCT
formal_experiment10_algorithm_comparison,prefix72,7,108678447,SGCT,208942036,10000,96,ok,,scenario_label=prefix72,SGCT
formal_experiment10_algorithm_comparison,prefix80,7,2075071502,SGCT,1262617085,10000,96,ok,,scenario_label=prefix80,SGCT
formal_experiment10_algorithm_comparison,dispersed,7,3483887618,SGCT,3526953853,10000,96,ok,,scenario_label=dispersed,SGCT
formal_experiment10_algorithm_comparison,sequential,7,1089799207,SGCT,2690131863,10000,96,ok,,scenario_label=sequential,SGCT
formal_experiment10_algorithm_comparison,clustered,7,1659200484,SGCT,4025865513,10000,96,ok,,scenario_label=clustered,SGCT
formal_experiment10_algorithm_comparison,random,8,2123175754,SGCT,4157294508,10000,96,ok,,scenario_label=random,SGCT
formal_experiment10_algorithm_comparison,prefixed,8,3724191092,SGCT,2081593685,10000,96,ok,,scenario_label=prefixed,SGCT
formal_experiment10_algorithm_comparison,prefix64,8,3747759999,SGCT,786345085,10000,96,ok,,scenario_label=prefix64,SGCT
formal_experiment10_algorithm_comparison,prefix72,8,3944130523,SGCT,2754618522,10000,96,ok,,scenario_label=prefix72,SGCT
formal_experiment10_algorithm_comparison,prefix80,8,2877063911,SGCT,1339351544,10000,96,ok,,scenario_label=prefix80,SGCT
formal_experiment10_algorithm_comparison,dispersed,8,1326794289,SGCT,2382237585,10000,96,ok,,scenario_label=dispersed,SGCT
formal_experiment10_algorithm_comparison,sequential,8,464962871,SGCT,234620736,10000,96,ok,,scenario_label=sequential,SGCT
formal_experiment10_algorithm_comparison,clustered,8,4146325891,SGCT,2958720771,10000,96,ok,,scenario_label=clustered,SGCT
formal_experiment10_algorithm_comparison,random,9,1156999555,SGCT,3171247752,10000,96,ok,,scenario_label=random,SGCT
formal_experiment10_algorithm_comparison,prefixed,9,138744347,SGCT,3842787057,10000,96,ok,,scenario_label=prefixed,SGCT
formal_experiment10_algorithm_comparison,prefix64,9,3105645739,SGCT,1470298463,10000,96,ok,,scenario_label=prefix64,SGCT
formal_experiment10_algorithm_comparison,prefix72,9,3839497446,SGCT,3205104200,10000,96,ok,,scenario_label=prefix72,SGCT
formal_experiment10_algorithm_comparison,prefix80,9,923924336,SGCT,102880795,10000,96,ok,,scenario_label=prefix80,SGCT
formal_experiment10_algorithm_comparison,dispersed,9,2289044336,SGCT,658834436,10000,96,ok,,scenario_label=dispersed,SGCT
formal_experiment10_algorithm_comparison,sequential,9,1819612831,SGCT,3024127072,10000,96,ok,,scenario_label=sequential,SGCT
formal_experiment10_algorithm_comparison,clustered,9,2410991351,SGCT,2960164176,10000,96,ok,,scenario_label=clustered,SGCT
formal_experiment10_algorithm_comparison,random,10,3409120913,SGCT,2666571492,10000,96,ok,,scenario_label=random,SGCT
formal_experiment10_algorithm_comparison,prefixed,10,1612835902,SGCT,724045041,10000,96,ok,,scenario_label=prefixed,SGCT
formal_experiment10_algorithm_comparison,prefix64,10,1342461640,SGCT,3467630713,10000,96,ok,,scenario_label=prefix64,SGCT
formal_experiment10_algorithm_comparison,prefix72,10,3699530451,SGCT,3234242953,10000,96,ok,,scenario_label=prefix72,SGCT
formal_experiment10_algorithm_comparison,prefix80,10,959927471,SGCT,2843798485,10000,96,ok,,scenario_label=prefix80,SGCT
formal_experiment10_algorithm_comparison,dispersed,10,1416169167,SGCT,2231625387,10000,96,ok,,scenario_label=dispersed,SGCT
formal_experiment10_algorithm_comparison,sequential,10,2509121869,SGCT,2511793094,10000,96,ok,,scenario_label=sequential,SGCT
formal_experiment10_algorithm_comparison,clustered,10,1497064732,SGCT,552413245,10000,96,ok,,scenario_label=clustered,SGCT
formal_experiment10_algorithm_comparison,random,11,304725238,SGCT,2751370186,10000,96,ok,,scenario_label=random,SGCT
formal_experiment10_algorithm_comparison,prefixed,11,1701264339,SGCT,528394267,10000,96,ok,,scenario_label=prefixed,SGCT
formal_experiment10_algorithm_comparison,prefix64,11,2849293153,SGCT,1376201387,10000,96,ok,,scenario_label=prefix64,SGCT
formal_experiment10_algorithm_comparison,prefix72,11,1544784903,SGCT,2561847434,10000,96,ok,,scenario_label=prefix72,SGCT
formal_experiment10_algorithm_comparison,prefix80,11,3015158801,SGCT,4025662778,10000,96,ok,,scenario_label=prefix80,SGCT
formal_experiment10_algorithm_comparison,dispersed,11,418844889,SGCT,2719133656,10000,96,ok,,scenario_label=dispersed,SGCT
formal_experiment10_algorithm_comparison,sequential,11,4252184221,SGCT,2781339609,10000,96,ok,,scenario_label=sequential,SGCT
formal_experiment10_algorithm_comparison,clustered,11,1654947796,SGCT,1117518558,10000,96,ok,,scenario_label=clustered,SGCT
formal_experiment10_algorithm_comparison,random,12,2060045378,SGCT,903952002,10000,96,ok,,scenario_label=random,SGCT
formal_experiment10_algorithm_comparison,prefixed,12,2090748561,SGCT,3931923885,10000,96,ok,,scenario_label=prefixed,SGCT
formal_experiment10_algorithm_comparison,prefix64,12,3119637419,SGCT,3839801088,10000,96,ok,,scenario_label=prefix64,SGCT
formal_experiment10_algorithm_comparison,prefix72,12,4135667632,SGCT,2768069204,10000,96,ok,,scenario_label=prefix72,SGCT
formal_experiment10_algorithm_comparison,prefix80,12,235991746,SGCT,2637281486,10000,96,ok,,scenario_label=prefix80,SGCT
formal_experiment10_algorithm_comparison,dispersed,12,1779197397,SGCT,4294793245,10000,96,ok,,scenario_label=dispersed,SGCT
formal_experiment10_algorithm_comparison,sequential,12,598408119,SGCT,1566681802,10000,96,ok,,scenario_label=sequential,SGCT
formal_experiment10_algorithm_comparison,clustered,12,1632175688,SGCT,263992475,10000,96,ok,,scenario_label=clustered,SGCT
formal_experiment10_algorithm_comparison,random,13,4060208555,SGCT,1337594164,10000,96,ok,,scenario_label=random,SGCT
formal_experiment10_algorithm_comparison,prefixed,13,1330638782,SGCT,3531156747,10000,96,ok,,scenario_label=prefixed,SGCT
formal_experiment10_algorithm_comparison,prefix64,13,3229840205,SGCT,508181086,10000,96,ok,,scenario_label=prefix64,SGCT
formal_experiment10_algorithm_comparison,prefix72,13,2885341494,SGCT,3891797898,10000,96,ok,,scenario_label=prefix72,SGCT
formal_experiment10_algorithm_comparison,prefix80,13,2359772976,SGCT,748415252,10000,96,ok,,scenario_label=prefix80,SGCT
formal_experiment10_algorithm_comparison,dispersed,13,3815732145,SGCT,4170230465,10000,96,ok,,scenario_label=dispersed,SGCT
formal_experiment10_algorithm_comparison,sequential,13,3109578896,SGCT,120111443,10000,96,ok,,scenario_label=sequential,SGCT
formal_experiment10_algorithm_comparison,clustered,13,286329085,SGCT,2240638922,10000,96,ok,,scenario_label=clustered,SGCT
formal_experiment10_algorithm_comparison,random,14,338370732,SGCT,849576851,10000,96,ok,,scenario_label=random,SGCT
formal_experiment10_algorithm_comparison,prefixed,14,1383110064,SGCT,1810094633,10000,96,ok,,scenario_label=prefixed,SGCT
formal_experiment10_algorithm_comparison,prefix64,14,2166853789,SGCT,233715931,10000,96,ok,,scenario_label=prefix64,SGCT
formal_experiment10_algorithm_comparison,prefix72,14,314404237,SGCT,1333644734,10000,96,ok,,scenario_label=prefix72,SGCT
formal_experiment10_algorithm_comparison,prefix80,14,2419352845,SGCT,2525599181,10000,96,ok,,scenario_label=prefix80,SGCT
formal_experiment10_algorithm_comparison,dispersed,14,3005302956,SGCT,3365084581,10000,96,ok,,scenario_label=dispersed,SGCT
formal_experiment10_algorithm_comparison,sequential,14,2012366791,SGCT,663734323,10000,96,ok,,scenario_label=sequential,SGCT
formal_experiment10_algorithm_comparison,clustered,14,844575883,SGCT,2677915915,10000,96,ok,,scenario_label=clustered,SGCT
formal_experiment10_algorithm_comparison,random,15,3150236223,SGCT,734046161,10000,96,ok,,scenario_label=random,SGCT
formal_experiment10_algorithm_comparison,prefixed,15,3900451069,SGCT,3327509371,10000,96,ok,,scenario_label=prefixed,SGCT
formal_experiment10_algorithm_comparison,prefix64,15,1087024520,SGCT,1159646985,10000,96,ok,,scenario_label=prefix64,SGCT
formal_experiment10_algorithm_comparison,prefix72,15,3683200937,SGCT,3490826816,10000,96,ok,,scenario_label=prefix72,SGCT
formal_experiment10_algorithm_comparison,prefix80,15,3661251964,SGCT,4013193173,10000,96,ok,,scenario_label=prefix80,SGCT
formal_experiment10_algorithm_comparison,dispersed,15,721136372,SGCT,4197296921,10000,96,ok,,scenario_label=dispersed,SGCT
formal_experiment10_algorithm_comparison,sequential,15,2481232546,SGCT,1020391722,10000,96,ok,,scenario_label=sequential,SGCT
formal_experiment10_algorithm_comparison,clustered,15,4075594883,SGCT,2020227022,10000,96,ok,,scenario_label=clustered,SGCT
formal_experiment10_algorithm_comparison,random,16,988902021,SGCT,3142728345,10000,96,ok,,scenario_label=random,SGCT
formal_experiment10_algorithm_comparison,prefixed,16,1825783292,SGCT,2801647343,10000,96,ok,,scenario_label=prefixed,SGCT
formal_experiment10_algorithm_comparison,prefix64,16,1331422560,SGCT,3822437464,10000,96,ok,,scenario_label=prefix64,SGCT
formal_experiment10_algorithm_comparison,prefix72,16,2842376837,SGCT,694238231,10000,96,ok,,scenario_label=prefix72,SGCT
formal_experiment10_algorithm_comparison,prefix80,16,119107535,SGCT,3276738757,10000,96,ok,,scenario_label=prefix80,SGCT
formal_experiment10_algorithm_comparison,dispersed,16,2327042042,SGCT,1705802164,10000,96,ok,,scenario_label=dispersed,SGCT
formal_experiment10_algorithm_comparison,sequential,16,1105529789,SGCT,1738215378,10000,96,ok,,scenario_label=sequential,SGCT
formal_experiment10_algorithm_comparison,clustered,16,496171624,SGCT,2048201144,10000,96,ok,,scenario_label=clustered,SGCT
formal_experiment10_algorithm_comparison,random,17,2224189429,SGCT,891281411,10000,96,ok,,scenario_label=random,SGCT
formal_experiment10_algorithm_comparison,prefixed,17,288395540,SGCT,1723590029,10000,96,ok,,scenario_label=prefixed,SGCT
formal_experiment10_algorithm_comparison,prefix64,17,2651751378,SGCT,2320785008,10000,96,ok,,scenario_label=prefix64,SGCT
formal_experiment10_algorithm_comparison,prefix72,17,2996846514,SGCT,3454675607,10000,96,ok,,scenario_label=prefix72,SGCT
formal_experiment10_algorithm_comparison,prefix80,17,1676046437,SGCT,1392585822,10000,96,ok,,scenario_label=prefix80,SGCT
formal_experiment10_algorithm_comparison,dispersed,17,235530803,SGCT,3113390355,10000,96,ok,,scenario_label=dispersed,SGCT
formal_experiment10_algorithm_comparison,sequential,17,576396880,SGCT,3579536053,10000,96,ok,,scenario_label=sequential,SGCT
formal_experiment10_algorithm_comparison,clustered,17,1717550807,SGCT,260895784,10000,96,ok,,scenario_label=clustered,SGCT
formal_experiment10_algorithm_comparison,random,18,3998393979,SGCT,1172010321,10000,96,ok,,scenario_label=random,SGCT
formal_experiment10_algorithm_comparison,prefixed,18,2356458670,SGCT,1909870192,10000,96,ok,,scenario_label=prefixed,SGCT
formal_experiment10_algorithm_comparison,prefix64,18,1114579400,SGCT,127872392,10000,96,ok,,scenario_label=prefix64,SGCT
formal_experiment10_algorithm_comparison,prefix72,18,2056936186,SGCT,1565279776,10000,96,ok,,scenario_label=prefix72,SGCT
formal_experiment10_algorithm_comparison,prefix80,18,3572978440,SGCT,448242080,10000,96,ok,,scenario_label=prefix80,SGCT
formal_experiment10_algorithm_comparison,dispersed,18,3630574312,SGCT,62490792,10000,96,ok,,scenario_label=dispersed,SGCT
formal_experiment10_algorithm_comparison,sequential,18,555601650,SGCT,475718555,10000,96,ok,,scenario_label=sequential,SGCT
formal_experiment10_algorithm_comparison,clustered,18,3697359989,SGCT,2374348968,10000,96,ok,,scenario_label=clustered,SGCT
formal_experiment10_algorithm_comparison,random,19,2094226776,SGCT,1093336586,10000,96,ok,,scenario_label=random,SGCT
formal_experiment10_algorithm_comparison,prefixed,19,2801155553,SGCT,2131988004,10000,96,ok,,scenario_label=prefixed,SGCT
formal_experiment10_algorithm_comparison,prefix64,19,1462923349,SGCT,3020372843,10000,96,ok,,scenario_label=prefix64,SGCT
formal_experiment10_algorithm_comparison,prefix72,19,864380945,SGCT,3572955758,10000,96,ok,,scenario_label=prefix72,SGCT
formal_experiment10_algorithm_comparison,prefix80,19,3959937795,SGCT,3861883068,10000,96,ok,,scenario_label=prefix80,SGCT
formal_experiment10_algorithm_comparison,dispersed,19,1188669765,SGCT,1461567109,10000,96,ok,,scenario_label=dispersed,SGCT
formal_experiment10_algorithm_comparison,sequential,19,4068575958,SGCT,881448149,10000,96,ok,,scenario_label=sequential,SGCT
formal_experiment10_algorithm_comparison,clustered,19,122151701,SGCT,4149193200,10000,96,ok,,scenario_label=clustered,SGCT
formal_experiment10_algorithm_comparison,random,20,3422504533,SGCT,3355197884,10000,96,ok,,scenario_label=random,SGCT
formal_experiment10_algorithm_comparison,prefixed,20,4232883932,SGCT,1402328266,10000,96,ok,,scenario_label=prefixed,SGCT
formal_experiment10_algorithm_comparison,prefix64,20,3678638554,SGCT,350745431,10000,96,ok,,scenario_label=prefix64,SGCT
formal_experiment10_algorithm_comparison,prefix72,20,1435960876,SGCT,4242533808,10000,96,ok,,scenario_label=prefix72,SGCT
formal_experiment10_algorithm_comparison,prefix80,20,1447386439,SGCT,1144403446,10000,96,ok,,scenario_label=prefix80,SGCT
formal_experiment10_algorithm_comparison,dispersed,20,1490620412,SGCT,1175652597,10000,96,ok,,scenario_label=dispersed,SGCT
formal_experiment10_algorithm_comparison,sequential,20,36137704,SGCT,1209140777,10000,96,ok,,scenario_label=sequential,SGCT
formal_experiment10_algorithm_comparison,clustered,20,3072805405,SGCT,3914532893,10000,96,ok,,scenario_label=clustered,SGCT
formal_experiment10_algorithm_comparison,random,21,2767190040,SGCT,1446126940,10000,96,ok,,scenario_label=random,SGCT
formal_experiment10_algorithm_comparison,prefixed,21,687968857,SGCT,379859164,10000,96,ok,,scenario_label=prefixed,SGCT
formal_experiment10_algorithm_comparison,prefix64,21,138882790,SGCT,534668319,10000,96,ok,,scenario_label=prefix64,SGCT
formal_experiment10_algorithm_comparison,prefix72,21,2856226622,SGCT,3564672199,10000,96,ok,,scenario_label=prefix72,SGCT
formal_experiment10_algorithm_comparison,prefix80,21,773447700,SGCT,4212205881,10000,96,ok,,scenario_label=prefix80,SGCT
formal_experiment10_algorithm_comparison,dispersed,21,3190063457,SGCT,2077035435,10000,96,ok,,scenario_label=dispersed,SGCT
formal_experiment10_algorithm_comparison,sequential,21,3175350032,SGCT,551061101,10000,96,ok,,scenario_label=sequential,SGCT
formal_experiment10_algorithm_comparison,clustered,21,3147787421,SGCT,2507690329,10000,96,ok,,scenario_label=clustered,SGCT
formal_experiment10_algorithm_comparison,random,22,1236592999,SGCT,2364832693,10000,96,ok,,scenario_label=random,SGCT
formal_experiment10_algorithm_comparison,prefixed,22,2490750245,SGCT,1900524320,10000,96,ok,,scenario_label=prefixed,SGCT
formal_experiment10_algorithm_comparison,prefix64,22,2799955695,SGCT,3848451553,10000,96,ok,,scenario_label=prefix64,SGCT
formal_experiment10_algorithm_comparison,prefix72,22,1176494308,SGCT,3587585742,10000,96,ok,,scenario_label=prefix72,SGCT
formal_experiment10_algorithm_comparison,prefix80,22,1933229166,SGCT,2207398159,10000,96,ok,,scenario_label=prefix80,SGCT
formal_experiment10_algorithm_comparison,dispersed,22,2884021080,SGCT,3615555414,10000,96,ok,,scenario_label=dispersed,SGCT
formal_experiment10_algorithm_comparison,sequential,22,718727290,SGCT,3526342956,10000,96,ok,,scenario_label=sequential,SGCT
formal_experiment10_algorithm_comparison,clustered,22,2093052601,SGCT,2450937732,10000,96,ok,,scenario_label=clustered,SGCT
formal_experiment10_algorithm_comparison,random,23,1587936834,SGCT,2713121692,10000,96,ok,,scenario_label=random,SGCT
formal_experiment10_algorithm_comparison,prefixed,23,1648471287,SGCT,1571119817,10000,96,ok,,scenario_label=prefixed,SGCT
formal_experiment10_algorithm_comparison,prefix64,23,364435406,SGCT,451816679,10000,96,ok,,scenario_label=prefix64,SGCT
formal_experiment10_algorithm_comparison,prefix72,23,3017230718,SGCT,3929180423,10000,96,ok,,scenario_label=prefix72,SGCT
formal_experiment10_algorithm_comparison,prefix80,23,3937857360,SGCT,1165356312,10000,96,ok,,scenario_label=prefix80,SGCT
formal_experiment10_algorithm_comparison,dispersed,23,1487873236,SGCT,308511961,10000,96,ok,,scenario_label=dispersed,SGCT
formal_experiment10_algorithm_comparison,sequential,23,1258431547,SGCT,1563499599,10000,96,ok,,scenario_label=sequential,SGCT
formal_experiment10_algorithm_comparison,clustered,23,1999349207,SGCT,885691931,10000,96,ok,,scenario_label=clustered,SGCT
formal_experiment10_algorithm_comparison,random,24,4015954273,SGCT,171405742,10000,96,ok,,scenario_label=random,SGCT
formal_experiment10_algorithm_comparison,prefixed,24,1786454360,SGCT,4106629716,10000,96,ok,,scenario_label=prefixed,SGCT
formal_experiment10_algorithm_comparison,prefix64,24,1605905099,SGCT,695573792,10000,96,ok,,scenario_label=prefix64,SGCT
formal_experiment10_algorithm_comparison,prefix72,24,1141157572,SGCT,1381254520,10000,96,ok,,scenario_label=prefix72,SGCT
formal_experiment10_algorithm_comparison,prefix80,24,3693791333,SGCT,2788603809,10000,96,ok,,scenario_label=prefix80,SGCT
formal_experiment10_algorithm_comparison,dispersed,24,3327095736,SGCT,1176199408,10000,96,ok,,scenario_label=dispersed,SGCT
formal_experiment10_algorithm_comparison,sequential,24,3365623594,SGCT,1536017535,10000,96,ok,,scenario_label=sequential,SGCT
formal_experiment10_algorithm_comparison,clustered,24,2076634887,SGCT,685641341,10000,96,ok,,scenario_label=clustered,SGCT
formal_experiment10_algorithm_comparison,random,25,798146029,SGCT,3949010901,10000,96,ok,,scenario_label=random,SGCT
formal_experiment10_algorithm_comparison,prefixed,25,924758938,SGCT,4007290884,10000,96,ok,,scenario_label=prefixed,SGCT
formal_experiment10_algorithm_comparison,prefix64,25,276170494,SGCT,1450199715,10000,96,ok,,scenario_label=prefix64,SGCT
formal_experiment10_algorithm_comparison,prefix72,25,3354368970,SGCT,3732630834,10000,96,ok,,scenario_label=prefix72,SGCT
formal_experiment10_algorithm_comparison,prefix80,25,2005908186,SGCT,2455176898,10000,96,ok,,scenario_label=prefix80,SGCT
formal_experiment10_algorithm_comparison,dispersed,25,252742347,SGCT,3249325700,10000,96,ok,,scenario_label=dispersed,SGCT
formal_experiment10_algorithm_comparison,sequential,25,2509309594,SGCT,4213154524,10000,96,ok,,scenario_label=sequential,SGCT
formal_experiment10_algorithm_comparison,clustered,25,166869229,SGCT,463476466,10000,96,ok,,scenario_label=clustered,SGCT
formal_experiment10_algorithm_comparison,random,26,3286019119,SGCT,2555367094,10000,96,ok,,scenario_label=random,SGCT
formal_experiment10_algorithm_comparison,prefixed,26,1795450453,SGCT,754121263,10000,96,ok,,scenario_label=prefixed,SGCT
formal_experiment10_algorithm_comparison,prefix64,26,2925529590,SGCT,332367765,10000,96,ok,,scenario_label=prefix64,SGCT
formal_experiment10_algorithm_comparison,prefix72,26,596174526,SGCT,53897689,10000,96,ok,,scenario_label=prefix72,SGCT
formal_experiment10_algorithm_comparison,prefix80,26,3276034574,SGCT,677654482,10000,96,ok,,scenario_label=prefix80,SGCT
formal_experiment10_algorithm_comparison,dispersed,26,2536907153,SGCT,2800317366,10000,96,ok,,scenario_label=dispersed,SGCT
formal_experiment10_algorithm_comparison,sequential,26,3016514165,SGCT,3222495084,10000,96,ok,,scenario_label=sequential,SGCT
formal_experiment10_algorithm_comparison,clustered,26,3738417298,SGCT,627624288,10000,96,ok,,scenario_label=clustered,SGCT
formal_experiment10_algorithm_comparison,random,27,1371178209,SGCT,1734576797,10000,96,ok,,scenario_label=random,SGCT
formal_experiment10_algorithm_comparison,prefixed,27,2433723863,SGCT,3463755181,10000,96,ok,,scenario_label=prefixed,SGCT
formal_experiment10_algorithm_comparison,prefix64,27,2681084984,SGCT,408243992,10000,96,ok,,scenario_label=prefix64,SGCT
formal_experiment10_algorithm_comparison,prefix72,27,2354148920,SGCT,2534652008,10000,96,ok,,scenario_label=prefix72,SGCT
formal_experiment10_algorithm_comparison,prefix80,27,2850241236,SGCT,1801565243,10000,96,ok,,scenario_label=prefix80,SGCT
formal_experiment10_algorithm_comparison,dispersed,27,353634476,SGCT,2451518503,10000,96,ok,,scenario_label=dispersed,SGCT
formal_experiment10_algorithm_comparison,sequential,27,3444853128,SGCT,1608190701,10000,96,ok,,scenario_label=sequential,SGCT
formal_experiment10_algorithm_comparison,clustered,27,1841632199,SGCT,2012678145,10000,96,ok,,scenario_label=clustered,SGCT
formal_experiment10_algorithm_comparison,random,28,2229965917,SGCT,3481566189,10000,96,ok,,scenario_label=random,SGCT
formal_experiment10_algorithm_comparison,prefixed,28,2839760260,SGCT,3728309293,10000,96,ok,,scenario_label=prefixed,SGCT
formal_experiment10_algorithm_comparison,prefix64,28,1447320722,SGCT,2595241539,10000,96,ok,,scenario_label=prefix64,SGCT
formal_experiment10_algorithm_comparison,prefix72,28,2480472296,SGCT,711229723,10000,96,ok,,scenario_label=prefix72,SGCT
formal_experiment10_algorithm_comparison,prefix80,28,189231546,SGCT,1281956528,10000,96,ok,,scenario_label=prefix80,SGCT
formal_experiment10_algorithm_comparison,dispersed,28,486142359,SGCT,1098450812,10000,96,ok,,scenario_label=dispersed,SGCT
formal_experiment10_algorithm_comparison,sequential,28,3005013483,SGCT,3385168022,10000,96,ok,,scenario_label=sequential,SGCT
formal_experiment10_algorithm_comparison,clustered,28,904872953,SGCT,3835371455,10000,96,ok,,scenario_label=clustered,SGCT
formal_experiment10_algorithm_comparison,random,29,1577098209,SGCT,1137443907,10000,96,ok,,scenario_label=random,SGCT
formal_experiment10_algorithm_comparison,prefixed,29,1296804900,SGCT,3668223272,10000,96,ok,,scenario_label=prefixed,SGCT
formal_experiment10_algorithm_comparison,prefix64,29,505043851,SGCT,3039963613,10000,96,ok,,scenario_label=prefix64,SGCT
formal_experiment10_algorithm_comparison,prefix72,29,2658790611,SGCT,3656584894,10000,96,ok,,scenario_label=prefix72,SGCT
formal_experiment10_algorithm_comparison,prefix80,29,1429797341,SGCT,437470505,10000,96,ok,,scenario_label=prefix80,SGCT
formal_experiment10_algorithm_comparison,dispersed,29,2273552703,SGCT,2922438873,10000,96,ok,,scenario_label=dispersed,SGCT
formal_experiment10_algorithm_comparison,sequential,29,3899432569,SGCT,1175562640,10000,96,ok,,scenario_label=sequential,SGCT
formal_experiment10_algorithm_comparison,clustered,29,916823294,SGCT,4181703870,10000,96,ok,,scenario_label=clustered,SGCT
formal_experiment10_algorithm_comparison,random,30,2757994122,SGCT,598570779,10000,96,ok,,scenario_label=random,SGCT
formal_experiment10_algorithm_comparison,prefixed,30,429058329,SGCT,1467423942,10000,96,ok,,scenario_label=prefixed,SGCT
formal_experiment10_algorithm_comparison,prefix64,30,1168910017,SGCT,3928757873,10000,96,ok,,scenario_label=prefix64,SGCT
formal_experiment10_algorithm_comparison,prefix72,30,2954858719,SGCT,143124311,10000,96,ok,,scenario_label=prefix72,SGCT
formal_experiment10_algorithm_comparison,prefix80,30,1066354187,SGCT,94603301,10000,96,ok,,scenario_label=prefix80,SGCT
formal_experiment10_algorithm_comparison,dispersed,30,1918572727,SGCT,99114055,10000,96,ok,,scenario_label=dispersed,SGCT
formal_experiment10_algorithm_comparison,sequential,30,4168150786,SGCT,3005229547,10000,96,ok,,scenario_label=sequential,SGCT
formal_experiment10_algorithm_comparison,clustered,30,3098412365,SGCT,2357807746,10000,96,ok,,scenario_label=clustered,SGCT
formal_experiment10_algorithm_comparison,random,31,3134118358,SGCT,2926692331,10000,96,ok,,scenario_label=random,SGCT
formal_experiment10_algorithm_comparison,prefixed,31,2310922343,SGCT,2249935602,10000,96,ok,,scenario_label=prefixed,SGCT
formal_experiment10_algorithm_comparison,prefix64,31,952998658,SGCT,3384726780,10000,96,ok,,scenario_label=prefix64,SGCT
formal_experiment10_algorithm_comparison,prefix72,31,2497969375,SGCT,4020736184,10000,96,ok,,scenario_label=prefix72,SGCT
formal_experiment10_algorithm_comparison,prefix80,31,1189282690,SGCT,2372397935,10000,96,ok,,scenario_label=prefix80,SGCT
formal_experiment10_algorithm_comparison,dispersed,31,746579052,SGCT,3439581221,10000,96,ok,,scenario_label=dispersed,SGCT
formal_experiment10_algorithm_comparison,sequential,31,1533274363,SGCT,3026750421,10000,96,ok,,scenario_label=sequential,SGCT
formal_experiment10_algorithm_comparison,clustered,31,1250494512,SGCT,2862776981,10000,96,ok,,scenario_label=clustered,SGCT
formal_experiment10_algorithm_comparison,random,32,1187568275,SGCT,635422571,10000,96,ok,,scenario_label=random,SGCT
formal_experiment10_algorithm_comparison,prefixed,32,1421696467,SGCT,2202037980,10000,96,ok,,scenario_label=prefixed,SGCT
formal_experiment10_algorithm_comparison,prefix64,32,758215180,SGCT,1529100992,10000,96,ok,,scenario_label=prefix64,SGCT
formal_experiment10_algorithm_comparison,prefix72,32,3309765357,SGCT,1070160449,10000,96,ok,,scenario_label=prefix72,SGCT
formal_experiment10_algorithm_comparison,prefix80,32,2468891489,SGCT,2949176521,10000,96,ok,,scenario_label=prefix80,SGCT
formal_experiment10_algorithm_comparison,dispersed,32,461533287,SGCT,1500875328,10000,96,ok,,scenario_label=dispersed,SGCT
formal_experiment10_algorithm_comparison,sequential,32,1885192675,SGCT,1023865336,10000,96,ok,,scenario_label=sequential,SGCT
formal_experiment10_algorithm_comparison,clustered,32,1700272012,SGCT,3149554872,10000,96,ok,,scenario_label=clustered,SGCT
formal_experiment10_algorithm_comparison,random,33,3220564758,SGCT,954320660,10000,96,ok,,scenario_label=random,SGCT
formal_experiment10_algorithm_comparison,prefixed,33,884651060,SGCT,1749221014,10000,96,ok,,scenario_label=prefixed,SGCT
formal_experiment10_algorithm_comparison,prefix64,33,1343492222,SGCT,2962158466,10000,96,ok,,scenario_label=prefix64,SGCT
formal_experiment10_algorithm_comparison,prefix72,33,2989583646,SGCT,3321520176,10000,96,ok,,scenario_label=prefix72,SGCT
formal_experiment10_algorithm_comparison,prefix80,33,2042364237,SGCT,1273844039,10000,96,ok,,scenario_label=prefix80,SGCT
formal_experiment10_algorithm_comparison,dispersed,33,4056207655,SGCT,3251614748,10000,96,ok,,scenario_label=dispersed,SGCT
formal_experiment10_algorithm_comparison,sequential,33,1379722936,SGCT,4154157836,10000,96,ok,,scenario_label=sequential,SGCT
formal_experiment10_algorithm_comparison,clustered,33,2404355022,SGCT,3381674789,10000,96,ok,,scenario_label=clustered,SGCT
formal_experiment10_algorithm_comparison,random,34,3890833141,SGCT,3727351157,10000,96,ok,,scenario_label=random,SGCT
formal_experiment10_algorithm_comparison,prefixed,34,1570629048,SGCT,68339908,10000,96,ok,,scenario_label=prefixed,SGCT
formal_experiment10_algorithm_comparison,prefix64,34,2138171961,SGCT,1016655634,10000,96,ok,,scenario_label=prefix64,SGCT
formal_experiment10_algorithm_comparison,prefix72,34,3174195124,SGCT,1823813120,10000,96,ok,,scenario_label=prefix72,SGCT
formal_experiment10_algorithm_comparison,prefix80,34,2930609793,SGCT,1404387318,10000,96,ok,,scenario_label=prefix80,SGCT
formal_experiment10_algorithm_comparison,dispersed,34,1598293287,SGCT,2538918591,10000,96,ok,,scenario_label=dispersed,SGCT
formal_experiment10_algorithm_comparison,sequential,34,827727748,SGCT,4188173599,10000,96,ok,,scenario_label=sequential,SGCT
formal_experiment10_algorithm_comparison,clustered,34,3877182081,SGCT,766645642,10000,96,ok,,scenario_label=clustered,SGCT
formal_experiment10_algorithm_comparison,random,35,1035152157,SGCT,3692876963,10000,96,ok,,scenario_label=random,SGCT
formal_experiment10_algorithm_comparison,prefixed,35,1105641727,SGCT,1947474037,10000,96,ok,,scenario_label=prefixed,SGCT
formal_experiment10_algorithm_comparison,prefix64,35,2141900738,SGCT,737400050,10000,96,ok,,scenario_label=prefix64,SGCT
formal_experiment10_algorithm_comparison,prefix72,35,3519922321,SGCT,2457450948,10000,96,ok,,scenario_label=prefix72,SGCT
formal_experiment10_algorithm_comparison,prefix80,35,2068117885,SGCT,1260986599,10000,96,ok,,scenario_label=prefix80,SGCT
formal_experiment10_algorithm_comparison,dispersed,35,3459662668,SGCT,2589999828,10000,96,ok,,scenario_label=dispersed,SGCT
formal_experiment10_algorithm_comparison,sequential,35,3404251095,SGCT,2883254658,10000,96,ok,,scenario_label=sequential,SGCT
formal_experiment10_algorithm_comparison,clustered,35,2734262170,SGCT,1418589674,10000,96,ok,,scenario_label=clustered,SGCT
formal_experiment10_algorithm_comparison,random,36,2776766623,SGCT,1647373267,10000,96,ok,,scenario_label=random,SGCT
formal_experiment10_algorithm_comparison,prefixed,36,4190072160,SGCT,902412547,10000,96,ok,,scenario_label=prefixed,SGCT
formal_experiment10_algorithm_comparison,prefix64,36,561378811,SGCT,2465563188,10000,96,ok,,scenario_label=prefix64,SGCT
formal_experiment10_algorithm_comparison,prefix72,36,2007475420,SGCT,4023584474,10000,96,ok,,scenario_label=prefix72,SGCT
formal_experiment10_algorithm_comparison,prefix80,36,4047784356,SGCT,3146910681,10000,96,ok,,scenario_label=prefix80,SGCT
formal_experiment10_algorithm_comparison,dispersed,36,1475087155,SGCT,897171977,10000,96,ok,,scenario_label=dispersed,SGCT
formal_experiment10_algorithm_comparison,sequential,36,3955139490,SGCT,1578022409,10000,96,ok,,scenario_label=sequential,SGCT
formal_experiment10_algorithm_comparison,clustered,36,2167738248,SGCT,1847844047,10000,96,ok,,scenario_label=clustered,SGCT
formal_experiment10_algorithm_comparison,random,37,3778314031,SGCT,152093751,10000,96,ok,,scenario_label=random,SGCT
formal_experiment10_algorithm_comparison,prefixed,37,3981120096,SGCT,1921806471,10000,96,ok,,scenario_label=prefixed,SGCT
formal_experiment10_algorithm_comparison,prefix64,37,2494735147,SGCT,51538791,10000,96,ok,,scenario_label=prefix64,SGCT
formal_experiment10_algorithm_comparison,prefix72,37,2122645248,SGCT,414850740,10000,96,ok,,scenario_label=prefix72,SGCT
formal_experiment10_algorithm_comparison,prefix80,37,4132614700,SGCT,111751485,10000,96,ok,,scenario_label=prefix80,SGCT
formal_experiment10_algorithm_comparison,dispersed,37,1445120987,SGCT,1601123321,10000,96,ok,,scenario_label=dispersed,SGCT
formal_experiment10_algorithm_comparison,sequential,37,4059102190,SGCT,3750406462,10000,96,ok,,scenario_label=sequential,SGCT
formal_experiment10_algorithm_comparison,clustered,37,2101678517,SGCT,3691455825,10000,96,ok,,scenario_label=clustered,SGCT
formal_experiment10_algorithm_comparison,random,38,2697138671,SGCT,2749803147,10000,96,ok,,scenario_label=random,SGCT
formal_experiment10_algorithm_comparison,prefixed,38,248821944,SGCT,1493089485,10000,96,ok,,scenario_label=prefixed,SGCT
formal_experiment10_algorithm_comparison,prefix64,38,1648957073,SGCT,2743655581,10000,96,ok,,scenario_label=prefix64,SGCT
formal_experiment10_algorithm_comparison,prefix72,38,551118561,SGCT,1802778885,10000,96,ok,,scenario_label=prefix72,SGCT
formal_experiment10_algorithm_comparison,prefix80,38,2176443634,SGCT,1431936282,10000,96,ok,,scenario_label=prefix80,SGCT
formal_experiment10_algorithm_comparison,dispersed,38,1295320453,SGCT,1670361211,10000,96,ok,,scenario_label=dispersed,SGCT
formal_experiment10_algorithm_comparison,sequential,38,1532549816,SGCT,4234791890,10000,96,ok,,scenario_label=sequential,SGCT
formal_experiment10_algorithm_comparison,clustered,38,1315890655,SGCT,649685190,10000,96,ok,,scenario_label=clustered,SGCT
formal_experiment10_algorithm_comparison,random,39,4170876505,SGCT,3614950617,10000,96,ok,,scenario_label=random,SGCT
formal_experiment10_algorithm_comparison,prefixed,39,117028918,SGCT,1901665878,10000,96,ok,,scenario_label=prefixed,SGCT
formal_experiment10_algorithm_comparison,prefix64,39,3382193401,SGCT,3613348378,10000,96,ok,,scenario_label=prefix64,SGCT
formal_experiment10_algorithm_comparison,prefix72,39,3766206041,SGCT,2739754912,10000,96,ok,,scenario_label=prefix72,SGCT
formal_experiment10_algorithm_comparison,prefix80,39,1181769842,SGCT,4130000430,10000,96,ok,,scenario_label=prefix80,SGCT
formal_experiment10_algorithm_comparison,dispersed,39,689222263,SGCT,1592627773,10000,96,ok,,scenario_label=dispersed,SGCT
formal_experiment10_algorithm_comparison,sequential,39,492811461,SGCT,1736292926,10000,96,ok,,scenario_label=sequential,SGCT
formal_experiment10_algorithm_comparison,clustered,39,550238148,SGCT,1776739208,10000,96,ok,,scenario_label=clustered,SGCT
formal_experiment10_algorithm_comparison,random,40,3450625955,SGCT,2443181513,10000,96,ok,,scenario_label=random,SGCT
formal_experiment10_algorithm_comparison,prefixed,40,738262747,SGCT,4196030866,10000,96,ok,,scenario_label=prefixed,SGCT
formal_experiment10_algorithm_comparison,prefix64,40,1985651988,SGCT,1965924278,10000,96,ok,,scenario_label=prefix64,SGCT
formal_experiment10_algorithm_comparison,prefix72,40,2395566563,SGCT,984824061,10000,96,ok,,scenario_label=prefix72,SGCT
formal_experiment10_algorithm_comparison,prefix80,40,1541212281,SGCT,1073325800,10000,96,ok,,scenario_label=prefix80,SGCT
formal_experiment10_algorithm_comparison,dispersed,40,2764666677,SGCT,2060112942,10000,96,ok,,scenario_label=dispersed,SGCT
formal_experiment10_algorithm_comparison,sequential,40,1097759754,SGCT,1199667782,10000,96,ok,,scenario_label=sequential,SGCT
formal_experiment10_algorithm_comparison,clustered,40,2622337710,SGCT,731853228,10000,96,ok,,scenario_label=clustered,SGCT
formal_experiment10_algorithm_comparison,random,41,810163340,SGCT,4132494674,10000,96,ok,,scenario_label=random,SGCT
formal_experiment10_algorithm_comparison,prefixed,41,2832028255,SGCT,1505399440,10000,96,ok,,scenario_label=prefixed,SGCT
formal_experiment10_algorithm_comparison,prefix64,41,249036306,SGCT,2626797811,10000,96,ok,,scenario_label=prefix64,SGCT
formal_experiment10_algorithm_comparison,prefix72,41,1115424615,SGCT,2227940936,10000,96,ok,,scenario_label=prefix72,SGCT
formal_experiment10_algorithm_comparison,prefix80,41,4200284946,SGCT,2588469190,10000,96,ok,,scenario_label=prefix80,SGCT
formal_experiment10_algorithm_comparison,dispersed,41,1243932841,SGCT,2624960747,10000,96,ok,,scenario_label=dispersed,SGCT
formal_experiment10_algorithm_comparison,sequential,41,2930733260,SGCT,3151506386,10000,96,ok,,scenario_label=sequential,SGCT
formal_experiment10_algorithm_comparison,clustered,41,3458394344,SGCT,2613315588,10000,96,ok,,scenario_label=clustered,SGCT
formal_experiment10_algorithm_comparison,random,42,1704362005,SGCT,4284268505,10000,96,ok,,scenario_label=random,SGCT
formal_experiment10_algorithm_comparison,prefixed,42,3144017342,SGCT,2019686467,10000,96,ok,,scenario_label=prefixed,SGCT
formal_experiment10_algorithm_comparison,prefix64,42,1042034839,SGCT,3759126474,10000,96,ok,,scenario_label=prefix64,SGCT
formal_experiment10_algorithm_comparison,prefix72,42,2531603473,SGCT,1257019099,10000,96,ok,,scenario_label=prefix72,SGCT
formal_experiment10_algorithm_comparison,prefix80,42,4248245683,SGCT,1279118336,10000,96,ok,,scenario_label=prefix80,SGCT
formal_experiment10_algorithm_comparison,dispersed,42,971401964,SGCT,2565735696,10000,96,ok,,scenario_label=dispersed,SGCT
formal_experiment10_algorithm_comparison,sequential,42,1252099663,SGCT,1682095591,10000,96,ok,,scenario_label=sequential,SGCT
formal_experiment10_algorithm_comparison,clustered,42,3084834098,SGCT,2927281934,10000,96,ok,,scenario_label=clustered,SGCT
formal_experiment10_algorithm_comparison,random,43,917040789,SGCT,1120141499,10000,96,ok,,scenario_label=random,SGCT
formal_experiment10_algorithm_comparison,prefixed,43,601521315,SGCT,3597894339,10000,96,ok,,scenario_label=prefixed,SGCT
formal_experiment10_algorithm_comparison,prefix64,43,247146984,SGCT,2756435611,10000,96,ok,,scenario_label=prefix64,SGCT
formal_experiment10_algorithm_comparison,prefix72,43,3723101655,SGCT,729771502,10000,96,ok,,scenario_label=prefix72,SGCT
formal_experiment10_algorithm_comparison,prefix80,43,1184894979,SGCT,3670683579,10000,96,ok,,scenario_label=prefix80,SGCT
formal_experiment10_algorithm_comparison,dispersed,43,543731670,SGCT,1245127990,10000,96,ok,,scenario_label=dispersed,SGCT
formal_experiment10_algorithm_comparison,sequential,43,2581054308,SGCT,3994811279,10000,96,ok,,scenario_label=sequential,SGCT
formal_experiment10_algorithm_comparison,clustered,43,305485960,SGCT,1223785408,10000,96,ok,,scenario_label=clustered,SGCT
formal_experiment10_algorithm_comparison,random,44,2757181503,SGCT,3361835955,10000,96,ok,,scenario_label=random,SGCT
formal_experiment10_algorithm_comparison,prefixed,44,3667808483,SGCT,1106763157,10000,96,ok,,scenario_label=prefixed,SGCT
formal_experiment10_algorithm_comparison,prefix64,44,3627632042,SGCT,2795653027,10000,96,ok,,scenario_label=prefix64,SGCT
formal_experiment10_algorithm_comparison,prefix72,44,112554203,SGCT,3234946164,10000,96,ok,,scenario_label=prefix72,SGCT
formal_experiment10_algorithm_comparison,prefix80,44,1838899425,SGCT,1341759260,10000,96,ok,,scenario_label=prefix80,SGCT
formal_experiment10_algorithm_comparison,dispersed,44,1675694341,SGCT,2129106895,10000,96,ok,,scenario_label=dispersed,SGCT
formal_experiment10_algorithm_comparison,sequential,44,2581828915,SGCT,3361694168,10000,96,ok,,scenario_label=sequential,SGCT
formal_experiment10_algorithm_comparison,clustered,44,3777667509,SGCT,2779244076,10000,96,ok,,scenario_label=clustered,SGCT
formal_experiment10_algorithm_comparison,random,45,3439054340,SGCT,148270579,10000,96,ok,,scenario_label=random,SGCT
formal_experiment10_algorithm_comparison,prefixed,45,827713014,SGCT,1380570691,10000,96,ok,,scenario_label=prefixed,SGCT
formal_experiment10_algorithm_comparison,prefix64,45,3773143706,SGCT,1628017063,10000,96,ok,,scenario_label=prefix64,SGCT
formal_experiment10_algorithm_comparison,prefix72,45,2352996596,SGCT,1596394290,10000,96,ok,,scenario_label=prefix72,SGCT
formal_experiment10_algorithm_comparison,prefix80,45,1515211290,SGCT,3560350913,10000,96,ok,,scenario_label=prefix80,SGCT
formal_experiment10_algorithm_comparison,dispersed,45,3455145310,SGCT,266063617,10000,96,ok,,scenario_label=dispersed,SGCT
formal_experiment10_algorithm_comparison,sequential,45,3536744853,SGCT,4011518912,10000,96,ok,,scenario_label=sequential,SGCT
formal_experiment10_algorithm_comparison,clustered,45,3714169138,SGCT,4269857335,10000,96,ok,,scenario_label=clustered,SGCT
formal_experiment10_algorithm_comparison,random,46,3762581748,SGCT,1295337914,10000,96,ok,,scenario_label=random,SGCT
formal_experiment10_algorithm_comparison,prefixed,46,1041196411,SGCT,3655972236,10000,96,ok,,scenario_label=prefixed,SGCT
formal_experiment10_algorithm_comparison,prefix64,46,737039505,SGCT,3550873077,10000,96,ok,,scenario_label=prefix64,SGCT
formal_experiment10_algorithm_comparison,prefix72,46,1433412071,SGCT,790602746,10000,96,ok,,scenario_label=prefix72,SGCT
formal_experiment10_algorithm_comparison,prefix80,46,2094016510,SGCT,3568550324,10000,96,ok,,scenario_label=prefix80,SGCT
formal_experiment10_algorithm_comparison,dispersed,46,3724898785,SGCT,1698858890,10000,96,ok,,scenario_label=dispersed,SGCT
formal_experiment10_algorithm_comparison,sequential,46,3086579310,SGCT,2641186942,10000,96,ok,,scenario_label=sequential,SGCT
formal_experiment10_algorithm_comparison,clustered,46,3569510457,SGCT,4253383,10000,96,ok,,scenario_label=clustered,SGCT
formal_experiment10_algorithm_comparison,random,47,2402732470,SGCT,3390467258,10000,96,ok,,scenario_label=random,SGCT
formal_experiment10_algorithm_comparison,prefixed,47,3749692816,SGCT,1959648753,10000,96,ok,,scenario_label=prefixed,SGCT
formal_experiment10_algorithm_comparison,prefix64,47,2448397771,SGCT,1300348294,10000,96,ok,,scenario_label=prefix64,SGCT
formal_experiment10_algorithm_comparison,prefix72,47,2515845558,SGCT,3492096371,10000,96,ok,,scenario_label=prefix72,SGCT
formal_experiment10_algorithm_comparison,prefix80,47,2907340057,SGCT,1917277167,10000,96,ok,,scenario_label=prefix80,SGCT
formal_experiment10_algorithm_comparison,dispersed,47,450818034,SGCT,3502836644,10000,96,ok,,scenario_label=dispersed,SGCT
formal_experiment10_algorithm_comparison,sequential,47,23415326,SGCT,399302528,10000,96,ok,,scenario_label=sequential,SGCT
formal_experiment10_algorithm_comparison,clustered,47,2859928063,SGCT,1720955611,10000,96,ok,,scenario_label=clustered,SGCT
formal_experiment10_algorithm_comparison,random,48,4281357755,SGCT,2003707641,10000,96,ok,,scenario_label=random,SGCT
formal_experiment10_algorithm_comparison,prefixed,48,3873723810,SGCT,3091844515,10000,96,ok,,scenario_label=prefixed,SGCT
formal_experiment10_algorithm_comparison,prefix64,48,339462132,SGCT,866760797,10000,96,ok,,scenario_label=prefix64,SGCT
formal_experiment10_algorithm_comparison,prefix72,48,270703941,SGCT,2452668844,10000,96,ok,,scenario_label=prefix72,SGCT
formal_experiment10_algorithm_comparison,prefix80,48,376489424,SGCT,2511586987,10000,96,ok,,scenario_label=prefix80,SGCT
formal_experiment10_algorithm_comparison,dispersed,48,2122119051,SGCT,3512028480,10000,96,ok,,scenario_label=dispersed,SGCT
formal_experiment10_algorithm_comparison,sequential,48,3552242948,SGCT,1492553031,10000,96,ok,,scenario_label=sequential,SGCT
formal_experiment10_algorithm_comparison,clustered,48,1330979572,SGCT,3864953102,10000,96,ok,,scenario_label=clustered,SGCT
formal_experiment10_algorithm_comparison,random,49,1789994563,SGCT,2812629262,10000,96,ok,,scenario_label=random,SGCT
formal_experiment10_algorithm_comparison,prefixed,49,2849056856,SGCT,1875309039,10000,96,ok,,scenario_label=prefixed,SGCT
formal_experiment10_algorithm_comparison,prefix64,49,3532656362,SGCT,3737024407,10000,96,ok,,scenario_label=prefix64,SGCT
formal_experiment10_algorithm_comparison,prefix72,49,3560536888,SGCT,3656451442,10000,96,ok,,scenario_label=prefix72,SGCT
formal_experiment10_algorithm_comparison,prefix80,49,3497608031,SGCT,2908116603,10000,96,ok,,scenario_label=prefix80,SGCT
formal_experiment10_algorithm_comparison,dispersed,49,1244494452,SGCT,128891922,10000,96,ok,,scenario_label=dispersed,SGCT
formal_experiment10_algorithm_comparison,sequential,49,1309897987,SGCT,4202871960,10000,96,ok,,scenario_label=sequential,SGCT
formal_experiment10_algorithm_comparison,clustered,49,1756787569,SGCT,654414366,10000,96,ok,,scenario_label=clustered,SGCT
formal_experiment10_algorithm_comparison,random,0,1486858820,DRCT,3588488766,10000,96,ok,,scenario_label=random,DRCT
formal_experiment10_algorithm_comparison,random,1,2763007857,DRCT,557155815,10000,96,ok,,scenario_label=random,DRCT
formal_experiment10_algorithm_comparison,random,2,2952453941,DRCT,885774473,10000,96,ok,,scenario_label=random,DRCT
formal_experiment10_algorithm_comparison,random,3,305508543,DRCT,2991725987,10000,96,ok,,scenario_label=random,DRCT
formal_experiment10_algorithm_comparison,random,4,647249588,DRCT,170480911,10000,96,ok,,scenario_label=random,DRCT
formal_experiment10_algorithm_comparison,random,5,2154945588,DRCT,2106585539,10000,96,ok,,scenario_label=random,DRCT
formal_experiment10_algorithm_comparison,random,6,888616007,DRCT,1614439099,10000,96,ok,,scenario_label=random,DRCT
formal_experiment10_algorithm_comparison,random,7,430504557,DRCT,2357474168,10000,96,ok,,scenario_label=random,DRCT
formal_experiment10_algorithm_comparison,random,8,2123175754,DRCT,3463484844,10000,96,ok,,scenario_label=random,DRCT
formal_experiment10_algorithm_comparison,random,9,1156999555,DRCT,1032906667,10000,96,ok,,scenario_label=random,DRCT
formal_experiment10_algorithm_comparison,random,10,3409120913,DRCT,3515067558,10000,96,ok,,scenario_label=random,DRCT
formal_experiment10_algorithm_comparison,random,11,304725238,DRCT,585793237,10000,96,ok,,scenario_label=random,DRCT
formal_experiment10_algorithm_comparison,random,12,2060045378,DRCT,4049299269,10000,96,ok,,scenario_label=random,DRCT
formal_experiment10_algorithm_comparison,random,13,4060208555,DRCT,2253202163,10000,96,ok,,scenario_label=random,DRCT
formal_experiment10_algorithm_comparison,random,14,338370732,DRCT,3538520892,10000,96,ok,,scenario_label=random,DRCT
formal_experiment10_algorithm_comparison,random,15,3150236223,DRCT,3858500435,10000,96,ok,,scenario_label=random,DRCT
formal_experiment10_algorithm_comparison,random,16,988902021,DRCT,849615446,10000,96,ok,,scenario_label=random,DRCT
formal_experiment10_algorithm_comparison,random,17,2224189429,DRCT,644642310,10000,96,ok,,scenario_label=random,DRCT
formal_experiment10_algorithm_comparison,random,18,3998393979,DRCT,479743754,10000,96,ok,,scenario_label=random,DRCT
formal_experiment10_algorithm_comparison,random,19,2094226776,DRCT,1971970871,10000,96,ok,,scenario_label=random,DRCT
formal_experiment10_algorithm_comparison,random,20,3422504533,DRCT,376130935,10000,96,ok,,scenario_label=random,DRCT
formal_experiment10_algorithm_comparison,random,21,2767190040,DRCT,3519763053,10000,96,ok,,scenario_label=random,DRCT
formal_experiment10_algorithm_comparison,random,22,1236592999,DRCT,1787301938,10000,96,ok,,scenario_label=random,DRCT
formal_experiment10_algorithm_comparison,random,23,1587936834,DRCT,3014785501,10000,96,ok,,scenario_label=random,DRCT
formal_experiment10_algorithm_comparison,random,24,4015954273,DRCT,3375448671,10000,96,ok,,scenario_label=random,DRCT
formal_experiment10_algorithm_comparison,random,25,798146029,DRCT,1060013813,10000,96,ok,,scenario_label=random,DRCT
formal_experiment10_algorithm_comparison,random,26,3286019119,DRCT,2712788344,10000,96,ok,,scenario_label=random,DRCT
formal_experiment10_algorithm_comparison,random,27,1371178209,DRCT,3528050994,10000,96,ok,,scenario_label=random,DRCT
formal_experiment10_algorithm_comparison,random,28,2229965917,DRCT,2211717230,10000,96,ok,,scenario_label=random,DRCT
formal_experiment10_algorithm_comparison,random,29,1577098209,DRCT,1430064876,10000,96,ok,,scenario_label=random,DRCT
formal_experiment10_algorithm_comparison,random,30,2757994122,DRCT,2247212203,10000,96,ok,,scenario_label=random,DRCT
formal_experiment10_algorithm_comparison,random,31,3134118358,DRCT,1167333792,10000,96,ok,,scenario_label=random,DRCT
formal_experiment10_algorithm_comparison,random,32,1187568275,DRCT,2841768682,10000,96,ok,,scenario_label=random,DRCT
formal_experiment10_algorithm_comparison,random,33,3220564758,DRCT,2359222123,10000,96,ok,,scenario_label=random,DRCT
formal_experiment10_algorithm_comparison,random,34,3890833141,DRCT,3249611581,10000,96,ok,,scenario_label=random,DRCT
formal_experiment10_algorithm_comparison,random,35,1035152157,DRCT,3065838225,10000,96,ok,,scenario_label=random,DRCT
formal_experiment10_algorithm_comparison,random,36,2776766623,DRCT,1195984442,10000,96,ok,,scenario_label=random,DRCT
formal_experiment10_algorithm_comparison,random,37,3778314031,DRCT,2748681118,10000,96,ok,,scenario_label=random,DRCT
formal_experiment10_algorithm_comparison,random,38,2697138671,DRCT,347418119,10000,96,ok,,scenario_label=random,DRCT
formal_experiment10_algorithm_comparison,random,39,4170876505,DRCT,4148994680,10000,96,ok,,scenario_label=random,DRCT
formal_experiment10_algorithm_comparison,random,40,3450625955,DRCT,570686295,10000,96,ok,,scenario_label=random,DRCT
formal_experiment10_algorithm_comparison,random,41,810163340,DRCT,1718249604,10000,96,ok,,scenario_label=random,DRCT
formal_experiment10_algorithm_comparison,random,42,1704362005,DRCT,1853457149,10000,96,ok,,scenario_label=random,DRCT
formal_experiment10_algorithm_comparison,random,43,917040789,DRCT,1965858222,10000,96,ok,,scenario_label=random,DRCT
formal_experiment10_algorithm_comparison,random,44,2757181503,DRCT,643657274,10000,96,ok,,scenario_label=random,DRCT
formal_experiment10_algorithm_comparison,random,45,3439054340,DRCT,1301273159,10000,96,ok,,scenario_label=random,DRCT
formal_experiment10_algorithm_comparison,random,46,3762581748,DRCT,443606125,10000,96,ok,,scenario_label=random,DRCT
formal_experiment10_algorithm_comparison,random,47,2402732470,DRCT,3074433598,10000,96,ok,,scenario_label=random,DRCT
formal_experiment10_algorithm_comparison,random,48,4281357755,DRCT,390010507,10000,96,ok,,scenario_label=random,DRCT
formal_experiment10_algorithm_comparison,random,49,1789994563,DRCT,1502612184,10000,96,ok,,scenario_label=random,DRCT
formal_experiment10_algorithm_comparison,prefixed,0,4075987068,DRCT,2294975414,10000,96,ok,,scenario_label=prefixed,DRCT
formal_experiment10_algorithm_comparison,prefixed,1,2065428963,DRCT,3284337168,10000,96,ok,,scenario_label=prefixed,DRCT
formal_experiment10_algorithm_comparison,prefixed,2,2156894236,DRCT,1685147089,10000,96,ok,,scenario_label=prefixed,DRCT
formal_experiment10_algorithm_comparison,prefixed,3,601308687,DRCT,2712075530,10000,96,ok,,scenario_label=prefixed,DRCT
formal_experiment10_algorithm_comparison,prefixed,4,1849982546,DRCT,2129414908,10000,96,ok,,scenario_label=prefixed,DRCT
formal_experiment10_algorithm_comparison,prefixed,5,2243686180,DRCT,2400539501,10000,96,ok,,scenario_label=prefixed,DRCT
formal_experiment10_algorithm_comparison,prefixed,6,2156671656,DRCT,1817924725,10000,96,ok,,scenario_label=prefixed,DRCT
formal_experiment10_algorithm_comparison,prefixed,7,968297227,DRCT,3297123886,10000,96,ok,,scenario_label=prefixed,DRCT
formal_experiment10_algorithm_comparison,prefixed,8,3724191092,DRCT,3025745519,10000,96,ok,,scenario_label=prefixed,DRCT
formal_experiment10_algorithm_comparison,prefixed,9,138744347,DRCT,1348799891,10000,96,ok,,scenario_label=prefixed,DRCT
formal_experiment10_algorithm_comparison,prefixed,10,1612835902,DRCT,4094237400,10000,96,ok,,scenario_label=prefixed,DRCT
formal_experiment10_algorithm_comparison,prefixed,11,1701264339,DRCT,2933080508,10000,96,ok,,scenario_label=prefixed,DRCT
formal_experiment10_algorithm_comparison,prefixed,12,2090748561,DRCT,1429039849,10000,96,ok,,scenario_label=prefixed,DRCT
formal_experiment10_algorithm_comparison,prefixed,13,1330638782,DRCT,500138333,10000,96,ok,,scenario_label=prefixed,DRCT
formal_experiment10_algorithm_comparison,prefixed,14,1383110064,DRCT,1368213941,10000,96,ok,,scenario_label=prefixed,DRCT
formal_experiment10_algorithm_comparison,prefixed,15,3900451069,DRCT,2489844746,10000,96,ok,,scenario_label=prefixed,DRCT
formal_experiment10_algorithm_comparison,prefixed,16,1825783292,DRCT,2460084094,10000,96,ok,,scenario_label=prefixed,DRCT
formal_experiment10_algorithm_comparison,prefixed,17,288395540,DRCT,2391216900,10000,96,ok,,scenario_label=prefixed,DRCT
formal_experiment10_algorithm_comparison,prefixed,18,2356458670,DRCT,1033744667,10000,96,ok,,scenario_label=prefixed,DRCT
formal_experiment10_algorithm_comparison,prefixed,19,2801155553,DRCT,387367653,10000,96,ok,,scenario_label=prefixed,DRCT
formal_experiment10_algorithm_comparison,prefixed,20,4232883932,DRCT,3450657250,10000,96,ok,,scenario_label=prefixed,DRCT
formal_experiment10_algorithm_comparison,prefixed,21,687968857,DRCT,1392971245,10000,96,ok,,scenario_label=prefixed,DRCT
formal_experiment10_algorithm_comparison,prefixed,22,2490750245,DRCT,824929243,10000,96,ok,,scenario_label=prefixed,DRCT
formal_experiment10_algorithm_comparison,prefixed,23,1648471287,DRCT,3355142195,10000,96,ok,,scenario_label=prefixed,DRCT
formal_experiment10_algorithm_comparison,prefixed,24,1786454360,DRCT,597535805,10000,96,ok,,scenario_label=prefixed,DRCT
formal_experiment10_algorithm_comparison,prefixed,25,924758938,DRCT,3583431101,10000,96,ok,,scenario_label=prefixed,DRCT
formal_experiment10_algorithm_comparison,prefixed,26,1795450453,DRCT,1463486604,10000,96,ok,,scenario_label=prefixed,DRCT
formal_experiment10_algorithm_comparison,prefixed,27,2433723863,DRCT,1690652199,10000,96,ok,,scenario_label=prefixed,DRCT
formal_experiment10_algorithm_comparison,prefixed,28,2839760260,DRCT,3177082567,10000,96,ok,,scenario_label=prefixed,DRCT
formal_experiment10_algorithm_comparison,prefixed,29,1296804900,DRCT,1549268360,10000,96,ok,,scenario_label=prefixed,DRCT
formal_experiment10_algorithm_comparison,prefixed,30,429058329,DRCT,1040832873,10000,96,ok,,scenario_label=prefixed,DRCT
formal_experiment10_algorithm_comparison,prefixed,31,2310922343,DRCT,3808030327,10000,96,ok,,scenario_label=prefixed,DRCT
formal_experiment10_algorithm_comparison,prefixed,32,1421696467,DRCT,4105536656,10000,96,ok,,scenario_label=prefixed,DRCT
formal_experiment10_algorithm_comparison,prefixed,33,884651060,DRCT,3787077762,10000,96,ok,,scenario_label=prefixed,DRCT
formal_experiment10_algorithm_comparison,prefixed,34,1570629048,DRCT,3476159988,10000,96,ok,,scenario_label=prefixed,DRCT
formal_experiment10_algorithm_comparison,prefixed,35,1105641727,DRCT,2229978164,10000,96,ok,,scenario_label=prefixed,DRCT
formal_experiment10_algorithm_comparison,prefixed,36,4190072160,DRCT,2367831200,10000,96,ok,,scenario_label=prefixed,DRCT
formal_experiment10_algorithm_comparison,prefixed,37,3981120096,DRCT,3827106198,10000,96,ok,,scenario_label=prefixed,DRCT
formal_experiment10_algorithm_comparison,prefixed,38,248821944,DRCT,4293770613,10000,96,ok,,scenario_label=prefixed,DRCT
formal_experiment10_algorithm_comparison,prefixed,39,117028918,DRCT,3806964615,10000,96,ok,,scenario_label=prefixed,DRCT
formal_experiment10_algorithm_comparison,prefixed,40,738262747,DRCT,3077385973,10000,96,ok,,scenario_label=prefixed,DRCT
formal_experiment10_algorithm_comparison,prefixed,41,2832028255,DRCT,4124873916,10000,96,ok,,scenario_label=prefixed,DRCT
formal_experiment10_algorithm_comparison,prefixed,42,3144017342,DRCT,3194388758,10000,96,ok,,scenario_label=prefixed,DRCT
formal_experiment10_algorithm_comparison,prefixed,43,601521315,DRCT,4092557565,10000,96,ok,,scenario_label=prefixed,DRCT
formal_experiment10_algorithm_comparison,prefixed,44,3667808483,DRCT,293516222,10000,96,ok,,scenario_label=prefixed,DRCT
formal_experiment10_algorithm_comparison,prefixed,45,827713014,DRCT,1216418279,10000,96,ok,,scenario_label=prefixed,DRCT
formal_experiment10_algorithm_comparison,prefixed,46,1041196411,DRCT,3509432653,10000,96,ok,,scenario_label=prefixed,DRCT
formal_experiment10_algorithm_comparison,prefixed,47,3749692816,DRCT,660508420,10000,96,ok,,scenario_label=prefixed,DRCT
formal_experiment10_algorithm_comparison,prefixed,48,3873723810,DRCT,4268390081,10000,96,ok,,scenario_label=prefixed,DRCT
formal_experiment10_algorithm_comparison,prefixed,49,2849056856,DRCT,4208103244,10000,96,ok,,scenario_label=prefixed,DRCT
formal_experiment10_algorithm_comparison,prefix64,0,4125689627,DRCT,2500779789,10000,96,ok,,scenario_label=prefix64,DRCT
formal_experiment10_algorithm_comparison,prefix64,1,1416633314,DRCT,1286273259,10000,96,ok,,scenario_label=prefix64,DRCT
formal_experiment10_algorithm_comparison,prefix64,2,1579062743,DRCT,4046465695,10000,96,ok,,scenario_label=prefix64,DRCT
formal_experiment10_algorithm_comparison,prefix64,3,609090443,DRCT,3388768261,10000,96,ok,,scenario_label=prefix64,DRCT
formal_experiment10_algorithm_comparison,prefix64,4,4123678274,DRCT,3015710313,10000,96,ok,,scenario_label=prefix64,DRCT
formal_experiment10_algorithm_comparison,prefix64,5,295811869,DRCT,544389088,10000,96,ok,,scenario_label=prefix64,DRCT
formal_experiment10_algorithm_comparison,prefix64,6,2560305621,DRCT,3223241899,10000,96,ok,,scenario_label=prefix64,DRCT
formal_experiment10_algorithm_comparison,prefix64,7,1285056138,DRCT,1041933362,10000,96,ok,,scenario_label=prefix64,DRCT
formal_experiment10_algorithm_comparison,prefix64,8,3747759999,DRCT,4224378346,10000,96,ok,,scenario_label=prefix64,DRCT
formal_experiment10_algorithm_comparison,prefix64,9,3105645739,DRCT,1532746645,10000,96,ok,,scenario_label=prefix64,DRCT
formal_experiment10_algorithm_comparison,prefix64,10,1342461640,DRCT,3904504370,10000,96,ok,,scenario_label=prefix64,DRCT
formal_experiment10_algorithm_comparison,prefix64,11,2849293153,DRCT,2226750778,10000,96,ok,,scenario_label=prefix64,DRCT
formal_experiment10_algorithm_comparison,prefix64,12,3119637419,DRCT,1833806790,10000,96,ok,,scenario_label=prefix64,DRCT
formal_experiment10_algorithm_comparison,prefix64,13,3229840205,DRCT,196948478,10000,96,ok,,scenario_label=prefix64,DRCT
formal_experiment10_algorithm_comparison,prefix64,14,2166853789,DRCT,2237356654,10000,96,ok,,scenario_label=prefix64,DRCT
formal_experiment10_algorithm_comparison,prefix64,15,1087024520,DRCT,115507408,10000,96,ok,,scenario_label=prefix64,DRCT
formal_experiment10_algorithm_comparison,prefix64,16,1331422560,DRCT,1386928603,10000,96,ok,,scenario_label=prefix64,DRCT
formal_experiment10_algorithm_comparison,prefix64,17,2651751378,DRCT,151173567,10000,96,ok,,scenario_label=prefix64,DRCT
formal_experiment10_algorithm_comparison,prefix64,18,1114579400,DRCT,1043622555,10000,96,ok,,scenario_label=prefix64,DRCT
formal_experiment10_algorithm_comparison,prefix64,19,1462923349,DRCT,275120276,10000,96,ok,,scenario_label=prefix64,DRCT
formal_experiment10_algorithm_comparison,prefix64,20,3678638554,DRCT,2609573221,10000,96,ok,,scenario_label=prefix64,DRCT
formal_experiment10_algorithm_comparison,prefix64,21,138882790,DRCT,795911844,10000,96,ok,,scenario_label=prefix64,DRCT
formal_experiment10_algorithm_comparison,prefix64,22,2799955695,DRCT,2525968497,10000,96,ok,,scenario_label=prefix64,DRCT
formal_experiment10_algorithm_comparison,prefix64,23,364435406,DRCT,453470246,10000,96,ok,,scenario_label=prefix64,DRCT
formal_experiment10_algorithm_comparison,prefix64,24,1605905099,DRCT,3663359914,10000,96,ok,,scenario_label=prefix64,DRCT
formal_experiment10_algorithm_comparison,prefix64,25,276170494,DRCT,2192381243,10000,96,ok,,scenario_label=prefix64,DRCT
formal_experiment10_algorithm_comparison,prefix64,26,2925529590,DRCT,3826927516,10000,96,ok,,scenario_label=prefix64,DRCT
formal_experiment10_algorithm_comparison,prefix64,27,2681084984,DRCT,631066835,10000,96,ok,,scenario_label=prefix64,DRCT
formal_experiment10_algorithm_comparison,prefix64,28,1447320722,DRCT,397238923,10000,96,ok,,scenario_label=prefix64,DRCT
formal_experiment10_algorithm_comparison,prefix64,29,505043851,DRCT,921216493,10000,96,ok,,scenario_label=prefix64,DRCT
formal_experiment10_algorithm_comparison,prefix64,30,1168910017,DRCT,4150256138,10000,96,ok,,scenario_label=prefix64,DRCT
formal_experiment10_algorithm_comparison,prefix64,31,952998658,DRCT,3621417489,10000,96,ok,,scenario_label=prefix64,DRCT
formal_experiment10_algorithm_comparison,prefix64,32,758215180,DRCT,2089739962,10000,96,ok,,scenario_label=prefix64,DRCT
formal_experiment10_algorithm_comparison,prefix64,33,1343492222,DRCT,947236851,10000,96,ok,,scenario_label=prefix64,DRCT
formal_experiment10_algorithm_comparison,prefix64,34,2138171961,DRCT,591538788,10000,96,ok,,scenario_label=prefix64,DRCT
formal_experiment10_algorithm_comparison,prefix64,35,2141900738,DRCT,1462029852,10000,96,ok,,scenario_label=prefix64,DRCT
formal_experiment10_algorithm_comparison,prefix64,36,561378811,DRCT,3675268764,10000,96,ok,,scenario_label=prefix64,DRCT
formal_experiment10_algorithm_comparison,prefix64,37,2494735147,DRCT,4209260135,10000,96,ok,,scenario_label=prefix64,DRCT
formal_experiment10_algorithm_comparison,prefix64,38,1648957073,DRCT,2520926989,10000,96,ok,,scenario_label=prefix64,DRCT
formal_experiment10_algorithm_comparison,prefix64,39,3382193401,DRCT,70750005,10000,96,ok,,scenario_label=prefix64,DRCT
formal_experiment10_algorithm_comparison,prefix64,40,1985651988,DRCT,3512610733,10000,96,ok,,scenario_label=prefix64,DRCT
formal_experiment10_algorithm_comparison,prefix64,41,249036306,DRCT,823965776,10000,96,ok,,scenario_label=prefix64,DRCT
formal_experiment10_algorithm_comparison,prefix64,42,1042034839,DRCT,1427116412,10000,96,ok,,scenario_label=prefix64,DRCT
formal_experiment10_algorithm_comparison,prefix64,43,247146984,DRCT,2605311499,10000,96,ok,,scenario_label=prefix64,DRCT
formal_experiment10_algorithm_comparison,prefix64,44,3627632042,DRCT,1487013387,10000,96,ok,,scenario_label=prefix64,DRCT
formal_experiment10_algorithm_comparison,prefix64,45,3773143706,DRCT,2997501072,10000,96,ok,,scenario_label=prefix64,DRCT
formal_experiment10_algorithm_comparison,prefix64,46,737039505,DRCT,2796692026,10000,96,ok,,scenario_label=prefix64,DRCT
formal_experiment10_algorithm_comparison,prefix64,47,2448397771,DRCT,3068989732,10000,96,ok,,scenario_label=prefix64,DRCT
formal_experiment10_algorithm_comparison,prefix64,48,339462132,DRCT,1832014047,10000,96,ok,,scenario_label=prefix64,DRCT
formal_experiment10_algorithm_comparison,prefix64,49,3532656362,DRCT,610847572,10000,96,ok,,scenario_label=prefix64,DRCT
formal_experiment10_algorithm_comparison,prefix72,0,1500471121,DRCT,1320751135,10000,96,ok,,scenario_label=prefix72,DRCT
formal_experiment10_algorithm_comparison,prefix72,1,4054706784,DRCT,667619516,10000,96,ok,,scenario_label=prefix72,DRCT
formal_experiment10_algorithm_comparison,prefix72,2,3098683715,DRCT,2983830500,10000,96,ok,,scenario_label=prefix72,DRCT
formal_experiment10_algorithm_comparison,prefix72,3,300944148,DRCT,2745020398,10000,96,ok,,scenario_label=prefix72,DRCT
formal_experiment10_algorithm_comparison,prefix72,4,647941119,DRCT,3815568485,10000,96,ok,,scenario_label=prefix72,DRCT
formal_experiment10_algorithm_comparison,prefix72,5,617202740,DRCT,2446964498,10000,96,ok,,scenario_label=prefix72,DRCT
formal_experiment10_algorithm_comparison,prefix72,6,3673910054,DRCT,1777848427,10000,96,ok,,scenario_label=prefix72,DRCT
formal_experiment10_algorithm_comparison,prefix72,7,108678447,DRCT,1132609354,10000,96,ok,,scenario_label=prefix72,DRCT
formal_experiment10_algorithm_comparison,prefix72,8,3944130523,DRCT,1860346542,10000,96,ok,,scenario_label=prefix72,DRCT
formal_experiment10_algorithm_comparison,prefix72,9,3839497446,DRCT,2953760334,10000,96,ok,,scenario_label=prefix72,DRCT
formal_experiment10_algorithm_comparison,prefix72,10,3699530451,DRCT,2653177563,10000,96,ok,,scenario_label=prefix72,DRCT
formal_experiment10_algorithm_comparison,prefix72,11,1544784903,DRCT,366591204,10000,96,ok,,scenario_label=prefix72,DRCT
formal_experiment10_algorithm_comparison,prefix72,12,4135667632,DRCT,2132911388,10000,96,ok,,scenario_label=prefix72,DRCT
formal_experiment10_algorithm_comparison,prefix72,13,2885341494,DRCT,3836645923,10000,96,ok,,scenario_label=prefix72,DRCT
formal_experiment10_algorithm_comparison,prefix72,14,314404237,DRCT,999548511,10000,96,ok,,scenario_label=prefix72,DRCT
formal_experiment10_algorithm_comparison,prefix72,15,3683200937,DRCT,1128796965,10000,96,ok,,scenario_label=prefix72,DRCT
formal_experiment10_algorithm_comparison,prefix72,16,2842376837,DRCT,2389197221,10000,96,ok,,scenario_label=prefix72,DRCT
formal_experiment10_algorithm_comparison,prefix72,17,2996846514,DRCT,960738014,10000,96,ok,,scenario_label=prefix72,DRCT
formal_experiment10_algorithm_comparison,prefix72,18,2056936186,DRCT,4203325956,10000,96,ok,,scenario_label=prefix72,DRCT
formal_experiment10_algorithm_comparison,prefix72,19,864380945,DRCT,62128584,10000,96,ok,,scenario_label=prefix72,DRCT
formal_experiment10_algorithm_comparison,prefix72,20,1435960876,DRCT,3047368668,10000,96,ok,,scenario_label=prefix72,DRCT
formal_experiment10_algorithm_comparison,prefix72,21,2856226622,DRCT,790112022,10000,96,ok,,scenario_label=prefix72,DRCT
formal_experiment10_algorithm_comparison,prefix72,22,1176494308,DRCT,401292136,10000,96,ok,,scenario_label=prefix72,DRCT
formal_experiment10_algorithm_comparison,prefix72,23,3017230718,DRCT,4109453810,10000,96,ok,,scenario_label=prefix72,DRCT
formal_experiment10_algorithm_comparison,prefix72,24,1141157572,DRCT,1157906359,10000,96,ok,,scenario_label=prefix72,DRCT
formal_experiment10_algorithm_comparison,prefix72,25,3354368970,DRCT,1000051546,10000,96,ok,,scenario_label=prefix72,DRCT
formal_experiment10_algorithm_comparison,prefix72,26,596174526,DRCT,2858078449,10000,96,ok,,scenario_label=prefix72,DRCT
formal_experiment10_algorithm_comparison,prefix72,27,2354148920,DRCT,3673401506,10000,96,ok,,scenario_label=prefix72,DRCT
formal_experiment10_algorithm_comparison,prefix72,28,2480472296,DRCT,572165342,10000,96,ok,,scenario_label=prefix72,DRCT
formal_experiment10_algorithm_comparison,prefix72,29,2658790611,DRCT,410721194,10000,96,ok,,scenario_label=prefix72,DRCT
formal_experiment10_algorithm_comparison,prefix72,30,2954858719,DRCT,1411826319,10000,96,ok,,scenario_label=prefix72,DRCT
formal_experiment10_algorithm_comparison,prefix72,31,2497969375,DRCT,2772533426,10000,96,ok,,scenario_label=prefix72,DRCT
formal_experiment10_algorithm_comparison,prefix72,32,3309765357,DRCT,1523557132,10000,96,ok,,scenario_label=prefix72,DRCT
formal_experiment10_algorithm_comparison,prefix72,33,2989583646,DRCT,1345422121,10000,96,ok,,scenario_label=prefix72,DRCT
formal_experiment10_algorithm_comparison,prefix72,34,3174195124,DRCT,2532794316,10000,96,ok,,scenario_label=prefix72,DRCT
formal_experiment10_algorithm_comparison,prefix72,35,3519922321,DRCT,3072004982,10000,96,ok,,scenario_label=prefix72,DRCT
formal_experiment10_algorithm_comparison,prefix72,36,2007475420,DRCT,4259963100,10000,96,ok,,scenario_label=prefix72,DRCT
formal_experiment10_algorithm_comparison,prefix72,37,2122645248,DRCT,3381153618,10000,96,ok,,scenario_label=prefix72,DRCT
formal_experiment10_algorithm_comparison,prefix72,38,551118561,DRCT,3014580695,10000,96,ok,,scenario_label=prefix72,DRCT
formal_experiment10_algorithm_comparison,prefix72,39,3766206041,DRCT,4036254455,10000,96,ok,,scenario_label=prefix72,DRCT
formal_experiment10_algorithm_comparison,prefix72,40,2395566563,DRCT,2844496846,10000,96,ok,,scenario_label=prefix72,DRCT
formal_experiment10_algorithm_comparison,prefix72,41,1115424615,DRCT,2526974756,10000,96,ok,,scenario_label=prefix72,DRCT
formal_experiment10_algorithm_comparison,prefix72,42,2531603473,DRCT,570485517,10000,96,ok,,scenario_label=prefix72,DRCT
formal_experiment10_algorithm_comparison,prefix72,43,3723101655,DRCT,846651068,10000,96,ok,,scenario_label=prefix72,DRCT
formal_experiment10_algorithm_comparison,prefix72,44,112554203,DRCT,1622202644,10000,96,ok,,scenario_label=prefix72,DRCT
formal_experiment10_algorithm_comparison,prefix72,45,2352996596,DRCT,813576040,10000,96,ok,,scenario_label=prefix72,DRCT
formal_experiment10_algorithm_comparison,prefix72,46,1433412071,DRCT,3900969891,10000,96,ok,,scenario_label=prefix72,DRCT
formal_experiment10_algorithm_comparison,prefix72,47,2515845558,DRCT,2089605875,10000,96,ok,,scenario_label=prefix72,DRCT
formal_experiment10_algorithm_comparison,prefix72,48,270703941,DRCT,2271556473,10000,96,ok,,scenario_label=prefix72,DRCT
formal_experiment10_algorithm_comparison,prefix72,49,3560536888,DRCT,1148811709,10000,96,ok,,scenario_label=prefix72,DRCT
formal_experiment10_algorithm_comparison,prefix80,0,3599789785,DRCT,949375103,10000,96,ok,,scenario_label=prefix80,DRCT
formal_experiment10_algorithm_comparison,prefix80,1,4026730667,DRCT,3542883035,10000,96,ok,,scenario_label=prefix80,DRCT
formal_experiment10_algorithm_comparison,prefix80,2,3666635172,DRCT,1857065474,10000,96,ok,,scenario_label=prefix80,DRCT
formal_experiment10_algorithm_comparison,prefix80,3,968741272,DRCT,2690868101,10000,96,ok,,scenario_label=prefix80,DRCT
formal_experiment10_algorithm_comparison,prefix80,4,2084925728,DRCT,2373741046,10000,96,ok,,scenario_label=prefix80,DRCT
formal_experiment10_algorithm_comparison,prefix80,5,815586784,DRCT,1678517389,10000,96,ok,,scenario_label=prefix80,DRCT
formal_experiment10_algorithm_comparison,prefix80,6,2524613736,DRCT,1398265730,10000,96,ok,,scenario_label=prefix80,DRCT
formal_experiment10_algorithm_comparison,prefix80,7,2075071502,DRCT,3197126944,10000,96,ok,,scenario_label=prefix80,DRCT
formal_experiment10_algorithm_comparison,prefix80,8,2877063911,DRCT,295904494,10000,96,ok,,scenario_label=prefix80,DRCT
formal_experiment10_algorithm_comparison,prefix80,9,923924336,DRCT,2041509388,10000,96,ok,,scenario_label=prefix80,DRCT
formal_experiment10_algorithm_comparison,prefix80,10,959927471,DRCT,1250493110,10000,96,ok,,scenario_label=prefix80,DRCT
formal_experiment10_algorithm_comparison,prefix80,11,3015158801,DRCT,3304976463,10000,96,ok,,scenario_label=prefix80,DRCT
formal_experiment10_algorithm_comparison,prefix80,12,235991746,DRCT,533556859,10000,96,ok,,scenario_label=prefix80,DRCT
formal_experiment10_algorithm_comparison,prefix80,13,2359772976,DRCT,796774213,10000,96,ok,,scenario_label=prefix80,DRCT
formal_experiment10_algorithm_comparison,prefix80,14,2419352845,DRCT,2082796136,10000,96,ok,,scenario_label=prefix80,DRCT
formal_experiment10_algorithm_comparison,prefix80,15,3661251964,DRCT,3997860013,10000,96,ok,,scenario_label=prefix80,DRCT
formal_experiment10_algorithm_comparison,prefix80,16,119107535,DRCT,1188352478,10000,96,ok,,scenario_label=prefix80,DRCT
formal_experiment10_algorithm_comparison,prefix80,17,1676046437,DRCT,2358342633,10000,96,ok,,scenario_label=prefix80,DRCT
formal_experiment10_algorithm_comparison,prefix80,18,3572978440,DRCT,4001779840,10000,96,ok,,scenario_label=prefix80,DRCT
formal_experiment10_algorithm_comparison,prefix80,19,3959937795,DRCT,2512177226,10000,96,ok,,scenario_label=prefix80,DRCT
formal_experiment10_algorithm_comparison,prefix80,20,1447386439,DRCT,3550873565,10000,96,ok,,scenario_label=prefix80,DRCT
formal_experiment10_algorithm_comparison,prefix80,21,773447700,DRCT,524942376,10000,96,ok,,scenario_label=prefix80,DRCT
formal_experiment10_algorithm_comparison,prefix80,22,1933229166,DRCT,3532560025,10000,96,ok,,scenario_label=prefix80,DRCT
formal_experiment10_algorithm_comparison,prefix80,23,3937857360,DRCT,2747237340,10000,96,ok,,scenario_label=prefix80,DRCT
formal_experiment10_algorithm_comparison,prefix80,24,3693791333,DRCT,1696747752,10000,96,ok,,scenario_label=prefix80,DRCT
formal_experiment10_algorithm_comparison,prefix80,25,2005908186,DRCT,1252249352,10000,96,ok,,scenario_label=prefix80,DRCT
formal_experiment10_algorithm_comparison,prefix80,26,3276034574,DRCT,1498216810,10000,96,ok,,scenario_label=prefix80,DRCT
formal_experiment10_algorithm_comparison,prefix80,27,2850241236,DRCT,1448205381,10000,96,ok,,scenario_label=prefix80,DRCT
formal_experiment10_algorithm_comparison,prefix80,28,189231546,DRCT,2734694500,10000,96,ok,,scenario_label=prefix80,DRCT
formal_experiment10_algorithm_comparison,prefix80,29,1429797341,DRCT,3789816741,10000,96,ok,,scenario_label=prefix80,DRCT
formal_experiment10_algorithm_comparison,prefix80,30,1066354187,DRCT,124301970,10000,96,ok,,scenario_label=prefix80,DRCT
formal_experiment10_algorithm_comparison,prefix80,31,1189282690,DRCT,3380315339,10000,96,ok,,scenario_label=prefix80,DRCT
formal_experiment10_algorithm_comparison,prefix80,32,2468891489,DRCT,2500890662,10000,96,ok,,scenario_label=prefix80,DRCT
formal_experiment10_algorithm_comparison,prefix80,33,2042364237,DRCT,305491930,10000,96,ok,,scenario_label=prefix80,DRCT
formal_experiment10_algorithm_comparison,prefix80,34,2930609793,DRCT,2713892124,10000,96,ok,,scenario_label=prefix80,DRCT
formal_experiment10_algorithm_comparison,prefix80,35,2068117885,DRCT,3522673072,10000,96,ok,,scenario_label=prefix80,DRCT
formal_experiment10_algorithm_comparison,prefix80,36,4047784356,DRCT,4266542489,10000,96,ok,,scenario_label=prefix80,DRCT
formal_experiment10_algorithm_comparison,prefix80,37,4132614700,DRCT,4077383434,10000,96,ok,,scenario_label=prefix80,DRCT
formal_experiment10_algorithm_comparison,prefix80,38,2176443634,DRCT,660625758,10000,96,ok,,scenario_label=prefix80,DRCT
formal_experiment10_algorithm_comparison,prefix80,39,1181769842,DRCT,2280859832,10000,96,ok,,scenario_label=prefix80,DRCT
formal_experiment10_algorithm_comparison,prefix80,40,1541212281,DRCT,110351758,10000,96,ok,,scenario_label=prefix80,DRCT
formal_experiment10_algorithm_comparison,prefix80,41,4200284946,DRCT,2791754855,10000,96,ok,,scenario_label=prefix80,DRCT
formal_experiment10_algorithm_comparison,prefix80,42,4248245683,DRCT,2103986949,10000,96,ok,,scenario_label=prefix80,DRCT
formal_experiment10_algorithm_comparison,prefix80,43,1184894979,DRCT,4070352077,10000,96,ok,,scenario_label=prefix80,DRCT
formal_experiment10_algorithm_comparison,prefix80,44,1838899425,DRCT,3073456554,10000,96,ok,,scenario_label=prefix80,DRCT
formal_experiment10_algorithm_comparison,prefix80,45,1515211290,DRCT,187443248,10000,96,ok,,scenario_label=prefix80,DRCT
formal_experiment10_algorithm_comparison,prefix80,46,2094016510,DRCT,3660163024,10000,96,ok,,scenario_label=prefix80,DRCT
formal_experiment10_algorithm_comparison,prefix80,47,2907340057,DRCT,3058467534,10000,96,ok,,scenario_label=prefix80,DRCT
formal_experiment10_algorithm_comparison,prefix80,48,376489424,DRCT,3497617562,10000,96,ok,,scenario_label=prefix80,DRCT
formal_experiment10_algorithm_comparison,prefix80,49,3497608031,DRCT,3994812396,10000,96,ok,,scenario_label=prefix80,DRCT
formal_experiment10_algorithm_comparison,dispersed,0,718391674,DRCT,652914135,10000,96,ok,,scenario_label=dispersed,DRCT
formal_experiment10_algorithm_comparison,dispersed,1,512815062,DRCT,389567498,10000,96,ok,,scenario_label=dispersed,DRCT
formal_experiment10_algorithm_comparison,dispersed,2,1938306392,DRCT,607100255,10000,96,ok,,scenario_label=dispersed,DRCT
formal_experiment10_algorithm_comparison,dispersed,3,101697167,DRCT,2944707274,10000,96,ok,,scenario_label=dispersed,DRCT
formal_experiment10_algorithm_comparison,dispersed,4,4016991929,DRCT,2277856987,10000,96,ok,,scenario_label=dispersed,DRCT
formal_experiment10_algorithm_comparison,dispersed,5,1659534425,DRCT,2744511928,10000,96,ok,,scenario_label=dispersed,DRCT
formal_experiment10_algorithm_comparison,dispersed,6,4228533201,DRCT,1231045404,10000,96,ok,,scenario_label=dispersed,DRCT
formal_experiment10_algorithm_comparison,dispersed,7,3483887618,DRCT,3538818398,10000,96,ok,,scenario_label=dispersed,DRCT
formal_experiment10_algorithm_comparison,dispersed,8,1326794289,DRCT,3557557609,10000,96,ok,,scenario_label=dispersed,DRCT
formal_experiment10_algorithm_comparison,dispersed,9,2289044336,DRCT,4010700461,10000,96,ok,,scenario_label=dispersed,DRCT
formal_experiment10_algorithm_comparison,dispersed,10,1416169167,DRCT,388913169,10000,96,ok,,scenario_label=dispersed,DRCT
formal_experiment10_algorithm_comparison,dispersed,11,418844889,DRCT,3739844667,10000,96,ok,,scenario_label=dispersed,DRCT
formal_experiment10_algorithm_comparison,dispersed,12,1779197397,DRCT,3262295898,10000,96,ok,,scenario_label=dispersed,DRCT
formal_experiment10_algorithm_comparison,dispersed,13,3815732145,DRCT,1983781724,10000,96,ok,,scenario_label=dispersed,DRCT
formal_experiment10_algorithm_comparison,dispersed,14,3005302956,DRCT,1827332631,10000,96,ok,,scenario_label=dispersed,DRCT
formal_experiment10_algorithm_comparison,dispersed,15,721136372,DRCT,3084832767,10000,96,ok,,scenario_label=dispersed,DRCT
formal_experiment10_algorithm_comparison,dispersed,16,2327042042,DRCT,3755544018,10000,96,ok,,scenario_label=dispersed,DRCT
formal_experiment10_algorithm_comparison,dispersed,17,235530803,DRCT,4185882060,10000,96,ok,,scenario_label=dispersed,DRCT
formal_experiment10_algorithm_comparison,dispersed,18,3630574312,DRCT,231422766,10000,96,ok,,scenario_label=dispersed,DRCT
formal_experiment10_algorithm_comparison,dispersed,19,1188669765,DRCT,1294536723,10000,96,ok,,scenario_label=dispersed,DRCT
formal_experiment10_algorithm_comparison,dispersed,20,1490620412,DRCT,2201546323,10000,96,ok,,scenario_label=dispersed,DRCT
formal_experiment10_algorithm_comparison,dispersed,21,3190063457,DRCT,4093237823,10000,96,ok,,scenario_label=dispersed,DRCT
formal_experiment10_algorithm_comparison,dispersed,22,2884021080,DRCT,1693365437,10000,96,ok,,scenario_label=dispersed,DRCT
formal_experiment10_algorithm_comparison,dispersed,23,1487873236,DRCT,221099800,10000,96,ok,,scenario_label=dispersed,DRCT
formal_experiment10_algorithm_comparison,dispersed,24,3327095736,DRCT,983620057,10000,96,ok,,scenario_label=dispersed,DRCT
formal_experiment10_algorithm_comparison,dispersed,25,252742347,DRCT,3118610328,10000,96,ok,,scenario_label=dispersed,DRCT
formal_experiment10_algorithm_comparison,dispersed,26,2536907153,DRCT,3403575209,10000,96,ok,,scenario_label=dispersed,DRCT
formal_experiment10_algorithm_comparison,dispersed,27,353634476,DRCT,889929925,10000,96,ok,,scenario_label=dispersed,DRCT
formal_experiment10_algorithm_comparison,dispersed,28,486142359,DRCT,1994071160,10000,96,ok,,scenario_label=dispersed,DRCT
formal_experiment10_algorithm_comparison,dispersed,29,2273552703,DRCT,3117510536,10000,96,ok,,scenario_label=dispersed,DRCT
formal_experiment10_algorithm_comparison,dispersed,30,1918572727,DRCT,4222985646,10000,96,ok,,scenario_label=dispersed,DRCT
formal_experiment10_algorithm_comparison,dispersed,31,746579052,DRCT,1313096990,10000,96,ok,,scenario_label=dispersed,DRCT
formal_experiment10_algorithm_comparison,dispersed,32,461533287,DRCT,3874984871,10000,96,ok,,scenario_label=dispersed,DRCT
formal_experiment10_algorithm_comparison,dispersed,33,4056207655,DRCT,2119938977,10000,96,ok,,scenario_label=dispersed,DRCT
formal_experiment10_algorithm_comparison,dispersed,34,1598293287,DRCT,1650859362,10000,96,ok,,scenario_label=dispersed,DRCT
formal_experiment10_algorithm_comparison,dispersed,35,3459662668,DRCT,783551374,10000,96,ok,,scenario_label=dispersed,DRCT
formal_experiment10_algorithm_comparison,dispersed,36,1475087155,DRCT,608795215,10000,96,ok,,scenario_label=dispersed,DRCT
formal_experiment10_algorithm_comparison,dispersed,37,1445120987,DRCT,3633464186,10000,96,ok,,scenario_label=dispersed,DRCT
formal_experiment10_algorithm_comparison,dispersed,38,1295320453,DRCT,2699073785,10000,96,ok,,scenario_label=dispersed,DRCT
formal_experiment10_algorithm_comparison,dispersed,39,689222263,DRCT,4012410533,10000,96,ok,,scenario_label=dispersed,DRCT
formal_experiment10_algorithm_comparison,dispersed,40,2764666677,DRCT,1125630099,10000,96,ok,,scenario_label=dispersed,DRCT
formal_experiment10_algorithm_comparison,dispersed,41,1243932841,DRCT,1344497815,10000,96,ok,,scenario_label=dispersed,DRCT
formal_experiment10_algorithm_comparison,dispersed,42,971401964,DRCT,3480869765,10000,96,ok,,scenario_label=dispersed,DRCT
formal_experiment10_algorithm_comparison,dispersed,43,543731670,DRCT,317999037,10000,96,ok,,scenario_label=dispersed,DRCT
formal_experiment10_algorithm_comparison,dispersed,44,1675694341,DRCT,3387358469,10000,96,ok,,scenario_label=dispersed,DRCT
formal_experiment10_algorithm_comparison,dispersed,45,3455145310,DRCT,3934871009,10000,96,ok,,scenario_label=dispersed,DRCT
formal_experiment10_algorithm_comparison,dispersed,46,3724898785,DRCT,592103134,10000,96,ok,,scenario_label=dispersed,DRCT
formal_experiment10_algorithm_comparison,dispersed,47,450818034,DRCT,668521303,10000,96,ok,,scenario_label=dispersed,DRCT
formal_experiment10_algorithm_comparison,dispersed,48,2122119051,DRCT,2955857323,10000,96,ok,,scenario_label=dispersed,DRCT
formal_experiment10_algorithm_comparison,dispersed,49,1244494452,DRCT,283016634,10000,96,ok,,scenario_label=dispersed,DRCT
formal_experiment10_algorithm_comparison,sequential,0,3832442603,DRCT,1332461325,10000,96,ok,,scenario_label=sequential,DRCT
formal_experiment10_algorithm_comparison,sequential,1,307044453,DRCT,3836596765,10000,96,ok,,scenario_label=sequential,DRCT
formal_experiment10_algorithm_comparison,sequential,2,2669753757,DRCT,810174734,10000,96,ok,,scenario_label=sequential,DRCT
formal_experiment10_algorithm_comparison,sequential,3,4014819932,DRCT,666938528,10000,96,ok,,scenario_label=sequential,DRCT
formal_experiment10_algorithm_comparison,sequential,4,1147041799,DRCT,3878186798,10000,96,ok,,scenario_label=sequential,DRCT
formal_experiment10_algorithm_comparison,sequential,5,1736493233,DRCT,787548319,10000,96,ok,,scenario_label=sequential,DRCT
formal_experiment10_algorithm_comparison,sequential,6,2814513920,DRCT,226025700,10000,96,ok,,scenario_label=sequential,DRCT
formal_experiment10_algorithm_comparison,sequential,7,1089799207,DRCT,91336019,10000,96,ok,,scenario_label=sequential,DRCT
formal_experiment10_algorithm_comparison,sequential,8,464962871,DRCT,2490210395,10000,96,ok,,scenario_label=sequential,DRCT
formal_experiment10_algorithm_comparison,sequential,9,1819612831,DRCT,902791249,10000,96,ok,,scenario_label=sequential,DRCT
formal_experiment10_algorithm_comparison,sequential,10,2509121869,DRCT,3668003690,10000,96,ok,,scenario_label=sequential,DRCT
formal_experiment10_algorithm_comparison,sequential,11,4252184221,DRCT,3416530749,10000,96,ok,,scenario_label=sequential,DRCT
formal_experiment10_algorithm_comparison,sequential,12,598408119,DRCT,679392481,10000,96,ok,,scenario_label=sequential,DRCT
formal_experiment10_algorithm_comparison,sequential,13,3109578896,DRCT,1666554390,10000,96,ok,,scenario_label=sequential,DRCT
formal_experiment10_algorithm_comparison,sequential,14,2012366791,DRCT,99701087,10000,96,ok,,scenario_label=sequential,DRCT
formal_experiment10_algorithm_comparison,sequential,15,2481232546,DRCT,2204801662,10000,96,ok,,scenario_label=sequential,DRCT
formal_experiment10_algorithm_comparison,sequential,16,1105529789,DRCT,408640975,10000,96,ok,,scenario_label=sequential,DRCT
formal_experiment10_algorithm_comparison,sequential,17,576396880,DRCT,916020334,10000,96,ok,,scenario_label=sequential,DRCT
formal_experiment10_algorithm_comparison,sequential,18,555601650,DRCT,800154590,10000,96,ok,,scenario_label=sequential,DRCT
formal_experiment10_algorithm_comparison,sequential,19,4068575958,DRCT,100826736,10000,96,ok,,scenario_label=sequential,DRCT
formal_experiment10_algorithm_comparison,sequential,20,36137704,DRCT,2201406671,10000,96,ok,,scenario_label=sequential,DRCT
formal_experiment10_algorithm_comparison,sequential,21,3175350032,DRCT,576098315,10000,96,ok,,scenario_label=sequential,DRCT
formal_experiment10_algorithm_comparison,sequential,22,718727290,DRCT,3457952192,10000,96,ok,,scenario_label=sequential,DRCT
formal_experiment10_algorithm_comparison,sequential,23,1258431547,DRCT,2042336438,10000,96,ok,,scenario_label=sequential,DRCT
formal_experiment10_algorithm_comparison,sequential,24,3365623594,DRCT,1201427513,10000,96,ok,,scenario_label=sequential,DRCT
formal_experiment10_algorithm_comparison,sequential,25,2509309594,DRCT,3630201845,10000,96,ok,,scenario_label=sequential,DRCT
formal_experiment10_algorithm_comparison,sequential,26,3016514165,DRCT,574965399,10000,96,ok,,scenario_label=sequential,DRCT
formal_experiment10_algorithm_comparison,sequential,27,3444853128,DRCT,739054910,10000,96,ok,,scenario_label=sequential,DRCT
formal_experiment10_algorithm_comparison,sequential,28,3005013483,DRCT,291125398,10000,96,ok,,scenario_label=sequential,DRCT
formal_experiment10_algorithm_comparison,sequential,29,3899432569,DRCT,3200963249,10000,96,ok,,scenario_label=sequential,DRCT
formal_experiment10_algorithm_comparison,sequential,30,4168150786,DRCT,3487346584,10000,96,ok,,scenario_label=sequential,DRCT
formal_experiment10_algorithm_comparison,sequential,31,1533274363,DRCT,2962942275,10000,96,ok,,scenario_label=sequential,DRCT
formal_experiment10_algorithm_comparison,sequential,32,1885192675,DRCT,290595775,10000,96,ok,,scenario_label=sequential,DRCT
formal_experiment10_algorithm_comparison,sequential,33,1379722936,DRCT,3792153010,10000,96,ok,,scenario_label=sequential,DRCT
formal_experiment10_algorithm_comparison,sequential,34,827727748,DRCT,4096413607,10000,96,ok,,scenario_label=sequential,DRCT
formal_experiment10_algorithm_comparison,sequential,35,3404251095,DRCT,2546784061,10000,96,ok,,scenario_label=sequential,DRCT
formal_experiment10_algorithm_comparison,sequential,36,3955139490,DRCT,3448656772,10000,96,ok,,scenario_label=sequential,DRCT
formal_experiment10_algorithm_comparison,sequential,37,4059102190,DRCT,2740555985,10000,96,ok,,scenario_label=sequential,DRCT
formal_experiment10_algorithm_comparison,sequential,38,1532549816,DRCT,1933294258,10000,96,ok,,scenario_label=sequential,DRCT
formal_experiment10_algorithm_comparison,sequential,39,492811461,DRCT,4078183417,10000,96,ok,,scenario_label=sequential,DRCT
formal_experiment10_algorithm_comparison,sequential,40,1097759754,DRCT,1242536140,10000,96,ok,,scenario_label=sequential,DRCT
formal_experiment10_algorithm_comparison,sequential,41,2930733260,DRCT,2355286212,10000,96,ok,,scenario_label=sequential,DRCT
formal_experiment10_algorithm_comparison,sequential,42,1252099663,DRCT,3982754177,10000,96,ok,,scenario_label=sequential,DRCT
formal_experiment10_algorithm_comparison,sequential,43,2581054308,DRCT,2316558939,10000,96,ok,,scenario_label=sequential,DRCT
formal_experiment10_algorithm_comparison,sequential,44,2581828915,DRCT,381365363,10000,96,ok,,scenario_label=sequential,DRCT
formal_experiment10_algorithm_comparison,sequential,45,3536744853,DRCT,1766161493,10000,96,ok,,scenario_label=sequential,DRCT
formal_experiment10_algorithm_comparison,sequential,46,3086579310,DRCT,2574968103,10000,96,ok,,scenario_label=sequential,DRCT
formal_experiment10_algorithm_comparison,sequential,47,23415326,DRCT,514959162,10000,96,ok,,scenario_label=sequential,DRCT
formal_experiment10_algorithm_comparison,sequential,48,3552242948,DRCT,2602922506,10000,96,ok,,scenario_label=sequential,DRCT
formal_experiment10_algorithm_comparison,sequential,49,1309897987,DRCT,3246246786,10000,96,ok,,scenario_label=sequential,DRCT
formal_experiment10_algorithm_comparison,clustered,0,2671803409,DRCT,1185055070,10000,96,ok,,scenario_label=clustered,DRCT
formal_experiment10_algorithm_comparison,clustered,1,1347204990,DRCT,3582036440,10000,96,ok,,scenario_label=clustered,DRCT
formal_experiment10_algorithm_comparison,clustered,2,4214585690,DRCT,4251158174,10000,96,ok,,scenario_label=clustered,DRCT
formal_experiment10_algorithm_comparison,clustered,3,3211323854,DRCT,732868226,10000,96,ok,,scenario_label=clustered,DRCT
formal_experiment10_algorithm_comparison,clustered,4,1157746636,DRCT,4289433892,10000,96,ok,,scenario_label=clustered,DRCT
formal_experiment10_algorithm_comparison,clustered,5,2592520367,DRCT,1102423286,10000,96,ok,,scenario_label=clustered,DRCT
formal_experiment10_algorithm_comparison,clustered,6,4149466484,DRCT,2357098222,10000,96,ok,,scenario_label=clustered,DRCT
formal_experiment10_algorithm_comparison,clustered,7,1659200484,DRCT,3158687308,10000,96,ok,,scenario_label=clustered,DRCT
formal_experiment10_algorithm_comparison,clustered,8,4146325891,DRCT,3652751324,10000,96,ok,,scenario_label=clustered,DRCT
formal_experiment10_algorithm_comparison,clustered,9,2410991351,DRCT,1847168754,10000,96,ok,,scenario_label=clustered,DRCT
formal_experiment10_algorithm_comparison,clustered,10,1497064732,DRCT,3891422190,10000,96,ok,,scenario_label=clustered,DRCT
formal_experiment10_algorithm_comparison,clustered,11,1654947796,DRCT,3817208736,10000,96,ok,,scenario_label=clustered,DRCT
formal_experiment10_algorithm_comparison,clustered,12,1632175688,DRCT,617489147,10000,96,ok,,scenario_label=clustered,DRCT
formal_experiment10_algorithm_comparison,clustered,13,286329085,DRCT,581258026,10000,96,ok,,scenario_label=clustered,DRCT
formal_experiment10_algorithm_comparison,clustered,14,844575883,DRCT,279644564,10000,96,ok,,scenario_label=clustered,DRCT
formal_experiment10_algorithm_comparison,clustered,15,4075594883,DRCT,1875636732,10000,96,ok,,scenario_label=clustered,DRCT
formal_experiment10_algorithm_comparison,clustered,16,496171624,DRCT,2844222962,10000,96,ok,,scenario_label=clustered,DRCT
formal_experiment10_algorithm_comparison,clustered,17,1717550807,DRCT,193466242,10000,96,ok,,scenario_label=clustered,DRCT
formal_experiment10_algorithm_comparison,clustered,18,3697359989,DRCT,123224290,10000,96,ok,,scenario_label=clustered,DRCT
formal_experiment10_algorithm_comparison,clustered,19,122151701,DRCT,324643324,10000,96,ok,,scenario_label=clustered,DRCT
formal_experiment10_algorithm_comparison,clustered,20,3072805405,DRCT,1648039384,10000,96,ok,,scenario_label=clustered,DRCT
formal_experiment10_algorithm_comparison,clustered,21,3147787421,DRCT,1058814947,10000,96,ok,,scenario_label=clustered,DRCT
formal_experiment10_algorithm_comparison,clustered,22,2093052601,DRCT,3967214092,10000,96,ok,,scenario_label=clustered,DRCT
formal_experiment10_algorithm_comparison,clustered,23,1999349207,DRCT,2688335502,10000,96,ok,,scenario_label=clustered,DRCT
formal_experiment10_algorithm_comparison,clustered,24,2076634887,DRCT,1011022605,10000,96,ok,,scenario_label=clustered,DRCT
formal_experiment10_algorithm_comparison,clustered,25,166869229,DRCT,1860139862,10000,96,ok,,scenario_label=clustered,DRCT
formal_experiment10_algorithm_comparison,clustered,26,3738417298,DRCT,2375788370,10000,96,ok,,scenario_label=clustered,DRCT
formal_experiment10_algorithm_comparison,clustered,27,1841632199,DRCT,3116752311,10000,96,ok,,scenario_label=clustered,DRCT
formal_experiment10_algorithm_comparison,clustered,28,904872953,DRCT,96293454,10000,96,ok,,scenario_label=clustered,DRCT
formal_experiment10_algorithm_comparison,clustered,29,916823294,DRCT,227015014,10000,96,ok,,scenario_label=clustered,DRCT
formal_experiment10_algorithm_comparison,clustered,30,3098412365,DRCT,4183651363,10000,96,ok,,scenario_label=clustered,DRCT
formal_experiment10_algorithm_comparison,clustered,31,1250494512,DRCT,3061176083,10000,96,ok,,scenario_label=clustered,DRCT
formal_experiment10_algorithm_comparison,clustered,32,1700272012,DRCT,13211940,10000,96,ok,,scenario_label=clustered,DRCT
formal_experiment10_algorithm_comparison,clustered,33,2404355022,DRCT,2716538699,10000,96,ok,,scenario_label=clustered,DRCT
formal_experiment10_algorithm_comparison,clustered,34,3877182081,DRCT,3719619380,10000,96,ok,,scenario_label=clustered,DRCT
formal_experiment10_algorithm_comparison,clustered,35,2734262170,DRCT,4117862942,10000,96,ok,,scenario_label=clustered,DRCT
formal_experiment10_algorithm_comparison,clustered,36,2167738248,DRCT,3119977592,10000,96,ok,,scenario_label=clustered,DRCT
formal_experiment10_algorithm_comparison,clustered,37,2101678517,DRCT,3119030283,10000,96,ok,,scenario_label=clustered,DRCT
formal_experiment10_algorithm_comparison,clustered,38,1315890655,DRCT,1514906637,10000,96,ok,,scenario_label=clustered,DRCT
formal_experiment10_algorithm_comparison,clustered,39,550238148,DRCT,2728418398,10000,96,ok,,scenario_label=clustered,DRCT
formal_experiment10_algorithm_comparison,clustered,40,2622337710,DRCT,50945454,10000,96,ok,,scenario_label=clustered,DRCT
formal_experiment10_algorithm_comparison,clustered,41,3458394344,DRCT,1443528365,10000,96,ok,,scenario_label=clustered,DRCT
formal_experiment10_algorithm_comparison,clustered,42,3084834098,DRCT,1042536375,10000,96,ok,,scenario_label=clustered,DRCT
formal_experiment10_algorithm_comparison,clustered,43,305485960,DRCT,867826418,10000,96,ok,,scenario_label=clustered,DRCT
formal_experiment10_algorithm_comparison,clustered,44,3777667509,DRCT,2738524694,10000,96,ok,,scenario_label=clustered,DRCT
formal_experiment10_algorithm_comparison,clustered,45,3714169138,DRCT,2645401344,10000,96,ok,,scenario_label=clustered,DRCT
formal_experiment10_algorithm_comparison,clustered,46,3569510457,DRCT,340316307,10000,96,ok,,scenario_label=clustered,DRCT
formal_experiment10_algorithm_comparison,clustered,47,2859928063,DRCT,2356400533,10000,96,ok,,scenario_label=clustered,DRCT
formal_experiment10_algorithm_comparison,clustered,48,1330979572,DRCT,467119896,10000,96,ok,,scenario_label=clustered,DRCT
formal_experiment10_algorithm_comparison,clustered,49,1756787569,DRCT,761079417,10000,96,ok,,scenario_label=clustered,DRCT
