scenario_point,algorithm_name,metric,mean,std,p95,ci95,n
scenario_label=clustered,DQTA(k_max=3),total_protocol_time_ms,16099.183125,88.101207,16258.816375,24.420409,50
scenario_label=clustered,DQTA(k_max=3),throughput_tags_per_sec,621.167769,3.401369,626.089333,0.942811,50
scenario_label=clustered,DQTA(k_max=3),system_efficiency,0.330893,0.002216,0.333435,0.000614,50
scenario_label=clustered,DQTA(k_max=3),collision_slots,9277.400000,57.715700,9380.400000,15.997976,50
scenario_label=clustered,DQTA(k_max=3),idle_slots,10945.180000,170.754471,11271.750000,47.330725,50
scenario_label=clustered,DQTA(k_max=3),total_energy_uj,8063556.540230,48396.839601,8129208.983412,13414.919520,50
scenario_label=clustered,DQTA(k_max=3),total_listening_energy_uj,8059160.361580,48351.929037,8124767.158637,13402.470947,50
scenario_label=clustered,DQTA(k_max=3),total_transmission_energy_uj,4396.178650,202.557043,4629.538200,56.145948,50
scenario_label=clustered,DQTA(k_max=3),total_bits,6083248.820000,401178.774877,6534439.600000,111201.083016,50
scenario_label=clustered,DQTA(k_max=3),avg_tag_bits,518.021266,40.002355,562.795510,11.088087,50
scenario_label=clustered,DQTA(k_max=3),avg_reader_bits,90.303616,0.574679,91.345220,0.159293,50
scenario_label=clustered,DQTA(k_max=3),avg_total_bits,608.324882,40.117877,653.443960,11.120108,50
scenario_label=clustered,DQTA(k_max=3),avg_query_efficiency,1.077929,0.006710,1.087914,0.001860,50
scenario_label=clustered,DQTA(k_max=3),peak_stack_depth,25.680000,1.096190,27.000000,0.303848,50
scenario_label=clustered,DQTA(k_max=3),avg_tag_responses,5.801748,0.221515,6.042985,0.061401,50
scenario_label=clustered,DRCT,total_protocol_time_ms,23180.990725,125.793058,23384.848187,34.868057,50
scenario_label=clustered,DRCT,throughput_tags_per_sec,431.400407,2.343070,435.676227,0.649466,50
scenario_label=clustered,DRCT,system_efficiency,0.335264,0.001883,0.338626,0.000522,50
scenario_label=clustered,DRCT,collision_slots,14913.080000,83.753487,15060.200000,23.215282,50
scenario_label=clustered,DRCT,idle_slots,4915.080000,83.753487,5062.200000,23.215282,50
scenario_label=clustered,DRCT,total_energy_uj,11645217.055443,80229.598698,11758340.203881,22238.510170,50
scenario_label=clustered,DRCT,energy_per_tag_uj,1164.521706,8.022960,1175.834021,2.223851,50
scenario_label=clustered,DRCT,total_reader_tx_energy_uj,3059.781440,17.973370,3088.532100,4.981964,50
scenario_label=clustered,DRCT,total_tag_tx_energy_uj,1623.993070,0.569961,1624.786950,0.157985,50
scenario_label=clustered,DRCT,total_listening_energy_uj,11640533.280932,80214.642679,11753639.845581,22234.364573,50
scenario_label=clustered,DRCT,total_transmission_energy_uj,4683.774510,18.323356,4713.269675,5.078975,50
scenario_label=clustered,DRCT,total_bits,4777876.860000,9717.943057,4793750.800000,2693.676387,50
scenario_label=clustered,DRCT,avg_tag_bits,324.798614,0.113992,324.957390,0.031597,50
scenario_label=clustered,DRCT,avg_reader_bits,152.989072,0.898668,154.426605,0.249098,50
scenario_label=clustered,DRCT,avg_total_bits,477.787686,0.971794,479.375080,0.269368,50
scenario_label=clustered,DRCT,avg_query_efficiency,0.670573,0.003766,0.677298,0.001044,50
scenario_label=clustered,DRCT,peak_stack_depth,12.960000,0.637598,14.000000,0.176733,50
scenario_label=clustered,DRCT,avg_tag_responses,75.621528,0.018733,75.649405,0.005193,50
scenario_label=clustered,EAQ_CBB,total_protocol_time_ms,26334.454025,534.298048,27370.462312,148.099863,50
scenario_label=clustered,EAQ_CBB,throughput_tags_per_sec,379.884230,7.725741,393.544291,2.141466,50
scenario_label=clustered,EAQ_CBB,system_efficiency,0.490253,0.015491,0.518133,0.004294,50
scenario_label=clustered,EAQ_CBB,collision_slots,10417.520000,642.977711,11615.900000,178.224329,50
scenario_label=clustered,EAQ_CBB,idle_slots,0.000000,0.000000,0.000000,0.000000,50
scenario_label=clustered,EAQ_CBB,total_energy_uj,13171080.846125,271834.214712,13692841.337506,75348.600100,50
scenario_label=clustered,EAQ_CBB,total_listening_energy_uj,13166824.826195,271744.766140,13688404.013331,75323.806221,50
scenario_label=clustered,EAQ_CBB,total_transmission_energy_uj,4256.019930,90.096486,4426.899375,24.973472,50
scenario_label=clustered,EAQ_CBB,total_bits,3189383.820000,110241.343608,3397077.450000,30557.341440,50
scenario_label=clustered,EAQ_CBB,avg_tag_bits,141.516514,8.722162,157.817035,2.417660,50
scenario_label=clustered,EAQ_CBB,avg_reader_bits,177.421868,2.359329,181.890710,0.653973,50
scenario_label=clustered,EAQ_CBB,avg_total_bits,318.938382,11.024134,339.707745,3.055734,50
scenario_label=clustered,EAQ_CBB,avg_query_efficiency,0.963548,0.060159,1.075268,0.016675,50
scenario_label=clustered,EAQ_CBB,peak_stack_depth,2456.260000,6.255805,2465.550000,1.734021,50
scenario_label=clustered,EAQ_CBB,avg_tag_responses,4.351308,0.186979,4.693650,0.051828,50
scenario_label=clustered,EMDT,total_protocol_time_ms,13668.018100,111.290474,13848.311375,30.848146,50
scenario_label=clustered,EMDT,throughput_tags_per_sec,731.682390,5.943285,741.322219,1.647395,50
scenario_label=clustered,EMDT,system_efficiency,0.502911,0.006408,0.514130,0.001776,50
scenario_label=clustered,EMDT,collision_slots,5934.780000,114.480243,6120.350000,31.732305,50
scenario_label=clustered,EMDT,idle_slots,3952.620000,156.653770,4217.100000,43.422210,50
scenario_label=clustered,EMDT,total_energy_uj,6831971.983060,61799.258010,6930991.914725,17129.880369,50
scenario_label=clustered,EMDT,total_listening_energy_uj,6830745.142900,61800.354573,6929763.243725,17130.184321,50
scenario_label=clustered,EMDT,total_transmission_energy_uj,1226.840160,6.290830,1235.452600,1.743729,50
scenario_label=clustered,EMDT,total_bits,1721497.440000,5650.200806,1729720.800000,1566.155760,50
scenario_label=clustered,EMDT,avg_tag_bits,147.743648,0.369571,148.241040,0.102440,50
scenario_label=clustered,EMDT,avg_reader_bits,24.406096,0.244223,24.739000,0.067695,50
scenario_label=clustered,EMDT,avg_total_bits,172.149744,0.565020,172.972080,0.156616,50
scenario_label=clustered,EMDT,avg_query_efficiency,1.685593,0.032336,1.738824,0.008963,50
scenario_label=clustered,EMDT,peak_stack_depth,46.960000,1.354659,49.000000,0.375492,50
scenario_label=clustered,EMDT,avg_tag_responses,5.312268,0.020616,5.345270,0.005715,50
scenario_label=clustered,HT_EEAC,total_protocol_time_ms,79557.504600,1699.944407,81874.704375,471.200550,50
scenario_label=clustered,HT_EEAC,throughput_tags_per_sec,125.751716,2.697548,130.255232,0.747722,50
scenario_label=clustered,HT_EEAC,system_efficiency,0.061628,0.001417,0.063978,0.000393,50
scenario_label=clustered,HT_EEAC,collision_slots,146372.980000,3716.049699,151581.750000,1030.036425,50
scenario_label=clustered,HT_EEAC,idle_slots,5975.900000,163.918876,6260.100000,45.435994,50
scenario_label=clustered,HT_EEAC,total_energy_uj,46849423.673491,1118008.207577,48484522.625535,309896.064520,50
scenario_label=clustered,HT_EEAC,total_listening_energy_uj,46840549.338931,1117818.935427,48475405.007135,309843.600957,50
scenario_label=clustered,HT_EEAC,total_transmission_energy_uj,8874.334560,193.232499,9136.610600,53.561316,50
scenario_label=clustered,HT_EEAC,total_bits,7033643.040000,141187.591223,7227286.300000,39135.203644,50
scenario_label=clustered,HT_EEAC,avg_tag_bits,346.196768,5.945680,354.530800,1.648058,50
scenario_label=clustered,HT_EEAC,avg_reader_bits,357.167536,8.176429,368.238420,2.266390,50
scenario_label=clustered,HT_EEAC,avg_total_bits,703.364304,14.118759,722.728630,3.913520,50
scenario_label=clustered,HT_EEAC,avg_query_efficiency,0.068362,0.001743,0.071346,0.000483,50
scenario_label=clustered,HT_EEAC,avg_tag_responses,252.632024,12.116120,271.546515,3.358417,50
scenario_label=clustered,LAPCT,total_protocol_time_ms,29657.235250,10.805566,29677.467187,2.995150,50
scenario_label=clustered,LAPCT,throughput_tags_per_sec,337.185891,0.122849,337.340296,0.034052,50
scenario_label=clustered,LAPCT,system_efficiency,0.497975,0.000240,0.498380,0.000066,50
scenario_label=clustered,LAPCT,collision_slots,10075.240000,10.041872,10087.000000,2.783465,50
scenario_label=clustered,LAPCT,idle_slots,6.080000,1.988128,8.000000,0.551081,50
scenario_label=clustered,LAPCT,total_energy_uj,14844307.773355,7455.585944,14857494.733950,2066.582988,50
scenario_label=clustered,LAPCT,total_listening_energy_uj,14837915.920615,7373.374918,14850987.926550,2043.795255,50
scenario_label=clustered,LAPCT,total_transmission_energy_uj,6391.852740,106.064688,6581.075825,29.399632,50
scenario_label=clustered,LAPCT,total_bits,6407986.980000,209490.979775,6780946.300000,58067.937019,50
scenario_label=clustered,LAPCT,avg_tag_bits,428.274748,20.861347,465.387785,5.782470,50
scenario_label=clustered,LAPCT,avg_reader_bits,212.523950,0.098850,212.703245,0.027400,50
scenario_label=clustered,LAPCT,avg_total_bits,640.798698,20.949098,678.094630,5.806794,50
scenario_label=clustered,LAPCT,avg_query_efficiency,0.992533,0.000989,0.994243,0.000274,50
scenario_label=clustered,LAPCT,peak_stack_depth,17.700000,0.974156,19.000000,0.270022,50
scenario_label=clustered,LAPCT,avg_tag_responses,11.887672,0.332877,12.490620,0.092269,50
scenario_label=clustered,NLHQT(n=2),total_protocol_time_ms,25171.530200,156.291276,25358.422250,43.321732,50
scenario_label=clustered,NLHQT(n=2),throughput_tags_per_sec,397.289350,2.486726,402.906812,0.689285,50
scenario_label=clustered,NLHQT(n=2),system_efficiency,0.348793,0.000951,0.350182,0.000264,50
scenario_label=clustered,NLHQT(n=2),collision_slots,18670.540000,78.230223,18800.550000,21.684311,50
scenario_label=clustered,NLHQT(n=2),idle_slots,0.000000,0.000000,0.000000,0.000000,50
scenario_label=clustered,NLHQT(n=2),total_energy_uj,12618562.318720,82810.474055,12715793.378737,22953.892321,50
scenario_label=clustered,NLHQT(n=2),total_listening_energy_uj,12613793.888680,82780.695245,12710994.064938,22945.638056,50
scenario_label=clustered,NLHQT(n=2),total_transmission_energy_uj,4768.430040,31.517170,4801.195800,8.736114,50
scenario_label=clustered,NLHQT(n=2),total_bits,4403508.960000,26432.444421,4426659.600000,7326.699792,50
scenario_label=clustered,NLHQT(n=2),avg_tag_bits,269.239192,1.461492,270.144750,0.405105,50
scenario_label=clustered,NLHQT(n=2),avg_reader_bits,171.111704,1.231334,172.524400,0.341308,50
scenario_label=clustered,NLHQT(n=2),avg_total_bits,440.350896,2.643244,442.665960,0.732670,50
scenario_label=clustered,NLHQT(n=2),avg_query_efficiency,0.535612,0.002243,0.538892,0.000622,50
scenario_label=clustered,NLHQT(n=2),peak_stack_depth,20.220000,0.932191,22.000000,0.258390,50
scenario_label=clustered,NLHQT(n=2),avg_tag_responses,39.839598,0.364359,40.072375,0.100995,50
scenario_label=clustered,SGCT,total_protocol_time_ms,10157.559700,82.096893,10276.389812,22.756098,50
scenario_label=clustered,SGCT,throughput_tags_per_sec,984.551545,7.968673,997.198478,2.208803,50
scenario_label=clustered,SGCT,system_efficiency,0.782402,0.003020,0.787234,0.000837,50
scenario_label=clustered,SGCT,collision_slots,2781.340000,49.300664,2853.250000,13.665447,50
scenario_label=clustered,SGCT,idle_slots,0.000000,0.000000,0.000000,0.000000,50
scenario_label=clustered,SGCT,total_energy_uj,5073445.732270,44435.226226,5143418.519512,12316.816317,50
scenario_label=clustered,SGCT,total_listening_energy_uj,5071851.231410,44423.263465,5141797.318963,12313.500409,50
scenario_label=clustered,SGCT,total_transmission_energy_uj,1594.500860,15.905268,1627.187425,4.408715,50
scenario_label=clustered,SGCT,total_bits,1546185.280000,20569.763603,1604901.950000,5701.647578,50
scenario_label=clustered,SGCT,avg_tag_bits,99.857980,1.901736,105.507765,0.527134,50
scenario_label=clustered,SGCT,avg_reader_bits,54.760548,0.580538,55.600550,0.160917,50
scenario_label=clustered,SGCT,avg_total_bits,154.618528,2.056976,160.490195,0.570165,50
scenario_label=clustered,SGCT,avg_query_efficiency,3.596500,0.063972,3.700008,0.017732,50
scenario_label=clustered,SGCT,peak_stack_depth,35.460000,2.012309,39.000000,0.557784,50
scenario_label=clustered,SGCT,progressive_probe_count,1393.060000,24.621552,1429.300000,6.824746,50
scenario_label=clustered,SGCT,signature_grouping_trigger_count,1387.720000,24.846500,1424.500000,6.887098,50
scenario_label=clustered,SGCT,local_short_id_trigger_count,129.000000,0.000000,129.000000,0.000000,50
scenario_label=clustered,SGCT,signature_groups_pruned,41778.360000,372.544738,42328.500000,103.264133,50
scenario_label=clustered,SGCT,sparse_signature_groups,11385.160000,25.027626,11423.500000,6.937304,50
scenario_label=clustered,SGCT,signature_marker_bits,32884.360000,762.672229,35147.200000,211.401956,50
scenario_label=clustered,SGCT,signature_marker_tag_bits,32884.360000,762.672229,35147.200000,211.401956,50
scenario_label=clustered,SGCT,signature_non_idle_marker_count,11385.160000,25.027626,11423.500000,6.937304,50
scenario_label=clustered,SGCT,signature_collision_groups,1388.280000,24.718860,1423.950000,6.851718,50
scenario_label=clustered,SGCT,signature_singleton_groups,9996.880000,2.326774,10000.000000,0.644949,50
scenario_label=clustered,SGCT,low_d_fallback_count,1.560000,1.163387,3.550000,0.322474,50
scenario_label=clustered,SGCT,suffix_signature_trigger_count,0.000000,0.000000,0.000000,0.000000,50
scenario_label=clustered,SGCT,hash_short_id_round_count,0.000000,0.000000,0.000000,0.000000,50
scenario_label=clustered,SGCT,hash_short_id_split_count,0.000000,0.000000,0.000000,0.000000,50
scenario_label=clustered,SGCT,hash_short_id_collision_groups,0.000000,0.000000,0.000000,0.000000,50
scenario_label=clustered,SGCT,hash_short_id_singleton_groups,0.000000,0.000000,0.000000,0.000000,50
scenario_label=clustered,SGCT,small_cluster_guard_count,0.000000,0.000000,0.000000,0.000000,50
scenario_label=clustered,SGCT,max_signature_d,8.000000,0.000000,8.000000,0.000000,50
scenario_label=clustered,SGCT,epc_verification_count,10000.000000,0.000000,10000.000000,0.000000,50
scenario_label=clustered,SGCT,verify_fail_count,0.000000,0.000000,0.000000,0.000000,50
scenario_label=clustered,SGCT,avg_tag_responses,6.578252,0.152510,7.031200,0.042274,50
scenario_label=dispersed,DQTA(k_max=3),total_protocol_time_ms,23356.331025,3872.529193,29882.111875,1073.410328,50
scenario_label=dispersed,DQTA(k_max=3),throughput_tags_per_sec,440.657594,78.596073,592.740184,21.785720,50
scenario_label=dispersed,DQTA(k_max=3),system_efficiency,0.369449,0.033833,0.426059,0.009378,50
scenario_label=dispersed,DQTA(k_max=3),collision_slots,14450.120000,2639.369348,18825.000000,731.595858,50
scenario_label=dispersed,DQTA(k_max=3),idle_slots,2843.740000,2308.792889,7202.900000,639.964738,50
scenario_label=dispersed,DQTA(k_max=3),total_energy_uj,11697619.542220,1939752.179028,14960006.698119,537671.872488,50
scenario_label=dispersed,DQTA(k_max=3),total_listening_energy_uj,11691767.861990,1938994.050902,14953042.022144,537461.730093,50
scenario_label=dispersed,DQTA(k_max=3),total_transmission_energy_uj,5851.680230,846.799000,7007.592475,234.720708,50
scenario_label=dispersed,DQTA(k_max=3),total_bits,7019248.540000,1046764.241913,8399511.700000,290148.244754,50
scenario_label=dispersed,DQTA(k_max=3),avg_tag_bits,545.787790,89.856469,663.822955,24.906942,50
scenario_label=dispersed,DQTA(k_max=3),avg_reader_bits,156.137064,27.502548,204.314065,7.623317,50
scenario_label=dispersed,DQTA(k_max=3),avg_total_bits,701.924854,104.676424,839.951170,29.014824,50
scenario_label=dispersed,DQTA(k_max=3),avg_query_efficiency,0.716938,0.142732,0.990647,0.039563,50
scenario_label=dispersed,DQTA(k_max=3),peak_stack_depth,17.280000,2.433105,22.000000,0.674422,50
scenario_label=dispersed,DQTA(k_max=3),avg_tag_responses,9.890496,1.189594,11.522995,0.329739,50
scenario_label=dispersed,DRCT,total_protocol_time_ms,58715.508350,14511.377889,82742.471750,4022.348734,50
scenario_label=dispersed,DRCT,throughput_tags_per_sec,181.937418,50.887191,294.784542,14.105210,50
scenario_label=dispersed,DRCT,system_efficiency,0.147460,0.043430,0.244438,0.012038,50
scenario_label=dispersed,DRCT,collision_slots,36434.780000,9308.595449,50927.400000,2580.211018,50
scenario_label=dispersed,DRCT,idle_slots,26436.780000,9308.595449,40929.400000,2580.211018,50
scenario_label=dispersed,DRCT,total_energy_uj,29419506.165927,7257786.240112,41477998.243962,2011755.707780,50
scenario_label=dispersed,DRCT,energy_per_tag_uj,2941.950617,725.778624,4147.799825,201.175571,50
scenario_label=dispersed,DRCT,total_reader_tx_energy_uj,8285.593800,2070.297596,11764.583600,573.857216,50
scenario_label=dispersed,DRCT,total_tag_tx_energy_uj,1819.582690,43.733772,1876.156450,12.122383,50
scenario_label=dispersed,DRCT,total_listening_energy_uj,29409400.989437,7255707.539224,41464353.896462,2011179.521290,50
scenario_label=dispersed,DRCT,total_transmission_energy_uj,10105.176490,2080.850888,13644.347500,576.782439,50
scenario_label=dispersed,DRCT,total_bits,7781962.280000,1058810.296463,9617577.000000,293487.240723,50
scenario_label=dispersed,DRCT,avg_tag_bits,363.916538,8.746754,375.231290,2.424477,50
scenario_label=dispersed,DRCT,avg_reader_bits,414.279690,103.514880,588.229180,28.692861,50
scenario_label=dispersed,DRCT,avg_total_bits,778.196228,105.881030,961.757700,29.348724,50
scenario_label=dispersed,DRCT,avg_query_efficiency,0.294930,0.086865,0.488900,0.024078,50
scenario_label=dispersed,DRCT,peak_stack_depth,13.060000,0.511500,14.000000,0.141781,50
scenario_label=dispersed,DRCT,avg_tag_responses,88.626326,3.191284,92.585000,0.884579,50
scenario_label=dispersed,EAQ_CBB,total_protocol_time_ms,32262.238300,2669.216645,35444.875000,739.869106,50
scenario_label=dispersed,EAQ_CBB,throughput_tags_per_sec,312.141377,27.003472,365.732379,7.484981,50
scenario_label=dispersed,EAQ_CBB,system_efficiency,0.442834,0.041477,0.529811,0.011497,50
scenario_label=dispersed,EAQ_CBB,collision_slots,12767.040000,2025.952121,15085.300000,561.565278,50
scenario_label=dispersed,EAQ_CBB,idle_slots,0.000000,0.000000,0.000000,0.000000,50
scenario_label=dispersed,EAQ_CBB,total_energy_uj,16142311.678825,1336216.407660,17732797.601481,370380.291732,50
scenario_label=dispersed,EAQ_CBB,total_listening_energy_uj,16137273.112325,1335798.351075,17727262.080906,370264.412358,50
scenario_label=dispersed,EAQ_CBB,total_transmission_energy_uj,5038.566500,418.177649,5532.279700,115.912930,50
scenario_label=dispersed,EAQ_CBB,total_bits,3201781.480000,296105.843301,3544534.050000,82076.352301,50
scenario_label=dispersed,EAQ_CBB,avg_tag_bits,90.999764,12.754596,108.340420,3.535394,50
scenario_label=dispersed,EAQ_CBB,avg_reader_bits,229.178384,18.202093,251.339420,5.045363,50
scenario_label=dispersed,EAQ_CBB,avg_total_bits,320.178148,29.610584,354.453405,8.207635,50
scenario_label=dispersed,EAQ_CBB,avg_query_efficiency,0.805210,0.143241,1.126824,0.039704,50
scenario_label=dispersed,EAQ_CBB,peak_stack_depth,2455.840000,6.810436,2467.100000,1.887757,50
scenario_label=dispersed,EAQ_CBB,avg_tag_responses,5.036144,0.607340,5.705880,0.168346,50
scenario_label=dispersed,EMDT,total_protocol_time_ms,13711.498800,100.893025,13874.507000,27.966120,50
scenario_label=dispersed,EMDT,throughput_tags_per_sec,729.353567,5.366185,738.272062,1.487431,50
scenario_label=dispersed,EMDT,system_efficiency,0.500431,0.005374,0.509090,0.001490,50
scenario_label=dispersed,EMDT,collision_slots,5977.340000,102.386744,6138.400000,28.380157,50
scenario_label=dispersed,EMDT,idle_slots,4007.700000,126.512281,4229.050000,35.067415,50
scenario_label=dispersed,EMDT,total_energy_uj,6858576.486205,52271.811760,6941170.712562,14489.007004,50
scenario_label=dispersed,EMDT,total_listening_energy_uj,6857349.826685,52271.499542,6939947.895763,14488.920461,50
scenario_label=dispersed,EMDT,total_transmission_energy_uj,1226.659520,7.587670,1240.608400,2.103195,50
scenario_label=dispersed,EMDT,total_bits,1720763.920000,6457.038583,1731991.400000,1789.799781,50
scenario_label=dispersed,EMDT,avg_tag_bits,147.657888,0.384631,148.310640,0.106614,50
scenario_label=dispersed,EMDT,avg_reader_bits,24.418504,0.299861,24.943930,0.083117,50
scenario_label=dispersed,EMDT,avg_total_bits,172.076392,0.645704,173.199140,0.178980,50
scenario_label=dispersed,EMDT,avg_query_efficiency,1.673467,0.028705,1.721821,0.007957,50
scenario_label=dispersed,EMDT,peak_stack_depth,46.780000,1.619902,49.550000,0.449014,50
scenario_label=dispersed,EMDT,avg_tag_responses,5.320286,0.021086,5.353500,0.005845,50
scenario_label=dispersed,HT_EEAC,total_protocol_time_ms,79474.367100,1516.328530,81583.747875,420.304825,50
scenario_label=dispersed,HT_EEAC,throughput_tags_per_sec,125.871685,2.405061,129.523458,0.666649,50
scenario_label=dispersed,HT_EEAC,system_efficiency,0.061694,0.001264,0.063625,0.000350,50
scenario_label=dispersed,HT_EEAC,collision_slots,146223.880000,3315.130278,150837.300000,918.907231,50
scenario_label=dispersed,HT_EEAC,idle_slots,5931.680000,143.789449,6172.700000,39.856402,50
scenario_label=dispersed,HT_EEAC,total_energy_uj,46713533.750176,1044590.372963,48211362.957394,289545.679023,50
scenario_label=dispersed,HT_EEAC,total_listening_energy_uj,46704669.114496,1044421.763611,48202261.218794,289498.942896,50
scenario_label=dispersed,HT_EEAC,total_transmission_energy_uj,8864.635680,172.356865,9104.369400,47.774886,50
scenario_label=dispersed,HT_EEAC,total_bits,7027004.400000,125941.661551,7202232.300000,34909.247543,50
scenario_label=dispersed,HT_EEAC,avg_tag_bits,345.958208,5.304208,353.339680,1.470252,50
scenario_label=dispersed,HT_EEAC,avg_reader_bits,356.742232,7.292847,366.922160,2.021474,50
scenario_label=dispersed,HT_EEAC,avg_total_bits,702.700440,12.594166,720.223230,3.490925,50
scenario_label=dispersed,HT_EEAC,avg_query_efficiency,0.068423,0.001554,0.070760,0.000431,50
scenario_label=dispersed,HT_EEAC,avg_tag_responses,254.475840,10.783579,269.419570,2.989056,50
scenario_label=dispersed,LAPCT,total_protocol_time_ms,30360.683375,202.420502,30647.705000,56.108101,50
scenario_label=dispersed,LAPCT,throughput_tags_per_sec,329.387770,2.206987,333.348986,0.611746,50
scenario_label=dispersed,LAPCT,system_efficiency,0.498972,0.000015,0.498977,0.000004,50
scenario_label=dispersed,LAPCT,collision_slots,10041.200000,0.606092,10043.000000,0.168000,50
scenario_label=dispersed,LAPCT,idle_slots,0.000000,0.000000,0.000000,0.000000,50
scenario_label=dispersed,LAPCT,total_energy_uj,15194054.093485,101342.426475,15337861.656456,28090.687457,50
scenario_label=dispersed,LAPCT,total_listening_energy_uj,15188243.544425,101411.110479,15332254.916256,28109.725692,50
scenario_label=dispersed,LAPCT,total_transmission_energy_uj,5810.549060,118.753004,5990.785625,32.916653,50
scenario_label=dispersed,LAPCT,total_bits,4912363.120000,304836.477151,5408032.600000,84496.360537,50
scenario_label=dispersed,LAPCT,avg_tag_bits,267.611812,33.064721,321.161670,9.165073,50
scenario_label=dispersed,LAPCT,avg_reader_bits,223.624500,3.252015,228.252310,0.901413,50
scenario_label=dispersed,LAPCT,avg_total_bits,491.236312,30.483648,540.803260,8.449636,50
scenario_label=dispersed,LAPCT,avg_query_efficiency,0.995897,0.000060,0.995917,0.000017,50
scenario_label=dispersed,LAPCT,peak_stack_depth,17.700000,0.677631,19.000000,0.187830,50
scenario_label=dispersed,LAPCT,avg_tag_responses,11.574632,0.008271,11.585265,0.002293,50
scenario_label=dispersed,NLHQT(n=2),total_protocol_time_ms,9177.001925,15.431008,9202.133750,4.277257,50
scenario_label=dispersed,NLHQT(n=2),throughput_tags_per_sec,1089.683514,1.832334,1092.305450,0.507897,50
scenario_label=dispersed,NLHQT(n=2),system_efficiency,0.378257,0.000581,0.379174,0.000161,50
scenario_label=dispersed,NLHQT(n=2),collision_slots,16437.120000,40.640605,16506.550000,11.265001,50
scenario_label=dispersed,NLHQT(n=2),idle_slots,0.000000,0.000000,0.000000,0.000000,50
scenario_label=dispersed,NLHQT(n=2),total_energy_uj,4592575.960270,8545.265950,4606391.721087,2368.626876,50
scenario_label=dispersed,NLHQT(n=2),total_listening_energy_uj,4590982.774530,8540.987128,4604786.598987,2367.440847,50
scenario_label=dispersed,NLHQT(n=2),total_transmission_energy_uj,1593.185740,11.071911,1603.190600,3.068977,50
scenario_label=dispersed,NLHQT(n=2),total_bits,1383484.820000,21154.842866,1400356.300000,5863.823275,50
scenario_label=dispersed,NLHQT(n=2),avg_tag_bits,78.252260,2.092511,79.837770,0.580015,50
scenario_label=dispersed,NLHQT(n=2),avg_reader_bits,60.096222,0.107318,60.268700,0.029747,50
scenario_label=dispersed,NLHQT(n=2),avg_total_bits,138.348482,2.115484,140.035630,0.586382,50
scenario_label=dispersed,NLHQT(n=2),avg_query_efficiency,0.608383,0.001503,0.610756,0.000416,50
scenario_label=dispersed,NLHQT(n=2),peak_stack_depth,21.040000,0.754848,22.000000,0.209233,50
scenario_label=dispersed,NLHQT(n=2),avg_tag_responses,9.306426,0.006072,9.316485,0.001683,50
scenario_label=dispersed,SGCT,total_protocol_time_ms,6718.748900,343.727517,7173.207500,95.276407,50
scenario_label=dispersed,SGCT,throughput_tags_per_sec,1492.423139,80.970540,1679.864099,22.443889,50
scenario_label=dispersed,SGCT,system_efficiency,0.931232,0.007416,0.951113,0.002056,50
scenario_label=dispersed,SGCT,collision_slots,739.120000,83.975857,770.000000,23.276920,50
scenario_label=dispersed,SGCT,idle_slots,0.000000,0.000000,0.000000,0.000000,50
scenario_label=dispersed,SGCT,total_energy_uj,3390327.140085,172315.818260,3620656.907825,47763.507970,50
scenario_label=dispersed,SGCT,total_listening_energy_uj,3389274.574485,172276.041536,3619600.555425,47752.482425,50
scenario_label=dispersed,SGCT,total_transmission_energy_uj,1052.565600,47.719820,1110.286000,13.227259,50
scenario_label=dispersed,SGCT,total_bits,1175482.800000,80553.572479,1290143.000000,22328.311121,50
scenario_label=dispersed,SGCT,avg_tag_bits,86.560000,7.674926,98.000000,2.127381,50
scenario_label=dispersed,SGCT,avg_reader_bits,30.988280,0.828935,31.747740,0.229769,50
scenario_label=dispersed,SGCT,avg_total_bits,117.548280,8.055357,129.014300,2.232831,50
scenario_label=dispersed,SGCT,avg_query_efficiency,13.765904,2.122270,19.455253,0.588263,50
scenario_label=dispersed,SGCT,peak_stack_depth,256.000000,0.000000,256.000000,0.000000,50
scenario_label=dispersed,SGCT,progressive_probe_count,483.120000,83.975857,514.000000,23.276920,50
scenario_label=dispersed,SGCT,signature_grouping_trigger_count,257.000000,0.000000,257.000000,0.000000,50
scenario_label=dispersed,SGCT,local_short_id_trigger_count,257.000000,0.000000,257.000000,0.000000,50
scenario_label=dispersed,SGCT,signature_groups_pruned,55536.000000,0.000000,55536.000000,0.000000,50
scenario_label=dispersed,SGCT,sparse_signature_groups,10256.000000,0.000000,10256.000000,0.000000,50
scenario_label=dispersed,SGCT,signature_marker_bits,20000.000000,0.000000,20000.000000,0.000000,50
scenario_label=dispersed,SGCT,signature_marker_tag_bits,20000.000000,0.000000,20000.000000,0.000000,50
scenario_label=dispersed,SGCT,signature_non_idle_marker_count,10256.000000,0.000000,10256.000000,0.000000,50
scenario_label=dispersed,SGCT,signature_collision_groups,256.000000,0.000000,256.000000,0.000000,50
scenario_label=dispersed,SGCT,signature_singleton_groups,10000.000000,0.000000,10000.000000,0.000000,50
scenario_label=dispersed,SGCT,low_d_fallback_count,0.000000,0.000000,0.000000,0.000000,50
scenario_label=dispersed,SGCT,suffix_signature_trigger_count,0.000000,0.000000,0.000000,0.000000,50
scenario_label=dispersed,SGCT,hash_short_id_round_count,0.000000,0.000000,0.000000,0.000000,50
scenario_label=dispersed,SGCT,hash_short_id_split_count,0.000000,0.000000,0.000000,0.000000,50
scenario_label=dispersed,SGCT,hash_short_id_collision_groups,0.000000,0.000000,0.000000,0.000000,50
scenario_label=dispersed,SGCT,hash_short_id_singleton_groups,0.000000,0.000000,0.000000,0.000000,50
scenario_label=dispersed,SGCT,small_cluster_guard_count,0.000000,0.000000,0.000000,0.000000,50
scenario_label=dispersed,SGCT,max_signature_d,8.000000,0.000000,8.000000,0.000000,50
scenario_label=dispersed,SGCT,epc_verification_count,10000.000000,0.000000,10000.000000,0.000000,50
scenario_label=dispersed,SGCT,verify_fail_count,0.000000,0.000000,0.000000,0.000000,50
scenario_label=dispersed,SGCT,avg_tag_responses,5.720000,0.453557,6.000000,0.125720,50
scenario_label=prefix64,DQTA(k_max=3),total_protocol_time_ms,16091.059525,84.062559,16220.084625,23.300953,50
scenario_label=prefix64,DQTA(k_max=3),throughput_tags_per_sec,621.479709,3.240993,626.522912,0.898357,50
scenario_label=prefix64,DQTA(k_max=3),system_efficiency,0.330497,0.001785,0.333259,0.000495,50
scenario_label=prefix64,DQTA(k_max=3),collision_slots,9279.720000,56.060842,9367.200000,15.539272,50
scenario_label=prefix64,DQTA(k_max=3),idle_slots,10978.620000,143.164511,11234.650000,39.683178,50
scenario_label=prefix64,DQTA(k_max=3),total_energy_uj,8058833.652358,45586.108909,8134780.419262,12635.824721,50
scenario_label=prefix64,DQTA(k_max=3),total_listening_energy_uj,8055723.800727,45575.076599,8131642.875312,12632.766721,50
scenario_label=prefix64,DQTA(k_max=3),total_transmission_energy_uj,3109.851630,12.285594,3128.876100,3.405393,50
scenario_label=prefix64,DQTA(k_max=3),total_bits,3425112.780000,7462.435151,3436665.600000,2068.481492,50
scenario_label=prefix64,DQTA(k_max=3),avg_tag_bits,249.358262,0.195137,249.687270,0.054089,50
scenario_label=prefix64,DQTA(k_max=3),avg_reader_bits,93.153016,0.571850,94.039495,0.158509,50
scenario_label=prefix64,DQTA(k_max=3),avg_total_bits,342.511278,0.746244,343.666560,0.206848,50
scenario_label=prefix64,DQTA(k_max=3),avg_query_efficiency,1.077657,0.006500,1.087773,0.001802,50
scenario_label=prefix64,DQTA(k_max=3),peak_stack_depth,27.380000,0.779586,28.000000,0.216090,50
scenario_label=prefix64,DQTA(k_max=3),avg_tag_responses,5.165610,0.005732,5.174755,0.001589,50
scenario_label=prefix64,DRCT,total_protocol_time_ms,23136.997450,128.884466,23350.704187,35.724951,50
scenario_label=prefix64,DRCT,throughput_tags_per_sec,432.221346,2.408327,436.306200,0.667554,50
scenario_label=prefix64,DRCT,system_efficiency,0.345252,0.002017,0.348771,0.000559,50
scenario_label=prefix64,DRCT,collision_slots,14481.660000,84.563129,14624.650000,23.439704,50
scenario_label=prefix64,DRCT,idle_slots,4483.660000,84.563129,4626.650000,23.439704,50
scenario_label=prefix64,DRCT,total_energy_uj,11609090.590488,78303.843514,11740909.582456,21704.718067,50
scenario_label=prefix64,DRCT,energy_per_tag_uj,1160.909059,7.830384,1174.090958,2.170472,50
scenario_label=prefix64,DRCT,total_reader_tx_energy_uj,3095.756280,18.425870,3126.132700,5.107391,50
scenario_label=prefix64,DRCT,total_tag_tx_energy_uj,1667.667640,0.541699,1668.594825,0.150151,50
scenario_label=prefix64,DRCT,total_listening_energy_uj,11604327.166567,78287.996066,11736112.294231,21700.325378,50
scenario_label=prefix64,DRCT,total_transmission_energy_uj,4763.423920,18.778793,4794.322825,5.205216,50
scenario_label=prefix64,DRCT,total_bits,4883213.420000,9944.287514,4899446.600000,2756.415869,50
scenario_label=prefix64,DRCT,avg_tag_bits,333.533528,0.108340,333.718965,0.030030,50
scenario_label=prefix64,DRCT,avg_reader_bits,154.787814,0.921294,156.306635,0.255370,50
scenario_label=prefix64,DRCT,avg_total_bits,488.321342,0.994429,489.944660,0.275642,50
scenario_label=prefix64,DRCT,avg_query_efficiency,0.690552,0.004034,0.697592,0.001118,50
scenario_label=prefix64,DRCT,peak_stack_depth,13.120000,0.479796,14.000000,0.132993,50
scenario_label=prefix64,DRCT,avg_tag_responses,78.619114,0.017453,78.649785,0.004838,50
scenario_label=prefix64,EAQ_CBB,total_protocol_time_ms,27373.911100,75.518839,27508.107750,20.932754,50
scenario_label=prefix64,EAQ_CBB,throughput_tags_per_sec,365.314057,1.006946,366.767319,0.279111,50
scenario_label=prefix64,EAQ_CBB,system_efficiency,0.545842,0.001566,0.548065,0.000434,50
scenario_label=prefix64,EAQ_CBB,collision_slots,8320.480000,52.598689,8413.100000,14.579613,50
scenario_label=prefix64,EAQ_CBB,idle_slots,0.000000,0.000000,0.000000,0.000000,50
scenario_label=prefix64,EAQ_CBB,total_energy_uj,13697713.571623,45103.704511,13767814.464706,12502.109044,50
scenario_label=prefix64,EAQ_CBB,total_listening_energy_uj,13693465.754813,45093.820779,13763546.320206,12499.369413,50
scenario_label=prefix64,EAQ_CBB,total_transmission_energy_uj,4247.816810,11.446499,4268.214250,3.172808,50
scenario_label=prefix64,EAQ_CBB,total_bits,2510317.780000,7053.373584,2522859.550000,1955.095410,50
scenario_label=prefix64,EAQ_CBB,avg_tag_bits,51.521250,0.195622,51.782635,0.054224,50
scenario_label=prefix64,EAQ_CBB,avg_reader_bits,199.510528,0.529598,200.456200,0.146797,50
scenario_label=prefix64,EAQ_CBB,avg_total_bits,251.031778,0.705337,252.285955,0.195510,50
scenario_label=prefix64,EAQ_CBB,avg_query_efficiency,1.201901,0.007583,1.212709,0.002102,50
scenario_label=prefix64,EAQ_CBB,peak_stack_depth,2457.740000,6.648032,2468.550000,1.842740,50
scenario_label=prefix64,EAQ_CBB,avg_tag_responses,3.790880,0.012433,3.809150,0.003446,50
scenario_label=prefix64,EMDT,total_protocol_time_ms,13688.148300,104.543464,13838.736375,28.977970,50
scenario_label=prefix64,EMDT,throughput_tags_per_sec,730.600821,5.587191,739.788109,1.548690,50
scenario_label=prefix64,EMDT,system_efficiency,0.501971,0.005236,0.510198,0.001451,50
scenario_label=prefix64,EMDT,collision_slots,5953.640000,105.665966,6114.100000,29.289111,50
scenario_label=prefix64,EMDT,idle_slots,3969.960000,120.163148,4122.300000,33.307525,50
scenario_label=prefix64,EMDT,total_energy_uj,6844176.241270,57771.046424,6932573.199950,16013.317084,50
scenario_label=prefix64,EMDT,total_listening_energy_uj,6842948.760870,57769.178309,6931344.122750,16012.799268,50
scenario_label=prefix64,EMDT,total_transmission_energy_uj,1227.480400,6.436942,1237.853200,1.784229,50
scenario_label=prefix64,EMDT,total_bits,1721749.640000,5038.110104,1729948.400000,1396.492873,50
scenario_label=prefix64,EMDT,avg_tag_bits,147.734592,0.283801,148.212560,0.078666,50
scenario_label=prefix64,EMDT,avg_reader_bits,24.440372,0.271369,24.885960,0.075220,50
scenario_label=prefix64,EMDT,avg_total_bits,172.174964,0.503811,172.994840,0.139649,50
scenario_label=prefix64,EMDT,avg_query_efficiency,1.680166,0.029954,1.729889,0.008303,50
scenario_label=prefix64,EMDT,peak_stack_depth,46.580000,1.458123,49.000000,0.404171,50
scenario_label=prefix64,EMDT,avg_tag_responses,5.315858,0.022301,5.347900,0.006182,50
scenario_label=prefix64,HT_EEAC,total_protocol_time_ms,79673.867550,1593.709581,82266.246000,441.753758,50
scenario_label=prefix64,HT_EEAC,throughput_tags_per_sec,125.560952,2.514891,129.577546,0.697092,50
scenario_label=prefix64,HT_EEAC,system_efficiency,0.061532,0.001317,0.063630,0.000365,50
scenario_label=prefix64,HT_EEAC,collision_slots,146662.440000,3506.267806,152345.550000,971.887851,50
scenario_label=prefix64,HT_EEAC,idle_slots,5928.300000,139.108569,6137.550000,38.558928,50
scenario_label=prefix64,HT_EEAC,total_energy_uj,46881305.619879,1035430.821319,48628607.752043,287006.780840,50
scenario_label=prefix64,HT_EEAC,total_listening_energy_uj,46872418.327799,1035253.031717,48619425.934843,286957.500077,50
scenario_label=prefix64,HT_EEAC,total_transmission_energy_uj,8887.292080,180.981653,9181.817200,50.165555,50
scenario_label=prefix64,HT_EEAC,total_bits,7043595.320000,132550.521464,7259055.200000,36741.130050,50
scenario_label=prefix64,HT_EEAC,avg_tag_bits,346.659904,5.610028,355.752880,1.555021,50
scenario_label=prefix64,HT_EEAC,avg_reader_bits,357.699628,7.647472,370.152640,2.119771,50
scenario_label=prefix64,HT_EEAC,avg_total_bits,704.359532,13.255052,725.905520,3.674113,50
scenario_label=prefix64,HT_EEAC,avg_query_efficiency,0.068222,0.001635,0.070870,0.000453,50
scenario_label=prefix64,HT_EEAC,avg_tag_responses,256.240650,12.440162,275.095920,3.448237,50
scenario_label=prefix64,LAPCT,total_protocol_time_ms,29867.624600,1.190287,29869.167188,0.329931,50
scenario_label=prefix64,LAPCT,throughput_tags_per_sec,334.810690,0.013343,334.836936,0.003699,50
scenario_label=prefix64,LAPCT,system_efficiency,0.498968,0.000022,0.498977,0.000006,50
scenario_label=prefix64,LAPCT,collision_slots,10041.360000,0.875051,10043.000000,0.242552,50
scenario_label=prefix64,LAPCT,idle_slots,0.000000,0.000000,0.000000,0.000000,50
scenario_label=prefix64,LAPCT,total_energy_uj,14947227.200952,863.284545,14948299.480612,239.290268,50
scenario_label=prefix64,LAPCT,total_listening_energy_uj,14941606.127672,862.145300,14942677.907738,238.974485,50
scenario_label=prefix64,LAPCT,total_transmission_energy_uj,5621.073280,1.513711,5622.370550,0.419579,50
scenario_label=prefix64,LAPCT,total_bits,4768578.560000,2715.972004,4770880.650000,752.829031,50
scenario_label=prefix64,LAPCT,avg_tag_bits,261.072256,0.261897,261.299000,0.072594,50
scenario_label=prefix64,LAPCT,avg_reader_bits,215.785600,0.014035,215.807675,0.003890,50
scenario_label=prefix64,LAPCT,avg_total_bits,476.857856,0.271597,477.088065,0.075283,50
scenario_label=prefix64,LAPCT,avg_query_efficiency,0.995881,0.000087,0.995917,0.000024,50
scenario_label=prefix64,LAPCT,peak_stack_depth,17.760000,0.624663,19.000000,0.173148,50
scenario_label=prefix64,LAPCT,avg_tag_responses,11.617232,0.011459,11.628465,0.003176,50
scenario_label=prefix64,NLHQT(n=2),total_protocol_time_ms,11547.214950,31.851995,11599.115500,8.828923,50
scenario_label=prefix64,NLHQT(n=2),throughput_tags_per_sec,866.016145,2.388990,870.026905,0.662194,50
scenario_label=prefix64,NLHQT(n=2),system_efficiency,0.354519,0.001002,0.356061,0.000278,50
scenario_label=prefix64,NLHQT(n=2),collision_slots,18207.480000,79.728683,18338.100000,22.099663,50
scenario_label=prefix64,NLHQT(n=2),idle_slots,0.000000,0.000000,0.000000,0.000000,50
scenario_label=prefix64,NLHQT(n=2),total_energy_uj,5777058.692835,18807.407143,5803248.513312,5213.147290,50
scenario_label=prefix64,NLHQT(n=2),total_listening_energy_uj,5775341.128155,18804.000556,5801525.409962,5212.203032,50
scenario_label=prefix64,NLHQT(n=2),total_transmission_energy_uj,1717.564680,4.015880,1724.063300,1.113145,50
scenario_label=prefix64,NLHQT(n=2),total_bits,1467185.160000,2137.541563,1470662.500000,592.496293,50
scenario_label=prefix64,NLHQT(n=2),avg_tag_bits,81.120376,0.018137,81.152670,0.005027,50
scenario_label=prefix64,NLHQT(n=2),avg_reader_bits,65.598140,0.196493,65.915470,0.054465,50
scenario_label=prefix64,NLHQT(n=2),avg_total_bits,146.718516,0.213754,147.066250,0.059250,50
scenario_label=prefix64,NLHQT(n=2),avg_query_efficiency,0.549235,0.002404,0.552943,0.000666,50
scenario_label=prefix64,NLHQT(n=2),peak_stack_depth,21.220000,0.736511,22.000000,0.204151,50
scenario_label=prefix64,NLHQT(n=2),avg_tag_responses,9.560196,0.009071,9.576335,0.002514,50
scenario_label=prefix64,SGCT,total_protocol_time_ms,8735.725925,66.478452,8835.976500,18.426887,50
scenario_label=prefix64,SGCT,throughput_tags_per_sec,1144.789421,8.697594,1157.404160,2.410850,50
scenario_label=prefix64,SGCT,system_efficiency,0.841256,0.002788,0.845251,0.000773,50
scenario_label=prefix64,SGCT,collision_slots,1887.120000,39.425279,1949.000000,10.928130,50
scenario_label=prefix64,SGCT,idle_slots,0.000000,0.000000,0.000000,0.000000,50
scenario_label=prefix64,SGCT,total_energy_uj,4399537.617108,44888.606262,4468596.771750,12442.486851,50
scenario_label=prefix64,SGCT,total_listening_energy_uj,4398294.588708,44880.124625,4467337.073575,12440.135862,50
scenario_label=prefix64,SGCT,total_transmission_energy_uj,1243.028400,9.779183,1257.772575,2.710651,50
scenario_label=prefix64,SGCT,total_bits,1132482.840000,5363.362654,1140495.750000,1486.648280,50
scenario_label=prefix64,SGCT,avg_tag_bits,68.129152,0.065275,68.222350,0.018093,50
scenario_label=prefix64,SGCT,avg_reader_bits,45.119132,0.473238,45.834980,0.131175,50
scenario_label=prefix64,SGCT,avg_total_bits,113.248284,0.536336,114.049575,0.148665,50
scenario_label=prefix64,SGCT,avg_query_efficiency,5.301338,0.110284,5.462100,0.030569,50
scenario_label=prefix64,SGCT,peak_stack_depth,258.520000,1.373807,261.000000,0.380800,50
scenario_label=prefix64,SGCT,progressive_probe_count,944.060000,19.712640,975.000000,5.464065,50
scenario_label=prefix64,SGCT,signature_grouping_trigger_count,937.020000,19.275119,965.100000,5.342790,50
scenario_label=prefix64,SGCT,local_short_id_trigger_count,257.000000,0.000000,257.000000,0.000000,50
scenario_label=prefix64,SGCT,signature_groups_pruned,65743.340000,289.388349,66165.600000,80.214358,50
scenario_label=prefix64,SGCT,sparse_signature_groups,10928.980000,19.219983,10957.100000,5.327508,50
scenario_label=prefix64,SGCT,signature_marker_bits,21395.960000,40.886583,21453.100000,11.333183,50
scenario_label=prefix64,SGCT,signature_marker_tag_bits,21395.960000,40.886583,21453.100000,11.333183,50
scenario_label=prefix64,SGCT,signature_non_idle_marker_count,10928.980000,19.219983,10957.100000,5.327508,50
scenario_label=prefix64,SGCT,signature_collision_groups,943.060000,19.712640,974.000000,5.464065,50
scenario_label=prefix64,SGCT,signature_singleton_groups,9985.920000,5.465439,9994.000000,1.514942,50
scenario_label=prefix64,SGCT,low_d_fallback_count,7.040000,2.732719,11.550000,0.757471,50
scenario_label=prefix64,SGCT,suffix_signature_trigger_count,0.000000,0.000000,0.000000,0.000000,50
scenario_label=prefix64,SGCT,hash_short_id_round_count,0.000000,0.000000,0.000000,0.000000,50
scenario_label=prefix64,SGCT,hash_short_id_split_count,0.000000,0.000000,0.000000,0.000000,50
scenario_label=prefix64,SGCT,hash_short_id_collision_groups,0.000000,0.000000,0.000000,0.000000,50
scenario_label=prefix64,SGCT,hash_short_id_singleton_groups,0.000000,0.000000,0.000000,0.000000,50
scenario_label=prefix64,SGCT,small_cluster_guard_count,0.000000,0.000000,0.000000,0.000000,50
scenario_label=prefix64,SGCT,max_signature_d,8.000000,0.000000,8.000000,0.000000,50
scenario_label=prefix64,SGCT,epc_verification_count,10000.000000,0.000000,10000.000000,0.000000,50
scenario_label=prefix64,SGCT,verify_fail_count,0.000000,0.000000,0.000000,0.000000,50
scenario_label=prefix64,SGCT,avg_tag_responses,4.282008,0.008378,4.295280,0.002322,50
scenario_label=prefix72,DQTA(k_max=3),total_protocol_time_ms,16038.342525,72.780268,16142.896500,20.173661,50
scenario_label=prefix72,DQTA(k_max=3),throughput_tags_per_sec,623.518433,2.834969,627.974376,0.785813,50
scenario_label=prefix72,DQTA(k_max=3),system_efficiency,0.330915,0.001836,0.334012,0.000509,50
scenario_label=prefix72,DQTA(k_max=3),collision_slots,9269.720000,46.280000,9333.200000,12.828161,50
scenario_label=prefix72,DQTA(k_max=3),idle_slots,10950.440000,150.512073,11198.300000,41.719818,50
scenario_label=prefix72,DQTA(k_max=3),total_energy_uj,8039172.657290,45070.012936,8104005.065944,12492.770216,50
scenario_label=prefix72,DQTA(k_max=3),total_listening_energy_uj,8036329.895340,45061.351001,8101143.905469,12490.369250,50
scenario_label=prefix72,DQTA(k_max=3),total_transmission_energy_uj,2842.761950,10.596152,2857.652675,2.937103,50
scenario_label=prefix72,DQTA(k_max=3),total_bits,2671578.580000,5774.543767,2679793.450000,1600.621870,50
scenario_label=prefix72,DQTA(k_max=3),avg_tag_bits,166.693014,0.081519,166.824710,0.022596,50
scenario_label=prefix72,DQTA(k_max=3),avg_reader_bits,100.464844,0.514560,101.183730,0.142629,50
scenario_label=prefix72,DQTA(k_max=3),avg_total_bits,267.157858,0.577454,267.979345,0.160062,50
scenario_label=prefix72,DQTA(k_max=3),avg_query_efficiency,1.078808,0.005398,1.086722,0.001496,50
scenario_label=prefix72,DQTA(k_max=3),peak_stack_depth,27.340000,0.823383,29.000000,0.228230,50
scenario_label=prefix72,DQTA(k_max=3),avg_tag_responses,5.164404,0.005421,5.174145,0.001503,50
scenario_label=prefix72,DRCT,total_protocol_time_ms,24029.592050,155.161902,24254.720375,43.008685,50
scenario_label=prefix72,DRCT,throughput_tags_per_sec,416.170567,2.689558,420.601731,0.745507,50
scenario_label=prefix72,DRCT,system_efficiency,0.345690,0.002283,0.349466,0.000633,50
scenario_label=prefix72,DRCT,collision_slots,14463.440000,95.450417,14602.300000,26.457506,50
scenario_label=prefix72,DRCT,idle_slots,4465.440000,95.450417,4604.300000,26.457506,50
scenario_label=prefix72,DRCT,total_energy_uj,12063452.737545,85073.243074,12186320.985300,23581.099894,50
scenario_label=prefix72,DRCT,energy_per_tag_uj,1206.345274,8.507324,1218.632099,2.358110,50
scenario_label=prefix72,DRCT,total_reader_tx_energy_uj,3322.602880,22.403564,3355.088200,6.209951,50
scenario_label=prefix72,DRCT,total_tag_tx_energy_uj,1783.775050,0.401371,1784.483200,0.111254,50
scenario_label=prefix72,DRCT,total_listening_energy_uj,12058346.359615,85052.475567,12181188.263650,23575.343434,50
scenario_label=prefix72,DRCT,total_transmission_energy_uj,5106.377930,22.759400,5139.414700,6.308584,50
scenario_label=prefix72,DRCT,total_bits,5228851.540000,11917.795004,5246197.100000,3303.444236,50
scenario_label=prefix72,DRCT,avg_tag_bits,356.755010,0.080274,356.896640,0.022251,50
scenario_label=prefix72,DRCT,avg_reader_bits,166.130144,1.120178,167.754410,0.310498,50
scenario_label=prefix72,DRCT,avg_total_bits,522.885154,1.191780,524.619710,0.330344,50
scenario_label=prefix72,DRCT,avg_query_efficiency,0.691428,0.004567,0.698982,0.001266,50
scenario_label=prefix72,DRCT,peak_stack_depth,13.060000,0.469911,14.000000,0.130253,50
scenario_label=prefix72,DRCT,avg_tag_responses,86.613986,0.022418,86.650035,0.006214,50
scenario_label=prefix72,EAQ_CBB,total_protocol_time_ms,27955.137850,91.893155,28110.537875,25.471483,50
scenario_label=prefix72,EAQ_CBB,throughput_tags_per_sec,357.719785,1.175912,359.408373,0.325946,50
scenario_label=prefix72,EAQ_CBB,system_efficiency,0.546697,0.001833,0.549342,0.000508,50
scenario_label=prefix72,EAQ_CBB,collision_slots,8291.880000,61.343343,8394.300000,17.003507,50
scenario_label=prefix72,EAQ_CBB,idle_slots,0.000000,0.000000,0.000000,0.000000,50
scenario_label=prefix72,EAQ_CBB,total_energy_uj,13985084.131115,55297.116087,14075641.370506,15327.578580,50
scenario_label=prefix72,EAQ_CBB,total_listening_energy_uj,13980765.517405,55285.148611,14071297.148856,15324.261365,50
scenario_label=prefix72,EAQ_CBB,total_transmission_energy_uj,4318.613710,13.677349,4341.609250,3.791168,50
scenario_label=prefix72,EAQ_CBB,total_bits,2461393.580000,7581.143899,2473792.100000,2101.385878,50
scenario_label=prefix72,EAQ_CBB,avg_tag_bits,40.278230,0.120464,40.503115,0.033391,50
scenario_label=prefix72,EAQ_CBB,avg_reader_bits,205.861128,0.660011,206.977360,0.182946,50
scenario_label=prefix72,EAQ_CBB,avg_total_bits,246.139358,0.758114,247.379210,0.210139,50
scenario_label=prefix72,EAQ_CBB,avg_query_efficiency,1.206064,0.008924,1.218977,0.002474,50
scenario_label=prefix72,EAQ_CBB,peak_stack_depth,2458.140000,7.858467,2470.100000,2.178256,50
scenario_label=prefix72,EAQ_CBB,avg_tag_responses,3.784252,0.011194,3.802360,0.003103,50
scenario_label=prefix72,EMDT,total_protocol_time_ms,13678.685050,127.703133,13874.989750,35.397503,50
scenario_label=prefix72,EMDT,throughput_tags_per_sec,731.126827,6.821286,741.917530,1.890764,50
scenario_label=prefix72,EMDT,system_efficiency,0.502346,0.006979,0.513607,0.001934,50
scenario_label=prefix72,EMDT,collision_slots,5943.740000,130.976834,6144.800000,36.304926,50
scenario_label=prefix72,EMDT,idle_slots,3966.640000,162.917127,4240.750000,45.158324,50
scenario_label=prefix72,EMDT,total_energy_uj,6838831.905250,76874.467380,6966033.534050,21308.515216,50
scenario_label=prefix72,EMDT,total_listening_energy_uj,6837604.493330,76875.482424,6964810.183250,21308.796572,50
scenario_label=prefix72,EMDT,total_transmission_energy_uj,1227.411920,8.823690,1242.250000,2.445802,50
scenario_label=prefix72,EMDT,total_bits,1721847.640000,7794.796492,1734716.900000,2160.607355,50
scenario_label=prefix72,EMDT,avg_tag_bits,147.752224,0.485046,148.500880,0.134448,50
scenario_label=prefix72,EMDT,avg_reader_bits,24.432540,0.340313,25.003440,0.094330,50
scenario_label=prefix72,EMDT,avg_total_bits,172.184764,0.779480,173.471690,0.216061,50
scenario_label=prefix72,EMDT,avg_query_efficiency,1.683242,0.037044,1.742197,0.010268,50
scenario_label=prefix72,EMDT,peak_stack_depth,47.120000,1.222911,49.000000,0.338974,50
scenario_label=prefix72,EMDT,avg_tag_responses,5.315006,0.026214,5.359095,0.007266,50
scenario_label=prefix72,HT_EEAC,total_protocol_time_ms,79077.557400,1420.073454,81084.500250,393.624279,50
scenario_label=prefix72,HT_EEAC,throughput_tags_per_sec,126.498374,2.287369,130.726048,0.634026,50
scenario_label=prefix72,HT_EEAC,system_efficiency,0.062024,0.001201,0.064256,0.000333,50
scenario_label=prefix72,HT_EEAC,collision_slots,145364.120000,3114.850576,149731.700000,863.392530,50
scenario_label=prefix72,HT_EEAC,idle_slots,5921.400000,139.287546,6156.550000,38.608538,50
scenario_label=prefix72,HT_EEAC,total_energy_uj,46488640.090844,1007437.162870,47846425.964285,279247.334598,50
scenario_label=prefix72,HT_EEAC,total_listening_energy_uj,46479820.615004,1007280.444367,47837424.749285,279203.894445,50
scenario_label=prefix72,HT_EEAC,total_transmission_energy_uj,8819.475840,161.338953,9047.734000,44.720876,50
scenario_label=prefix72,HT_EEAC,total_bits,6994107.360000,118029.521371,7160647.400000,32716.114177,50
scenario_label=prefix72,HT_EEAC,avg_tag_bits,344.582592,4.983761,351.570720,1.381428,50
scenario_label=prefix72,HT_EEAC,avg_reader_bits,354.828144,6.822055,364.494020,1.890977,50
scenario_label=prefix72,HT_EEAC,avg_total_bits,699.410736,11.802952,716.064740,3.271611,50
scenario_label=prefix72,HT_EEAC,avg_query_efficiency,0.068824,0.001488,0.071550,0.000412,50
scenario_label=prefix72,HT_EEAC,avg_tag_responses,250.596048,12.000689,267.416925,3.326421,50
scenario_label=prefix72,LAPCT,total_protocol_time_ms,30362.122975,1.274790,30363.781250,0.353354,50
scenario_label=prefix72,LAPCT,throughput_tags_per_sec,329.357734,0.013829,329.386480,0.003833,50
scenario_label=prefix72,LAPCT,system_efficiency,0.498968,0.000019,0.498977,0.000005,50
scenario_label=prefix72,LAPCT,collision_slots,10041.360000,0.776176,10043.000000,0.215145,50
scenario_label=prefix72,LAPCT,idle_slots,0.000000,0.000000,0.000000,0.000000,50
scenario_label=prefix72,LAPCT,total_energy_uj,15194340.215153,768.838805,15195320.944294,213.111244,50
scenario_label=prefix72,LAPCT,total_listening_energy_uj,15188984.524682,768.290348,15189964.438719,212.959220,50
scenario_label=prefix72,LAPCT,total_transmission_energy_uj,5355.690470,0.859047,5356.664575,0.238116,50
scenario_label=prefix72,LAPCT,total_bits,3998928.760000,1409.330230,4000522.100000,390.646409,50
scenario_label=prefix72,LAPCT,avg_tag_bits,176.144470,0.133052,176.295880,0.036880,50
scenario_label=prefix72,LAPCT,avg_reader_bits,223.748406,0.016276,223.771900,0.004511,50
scenario_label=prefix72,LAPCT,avg_total_bits,399.892876,0.140933,400.052210,0.039065,50
scenario_label=prefix72,LAPCT,avg_query_efficiency,0.995881,0.000077,0.995917,0.000021,50
scenario_label=prefix72,LAPCT,peak_stack_depth,17.800000,0.638877,19.000000,0.177088,50
scenario_label=prefix72,LAPCT,avg_tag_responses,11.617690,0.009128,11.630375,0.002530,50
scenario_label=prefix72,NLHQT(n=2),total_protocol_time_ms,10682.222750,32.905631,10724.755125,9.120976,50
scenario_label=prefix72,NLHQT(n=2),throughput_tags_per_sec,936.143474,2.887513,941.402465,0.800378,50
scenario_label=prefix72,NLHQT(n=2),system_efficiency,0.354668,0.001048,0.356578,0.000291,50
scenario_label=prefix72,NLHQT(n=2),collision_slots,18195.640000,83.220818,18306.200000,23.067634,50
scenario_label=prefix72,NLHQT(n=2),idle_slots,0.000000,0.000000,0.000000,0.000000,50
scenario_label=prefix72,NLHQT(n=2),total_energy_uj,5345669.289845,18255.431377,5371057.477850,5060.147413,50
scenario_label=prefix72,NLHQT(n=2),total_listening_energy_uj,5344032.539625,18251.435041,5369415.078000,5059.039686,50
scenario_label=prefix72,NLHQT(n=2),total_transmission_energy_uj,1636.750220,4.482670,1642.608900,1.242533,50
scenario_label=prefix72,NLHQT(n=2),total_bits,1306725.280000,2394.533903,1309874.800000,663.730935,50
scenario_label=prefix72,NLHQT(n=2),avg_tag_bits,65.113356,0.021603,65.148220,0.005988,50
scenario_label=prefix72,NLHQT(n=2),avg_reader_bits,65.559172,0.219055,65.844820,0.060719,50
scenario_label=prefix72,NLHQT(n=2),avg_total_bits,130.672528,0.239453,130.987480,0.066373,50
scenario_label=prefix72,NLHQT(n=2),avg_query_efficiency,0.549594,0.002520,0.554190,0.000698,50
scenario_label=prefix72,NLHQT(n=2),peak_stack_depth,20.940000,0.793082,22.000000,0.219831,50
scenario_label=prefix72,NLHQT(n=2),avg_tag_responses,9.558538,0.011015,9.575830,0.003053,50
scenario_label=prefix72,SGCT,total_protocol_time_ms,8042.206925,79.919201,8164.161938,22.152472,50
scenario_label=prefix72,SGCT,throughput_tags_per_sec,1243.559878,12.333573,1264.900059,3.418692,50
scenario_label=prefix72,SGCT,system_efficiency,0.840885,0.003496,0.846812,0.000969,50
scenario_label=prefix72,SGCT,collision_slots,1892.440000,49.449277,1972.500000,13.706640,50
scenario_label=prefix72,SGCT,idle_slots,0.000000,0.000000,0.000000,0.000000,50
scenario_label=prefix72,SGCT,total_energy_uj,4047465.206077,45531.016521,4101144.958837,12620.553890,50
scenario_label=prefix72,SGCT,total_listening_energy_uj,4046286.914028,45520.275008,4099953.151187,12617.576495,50
scenario_label=prefix72,SGCT,total_transmission_energy_uj,1178.292050,11.818770,1196.373875,3.275996,50
scenario_label=prefix72,SGCT,total_bits,1031380.060000,6165.090076,1040702.800000,1708.875784,50
scenario_label=prefix72,SGCT,avg_tag_bits,58.964538,0.036621,59.017685,0.010151,50
scenario_label=prefix72,SGCT,avg_reader_bits,44.173468,0.582453,45.068165,0.161448,50
scenario_label=prefix72,SGCT,avg_total_bits,103.138006,0.616509,104.070280,0.170888,50
scenario_label=prefix72,SGCT,avg_query_efficiency,5.287724,0.138335,5.527916,0.038344,50
scenario_label=prefix72,SGCT,peak_stack_depth,258.620000,1.469277,261.000000,0.407263,50
scenario_label=prefix72,SGCT,progressive_probe_count,946.720000,24.724639,986.750000,6.853320,50
scenario_label=prefix72,SGCT,signature_grouping_trigger_count,708.000000,21.958216,738.300000,6.086507,50
scenario_label=prefix72,SGCT,local_short_id_trigger_count,257.000000,0.000000,257.000000,0.000000,50
scenario_label=prefix72,SGCT,signature_groups_pruned,62540.640000,328.077937,62994.550000,90.938565,50
scenario_label=prefix72,SGCT,sparse_signature_groups,10467.360000,27.680952,10516.750000,7.672768,50
scenario_label=prefix72,SGCT,signature_marker_bits,20935.060000,45.507752,21002.050000,12.614105,50
scenario_label=prefix72,SGCT,signature_marker_tag_bits,20935.060000,45.507752,21002.050000,12.614105,50
scenario_label=prefix72,SGCT,signature_non_idle_marker_count,10467.360000,27.680952,10516.750000,7.672768,50
scenario_label=prefix72,SGCT,signature_collision_groups,945.720000,24.724639,985.750000,6.853320,50
scenario_label=prefix72,SGCT,signature_singleton_groups,9521.640000,29.127979,9566.650000,8.073864,50
scenario_label=prefix72,SGCT,low_d_fallback_count,238.720000,14.546253,260.100000,4.032016,50
scenario_label=prefix72,SGCT,suffix_signature_trigger_count,0.000000,0.000000,0.000000,0.000000,50
scenario_label=prefix72,SGCT,hash_short_id_round_count,0.000000,0.000000,0.000000,0.000000,50
scenario_label=prefix72,SGCT,hash_short_id_split_count,0.000000,0.000000,0.000000,0.000000,50
scenario_label=prefix72,SGCT,hash_short_id_collision_groups,0.000000,0.000000,0.000000,0.000000,50
scenario_label=prefix72,SGCT,hash_short_id_singleton_groups,0.000000,0.000000,0.000000,0.000000,50
scenario_label=prefix72,SGCT,small_cluster_guard_count,0.000000,0.000000,0.000000,0.000000,50
scenario_label=prefix72,SGCT,max_signature_d,8.000000,0.000000,8.000000,0.000000,50
scenario_label=prefix72,SGCT,epc_verification_count,10000.000000,0.000000,10000.000000,0.000000,50
scenario_label=prefix72,SGCT,verify_fail_count,0.000000,0.000000,0.000000,0.000000,50
scenario_label=prefix72,SGCT,avg_tag_responses,4.282684,0.010352,4.298480,0.002869,50
scenario_label=prefix80,DQTA(k_max=3),total_protocol_time_ms,14764.105475,69.549012,14868.852563,19.278003,50
scenario_label=prefix80,DQTA(k_max=3),throughput_tags_per_sec,677.333101,3.188879,681.921239,0.883912,50
scenario_label=prefix80,DQTA(k_max=3),system_efficiency,0.367705,0.001651,0.370316,0.000458,50
scenario_label=prefix80,DQTA(k_max=3),collision_slots,8570.880000,43.868840,8636.300000,12.159822,50
scenario_label=prefix80,DQTA(k_max=3),idle_slots,8625.400000,108.875701,8783.450000,30.178805,50
scenario_label=prefix80,DQTA(k_max=3),total_energy_uj,7396119.247525,42464.406925,7453995.725131,11770.533078,50
scenario_label=prefix80,DQTA(k_max=3),total_listening_energy_uj,7393710.653945,42456.481019,7451576.908531,11768.336128,50
scenario_label=prefix80,DQTA(k_max=3),total_transmission_energy_uj,2408.593580,10.341735,2423.886125,2.866583,50
scenario_label=prefix80,DQTA(k_max=3),total_bits,1840377.220000,5250.241037,1848301.600000,1455.292568,50
scenario_label=prefix80,DQTA(k_max=3),avg_tag_bits,84.810724,0.019461,84.839135,0.005394,50
scenario_label=prefix80,DQTA(k_max=3),avg_reader_bits,99.226998,0.514506,99.982355,0.142614,50
scenario_label=prefix80,DQTA(k_max=3),avg_total_bits,184.037722,0.525024,184.830160,0.145529,50
scenario_label=prefix80,DQTA(k_max=3),avg_query_efficiency,1.166771,0.005972,1.175891,0.001655,50
scenario_label=prefix80,DQTA(k_max=3),peak_stack_depth,27.460000,0.813408,29.000000,0.225465,50
scenario_label=prefix80,DQTA(k_max=3),avg_tag_responses,5.064832,0.004097,5.071155,0.001136,50
scenario_label=prefix80,DRCT,total_protocol_time_ms,21802.186950,71.608719,21895.427812,19.848924,50
scenario_label=prefix80,DRCT,throughput_tags_per_sec,458.674439,1.508494,461.272310,0.418133,50
scenario_label=prefix80,DRCT,system_efficiency,0.397943,0.001336,0.400245,0.000370,50
scenario_label=prefix80,DRCT,collision_slots,12563.760000,42.126418,12619.000000,11.676847,50
scenario_label=prefix80,DRCT,idle_slots,2565.760000,42.126418,2621.000000,11.676847,50
scenario_label=prefix80,DRCT,total_energy_uj,10949737.036803,48187.944402,11015454.410575,13357.016725,50
scenario_label=prefix80,DRCT,energy_per_tag_uj,1094.973704,4.818794,1101.545441,1.335702,50
scenario_label=prefix80,DRCT,total_reader_tx_energy_uj,3075.008800,10.322728,3088.477300,2.861314,50
scenario_label=prefix80,DRCT,total_tag_tx_energy_uj,1893.125330,0.156422,1893.358625,0.043358,50
scenario_label=prefix80,DRCT,total_listening_energy_uj,10944768.902673,48179.090711,11010475.765400,13354.562607,50
scenario_label=prefix80,DRCT,total_transmission_energy_uj,4968.134130,10.441870,4981.689425,2.894339,50
scenario_label=prefix80,DRCT,total_bits,5323755.060000,5402.500579,5330662.900000,1497.496760,50
scenario_label=prefix80,DRCT,avg_tag_bits,378.625066,0.031284,378.671725,0.008672,50
scenario_label=prefix80,DRCT,avg_reader_bits,153.750440,0.516136,154.423865,0.143066,50
scenario_label=prefix80,DRCT,avg_total_bits,532.375506,0.540250,533.066290,0.149750,50
scenario_label=prefix80,DRCT,avg_query_efficiency,0.795949,0.002672,0.800554,0.000741,50
scenario_label=prefix80,DRCT,peak_stack_depth,13.120000,0.593846,14.000000,0.164606,50
scenario_label=prefix80,DRCT,avg_tag_responses,94.140198,0.009599,94.155460,0.002661,50
scenario_label=prefix80,EAQ_CBB,total_protocol_time_ms,28610.459775,89.100191,28779.795438,24.697313,50
scenario_label=prefix80,EAQ_CBB,throughput_tags_per_sec,349.525843,1.088731,351.089563,0.301781,50
scenario_label=prefix80,EAQ_CBB,system_efficiency,0.546056,0.001689,0.548483,0.000468,50
scenario_label=prefix80,EAQ_CBB,collision_slots,8313.320000,56.635764,8421.100000,15.698633,50
scenario_label=prefix80,EAQ_CBB,idle_slots,0.000000,0.000000,0.000000,0.000000,50
scenario_label=prefix80,EAQ_CBB,total_energy_uj,14310662.271280,52681.444863,14404750.489262,14602.551507,50
scenario_label=prefix80,EAQ_CBB,total_listening_energy_uj,14306261.589510,52669.716717,14400327.946512,14599.300631,50
scenario_label=prefix80,EAQ_CBB,total_transmission_energy_uj,4400.681770,13.463991,4426.437800,3.732028,50
scenario_label=prefix80,EAQ_CBB,total_bits,2419227.020000,7319.846649,2433100.300000,2028.957975,50
scenario_label=prefix80,EAQ_CBB,avg_tag_bits,29.184818,0.095481,29.330080,0.026466,50
scenario_label=prefix80,EAQ_CBB,avg_reader_bits,212.737884,0.654173,213.992510,0.181327,50
scenario_label=prefix80,EAQ_CBB,avg_total_bits,241.922702,0.731985,243.310030,0.202896,50
scenario_label=prefix80,EAQ_CBB,avg_query_efficiency,1.202944,0.008199,1.214758,0.002273,50
scenario_label=prefix80,EAQ_CBB,peak_stack_depth,2456.520000,7.505753,2468.750000,2.080489,50
scenario_label=prefix80,EAQ_CBB,avg_tag_responses,3.789064,0.012362,3.812330,0.003427,50
scenario_label=prefix80,EMDT,total_protocol_time_ms,13683.013050,109.638760,13842.246875,30.390314,50
scenario_label=prefix80,EMDT,throughput_tags_per_sec,730.879409,5.886931,742.399695,1.631774,50
scenario_label=prefix80,EMDT,system_efficiency,0.502477,0.005721,0.512640,0.001586,50
scenario_label=prefix80,EMDT,collision_slots,5952.140000,112.964869,6116.250000,31.312264,50
scenario_label=prefix80,EMDT,idle_slots,3951.760000,135.483648,4162.550000,37.554151,50
scenario_label=prefix80,EMDT,total_energy_uj,6853183.211905,65465.894884,6939264.681563,18146.220258,50
scenario_label=prefix80,EMDT,total_listening_energy_uj,6851953.788785,65465.225711,6938039.141162,18146.034773,50
scenario_label=prefix80,EMDT,total_transmission_energy_uj,1229.423120,6.283756,1239.808800,1.741768,50
scenario_label=prefix80,EMDT,total_bits,1723480.840000,5261.317614,1731738.500000,1458.362838,50
scenario_label=prefix80,EMDT,avg_tag_bits,147.835904,0.325045,148.304080,0.090098,50
scenario_label=prefix80,EMDT,avg_reader_bits,24.512180,0.256438,24.957240,0.071081,50
scenario_label=prefix80,EMDT,avg_total_bits,172.348084,0.526132,173.173850,0.145836,50
scenario_label=prefix80,EMDT,avg_query_efficiency,1.680668,0.032278,1.744983,0.008947,50
scenario_label=prefix80,EMDT,peak_stack_depth,46.940000,1.405674,49.000000,0.389633,50
scenario_label=prefix80,EMDT,avg_tag_responses,5.316908,0.022595,5.355185,0.006263,50
scenario_label=prefix80,HT_EEAC,total_protocol_time_ms,79111.684200,1780.616348,81897.849375,493.561671,50
scenario_label=prefix80,HT_EEAC,throughput_tags_per_sec,126.466515,2.854234,131.453624,0.791153,50
scenario_label=prefix80,HT_EEAC,system_efficiency,0.062004,0.001496,0.064616,0.000415,50
scenario_label=prefix80,HT_EEAC,collision_slots,145407.760000,3921.427180,151519.250000,1086.964158,50
scenario_label=prefix80,HT_EEAC,idle_slots,5963.360000,161.798660,6203.200000,44.848301,50
scenario_label=prefix80,HT_EEAC,total_energy_uj,46500925.419465,1174475.167820,48292294.339042,325547.907356,50
scenario_label=prefix80,HT_EEAC,total_listening_energy_uj,46492101.828105,1174275.436556,48283166.064642,325492.544675,50
scenario_label=prefix80,HT_EEAC,total_transmission_energy_uj,8823.591360,202.177573,9140.105800,56.040764,50
scenario_label=prefix80,HT_EEAC,total_bits,6996688.800000,148127.348889,7228283.900000,41058.806329,50
scenario_label=prefix80,HT_EEAC,avg_tag_bits,344.652416,6.274283,354.430800,1.739143,50
scenario_label=prefix80,HT_EEAC,avg_reader_bits,355.016464,8.541381,368.397590,2.367550,50
scenario_label=prefix80,HT_EEAC,avg_total_bits,699.668880,14.812735,722.828390,4.105881,50
scenario_label=prefix80,HT_EEAC,avg_query_efficiency,0.068821,0.001862,0.072111,0.000516,50
scenario_label=prefix80,HT_EEAC,avg_tag_responses,251.020352,12.656959,271.378815,3.508330,50
scenario_label=prefix80,LAPCT,total_protocol_time_ms,30839.397325,0.826091,30840.185312,0.228981,50
scenario_label=prefix80,LAPCT,throughput_tags_per_sec,324.260552,0.008686,324.278958,0.002408,50
scenario_label=prefix80,LAPCT,system_efficiency,0.498974,0.000012,0.498977,0.000003,50
scenario_label=prefix80,LAPCT,collision_slots,10041.120000,0.479796,10042.100000,0.132993,50
scenario_label=prefix80,LAPCT,idle_slots,0.000000,0.000000,0.000000,0.000000,50
scenario_label=prefix80,LAPCT,total_energy_uj,15432670.672492,780.515180,15433655.195181,216.347770,50
scenario_label=prefix80,LAPCT,total_listening_energy_uj,15427583.442793,780.233979,15428567.826456,216.269825,50
scenario_label=prefix80,LAPCT,total_transmission_energy_uj,5087.229700,0.349601,5087.494550,0.096904,50
scenario_label=prefix80,LAPCT,total_bits,3231459.980000,473.781207,3231846.150000,131.325451,50
scenario_label=prefix80,LAPCT,avg_tag_bits,91.712684,0.041540,91.751680,0.011514,50
scenario_label=prefix80,LAPCT,avg_reader_bits,231.433314,0.009516,231.444765,0.002638,50
scenario_label=prefix80,LAPCT,avg_total_bits,323.145998,0.047378,323.184615,0.013133,50
scenario_label=prefix80,LAPCT,avg_query_efficiency,0.995905,0.000048,0.995917,0.000013,50
scenario_label=prefix80,LAPCT,peak_stack_depth,17.600000,0.571429,18.000000,0.158392,50
scenario_label=prefix80,LAPCT,avg_tag_responses,11.575834,0.006831,11.584650,0.001893,50
scenario_label=prefix80,NLHQT(n=2),total_protocol_time_ms,9180.343050,14.839107,9199.637875,4.113191,50
scenario_label=prefix80,NLHQT(n=2),throughput_tags_per_sec,1089.286702,1.760681,1092.210993,0.488036,50
scenario_label=prefix80,NLHQT(n=2),system_efficiency,0.378144,0.000528,0.379051,0.000146,50
scenario_label=prefix80,NLHQT(n=2),collision_slots,16445.000000,36.948392,16497.500000,10.241572,50
scenario_label=prefix80,NLHQT(n=2),idle_slots,0.000000,0.000000,0.000000,0.000000,50
scenario_label=prefix80,NLHQT(n=2),total_energy_uj,4593329.440475,10057.502118,4606837.656025,2787.797356,50
scenario_label=prefix80,NLHQT(n=2),total_listening_energy_uj,4591887.844495,10055.730443,4605393.831025,2787.306273,50
scenario_label=prefix80,NLHQT(n=2),total_transmission_energy_uj,1441.595980,2.029155,1444.075800,0.562453,50
scenario_label=prefix80,NLHQT(n=2),total_bits,1079546.600000,1035.510581,1080827.400000,287.028889,50
scenario_label=prefix80,NLHQT(n=2),avg_tag_bits,47.833148,0.004601,47.840620,0.001275,50
scenario_label=prefix80,NLHQT(n=2),avg_reader_bits,60.121512,0.100777,60.245720,0.027934,50
scenario_label=prefix80,NLHQT(n=2),avg_total_bits,107.954660,0.103551,108.082740,0.028703,50
scenario_label=prefix80,NLHQT(n=2),avg_query_efficiency,0.608091,0.001366,0.610437,0.000379,50
scenario_label=prefix80,NLHQT(n=2),peak_stack_depth,20.960000,0.754848,22.000000,0.209233,50
scenario_label=prefix80,NLHQT(n=2),avg_tag_responses,9.307842,0.005021,9.315450,0.001392,50
scenario_label=prefix80,SGCT,total_protocol_time_ms,5490.737500,0.000000,5490.737500,0.000000,50
scenario_label=prefix80,SGCT,throughput_tags_per_sec,1821.248967,0.000000,1821.248967,0.000000,50
scenario_label=prefix80,SGCT,system_efficiency,0.951203,0.000000,0.951203,0.000000,50
scenario_label=prefix80,SGCT,collision_slots,513.000000,0.000000,513.000000,0.000000,50
scenario_label=prefix80,SGCT,idle_slots,0.000000,0.000000,0.000000,0.000000,50
scenario_label=prefix80,SGCT,total_energy_uj,2774835.114705,4283.753713,2780955.682338,1187.395949,50
scenario_label=prefix80,SGCT,total_listening_energy_uj,2774038.664705,4283.753713,2780159.232337,1187.395949,50
scenario_label=prefix80,SGCT,total_transmission_energy_uj,796.450000,0.000000,796.450000,0.000000,50
scenario_label=prefix80,SGCT,total_bits,713225.000000,0.000000,713225.000000,0.000000,50
scenario_label=prefix80,SGCT,avg_tag_bits,42.000000,0.000000,42.000000,0.000000,50
scenario_label=prefix80,SGCT,avg_reader_bits,29.322500,0.000000,29.322500,0.000000,50
scenario_label=prefix80,SGCT,avg_total_bits,71.322500,0.000000,71.322500,0.000000,50
scenario_label=prefix80,SGCT,avg_query_efficiency,19.493177,0.000000,19.493177,0.000000,50
scenario_label=prefix80,SGCT,peak_stack_depth,256.000000,0.000000,256.000000,0.000000,50
scenario_label=prefix80,SGCT,progressive_probe_count,257.000000,0.000000,257.000000,0.000000,50
scenario_label=prefix80,SGCT,signature_grouping_trigger_count,257.000000,0.000000,257.000000,0.000000,50
scenario_label=prefix80,SGCT,local_short_id_trigger_count,257.000000,0.000000,257.000000,0.000000,50
scenario_label=prefix80,SGCT,signature_groups_pruned,55536.000000,0.000000,55536.000000,0.000000,50
scenario_label=prefix80,SGCT,sparse_signature_groups,10256.000000,0.000000,10256.000000,0.000000,50
scenario_label=prefix80,SGCT,signature_marker_bits,20000.000000,0.000000,20000.000000,0.000000,50
scenario_label=prefix80,SGCT,signature_marker_tag_bits,20000.000000,0.000000,20000.000000,0.000000,50
scenario_label=prefix80,SGCT,signature_non_idle_marker_count,10256.000000,0.000000,10256.000000,0.000000,50
scenario_label=prefix80,SGCT,signature_collision_groups,256.000000,0.000000,256.000000,0.000000,50
scenario_label=prefix80,SGCT,signature_singleton_groups,10000.000000,0.000000,10000.000000,0.000000,50
scenario_label=prefix80,SGCT,low_d_fallback_count,0.000000,0.000000,0.000000,0.000000,50
scenario_label=prefix80,SGCT,suffix_signature_trigger_count,0.000000,0.000000,0.000000,0.000000,50
scenario_label=prefix80,SGCT,hash_short_id_round_count,0.000000,0.000000,0.000000,0.000000,50
scenario_label=prefix80,SGCT,hash_short_id_split_count,0.000000,0.000000,0.000000,0.000000,50
scenario_label=prefix80,SGCT,hash_short_id_collision_groups,0.000000,0.000000,0.000000,0.000000,50
scenario_label=prefix80,SGCT,hash_short_id_singleton_groups,0.000000,0.000000,0.000000,0.000000,50
scenario_label=prefix80,SGCT,small_cluster_guard_count,0.000000,0.000000,0.000000,0.000000,50
scenario_label=prefix80,SGCT,max_signature_d,8.000000,0.000000,8.000000,0.000000,50
scenario_label=prefix80,SGCT,epc_verification_count,10000.000000,0.000000,10000.000000,0.000000,50
scenario_label=prefix80,SGCT,verify_fail_count,0.000000,0.000000,0.000000,0.000000,50
scenario_label=prefix80,SGCT,avg_tag_responses,4.000000,0.000000,4.000000,0.000000,50
scenario_label=prefixed,DQTA(k_max=3),total_protocol_time_ms,16167.125675,74.497827,16284.296562,20.649744,50
scenario_label=prefixed,DQTA(k_max=3),throughput_tags_per_sec,618.552025,2.853418,623.265655,0.790927,50
scenario_label=prefixed,DQTA(k_max=3),system_efficiency,0.330710,0.002003,0.333649,0.000555,50
scenario_label=prefixed,DQTA(k_max=3),collision_slots,9283.840000,52.102082,9366.100000,14.441960,50
scenario_label=prefixed,DQTA(k_max=3),idle_slots,10955.240000,160.474114,11217.750000,44.481155,50
scenario_label=prefixed,DQTA(k_max=3),total_energy_uj,8100981.336927,41954.696454,8175806.435363,11629.248543,50
scenario_label=prefixed,DQTA(k_max=3),total_listening_energy_uj,8097341.535698,41945.822912,8172148.710912,11626.788923,50
scenario_label=prefixed,DQTA(k_max=3),total_transmission_energy_uj,3639.801230,10.638278,3656.642800,2.948780,50
scenario_label=prefixed,DQTA(k_max=3),total_bits,4929462.400000,7885.991263,4941943.400000,2185.885256,50
scenario_label=prefixed,DQTA(k_max=3),avg_tag_bits,414.608238,0.367461,415.168830,0.101855,50
scenario_label=prefixed,DQTA(k_max=3),avg_reader_bits,78.338002,0.451336,79.047920,0.125104,50
scenario_label=prefixed,DQTA(k_max=3),avg_total_bits,492.946240,0.788599,494.194340,0.218589,50
scenario_label=prefixed,DQTA(k_max=3),avg_query_efficiency,1.077174,0.006049,1.087382,0.001677,50
scenario_label=prefixed,DQTA(k_max=3),peak_stack_depth,27.220000,0.789988,28.550000,0.218974,50
scenario_label=prefixed,DQTA(k_max=3),avg_tag_responses,5.164864,0.005638,5.173440,0.001563,50
scenario_label=prefixed,DRCT,total_protocol_time_ms,21193.507550,140.387523,21397.522688,38.913436,50
scenario_label=prefixed,DRCT,throughput_tags_per_sec,471.862946,3.132095,477.820769,0.868172,50
scenario_label=prefixed,DRCT,system_efficiency,0.345447,0.001905,0.348860,0.000528,50
scenario_label=prefixed,DRCT,collision_slots,14473.440000,79.574932,14589.550000,22.057046,50
scenario_label=prefixed,DRCT,idle_slots,4475.440000,79.574932,4591.550000,22.057046,50
scenario_label=prefixed,DRCT,total_energy_uj,10628402.022002,76725.830111,10735714.438744,21267.315067,50
scenario_label=prefixed,DRCT,energy_per_tag_uj,1062.840202,7.672583,1073.571444,2.126732,50
scenario_label=prefixed,DRCT,total_reader_tx_energy_uj,2617.688760,20.531934,2647.422300,5.691162,50
scenario_label=prefixed,DRCT,total_tag_tx_energy_uj,1435.079750,0.797300,1436.204000,0.221000,50
scenario_label=prefixed,DRCT,total_listening_energy_uj,10624349.253492,76707.319567,10731644.119044,21262.184206,50
scenario_label=prefixed,DRCT,total_transmission_energy_uj,4052.768510,20.908431,4083.177850,5.795521,50
scenario_label=prefixed,DRCT,total_bits,4179003.880000,11085.995692,4194861.350000,3072.881230,50
scenario_label=prefixed,DRCT,avg_tag_bits,287.015950,0.159460,287.240800,0.044200,50
scenario_label=prefixed,DRCT,avg_reader_bits,130.884438,1.026597,132.371115,0.284558,50
scenario_label=prefixed,DRCT,avg_total_bits,417.900388,1.108600,419.486135,0.307288,50
scenario_label=prefixed,DRCT,avg_query_efficiency,0.690941,0.003811,0.697769,0.001056,50
scenario_label=prefixed,DRCT,peak_stack_depth,13.140000,0.404566,14.000000,0.112140,50
scenario_label=prefixed,DRCT,avg_tag_responses,62.619216,0.016600,62.642075,0.004601,50
scenario_label=prefixed,EAQ_CBB,total_protocol_time_ms,26114.358625,58.395140,26190.742500,16.186307,50
scenario_label=prefixed,EAQ_CBB,throughput_tags_per_sec,382.932973,0.856128,384.295373,0.237307,50
scenario_label=prefixed,EAQ_CBB,system_efficiency,0.546105,0.001359,0.548270,0.000377,50
scenario_label=prefixed,EAQ_CBB,collision_slots,8311.600000,45.567622,8372.000000,12.630700,50
scenario_label=prefixed,EAQ_CBB,idle_slots,0.000000,0.000000,0.000000,0.000000,50
scenario_label=prefixed,EAQ_CBB,total_energy_uj,13062518.100558,37815.646512,13126347.567094,10481.962433,50
scenario_label=prefixed,EAQ_CBB,total_listening_energy_uj,13058426.719748,37809.122425,13122248.669069,10480.154048,50
scenario_label=prefixed,EAQ_CBB,total_transmission_energy_uj,4091.380810,8.823890,4103.277350,2.445857,50
scenario_label=prefixed,EAQ_CBB,total_bits,2599091.180000,6224.873620,2608171.600000,1725.446937,50
scenario_label=prefixed,EAQ_CBB,avg_tag_bits,73.786770,0.266420,74.207920,0.073848,50
scenario_label=prefixed,EAQ_CBB,avg_reader_bits,186.122348,0.384861,186.622040,0.106678,50
scenario_label=prefixed,EAQ_CBB,avg_total_bits,259.909118,0.622487,260.817160,0.172545,50
scenario_label=prefixed,EAQ_CBB,avg_query_efficiency,1.203173,0.006594,1.213711,0.001828,50
scenario_label=prefixed,EAQ_CBB,peak_stack_depth,2457.920000,7.122371,2470.100000,1.974220,50
scenario_label=prefixed,EAQ_CBB,avg_tag_responses,3.788356,0.011352,3.806110,0.003147,50
scenario_label=prefixed,EMDT,total_protocol_time_ms,13702.634100,107.360623,13885.007000,29.758846,50
scenario_label=prefixed,EMDT,throughput_tags_per_sec,729.830437,5.697647,737.307406,1.579307,50
scenario_label=prefixed,EMDT,system_efficiency,0.500774,0.006190,0.510314,0.001716,50
scenario_label=prefixed,EMDT,collision_slots,5967.580000,108.516921,6162.350000,30.079356,50
scenario_label=prefixed,EMDT,idle_slots,4004.500000,157.954818,4285.250000,43.782842,50
scenario_label=prefixed,EMDT,total_energy_uj,6851987.968470,62128.484212,6946393.059725,17221.137217,50
scenario_label=prefixed,EMDT,total_listening_energy_uj,6850761.127750,62128.724340,6945159.674725,17221.203777,50
scenario_label=prefixed,EMDT,total_transmission_energy_uj,1226.840720,7.430798,1239.352400,2.059712,50
scenario_label=prefixed,EMDT,total_bits,1721043.160000,6391.790501,1731223.700000,1771.713936,50
scenario_label=prefixed,EMDT,avg_tag_bits,147.683040,0.388528,148.266800,0.107695,50
scenario_label=prefixed,EMDT,avg_reader_bits,24.421276,0.292594,24.888600,0.081103,50
scenario_label=prefixed,EMDT,avg_total_bits,172.104316,0.639179,173.122370,0.177171,50
scenario_label=prefixed,EMDT,avg_query_efficiency,1.676260,0.030263,1.713664,0.008389,50
scenario_label=prefixed,EMDT,peak_stack_depth,46.400000,1.324803,48.550000,0.367217,50
scenario_label=prefixed,EMDT,avg_tag_responses,5.318552,0.021779,5.355830,0.006037,50
scenario_label=prefixed,HT_EEAC,total_protocol_time_ms,79293.672450,1546.723581,81514.658625,428.729903,50
scenario_label=prefixed,HT_EEAC,throughput_tags_per_sec,126.160502,2.461288,130.610579,0.682234,50
scenario_label=prefixed,HT_EEAC,system_efficiency,0.061845,0.001289,0.064169,0.000357,50
scenario_label=prefixed,HT_EEAC,collision_slots,145823.460000,3411.241292,150683.150000,945.547845,50
scenario_label=prefixed,HT_EEAC,idle_slots,5939.080000,165.466051,6235.750000,45.864849,50
scenario_label=prefixed,HT_EEAC,total_energy_uj,46677587.007104,1052853.010962,48244703.015666,291835.965428,50
scenario_label=prefixed,HT_EEAC,total_listening_energy_uj,46668742.867664,1052681.103669,48235623.787867,291788.315158,50
scenario_label=prefixed,HT_EEAC,total_transmission_energy_uj,8844.139440,175.588026,9096.540600,48.670518,50
scenario_label=prefixed,HT_EEAC,total_bits,7011951.240000,128706.597444,7196468.100000,35675.648672,50
scenario_label=prefixed,HT_EEAC,avg_tag_bits,345.317536,5.457986,353.093040,1.512877,50
scenario_label=prefixed,HT_EEAC,avg_reader_bits,355.877588,7.416196,366.553770,2.055665,50
scenario_label=prefixed,HT_EEAC,avg_total_bits,701.195124,12.870660,719.646810,3.567565,50
scenario_label=prefixed,HT_EEAC,avg_query_efficiency,0.068613,0.001606,0.071566,0.000445,50
scenario_label=prefixed,HT_EEAC,avg_tag_responses,252.877564,12.448611,270.950745,3.450579,50
scenario_label=prefixed,LAPCT,total_protocol_time_ms,28878.272350,0.883330,28879.262500,0.244847,50
scenario_label=prefixed,LAPCT,throughput_tags_per_sec,346.281103,0.010592,346.301106,0.002936,50
scenario_label=prefixed,LAPCT,system_efficiency,0.498968,0.000022,0.498977,0.000006,50
scenario_label=prefixed,LAPCT,collision_slots,10041.360000,0.875051,10043.000000,0.242552,50
scenario_label=prefixed,LAPCT,idle_slots,0.000000,0.000000,0.000000,0.000000,50
scenario_label=prefixed,LAPCT,total_energy_uj,14453027.927312,560.397561,14453780.887831,155.334279,50
scenario_label=prefixed,LAPCT,total_listening_energy_uj,14446876.326302,559.312525,14447628.331181,155.033522,50
scenario_label=prefixed,LAPCT,total_transmission_energy_uj,6151.601010,1.957990,6153.644500,0.542727,50
scenario_label=prefixed,LAPCT,total_bits,6307573.020000,3739.493191,6311590.550000,1036.534629,50
scenario_label=prefixed,LAPCT,avg_tag_bits,430.903002,0.368569,431.302640,0.102162,50
scenario_label=prefixed,LAPCT,avg_reader_bits,199.854300,0.011277,199.868400,0.003126,50
scenario_label=prefixed,LAPCT,avg_total_bits,630.757302,0.373949,631.159055,0.103653,50
scenario_label=prefixed,LAPCT,avg_query_efficiency,0.995881,0.000087,0.995917,0.000024,50
scenario_label=prefixed,LAPCT,peak_stack_depth,17.860000,0.571786,19.000000,0.158491,50
scenario_label=prefixed,LAPCT,avg_tag_responses,11.615916,0.009197,11.626600,0.002549,50
scenario_label=prefixed,NLHQT(n=2),total_protocol_time_ms,13276.294600,30.311526,13319.503375,8.401926,50
scenario_label=prefixed,NLHQT(n=2),throughput_tags_per_sec,753.226067,1.722439,756.295087,0.477436,50
scenario_label=prefixed,NLHQT(n=2),system_efficiency,0.354323,0.000821,0.355876,0.000228,50
scenario_label=prefixed,NLHQT(n=2),collision_slots,18223.000000,65.314623,18311.350000,18.104290,50
scenario_label=prefixed,NLHQT(n=2),idle_slots,0.000000,0.000000,0.000000,0.000000,50
scenario_label=prefixed,NLHQT(n=2),total_energy_uj,6641887.963380,16897.978995,6665842.557025,4683.880810,50
scenario_label=prefixed,NLHQT(n=2),total_listening_energy_uj,6640009.682160,16895.429764,6663959.864725,4683.174199,50
scenario_label=prefixed,NLHQT(n=2),total_transmission_energy_uj,1878.281220,3.357640,1882.958250,0.930690,50
scenario_label=prefixed,NLHQT(n=2),total_bits,1787550.720000,1789.362890,1790023.800000,495.986088,50
scenario_label=prefixed,NLHQT(n=2),avg_tag_bits,113.121348,0.015460,113.141200,0.004285,50
scenario_label=prefixed,NLHQT(n=2),avg_reader_bits,65.633724,0.164214,65.863110,0.045518,50
scenario_label=prefixed,NLHQT(n=2),avg_total_bits,178.755072,0.178936,179.002380,0.049599,50
scenario_label=prefixed,NLHQT(n=2),avg_query_efficiency,0.548764,0.001972,0.552495,0.000547,50
scenario_label=prefixed,NLHQT(n=2),peak_stack_depth,21.080000,0.804071,22.550000,0.222877,50
scenario_label=prefixed,NLHQT(n=2),avg_tag_responses,9.560674,0.007730,9.570600,0.002143,50
scenario_label=prefixed,SGCT,total_protocol_time_ms,9377.359975,52.733352,9456.178562,14.616940,50
scenario_label=prefixed,SGCT,throughput_tags_per_sec,1066.431374,6.015867,1077.656022,1.667513,50
scenario_label=prefixed,SGCT,system_efficiency,0.841034,0.002469,0.845605,0.000684,50
scenario_label=prefixed,SGCT,collision_slots,1890.220000,34.845601,1942.550000,9.658708,50
scenario_label=prefixed,SGCT,idle_slots,0.000000,0.000000,0.000000,0.000000,50
scenario_label=prefixed,SGCT,total_energy_uj,4713829.967922,34045.296490,4767044.360744,9436.874726,50
scenario_label=prefixed,SGCT,total_listening_energy_uj,4712564.523393,34039.139686,4765771.263219,9435.168147,50
scenario_label=prefixed,SGCT,total_transmission_energy_uj,1265.444530,7.650454,1276.762125,2.120598,50
scenario_label=prefixed,SGCT,total_bits,1264742.540000,4236.448205,1270992.600000,1174.283532,50
scenario_label=prefixed,SGCT,avg_tag_bits,84.269370,0.056157,84.352390,0.015566,50
scenario_label=prefixed,SGCT,avg_reader_bits,42.204884,0.368865,42.751055,0.102244,50
scenario_label=prefixed,SGCT,avg_total_bits,126.474254,0.423645,127.099260,0.117428,50
scenario_label=prefixed,SGCT,avg_query_efficiency,5.292171,0.098623,5.476970,0.027337,50
scenario_label=prefixed,SGCT,peak_stack_depth,258.420000,1.371577,261.000000,0.380182,50
scenario_label=prefixed,SGCT,progressive_probe_count,946.760000,17.425714,972.000000,4.830162,50
scenario_label=prefixed,SGCT,signature_grouping_trigger_count,944.460000,17.445203,971.000000,4.835564,50
scenario_label=prefixed,SGCT,local_short_id_trigger_count,257.000000,0.000000,257.000000,0.000000,50
scenario_label=prefixed,SGCT,signature_groups_pruned,65847.900000,261.678043,66246.000000,72.533453,50
scenario_label=prefixed,SGCT,sparse_signature_groups,10943.460000,17.445203,10970.000000,4.835564,50
scenario_label=prefixed,SGCT,signature_marker_bits,21409.900000,35.399325,21458.100000,9.812192,50
scenario_label=prefixed,SGCT,signature_marker_tag_bits,21409.900000,35.399325,21458.100000,9.812192,50
scenario_label=prefixed,SGCT,signature_non_idle_marker_count,10943.460000,17.445203,10970.000000,4.835564,50
scenario_label=prefixed,SGCT,signature_collision_groups,943.460000,17.445203,970.000000,4.835564,50
scenario_label=prefixed,SGCT,signature_singleton_groups,10000.000000,0.000000,10000.000000,0.000000,50
scenario_label=prefixed,SGCT,low_d_fallback_count,0.000000,0.000000,0.000000,0.000000,50
scenario_label=prefixed,SGCT,suffix_signature_trigger_count,0.000000,0.000000,0.000000,0.000000,50
scenario_label=prefixed,SGCT,hash_short_id_round_count,0.000000,0.000000,0.000000,0.000000,50
scenario_label=prefixed,SGCT,hash_short_id_split_count,0.000000,0.000000,0.000000,0.000000,50
scenario_label=prefixed,SGCT,hash_short_id_collision_groups,0.000000,0.000000,0.000000,0.000000,50
scenario_label=prefixed,SGCT,hash_short_id_singleton_groups,0.000000,0.000000,0.000000,0.000000,50
scenario_label=prefixed,SGCT,small_cluster_guard_count,0.000000,0.000000,0.000000,0.000000,50
scenario_label=prefixed,SGCT,max_signature_d,8.000000,0.000000,8.000000,0.000000,50
scenario_label=prefixed,SGCT,epc_verification_count,10000.000000,0.000000,10000.000000,0.000000,50
scenario_label=prefixed,SGCT,verify_fail_count,0.000000,0.000000,0.000000,0.000000,50
scenario_label=prefixed,SGCT,avg_tag_responses,4.282440,0.007066,4.292150,0.001958,50
scenario_label=random,DQTA(k_max=3),total_protocol_time_ms,16387.377975,52.787669,16473.102250,14.631995,50
scenario_label=random,DQTA(k_max=3),throughput_tags_per_sec,610.231949,1.964129,612.991587,0.544429,50
scenario_label=random,DQTA(k_max=3),system_efficiency,0.330410,0.001704,0.333263,0.000472,50
scenario_label=random,DQTA(k_max=3),collision_slots,9288.280000,47.582813,9365.800000,13.189283,50
scenario_label=random,DQTA(k_max=3),idle_slots,10977.960000,140.409018,11174.950000,38.919394,50
scenario_label=random,DQTA(k_max=3),total_energy_uj,8210985.729707,32364.101763,8272363.609637,8970.871323,50
scenario_label=random,DQTA(k_max=3),total_listening_energy_uj,8205757.224088,32357.389466,8267126.013813,8969.010769,50
scenario_label=random,DQTA(k_max=3),total_transmission_energy_uj,5228.505620,8.082535,5242.611725,2.240364,50
scenario_label=random,DQTA(k_max=3),total_bits,9443444.560000,10995.885526,9461016.750000,3047.903966,50
scenario_label=random,DQTA(k_max=3),avg_tag_bits,910.558900,0.938276,912.009250,0.260077,50
scenario_label=random,DQTA(k_max=3),avg_reader_bits,33.785556,0.186592,34.101040,0.051721,50
scenario_label=random,DQTA(k_max=3),avg_total_bits,944.344456,1.099589,946.101675,0.304790,50
scenario_label=random,DQTA(k_max=3),avg_query_efficiency,1.076653,0.005513,1.084869,0.001528,50
scenario_label=random,DQTA(k_max=3),peak_stack_depth,27.500000,0.788954,28.550000,0.218687,50
scenario_label=random,DQTA(k_max=3),avg_tag_responses,5.165600,0.005844,5.174600,0.001620,50
scenario_label=random,DRCT,total_protocol_time_ms,15222.873525,58.846894,15304.388500,16.311527,50
scenario_label=random,DRCT,throughput_tags_per_sec,656.915795,2.532851,660.265615,0.702071,50
scenario_label=random,DRCT,system_efficiency,0.346843,0.001976,0.349294,0.000548,50
scenario_label=random,DRCT,collision_slots,14415.220000,82.496330,14539.300000,22.866816,50
scenario_label=random,DRCT,idle_slots,4417.220000,82.496330,4541.300000,22.866816,50
scenario_label=random,DRCT,total_energy_uj,7626025.024750,33876.180651,7682989.508994,9389.998207,50
scenario_label=random,DRCT,energy_per_tag_uj,762.602503,3.387618,768.298951,0.939000,50
scenario_label=random,DRCT,total_reader_tx_energy_uj,1162.508600,6.983673,1172.608900,1.935775,50
scenario_label=random,DRCT,total_tag_tx_energy_uj,736.699850,1.619930,739.743325,0.449022,50
scenario_label=random,DRCT,total_listening_energy_uj,7624125.816300,33870.195764,7681073.247744,9388.339281,50
scenario_label=random,DRCT,total_transmission_energy_uj,1899.208450,7.663516,1909.327075,2.124218,50
scenario_label=random,DRCT,total_bits,2054654.000000,5479.346107,2063096.800000,1518.797253,50
scenario_label=random,DRCT,avg_tag_bits,147.339970,0.323986,147.948665,0.089804,50
scenario_label=random,DRCT,avg_reader_bits,58.125430,0.349184,58.630445,0.096789,50
scenario_label=random,DRCT,avg_total_bits,205.465400,0.547935,206.309680,0.151880,50
scenario_label=random,DRCT,avg_query_efficiency,0.693733,0.003953,0.698636,0.001096,50
scenario_label=random,DRCT,peak_stack_depth,12.980000,0.588669,14.000000,0.163171,50
scenario_label=random,DRCT,avg_tag_responses,14.617362,0.018726,14.649910,0.005191,50
scenario_label=random,EAQ_CBB,total_protocol_time_ms,22360.923950,40.881030,22426.236000,11.331643,50
scenario_label=random,EAQ_CBB,throughput_tags_per_sec,447.210176,0.816979,448.383104,0.226455,50
scenario_label=random,EAQ_CBB,system_efficiency,0.546585,0.001471,0.548679,0.000408,50
scenario_label=random,EAQ_CBB,collision_slots,8295.560000,49.284331,8374.200000,13.660920,50
scenario_label=random,EAQ_CBB,idle_slots,0.000000,0.000000,0.000000,0.000000,50
scenario_label=random,EAQ_CBB,total_energy_uj,11184385.713012,23285.287332,11223858.527812,6454.352353,50
scenario_label=random,EAQ_CBB,total_listening_energy_uj,11180759.321512,23280.374603,11220218.323188,6452.990614,50
scenario_label=random,EAQ_CBB,total_transmission_energy_uj,3626.391500,6.411287,3636.045725,1.777118,50
scenario_label=random,EAQ_CBB,total_bits,2867718.280000,7611.300281,2879720.000000,2109.744800,50
scenario_label=random,EAQ_CBB,avg_tag_bits,140.603004,0.594255,141.561550,0.164719,50
scenario_label=random,EAQ_CBB,avg_reader_bits,146.168824,0.179426,146.457380,0.049734,50
scenario_label=random,EAQ_CBB,avg_total_bits,286.771828,0.761130,287.972000,0.210974,50
scenario_label=random,EAQ_CBB,avg_query_efficiency,1.205506,0.007144,1.215717,0.001980,50
scenario_label=random,EAQ_CBB,peak_stack_depth,2456.600000,7.431318,2468.000000,2.059856,50
scenario_label=random,EAQ_CBB,avg_tag_responses,3.785992,0.012654,3.805850,0.003507,50
scenario_label=random,EMDT,total_protocol_time_ms,13655.748000,130.220605,13873.547250,36.095310,50
scenario_label=random,EMDT,throughput_tags_per_sec,732.357371,6.956380,741.406771,1.928210,50
scenario_label=random,EMDT,system_efficiency,0.502845,0.007078,0.513432,0.001962,50
scenario_label=random,EMDT,collision_slots,5917.300000,130.882600,6135.800000,36.278806,50
scenario_label=random,EMDT,idle_slots,3973.420000,164.610994,4270.050000,45.627840,50
scenario_label=random,EMDT,total_energy_uj,6830445.287755,75364.342799,6969291.171750,20889.930038,50
scenario_label=random,EMDT,total_listening_energy_uj,6829219.003755,75363.410438,6968069.605550,20889.671601,50
scenario_label=random,EMDT,total_transmission_energy_uj,1226.284000,6.619067,1236.198800,1.834712,50
scenario_label=random,EMDT,total_bits,1721203.520000,5526.579081,1729448.800000,1531.889566,50
scenario_label=random,EMDT,avg_tag_bits,147.741536,0.349160,148.292480,0.096782,50
scenario_label=random,EMDT,avg_reader_bits,24.378816,0.273328,24.820840,0.075763,50
scenario_label=random,EMDT,avg_total_bits,172.120352,0.552658,172.944880,0.153189,50
scenario_label=random,EMDT,avg_query_efficiency,1.690765,0.037127,1.740327,0.010291,50
scenario_label=random,EMDT,peak_stack_depth,46.880000,1.334625,49.000000,0.369939,50
scenario_label=random,EMDT,avg_tag_responses,5.308156,0.026473,5.347745,0.007338,50
scenario_label=random,HT_EEAC,total_protocol_time_ms,79740.866100,1499.441597,81806.370750,415.624006,50
scenario_label=random,HT_EEAC,throughput_tags_per_sec,125.449826,2.367718,129.259859,0.656298,50
scenario_label=random,HT_EEAC,system_efficiency,0.061471,0.001241,0.063466,0.000344,50
scenario_label=random,HT_EEAC,collision_slots,146794.780000,3294.591123,151292.850000,913.214068,50
scenario_label=random,HT_EEAC,idle_slots,5947.420000,146.522979,6205.500000,40.614098,50
scenario_label=random,HT_EEAC,total_energy_uj,46904606.536151,968280.207486,48277782.069932,268393.580315,50
scenario_label=random,HT_EEAC,total_listening_energy_uj,46895711.521111,968114.942865,48268642.501532,268347.771298,50
scenario_label=random,HT_EEAC,total_transmission_energy_uj,8895.015040,170.312685,9129.910400,47.208268,50
scenario_label=random,HT_EEAC,total_bits,7049044.880000,124672.672058,7220469.400000,34557.501602,50
scenario_label=random,HT_EEAC,avg_tag_bits,346.871648,5.271346,354.068560,1.461143,50
scenario_label=random,HT_EEAC,avg_reader_bits,358.032840,7.198881,367.978380,1.995428,50
scenario_label=random,HT_EEAC,avg_total_bits,704.904488,12.467267,722.046940,3.455750,50
scenario_label=random,HT_EEAC,avg_query_efficiency,0.068156,0.001536,0.070651,0.000426,50
scenario_label=random,HT_EEAC,avg_tag_responses,255.683932,10.700273,272.692635,2.965964,50
scenario_label=random,LAPCT,total_protocol_time_ms,25910.294400,0.741603,25911.374062,0.205562,50
scenario_label=random,LAPCT,throughput_tags_per_sec,385.946985,0.011047,385.965387,0.003062,50
scenario_label=random,LAPCT,system_efficiency,0.498971,0.000016,0.498977,0.000005,50
scenario_label=random,LAPCT,collision_slots,10041.240000,0.656521,10043.000000,0.181978,50
scenario_label=random,LAPCT,idle_slots,0.000000,0.000000,0.000000,0.000000,50
scenario_label=random,LAPCT,total_energy_uj,12970411.338615,467.218585,12971220.414169,129.506384,50
scenario_label=random,LAPCT,total_listening_energy_uj,12962666.958855,466.402797,12963471.987619,129.280260,50
scenario_label=random,LAPCT,total_transmission_energy_uj,7744.379760,3.982308,7749.765300,1.103839,50
scenario_label=random,LAPCT,total_bits,10926901.200000,7817.859909,10937470.500000,2167.000208,50
scenario_label=random,LAPCT,avg_tag_bits,940.628176,0.777214,941.678380,0.215433,50
scenario_label=random,LAPCT,avg_reader_bits,152.061944,0.012176,152.079785,0.003375,50
scenario_label=random,LAPCT,avg_total_bits,1092.690120,0.781786,1093.747050,0.216700,50
scenario_label=random,LAPCT,avg_query_efficiency,0.995893,0.000065,0.995917,0.000018,50
scenario_label=random,LAPCT,peak_stack_depth,17.800000,0.638877,19.000000,0.177088,50
scenario_label=random,LAPCT,avg_tag_responses,11.617746,0.009093,11.630320,0.002521,50
scenario_label=random,NLHQT(n=2),total_protocol_time_ms,18442.238350,42.070510,18509.628750,11.661350,50
scenario_label=random,NLHQT(n=2),throughput_tags_per_sec,542.236293,1.236175,544.056941,0.342650,50
scenario_label=random,NLHQT(n=2),system_efficiency,0.354380,0.000841,0.355713,0.000233,50
scenario_label=random,NLHQT(n=2),collision_slots,18218.420000,66.996524,18339.650000,18.570489,50
scenario_label=random,NLHQT(n=2),idle_slots,0.000000,0.000000,0.000000,0.000000,50
scenario_label=random,NLHQT(n=2),total_energy_uj,9227011.034825,24748.804035,9264259.916213,6860.018486,50
scenario_label=random,NLHQT(n=2),total_listening_energy_uj,9224652.963465,24746.227001,9261897.472812,6859.304169,50
scenario_label=random,NLHQT(n=2),total_transmission_energy_uj,2358.071360,3.396168,2363.346800,0.941370,50
scenario_label=random,NLHQT(n=2),total_bits,2747443.840000,1816.885689,2750250.700000,503.615019,50
scenario_label=random,NLHQT(n=2),avg_tag_bits,209.121088,0.017478,209.147930,0.004845,50
scenario_label=random,NLHQT(n=2),avg_reader_bits,65.623296,0.165889,65.881430,0.045982,50
scenario_label=random,NLHQT(n=2),avg_total_bits,274.744384,0.181689,275.025070,0.050362,50
scenario_label=random,NLHQT(n=2),avg_query_efficiency,0.548902,0.002016,0.552104,0.000559,50
scenario_label=random,NLHQT(n=2),peak_stack_depth,20.940000,0.682433,22.000000,0.189161,50
scenario_label=random,NLHQT(n=2),avg_tag_responses,9.560544,0.008739,9.573965,0.002422,50
scenario_label=random,SGCT,total_protocol_time_ms,11247.694225,32.303998,11295.596875,8.954211,50
scenario_label=random,SGCT,throughput_tags_per_sec,889.078303,2.555203,893.316058,0.708266,50
scenario_label=random,SGCT,system_efficiency,0.840629,0.002511,0.844788,0.000696,50
scenario_label=random,SGCT,collision_slots,1895.960000,35.502205,1948.000000,9.840709,50
scenario_label=random,SGCT,idle_slots,0.000000,0.000000,0.000000,0.000000,50
scenario_label=random,SGCT,total_energy_uj,5652269.284945,18764.153974,5682169.835125,5201.158123,50
scenario_label=random,SGCT,total_listening_energy_uj,5650944.696165,18760.642730,5680840.687500,5200.184856,50
scenario_label=random,SGCT,total_transmission_energy_uj,1324.588780,4.379641,1331.041150,1.213974,50
scenario_label=random,SGCT,total_bits,1654418.180000,2642.954845,1658188.200000,732.589707,50
scenario_label=random,SGCT,avg_tag_bits,132.283172,0.061652,132.364365,0.017089,50
scenario_label=random,SGCT,avg_reader_bits,33.158646,0.203970,33.463150,0.056538,50
scenario_label=random,SGCT,avg_total_bits,165.441818,0.264295,165.818820,0.073259,50
scenario_label=random,SGCT,avg_query_efficiency,5.276195,0.099344,5.442847,0.027537,50
scenario_label=random,SGCT,peak_stack_depth,258.040000,1.228239,260.000000,0.340451,50
scenario_label=random,SGCT,progressive_probe_count,949.840000,17.854697,976.000000,4.949070,50
scenario_label=random,SGCT,signature_grouping_trigger_count,947.120000,17.678120,973.000000,4.900125,50
scenario_label=random,SGCT,local_short_id_trigger_count,257.000000,0.000000,257.000000,0.000000,50
scenario_label=random,SGCT,signature_groups_pruned,65887.800000,265.171796,66276.000000,73.501872,50
scenario_label=random,SGCT,sparse_signature_groups,10946.120000,17.678120,10972.000000,4.900125,50
scenario_label=random,SGCT,signature_marker_bits,21416.620000,37.139500,21465.000000,10.294544,50
scenario_label=random,SGCT,signature_marker_tag_bits,21416.620000,37.139500,21465.000000,10.294544,50
scenario_label=random,SGCT,signature_non_idle_marker_count,10946.120000,17.678120,10972.000000,4.900125,50
scenario_label=random,SGCT,signature_collision_groups,946.120000,17.678120,972.000000,4.900125,50
scenario_label=random,SGCT,signature_singleton_groups,10000.000000,0.000000,10000.000000,0.000000,50
scenario_label=random,SGCT,low_d_fallback_count,0.000000,0.000000,0.000000,0.000000,50
scenario_label=random,SGCT,suffix_signature_trigger_count,0.000000,0.000000,0.000000,0.000000,50
scenario_label=random,SGCT,hash_short_id_round_count,0.000000,0.000000,0.000000,0.000000,50
scenario_label=random,SGCT,hash_short_id_split_count,0.000000,0.000000,0.000000,0.000000,50
scenario_label=random,SGCT,hash_short_id_collision_groups,0.000000,0.000000,0.000000,0.000000,50
scenario_label=random,SGCT,hash_short_id_singleton_groups,0.000000,0.000000,0.000000,0.000000,50
scenario_label=random,SGCT,small_cluster_guard_count,0.000000,0.000000,0.000000,0.000000,50
scenario_label=random,SGCT,max_signature_d,8.000000,0.000000,8.000000,0.000000,50
scenario_label=random,SGCT,epc_verification_count,10000.000000,0.000000,10000.000000,0.000000,50
scenario_label=random,SGCT,verify_fail_count,0.000000,0.000000,0.000000,0.000000,50
scenario_label=random,SGCT,avg_tag_responses,4.283868,0.007460,4.293600,0.002068,50
scenario_label=sequential,DQTA(k_max=3),total_protocol_time_ms,9760.685000,0.000000,9760.685000,0.000000,50
scenario_label=sequential,DQTA(k_max=3),throughput_tags_per_sec,1024.518259,0.000000,1024.518259,0.000000,50
scenario_label=sequential,DQTA(k_max=3),system_efficiency,0.635890,0.000000,0.635890,0.000000,50
scenario_label=sequential,DQTA(k_max=3),collision_slots,5723.000000,0.000000,5723.000000,0.000000,50
scenario_label=sequential,DQTA(k_max=3),idle_slots,3.000000,0.000000,3.000000,0.000000,50
scenario_label=sequential,DQTA(k_max=3),total_energy_uj,4897848.687000,0.000000,4897848.687000,0.000000,50
scenario_label=sequential,DQTA(k_max=3),total_listening_energy_uj,4896178.559000,0.000000,4896178.559000,0.000000,50
scenario_label=sequential,DQTA(k_max=3),total_transmission_energy_uj,1670.128000,0.000000,1670.128000,0.000000,50
scenario_label=sequential,DQTA(k_max=3),total_bits,1329872.000000,0.000000,1329872.000000,0.000000,50
scenario_label=sequential,DQTA(k_max=3),avg_tag_bits,65.974400,0.000000,65.974400,0.000000,50
scenario_label=sequential,DQTA(k_max=3),avg_reader_bits,67.012800,0.000000,67.012800,0.000000,50
scenario_label=sequential,DQTA(k_max=3),avg_total_bits,132.987200,0.000000,132.987200,0.000000,50
scenario_label=sequential,DQTA(k_max=3),avg_query_efficiency,1.747335,0.000000,1.747335,0.000000,50
scenario_label=sequential,DQTA(k_max=3),peak_stack_depth,25.000000,0.000000,25.000000,0.000000,50
scenario_label=sequential,DQTA(k_max=3),avg_tag_responses,4.998400,0.000000,4.998400,0.000000,50
scenario_label=sequential,DRCT,total_protocol_time_ms,17994.676250,0.000000,17994.676250,0.000000,50
scenario_label=sequential,DRCT,throughput_tags_per_sec,555.719917,0.000000,555.719917,0.000000,50
scenario_label=sequential,DRCT,system_efficiency,0.495688,0.000000,0.495688,0.000000,50
scenario_label=sequential,DRCT,collision_slots,10086.000000,0.000000,10086.000000,0.000000,50
scenario_label=sequential,DRCT,idle_slots,88.000000,0.000000,88.000000,0.000000,50
scenario_label=sequential,DRCT,total_energy_uj,9050979.850000,0.000000,9050979.850000,0.000000,50
scenario_label=sequential,DRCT,energy_per_tag_uj,905.097985,0.000000,905.097985,0.000000,50
scenario_label=sequential,DRCT,total_reader_tx_energy_uj,2533.680000,0.000000,2533.680000,0.000000,50
scenario_label=sequential,DRCT,total_tag_tx_energy_uj,1920.307000,0.000000,1920.307000,0.000000,50
scenario_label=sequential,DRCT,total_listening_energy_uj,9046525.863000,0.000000,9046525.863000,0.000000,50
scenario_label=sequential,DRCT,total_transmission_energy_uj,4453.987000,0.000000,4453.987000,0.000000,50
scenario_label=sequential,DRCT,total_bits,5107454.000000,0.000000,5107454.000000,0.000000,50
scenario_label=sequential,DRCT,avg_tag_bits,384.061400,0.000000,384.061400,0.000000,50
scenario_label=sequential,DRCT,avg_reader_bits,126.684000,0.000000,126.684000,0.000000,50
scenario_label=sequential,DRCT,avg_total_bits,510.745400,0.000000,510.745400,0.000000,50
scenario_label=sequential,DRCT,avg_query_efficiency,0.991473,0.000000,0.991473,0.000000,50
scenario_label=sequential,DRCT,peak_stack_depth,14.000000,0.000000,14.000000,0.000000,50
scenario_label=sequential,DRCT,avg_tag_responses,96.000000,0.000000,96.000000,0.000000,50
scenario_label=sequential,EAQ_CBB,total_protocol_time_ms,29938.093625,100.724944,30073.231500,27.919530,50
scenario_label=sequential,EAQ_CBB,throughput_tags_per_sec,334.026310,1.123852,335.852505,0.311516,50
scenario_label=sequential,EAQ_CBB,system_efficiency,0.525569,0.001741,0.528377,0.000483,50
scenario_label=sequential,EAQ_CBB,collision_slots,9027.200000,63.046468,9112.200000,17.475589,50
scenario_label=sequential,EAQ_CBB,idle_slots,0.000000,0.000000,0.000000,0.000000,50
scenario_label=sequential,EAQ_CBB,total_energy_uj,14980483.435665,58314.561378,15076895.493487,16163.971743,50
scenario_label=sequential,EAQ_CBB,total_listening_energy_uj,14975884.603165,58301.026614,15072271.730663,16160.220097,50
scenario_label=sequential,EAQ_CBB,total_transmission_energy_uj,4598.832500,15.203331,4619.103900,4.214148,50
scenario_label=sequential,EAQ_CBB,total_bits,2503871.440000,7984.021370,2514422.300000,2213.057815,50
scenario_label=sequential,EAQ_CBB,avg_tag_bits,27.260692,0.083275,27.400090,0.023083,50
scenario_label=sequential,EAQ_CBB,avg_reader_bits,223.126452,0.748146,224.145540,0.207376,50
scenario_label=sequential,EAQ_CBB,avg_total_bits,250.387144,0.798402,251.442230,0.221306,50
scenario_label=sequential,EAQ_CBB,avg_query_efficiency,1.107816,0.007737,1.120337,0.002145,50
scenario_label=sequential,EAQ_CBB,peak_stack_depth,2456.660000,5.255163,2466.000000,1.456657,50
scenario_label=sequential,EAQ_CBB,avg_tag_responses,3.978688,0.013509,4.001910,0.003745,50
scenario_label=sequential,EMDT,total_protocol_time_ms,13686.955100,114.198880,13845.262250,31.654315,50
scenario_label=sequential,EMDT,throughput_tags_per_sec,730.672661,6.111146,740.972924,1.693923,50
scenario_label=sequential,EMDT,system_efficiency,0.502042,0.006876,0.514932,0.001906,50
scenario_label=sequential,EMDT,collision_slots,5953.380000,114.338361,6111.050000,31.692977,50
scenario_label=sequential,EMDT,idle_slots,3968.900000,176.303339,4219.100000,48.868792,50
scenario_label=sequential,EMDT,total_energy_uj,6839962.797270,63914.229768,6941380.602375,17716.120631,50
scenario_label=sequential,EMDT,total_listening_energy_uj,6838734.942390,63915.825121,6940164.410975,17716.562840,50
scenario_label=sequential,EMDT,total_transmission_energy_uj,1227.854880,8.485016,1239.282800,2.351926,50
scenario_label=sequential,EMDT,total_bits,1722114.480000,7328.067112,1732544.700000,2031.236572,50
scenario_label=sequential,EMDT,avg_tag_bits,147.758272,0.444398,148.428000,0.123181,50
scenario_label=sequential,EMDT,avg_reader_bits,24.453176,0.332198,24.915110,0.092081,50
scenario_label=sequential,EMDT,avg_total_bits,172.211448,0.732807,173.254470,0.203124,50
scenario_label=sequential,EMDT,avg_query_efficiency,1.680329,0.032468,1.734414,0.009000,50
scenario_label=sequential,EMDT,peak_stack_depth,46.580000,1.196764,48.550000,0.331726,50
scenario_label=sequential,EMDT,avg_tag_responses,5.317246,0.022331,5.350450,0.006190,50
scenario_label=sequential,HT_EEAC,total_protocol_time_ms,80049.999150,1481.949874,82695.247125,410.775548,50
scenario_label=sequential,HT_EEAC,throughput_tags_per_sec,124.963707,2.303533,128.325818,0.638507,50
scenario_label=sequential,HT_EEAC,system_efficiency,0.061216,0.001202,0.062989,0.000333,50
scenario_label=sequential,HT_EEAC,collision_slots,147469.920000,3283.121380,153360.200000,910.034817,50
scenario_label=sequential,HT_EEAC,idle_slots,5948.180000,161.664769,6252.250000,44.811188,50
scenario_label=sequential,HT_EEAC,total_energy_uj,47157410.092293,1019323.848315,48845356.908737,282542.155704,50
scenario_label=sequential,HT_EEAC,total_listening_energy_uj,47148479.936533,1019159.867278,48836155.701337,282496.702480,50
scenario_label=sequential,HT_EEAC,total_transmission_energy_uj,8930.155760,168.121391,9229.989800,46.600872,50
scenario_label=sequential,HT_EEAC,total_bits,7074716.920000,123437.666722,7295317.300000,34215.175588,50
scenario_label=sequential,HT_EEAC,avg_tag_bits,347.951872,5.252994,357.376320,1.456056,50
scenario_label=sequential,HT_EEAC,avg_reader_bits,359.519820,7.094009,372.155410,1.966359,50
scenario_label=sequential,HT_EEAC,avg_total_bits,707.471692,12.343767,729.531730,3.421518,50
scenario_label=sequential,HT_EEAC,avg_query_efficiency,0.067843,0.001503,0.070013,0.000417,50
scenario_label=sequential,HT_EEAC,avg_tag_responses,257.022618,11.213806,274.946555,3.108309,50
scenario_label=sequential,LAPCT,total_protocol_time_ms,30901.261250,0.000000,30901.261250,0.000000,50
scenario_label=sequential,LAPCT,throughput_tags_per_sec,323.611387,0.000000,323.611387,0.000000,50
scenario_label=sequential,LAPCT,system_efficiency,0.497587,0.000000,0.497587,0.000000,50
scenario_label=sequential,LAPCT,collision_slots,10095.000000,0.000000,10095.000000,0.000000,50
scenario_label=sequential,LAPCT,idle_slots,2.000000,0.000000,2.000000,0.000000,50
scenario_label=sequential,LAPCT,total_energy_uj,15468050.924000,0.000000,15468050.924000,0.000000,50
scenario_label=sequential,LAPCT,total_listening_energy_uj,15463069.730000,0.000000,15463069.730000,0.000000,50
scenario_label=sequential,LAPCT,total_transmission_energy_uj,4981.194000,0.000000,4981.194000,0.000000,50
scenario_label=sequential,LAPCT,total_bits,2973813.000000,0.000000,2973813.000000,0.000000,50
scenario_label=sequential,LAPCT,avg_tag_bits,64.428800,0.000000,64.428800,0.000000,50
scenario_label=sequential,LAPCT,avg_reader_bits,232.952500,0.000000,232.952500,0.000000,50
scenario_label=sequential,LAPCT,avg_total_bits,297.381300,0.000000,297.381300,0.000000,50
scenario_label=sequential,LAPCT,avg_query_efficiency,0.990589,0.000000,0.990589,0.000000,50
scenario_label=sequential,LAPCT,peak_stack_depth,17.000000,0.000000,17.000000,0.000000,50
scenario_label=sequential,LAPCT,avg_tag_responses,10.995200,0.000000,10.995200,0.000000,50
scenario_label=sequential,NLHQT(n=2),total_protocol_time_ms,7161.840000,0.000000,7161.840000,0.000000,50
scenario_label=sequential,NLHQT(n=2),throughput_tags_per_sec,1396.289222,0.000000,1396.289222,0.000000,50
scenario_label=sequential,NLHQT(n=2),system_efficiency,0.428467,0.000000,0.428467,0.000000,50
scenario_label=sequential,NLHQT(n=2),collision_slots,13339.000000,0.000000,13339.000000,0.000000,50
scenario_label=sequential,NLHQT(n=2),idle_slots,0.000000,0.000000,0.000000,0.000000,50
scenario_label=sequential,NLHQT(n=2),total_energy_uj,3583741.116000,0.000000,3583741.116000,0.000000,50
scenario_label=sequential,NLHQT(n=2),total_listening_energy_uj,3582575.196000,0.000000,3582575.196000,0.000000,50
scenario_label=sequential,NLHQT(n=2),total_transmission_energy_uj,1165.920000,0.000000,1165.920000,0.000000,50
scenario_label=sequential,NLHQT(n=2),total_bits,897960.000000,0.000000,897960.000000,0.000000,50
scenario_label=sequential,NLHQT(n=2),avg_tag_bits,42.000000,0.000000,42.000000,0.000000,50
scenario_label=sequential,NLHQT(n=2),avg_reader_bits,47.796000,0.000000,47.796000,0.000000,50
scenario_label=sequential,NLHQT(n=2),avg_total_bits,89.796000,0.000000,89.796000,0.000000,50
scenario_label=sequential,NLHQT(n=2),avg_query_efficiency,0.749681,0.000000,0.749681,0.000000,50
scenario_label=sequential,NLHQT(n=2),peak_stack_depth,21.000000,0.000000,21.000000,0.000000,50
scenario_label=sequential,NLHQT(n=2),avg_tag_responses,9.000000,0.000000,9.000000,0.000000,50
scenario_label=sequential,SGCT,total_protocol_time_ms,4609.660000,0.000000,4609.660000,0.000000,50
scenario_label=sequential,SGCT,throughput_tags_per_sec,2169.357393,0.000000,2169.357393,0.000000,50
scenario_label=sequential,SGCT,system_efficiency,0.969462,0.000000,0.969462,0.000000,50
scenario_label=sequential,SGCT,collision_slots,315.000000,0.000000,315.000000,0.000000,50
scenario_label=sequential,SGCT,idle_slots,0.000000,0.000000,0.000000,0.000000,50
scenario_label=sequential,SGCT,total_energy_uj,2325443.362000,0.000000,2325443.362000,0.000000,50
scenario_label=sequential,SGCT,total_listening_energy_uj,2324736.526000,0.000000,2324736.526000,0.000000,50
scenario_label=sequential,SGCT,total_transmission_energy_uj,706.836000,0.000000,706.836000,0.000000,50
scenario_label=sequential,SGCT,total_bits,623370.000000,0.000000,623370.000000,0.000000,50
scenario_label=sequential,SGCT,avg_tag_bits,35.993600,0.000000,35.993600,0.000000,50
scenario_label=sequential,SGCT,avg_reader_bits,26.343400,0.000000,26.343400,0.000000,50
scenario_label=sequential,SGCT,avg_total_bits,62.337000,0.000000,62.337000,0.000000,50
scenario_label=sequential,SGCT,avg_query_efficiency,31.746032,0.000000,31.746032,0.000000,50
scenario_label=sequential,SGCT,peak_stack_depth,157.000000,0.000000,157.000000,0.000000,50
scenario_label=sequential,SGCT,progressive_probe_count,158.000000,0.000000,158.000000,0.000000,50
scenario_label=sequential,SGCT,signature_grouping_trigger_count,158.000000,0.000000,158.000000,0.000000,50
scenario_label=sequential,SGCT,local_short_id_trigger_count,1.000000,0.000000,1.000000,0.000000,50
scenario_label=sequential,SGCT,signature_groups_pruned,99.000000,0.000000,99.000000,0.000000,50
scenario_label=sequential,SGCT,sparse_signature_groups,10157.000000,0.000000,10157.000000,0.000000,50
scenario_label=sequential,SGCT,signature_marker_bits,20000.000000,0.000000,20000.000000,0.000000,50
scenario_label=sequential,SGCT,signature_marker_tag_bits,20000.000000,0.000000,20000.000000,0.000000,50
scenario_label=sequential,SGCT,signature_non_idle_marker_count,10157.000000,0.000000,10157.000000,0.000000,50
scenario_label=sequential,SGCT,signature_collision_groups,157.000000,0.000000,157.000000,0.000000,50
scenario_label=sequential,SGCT,signature_singleton_groups,10000.000000,0.000000,10000.000000,0.000000,50
scenario_label=sequential,SGCT,low_d_fallback_count,0.000000,0.000000,0.000000,0.000000,50
scenario_label=sequential,SGCT,suffix_signature_trigger_count,0.000000,0.000000,0.000000,0.000000,50
scenario_label=sequential,SGCT,hash_short_id_round_count,0.000000,0.000000,0.000000,0.000000,50
scenario_label=sequential,SGCT,hash_short_id_split_count,0.000000,0.000000,0.000000,0.000000,50
scenario_label=sequential,SGCT,hash_short_id_collision_groups,0.000000,0.000000,0.000000,0.000000,50
scenario_label=sequential,SGCT,hash_short_id_singleton_groups,0.000000,0.000000,0.000000,0.000000,50
scenario_label=sequential,SGCT,small_cluster_guard_count,0.000000,0.000000,0.000000,0.000000,50
scenario_label=sequential,SGCT,max_signature_d,8.000000,0.000000,8.000000,0.000000,50
scenario_label=sequential,SGCT,epc_verification_count,10000.000000,0.000000,10000.000000,0.000000,50
scenario_label=sequential,SGCT,verify_fail_count,0.000000,0.000000,0.000000,0.000000,50
scenario_label=sequential,SGCT,avg_tag_responses,4.000000,0.000000,4.000000,0.000000,50
