scenario_point,algorithm_name,metric,mean,std,p95,ci95,n
"scenario_label=clustered,TOTAL_TAGS=1000",DQTA(k_max=3),total_protocol_time_ms,1617.663575,26.579856,1662.298750,7.367560,50
"scenario_label=clustered,TOTAL_TAGS=1000",DQTA(k_max=3),throughput_tags_per_sec,618.339725,10.200559,635.606142,2.827451,50
"scenario_label=clustered,TOTAL_TAGS=1000",DQTA(k_max=3),system_efficiency,0.334282,0.006740,0.344619,0.001868,50
"scenario_label=clustered,TOTAL_TAGS=1000",DQTA(k_max=3),collision_slots,932.560000,17.701793,961.000000,4.906687,50
"scenario_label=clustered,TOTAL_TAGS=1000",DQTA(k_max=3),idle_slots,1060.120000,51.278607,1155.400000,14.213705,50
"scenario_label=clustered,TOTAL_TAGS=1000",DQTA(k_max=3),total_energy_uj,82031.985582,1604.105547,84485.749238,444.635373,50
"scenario_label=clustered,TOTAL_TAGS=1000",DQTA(k_max=3),total_listening_energy_uj,81620.931632,1604.192066,84056.869438,444.659355,50
"scenario_label=clustered,TOTAL_TAGS=1000",DQTA(k_max=3),total_transmission_energy_uj,411.053950,24.352130,447.293675,6.750066,50
"scenario_label=clustered,TOTAL_TAGS=1000",DQTA(k_max=3),total_bits,559794.800000,48874.985895,635591.650000,13547.454911,50
"scenario_label=clustered,TOTAL_TAGS=1000",DQTA(k_max=3),avg_tag_bits,472.357100,49.050822,549.259750,13.596194,50
"scenario_label=clustered,TOTAL_TAGS=1000",DQTA(k_max=3),avg_reader_bits,87.437700,1.707757,90.237650,0.473366,50
"scenario_label=clustered,TOTAL_TAGS=1000",DQTA(k_max=3),avg_total_bits,559.794800,48.874986,635.591650,13.547455,50
"scenario_label=clustered,TOTAL_TAGS=1000",DQTA(k_max=3),avg_query_efficiency,1.072697,0.020436,1.106318,0.005665,50
"scenario_label=clustered,TOTAL_TAGS=1000",DQTA(k_max=3),peak_stack_depth,17.520000,1.297407,20.000000,0.359623,50
"scenario_label=clustered,TOTAL_TAGS=1000",DQTA(k_max=3),avg_tag_responses,4.693920,0.267272,5.107100,0.074084,50
"scenario_label=clustered,TOTAL_TAGS=1000",DRCT,total_protocol_time_ms,2669.981175,41.082320,2742.479125,11.387438,50
"scenario_label=clustered,TOTAL_TAGS=1000",DRCT,throughput_tags_per_sec,374.621264,5.756867,383.436524,1.595722,50
"scenario_label=clustered,TOTAL_TAGS=1000",DRCT,system_efficiency,0.260280,0.003941,0.266344,0.001092,50
"scenario_label=clustered,TOTAL_TAGS=1000",DRCT,collision_slots,1920.440000,29.099520,1971.500000,8.065975,50
"scenario_label=clustered,TOTAL_TAGS=1000",DRCT,idle_slots,922.440000,29.099520,973.500000,8.065975,50
"scenario_label=clustered,TOTAL_TAGS=1000",DRCT,total_energy_uj,137275.557965,2254.399861,140929.670187,624.887760,50
"scenario_label=clustered,TOTAL_TAGS=1000",DRCT,energy_per_tag_uj,137.275558,2.254400,140.929670,0.624888,50
"scenario_label=clustered,TOTAL_TAGS=1000",DRCT,total_reader_tx_energy_uj,347.146400,5.796612,357.421800,1.606739,50
"scenario_label=clustered,TOTAL_TAGS=1000",DRCT,total_tag_tx_energy_uj,157.475690,0.204796,157.763600,0.056767,50
"scenario_label=clustered,TOTAL_TAGS=1000",DRCT,total_listening_energy_uj,136770.935875,2249.044414,140413.825663,623.403306,50
"scenario_label=clustered,TOTAL_TAGS=1000",DRCT,total_transmission_energy_uj,504.622090,5.938088,515.106700,1.645954,50
"scenario_label=clustered,TOTAL_TAGS=1000",DRCT,total_bits,488524.580000,3191.579374,494080.700000,884.660668,50
"scenario_label=clustered,TOTAL_TAGS=1000",DRCT,avg_tag_bits,314.951380,0.409593,315.527200,0.113533,50
"scenario_label=clustered,TOTAL_TAGS=1000",DRCT,avg_reader_bits,173.573200,2.898306,178.710900,0.803369,50
"scenario_label=clustered,TOTAL_TAGS=1000",DRCT,avg_total_bits,488.524580,3.191579,494.080700,0.884661,50
"scenario_label=clustered,TOTAL_TAGS=1000",DRCT,avg_query_efficiency,0.520831,0.007890,0.532971,0.002187,50
"scenario_label=clustered,TOTAL_TAGS=1000",DRCT,peak_stack_depth,9.880000,0.824126,11.550000,0.228436,50
"scenario_label=clustered,TOTAL_TAGS=1000",DRCT,avg_tag_responses,72.279960,0.062308,72.391200,0.017271,50
"scenario_label=clustered,TOTAL_TAGS=1000",EAQ_CBB,total_protocol_time_ms,2637.293300,76.011200,2750.099250,21.069230,50
"scenario_label=clustered,TOTAL_TAGS=1000",EAQ_CBB,throughput_tags_per_sec,379.482735,10.847751,394.092922,3.006843,50
"scenario_label=clustered,TOTAL_TAGS=1000",EAQ_CBB,system_efficiency,0.489454,0.021067,0.520048,0.005840,50
"scenario_label=clustered,TOTAL_TAGS=1000",EAQ_CBB,collision_slots,1046.840000,88.999968,1175.900000,24.669532,50
"scenario_label=clustered,TOTAL_TAGS=1000",EAQ_CBB,idle_slots,0.000000,0.000000,0.000000,0.000000,50
"scenario_label=clustered,TOTAL_TAGS=1000",EAQ_CBB,total_energy_uj,132184.984050,3874.102725,138261.238131,1073.846489,50
"scenario_label=clustered,TOTAL_TAGS=1000",EAQ_CBB,total_listening_energy_uj,131758.604510,3861.560782,137817.597956,1070.370040,50
"scenario_label=clustered,TOTAL_TAGS=1000",EAQ_CBB,total_transmission_energy_uj,426.379540,12.827434,445.684500,3.555583,50
"scenario_label=clustered,TOTAL_TAGS=1000",EAQ_CBB,total_bits,320022.200000,15305.457595,342882.000000,4242.456399,50
"scenario_label=clustered,TOTAL_TAGS=1000",EAQ_CBB,avg_tag_bits,142.443240,12.017298,160.059300,3.331025,50
"scenario_label=clustered,TOTAL_TAGS=1000",EAQ_CBB,avg_reader_bits,177.578960,3.586903,182.922600,0.994239,50
"scenario_label=clustered,TOTAL_TAGS=1000",EAQ_CBB,avg_total_bits,320.022200,15.305458,342.882000,4.242456,50
"scenario_label=clustered,TOTAL_TAGS=1000",EAQ_CBB,avg_query_efficiency,0.961960,0.081078,1.083542,0.022474,50
"scenario_label=clustered,TOTAL_TAGS=1000",EAQ_CBB,peak_stack_depth,248.180000,2.904536,253.000000,0.805096,50
"scenario_label=clustered,TOTAL_TAGS=1000",EAQ_CBB,avg_tag_responses,4.368480,0.260626,4.757300,0.072242,50
"scenario_label=clustered,TOTAL_TAGS=1000",EMDT,total_protocol_time_ms,1339.500900,41.038590,1419.031250,11.375317,50
"scenario_label=clustered,TOTAL_TAGS=1000",EMDT,throughput_tags_per_sec,747.225563,22.624604,781.106984,6.271220,50
"scenario_label=clustered,TOTAL_TAGS=1000",EMDT,system_efficiency,0.562991,0.029528,0.604632,0.008185,50
"scenario_label=clustered,TOTAL_TAGS=1000",EMDT,collision_slots,564.120000,45.943017,653.950000,12.734755,50
"scenario_label=clustered,TOTAL_TAGS=1000",EMDT,idle_slots,217.000000,50.123521,308.600000,13.893531,50
"scenario_label=clustered,TOTAL_TAGS=1000",EMDT,total_energy_uj,67152.400805,2523.243549,71922.662100,699.407429,50
"scenario_label=clustered,TOTAL_TAGS=1000",EMDT,total_listening_energy_uj,67026.661045,2524.528449,71801.917100,699.763585,50
"scenario_label=clustered,TOTAL_TAGS=1000",EMDT,total_transmission_energy_uj,125.739760,2.895934,129.938600,0.802712,50
"scenario_label=clustered,TOTAL_TAGS=1000",EMDT,total_bits,167365.160000,2843.057225,171111.700000,788.055257,50
"scenario_label=clustered,TOTAL_TAGS=1000",EMDT,avg_tag_bits,139.327040,1.924638,141.894400,0.533482,50
"scenario_label=clustered,TOTAL_TAGS=1000",EMDT,avg_reader_bits,28.038120,1.013514,29.550400,0.280932,50
"scenario_label=clustered,TOTAL_TAGS=1000",EMDT,avg_total_bits,167.365160,2.843057,171.111700,0.788055,50
"scenario_label=clustered,TOTAL_TAGS=1000",EMDT,avg_query_efficiency,1.783969,0.142146,2.004418,0.039401,50
"scenario_label=clustered,TOTAL_TAGS=1000",EMDT,peak_stack_depth,34.160000,1.433705,36.000000,0.397403,50
"scenario_label=clustered,TOTAL_TAGS=1000",EMDT,avg_tag_responses,4.539900,0.067992,4.661600,0.018846,50
"scenario_label=clustered,TOTAL_TAGS=1000",HT_EEAC,total_protocol_time_ms,2609.204850,70.090995,2711.556375,19.428233,50
"scenario_label=clustered,TOTAL_TAGS=1000",HT_EEAC,throughput_tags_per_sec,383.532761,10.421732,401.853288,2.888757,50
"scenario_label=clustered,TOTAL_TAGS=1000",HT_EEAC,system_efficiency,0.213066,0.007925,0.225999,0.002197,50
"scenario_label=clustered,TOTAL_TAGS=1000",HT_EEAC,collision_slots,2525.580000,118.010046,2713.200000,32.710716,50
"scenario_label=clustered,TOTAL_TAGS=1000",HT_EEAC,idle_slots,1174.080000,102.999077,1308.250000,28.549887,50
"scenario_label=clustered,TOTAL_TAGS=1000",HT_EEAC,total_energy_uj,148795.768405,4390.360471,154847.798750,1216.945835,50
"scenario_label=clustered,TOTAL_TAGS=1000",HT_EEAC,total_listening_energy_uj,148512.778725,4383.304399,154553.197350,1214.989992,50
"scenario_label=clustered,TOTAL_TAGS=1000",HT_EEAC,total_transmission_energy_uj,282.989680,8.360254,295.605800,2.317344,50
"scenario_label=clustered,TOTAL_TAGS=1000",HT_EEAC,total_bits,255801.800000,5433.112871,263214.900000,1505.982054,50
"scenario_label=clustered,TOTAL_TAGS=1000",HT_EEAC,avg_tag_bits,152.409280,1.888161,155.411200,0.523371,50
"scenario_label=clustered,TOTAL_TAGS=1000",HT_EEAC,avg_reader_bits,103.392520,3.788095,109.090300,1.050006,50
"scenario_label=clustered,TOTAL_TAGS=1000",HT_EEAC,avg_total_bits,255.801800,5.433113,263.214900,1.505982,50
"scenario_label=clustered,TOTAL_TAGS=1000",HT_EEAC,avg_query_efficiency,0.396820,0.019079,0.429113,0.005289,50
"scenario_label=clustered,TOTAL_TAGS=1000",HT_EEAC,avg_tag_responses,82.141400,12.310220,96.810400,3.412219,50
"scenario_label=clustered,TOTAL_TAGS=1000",LAPCT,total_protocol_time_ms,2937.865500,3.178693,2943.364375,0.881089,50
"scenario_label=clustered,TOTAL_TAGS=1000",LAPCT,throughput_tags_per_sec,340.383570,0.368143,340.871348,0.102044,50
"scenario_label=clustered,TOTAL_TAGS=1000",LAPCT,system_efficiency,0.493292,0.000688,0.494315,0.000191,50
"scenario_label=clustered,TOTAL_TAGS=1000",LAPCT,collision_slots,1021.000000,2.356060,1025.000000,0.653067,50
"scenario_label=clustered,TOTAL_TAGS=1000",LAPCT,idle_slots,6.200000,1.916630,8.000000,0.531263,50
"scenario_label=clustered,TOTAL_TAGS=1000",LAPCT,total_energy_uj,148137.591623,206.263831,148567.022875,57.173417,50
"scenario_label=clustered,TOTAL_TAGS=1000",LAPCT,total_listening_energy_uj,147531.786442,196.451113,147941.708900,54.453470,50
"scenario_label=clustered,TOTAL_TAGS=1000",LAPCT,total_transmission_energy_uj,605.805180,12.026430,629.008475,3.333556,50
"scenario_label=clustered,TOTAL_TAGS=1000",LAPCT,total_bits,587206.740000,23323.032156,632570.800000,6464.814684,50
"scenario_label=clustered,TOTAL_TAGS=1000",LAPCT,avg_tag_bits,379.072200,23.080564,424.088750,6.397606,50
"scenario_label=clustered,TOTAL_TAGS=1000",LAPCT,avg_reader_bits,208.134540,0.261745,208.585200,0.072552,50
"scenario_label=clustered,TOTAL_TAGS=1000",LAPCT,avg_total_bits,587.206740,23.323032,632.570800,6.464815,50
"scenario_label=clustered,TOTAL_TAGS=1000",LAPCT,avg_query_efficiency,0.979437,0.002262,0.983284,0.000627,50
"scenario_label=clustered,TOTAL_TAGS=1000",LAPCT,peak_stack_depth,13.040000,0.879703,14.000000,0.243841,50
"scenario_label=clustered,TOTAL_TAGS=1000",LAPCT,avg_tag_responses,9.541160,0.363764,10.172750,0.100830,50
"scenario_label=clustered,TOTAL_TAGS=1000",NLHQT(n=2),total_protocol_time_ms,2738.904425,27.244650,2780.844625,7.551832,50
"scenario_label=clustered,TOTAL_TAGS=1000",NLHQT(n=2),throughput_tags_per_sec,365.144949,3.637862,370.025373,1.008364,50
"scenario_label=clustered,TOTAL_TAGS=1000",NLHQT(n=2),system_efficiency,0.303320,0.002434,0.307258,0.000675,50
"scenario_label=clustered,TOTAL_TAGS=1000",NLHQT(n=2),collision_slots,2297.060000,26.430046,2336.300000,7.326035,50
"scenario_label=clustered,TOTAL_TAGS=1000",NLHQT(n=2),idle_slots,0.000000,0.000000,0.000000,0.000000,50
"scenario_label=clustered,TOTAL_TAGS=1000",NLHQT(n=2),total_energy_uj,139566.339675,1420.092848,141467.807575,393.629655,50
"scenario_label=clustered,TOTAL_TAGS=1000",NLHQT(n=2),total_listening_energy_uj,139078.032895,1416.258077,140974.698025,392.566711,50
"scenario_label=clustered,TOTAL_TAGS=1000",NLHQT(n=2),total_transmission_energy_uj,488.306780,4.291849,494.652850,1.189640,50
"scenario_label=clustered,TOTAL_TAGS=1000",NLHQT(n=2),total_bits,443617.000000,2900.612863,447480.500000,804.008866,50
"scenario_label=clustered,TOTAL_TAGS=1000",NLHQT(n=2),avg_tag_bits,265.951480,1.219619,266.867700,0.338061,50
"scenario_label=clustered,TOTAL_TAGS=1000",NLHQT(n=2),avg_reader_bits,177.665520,1.925445,180.608400,0.533706,50
"scenario_label=clustered,TOTAL_TAGS=1000",NLHQT(n=2),avg_total_bits,443.617000,2.900613,447.480500,0.804009,50
"scenario_label=clustered,TOTAL_TAGS=1000",NLHQT(n=2),avg_query_efficiency,0.435396,0.005018,0.443539,0.001391,50
"scenario_label=clustered,TOTAL_TAGS=1000",NLHQT(n=2),peak_stack_depth,15.440000,0.907115,17.000000,0.251439,50
"scenario_label=clustered,TOTAL_TAGS=1000",NLHQT(n=2),avg_tag_responses,38.185740,0.306093,38.433850,0.084845,50
"scenario_label=clustered,TOTAL_TAGS=1000",SGCT,total_protocol_time_ms,1252.550100,9.851722,1269.619500,2.730758,50
"scenario_label=clustered,TOTAL_TAGS=1000",SGCT,throughput_tags_per_sec,798.419639,6.276885,808.425254,1.739864,50
"scenario_label=clustered,TOTAL_TAGS=1000",SGCT,system_efficiency,0.769187,0.003458,0.774985,0.000959,50
"scenario_label=clustered,TOTAL_TAGS=1000",SGCT,collision_slots,300.100000,5.845808,310.550000,1.620375,50
"scenario_label=clustered,TOTAL_TAGS=1000",SGCT,idle_slots,0.000000,0.000000,0.000000,0.000000,50
"scenario_label=clustered,TOTAL_TAGS=1000",SGCT,total_energy_uj,63497.605445,718.608106,64513.423969,199.188004,50
"scenario_label=clustered,TOTAL_TAGS=1000",SGCT,total_listening_energy_uj,63332.963695,717.515081,64348.019369,198.885034,50
"scenario_label=clustered,TOTAL_TAGS=1000",SGCT,total_transmission_energy_uj,164.641750,1.768314,167.505125,0.490152,50
"scenario_label=clustered,TOTAL_TAGS=1000",SGCT,total_bits,154350.500000,2102.264040,159971.050000,582.717862,50
"scenario_label=clustered,TOTAL_TAGS=1000",SGCT,avg_tag_bits,96.039500,1.897159,101.639050,0.525866,50
"scenario_label=clustered,TOTAL_TAGS=1000",SGCT,avg_reader_bits,58.311000,0.684794,59.549550,0.189815,50
"scenario_label=clustered,TOTAL_TAGS=1000",SGCT,avg_total_bits,154.350500,2.102264,159.971050,0.582718,50
"scenario_label=clustered,TOTAL_TAGS=1000",SGCT,avg_query_efficiency,3.333462,0.064939,3.444210,0.018000,50
"scenario_label=clustered,TOTAL_TAGS=1000",SGCT,peak_stack_depth,22.880000,0.328261,23.000000,0.090989,50
"scenario_label=clustered,TOTAL_TAGS=1000",SGCT,progressive_probe_count,150.800000,2.927700,156.000000,0.811517,50
"scenario_label=clustered,TOTAL_TAGS=1000",SGCT,signature_grouping_trigger_count,150.280000,2.948815,155.550000,0.817370,50
"scenario_label=clustered,TOTAL_TAGS=1000",SGCT,local_short_id_trigger_count,128.740000,0.486973,129.000000,0.134982,50
"scenario_label=clustered,TOTAL_TAGS=1000",SGCT,signature_groups_pruned,32152.820000,132.752292,32286.000000,36.797058,50
"scenario_label=clustered,TOTAL_TAGS=1000",SGCT,sparse_signature_groups,1149.260000,2.947223,1154.550000,0.816928,50
"scenario_label=clustered,TOTAL_TAGS=1000",SGCT,signature_marker_bits,3051.740000,76.205900,3276.650000,21.123198,50
"scenario_label=clustered,TOTAL_TAGS=1000",SGCT,signature_marker_tag_bits,3051.740000,76.205900,3276.650000,21.123198,50
"scenario_label=clustered,TOTAL_TAGS=1000",SGCT,signature_non_idle_marker_count,1149.260000,2.947223,1154.550000,0.816928,50
"scenario_label=clustered,TOTAL_TAGS=1000",SGCT,signature_collision_groups,149.300000,2.957177,154.550000,0.819688,50
"scenario_label=clustered,TOTAL_TAGS=1000",SGCT,signature_singleton_groups,999.960000,0.282843,1000.000000,0.078400,50
"scenario_label=clustered,TOTAL_TAGS=1000",SGCT,low_d_fallback_count,0.020000,0.141421,0.000000,0.039200,50
"scenario_label=clustered,TOTAL_TAGS=1000",SGCT,suffix_signature_trigger_count,0.000000,0.000000,0.000000,0.000000,50
"scenario_label=clustered,TOTAL_TAGS=1000",SGCT,hash_short_id_round_count,0.000000,0.000000,0.000000,0.000000,50
"scenario_label=clustered,TOTAL_TAGS=1000",SGCT,hash_short_id_split_count,0.000000,0.000000,0.000000,0.000000,50
"scenario_label=clustered,TOTAL_TAGS=1000",SGCT,hash_short_id_collision_groups,0.000000,0.000000,0.000000,0.000000,50
"scenario_label=clustered,TOTAL_TAGS=1000",SGCT,hash_short_id_singleton_groups,0.000000,0.000000,0.000000,0.000000,50
"scenario_label=clustered,TOTAL_TAGS=1000",SGCT,small_cluster_guard_count,0.000000,0.000000,0.000000,0.000000,50
"scenario_label=clustered,TOTAL_TAGS=1000",SGCT,max_signature_d,8.000000,0.000000,8.000000,0.000000,50
"scenario_label=clustered,TOTAL_TAGS=1000",SGCT,epc_verification_count,1000.000000,0.000000,1000.000000,0.000000,50
"scenario_label=clustered,TOTAL_TAGS=1000",SGCT,verify_fail_count,0.000000,0.000000,0.000000,0.000000,50
"scenario_label=clustered,TOTAL_TAGS=1000",SGCT,avg_tag_responses,6.104660,0.152344,6.553300,0.042228,50
"scenario_label=clustered,TOTAL_TAGS=10000",DQTA(k_max=3),total_protocol_time_ms,16126.636625,86.009411,16257.444375,23.840592,50
"scenario_label=clustered,TOTAL_TAGS=10000",DQTA(k_max=3),throughput_tags_per_sec,620.109368,3.303503,625.085098,0.915684,50
"scenario_label=clustered,TOTAL_TAGS=10000",DQTA(k_max=3),system_efficiency,0.330269,0.001830,0.333183,0.000507,50
"scenario_label=clustered,TOTAL_TAGS=10000",DQTA(k_max=3),collision_slots,9295.000000,57.980996,9385.000000,16.071512,50
"scenario_label=clustered,TOTAL_TAGS=10000",DQTA(k_max=3),idle_slots,10984.220000,145.932231,11242.950000,40.450351,50
"scenario_label=clustered,TOTAL_TAGS=10000",DQTA(k_max=3),total_energy_uj,8074568.576840,45009.477659,8159122.959144,12475.990693,50
"scenario_label=clustered,TOTAL_TAGS=10000",DQTA(k_max=3),total_listening_energy_uj,8070153.034210,45010.598066,8154828.544119,12476.301254,50
"scenario_label=clustered,TOTAL_TAGS=10000",DQTA(k_max=3),total_transmission_energy_uj,4415.542630,218.041459,4780.028175,60.438009,50
"scenario_label=clustered,TOTAL_TAGS=10000",DQTA(k_max=3),total_bits,6116870.300000,437111.485491,6851560.050000,121161.122246,50
"scenario_label=clustered,TOTAL_TAGS=10000",DQTA(k_max=3),avg_tag_bits,521.213198,43.760643,594.872795,12.129831,50
"scenario_label=clustered,TOTAL_TAGS=10000",DQTA(k_max=3),avg_reader_bits,90.473832,0.577839,91.353870,0.160169,50
"scenario_label=clustered,TOTAL_TAGS=10000",DQTA(k_max=3),avg_total_bits,611.687030,43.711149,685.156005,12.116112,50
"scenario_label=clustered,TOTAL_TAGS=10000",DQTA(k_max=3),avg_query_efficiency,1.075888,0.006701,1.085883,0.001857,50
"scenario_label=clustered,TOTAL_TAGS=10000",DQTA(k_max=3),peak_stack_depth,25.600000,0.947607,27.000000,0.262663,50
"scenario_label=clustered,TOTAL_TAGS=10000",DQTA(k_max=3),avg_tag_responses,5.819026,0.239402,6.232865,0.066359,50
"scenario_label=clustered,TOTAL_TAGS=10000",DRCT,total_protocol_time_ms,23176.630750,129.994803,23390.062562,36.032721,50
"scenario_label=clustered,TOTAL_TAGS=10000",DRCT,throughput_tags_per_sec,431.482408,2.421138,435.180862,0.671105,50
"scenario_label=clustered,TOTAL_TAGS=10000",DRCT,system_efficiency,0.335343,0.001986,0.338297,0.000550,50
"scenario_label=clustered,TOTAL_TAGS=10000",DRCT,collision_slots,14909.600000,88.232300,15050.800000,24.456746,50
"scenario_label=clustered,TOTAL_TAGS=10000",DRCT,idle_slots,4911.600000,88.232300,5052.800000,24.456746,50
"scenario_label=clustered,TOTAL_TAGS=10000",DRCT,total_energy_uj,11631603.851488,72153.309810,11754300.932550,19999.877103,50
"scenario_label=clustered,TOTAL_TAGS=10000",DRCT,energy_per_tag_uj,1163.160385,7.215331,1175.430093,1.999988,50
"scenario_label=clustered,TOTAL_TAGS=10000",DRCT,total_reader_tx_energy_uj,3059.141800,18.551323,3089.581200,5.142164,50
"scenario_label=clustered,TOTAL_TAGS=10000",DRCT,total_tag_tx_energy_uj,1623.992630,0.543390,1624.845100,0.150620,50
"scenario_label=clustered,TOTAL_TAGS=10000",DRCT,total_listening_energy_uj,11626920.717058,72138.161086,11749594.578850,19995.678091,50
"scenario_label=clustered,TOTAL_TAGS=10000",DRCT,total_transmission_energy_uj,4683.134430,18.846977,4714.313775,5.224116,50
"scenario_label=clustered,TOTAL_TAGS=10000",DRCT,total_bits,4777556.160000,9898.519191,4794325.250000,2743.729537,50
"scenario_label=clustered,TOTAL_TAGS=10000",DRCT,avg_tag_bits,324.798526,0.108678,324.969020,0.030124,50
"scenario_label=clustered,TOTAL_TAGS=10000",DRCT,avg_reader_bits,152.957090,0.927566,154.479060,0.257108,50
"scenario_label=clustered,TOTAL_TAGS=10000",DRCT,avg_total_bits,477.755616,0.989852,479.432525,0.274373,50
"scenario_label=clustered,TOTAL_TAGS=10000",DRCT,avg_query_efficiency,0.670732,0.003972,0.676640,0.001101,50
"scenario_label=clustered,TOTAL_TAGS=10000",DRCT,peak_stack_depth,13.320000,0.998775,15.000000,0.276846,50
"scenario_label=clustered,TOTAL_TAGS=10000",DRCT,avg_tag_responses,75.619320,0.018056,75.648390,0.005005,50
"scenario_label=clustered,TOTAL_TAGS=10000",EAQ_CBB,total_protocol_time_ms,26295.905850,565.707740,27344.250375,156.806185,50
"scenario_label=clustered,TOTAL_TAGS=10000",EAQ_CBB,throughput_tags_per_sec,380.456542,8.030759,392.416454,2.226013,50
"scenario_label=clustered,TOTAL_TAGS=10000",EAQ_CBB,system_efficiency,0.491196,0.015942,0.515194,0.004419,50
"scenario_label=clustered,TOTAL_TAGS=10000",EAQ_CBB,collision_slots,10380.080000,680.548993,11599.300000,188.638557,50
"scenario_label=clustered,TOTAL_TAGS=10000",EAQ_CBB,idle_slots,0.000000,0.000000,0.000000,0.000000,50
"scenario_label=clustered,TOTAL_TAGS=10000",EAQ_CBB,total_energy_uj,13155264.320035,278385.251344,13676587.482538,77164.454811,50
"scenario_label=clustered,TOTAL_TAGS=10000",EAQ_CBB,total_listening_energy_uj,13151016.356375,278291.956230,13672164.443688,77138.594725,50
"scenario_label=clustered,TOTAL_TAGS=10000",EAQ_CBB,total_transmission_energy_uj,4247.963660,93.754448,4423.038850,25.987407,50
"scenario_label=clustered,TOTAL_TAGS=10000",EAQ_CBB,total_bits,3180079.240000,112555.553687,3391857.500000,31198.807747,50
"scenario_label=clustered,TOTAL_TAGS=10000",EAQ_CBB,avg_tag_bits,140.812988,8.782835,157.378410,2.434478,50
"scenario_label=clustered,TOTAL_TAGS=10000",EAQ_CBB,avg_reader_bits,177.194936,2.520918,181.807340,0.698763,50
"scenario_label=clustered,TOTAL_TAGS=10000",EAQ_CBB,avg_total_bits,318.007924,11.255555,339.185750,3.119881,50
"scenario_label=clustered,TOTAL_TAGS=10000",EAQ_CBB,avg_query_efficiency,0.967249,0.060513,1.063126,0.016773,50
"scenario_label=clustered,TOTAL_TAGS=10000",EAQ_CBB,peak_stack_depth,2457.860000,6.549685,2467.000000,1.815480,50
"scenario_label=clustered,TOTAL_TAGS=10000",EAQ_CBB,avg_tag_responses,4.332748,0.191818,4.671200,0.053169,50
"scenario_label=clustered,TOTAL_TAGS=10000",EMDT,total_protocol_time_ms,13689.568550,123.669625,13904.396125,34.279471,50
"scenario_label=clustered,TOTAL_TAGS=10000",EMDT,throughput_tags_per_sec,730.541678,6.604566,739.161872,1.830692,50
"scenario_label=clustered,TOTAL_TAGS=10000",EMDT,system_efficiency,0.501878,0.006594,0.510208,0.001828,50
"scenario_label=clustered,TOTAL_TAGS=10000",EMDT,collision_slots,5954.240000,127.826023,6173.850000,35.431566,50
"scenario_label=clustered,TOTAL_TAGS=10000",EMDT,idle_slots,3974.300000,150.098777,4248.750000,41.605258,50
"scenario_label=clustered,TOTAL_TAGS=10000",EMDT,total_energy_uj,6846640.978810,64083.149831,6954969.474050,17762.942884,50
"scenario_label=clustered,TOTAL_TAGS=10000",EMDT,total_listening_energy_uj,6845412.717210,64081.885098,6953745.789050,17762.592318,50
"scenario_label=clustered,TOTAL_TAGS=10000",EMDT,total_transmission_energy_uj,1228.261600,7.563915,1241.186600,2.096610,50
"scenario_label=clustered,TOTAL_TAGS=10000",EMDT,total_bits,1722376.160000,6439.198402,1733560.300000,1784.854735,50
"scenario_label=clustered,TOTAL_TAGS=10000",EMDT,avg_tag_bits,147.766048,0.395930,148.434480,0.109746,50
"scenario_label=clustered,TOTAL_TAGS=10000",EMDT,avg_reader_bits,24.471568,0.302801,25.003330,0.083932,50
"scenario_label=clustered,TOTAL_TAGS=10000",EMDT,avg_total_bits,172.237616,0.643920,173.356030,0.178485,50
"scenario_label=clustered,TOTAL_TAGS=10000",EMDT,avg_query_efficiency,1.680237,0.036220,1.729821,0.010040,50
"scenario_label=clustered,TOTAL_TAGS=10000",EMDT,peak_stack_depth,46.820000,1.304466,49.000000,0.361580,50
"scenario_label=clustered,TOTAL_TAGS=10000",EMDT,avg_tag_responses,5.318102,0.024684,5.351975,0.006842,50
"scenario_label=clustered,TOTAL_TAGS=10000",HT_EEAC,total_protocol_time_ms,79731.992100,1411.516205,81815.929125,391.252331,50
"scenario_label=clustered,TOTAL_TAGS=10000",HT_EEAC,throughput_tags_per_sec,125.458988,2.238204,129.599133,0.620398,50
"scenario_label=clustered,TOTAL_TAGS=10000",HT_EEAC,system_efficiency,0.061475,0.001171,0.063641,0.000324,50
"scenario_label=clustered,TOTAL_TAGS=10000",HT_EEAC,collision_slots,146770.780000,3123.531859,151440.650000,865.798859,50
"scenario_label=clustered,TOTAL_TAGS=10000",HT_EEAC,idle_slots,5953.660000,144.227797,6211.950000,39.977906,50
"scenario_label=clustered,TOTAL_TAGS=10000",HT_EEAC,total_energy_uj,46879169.555215,925535.398685,48231029.438026,256545.323802,50
"scenario_label=clustered,TOTAL_TAGS=10000",HT_EEAC,total_listening_energy_uj,46870275.513615,925379.562534,48221872.991026,256502.128225,50
"scenario_label=clustered,TOTAL_TAGS=10000",HT_EEAC,total_transmission_energy_uj,8894.041600,160.156257,9130.725000,44.393049,50
"scenario_label=clustered,TOTAL_TAGS=10000",HT_EEAC,total_bits,7048270.160000,117543.269056,7221554.100000,32581.331912,50
"scenario_label=clustered,TOTAL_TAGS=10000",HT_EEAC,avg_tag_bits,346.833248,4.997651,354.305040,1.385278,50
"scenario_label=clustered,TOTAL_TAGS=10000",HT_EEAC,avg_reader_bits,357.993768,6.759400,367.996530,1.873610,50
"scenario_label=clustered,TOTAL_TAGS=10000",HT_EEAC,avg_total_bits,704.827016,11.754327,722.155410,3.258133,50
"scenario_label=clustered,TOTAL_TAGS=10000",HT_EEAC,avg_query_efficiency,0.068164,0.001464,0.070885,0.000406,50
"scenario_label=clustered,TOTAL_TAGS=10000",HT_EEAC,avg_tag_responses,254.984232,10.742289,275.258545,2.977610,50
"scenario_label=clustered,TOTAL_TAGS=10000",LAPCT,total_protocol_time_ms,29656.567450,10.685636,29676.989375,2.961907,50
"scenario_label=clustered,TOTAL_TAGS=10000",LAPCT,throughput_tags_per_sec,337.193483,0.121483,337.340771,0.033674,50
"scenario_label=clustered,TOTAL_TAGS=10000",LAPCT,system_efficiency,0.497951,0.000209,0.498380,0.000058,50
"scenario_label=clustered,TOTAL_TAGS=10000",LAPCT,collision_slots,10076.120000,9.511840,10087.000000,2.636548,50
"scenario_label=clustered,TOTAL_TAGS=10000",LAPCT,idle_slots,6.200000,1.916630,8.000000,0.531263,50
"scenario_label=clustered,TOTAL_TAGS=10000",LAPCT,total_energy_uj,14843476.966805,6739.832949,14854009.766869,1868.186380,50
"scenario_label=clustered,TOTAL_TAGS=10000",LAPCT,total_listening_energy_uj,14837092.197515,6657.064291,14847463.278419,1845.244079,50
"scenario_label=clustered,TOTAL_TAGS=10000",LAPCT,total_transmission_energy_uj,6384.769290,106.219612,6577.630175,29.442574,50
"scenario_label=clustered,TOTAL_TAGS=10000",LAPCT,total_bits,6394004.040000,209896.661285,6775083.400000,58180.386197,50
"scenario_label=clustered,TOTAL_TAGS=10000",LAPCT,avg_tag_bits,426.882586,20.905086,464.835775,5.794594,50
"scenario_label=clustered,TOTAL_TAGS=10000",LAPCT,avg_reader_bits,212.517818,0.094767,212.699790,0.026268,50
"scenario_label=clustered,TOTAL_TAGS=10000",LAPCT,avg_total_bits,639.400404,20.989666,677.508340,5.818039,50
"scenario_label=clustered,TOTAL_TAGS=10000",LAPCT,avg_query_efficiency,0.992446,0.000937,0.994332,0.000260,50
"scenario_label=clustered,TOTAL_TAGS=10000",LAPCT,peak_stack_depth,17.740000,0.828325,19.000000,0.229600,50
"scenario_label=clustered,TOTAL_TAGS=10000",LAPCT,avg_tag_responses,11.862604,0.333898,12.491985,0.092552,50
"scenario_label=clustered,TOTAL_TAGS=10000",NLHQT(n=2),total_protocol_time_ms,25145.650375,181.632446,25353.489875,50.345945,50
"scenario_label=clustered,TOTAL_TAGS=10000",NLHQT(n=2),throughput_tags_per_sec,397.703541,2.888851,403.823573,0.800749,50
"scenario_label=clustered,TOTAL_TAGS=10000",NLHQT(n=2),system_efficiency,0.348737,0.001101,0.350514,0.000305,50
"scenario_label=clustered,TOTAL_TAGS=10000",NLHQT(n=2),collision_slots,18675.200000,90.541906,18830.650000,25.096936,50
"scenario_label=clustered,TOTAL_TAGS=10000",NLHQT(n=2),idle_slots,0.000000,0.000000,0.000000,0.000000,50
"scenario_label=clustered,TOTAL_TAGS=10000",NLHQT(n=2),total_energy_uj,12607463.206447,96208.049487,12723575.060687,26667.510765,50
"scenario_label=clustered,TOTAL_TAGS=10000",NLHQT(n=2),total_listening_energy_uj,12602700.677728,96174.192145,12718775.381388,26658.125989,50
"scenario_label=clustered,TOTAL_TAGS=10000",NLHQT(n=2),total_transmission_energy_uj,4762.528720,35.183826,4800.051000,9.752459,50
"scenario_label=clustered,TOTAL_TAGS=10000",NLHQT(n=2),total_bits,4398183.200000,28558.888651,4426078.200000,7916.120061,50
"scenario_label=clustered,TOTAL_TAGS=10000",NLHQT(n=2),avg_tag_bits,268.922512,1.508445,270.144320,0.418120,50
"scenario_label=clustered,TOTAL_TAGS=10000",NLHQT(n=2),avg_reader_bits,170.895808,1.405877,172.467460,0.389689,50
"scenario_label=clustered,TOTAL_TAGS=10000",NLHQT(n=2),avg_total_bits,439.818320,2.855889,442.607820,0.791612,50
"scenario_label=clustered,TOTAL_TAGS=10000",NLHQT(n=2),avg_query_efficiency,0.535482,0.002596,0.539680,0.000720,50
"scenario_label=clustered,TOTAL_TAGS=10000",NLHQT(n=2),peak_stack_depth,20.320000,0.913392,22.000000,0.253179,50
"scenario_label=clustered,TOTAL_TAGS=10000",NLHQT(n=2),avg_tag_responses,39.761256,0.376351,40.072160,0.104319,50
"scenario_label=clustered,TOTAL_TAGS=10000",SGCT,total_protocol_time_ms,10175.358575,98.995444,10335.011875,27.440137,50
"scenario_label=clustered,TOTAL_TAGS=10000",SGCT,throughput_tags_per_sec,982.857703,9.582513,999.211225,2.656137,50
"scenario_label=clustered,TOTAL_TAGS=10000",SGCT,system_efficiency,0.781736,0.003657,0.787901,0.001014,50
"scenario_label=clustered,TOTAL_TAGS=10000",SGCT,collision_slots,2792.320000,59.787870,2890.000000,16.572352,50
"scenario_label=clustered,TOTAL_TAGS=10000",SGCT,idle_slots,0.000000,0.000000,0.000000,0.000000,50
"scenario_label=clustered,TOTAL_TAGS=10000",SGCT,total_energy_uj,5082473.038575,54999.567600,5165798.754181,15245.102347,50
"scenario_label=clustered,TOTAL_TAGS=10000",SGCT,total_listening_energy_uj,5080875.944975,54985.766956,5164193.091481,15241.277004,50
"scenario_label=clustered,TOTAL_TAGS=10000",SGCT,total_transmission_energy_uj,1597.093600,18.397158,1627.199850,5.099432,50
"scenario_label=clustered,TOTAL_TAGS=10000",SGCT,total_bits,1547651.000000,21581.284049,1605137.250000,5982.026741,50
"scenario_label=clustered,TOTAL_TAGS=10000",SGCT,avg_tag_bits,99.880560,1.914163,105.534400,0.530579,50
"scenario_label=clustered,TOTAL_TAGS=10000",SGCT,avg_reader_bits,54.884540,0.701201,56.017120,0.194363,50
"scenario_label=clustered,TOTAL_TAGS=10000",SGCT,avg_total_bits,154.765100,2.158128,160.513725,0.598203,50
"scenario_label=clustered,TOTAL_TAGS=10000",SGCT,avg_query_efficiency,3.582869,0.077133,3.714795,0.021380,50
"scenario_label=clustered,TOTAL_TAGS=10000",SGCT,peak_stack_depth,34.940000,1.993971,38.000000,0.552700,50
"scenario_label=clustered,TOTAL_TAGS=10000",SGCT,progressive_probe_count,1398.640000,29.952861,1447.450000,8.302509,50
"scenario_label=clustered,TOTAL_TAGS=10000",SGCT,signature_grouping_trigger_count,1393.040000,29.904583,1441.450000,8.289127,50
"scenario_label=clustered,TOTAL_TAGS=10000",SGCT,local_short_id_trigger_count,129.000000,0.000000,129.000000,0.000000,50
"scenario_label=clustered,TOTAL_TAGS=10000",SGCT,signature_groups_pruned,41858.240000,448.508074,42584.850000,124.320095,50
"scenario_label=clustered,TOTAL_TAGS=10000",SGCT,sparse_signature_groups,11390.400000,29.991155,11438.350000,8.313124,50
"scenario_label=clustered,TOTAL_TAGS=10000",SGCT,signature_marker_bits,32895.540000,771.091943,35168.850000,213.735782,50
"scenario_label=clustered,TOTAL_TAGS=10000",SGCT,signature_marker_tag_bits,32895.540000,771.091943,35168.850000,213.735782,50
"scenario_label=clustered,TOTAL_TAGS=10000",SGCT,signature_non_idle_marker_count,11390.400000,29.991155,11438.350000,8.313124,50
"scenario_label=clustered,TOTAL_TAGS=10000",SGCT,signature_collision_groups,1393.680000,29.866670,1442.550000,8.278618,50
"scenario_label=clustered,TOTAL_TAGS=10000",SGCT,signature_singleton_groups,9996.720000,2.416271,10000.000000,0.669756,50
"scenario_label=clustered,TOTAL_TAGS=10000",SGCT,low_d_fallback_count,1.640000,1.208136,4.000000,0.334878,50
"scenario_label=clustered,TOTAL_TAGS=10000",SGCT,suffix_signature_trigger_count,0.000000,0.000000,0.000000,0.000000,50
"scenario_label=clustered,TOTAL_TAGS=10000",SGCT,hash_short_id_round_count,0.000000,0.000000,0.000000,0.000000,50
"scenario_label=clustered,TOTAL_TAGS=10000",SGCT,hash_short_id_split_count,0.000000,0.000000,0.000000,0.000000,50
"scenario_label=clustered,TOTAL_TAGS=10000",SGCT,hash_short_id_collision_groups,0.000000,0.000000,0.000000,0.000000,50
"scenario_label=clustered,TOTAL_TAGS=10000",SGCT,hash_short_id_singleton_groups,0.000000,0.000000,0.000000,0.000000,50
"scenario_label=clustered,TOTAL_TAGS=10000",SGCT,small_cluster_guard_count,0.000000,0.000000,0.000000,0.000000,50
"scenario_label=clustered,TOTAL_TAGS=10000",SGCT,max_signature_d,8.000000,0.000000,8.000000,0.000000,50
"scenario_label=clustered,TOTAL_TAGS=10000",SGCT,epc_verification_count,10000.000000,0.000000,10000.000000,0.000000,50
"scenario_label=clustered,TOTAL_TAGS=10000",SGCT,verify_fail_count,0.000000,0.000000,0.000000,0.000000,50
"scenario_label=clustered,TOTAL_TAGS=10000",SGCT,avg_tag_responses,6.580556,0.154125,7.034480,0.042721,50
"scenario_label=clustered,TOTAL_TAGS=2000",DQTA(k_max=3),total_protocol_time_ms,3170.574675,37.891467,3235.220812,10.502979,50
"scenario_label=clustered,TOTAL_TAGS=2000",DQTA(k_max=3),throughput_tags_per_sec,630.888560,7.522141,642.438043,2.085031,50
"scenario_label=clustered,TOTAL_TAGS=2000",DQTA(k_max=3),system_efficiency,0.330328,0.003690,0.336594,0.001023,50
"scenario_label=clustered,TOTAL_TAGS=2000",DQTA(k_max=3),collision_slots,1817.240000,25.906078,1861.400000,7.180799,50
"scenario_label=clustered,TOTAL_TAGS=2000",DQTA(k_max=3),idle_slots,2238.080000,57.033767,2328.950000,15.808954,50
"scenario_label=clustered,TOTAL_TAGS=2000",DQTA(k_max=3),total_energy_uj,319691.984220,4634.001168,327555.747512,1284.479591,50
"scenario_label=clustered,TOTAL_TAGS=2000",DQTA(k_max=3),total_listening_energy_uj,318855.634350,4627.207925,326680.033713,1282.596600,50
"scenario_label=clustered,TOTAL_TAGS=2000",DQTA(k_max=3),total_transmission_energy_uj,836.349870,46.826071,903.264150,12.979525,50
"scenario_label=clustered,TOTAL_TAGS=2000",DQTA(k_max=3),total_bits,1155804.060000,93536.601931,1280712.450000,25927.023282,50
"scenario_label=clustered,TOTAL_TAGS=2000",DQTA(k_max=3),avg_tag_bits,491.752750,46.816721,552.805750,12.976933,50
"scenario_label=clustered,TOTAL_TAGS=2000",DQTA(k_max=3),avg_reader_bits,86.149280,1.258346,88.250800,0.348796,50
"scenario_label=clustered,TOTAL_TAGS=2000",DQTA(k_max=3),avg_total_bits,577.902030,46.768301,640.356225,12.963512,50
"scenario_label=clustered,TOTAL_TAGS=2000",DQTA(k_max=3),avg_query_efficiency,1.100789,0.015648,1.124227,0.004337,50
"scenario_label=clustered,TOTAL_TAGS=2000",DQTA(k_max=3),peak_stack_depth,19.680000,1.168288,21.550000,0.323833,50
"scenario_label=clustered,TOTAL_TAGS=2000",DQTA(k_max=3),avg_tag_responses,5.053140,0.257292,5.400600,0.071318,50
"scenario_label=clustered,TOTAL_TAGS=2000",DRCT,total_protocol_time_ms,4938.252300,58.837700,5037.100812,16.308978,50
"scenario_label=clustered,TOTAL_TAGS=2000",DRCT,throughput_tags_per_sec,405.057899,4.823688,412.950380,1.337058,50
"scenario_label=clustered,TOTAL_TAGS=2000",DRCT,system_efficiency,0.296667,0.003499,0.302252,0.000970,50
"scenario_label=clustered,TOTAL_TAGS=2000",DRCT,collision_slots,3370.240000,39.806963,3437.400000,11.033927,50
"scenario_label=clustered,TOTAL_TAGS=2000",DRCT,idle_slots,1372.240000,39.806963,1439.400000,11.033927,50
"scenario_label=clustered,TOTAL_TAGS=2000",DRCT,total_energy_uj,501325.233453,7167.975712,513021.285437,1986.861499,50
"scenario_label=clustered,TOTAL_TAGS=2000",DRCT,energy_per_tag_uj,250.662617,3.583988,256.510643,0.993431,50
"scenario_label=clustered,TOTAL_TAGS=2000",DRCT,total_reader_tx_energy_uj,644.836000,8.344655,659.016700,2.313020,50
"scenario_label=clustered,TOTAL_TAGS=2000",DRCT,total_tag_tx_energy_uj,318.074210,0.304172,318.532000,0.084312,50
"scenario_label=clustered,TOTAL_TAGS=2000",DRCT,total_listening_energy_uj,500362.323242,7160.457680,512043.826962,1984.777607,50
"scenario_label=clustered,TOTAL_TAGS=2000",DRCT,total_transmission_energy_uj,962.910210,8.552509,977.192000,2.370635,50
"scenario_label=clustered,TOTAL_TAGS=2000",DRCT,total_bits,958566.420000,4604.130657,966180.300000,1276.199908,50
"scenario_label=clustered,TOTAL_TAGS=2000",DRCT,avg_tag_bits,318.074210,0.304172,318.532000,0.084312,50
"scenario_label=clustered,TOTAL_TAGS=2000",DRCT,avg_reader_bits,161.209000,2.086164,164.754175,0.578255,50
"scenario_label=clustered,TOTAL_TAGS=2000",DRCT,avg_total_bits,479.283210,2.302065,483.090150,0.638100,50
"scenario_label=clustered,TOTAL_TAGS=2000",DRCT,avg_query_efficiency,0.593511,0.007002,0.604688,0.001941,50
"scenario_label=clustered,TOTAL_TAGS=2000",DRCT,peak_stack_depth,10.740000,0.527218,11.000000,0.146137,50
"scenario_label=clustered,TOTAL_TAGS=2000",DRCT,avg_tag_responses,73.296290,0.041897,73.362975,0.011613,50
"scenario_label=clustered,TOTAL_TAGS=2000",EAQ_CBB,total_protocol_time_ms,5274.568300,146.673570,5513.309125,40.655839,50
"scenario_label=clustered,TOTAL_TAGS=2000",EAQ_CBB,throughput_tags_per_sec,379.465901,10.570708,396.126547,2.930051,50
"scenario_label=clustered,TOTAL_TAGS=2000",EAQ_CBB,system_efficiency,0.489405,0.020245,0.520888,0.005611,50
"scenario_label=clustered,TOTAL_TAGS=2000",EAQ_CBB,collision_slots,2093.440000,169.049221,2374.800000,46.858053,50
"scenario_label=clustered,TOTAL_TAGS=2000",EAQ_CBB,idle_slots,0.000000,0.000000,0.000000,0.000000,50
"scenario_label=clustered,TOTAL_TAGS=2000",EAQ_CBB,total_energy_uj,528366.465603,14629.484619,551525.656975,4055.086250,50
"scenario_label=clustered,TOTAL_TAGS=2000",EAQ_CBB,total_listening_energy_uj,527513.909092,14605.015912,550628.693750,4048.303870,50
"scenario_label=clustered,TOTAL_TAGS=2000",EAQ_CBB,total_transmission_energy_uj,852.556510,24.782484,892.366600,6.869354,50
"scenario_label=clustered,TOTAL_TAGS=2000",EAQ_CBB,total_bits,639549.740000,29141.993108,686885.750000,8077.748370,50
"scenario_label=clustered,TOTAL_TAGS=2000",EAQ_CBB,avg_tag_bits,142.180990,11.253446,160.525775,3.119296,50
"scenario_label=clustered,TOTAL_TAGS=2000",EAQ_CBB,avg_reader_bits,177.593880,3.474141,183.054250,0.962983,50
"scenario_label=clustered,TOTAL_TAGS=2000",EAQ_CBB,avg_total_bits,319.774870,14.570997,343.442875,4.038874,50
"scenario_label=clustered,TOTAL_TAGS=2000",EAQ_CBB,avg_query_efficiency,0.961539,0.078265,1.087198,0.021694,50
"scenario_label=clustered,TOTAL_TAGS=2000",EAQ_CBB,peak_stack_depth,493.340000,2.973420,498.000000,0.824190,50
"scenario_label=clustered,TOTAL_TAGS=2000",EAQ_CBB,avg_tag_responses,4.365900,0.250588,4.756250,0.069459,50
"scenario_label=clustered,TOTAL_TAGS=2000",EMDT,total_protocol_time_ms,2703.906000,35.063302,2764.673875,9.719052,50
"scenario_label=clustered,TOTAL_TAGS=2000",EMDT,throughput_tags_per_sec,739.792827,9.612650,754.186581,2.664491,50
"scenario_label=clustered,TOTAL_TAGS=2000",EMDT,system_efficiency,0.581428,0.011123,0.598901,0.003083,50
"scenario_label=clustered,TOTAL_TAGS=2000",EMDT,collision_slots,1062.600000,38.974089,1134.550000,10.803066,50
"scenario_label=clustered,TOTAL_TAGS=2000",EMDT,idle_slots,378.440000,28.100519,421.000000,7.789067,50
"scenario_label=clustered,TOTAL_TAGS=2000",EMDT,total_energy_uj,270510.910060,3922.641866,276604.805613,1087.300852,50
"scenario_label=clustered,TOTAL_TAGS=2000",EMDT,total_listening_energy_uj,270251.002540,3921.800118,276343.059413,1087.067531,50
"scenario_label=clustered,TOTAL_TAGS=2000",EMDT,total_transmission_energy_uj,259.907520,1.491733,262.148800,0.413487,50
"scenario_label=clustered,TOTAL_TAGS=2000",EMDT,total_bits,345762.480000,1113.526156,347067.800000,308.653703,50
"scenario_label=clustered,TOTAL_TAGS=2000",EMDT,avg_tag_bits,143.872480,0.333755,144.000000,0.092512,50
"scenario_label=clustered,TOTAL_TAGS=2000",EMDT,avg_reader_bits,29.008760,0.331600,29.538300,0.091915,50
"scenario_label=clustered,TOTAL_TAGS=2000",EMDT,avg_total_bits,172.881240,0.556763,173.533900,0.154327,50
"scenario_label=clustered,TOTAL_TAGS=2000",EMDT,avg_query_efficiency,1.884678,0.069690,1.993533,0.019317,50
"scenario_label=clustered,TOTAL_TAGS=2000",EMDT,peak_stack_depth,37.800000,1.385051,40.000000,0.383917,50
"scenario_label=clustered,TOTAL_TAGS=2000",EMDT,avg_tag_responses,4.830360,0.039657,4.890100,0.010992,50
"scenario_label=clustered,TOTAL_TAGS=2000",HT_EEAC,total_protocol_time_ms,7079.225250,107.120108,7279.579500,29.692179,50
"scenario_label=clustered,TOTAL_TAGS=2000",HT_EEAC,throughput_tags_per_sec,282.579942,4.259405,289.103489,1.180647,50
"scenario_label=clustered,TOTAL_TAGS=2000",HT_EEAC,system_efficiency,0.149630,0.002676,0.153784,0.000742,50
"scenario_label=clustered,TOTAL_TAGS=2000",HT_EEAC,collision_slots,9388.900000,237.462285,9827.950000,65.821187,50
"scenario_label=clustered,TOTAL_TAGS=2000",HT_EEAC,idle_slots,1981.640000,109.406145,2132.200000,30.325836,50
"scenario_label=clustered,TOTAL_TAGS=2000",HT_EEAC,total_energy_uj,822602.604835,15925.803841,851167.439950,4414.407606,50
"scenario_label=clustered,TOTAL_TAGS=2000",HT_EEAC,total_listening_energy_uj,821827.189875,15914.714365,850373.391750,4411.333760,50
"scenario_label=clustered,TOTAL_TAGS=2000",HT_EEAC,total_transmission_energy_uj,775.414960,12.271432,798.577200,3.401467,50
"scenario_label=clustered,TOTAL_TAGS=2000",HT_EEAC,total_bits,668374.280000,8835.258143,684598.800000,2449.008611,50
"scenario_label=clustered,TOTAL_TAGS=2000",HT_EEAC,avg_tag_bits,187.111200,1.899698,190.623600,0.526569,50
"scenario_label=clustered,TOTAL_TAGS=2000",HT_EEAC,avg_reader_bits,147.075940,2.635539,152.000200,0.730534,50
"scenario_label=clustered,TOTAL_TAGS=2000",HT_EEAC,avg_total_bits,334.187140,4.417629,342.299400,1.224504,50
"scenario_label=clustered,TOTAL_TAGS=2000",HT_EEAC,avg_query_efficiency,0.213149,0.005323,0.220510,0.001476,50
"scenario_label=clustered,TOTAL_TAGS=2000",HT_EEAC,avg_tag_responses,108.409380,10.877256,127.433025,3.015021,50
"scenario_label=clustered,TOTAL_TAGS=2000",LAPCT,total_protocol_time_ms,5891.955400,5.634347,5900.014063,1.561761,50
"scenario_label=clustered,TOTAL_TAGS=2000",LAPCT,throughput_tags_per_sec,339.446187,0.324644,339.968979,0.089987,50
"scenario_label=clustered,TOTAL_TAGS=2000",LAPCT,system_efficiency,0.495408,0.000577,0.496358,0.000160,50
"scenario_label=clustered,TOTAL_TAGS=2000",LAPCT,collision_slots,2031.120000,4.955475,2039.000000,1.373588,50
"scenario_label=clustered,TOTAL_TAGS=2000",LAPCT,idle_slots,5.960000,1.653197,8.000000,0.458243,50
"scenario_label=clustered,TOTAL_TAGS=2000",LAPCT,total_energy_uj,591964.947832,938.034638,592783.259450,260.009936,50
"scenario_label=clustered,TOTAL_TAGS=2000",LAPCT,total_listening_energy_uj,590732.481552,928.201385,591528.167963,257.284297,50
"scenario_label=clustered,TOTAL_TAGS=2000",LAPCT,total_transmission_energy_uj,1232.466280,19.642804,1261.284050,5.444707,50
"scenario_label=clustered,TOTAL_TAGS=2000",LAPCT,total_bits,1207700.660000,38623.165561,1265394.550000,10705.795294,50
"scenario_label=clustered,TOTAL_TAGS=2000",LAPCT,avg_tag_bits,394.311680,19.206286,423.168350,5.323711,50
"scenario_label=clustered,TOTAL_TAGS=2000",LAPCT,avg_reader_bits,209.538650,0.247512,209.886325,0.068607,50
"scenario_label=clustered,TOTAL_TAGS=2000",LAPCT,avg_total_bits,603.850330,19.311583,632.697275,5.352898,50
"scenario_label=clustered,TOTAL_TAGS=2000",LAPCT,avg_query_efficiency,0.984684,0.002401,0.988191,0.000666,50
"scenario_label=clustered,TOTAL_TAGS=2000",LAPCT,peak_stack_depth,14.560000,0.907115,16.000000,0.251439,50
"scenario_label=clustered,TOTAL_TAGS=2000",LAPCT,avg_tag_responses,10.249600,0.255546,10.563975,0.070834,50
"scenario_label=clustered,TOTAL_TAGS=2000",NLHQT(n=2),total_protocol_time_ms,5204.333150,44.005378,5274.821125,12.197669,50
"scenario_label=clustered,TOTAL_TAGS=2000",NLHQT(n=2),throughput_tags_per_sec,384.322061,3.247533,388.849200,0.900170,50
"scenario_label=clustered,TOTAL_TAGS=2000",NLHQT(n=2),system_efficiency,0.327359,0.001852,0.329935,0.000513,50
"scenario_label=clustered,TOTAL_TAGS=2000",NLHQT(n=2),collision_slots,4109.700000,34.678259,4172.650000,9.612323,50
"scenario_label=clustered,TOTAL_TAGS=2000",NLHQT(n=2),idle_slots,0.000000,0.000000,0.000000,0.000000,50
"scenario_label=clustered,TOTAL_TAGS=2000",NLHQT(n=2),total_energy_uj,525726.210680,4215.157966,531498.654437,1168.382178,50
"scenario_label=clustered,TOTAL_TAGS=2000",NLHQT(n=2),total_listening_energy_uj,524770.574580,4208.381559,530532.815288,1166.503854,50
"scenario_label=clustered,TOTAL_TAGS=2000",NLHQT(n=2),total_transmission_energy_uj,955.636100,7.450104,966.881300,2.065064,50
"scenario_label=clustered,TOTAL_TAGS=2000",NLHQT(n=2),total_bits,877827.280000,5384.647939,885217.600000,1492.548260,50
"scenario_label=clustered,TOTAL_TAGS=2000",NLHQT(n=2),avg_tag_bits,266.672820,1.231189,267.850300,0.341268,50
"scenario_label=clustered,TOTAL_TAGS=2000",NLHQT(n=2),avg_reader_bits,172.240820,1.608755,174.757500,0.445924,50
"scenario_label=clustered,TOTAL_TAGS=2000",NLHQT(n=2),avg_total_bits,438.913640,2.692324,442.608800,0.746274,50
"scenario_label=clustered,TOTAL_TAGS=2000",NLHQT(n=2),avg_query_efficiency,0.486687,0.004087,0.492393,0.001133,50
"scenario_label=clustered,TOTAL_TAGS=2000",NLHQT(n=2),peak_stack_depth,16.440000,0.786623,18.000000,0.218041,50
"scenario_label=clustered,TOTAL_TAGS=2000",NLHQT(n=2),avg_tag_responses,38.616410,0.310263,38.925150,0.086001,50
"scenario_label=clustered,TOTAL_TAGS=2000",SGCT,total_protocol_time_ms,1934.877250,25.205488,1973.445687,6.986605,50
"scenario_label=clustered,TOTAL_TAGS=2000",SGCT,throughput_tags_per_sec,1033.829359,13.478690,1053.061947,3.736102,50
"scenario_label=clustered,TOTAL_TAGS=2000",SGCT,system_efficiency,0.836825,0.005326,0.844238,0.001476,50
"scenario_label=clustered,TOTAL_TAGS=2000",SGCT,collision_slots,390.080000,15.207195,413.200000,4.215219,50
"scenario_label=clustered,TOTAL_TAGS=2000",SGCT,idle_slots,0.000000,0.000000,0.000000,0.000000,50
"scenario_label=clustered,TOTAL_TAGS=2000",SGCT,total_energy_uj,195046.733862,2880.261688,199226.243312,798.367808,50
"scenario_label=clustered,TOTAL_TAGS=2000",SGCT,total_listening_energy_uj,194768.425922,2876.798641,198942.598137,797.407900,50
"scenario_label=clustered,TOTAL_TAGS=2000",SGCT,total_transmission_energy_uj,278.307940,4.274880,285.114575,1.184936,50
"scenario_label=clustered,TOTAL_TAGS=2000",SGCT,total_bits,284008.820000,4429.645896,295801.750000,1227.835199,50
"scenario_label=clustered,TOTAL_TAGS=2000",SGCT,avg_tag_bits,96.569900,1.903903,102.220575,0.527735,50
"scenario_label=clustered,TOTAL_TAGS=2000",SGCT,avg_reader_bits,45.434510,0.891037,46.797300,0.246983,50
"scenario_label=clustered,TOTAL_TAGS=2000",SGCT,avg_total_bits,142.004410,2.214823,147.900875,0.613918,50
"scenario_label=clustered,TOTAL_TAGS=2000",SGCT,avg_query_efficiency,5.134829,0.201095,5.420054,0.055741,50
"scenario_label=clustered,TOTAL_TAGS=2000",SGCT,peak_stack_depth,22.940000,0.373073,23.000000,0.103411,50
"scenario_label=clustered,TOTAL_TAGS=2000",SGCT,progressive_probe_count,195.620000,7.626190,207.100000,2.113872,50
"scenario_label=clustered,TOTAL_TAGS=2000",SGCT,signature_grouping_trigger_count,195.420000,7.589171,207.100000,2.103611,50
"scenario_label=clustered,TOTAL_TAGS=2000",SGCT,local_short_id_trigger_count,129.000000,0.000000,129.000000,0.000000,50
"scenario_label=clustered,TOTAL_TAGS=2000",SGCT,signature_groups_pruned,31892.340000,113.832783,32067.500000,31.552838,50
"scenario_label=clustered,TOTAL_TAGS=2000",SGCT,sparse_signature_groups,2194.380000,7.596696,2206.100000,2.105697,50
"scenario_label=clustered,TOTAL_TAGS=2000",SGCT,signature_marker_bits,6167.860000,153.088345,6621.200000,42.433924,50
"scenario_label=clustered,TOTAL_TAGS=2000",SGCT,signature_marker_tag_bits,6167.860000,153.088345,6621.200000,42.433924,50
"scenario_label=clustered,TOTAL_TAGS=2000",SGCT,signature_non_idle_marker_count,2194.380000,7.596696,2206.100000,2.105697,50
"scenario_label=clustered,TOTAL_TAGS=2000",SGCT,signature_collision_groups,194.460000,7.586804,206.100000,2.102955,50
"scenario_label=clustered,TOTAL_TAGS=2000",SGCT,signature_singleton_groups,1999.920000,0.395897,2000.000000,0.109737,50
"scenario_label=clustered,TOTAL_TAGS=2000",SGCT,low_d_fallback_count,0.040000,0.197949,0.000000,0.054869,50
"scenario_label=clustered,TOTAL_TAGS=2000",SGCT,suffix_signature_trigger_count,0.000000,0.000000,0.000000,0.000000,50
"scenario_label=clustered,TOTAL_TAGS=2000",SGCT,hash_short_id_round_count,0.000000,0.000000,0.000000,0.000000,50
"scenario_label=clustered,TOTAL_TAGS=2000",SGCT,hash_short_id_split_count,0.000000,0.000000,0.000000,0.000000,50
"scenario_label=clustered,TOTAL_TAGS=2000",SGCT,hash_short_id_collision_groups,0.000000,0.000000,0.000000,0.000000,50
"scenario_label=clustered,TOTAL_TAGS=2000",SGCT,hash_short_id_singleton_groups,0.000000,0.000000,0.000000,0.000000,50
"scenario_label=clustered,TOTAL_TAGS=2000",SGCT,small_cluster_guard_count,0.000000,0.000000,0.000000,0.000000,50
"scenario_label=clustered,TOTAL_TAGS=2000",SGCT,max_signature_d,8.000000,0.000000,8.000000,0.000000,50
"scenario_label=clustered,TOTAL_TAGS=2000",SGCT,epc_verification_count,2000.000000,0.000000,2000.000000,0.000000,50
"scenario_label=clustered,TOTAL_TAGS=2000",SGCT,verify_fail_count,0.000000,0.000000,0.000000,0.000000,50
"scenario_label=clustered,TOTAL_TAGS=2000",SGCT,avg_tag_responses,6.168100,0.153011,6.621200,0.042413,50
"scenario_label=clustered,TOTAL_TAGS=3000",DQTA(k_max=3),total_protocol_time_ms,4635.879925,49.707327,4702.972000,13.778168,50
"scenario_label=clustered,TOTAL_TAGS=3000",DQTA(k_max=3),throughput_tags_per_sec,647.198977,6.913466,657.744227,1.916315,50
"scenario_label=clustered,TOTAL_TAGS=3000",DQTA(k_max=3),system_efficiency,0.338797,0.003382,0.343905,0.000937,50
"scenario_label=clustered,TOTAL_TAGS=3000",DQTA(k_max=3),collision_slots,2648.040000,33.459668,2696.100000,9.274547,50
"scenario_label=clustered,TOTAL_TAGS=3000",DQTA(k_max=3),idle_slots,3207.680000,71.597925,3309.650000,19.845932,50
"scenario_label=clustered,TOTAL_TAGS=3000",DQTA(k_max=3),total_energy_uj,699716.208358,8603.700491,715791.055719,2384.824105,50
"scenario_label=clustered,TOTAL_TAGS=3000",DQTA(k_max=3),total_listening_energy_uj,698470.048647,8614.546679,714551.132919,2387.830514,50
"scenario_label=clustered,TOTAL_TAGS=3000",DQTA(k_max=3),total_transmission_energy_uj,1246.159710,59.036518,1317.589000,16.364088,50
"scenario_label=clustered,TOTAL_TAGS=3000",DQTA(k_max=3),total_bits,1733335.140000,120515.932535,1869320.300000,33405.312190,50
"scenario_label=clustered,TOTAL_TAGS=3000",DQTA(k_max=3),avg_tag_bits,493.446793,40.500412,538.011467,11.226141,50
"scenario_label=clustered,TOTAL_TAGS=3000",DQTA(k_max=3),avg_reader_bits,84.331587,1.107771,85.898767,0.307058,50
"scenario_label=clustered,TOTAL_TAGS=3000",DQTA(k_max=3),avg_total_bits,577.778380,40.171978,623.106767,11.135104,50
"scenario_label=clustered,TOTAL_TAGS=3000",DQTA(k_max=3),avg_query_efficiency,1.133090,0.014248,1.155269,0.003949,50
"scenario_label=clustered,TOTAL_TAGS=3000",DQTA(k_max=3),peak_stack_depth,20.860000,0.903734,22.000000,0.250502,50
"scenario_label=clustered,TOTAL_TAGS=3000",DQTA(k_max=3),avg_tag_responses,5.196020,0.218248,5.445783,0.060495,50
"scenario_label=clustered,TOTAL_TAGS=3000",DRCT,total_protocol_time_ms,7173.907250,62.197854,7274.210562,17.240366,50
"scenario_label=clustered,TOTAL_TAGS=3000",DRCT,throughput_tags_per_sec,418.212903,3.618936,424.262833,1.003118,50
"scenario_label=clustered,TOTAL_TAGS=3000",DRCT,system_efficiency,0.313001,0.002815,0.317578,0.000780,50
"scenario_label=clustered,TOTAL_TAGS=3000",DRCT,collision_slots,4791.700000,43.214817,4864.950000,11.978536,50
"scenario_label=clustered,TOTAL_TAGS=3000",DRCT,idle_slots,1793.700000,43.214817,1866.950000,11.978536,50
"scenario_label=clustered,TOTAL_TAGS=3000",DRCT,total_energy_uj,1087852.075770,12380.339478,1109286.391512,3431.655023,50
"scenario_label=clustered,TOTAL_TAGS=3000",DRCT,energy_per_tag_uj,362.617359,4.126780,369.762130,1.143885,50
"scenario_label=clustered,TOTAL_TAGS=3000",DRCT,total_reader_tx_energy_uj,938.855640,8.854069,952.711900,2.454223,50
"scenario_label=clustered,TOTAL_TAGS=3000",DRCT,total_tag_tx_energy_uj,479.644010,0.337728,480.172700,0.093614,50
"scenario_label=clustered,TOTAL_TAGS=3000",DRCT,total_listening_energy_uj,1086433.576120,12372.571469,1107854.463063,3429.501841,50
"scenario_label=clustered,TOTAL_TAGS=3000",DRCT,total_transmission_energy_uj,1418.499650,9.039968,1433.074650,2.505751,50
"scenario_label=clustered,TOTAL_TAGS=3000",DRCT,total_bits,1428715.840000,4823.618704,1437081.450000,1337.038890,50
"scenario_label=clustered,TOTAL_TAGS=3000",DRCT,avg_tag_bits,319.762673,0.225152,320.115133,0.062409,50
"scenario_label=clustered,TOTAL_TAGS=3000",DRCT,avg_reader_bits,156.475940,1.475678,158.785317,0.409037,50
"scenario_label=clustered,TOTAL_TAGS=3000",DRCT,avg_total_bits,476.238613,1.607873,479.027150,0.445680,50
"scenario_label=clustered,TOTAL_TAGS=3000",DRCT,avg_query_efficiency,0.626132,0.005633,0.635291,0.001561,50
"scenario_label=clustered,TOTAL_TAGS=3000",DRCT,peak_stack_depth,11.540000,0.885484,13.000000,0.245444,50
"scenario_label=clustered,TOTAL_TAGS=3000",DRCT,avg_tag_responses,73.870873,0.035348,73.939700,0.009798,50
"scenario_label=clustered,TOTAL_TAGS=3000",EAQ_CBB,total_protocol_time_ms,7887.896100,189.714516,8164.604312,52.586181,50
"scenario_label=clustered,TOTAL_TAGS=3000",EAQ_CBB,throughput_tags_per_sec,380.535805,8.760522,391.405944,2.428293,50
"scenario_label=clustered,TOTAL_TAGS=3000",EAQ_CBB,system_efficiency,0.491169,0.016931,0.512339,0.004693,50
"scenario_label=clustered,TOTAL_TAGS=3000",EAQ_CBB,collision_slots,3115.480000,225.665025,3442.200000,62.551154,50
"scenario_label=clustered,TOTAL_TAGS=3000",EAQ_CBB,idle_slots,0.000000,0.000000,0.000000,0.000000,50
"scenario_label=clustered,TOTAL_TAGS=3000",EAQ_CBB,total_energy_uj,1185288.000338,28502.826796,1228556.556925,7900.580507,50
"scenario_label=clustered,TOTAL_TAGS=3000",EAQ_CBB,total_listening_energy_uj,1184013.529088,28471.292043,1227237.872050,7891.839520,50
"scenario_label=clustered,TOTAL_TAGS=3000",EAQ_CBB,total_transmission_energy_uj,1274.471250,31.902900,1323.725350,8.843033,50
"scenario_label=clustered,TOTAL_TAGS=3000",EAQ_CBB,total_bits,954354.180000,38081.392147,1016006.600000,10555.623365,50
"scenario_label=clustered,TOTAL_TAGS=3000",EAQ_CBB,avg_tag_bits,140.941580,9.909011,156.147350,2.746638,50
"scenario_label=clustered,TOTAL_TAGS=3000",EAQ_CBB,avg_reader_bits,177.176480,2.921028,181.384067,0.809668,50
"scenario_label=clustered,TOTAL_TAGS=3000",EAQ_CBB,avg_total_bits,318.118060,12.693797,338.668867,3.518541,50
"scenario_label=clustered,TOTAL_TAGS=3000",EAQ_CBB,avg_query_efficiency,0.967318,0.062339,1.050718,0.017279,50
"scenario_label=clustered,TOTAL_TAGS=3000",EAQ_CBB,peak_stack_depth,738.320000,3.925011,744.550000,1.087958,50
"scenario_label=clustered,TOTAL_TAGS=3000",EAQ_CBB,avg_tag_responses,4.338373,0.222807,4.680600,0.061759,50
"scenario_label=clustered,TOTAL_TAGS=3000",EMDT,total_protocol_time_ms,4240.424450,47.397175,4313.762625,13.137827,50
"scenario_label=clustered,TOTAL_TAGS=3000",EMDT,throughput_tags_per_sec,707.563175,7.927388,720.208278,2.197360,50
"scenario_label=clustered,TOTAL_TAGS=3000",EMDT,system_efficiency,0.542918,0.007989,0.555268,0.002214,50
"scenario_label=clustered,TOTAL_TAGS=3000",EMDT,collision_slots,1773.560000,49.826704,1847.300000,13.811258,50
"scenario_label=clustered,TOTAL_TAGS=3000",EMDT,idle_slots,753.300000,35.429867,803.750000,9.820658,50
"scenario_label=clustered,TOTAL_TAGS=3000",EMDT,total_energy_uj,637210.020555,8642.527724,651694.392750,2395.586464,50
"scenario_label=clustered,TOTAL_TAGS=3000",EMDT,total_listening_energy_uj,636822.520155,8640.942600,651304.751150,2395.147091,50
"scenario_label=clustered,TOTAL_TAGS=3000",EMDT,total_transmission_energy_uj,387.500400,1.933892,390.543600,0.536048,50
"scenario_label=clustered,TOTAL_TAGS=3000",EMDT,total_bits,517749.960000,967.131039,519271.800000,268.075047,50
"scenario_label=clustered,TOTAL_TAGS=3000",EMDT,avg_tag_bits,143.999893,0.000754,144.000000,0.000209,50
"scenario_label=clustered,TOTAL_TAGS=3000",EMDT,avg_reader_bits,28.583427,0.322295,29.090600,0.089336,50
"scenario_label=clustered,TOTAL_TAGS=3000",EMDT,avg_total_bits,172.583320,0.322377,173.090600,0.089358,50
"scenario_label=clustered,TOTAL_TAGS=3000",EMDT,avg_query_efficiency,1.692830,0.047854,1.773626,0.013264,50
"scenario_label=clustered,TOTAL_TAGS=3000",EMDT,peak_stack_depth,39.760000,1.254543,42.000000,0.347742,50
"scenario_label=clustered,TOTAL_TAGS=3000",EMDT,avg_tag_responses,5.077500,0.037462,5.133733,0.010384,50
"scenario_label=clustered,TOTAL_TAGS=3000",HT_EEAC,total_protocol_time_ms,12523.664550,226.475206,12910.643625,62.775724,50
"scenario_label=clustered,TOTAL_TAGS=3000",HT_EEAC,throughput_tags_per_sec,239.623115,4.324449,246.204732,1.198676,50
"scenario_label=clustered,TOTAL_TAGS=3000",HT_EEAC,system_efficiency,0.124434,0.002574,0.128605,0.000714,50
"scenario_label=clustered,TOTAL_TAGS=3000",HT_EEAC,collision_slots,18528.340000,494.292180,19421.600000,137.010802,50
"scenario_label=clustered,TOTAL_TAGS=3000",HT_EEAC,idle_slots,2590.960000,134.285556,2853.600000,37.222057,50
"scenario_label=clustered,TOTAL_TAGS=3000",HT_EEAC,total_energy_uj,2211723.878790,45616.809693,2292586.456788,12644.334544,50
"scenario_label=clustered,TOTAL_TAGS=3000",HT_EEAC,total_listening_energy_uj,2210346.402870,45592.240753,2291157.029587,12637.524382,50
"scenario_label=clustered,TOTAL_TAGS=3000",HT_EEAC,total_transmission_energy_uj,1377.475920,25.833809,1421.051800,7.160767,50
"scenario_label=clustered,TOTAL_TAGS=3000",HT_EEAC,total_bits,1163078.040000,18741.300508,1195657.700000,5194.823466,50
"scenario_label=clustered,TOTAL_TAGS=3000",HT_EEAC,avg_tag_bits,210.817813,2.636225,215.581867,0.730724,50
"scenario_label=clustered,TOTAL_TAGS=3000",HT_EEAC,avg_reader_bits,176.874867,3.666968,182.938433,1.016432,50
"scenario_label=clustered,TOTAL_TAGS=3000",HT_EEAC,avg_total_bits,387.692680,6.247100,398.552567,1.731608,50
"scenario_label=clustered,TOTAL_TAGS=3000",HT_EEAC,avg_query_efficiency,0.162027,0.004311,0.167825,0.001195,50
"scenario_label=clustered,TOTAL_TAGS=3000",HT_EEAC,avg_tag_responses,133.956947,13.590940,156.252483,3.767216,50
"scenario_label=clustered,TOTAL_TAGS=3000",LAPCT,total_protocol_time_ms,8859.788125,5.095585,8868.833437,1.412424,50
"scenario_label=clustered,TOTAL_TAGS=3000",LAPCT,throughput_tags_per_sec,338.608659,0.194739,338.922492,0.053979,50
"scenario_label=clustered,TOTAL_TAGS=3000",LAPCT,system_efficiency,0.496903,0.000324,0.497265,0.000090,50
"scenario_label=clustered,TOTAL_TAGS=3000",LAPCT,collision_slots,3031.800000,4.295228,3039.000000,1.190576,50
"scenario_label=clustered,TOTAL_TAGS=3000",LAPCT,idle_slots,5.600000,1.714286,8.000000,0.475176,50
"scenario_label=clustered,TOTAL_TAGS=3000",LAPCT,total_energy_uj,1332978.623100,1270.934613,1334456.550037,352.285101,50
"scenario_label=clustered,TOTAL_TAGS=3000",LAPCT,total_listening_energy_uj,1331110.949620,1262.277894,1332564.843525,349.885581,50
"scenario_label=clustered,TOTAL_TAGS=3000",LAPCT,total_transmission_energy_uj,1867.673480,26.927295,1916.681075,7.463865,50
"scenario_label=clustered,TOTAL_TAGS=3000",LAPCT,total_bits,1840513.600000,53209.074545,1938480.400000,14748.802993,50
"scenario_label=clustered,TOTAL_TAGS=3000",LAPCT,avg_tag_bits,402.967493,17.666433,435.617717,4.896886,50
"scenario_label=clustered,TOTAL_TAGS=3000",LAPCT,avg_reader_bits,210.537040,0.145041,210.790217,0.040203,50
"scenario_label=clustered,TOTAL_TAGS=3000",LAPCT,avg_total_bits,613.504533,17.736358,646.160133,4.916268,50
"scenario_label=clustered,TOTAL_TAGS=3000",LAPCT,avg_query_efficiency,0.989513,0.001402,0.991736,0.000389,50
"scenario_label=clustered,TOTAL_TAGS=3000",LAPCT,peak_stack_depth,15.220000,0.763718,17.000000,0.211692,50
"scenario_label=clustered,TOTAL_TAGS=3000",LAPCT,avg_tag_responses,10.765347,0.226980,11.130900,0.062916,50
"scenario_label=clustered,TOTAL_TAGS=3000",NLHQT(n=2),total_protocol_time_ms,7679.897975,74.780205,7792.591375,20.728015,50
"scenario_label=clustered,TOTAL_TAGS=3000",NLHQT(n=2),throughput_tags_per_sec,390.666608,3.816752,397.281742,1.057950,50
"scenario_label=clustered,TOTAL_TAGS=3000",NLHQT(n=2),system_efficiency,0.335644,0.001957,0.338348,0.000542,50
"scenario_label=clustered,TOTAL_TAGS=3000",NLHQT(n=2),collision_slots,5938.340000,52.240656,6031.600000,14.480371,50
"scenario_label=clustered,TOTAL_TAGS=3000",NLHQT(n=2),idle_slots,0.000000,0.000000,0.000000,0.000000,50
"scenario_label=clustered,TOTAL_TAGS=3000",NLHQT(n=2),total_energy_uj,1159396.690692,11939.475513,1178880.581862,3309.453767,50
"scenario_label=clustered,TOTAL_TAGS=3000",NLHQT(n=2),total_listening_energy_uj,1157971.005192,11926.615618,1177436.309212,3305.889186,50
"scenario_label=clustered,TOTAL_TAGS=3000",NLHQT(n=2),total_transmission_energy_uj,1425.685500,13.512065,1444.460350,3.745353,50
"scenario_label=clustered,TOTAL_TAGS=3000",NLHQT(n=2),total_bits,1313422.260000,10403.559997,1326240.800000,2883.719706,50
"scenario_label=clustered,TOTAL_TAGS=3000",NLHQT(n=2),avg_tag_bits,266.924227,1.712110,268.450133,0.474573,50
"scenario_label=clustered,TOTAL_TAGS=3000",NLHQT(n=2),avg_reader_bits,170.883193,1.867145,173.632200,0.517546,50
"scenario_label=clustered,TOTAL_TAGS=3000",NLHQT(n=2),avg_total_bits,437.807420,3.467853,442.080267,0.961240,50
"scenario_label=clustered,TOTAL_TAGS=3000",NLHQT(n=2),avg_query_efficiency,0.505230,0.004429,0.511370,0.001228,50
"scenario_label=clustered,TOTAL_TAGS=3000",NLHQT(n=2),peak_stack_depth,18.140000,1.143036,20.000000,0.316833,50
"scenario_label=clustered,TOTAL_TAGS=3000",NLHQT(n=2),avg_tag_responses,38.832113,0.420571,39.225067,0.116576,50
"scenario_label=clustered,TOTAL_TAGS=3000",SGCT,total_protocol_time_ms,2711.528300,36.029539,2773.434875,9.986879,50
"scenario_label=clustered,TOTAL_TAGS=3000",SGCT,throughput_tags_per_sec,1106.577799,14.645149,1129.708712,4.059428,50
"scenario_label=clustered,TOTAL_TAGS=3000",SGCT,system_efficiency,0.848121,0.005186,0.856323,0.001437,50
"scenario_label=clustered,TOTAL_TAGS=3000",SGCT,collision_slots,537.360000,21.670783,574.100000,6.006835,50
"scenario_label=clustered,TOTAL_TAGS=3000",SGCT,idle_slots,0.000000,0.000000,0.000000,0.000000,50
"scenario_label=clustered,TOTAL_TAGS=3000",SGCT,total_energy_uj,409085.644635,6510.513449,417849.361675,1804.622258,50
"scenario_label=clustered,TOTAL_TAGS=3000",SGCT,total_listening_energy_uj,408680.130785,6505.533265,417437.743725,1803.241821,50
"scenario_label=clustered,TOTAL_TAGS=3000",SGCT,total_transmission_energy_uj,405.513850,6.160504,415.813025,1.707605,50
"scenario_label=clustered,TOTAL_TAGS=3000",SGCT,total_bits,420573.800000,6678.658618,426426.850000,1851.229721,50
"scenario_label=clustered,TOTAL_TAGS=3000",SGCT,avg_tag_bits,96.807500,1.968051,96.714900,0.545516,50
"scenario_label=clustered,TOTAL_TAGS=3000",SGCT,avg_reader_bits,43.383767,0.849653,44.845017,0.235512,50
"scenario_label=clustered,TOTAL_TAGS=3000",SGCT,avg_total_bits,140.191267,2.226220,142.142283,0.617077,50
"scenario_label=clustered,TOTAL_TAGS=3000",SGCT,avg_query_efficiency,5.591673,0.223602,5.960120,0.061979,50
"scenario_label=clustered,TOTAL_TAGS=3000",SGCT,peak_stack_depth,23.500000,0.788954,25.000000,0.218687,50
"scenario_label=clustered,TOTAL_TAGS=3000",SGCT,progressive_probe_count,269.400000,10.851502,287.550000,3.007883,50
"scenario_label=clustered,TOTAL_TAGS=3000",SGCT,signature_grouping_trigger_count,268.680000,10.884252,287.550000,3.016961,50
"scenario_label=clustered,TOTAL_TAGS=3000",SGCT,local_short_id_trigger_count,129.000000,0.000000,129.000000,0.000000,50
"scenario_label=clustered,TOTAL_TAGS=3000",SGCT,signature_groups_pruned,31991.480000,163.190791,32274.250000,45.234179,50
"scenario_label=clustered,TOTAL_TAGS=3000",SGCT,sparse_signature_groups,3267.400000,10.974925,3286.550000,3.042094,50
"scenario_label=clustered,TOTAL_TAGS=3000",SGCT,signature_marker_bits,9312.740000,237.260970,9320.300000,65.765386,50
"scenario_label=clustered,TOTAL_TAGS=3000",SGCT,signature_marker_tag_bits,9312.740000,237.260970,9320.300000,65.765386,50
"scenario_label=clustered,TOTAL_TAGS=3000",SGCT,signature_non_idle_marker_count,3267.400000,10.974925,3286.550000,3.042094,50
"scenario_label=clustered,TOTAL_TAGS=3000",SGCT,signature_collision_groups,267.960000,10.826951,286.550000,3.001078,50
"scenario_label=clustered,TOTAL_TAGS=3000",SGCT,signature_singleton_groups,2999.440000,1.214874,3000.000000,0.336746,50
"scenario_label=clustered,TOTAL_TAGS=3000",SGCT,low_d_fallback_count,0.280000,0.607437,2.000000,0.168373,50
"scenario_label=clustered,TOTAL_TAGS=3000",SGCT,suffix_signature_trigger_count,0.000000,0.000000,0.000000,0.000000,50
"scenario_label=clustered,TOTAL_TAGS=3000",SGCT,hash_short_id_round_count,0.000000,0.000000,0.000000,0.000000,50
"scenario_label=clustered,TOTAL_TAGS=3000",SGCT,hash_short_id_split_count,0.000000,0.000000,0.000000,0.000000,50
"scenario_label=clustered,TOTAL_TAGS=3000",SGCT,hash_short_id_collision_groups,0.000000,0.000000,0.000000,0.000000,50
"scenario_label=clustered,TOTAL_TAGS=3000",SGCT,hash_short_id_singleton_groups,0.000000,0.000000,0.000000,0.000000,50
"scenario_label=clustered,TOTAL_TAGS=3000",SGCT,small_cluster_guard_count,0.000000,0.000000,0.000000,0.000000,50
"scenario_label=clustered,TOTAL_TAGS=3000",SGCT,max_signature_d,8.000000,0.000000,8.000000,0.000000,50
"scenario_label=clustered,TOTAL_TAGS=3000",SGCT,epc_verification_count,3000.000000,0.000000,3000.000000,0.000000,50
"scenario_label=clustered,TOTAL_TAGS=3000",SGCT,verify_fail_count,0.000000,0.000000,0.000000,0.000000,50
"scenario_label=clustered,TOTAL_TAGS=3000",SGCT,avg_tag_responses,6.209160,0.158168,6.214200,0.043842,50
"scenario_label=clustered,TOTAL_TAGS=5000",DQTA(k_max=3),total_protocol_time_ms,7818.701025,70.603663,7918.077250,19.570337,50
"scenario_label=clustered,TOTAL_TAGS=5000",DQTA(k_max=3),throughput_tags_per_sec,639.543585,5.782489,648.147430,1.602824,50
"scenario_label=clustered,TOTAL_TAGS=5000",DQTA(k_max=3),system_efficiency,0.342545,0.003316,0.347076,0.000919,50
"scenario_label=clustered,TOTAL_TAGS=5000",DQTA(k_max=3),collision_slots,4487.920000,46.719676,4551.200000,12.950034,50
"scenario_label=clustered,TOTAL_TAGS=5000",DQTA(k_max=3),idle_slots,5110.060000,113.317940,5304.550000,31.410130,50
"scenario_label=clustered,TOTAL_TAGS=5000",DQTA(k_max=3),total_energy_uj,1961561.854507,18993.209132,1989724.213544,5264.648974,50
"scenario_label=clustered,TOTAL_TAGS=5000",DQTA(k_max=3),total_listening_energy_uj,1959441.835308,18997.463407,1987638.371369,5265.828198,50
"scenario_label=clustered,TOTAL_TAGS=5000",DQTA(k_max=3),total_transmission_energy_uj,2120.019200,89.272451,2276.569450,24.745061,50
"scenario_label=clustered,TOTAL_TAGS=5000",DQTA(k_max=3),total_bits,2941982.740000,179290.144597,3268389.950000,49696.692601,50
"scenario_label=clustered,TOTAL_TAGS=5000",DQTA(k_max=3),avg_tag_bits,501.859504,35.955009,568.028060,9.966220,50
"scenario_label=clustered,TOTAL_TAGS=5000",DQTA(k_max=3),avg_reader_bits,86.537044,0.923144,87.780160,0.255882,50
"scenario_label=clustered,TOTAL_TAGS=5000",DQTA(k_max=3),avg_total_bits,588.396548,35.858029,653.677990,9.939339,50
"scenario_label=clustered,TOTAL_TAGS=5000",DQTA(k_max=3),avg_query_efficiency,1.114220,0.011622,1.131990,0.003221,50
"scenario_label=clustered,TOTAL_TAGS=5000",DQTA(k_max=3),peak_stack_depth,22.760000,1.302431,24.550000,0.361015,50
"scenario_label=clustered,TOTAL_TAGS=5000",DQTA(k_max=3),avg_tag_responses,5.433632,0.198138,5.801510,0.054921,50
"scenario_label=clustered,TOTAL_TAGS=5000",DRCT,total_protocol_time_ms,11728.913350,105.596529,11876.169562,29.269865,50
"scenario_label=clustered,TOTAL_TAGS=5000",DRCT,throughput_tags_per_sec,426.330903,3.848418,432.695429,1.066727,50
"scenario_label=clustered,TOTAL_TAGS=5000",DRCT,system_efficiency,0.325452,0.003022,0.330477,0.000838,50
"scenario_label=clustered,TOTAL_TAGS=5000",DRCT,collision_slots,7681.280000,71.141434,7782.200000,19.719400,50
"scenario_label=clustered,TOTAL_TAGS=5000",DRCT,idle_slots,2683.280000,71.141434,2784.200000,19.719400,50
"scenario_label=clustered,TOTAL_TAGS=5000",DRCT,total_energy_uj,2953674.604138,29587.570142,3002467.405000,8201.256023,50
"scenario_label=clustered,TOTAL_TAGS=5000",DRCT,energy_per_tag_uj,590.734921,5.917514,600.493481,1.640251,50
"scenario_label=clustered,TOTAL_TAGS=5000",DRCT,total_reader_tx_energy_uj,1540.794880,15.071894,1561.831900,4.177716,50
"scenario_label=clustered,TOTAL_TAGS=5000",DRCT,total_tag_tx_energy_uj,804.487470,0.409188,805.085450,0.113421,50
"scenario_label=clustered,TOTAL_TAGS=5000",DRCT,total_listening_energy_uj,2951329.321787,29574.860986,3000101.086300,8197.733224,50
"scenario_label=clustered,TOTAL_TAGS=5000",DRCT,total_transmission_energy_uj,2345.282350,15.367497,2366.677100,4.259653,50
"scenario_label=clustered,TOTAL_TAGS=5000",DRCT,total_bits,2379372.380000,8141.915346,2390606.350000,2256.823793,50
"scenario_label=clustered,TOTAL_TAGS=5000",DRCT,avg_tag_bits,321.794988,0.163675,322.034180,0.045368,50
"scenario_label=clustered,TOTAL_TAGS=5000",DRCT,avg_reader_bits,154.079488,1.507189,156.183190,0.417772,50
"scenario_label=clustered,TOTAL_TAGS=5000",DRCT,avg_total_bits,475.874476,1.628383,478.121270,0.451365,50
"scenario_label=clustered,TOTAL_TAGS=5000",DRCT,avg_query_efficiency,0.650988,0.006045,0.661042,0.001676,50
"scenario_label=clustered,TOTAL_TAGS=5000",DRCT,peak_stack_depth,12.120000,0.627271,13.000000,0.173871,50
"scenario_label=clustered,TOTAL_TAGS=5000",DRCT,avg_tag_responses,74.613952,0.032360,74.662160,0.008970,50
"scenario_label=clustered,TOTAL_TAGS=5000",EAQ_CBB,total_protocol_time_ms,13179.052725,288.330175,13705.834750,79.921047,50
"scenario_label=clustered,TOTAL_TAGS=5000",EAQ_CBB,throughput_tags_per_sec,379.567524,8.286409,393.087650,2.296875,50
"scenario_label=clustered,TOTAL_TAGS=5000",EAQ_CBB,system_efficiency,0.489478,0.016291,0.518226,0.004516,50
"scenario_label=clustered,TOTAL_TAGS=5000",EAQ_CBB,collision_slots,5226.080000,341.284240,5860.800000,94.599165,50
"scenario_label=clustered,TOTAL_TAGS=5000",EAQ_CBB,idle_slots,0.000000,0.000000,0.000000,0.000000,50
"scenario_label=clustered,TOTAL_TAGS=5000",EAQ_CBB,total_energy_uj,3298288.053267,71404.336112,3431927.236375,19792.272186,50
"scenario_label=clustered,TOTAL_TAGS=5000",EAQ_CBB,total_listening_energy_uj,3296157.726038,71355.748590,3429707.748750,19778.804412,50
"scenario_label=clustered,TOTAL_TAGS=5000",EAQ_CBB,total_transmission_energy_uj,2130.327230,48.950735,2219.487625,13.568451,50
"scenario_label=clustered,TOTAL_TAGS=5000",EAQ_CBB,total_bits,1598547.700000,59751.583543,1703452.250000,16562.293965,50
"scenario_label=clustered,TOTAL_TAGS=5000",EAQ_CBB,avg_tag_bits,142.235756,9.475340,158.818850,2.626430,50
"scenario_label=clustered,TOTAL_TAGS=5000",EAQ_CBB,avg_reader_bits,177.473784,2.605985,182.153480,0.722342,50
"scenario_label=clustered,TOTAL_TAGS=5000",EAQ_CBB,avg_total_bits,319.709540,11.950317,340.690450,3.312459,50
"scenario_label=clustered,TOTAL_TAGS=5000",EAQ_CBB,avg_query_efficiency,0.960741,0.062770,1.075664,0.017399,50
"scenario_label=clustered,TOTAL_TAGS=5000",EAQ_CBB,peak_stack_depth,1229.340000,4.231129,1236.000000,1.172809,50
"scenario_label=clustered,TOTAL_TAGS=5000",EAQ_CBB,avg_tag_responses,4.362520,0.202544,4.732080,0.056142,50
"scenario_label=clustered,TOTAL_TAGS=5000",EMDT,total_protocol_time_ms,6976.221350,78.674437,7104.082500,21.807441,50
"scenario_label=clustered,TOTAL_TAGS=5000",EMDT,throughput_tags_per_sec,716.809687,8.081660,730.425950,2.240122,50
"scenario_label=clustered,TOTAL_TAGS=5000",EMDT,system_efficiency,0.516935,0.007551,0.530032,0.002093,50
"scenario_label=clustered,TOTAL_TAGS=5000",EMDT,collision_slots,2921.780000,81.582384,3058.000000,22.613483,50
"scenario_label=clustered,TOTAL_TAGS=5000",EMDT,idle_slots,1752.640000,67.373089,1866.000000,18.674867,50
"scenario_label=clustered,TOTAL_TAGS=5000",EMDT,total_energy_uj,1743829.858320,21804.009736,1782192.389213,6043.763151,50
"scenario_label=clustered,TOTAL_TAGS=5000",EMDT,total_listening_energy_uj,1743213.553120,21801.140444,1781570.532012,6042.967824,50
"scenario_label=clustered,TOTAL_TAGS=5000",EMDT,total_transmission_energy_uj,616.305200,3.288361,622.181800,0.911487,50
"scenario_label=clustered,TOTAL_TAGS=5000",EMDT,total_bits,848407.240000,1744.212021,851632.700000,483.470906,50
"scenario_label=clustered,TOTAL_TAGS=5000",EMDT,avg_tag_bits,144.067904,0.076899,144.200160,0.021315,50
"scenario_label=clustered,TOTAL_TAGS=5000",EMDT,avg_reader_bits,25.613544,0.324179,26.165260,0.089858,50
"scenario_label=clustered,TOTAL_TAGS=5000",EMDT,avg_total_bits,169.681448,0.348842,170.326540,0.096694,50
"scenario_label=clustered,TOTAL_TAGS=5000",EMDT,avg_query_efficiency,1.712594,0.047842,1.792730,0.013261,50
"scenario_label=clustered,TOTAL_TAGS=5000",EMDT,peak_stack_depth,42.520000,0.908913,44.000000,0.251938,50
"scenario_label=clustered,TOTAL_TAGS=5000",EMDT,avg_tag_responses,5.156992,0.036091,5.219580,0.010004,50
"scenario_label=clustered,TOTAL_TAGS=5000",HT_EEAC,total_protocol_time_ms,29745.175350,329.204818,30369.324750,91.250920,50
"scenario_label=clustered,TOTAL_TAGS=5000",HT_EEAC,throughput_tags_per_sec,168.114536,1.848674,170.709419,0.512426,50
"scenario_label=clustered,TOTAL_TAGS=5000",HT_EEAC,system_efficiency,0.084175,0.001024,0.085600,0.000284,50
"scenario_label=clustered,TOTAL_TAGS=5000",HT_EEAC,collision_slots,50790.280000,701.564492,52126.200000,194.463756,50
"scenario_label=clustered,TOTAL_TAGS=5000",HT_EEAC,idle_slots,3618.140000,108.672323,3790.650000,30.122431,50
"scenario_label=clustered,TOTAL_TAGS=5000",HT_EEAC,total_energy_uj,9282073.913740,134064.557954,9544155.150487,37160.799554,50
"scenario_label=clustered,TOTAL_TAGS=5000",HT_EEAC,total_listening_energy_uj,9278773.621020,134029.778702,9540783.696487,37151.159237,50
"scenario_label=clustered,TOTAL_TAGS=5000",HT_EEAC,total_transmission_energy_uj,3300.292720,37.592510,3371.454000,10.420112,50
"scenario_label=clustered,TOTAL_TAGS=5000",HT_EEAC,total_bits,2679629.720000,27169.139795,2731236.600000,7530.901331,50
"scenario_label=clustered,TOTAL_TAGS=5000",HT_EEAC,avg_tag_bits,274.528896,2.245006,278.803840,0.622284,50
"scenario_label=clustered,TOTAL_TAGS=5000",HT_EEAC,avg_reader_bits,261.397048,3.203198,267.444760,0.887881,50
"scenario_label=clustered,TOTAL_TAGS=5000",HT_EEAC,avg_total_bits,535.925944,5.433828,546.247320,1.506180,50
"scenario_label=clustered,TOTAL_TAGS=5000",HT_EEAC,avg_query_efficiency,0.098462,0.001350,0.100504,0.000374,50
"scenario_label=clustered,TOTAL_TAGS=5000",HT_EEAC,avg_tag_responses,174.862264,7.489967,186.993320,2.076113,50
"scenario_label=clustered,TOTAL_TAGS=5000",LAPCT,total_protocol_time_ms,14805.322625,6.162129,14814.751875,1.708055,50
"scenario_label=clustered,TOTAL_TAGS=5000",LAPCT,throughput_tags_per_sec,337.716440,0.140568,337.903077,0.038963,50
"scenario_label=clustered,TOTAL_TAGS=5000",LAPCT,system_efficiency,0.498099,0.000260,0.498537,0.000072,50
"scenario_label=clustered,TOTAL_TAGS=5000",LAPCT,collision_slots,5032.320000,5.519686,5039.000000,1.529979,50
"scenario_label=clustered,TOTAL_TAGS=5000",LAPCT,idle_slots,5.840000,1.718566,8.000000,0.476362,50
"scenario_label=clustered,TOTAL_TAGS=5000",LAPCT,total_energy_uj,3708477.241710,2165.677889,3710881.975050,600.295284,50
"scenario_label=clustered,TOTAL_TAGS=5000",LAPCT,total_listening_energy_uj,3705301.735360,2153.302074,3707666.531125,596.864883,50
"scenario_label=clustered,TOTAL_TAGS=5000",LAPCT,total_transmission_energy_uj,3175.506350,40.706109,3243.368100,11.283158,50
"scenario_label=clustered,TOTAL_TAGS=5000",LAPCT,total_bits,3176688.220000,80803.301711,3311078.100000,22397.532532,50
"scenario_label=clustered,TOTAL_TAGS=5000",LAPCT,avg_tag_bits,423.716012,16.121312,450.506790,4.468600,50
"scenario_label=clustered,TOTAL_TAGS=5000",LAPCT,avg_reader_bits,211.621632,0.108132,211.785950,0.029973,50
"scenario_label=clustered,TOTAL_TAGS=5000",LAPCT,avg_total_bits,635.337644,16.160660,662.215620,4.479507,50
"scenario_label=clustered,TOTAL_TAGS=5000",LAPCT,avg_query_efficiency,0.993579,0.001090,0.995243,0.000302,50
"scenario_label=clustered,TOTAL_TAGS=5000",LAPCT,peak_stack_depth,15.800000,0.857143,17.000000,0.237588,50
"scenario_label=clustered,TOTAL_TAGS=5000",LAPCT,avg_tag_responses,11.540008,0.210945,11.869640,0.058471,50
"scenario_label=clustered,TOTAL_TAGS=5000",NLHQT(n=2),total_protocol_time_ms,12660.651925,109.260369,12797.797500,30.285429,50
"scenario_label=clustered,TOTAL_TAGS=5000",NLHQT(n=2),throughput_tags_per_sec,394.953379,3.430073,400.544336,0.950768,50
"scenario_label=clustered,TOTAL_TAGS=5000",NLHQT(n=2),system_efficiency,0.343291,0.001533,0.345638,0.000425,50
"scenario_label=clustered,TOTAL_TAGS=5000",NLHQT(n=2),collision_slots,9565.200000,65.066371,9676.200000,18.035478,50
"scenario_label=clustered,TOTAL_TAGS=5000",NLHQT(n=2),idle_slots,0.000000,0.000000,0.000000,0.000000,50
"scenario_label=clustered,TOTAL_TAGS=5000",NLHQT(n=2),total_energy_uj,3177255.058228,28629.606702,3211735.134887,7935.722104,50
"scenario_label=clustered,TOTAL_TAGS=5000",NLHQT(n=2),total_listening_energy_uj,3174879.285287,28610.607442,3209339.460288,7930.455778,50
"scenario_label=clustered,TOTAL_TAGS=5000",NLHQT(n=2),total_transmission_energy_uj,2375.772940,20.038942,2398.451250,5.554511,50
"scenario_label=clustered,TOTAL_TAGS=5000",NLHQT(n=2),total_bits,2193441.320000,15504.629068,2208595.500000,4297.663915,50
"scenario_label=clustered,TOTAL_TAGS=5000",NLHQT(n=2),avg_tag_bits,268.147960,1.528591,269.165300,0.423704,50
"scenario_label=clustered,TOTAL_TAGS=5000",NLHQT(n=2),avg_reader_bits,170.540304,1.653186,172.553800,0.458240,50
"scenario_label=clustered,TOTAL_TAGS=5000",NLHQT(n=2),avg_total_bits,438.688264,3.100926,441.719100,0.859533,50
"scenario_label=clustered,TOTAL_TAGS=5000",NLHQT(n=2),avg_query_efficiency,0.522752,0.003555,0.528206,0.000985,50
"scenario_label=clustered,TOTAL_TAGS=5000",NLHQT(n=2),peak_stack_depth,19.400000,1.106567,21.000000,0.306725,50
"scenario_label=clustered,TOTAL_TAGS=5000",NLHQT(n=2),avg_tag_responses,39.313980,0.383265,39.582650,0.106236,50
"scenario_label=clustered,TOTAL_TAGS=5000",SGCT,total_protocol_time_ms,4480.681300,50.148095,4556.138500,13.900343,50
"scenario_label=clustered,TOTAL_TAGS=5000",SGCT,throughput_tags_per_sec,1116.038665,12.486019,1136.663216,3.460948,50
"scenario_label=clustered,TOTAL_TAGS=5000",SGCT,system_efficiency,0.838660,0.004251,0.845667,0.001178,50
"scenario_label=clustered,TOTAL_TAGS=5000",SGCT,collision_slots,962.040000,30.223629,1007.550000,8.377563,50
"scenario_label=clustered,TOTAL_TAGS=5000",SGCT,idle_slots,0.000000,0.000000,0.000000,0.000000,50
"scenario_label=clustered,TOTAL_TAGS=5000",SGCT,total_energy_uj,1124842.886733,14531.718983,1147693.874169,4027.986998,50
"scenario_label=clustered,TOTAL_TAGS=5000",SGCT,total_listening_energy_uj,1124150.184593,14525.673288,1146992.044219,4026.311217,50
"scenario_label=clustered,TOTAL_TAGS=5000",SGCT,total_transmission_energy_uj,692.702140,8.116624,704.637975,2.249813,50
"scenario_label=clustered,TOTAL_TAGS=5000",SGCT,total_bits,713404.640000,9716.592077,739772.600000,2693.301914,50
"scenario_label=clustered,TOTAL_TAGS=5000",SGCT,avg_tag_bits,97.880952,1.881747,103.464140,0.521594,50
"scenario_label=clustered,TOTAL_TAGS=5000",SGCT,avg_reader_bits,44.799976,0.710499,45.875280,0.196940,50
"scenario_label=clustered,TOTAL_TAGS=5000",SGCT,avg_total_bits,142.680928,1.943318,147.954520,0.538660,50
"scenario_label=clustered,TOTAL_TAGS=5000",SGCT,avg_query_efficiency,5.202320,0.163524,5.479615,0.045326,50
"scenario_label=clustered,TOTAL_TAGS=5000",SGCT,peak_stack_depth,25.860000,1.125040,27.000000,0.311845,50
"scenario_label=clustered,TOTAL_TAGS=5000",SGCT,progressive_probe_count,482.180000,15.162642,506.100000,4.202870,50
"scenario_label=clustered,TOTAL_TAGS=5000",SGCT,signature_grouping_trigger_count,480.300000,15.026847,503.100000,4.165229,50
"scenario_label=clustered,TOTAL_TAGS=5000",SGCT,local_short_id_trigger_count,129.000000,0.000000,129.000000,0.000000,50
"scenario_label=clustered,TOTAL_TAGS=5000",SGCT,signature_groups_pruned,33166.060000,225.449430,33507.950000,62.491394,50
"scenario_label=clustered,TOTAL_TAGS=5000",SGCT,sparse_signature_groups,5478.740000,14.997701,5501.650000,4.157150,50
"scenario_label=clustered,TOTAL_TAGS=5000",SGCT,signature_marker_bits,15828.080000,375.771687,16941.150000,104.158598,50
"scenario_label=clustered,TOTAL_TAGS=5000",SGCT,signature_marker_tag_bits,15828.080000,375.771687,16941.150000,104.158598,50
"scenario_label=clustered,TOTAL_TAGS=5000",SGCT,signature_non_idle_marker_count,5478.740000,14.997701,5501.650000,4.157150,50
"scenario_label=clustered,TOTAL_TAGS=5000",SGCT,signature_collision_groups,479.860000,15.088866,502.550000,4.182420,50
"scenario_label=clustered,TOTAL_TAGS=5000",SGCT,signature_singleton_groups,4998.880000,1.409009,5000.000000,0.390557,50
"scenario_label=clustered,TOTAL_TAGS=5000",SGCT,low_d_fallback_count,0.560000,0.704504,2.000000,0.195279,50
"scenario_label=clustered,TOTAL_TAGS=5000",SGCT,suffix_signature_trigger_count,0.000000,0.000000,0.000000,0.000000,50
"scenario_label=clustered,TOTAL_TAGS=5000",SGCT,hash_short_id_round_count,0.000000,0.000000,0.000000,0.000000,50
"scenario_label=clustered,TOTAL_TAGS=5000",SGCT,hash_short_id_split_count,0.000000,0.000000,0.000000,0.000000,50
"scenario_label=clustered,TOTAL_TAGS=5000",SGCT,hash_short_id_collision_groups,0.000000,0.000000,0.000000,0.000000,50
"scenario_label=clustered,TOTAL_TAGS=5000",SGCT,hash_short_id_singleton_groups,0.000000,0.000000,0.000000,0.000000,50
"scenario_label=clustered,TOTAL_TAGS=5000",SGCT,small_cluster_guard_count,0.000000,0.000000,0.000000,0.000000,50
"scenario_label=clustered,TOTAL_TAGS=5000",SGCT,max_signature_d,8.000000,0.000000,8.000000,0.000000,50
"scenario_label=clustered,TOTAL_TAGS=5000",SGCT,epc_verification_count,5000.000000,0.000000,5000.000000,0.000000,50
"scenario_label=clustered,TOTAL_TAGS=5000",SGCT,verify_fail_count,0.000000,0.000000,0.000000,0.000000,50
"scenario_label=clustered,TOTAL_TAGS=5000",SGCT,avg_tag_responses,6.332208,0.150225,6.776900,0.041640,50
"scenario_label=clustered,TOTAL_TAGS=7000",DQTA(k_max=3),total_protocol_time_ms,11184.593725,66.578264,11287.678750,18.454553,50
"scenario_label=clustered,TOTAL_TAGS=7000",DQTA(k_max=3),throughput_tags_per_sec,625.882616,3.721042,632.049801,1.031420,50
"scenario_label=clustered,TOTAL_TAGS=7000",DQTA(k_max=3),system_efficiency,0.337234,0.002046,0.340519,0.000567,50
"scenario_label=clustered,TOTAL_TAGS=7000",DQTA(k_max=3),collision_slots,6445.480000,45.223364,6515.500000,12.535277,50
"scenario_label=clustered,TOTAL_TAGS=7000",DQTA(k_max=3),idle_slots,7312.360000,110.653303,7482.300000,30.671531,50
"scenario_label=clustered,TOTAL_TAGS=7000",DQTA(k_max=3),total_energy_uj,3928625.892525,26652.009846,3974520.012988,7387.560223,50
"scenario_label=clustered,TOTAL_TAGS=7000",DQTA(k_max=3),total_listening_energy_uj,3925575.603205,26613.218867,3971392.569744,7376.807912,50
"scenario_label=clustered,TOTAL_TAGS=7000",DQTA(k_max=3),total_transmission_energy_uj,3050.289320,151.731565,3326.598775,42.057844,50
"scenario_label=clustered,TOTAL_TAGS=7000",DQTA(k_max=3),total_bits,4227114.400000,301695.034568,4754498.900000,83625.597079,50
"scenario_label=clustered,TOTAL_TAGS=7000",DQTA(k_max=3),avg_tag_bits,514.660903,43.033917,589.380179,11.928393,50
"scenario_label=clustered,TOTAL_TAGS=7000",DQTA(k_max=3),avg_reader_bits,89.212583,0.641856,90.180450,0.177914,50
"scenario_label=clustered,TOTAL_TAGS=7000",DQTA(k_max=3),avg_total_bits,603.873486,43.099291,679.214129,11.946514,50
"scenario_label=clustered,TOTAL_TAGS=7000",DQTA(k_max=3),avg_query_efficiency,1.086085,0.007605,1.098608,0.002108,50
"scenario_label=clustered,TOTAL_TAGS=7000",DQTA(k_max=3),peak_stack_depth,23.880000,1.423419,26.550000,0.394552,50
"scenario_label=clustered,TOTAL_TAGS=7000",DQTA(k_max=3),avg_tag_responses,5.640017,0.237847,6.057300,0.065928,50
"scenario_label=clustered,TOTAL_TAGS=7000",DRCT,total_protocol_time_ms,16304.519000,115.132645,16473.195500,31.913141,50
"scenario_label=clustered,TOTAL_TAGS=7000",DRCT,throughput_tags_per_sec,429.349798,3.030693,433.976278,0.840065,50
"scenario_label=clustered,TOTAL_TAGS=7000",DRCT,system_efficiency,0.331031,0.002455,0.334882,0.000681,50
"scenario_label=clustered,TOTAL_TAGS=7000",DRCT,collision_slots,10572.600000,78.486448,10691.350000,21.755333,50
"scenario_label=clustered,TOTAL_TAGS=7000",DRCT,idle_slots,3574.600000,78.486448,3693.350000,21.755333,50
"scenario_label=clustered,TOTAL_TAGS=7000",DRCT,total_energy_uj,5740625.665210,48305.119738,5817325.761544,13389.496071,50
"scenario_label=clustered,TOTAL_TAGS=7000",DRCT,energy_per_tag_uj,820.089381,6.900731,831.046537,1.912785,50
"scenario_label=clustered,TOTAL_TAGS=7000",DRCT,total_reader_tx_energy_uj,2146.799120,16.338140,2171.001300,4.528701,50
"scenario_label=clustered,TOTAL_TAGS=7000",DRCT,total_tag_tx_energy_uj,1131.597060,0.579271,1132.424650,0.160566,50
"scenario_label=clustered,TOTAL_TAGS=7000",DRCT,total_listening_energy_uj,5737347.269030,48290.210592,5814011.903819,13385.363467,50
"scenario_label=clustered,TOTAL_TAGS=7000",DRCT,total_transmission_energy_uj,3278.396180,16.739581,3302.908950,4.639975,50
"scenario_label=clustered,TOTAL_TAGS=7000",DRCT,total_bits,3336593.680000,9001.061743,3349353.050000,2494.967024,50
"scenario_label=clustered,TOTAL_TAGS=7000",DRCT,avg_tag_bits,323.313446,0.165506,323.549900,0.045876,50
"scenario_label=clustered,TOTAL_TAGS=7000",DRCT,avg_reader_bits,153.342794,1.167010,155.071521,0.323479,50
"scenario_label=clustered,TOTAL_TAGS=7000",DRCT,avg_total_bits,476.656240,1.285866,478.479007,0.356424,50
"scenario_label=clustered,TOTAL_TAGS=7000",DRCT,avg_query_efficiency,0.662125,0.004912,0.669828,0.001361,50
"scenario_label=clustered,TOTAL_TAGS=7000",DRCT,peak_stack_depth,12.880000,0.798979,14.000000,0.221466,50
"scenario_label=clustered,TOTAL_TAGS=7000",DRCT,avg_tag_responses,75.102034,0.024670,75.142971,0.006838,50
"scenario_label=clustered,TOTAL_TAGS=7000",EAQ_CBB,total_protocol_time_ms,18456.607275,452.623557,19134.942188,125.460849,50
"scenario_label=clustered,TOTAL_TAGS=7000",EAQ_CBB,throughput_tags_per_sec,379.491097,9.287432,394.513080,2.574345,50
"scenario_label=clustered,TOTAL_TAGS=7000",EAQ_CBB,system_efficiency,0.489376,0.018248,0.519324,0.005058,50
"scenario_label=clustered,TOTAL_TAGS=7000",EAQ_CBB,collision_slots,7323.520000,536.289833,8185.600000,148.651958,50
"scenario_label=clustered,TOTAL_TAGS=7000",EAQ_CBB,idle_slots,0.000000,0.000000,0.000000,0.000000,50
"scenario_label=clustered,TOTAL_TAGS=7000",EAQ_CBB,total_energy_uj,6463707.941397,153501.977783,6699618.099219,42548.577451,50
"scenario_label=clustered,TOTAL_TAGS=7000",EAQ_CBB,total_listening_energy_uj,6460723.854187,153425.695458,6696519.798094,42527.433069,50
"scenario_label=clustered,TOTAL_TAGS=7000",EAQ_CBB,total_transmission_energy_uj,2984.087210,76.704318,3104.018000,21.261352,50
"scenario_label=clustered,TOTAL_TAGS=7000",EAQ_CBB,total_bits,2239774.780000,92627.921801,2392117.000000,25675.150000,50
"scenario_label=clustered,TOTAL_TAGS=7000",EAQ_CBB,avg_tag_bits,142.424986,10.373640,160.044571,2.875426,50
"scenario_label=clustered,TOTAL_TAGS=7000",EAQ_CBB,avg_reader_bits,177.542840,2.925814,181.654243,0.810994,50
"scenario_label=clustered,TOTAL_TAGS=7000",EAQ_CBB,avg_total_bits,319.967826,13.232560,341.731000,3.667879,50
"scenario_label=clustered,TOTAL_TAGS=7000",EAQ_CBB,avg_query_efficiency,0.960842,0.070148,1.080406,0.019444,50
"scenario_label=clustered,TOTAL_TAGS=7000",EAQ_CBB,peak_stack_depth,1721.480000,5.151738,1728.000000,1.427989,50
"scenario_label=clustered,TOTAL_TAGS=7000",EAQ_CBB,avg_tag_responses,4.370531,0.227138,4.751600,0.062959,50
"scenario_label=clustered,TOTAL_TAGS=7000",EMDT,total_protocol_time_ms,9640.057400,89.376319,9770.948875,24.773852,50
"scenario_label=clustered,TOTAL_TAGS=7000",EMDT,throughput_tags_per_sec,726.197959,6.736538,737.325407,1.867273,50
"scenario_label=clustered,TOTAL_TAGS=7000",EMDT,system_efficiency,0.498523,0.005448,0.508350,0.001510,50
"scenario_label=clustered,TOTAL_TAGS=7000",EMDT,collision_slots,4072.420000,93.831827,4202.200000,26.008856,50
"scenario_label=clustered,TOTAL_TAGS=7000",EMDT,idle_slots,2970.700000,80.940959,3091.100000,22.435689,50
"scenario_label=clustered,TOTAL_TAGS=7000",EMDT,total_energy_uj,3379747.402515,33068.516239,3434038.475250,9166.125054,50
"scenario_label=clustered,TOTAL_TAGS=7000",EMDT,total_listening_energy_uj,3378907.492595,33065.990747,3433193.337050,9165.425023,50
"scenario_label=clustered,TOTAL_TAGS=7000",EMDT,total_transmission_energy_uj,839.909920,4.576950,846.016000,1.268666,50
"scenario_label=clustered,TOTAL_TAGS=7000",EMDT,total_bits,1179349.760000,3094.427873,1183826.000000,857.731646,50
"scenario_label=clustered,TOTAL_TAGS=7000",EMDT,avg_tag_bits,144.646629,0.209018,144.959200,0.057937,50
"scenario_label=clustered,TOTAL_TAGS=7000",EMDT,avg_reader_bits,23.831909,0.297135,24.245100,0.082362,50
"scenario_label=clustered,TOTAL_TAGS=7000",EMDT,avg_total_bits,168.478537,0.442061,169.118000,0.122533,50
"scenario_label=clustered,TOTAL_TAGS=7000",EMDT,avg_query_efficiency,1.719778,0.039783,1.790140,0.011027,50
"scenario_label=clustered,TOTAL_TAGS=7000",EMDT,peak_stack_depth,44.600000,1.470804,47.000000,0.407686,50
"scenario_label=clustered,TOTAL_TAGS=7000",EMDT,avg_tag_responses,5.191323,0.030778,5.235314,0.008531,50
"scenario_label=clustered,TOTAL_TAGS=7000",HT_EEAC,total_protocol_time_ms,49930.892550,1334.623358,52286.199375,369.938721,50
"scenario_label=clustered,TOTAL_TAGS=7000",HT_EEAC,throughput_tags_per_sec,140.291493,3.732286,146.080755,1.034537,50
"scenario_label=clustered,TOTAL_TAGS=7000",HT_EEAC,system_efficiency,0.069257,0.001984,0.072357,0.000550,50
"scenario_label=clustered,TOTAL_TAGS=7000",HT_EEAC,collision_slots,89594.640000,2935.483486,94707.500000,813.674509,50
"scenario_label=clustered,TOTAL_TAGS=7000",HT_EEAC,idle_slots,4559.540000,141.232506,4799.650000,39.147653,50
"scenario_label=clustered,TOTAL_TAGS=7000",HT_EEAC,total_energy_uj,21341830.697345,801446.720727,22722638.293799,222149.697106,50
"scenario_label=clustered,TOTAL_TAGS=7000",HT_EEAC,total_listening_energy_uj,21336271.156305,801296.456229,22716828.002999,222108.045912,50
"scenario_label=clustered,TOTAL_TAGS=7000",HT_EEAC,total_transmission_energy_uj,5559.541040,151.571027,5827.571800,42.013345,50
"scenario_label=clustered,TOTAL_TAGS=7000",HT_EEAC,total_bits,4442906.200000,110991.844020,4638191.900000,30765.369541,50
"scenario_label=clustered,TOTAL_TAGS=7000",HT_EEAC,avg_tag_bits,316.787749,6.709677,328.474286,1.859827,50
"scenario_label=clustered,TOTAL_TAGS=7000",HT_EEAC,avg_reader_bits,317.913137,9.150690,334.140557,2.536442,50
"scenario_label=clustered,TOTAL_TAGS=7000",HT_EEAC,avg_total_bits,634.700886,15.855978,662.598843,4.395053,50
"scenario_label=clustered,TOTAL_TAGS=7000",HT_EEAC,avg_query_efficiency,0.078211,0.002548,0.082183,0.000706,50
"scenario_label=clustered,TOTAL_TAGS=7000",HT_EEAC,avg_tag_responses,225.389269,14.417683,252.817393,3.996378,50
"scenario_label=clustered,TOTAL_TAGS=7000",LAPCT,total_protocol_time_ms,20721.629050,11.966818,20739.124063,3.317033,50
"scenario_label=clustered,TOTAL_TAGS=7000",LAPCT,throughput_tags_per_sec,337.811389,0.195034,338.095213,0.054061,50
"scenario_label=clustered,TOTAL_TAGS=7000",LAPCT,system_efficiency,0.497241,0.000368,0.497760,0.000102,50
"scenario_label=clustered,TOTAL_TAGS=7000",LAPCT,collision_slots,7071.320000,11.214859,7087.000000,3.108600,50
"scenario_label=clustered,TOTAL_TAGS=7000",LAPCT,idle_slots,6.380000,1.839365,8.000000,0.509846,50
"scenario_label=clustered,TOTAL_TAGS=7000",LAPCT,total_energy_uj,7262364.656790,4824.840843,7271698.464369,1337.377650,50
"scenario_label=clustered,TOTAL_TAGS=7000",LAPCT,total_listening_energy_uj,7257918.072670,4758.589368,7267120.466619,1319.013678,50
"scenario_label=clustered,TOTAL_TAGS=7000",LAPCT,total_transmission_energy_uj,4446.584120,84.107819,4579.110725,23.313498,50
"scenario_label=clustered,TOTAL_TAGS=7000",LAPCT,total_bits,4445811.520000,165195.688537,4706353.750000,45789.908702,50
"scenario_label=clustered,TOTAL_TAGS=7000",LAPCT,avg_tag_bits,423.337040,23.455793,460.345957,6.501614,50
"scenario_label=clustered,TOTAL_TAGS=7000",LAPCT,avg_reader_bits,211.778891,0.152379,212.001214,0.042237,50
"scenario_label=clustered,TOTAL_TAGS=7000",LAPCT,avg_total_bits,635.115931,23.599384,672.336250,6.541416,50
"scenario_label=clustered,TOTAL_TAGS=7000",LAPCT,avg_query_efficiency,0.989917,0.001572,0.992204,0.000436,50
"scenario_label=clustered,TOTAL_TAGS=7000",LAPCT,peak_stack_depth,17.080000,0.829064,18.000000,0.229805,50
"scenario_label=clustered,TOTAL_TAGS=7000",LAPCT,avg_tag_responses,11.485271,0.377067,12.064721,0.104518,50
"scenario_label=clustered,TOTAL_TAGS=7000",NLHQT(n=2),total_protocol_time_ms,17680.437875,105.201299,17809.816625,29.160312,50
"scenario_label=clustered,TOTAL_TAGS=7000",NLHQT(n=2),throughput_tags_per_sec,395.931595,2.366474,400.357433,0.655953,50
"scenario_label=clustered,TOTAL_TAGS=7000",NLHQT(n=2),system_efficiency,0.346353,0.001236,0.348228,0.000342,50
"scenario_label=clustered,TOTAL_TAGS=7000",NLHQT(n=2),collision_slots,13210.840000,71.980825,13307.950000,19.952067,50
"scenario_label=clustered,TOTAL_TAGS=7000",NLHQT(n=2),idle_slots,0.000000,0.000000,0.000000,0.000000,50
"scenario_label=clustered,TOTAL_TAGS=7000",NLHQT(n=2),total_energy_uj,6206075.301703,41193.038987,6263336.223263,11418.127864,50
"scenario_label=clustered,TOTAL_TAGS=7000",NLHQT(n=2),total_listening_energy_uj,6202740.823402,41175.171833,6259979.506163,11413.175342,50
"scenario_label=clustered,TOTAL_TAGS=7000",NLHQT(n=2),total_transmission_energy_uj,3334.478300,19.434644,3356.158200,5.387009,50
"scenario_label=clustered,TOTAL_TAGS=7000",NLHQT(n=2),total_bits,3078875.200000,15250.885742,3093653.400000,4227.329853,50
"scenario_label=clustered,TOTAL_TAGS=7000",NLHQT(n=2),avg_tag_bits,268.883057,1.127199,269.634029,0.312444,50
"scenario_label=clustered,TOTAL_TAGS=7000",NLHQT(n=2),avg_reader_bits,170.956257,1.142290,172.317286,0.316627,50
"scenario_label=clustered,TOTAL_TAGS=7000",NLHQT(n=2),avg_total_bits,439.839314,2.178698,441.950486,0.603904,50
"scenario_label=clustered,TOTAL_TAGS=7000",NLHQT(n=2),avg_query_efficiency,0.529883,0.002895,0.534280,0.000802,50
"scenario_label=clustered,TOTAL_TAGS=7000",NLHQT(n=2),peak_stack_depth,19.740000,0.985818,21.550000,0.273255,50
"scenario_label=clustered,TOTAL_TAGS=7000",NLHQT(n=2),avg_tag_responses,39.621529,0.282355,39.817014,0.078265,50
"scenario_label=clustered,TOTAL_TAGS=7000",SGCT,total_protocol_time_ms,6565.722075,73.566749,6682.096687,20.391662,50
"scenario_label=clustered,TOTAL_TAGS=7000",SGCT,throughput_tags_per_sec,1066.274204,11.930978,1084.388355,3.307098,50
"scenario_label=clustered,TOTAL_TAGS=7000",SGCT,system_efficiency,0.816117,0.004206,0.822470,0.001166,50
"scenario_label=clustered,TOTAL_TAGS=7000",SGCT,collision_slots,1577.420000,44.236420,1646.550000,12.261710,50
"scenario_label=clustered,TOTAL_TAGS=7000",SGCT,idle_slots,0.000000,0.000000,0.000000,0.000000,50
"scenario_label=clustered,TOTAL_TAGS=7000",SGCT,total_energy_uj,2301746.455367,29770.572285,2348371.295563,8251.981629,50
"scenario_label=clustered,TOTAL_TAGS=7000",SGCT,total_listening_energy_uj,2300720.456658,29761.141797,2347331.612713,8249.367631,50
"scenario_label=clustered,TOTAL_TAGS=7000",SGCT,total_transmission_energy_uj,1025.998710,13.171721,1050.613675,3.651015,50
"scenario_label=clustered,TOTAL_TAGS=7000",SGCT,total_bits,1031251.260000,15034.158236,1069366.250000,4167.256053,50
"scenario_label=clustered,TOTAL_TAGS=7000",SGCT,avg_tag_bits,98.714649,1.907872,104.341793,0.528835,50
"scenario_label=clustered,TOTAL_TAGS=7000",SGCT,avg_reader_bits,48.606960,0.743395,49.780971,0.206059,50
"scenario_label=clustered,TOTAL_TAGS=7000",SGCT,avg_total_bits,147.321609,2.147737,152.766607,0.595322,50
"scenario_label=clustered,TOTAL_TAGS=7000",SGCT,avg_query_efficiency,4.441039,0.124251,4.632908,0.034441,50
"scenario_label=clustered,TOTAL_TAGS=7000",SGCT,peak_stack_depth,29.000000,1.590790,32.000000,0.440944,50
"scenario_label=clustered,TOTAL_TAGS=7000",SGCT,progressive_probe_count,790.180000,22.071951,824.550000,6.118033,50
"scenario_label=clustered,TOTAL_TAGS=7000",SGCT,signature_grouping_trigger_count,787.340000,22.222998,822.550000,6.159901,50
"scenario_label=clustered,TOTAL_TAGS=7000",SGCT,local_short_id_trigger_count,129.000000,0.000000,129.000000,0.000000,50
"scenario_label=clustered,TOTAL_TAGS=7000",SGCT,signature_groups_pruned,35772.000000,333.289970,36299.700000,92.383266,50
"scenario_label=clustered,TOTAL_TAGS=7000",SGCT,sparse_signature_groups,7785.440000,22.298678,7821.100000,6.180878,50
"scenario_label=clustered,TOTAL_TAGS=7000",SGCT,signature_marker_bits,22522.340000,536.262219,24092.400000,148.644303,50
"scenario_label=clustered,TOTAL_TAGS=7000",SGCT,signature_marker_tag_bits,22522.340000,536.262219,24092.400000,148.644303,50
"scenario_label=clustered,TOTAL_TAGS=7000",SGCT,signature_non_idle_marker_count,7785.440000,22.298678,7821.100000,6.180878,50
"scenario_label=clustered,TOTAL_TAGS=7000",SGCT,signature_collision_groups,787.240000,22.186188,822.000000,6.149698,50
"scenario_label=clustered,TOTAL_TAGS=7000",SGCT,signature_singleton_groups,6998.200000,1.862629,7000.000000,0.516294,50
"scenario_label=clustered,TOTAL_TAGS=7000",SGCT,low_d_fallback_count,0.900000,0.931315,2.550000,0.258147,50
"scenario_label=clustered,TOTAL_TAGS=7000",SGCT,suffix_signature_trigger_count,0.000000,0.000000,0.000000,0.000000,50
"scenario_label=clustered,TOTAL_TAGS=7000",SGCT,hash_short_id_round_count,0.000000,0.000000,0.000000,0.000000,50
"scenario_label=clustered,TOTAL_TAGS=7000",SGCT,hash_short_id_split_count,0.000000,0.000000,0.000000,0.000000,50
"scenario_label=clustered,TOTAL_TAGS=7000",SGCT,hash_short_id_collision_groups,0.000000,0.000000,0.000000,0.000000,50
"scenario_label=clustered,TOTAL_TAGS=7000",SGCT,hash_short_id_singleton_groups,0.000000,0.000000,0.000000,0.000000,50
"scenario_label=clustered,TOTAL_TAGS=7000",SGCT,small_cluster_guard_count,0.000000,0.000000,0.000000,0.000000,50
"scenario_label=clustered,TOTAL_TAGS=7000",SGCT,max_signature_d,8.000000,0.000000,8.000000,0.000000,50
"scenario_label=clustered,TOTAL_TAGS=7000",SGCT,epc_verification_count,7000.000000,0.000000,7000.000000,0.000000,50
"scenario_label=clustered,TOTAL_TAGS=7000",SGCT,verify_fail_count,0.000000,0.000000,0.000000,0.000000,50
"scenario_label=clustered,TOTAL_TAGS=7000",SGCT,avg_tag_responses,6.436023,0.153141,6.884457,0.042449,50
"scenario_label=prefixed,TOTAL_TAGS=1000",DQTA(k_max=3),total_protocol_time_ms,1615.344475,20.288599,1650.063312,5.623713,50
"scenario_label=prefixed,TOTAL_TAGS=1000",DQTA(k_max=3),throughput_tags_per_sec,619.158605,7.768108,631.625695,2.153210,50
"scenario_label=prefixed,TOTAL_TAGS=1000",DQTA(k_max=3),system_efficiency,0.333321,0.005587,0.342708,0.001549,50
"scenario_label=prefixed,TOTAL_TAGS=1000",DQTA(k_max=3),collision_slots,926.280000,14.828324,950.100000,4.110202,50
"scenario_label=prefixed,TOTAL_TAGS=1000",DQTA(k_max=3),idle_slots,1074.660000,47.388369,1158.000000,13.135386,50
"scenario_label=prefixed,TOTAL_TAGS=1000",DQTA(k_max=3),total_energy_uj,81703.946333,1079.931359,83472.569181,299.341700,50
"scenario_label=prefixed,TOTAL_TAGS=1000",DQTA(k_max=3),total_listening_energy_uj,81384.158612,1077.527099,83147.715781,298.675274,50
"scenario_label=prefixed,TOTAL_TAGS=1000",DQTA(k_max=3),total_transmission_energy_uj,319.787720,2.955899,324.904700,0.819333,50
"scenario_label=prefixed,TOTAL_TAGS=1000",DQTA(k_max=3),total_bits,413965.600000,2286.116518,418055.350000,633.679169,50
"scenario_label=prefixed,TOTAL_TAGS=1000",DQTA(k_max=3),avg_tag_bits,338.762320,1.195454,340.804000,0.331363,50
"scenario_label=prefixed,TOTAL_TAGS=1000",DQTA(k_max=3),avg_reader_bits,75.203280,1.235967,77.251350,0.342593,50
"scenario_label=prefixed,TOTAL_TAGS=1000",DQTA(k_max=3),avg_total_bits,413.965600,2.286117,418.055350,0.633679,50
"scenario_label=prefixed,TOTAL_TAGS=1000",DQTA(k_max=3),avg_query_efficiency,1.079858,0.017283,1.107420,0.004791,50
"scenario_label=prefixed,TOTAL_TAGS=1000",DQTA(k_max=3),peak_stack_depth,19.560000,0.884331,21.000000,0.245124,50
"scenario_label=prefixed,TOTAL_TAGS=1000",DQTA(k_max=3),avg_tag_responses,4.055740,0.016927,4.085650,0.004692,50
"scenario_label=prefixed,TOTAL_TAGS=1000",DRCT,total_protocol_time_ms,2122.969925,40.599311,2184.968313,11.253555,50
"scenario_label=prefixed,TOTAL_TAGS=1000",DRCT,throughput_tags_per_sec,471.208136,9.068510,485.274281,2.513663,50
"scenario_label=prefixed,TOTAL_TAGS=1000",DRCT,system_efficiency,0.333856,0.007269,0.344353,0.002015,50
"scenario_label=prefixed,TOTAL_TAGS=1000",DRCT,collision_slots,1497.340000,32.279146,1544.850000,8.947323,50
"scenario_label=prefixed,TOTAL_TAGS=1000",DRCT,idle_slots,499.340000,32.279146,546.850000,8.947323,50
"scenario_label=prefixed,TOTAL_TAGS=1000",DRCT,total_energy_uj,109293.372200,2377.462719,112950.709381,658.999044,50
"scenario_label=prefixed,TOTAL_TAGS=1000",DRCT,energy_per_tag_uj,109.293372,2.377463,112.950709,0.658999,50
"scenario_label=prefixed,TOTAL_TAGS=1000",DRCT,total_reader_tx_energy_uj,257.486760,5.618958,266.088600,1.557496,50
"scenario_label=prefixed,TOTAL_TAGS=1000",DRCT,total_tag_tx_energy_uj,138.727310,0.328578,139.244225,0.091077,50
"scenario_label=prefixed,TOTAL_TAGS=1000",DRCT,total_listening_energy_uj,108897.158130,2372.067372,112544.297456,657.503530,50
"scenario_label=prefixed,TOTAL_TAGS=1000",DRCT,total_transmission_energy_uj,396.214070,5.815530,405.298725,1.611983,50
"scenario_label=prefixed,TOTAL_TAGS=1000",DRCT,total_bits,406198.000000,3234.929353,411464.550000,896.676669,50
"scenario_label=prefixed,TOTAL_TAGS=1000",DRCT,avg_tag_bits,277.454620,0.657156,278.488450,0.182154,50
"scenario_label=prefixed,TOTAL_TAGS=1000",DRCT,avg_reader_bits,128.743380,2.809479,133.044300,0.778748,50
"scenario_label=prefixed,TOTAL_TAGS=1000",DRCT,avg_total_bits,406.198000,3.234929,411.464550,0.896677,50
"scenario_label=prefixed,TOTAL_TAGS=1000",DRCT,avg_query_efficiency,0.668158,0.014557,0.689180,0.004035,50
"scenario_label=prefixed,TOTAL_TAGS=1000",DRCT,peak_stack_depth,9.580000,0.498569,10.000000,0.138196,50
"scenario_label=prefixed,TOTAL_TAGS=1000",DRCT,avg_tag_responses,59.313480,0.073653,59.436150,0.020416,50
"scenario_label=prefixed,TOTAL_TAGS=1000",EAQ_CBB,total_protocol_time_ms,2614.546300,25.950828,2650.398438,7.193202,50
"scenario_label=prefixed,TOTAL_TAGS=1000",EAQ_CBB,throughput_tags_per_sec,382.512419,3.792045,388.839011,1.051101,50
"scenario_label=prefixed,TOTAL_TAGS=1000",EAQ_CBB,system_efficiency,0.545429,0.006053,0.555341,0.001678,50
"scenario_label=prefixed,TOTAL_TAGS=1000",EAQ_CBB,collision_slots,833.640000,20.378821,862.000000,5.648721,50
"scenario_label=prefixed,TOTAL_TAGS=1000",EAQ_CBB,idle_slots,0.000000,0.000000,0.000000,0.000000,50
"scenario_label=prefixed,TOTAL_TAGS=1000",EAQ_CBB,total_energy_uj,131409.415847,1491.576483,134191.550769,413.443907,50
"scenario_label=prefixed,TOTAL_TAGS=1000",EAQ_CBB,total_listening_energy_uj,130999.804088,1488.185625,133777.499419,412.504010,50
"scenario_label=prefixed,TOTAL_TAGS=1000",EAQ_CBB,total_transmission_energy_uj,409.611760,3.859503,415.161675,1.069800,50
"scenario_label=prefixed,TOTAL_TAGS=1000",EAQ_CBB,total_bits,260250.320000,2640.862764,264395.850000,732.009812,50
"scenario_label=prefixed,TOTAL_TAGS=1000",EAQ_CBB,avg_tag_bits,73.925920,1.015197,75.563050,0.281398,50
"scenario_label=prefixed,TOTAL_TAGS=1000",EAQ_CBB,avg_reader_bits,186.324400,1.702407,188.642500,0.471883,50
"scenario_label=prefixed,TOTAL_TAGS=1000",EAQ_CBB,avg_total_bits,260.250320,2.640863,264.395850,0.732010,50
"scenario_label=prefixed,TOTAL_TAGS=1000",EAQ_CBB,avg_query_efficiency,1.200260,0.029277,1.248925,0.008115,50
"scenario_label=prefixed,TOTAL_TAGS=1000",EAQ_CBB,peak_stack_depth,248.340000,2.218751,252.000000,0.615006,50
"scenario_label=prefixed,TOTAL_TAGS=1000",EAQ_CBB,avg_tag_responses,3.794080,0.044013,3.864600,0.012200,50
"scenario_label=prefixed,TOTAL_TAGS=1000",EMDT,total_protocol_time_ms,1339.071850,40.698247,1404.646125,11.280979,50
"scenario_label=prefixed,TOTAL_TAGS=1000",EMDT,throughput_tags_per_sec,747.455164,22.490111,783.967934,6.233941,50
"scenario_label=prefixed,TOTAL_TAGS=1000",EMDT,system_efficiency,0.562436,0.028672,0.612860,0.007948,50
"scenario_label=prefixed,TOTAL_TAGS=1000",EMDT,collision_slots,564.380000,45.928911,637.900000,12.730845,50
"scenario_label=prefixed,TOTAL_TAGS=1000",EMDT,idle_slots,218.160000,46.556685,288.050000,12.904855,50
"scenario_label=prefixed,TOTAL_TAGS=1000",EMDT,total_energy_uj,67131.940500,2106.042004,70249.069987,583.765060,50
"scenario_label=prefixed,TOTAL_TAGS=1000",EMDT,total_listening_energy_uj,67006.694500,2107.101856,70123.831788,584.058836,50
"scenario_label=prefixed,TOTAL_TAGS=1000",EMDT,total_transmission_energy_uj,125.246000,2.516091,128.682800,0.697425,50
"scenario_label=prefixed,TOTAL_TAGS=1000",EMDT,total_bits,166955.800000,2499.734002,170337.000000,692.890915,50
"scenario_label=prefixed,TOTAL_TAGS=1000",EMDT,avg_tag_bits,139.110400,1.723935,141.698400,0.477850,50
"scenario_label=prefixed,TOTAL_TAGS=1000",EMDT,avg_reader_bits,27.845400,0.877688,29.158800,0.243283,50
"scenario_label=prefixed,TOTAL_TAGS=1000",EMDT,avg_total_bits,166.955800,2.499734,170.337000,0.692891,50
"scenario_label=prefixed,TOTAL_TAGS=1000",EMDT,avg_query_efficiency,1.783233,0.143500,2.032520,0.039776,50
"scenario_label=prefixed,TOTAL_TAGS=1000",EMDT,peak_stack_depth,34.060000,1.448574,36.000000,0.401524,50
"scenario_label=prefixed,TOTAL_TAGS=1000",EMDT,avg_tag_responses,4.536040,0.071264,4.648100,0.019753,50
"scenario_label=prefixed,TOTAL_TAGS=1000",HT_EEAC,total_protocol_time_ms,2589.583650,57.542435,2669.673375,15.949949,50
"scenario_label=prefixed,TOTAL_TAGS=1000",HT_EEAC,throughput_tags_per_sec,386.348796,8.561144,399.341402,2.373028,50
"scenario_label=prefixed,TOTAL_TAGS=1000",HT_EEAC,system_efficiency,0.215056,0.006458,0.224781,0.001790,50
"scenario_label=prefixed,TOTAL_TAGS=1000",HT_EEAC,collision_slots,2490.320000,101.006050,2653.750000,27.997449,50
"scenario_label=prefixed,TOTAL_TAGS=1000",HT_EEAC,idle_slots,1163.740000,81.005369,1293.100000,22.453543,50
"scenario_label=prefixed,TOTAL_TAGS=1000",HT_EEAC,total_energy_uj,147200.912060,3740.776644,153794.866100,1036.890385,50
"scenario_label=prefixed,TOTAL_TAGS=1000",HT_EEAC,total_listening_energy_uj,146920.210860,3735.177490,153505.021500,1035.338378,50
"scenario_label=prefixed,TOTAL_TAGS=1000",HT_EEAC,total_transmission_energy_uj,280.701200,6.829146,290.148800,1.892943,50
"scenario_label=prefixed,TOTAL_TAGS=1000",HT_EEAC,total_bits,254234.440000,4497.434902,260585.800000,1246.625353,50
"scenario_label=prefixed,TOTAL_TAGS=1000",HT_EEAC,avg_tag_bits,151.845120,1.616097,154.460000,0.447959,50
"scenario_label=prefixed,TOTAL_TAGS=1000",HT_EEAC,avg_reader_bits,102.389320,3.075123,106.602100,0.852381,50
"scenario_label=prefixed,TOTAL_TAGS=1000",HT_EEAC,avg_total_bits,254.234440,4.497435,260.585800,1.246625,50
"scenario_label=prefixed,TOTAL_TAGS=1000",HT_EEAC,avg_query_efficiency,0.402193,0.016069,0.425506,0.004454,50
"scenario_label=prefixed,TOTAL_TAGS=1000",HT_EEAC,avg_tag_responses,82.858040,11.819316,102.208050,3.276147,50
"scenario_label=prefixed,TOTAL_TAGS=1000",LAPCT,total_protocol_time_ms,2838.417275,0.855503,2839.709063,0.237133,50
"scenario_label=prefixed,TOTAL_TAGS=1000",LAPCT,throughput_tags_per_sec,352.309048,0.106165,352.422636,0.029427,50
"scenario_label=prefixed,TOTAL_TAGS=1000",LAPCT,system_efficiency,0.490139,0.000255,0.490436,0.000071,50
"scenario_label=prefixed,TOTAL_TAGS=1000",LAPCT,collision_slots,1040.240000,1.060612,1041.000000,0.293987,50
"scenario_label=prefixed,TOTAL_TAGS=1000",LAPCT,idle_slots,0.000000,0.000000,0.000000,0.000000,50
"scenario_label=prefixed,TOTAL_TAGS=1000",LAPCT,total_energy_uj,143032.037765,61.070808,143153.300444,16.927964,50
"scenario_label=prefixed,TOTAL_TAGS=1000",LAPCT,total_listening_energy_uj,142489.383445,60.465169,142609.426169,16.760090,50
"scenario_label=prefixed,TOTAL_TAGS=1000",LAPCT,total_transmission_energy_uj,542.654320,0.824648,544.060525,0.228581,50
"scenario_label=prefixed,TOTAL_TAGS=1000",LAPCT,total_bits,504165.860000,1397.077299,506595.650000,387.250070,50
"scenario_label=prefixed,TOTAL_TAGS=1000",LAPCT,avg_tag_bits,310.451600,1.315112,312.777250,0.364531,50
"scenario_label=prefixed,TOTAL_TAGS=1000",LAPCT,avg_reader_bits,193.714260,0.091940,193.864650,0.025485,50
"scenario_label=prefixed,TOTAL_TAGS=1000",LAPCT,avg_total_bits,504.165860,1.397077,506.595650,0.387250,50
"scenario_label=prefixed,TOTAL_TAGS=1000",LAPCT,avg_query_efficiency,0.961318,0.000981,0.962464,0.000272,50
"scenario_label=prefixed,TOTAL_TAGS=1000",LAPCT,peak_stack_depth,14.260000,0.828325,16.000000,0.229600,50
"scenario_label=prefixed,TOTAL_TAGS=1000",LAPCT,avg_tag_responses,8.315920,0.032358,8.374550,0.008969,50
"scenario_label=prefixed,TOTAL_TAGS=1000",NLHQT(n=2),total_protocol_time_ms,1290.298950,13.066343,1311.702250,3.621806,50
"scenario_label=prefixed,TOTAL_TAGS=1000",NLHQT(n=2),throughput_tags_per_sec,775.091995,7.840152,786.212643,2.173179,50
"scenario_label=prefixed,TOTAL_TAGS=1000",NLHQT(n=2),system_efficiency,0.355032,0.003509,0.359738,0.000973,50
"scenario_label=prefixed,TOTAL_TAGS=1000",NLHQT(n=2),collision_slots,1816.920000,27.865449,1859.000000,7.723908,50
"scenario_label=prefixed,TOTAL_TAGS=1000",NLHQT(n=2),idle_slots,0.000000,0.000000,0.000000,0.000000,50
"scenario_label=prefixed,TOTAL_TAGS=1000",NLHQT(n=2),total_energy_uj,64864.332535,744.811022,66078.289725,206.451082,50
"scenario_label=prefixed,TOTAL_TAGS=1000",NLHQT(n=2),total_listening_energy_uj,64689.749515,743.561978,65901.779375,206.104865,50
"scenario_label=prefixed,TOTAL_TAGS=1000",NLHQT(n=2),total_transmission_energy_uj,174.583020,1.387618,176.822800,0.384628,50
"scenario_label=prefixed,TOTAL_TAGS=1000",NLHQT(n=2),total_bits,169633.440000,745.743956,170826.700000,206.709678,50
"scenario_label=prefixed,TOTAL_TAGS=1000",NLHQT(n=2),avg_tag_bits,109.789240,0.072226,109.903500,0.020020,50
"scenario_label=prefixed,TOTAL_TAGS=1000",NLHQT(n=2),avg_reader_bits,59.844200,0.676576,60.938900,0.187537,50
"scenario_label=prefixed,TOTAL_TAGS=1000",NLHQT(n=2),avg_total_bits,169.633440,0.745744,170.826700,0.206710,50
"scenario_label=prefixed,TOTAL_TAGS=1000",NLHQT(n=2),avg_query_efficiency,0.550509,0.008432,0.561862,0.002337,50
"scenario_label=prefixed,TOTAL_TAGS=1000",NLHQT(n=2),peak_stack_depth,15.840000,0.650275,17.000000,0.180247,50
"scenario_label=prefixed,TOTAL_TAGS=1000",NLHQT(n=2),avg_tag_responses,7.894620,0.036113,7.951750,0.010010,50
"scenario_label=prefixed,TOTAL_TAGS=1000",SGCT,total_protocol_time_ms,1746.735000,21.437887,1785.688000,5.942279,50
"scenario_label=prefixed,TOTAL_TAGS=1000",SGCT,throughput_tags_per_sec,572.580883,7.001065,583.107630,1.940596,50
"scenario_label=prefixed,TOTAL_TAGS=1000",SGCT,system_efficiency,0.672898,0.004704,0.680111,0.001304,50
"scenario_label=prefixed,TOTAL_TAGS=1000",SGCT,collision_slots,486.180000,10.411316,505.750000,2.885870,50
"scenario_label=prefixed,TOTAL_TAGS=1000",SGCT,idle_slots,0.000000,0.000000,0.000000,0.000000,50
"scenario_label=prefixed,TOTAL_TAGS=1000",SGCT,total_energy_uj,88906.277385,1607.687218,91975.486475,445.628161,50
"scenario_label=prefixed,TOTAL_TAGS=1000",SGCT,total_listening_energy_uj,88713.850835,1605.795528,91778.816900,445.103812,50
"scenario_label=prefixed,TOTAL_TAGS=1000",SGCT,total_transmission_energy_uj,192.426550,2.308766,196.785925,0.639957,50
"scenario_label=prefixed,TOTAL_TAGS=1000",SGCT,total_bits,157749.080000,1243.509416,160101.100000,344.683225,50
"scenario_label=prefixed,TOTAL_TAGS=1000",SGCT,avg_tag_bits,82.047740,0.142105,82.284400,0.039390,50
"scenario_label=prefixed,TOTAL_TAGS=1000",SGCT,avg_reader_bits,75.701340,1.125349,77.823450,0.311931,50
"scenario_label=prefixed,TOTAL_TAGS=1000",SGCT,avg_total_bits,157.749080,1.243509,160.101100,0.344683,50
"scenario_label=prefixed,TOTAL_TAGS=1000",SGCT,avg_query_efficiency,2.057771,0.043815,2.126098,0.012145,50
"scenario_label=prefixed,TOTAL_TAGS=1000",SGCT,peak_stack_depth,231.300000,3.882194,237.550000,1.076089,50
"scenario_label=prefixed,TOTAL_TAGS=1000",SGCT,progressive_probe_count,250.060000,6.254500,261.100000,1.733659,50
"scenario_label=prefixed,TOTAL_TAGS=1000",SGCT,signature_grouping_trigger_count,237.120000,4.461353,245.100000,1.236624,50
"scenario_label=prefixed,TOTAL_TAGS=1000",SGCT,local_short_id_trigger_count,232.300000,3.882194,238.550000,1.076089,50
"scenario_label=prefixed,TOTAL_TAGS=1000",SGCT,signature_groups_pruned,58309.800000,989.744123,59906.250000,274.343074,50
"scenario_label=prefixed,TOTAL_TAGS=1000",SGCT,sparse_signature_groups,1236.120000,4.461353,1244.100000,1.236624,50
"scenario_label=prefixed,TOTAL_TAGS=1000",SGCT,signature_marker_bits,1989.580000,5.518392,1999.100000,1.529620,50
"scenario_label=prefixed,TOTAL_TAGS=1000",SGCT,signature_marker_tag_bits,1989.580000,5.518392,1999.100000,1.529620,50
"scenario_label=prefixed,TOTAL_TAGS=1000",SGCT,signature_non_idle_marker_count,1236.120000,4.461353,1244.100000,1.236624,50
"scenario_label=prefixed,TOTAL_TAGS=1000",SGCT,signature_collision_groups,236.120000,4.461353,244.100000,1.236624,50
"scenario_label=prefixed,TOTAL_TAGS=1000",SGCT,signature_singleton_groups,1000.000000,0.000000,1000.000000,0.000000,50
"scenario_label=prefixed,TOTAL_TAGS=1000",SGCT,low_d_fallback_count,0.000000,0.000000,0.000000,0.000000,50
"scenario_label=prefixed,TOTAL_TAGS=1000",SGCT,suffix_signature_trigger_count,0.000000,0.000000,0.000000,0.000000,50
"scenario_label=prefixed,TOTAL_TAGS=1000",SGCT,hash_short_id_round_count,0.000000,0.000000,0.000000,0.000000,50
"scenario_label=prefixed,TOTAL_TAGS=1000",SGCT,hash_short_id_split_count,0.000000,0.000000,0.000000,0.000000,50
"scenario_label=prefixed,TOTAL_TAGS=1000",SGCT,hash_short_id_collision_groups,0.000000,0.000000,0.000000,0.000000,50
"scenario_label=prefixed,TOTAL_TAGS=1000",SGCT,hash_short_id_singleton_groups,0.000000,0.000000,0.000000,0.000000,50
"scenario_label=prefixed,TOTAL_TAGS=1000",SGCT,small_cluster_guard_count,0.000000,0.000000,0.000000,0.000000,50
"scenario_label=prefixed,TOTAL_TAGS=1000",SGCT,max_signature_d,8.000000,0.000000,8.000000,0.000000,50
"scenario_label=prefixed,TOTAL_TAGS=1000",SGCT,epc_verification_count,1000.000000,0.000000,1000.000000,0.000000,50
"scenario_label=prefixed,TOTAL_TAGS=1000",SGCT,verify_fail_count,0.000000,0.000000,0.000000,0.000000,50
"scenario_label=prefixed,TOTAL_TAGS=1000",SGCT,avg_tag_responses,4.005220,0.013842,4.027100,0.003837,50
"scenario_label=prefixed,TOTAL_TAGS=10000",DQTA(k_max=3),total_protocol_time_ms,16174.485850,82.808521,16307.919250,22.953351,50
"scenario_label=prefixed,TOTAL_TAGS=10000",DQTA(k_max=3),throughput_tags_per_sec,618.273575,3.169272,623.383642,0.878477,50
"scenario_label=prefixed,TOTAL_TAGS=10000",DQTA(k_max=3),system_efficiency,0.330289,0.002125,0.334278,0.000589,50
"scenario_label=prefixed,TOTAL_TAGS=10000",DQTA(k_max=3),collision_slots,9287.680000,58.104213,9383.400000,16.105666,50
"scenario_label=prefixed,TOTAL_TAGS=10000",DQTA(k_max=3),idle_slots,10990.020000,168.885481,11239.900000,46.812667,50
"scenario_label=prefixed,TOTAL_TAGS=10000",DQTA(k_max=3),total_energy_uj,8100252.104980,51746.487492,8171422.721794,14343.394546,50
"scenario_label=prefixed,TOTAL_TAGS=10000",DQTA(k_max=3),total_listening_energy_uj,8096611.388080,51736.209906,8167762.782319,14340.545744,50
"scenario_label=prefixed,TOTAL_TAGS=10000",DQTA(k_max=3),total_transmission_energy_uj,3640.716900,11.912082,3659.198825,3.301861,50
"scenario_label=prefixed,TOTAL_TAGS=10000",DQTA(k_max=3),total_bits,4930223.820000,8970.476034,4942960.450000,2486.489098,50
"scenario_label=prefixed,TOTAL_TAGS=10000",DQTA(k_max=3),avg_tag_bits,414.648716,0.432090,415.193135,0.119769,50
"scenario_label=prefixed,TOTAL_TAGS=10000",DQTA(k_max=3),avg_reader_bits,78.373666,0.501434,79.183060,0.138990,50
"scenario_label=prefixed,TOTAL_TAGS=10000",DQTA(k_max=3),avg_total_bits,493.022382,0.897048,494.296045,0.248649,50
"scenario_label=prefixed,TOTAL_TAGS=10000",DQTA(k_max=3),avg_query_efficiency,1.076737,0.006746,1.087678,0.001870,50
"scenario_label=prefixed,TOTAL_TAGS=10000",DQTA(k_max=3),peak_stack_depth,27.280000,0.881557,28.550000,0.244355,50
"scenario_label=prefixed,TOTAL_TAGS=10000",DQTA(k_max=3),avg_tag_responses,5.165582,0.006659,5.174600,0.001846,50
"scenario_label=prefixed,TOTAL_TAGS=10000",DRCT,total_protocol_time_ms,21185.472275,152.167670,21397.468375,42.178726,50
"scenario_label=prefixed,TOTAL_TAGS=10000",DRCT,throughput_tags_per_sec,472.045505,3.399753,477.329915,0.942363,50
"scenario_label=prefixed,TOTAL_TAGS=10000",DRCT,system_efficiency,0.345333,0.002694,0.350284,0.000747,50
"scenario_label=prefixed,TOTAL_TAGS=10000",DRCT,collision_slots,14478.620000,112.535870,14631.600000,31.193352,50
"scenario_label=prefixed,TOTAL_TAGS=10000",DRCT,idle_slots,4480.620000,112.535870,4633.600000,31.193352,50
"scenario_label=prefixed,TOTAL_TAGS=10000",DRCT,total_energy_uj,10624596.511540,87859.019232,10755343.155725,24353.277649,50
"scenario_label=prefixed,TOTAL_TAGS=10000",DRCT,energy_per_tag_uj,1062.459651,8.785902,1075.534315,2.435328,50
"scenario_label=prefixed,TOTAL_TAGS=10000",DRCT,total_reader_tx_energy_uj,2616.260000,21.687103,2646.880700,6.011358,50
"scenario_label=prefixed,TOTAL_TAGS=10000",DRCT,total_tag_tx_energy_uj,1435.127140,0.899596,1436.581475,0.249355,50
"scenario_label=prefixed,TOTAL_TAGS=10000",DRCT,total_listening_energy_uj,10620545.124400,87838.686530,10751263.539975,24347.641711,50
"scenario_label=prefixed,TOTAL_TAGS=10000",DRCT,total_transmission_energy_uj,4051.387140,22.108968,4082.482525,6.128293,50
"scenario_label=prefixed,TOTAL_TAGS=10000",DRCT,total_bits,4178384.280000,11768.025385,4195789.550000,3261.930216,50
"scenario_label=prefixed,TOTAL_TAGS=10000",DRCT,avg_tag_bits,287.025428,0.179919,287.316295,0.049871,50
"scenario_label=prefixed,TOTAL_TAGS=10000",DRCT,avg_reader_bits,130.813000,1.084355,132.344035,0.300568,50
"scenario_label=prefixed,TOTAL_TAGS=10000",DRCT,avg_total_bits,417.838428,1.176803,419.578955,0.326193,50
"scenario_label=prefixed,TOTAL_TAGS=10000",DRCT,avg_query_efficiency,0.690715,0.005388,0.700617,0.001493,50
"scenario_label=prefixed,TOTAL_TAGS=10000",DRCT,peak_stack_depth,13.020000,0.552914,14.000000,0.153260,50
"scenario_label=prefixed,TOTAL_TAGS=10000",DRCT,avg_tag_responses,62.620712,0.023824,62.660685,0.006604,50
"scenario_label=prefixed,TOTAL_TAGS=10000",EAQ_CBB,total_protocol_time_ms,26104.259150,73.992662,26225.324688,20.509719,50
"scenario_label=prefixed,TOTAL_TAGS=10000",EAQ_CBB,throughput_tags_per_sec,383.082264,1.085206,384.762899,0.300804,50
"scenario_label=prefixed,TOTAL_TAGS=10000",EAQ_CBB,system_efficiency,0.546348,0.001721,0.549028,0.000477,50
"scenario_label=prefixed,TOTAL_TAGS=10000",EAQ_CBB,collision_slots,8303.520000,57.692443,8397.500000,15.991529,50
"scenario_label=prefixed,TOTAL_TAGS=10000",EAQ_CBB,idle_slots,0.000000,0.000000,0.000000,0.000000,50
"scenario_label=prefixed,TOTAL_TAGS=10000",EAQ_CBB,total_energy_uj,13053757.256402,43081.592467,13130197.346619,11941.608182,50
"scenario_label=prefixed,TOTAL_TAGS=10000",EAQ_CBB,total_listening_energy_uj,13049667.317603,43072.113305,13126092.495469,11938.980692,50
"scenario_label=prefixed,TOTAL_TAGS=10000",EAQ_CBB,total_transmission_energy_uj,4089.938800,10.997365,4108.247675,3.048314,50
"scenario_label=prefixed,TOTAL_TAGS=10000",EAQ_CBB,total_bits,2598202.880000,7545.720935,2610816.400000,2091.567133,50
"scenario_label=prefixed,TOTAL_TAGS=10000",EAQ_CBB,avg_tag_bits,73.764464,0.288268,74.207700,0.079904,50
"scenario_label=prefixed,TOTAL_TAGS=10000",EAQ_CBB,avg_reader_bits,186.055824,0.483861,186.846250,0.134119,50
"scenario_label=prefixed,TOTAL_TAGS=10000",EAQ_CBB,avg_total_bits,259.820288,0.754572,261.081640,0.209157,50
"scenario_label=prefixed,TOTAL_TAGS=10000",EAQ_CBB,avg_query_efficiency,1.204365,0.008356,1.217434,0.002316,50
"scenario_label=prefixed,TOTAL_TAGS=10000",EAQ_CBB,peak_stack_depth,2456.000000,7.337352,2465.000000,2.033810,50
"scenario_label=prefixed,TOTAL_TAGS=10000",EAQ_CBB,avg_tag_responses,3.787128,0.011933,3.806090,0.003308,50
"scenario_label=prefixed,TOTAL_TAGS=10000",EMDT,total_protocol_time_ms,13661.119350,135.255826,13876.134750,37.491002,50
"scenario_label=prefixed,TOTAL_TAGS=10000",EMDT,throughput_tags_per_sec,732.074977,7.270499,745.367153,2.015280,50
"scenario_label=prefixed,TOTAL_TAGS=10000",EMDT,system_efficiency,0.503674,0.007471,0.515747,0.002071,50
"scenario_label=prefixed,TOTAL_TAGS=10000",EMDT,collision_slots,5926.880000,138.678109,6156.050000,38.439611,50
"scenario_label=prefixed,TOTAL_TAGS=10000",EMDT,idle_slots,3931.500000,167.912179,4204.000000,46.542882,50
"scenario_label=prefixed,TOTAL_TAGS=10000",EMDT,total_energy_uj,6831679.921190,71829.544538,6934138.302950,19910.133949,50
"scenario_label=prefixed,TOTAL_TAGS=10000",EMDT,total_listening_energy_uj,6830451.635590,71829.648078,6932907.065550,19910.162649,50
"scenario_label=prefixed,TOTAL_TAGS=10000",EMDT,total_transmission_energy_uj,1228.285600,7.377607,1239.921000,2.044968,50
"scenario_label=prefixed,TOTAL_TAGS=10000",EMDT,total_bits,1722822.800000,6380.262422,1733321.500000,1768.518515,50
"scenario_label=prefixed,TOTAL_TAGS=10000",EMDT,avg_tag_bits,147.824000,0.408542,148.464080,0.113242,50
"scenario_label=prefixed,TOTAL_TAGS=10000",EMDT,avg_reader_bits,24.458280,0.295744,24.891020,0.081976,50
"scenario_label=prefixed,TOTAL_TAGS=10000",EMDT,avg_total_bits,172.282280,0.638026,173.332150,0.176852,50
"scenario_label=prefixed,TOTAL_TAGS=10000",EMDT,avg_query_efficiency,1.688141,0.039817,1.761855,0.011037,50
"scenario_label=prefixed,TOTAL_TAGS=10000",EMDT,peak_stack_depth,46.800000,1.428571,49.550000,0.395980,50
"scenario_label=prefixed,TOTAL_TAGS=10000",EMDT,avg_tag_responses,5.312684,0.026627,5.350615,0.007380,50
"scenario_label=prefixed,TOTAL_TAGS=10000",HT_EEAC,total_protocol_time_ms,79655.838750,1722.409375,82636.199625,477.427521,50
"scenario_label=prefixed,TOTAL_TAGS=10000",HT_EEAC,throughput_tags_per_sec,125.597462,2.709519,129.884599,0.751040,50
"scenario_label=prefixed,TOTAL_TAGS=10000",HT_EEAC,system_efficiency,0.061549,0.001423,0.063810,0.000394,50
"scenario_label=prefixed,TOTAL_TAGS=10000",HT_EEAC,collision_slots,146607.600000,3762.479670,153100.450000,1042.906156,50
"scenario_label=prefixed,TOTAL_TAGS=10000",HT_EEAC,idle_slots,5949.220000,141.684514,6153.200000,39.272944,50
"scenario_label=prefixed,TOTAL_TAGS=10000",HT_EEAC,total_energy_uj,46864159.156200,1097739.858863,48581360.932576,304277.964887,50
"scenario_label=prefixed,TOTAL_TAGS=10000",HT_EEAC,total_listening_energy_uj,46855273.795320,1097548.348381,48572143.749976,304224.880890,50
"scenario_label=prefixed,TOTAL_TAGS=10000",HT_EEAC,total_transmission_energy_uj,8885.360880,195.801795,9224.277400,54.273489,50
"scenario_label=prefixed,TOTAL_TAGS=10000",HT_EEAC,total_bits,7041971.640000,143034.988192,7289344.100000,39647.275958,50
"scenario_label=prefixed,TOTAL_TAGS=10000",HT_EEAC,avg_tag_bits,346.572160,6.019967,356.960720,1.668650,50
"scenario_label=prefixed,TOTAL_TAGS=10000",HT_EEAC,avg_reader_bits,357.625004,8.285999,371.973690,2.296762,50
"scenario_label=prefixed,TOTAL_TAGS=10000",HT_EEAC,avg_total_bits,704.197164,14.303499,728.934410,3.964728,50
"scenario_label=prefixed,TOTAL_TAGS=10000",HT_EEAC,avg_query_efficiency,0.068253,0.001747,0.071005,0.000484,50
"scenario_label=prefixed,TOTAL_TAGS=10000",HT_EEAC,avg_tag_responses,254.162838,11.346995,271.501050,3.145227,50
"scenario_label=prefixed,TOTAL_TAGS=10000",LAPCT,total_protocol_time_ms,28878.231700,1.072050,28879.743125,0.297157,50
"scenario_label=prefixed,TOTAL_TAGS=10000",LAPCT,throughput_tags_per_sec,346.281591,0.012855,346.297507,0.003563,50
"scenario_label=prefixed,TOTAL_TAGS=10000",LAPCT,system_efficiency,0.498964,0.000028,0.498977,0.000008,50
"scenario_label=prefixed,TOTAL_TAGS=10000",LAPCT,collision_slots,10041.520000,1.129204,10044.100000,0.312999,50
"scenario_label=prefixed,TOTAL_TAGS=10000",LAPCT,idle_slots,0.000000,0.000000,0.000000,0.000000,50
"scenario_label=prefixed,TOTAL_TAGS=10000",LAPCT,total_energy_uj,14453047.131500,595.027203,14453919.218075,164.933126,50
"scenario_label=prefixed,TOTAL_TAGS=10000",LAPCT,total_listening_energy_uj,14446895.822360,593.689997,14447767.235250,164.562471,50
"scenario_label=prefixed,TOTAL_TAGS=10000",LAPCT,total_transmission_energy_uj,6151.309140,2.709733,6154.340400,0.751100,50
"scenario_label=prefixed,TOTAL_TAGS=10000",LAPCT,total_bits,6306985.560000,5184.942383,6312634.350000,1437.192704,50
"scenario_label=prefixed,TOTAL_TAGS=10000",LAPCT,avg_tag_bits,430.844132,0.511253,431.395580,0.141712,50
"scenario_label=prefixed,TOTAL_TAGS=10000",LAPCT,avg_reader_bits,199.854424,0.014431,199.876090,0.004000,50
"scenario_label=prefixed,TOTAL_TAGS=10000",LAPCT,avg_total_bits,630.698556,0.518494,631.263435,0.143719,50
"scenario_label=prefixed,TOTAL_TAGS=10000",LAPCT,avg_query_efficiency,0.995865,0.000112,0.995917,0.000031,50
"scenario_label=prefixed,TOTAL_TAGS=10000",LAPCT,peak_stack_depth,17.740000,0.564602,18.550000,0.156500,50
"scenario_label=prefixed,TOTAL_TAGS=10000",LAPCT,avg_tag_responses,11.614600,0.012827,11.629955,0.003556,50
"scenario_label=prefixed,TOTAL_TAGS=10000",NLHQT(n=2),total_protocol_time_ms,13277.599200,41.781386,13340.267375,11.581209,50
"scenario_label=prefixed,TOTAL_TAGS=10000",NLHQT(n=2),throughput_tags_per_sec,753.155512,2.369550,756.637465,0.656806,50
"scenario_label=prefixed,TOTAL_TAGS=10000",NLHQT(n=2),system_efficiency,0.354289,0.001108,0.356007,0.000307,50
"scenario_label=prefixed,TOTAL_TAGS=10000",NLHQT(n=2),collision_slots,18225.800000,88.296347,18349.900000,24.474499,50
"scenario_label=prefixed,TOTAL_TAGS=10000",NLHQT(n=2),idle_slots,0.000000,0.000000,0.000000,0.000000,50
"scenario_label=prefixed,TOTAL_TAGS=10000",NLHQT(n=2),total_energy_uj,6646291.785145,23840.118721,6684986.904137,6608.143768,50
"scenario_label=prefixed,TOTAL_TAGS=10000",NLHQT(n=2),total_listening_energy_uj,6644413.329865,23836.028566,6683101.864587,6607.010035,50
"scenario_label=prefixed,TOTAL_TAGS=10000",NLHQT(n=2),total_transmission_energy_uj,1878.455280,4.667994,1885.389150,1.293902,50
"scenario_label=prefixed,TOTAL_TAGS=10000",NLHQT(n=2),total_bits,1787650.920000,2498.888184,1791394.500000,692.656466,50
"scenario_label=prefixed,TOTAL_TAGS=10000",NLHQT(n=2),avg_tag_bits,113.123104,0.023049,113.159990,0.006389,50
"scenario_label=prefixed,TOTAL_TAGS=10000",NLHQT(n=2),avg_reader_bits,65.641988,0.227930,65.979640,0.063179,50
"scenario_label=prefixed,TOTAL_TAGS=10000",NLHQT(n=2),avg_total_bits,178.765092,0.249889,179.139450,0.069266,50
"scenario_label=prefixed,TOTAL_TAGS=10000",NLHQT(n=2),avg_query_efficiency,0.548685,0.002658,0.552811,0.000737,50
"scenario_label=prefixed,TOTAL_TAGS=10000",NLHQT(n=2),peak_stack_depth,20.960000,0.727310,22.000000,0.201600,50
"scenario_label=prefixed,TOTAL_TAGS=10000",NLHQT(n=2),avg_tag_responses,9.561552,0.011524,9.579995,0.003194,50
"scenario_label=prefixed,TOTAL_TAGS=10000",SGCT,total_protocol_time_ms,9385.659800,84.039203,9509.616625,23.294479,50
"scenario_label=prefixed,TOTAL_TAGS=10000",SGCT,throughput_tags_per_sec,1065.539143,9.567671,1080.032203,2.652023,50
"scenario_label=prefixed,TOTAL_TAGS=10000",SGCT,system_efficiency,0.840657,0.003940,0.846625,0.001092,50
"scenario_label=prefixed,TOTAL_TAGS=10000",SGCT,collision_slots,1895.720000,55.676559,1978.100000,15.432755,50
"scenario_label=prefixed,TOTAL_TAGS=10000",SGCT,idle_slots,0.000000,0.000000,0.000000,0.000000,50
"scenario_label=prefixed,TOTAL_TAGS=10000",SGCT,total_energy_uj,4716804.007895,46933.747521,4783340.812681,13009.371086,50
"scenario_label=prefixed,TOTAL_TAGS=10000",SGCT,total_listening_energy_uj,4715537.353115,46922.523852,4782057.195856,13006.260044,50
"scenario_label=prefixed,TOTAL_TAGS=10000",SGCT,total_transmission_energy_uj,1266.654780,12.201568,1284.576575,3.382102,50
"scenario_label=prefixed,TOTAL_TAGS=10000",SGCT,total_bits,1265420.520000,6797.066178,1275413.650000,1884.050622,50
"scenario_label=prefixed,TOTAL_TAGS=10000",SGCT,avg_tag_bits,84.279084,0.093936,84.427470,0.026038,50
"scenario_label=prefixed,TOTAL_TAGS=10000",SGCT,avg_reader_bits,42.262968,0.586913,43.124950,0.162684,50
"scenario_label=prefixed,TOTAL_TAGS=10000",SGCT,avg_total_bits,126.542052,0.679707,127.541365,0.188405,50
"scenario_label=prefixed,TOTAL_TAGS=10000",SGCT,avg_query_efficiency,5.279550,0.156850,5.520009,0.043477,50
"scenario_label=prefixed,TOTAL_TAGS=10000",SGCT,peak_stack_depth,258.620000,1.469277,261.000000,0.407263,50
"scenario_label=prefixed,TOTAL_TAGS=10000",SGCT,progressive_probe_count,949.500000,27.987789,990.650000,7.757819,50
"scenario_label=prefixed,TOTAL_TAGS=10000",SGCT,signature_grouping_trigger_count,947.220000,27.702715,988.550000,7.678801,50
"scenario_label=prefixed,TOTAL_TAGS=10000",SGCT,local_short_id_trigger_count,257.000000,0.000000,257.000000,0.000000,50
"scenario_label=prefixed,TOTAL_TAGS=10000",SGCT,signature_groups_pruned,65889.300000,415.540722,66509.250000,115.182012,50
"scenario_label=prefixed,TOTAL_TAGS=10000",SGCT,sparse_signature_groups,10946.220000,27.702715,10987.550000,7.678801,50
"scenario_label=prefixed,TOTAL_TAGS=10000",SGCT,signature_marker_bits,21415.940000,57.266441,21500.100000,15.873448,50
"scenario_label=prefixed,TOTAL_TAGS=10000",SGCT,signature_marker_tag_bits,21415.940000,57.266441,21500.100000,15.873448,50
"scenario_label=prefixed,TOTAL_TAGS=10000",SGCT,signature_non_idle_marker_count,10946.220000,27.702715,10987.550000,7.678801,50
"scenario_label=prefixed,TOTAL_TAGS=10000",SGCT,signature_collision_groups,946.220000,27.702715,987.550000,7.678801,50
"scenario_label=prefixed,TOTAL_TAGS=10000",SGCT,signature_singleton_groups,10000.000000,0.000000,10000.000000,0.000000,50
"scenario_label=prefixed,TOTAL_TAGS=10000",SGCT,low_d_fallback_count,0.000000,0.000000,0.000000,0.000000,50
"scenario_label=prefixed,TOTAL_TAGS=10000",SGCT,suffix_signature_trigger_count,0.000000,0.000000,0.000000,0.000000,50
"scenario_label=prefixed,TOTAL_TAGS=10000",SGCT,hash_short_id_round_count,0.000000,0.000000,0.000000,0.000000,50
"scenario_label=prefixed,TOTAL_TAGS=10000",SGCT,hash_short_id_split_count,0.000000,0.000000,0.000000,0.000000,50
"scenario_label=prefixed,TOTAL_TAGS=10000",SGCT,hash_short_id_collision_groups,0.000000,0.000000,0.000000,0.000000,50
"scenario_label=prefixed,TOTAL_TAGS=10000",SGCT,hash_short_id_singleton_groups,0.000000,0.000000,0.000000,0.000000,50
"scenario_label=prefixed,TOTAL_TAGS=10000",SGCT,small_cluster_guard_count,0.000000,0.000000,0.000000,0.000000,50
"scenario_label=prefixed,TOTAL_TAGS=10000",SGCT,max_signature_d,8.000000,0.000000,8.000000,0.000000,50
"scenario_label=prefixed,TOTAL_TAGS=10000",SGCT,epc_verification_count,10000.000000,0.000000,10000.000000,0.000000,50
"scenario_label=prefixed,TOTAL_TAGS=10000",SGCT,verify_fail_count,0.000000,0.000000,0.000000,0.000000,50
"scenario_label=prefixed,TOTAL_TAGS=10000",SGCT,avg_tag_responses,4.283644,0.011509,4.300820,0.003190,50
"scenario_label=prefixed,TOTAL_TAGS=2000",DQTA(k_max=3),total_protocol_time_ms,3167.545975,36.399761,3221.439250,10.089499,50
"scenario_label=prefixed,TOTAL_TAGS=2000",DQTA(k_max=3),throughput_tags_per_sec,631.485348,7.257808,643.187890,2.011762,50
"scenario_label=prefixed,TOTAL_TAGS=2000",DQTA(k_max=3),system_efficiency,0.330867,0.003775,0.337056,0.001046,50
"scenario_label=prefixed,TOTAL_TAGS=2000",DQTA(k_max=3),collision_slots,1803.880000,25.926615,1842.100000,7.186491,50
"scenario_label=prefixed,TOTAL_TAGS=2000",DQTA(k_max=3),idle_slots,2241.620000,53.655701,2324.000000,14.872602,50
"scenario_label=prefixed,TOTAL_TAGS=2000",DQTA(k_max=3),total_energy_uj,318955.057365,4044.531369,325701.509519,1121.086899,50
"scenario_label=prefixed,TOTAL_TAGS=2000",DQTA(k_max=3),total_listening_energy_uj,318297.144275,4039.999564,325037.350119,1119.830746,50
"scenario_label=prefixed,TOTAL_TAGS=2000",DQTA(k_max=3),total_transmission_energy_uj,657.913090,5.193145,666.136800,1.439466,50
"scenario_label=prefixed,TOTAL_TAGS=2000",DQTA(k_max=3),total_bits,871870.700000,3872.124145,878404.050000,1073.298054,50
"scenario_label=prefixed,TOTAL_TAGS=2000",DQTA(k_max=3),avg_tag_bits,361.942770,0.879052,363.421225,0.243661,50
"scenario_label=prefixed,TOTAL_TAGS=2000",DQTA(k_max=3),avg_reader_bits,73.992580,1.091391,75.644925,0.302518,50
"scenario_label=prefixed,TOTAL_TAGS=2000",DQTA(k_max=3),avg_total_bits,435.935350,1.936062,439.202025,0.536649,50
"scenario_label=prefixed,TOTAL_TAGS=2000",DQTA(k_max=3),avg_query_efficiency,1.108945,0.015926,1.134560,0.004414,50
"scenario_label=prefixed,TOTAL_TAGS=2000",DQTA(k_max=3),peak_stack_depth,21.660000,0.688388,23.000000,0.190811,50
"scenario_label=prefixed,TOTAL_TAGS=2000",DQTA(k_max=3),avg_tag_responses,4.382180,0.012811,4.404550,0.003551,50
"scenario_label=prefixed,TOTAL_TAGS=2000",DRCT,total_protocol_time_ms,4197.623375,60.716139,4296.501000,16.829655,50
"scenario_label=prefixed,TOTAL_TAGS=2000",DRCT,throughput_tags_per_sec,476.557783,6.893037,486.455915,1.910652,50
"scenario_label=prefixed,TOTAL_TAGS=2000",DRCT,system_efficiency,0.342210,0.005397,0.349970,0.001496,50
"scenario_label=prefixed,TOTAL_TAGS=2000",DRCT,collision_slots,2921.900000,46.208158,3000.650000,12.808248,50
"scenario_label=prefixed,TOTAL_TAGS=2000",DRCT,idle_slots,923.900000,46.208158,1002.650000,12.808248,50
"scenario_label=prefixed,TOTAL_TAGS=2000",DRCT,total_energy_uj,425837.313475,6640.898712,435224.364969,1840.763209,50
"scenario_label=prefixed,TOTAL_TAGS=2000",DRCT,energy_per_tag_uj,212.918657,3.320449,217.612182,0.920382,50
"scenario_label=prefixed,TOTAL_TAGS=2000",DRCT,total_reader_tx_energy_uj,511.317520,8.529186,524.932600,2.364170,50
"scenario_label=prefixed,TOTAL_TAGS=2000",DRCT,total_tag_tx_energy_uj,280.252450,0.367605,280.872825,0.101895,50
"scenario_label=prefixed,TOTAL_TAGS=2000",DRCT,total_listening_energy_uj,425045.743505,6632.917225,434420.385719,1838.550854,50
"scenario_label=prefixed,TOTAL_TAGS=2000",DRCT,total_transmission_energy_uj,791.569970,8.719032,805.864925,2.416792,50
"scenario_label=prefixed,TOTAL_TAGS=2000",DRCT,total_bits,816163.660000,4676.180391,823822.650000,1296.171075,50
"scenario_label=prefixed,TOTAL_TAGS=2000",DRCT,avg_tag_bits,280.252450,0.367605,280.872825,0.101895,50
"scenario_label=prefixed,TOTAL_TAGS=2000",DRCT,avg_reader_bits,127.829380,2.132296,131.233150,0.591042,50
"scenario_label=prefixed,TOTAL_TAGS=2000",DRCT,avg_total_bits,408.081830,2.338090,411.911325,0.648086,50
"scenario_label=prefixed,TOTAL_TAGS=2000",DRCT,avg_query_efficiency,0.684653,0.010801,0.700185,0.002994,50
"scenario_label=prefixed,TOTAL_TAGS=2000",DRCT,peak_stack_depth,10.620000,0.490314,11.000000,0.135908,50
"scenario_label=prefixed,TOTAL_TAGS=2000",DRCT,avg_tag_responses,60.289460,0.049459,60.367200,0.013709,50
"scenario_label=prefixed,TOTAL_TAGS=2000",EAQ_CBB,total_protocol_time_ms,5227.095550,35.497114,5283.437063,9.839298,50
"scenario_label=prefixed,TOTAL_TAGS=2000",EAQ_CBB,throughput_tags_per_sec,382.638982,2.602172,387.157609,0.721285,50
"scenario_label=prefixed,TOTAL_TAGS=2000",EAQ_CBB,system_efficiency,0.545638,0.004138,0.552853,0.001147,50
"scenario_label=prefixed,TOTAL_TAGS=2000",EAQ_CBB,collision_slots,1665.640000,27.756051,1710.400000,7.693585,50
"scenario_label=prefixed,TOTAL_TAGS=2000",EAQ_CBB,idle_slots,0.000000,0.000000,0.000000,0.000000,50
"scenario_label=prefixed,TOTAL_TAGS=2000",EAQ_CBB,total_energy_uj,523701.696725,4215.463085,528822.737950,1168.466753,50
"scenario_label=prefixed,TOTAL_TAGS=2000",EAQ_CBB,total_listening_energy_uj,522882.792535,4211.126153,528002.913825,1167.264617,50
"scenario_label=prefixed,TOTAL_TAGS=2000",EAQ_CBB,total_transmission_energy_uj,818.904190,5.266855,827.067375,1.459898,50
"scenario_label=prefixed,TOTAL_TAGS=2000",EAQ_CBB,total_bits,520222.460000,3561.146899,525485.850000,987.099559,50
"scenario_label=prefixed,TOTAL_TAGS=2000",EAQ_CBB,avg_tag_bits,73.846910,0.649400,74.734450,0.180005,50
"scenario_label=prefixed,TOTAL_TAGS=2000",EAQ_CBB,avg_reader_bits,186.264320,1.166303,188.108150,0.323283,50
"scenario_label=prefixed,TOTAL_TAGS=2000",EAQ_CBB,avg_total_bits,260.111230,1.780573,262.742925,0.493550,50
"scenario_label=prefixed,TOTAL_TAGS=2000",EAQ_CBB,avg_query_efficiency,1.201068,0.020094,1.236407,0.005570,50
"scenario_label=prefixed,TOTAL_TAGS=2000",EAQ_CBB,peak_stack_depth,493.480000,3.529699,498.000000,0.978383,50
"scenario_label=prefixed,TOTAL_TAGS=2000",EAQ_CBB,avg_tag_responses,3.791340,0.028550,3.832500,0.007914,50
"scenario_label=prefixed,TOTAL_TAGS=2000",EMDT,total_protocol_time_ms,2700.873700,42.179789,2772.348625,11.691641,50
"scenario_label=prefixed,TOTAL_TAGS=2000",EMDT,throughput_tags_per_sec,740.678030,11.563793,756.102450,3.205320,50
"scenario_label=prefixed,TOTAL_TAGS=2000",EMDT,system_efficiency,0.582342,0.013433,0.599786,0.003724,50
"scenario_label=prefixed,TOTAL_TAGS=2000",EMDT,collision_slots,1059.260000,47.255195,1140.400000,13.098472,50
"scenario_label=prefixed,TOTAL_TAGS=2000",EMDT,idle_slots,376.940000,33.701820,430.100000,9.341668,50
"scenario_label=prefixed,TOTAL_TAGS=2000",EMDT,total_energy_uj,270434.532620,4543.971488,276516.621687,1259.524637,50
"scenario_label=prefixed,TOTAL_TAGS=2000",EMDT,total_listening_energy_uj,270174.690060,4543.057348,276255.174687,1259.271250,50
"scenario_label=prefixed,TOTAL_TAGS=2000",EMDT,total_transmission_energy_uj,259.842560,1.364619,262.220800,0.378253,50
"scenario_label=prefixed,TOTAL_TAGS=2000",EMDT,total_bits,345761.920000,908.554264,347093.000000,251.838393,50
"scenario_label=prefixed,TOTAL_TAGS=2000",EMDT,avg_tag_bits,143.893760,0.305722,144.000000,0.084742,50
"scenario_label=prefixed,TOTAL_TAGS=2000",EMDT,avg_reader_bits,28.987200,0.331299,29.558100,0.091832,50
"scenario_label=prefixed,TOTAL_TAGS=2000",EMDT,avg_total_bits,172.880960,0.454277,173.546500,0.125919,50
"scenario_label=prefixed,TOTAL_TAGS=2000",EMDT,avg_query_efficiency,1.891791,0.084468,2.008194,0.023413,50
"scenario_label=prefixed,TOTAL_TAGS=2000",EMDT,peak_stack_depth,37.840000,1.345590,39.550000,0.372978,50
"scenario_label=prefixed,TOTAL_TAGS=2000",EMDT,avg_tag_responses,4.828460,0.049384,4.921525,0.013689,50
"scenario_label=prefixed,TOTAL_TAGS=2000",HT_EEAC,total_protocol_time_ms,7055.496900,139.326574,7238.392875,38.619356,50
"scenario_label=prefixed,TOTAL_TAGS=2000",HT_EEAC,throughput_tags_per_sec,283.575936,5.634102,293.370202,1.561694,50
"scenario_label=prefixed,TOTAL_TAGS=2000",HT_EEAC,system_efficiency,0.150266,0.003511,0.156509,0.000973,50
"scenario_label=prefixed,TOTAL_TAGS=2000",HT_EEAC,collision_slots,9342.420000,310.407506,9768.650000,86.040571,50
"scenario_label=prefixed,TOTAL_TAGS=2000",HT_EEAC,idle_slots,1974.340000,119.740640,2153.150000,33.190412,50
"scenario_label=prefixed,TOTAL_TAGS=2000",HT_EEAC,total_energy_uj,820137.039115,20546.881438,850029.096475,5695.304965,50
"scenario_label=prefixed,TOTAL_TAGS=2000",HT_EEAC,total_listening_energy_uj,819364.362315,20531.841485,849236.970675,5691.136103,50
"scenario_label=prefixed,TOTAL_TAGS=2000",HT_EEAC,total_transmission_energy_uj,772.676800,15.902919,793.360400,4.408064,50
"scenario_label=prefixed,TOTAL_TAGS=2000",HT_EEAC,total_bits,666447.440000,11538.667054,682146.700000,3198.355330,50
"scenario_label=prefixed,TOTAL_TAGS=2000",HT_EEAC,avg_tag_bits,186.739360,2.483260,190.149200,0.688325,50
"scenario_label=prefixed,TOTAL_TAGS=2000",HT_EEAC,avg_reader_bits,146.484360,3.394379,151.009100,0.940874,50
"scenario_label=prefixed,TOTAL_TAGS=2000",HT_EEAC,avg_total_bits,333.223720,5.769334,341.073350,1.599178,50
"scenario_label=prefixed,TOTAL_TAGS=2000",HT_EEAC,avg_query_efficiency,0.214311,0.007177,0.226873,0.001989,50
"scenario_label=prefixed,TOTAL_TAGS=2000",HT_EEAC,avg_tag_responses,106.646110,12.314923,127.961150,3.413522,50
"scenario_label=prefixed,TOTAL_TAGS=2000",LAPCT,total_protocol_time_ms,5720.668250,0.379444,5721.200000,0.105177,50
"scenario_label=prefixed,TOTAL_TAGS=2000",LAPCT,throughput_tags_per_sec,349.609507,0.023189,349.643683,0.006428,50
"scenario_label=prefixed,TOTAL_TAGS=2000",LAPCT,system_efficiency,0.494927,0.000000,0.494927,0.000000,50
"scenario_label=prefixed,TOTAL_TAGS=2000",LAPCT,collision_slots,2041.000000,0.000000,2041.000000,0.000000,50
"scenario_label=prefixed,TOTAL_TAGS=2000",LAPCT,idle_slots,0.000000,0.000000,0.000000,0.000000,50
"scenario_label=prefixed,TOTAL_TAGS=2000",LAPCT,total_energy_uj,574450.501138,71.379025,574551.825919,19.785256,50
"scenario_label=prefixed,TOTAL_TAGS=2000",LAPCT,total_listening_energy_uj,573318.136077,71.254125,573419.066744,19.750636,50
"scenario_label=prefixed,TOTAL_TAGS=2000",LAPCT,total_transmission_energy_uj,1132.365060,0.514006,1133.203300,0.142475,50
"scenario_label=prefixed,TOTAL_TAGS=2000",LAPCT,total_bits,1087203.360000,983.555540,1088744.550000,272.627686,50
"scenario_label=prefixed,TOTAL_TAGS=2000",LAPCT,avg_tag_bits,347.347220,0.487933,348.105875,0.135248,50
"scenario_label=prefixed,TOTAL_TAGS=2000",LAPCT,avg_reader_bits,196.254460,0.030356,196.297000,0.008414,50
"scenario_label=prefixed,TOTAL_TAGS=2000",LAPCT,avg_total_bits,543.601680,0.491778,544.372275,0.136314,50
"scenario_label=prefixed,TOTAL_TAGS=2000",LAPCT,avg_query_efficiency,0.979912,0.000000,0.979912,0.000000,50
"scenario_label=prefixed,TOTAL_TAGS=2000",LAPCT,peak_stack_depth,15.360000,0.662709,16.000000,0.183694,50
"scenario_label=prefixed,TOTAL_TAGS=2000",LAPCT,avg_tag_responses,9.296940,0.013199,9.317775,0.003658,50
"scenario_label=prefixed,TOTAL_TAGS=2000",NLHQT(n=2),total_protocol_time_ms,2603.136300,19.610494,2632.007625,5.435752,50
"scenario_label=prefixed,TOTAL_TAGS=2000",NLHQT(n=2),throughput_tags_per_sec,768.346747,5.792095,777.357181,1.605487,50
"scenario_label=prefixed,TOTAL_TAGS=2000",NLHQT(n=2),system_efficiency,0.354586,0.002715,0.358613,0.000753,50
"scenario_label=prefixed,TOTAL_TAGS=2000",NLHQT(n=2),collision_slots,3640.700000,43.215289,3703.850000,11.978667,50
"scenario_label=prefixed,TOTAL_TAGS=2000",NLHQT(n=2),idle_slots,0.000000,0.000000,0.000000,0.000000,50
"scenario_label=prefixed,TOTAL_TAGS=2000",NLHQT(n=2),total_energy_uj,261335.876680,2097.642305,264849.005900,581.436782,50
"scenario_label=prefixed,TOTAL_TAGS=2000",NLHQT(n=2),total_listening_energy_uj,260978.729900,2095.862581,264489.808450,580.943468,50
"scenario_label=prefixed,TOTAL_TAGS=2000",NLHQT(n=2),total_transmission_energy_uj,357.146780,2.107101,360.203900,0.584059,50
"scenario_label=prefixed,TOTAL_TAGS=2000",NLHQT(n=2),total_bits,344762.680000,1130.636708,346413.100000,313.396506,50
"scenario_label=prefixed,TOTAL_TAGS=2000",NLHQT(n=2),avg_tag_bits,110.792860,0.053464,110.876100,0.014820,50
"scenario_label=prefixed,TOTAL_TAGS=2000",NLHQT(n=2),avg_reader_bits,61.588480,0.513981,62.332450,0.142468,50
"scenario_label=prefixed,TOTAL_TAGS=2000",NLHQT(n=2),avg_total_bits,172.381340,0.565318,173.206550,0.156698,50
"scenario_label=prefixed,TOTAL_TAGS=2000",NLHQT(n=2),avg_query_efficiency,0.549421,0.006518,0.559121,0.001807,50
"scenario_label=prefixed,TOTAL_TAGS=2000",NLHQT(n=2),peak_stack_depth,17.460000,0.676425,18.000000,0.187495,50
"scenario_label=prefixed,TOTAL_TAGS=2000",NLHQT(n=2),avg_tag_responses,8.396430,0.026732,8.438050,0.007410,50
"scenario_label=prefixed,TOTAL_TAGS=2000",SGCT,total_protocol_time_ms,2518.789425,15.168327,2549.875500,4.204446,50
"scenario_label=prefixed,TOTAL_TAGS=2000",SGCT,throughput_tags_per_sec,794.060401,4.772599,799.654927,1.322897,50
"scenario_label=prefixed,TOTAL_TAGS=2000",SGCT,system_efficiency,0.778931,0.003007,0.782503,0.000833,50
"scenario_label=prefixed,TOTAL_TAGS=2000",SGCT,collision_slots,567.660000,9.927513,587.100000,2.751766,50
"scenario_label=prefixed,TOTAL_TAGS=2000",SGCT,idle_slots,0.000000,0.000000,0.000000,0.000000,50
"scenario_label=prefixed,TOTAL_TAGS=2000",SGCT,total_energy_uj,257481.539643,2321.593787,261353.824331,643.512966,50
"scenario_label=prefixed,TOTAL_TAGS=2000",SGCT,total_listening_energy_uj,257186.005813,2320.113796,261055.846781,643.102734,50
"scenario_label=prefixed,TOTAL_TAGS=2000",SGCT,total_transmission_energy_uj,295.533830,2.178099,299.802025,0.603738,50
"scenario_label=prefixed,TOTAL_TAGS=2000",SGCT,total_bits,271414.840000,1204.884047,273774.650000,333.976819,50
"scenario_label=prefixed,TOTAL_TAGS=2000",SGCT,avg_tag_bits,82.431950,0.078924,82.582425,0.021877,50
"scenario_label=prefixed,TOTAL_TAGS=2000",SGCT,avg_reader_bits,53.275470,0.525282,54.304900,0.145601,50
"scenario_label=prefixed,TOTAL_TAGS=2000",SGCT,avg_total_bits,135.707420,0.602442,136.887325,0.166988,50
"scenario_label=prefixed,TOTAL_TAGS=2000",SGCT,avg_query_efficiency,3.524285,0.061257,3.597781,0.016980,50
"scenario_label=prefixed,TOTAL_TAGS=2000",SGCT,peak_stack_depth,255.020000,0.958102,256.000000,0.265572,50
"scenario_label=prefixed,TOTAL_TAGS=2000",SGCT,progressive_probe_count,284.780000,4.966377,294.550000,1.376609,50
"scenario_label=prefixed,TOTAL_TAGS=2000",SGCT,signature_grouping_trigger_count,283.880000,5.008727,293.550000,1.388348,50
"scenario_label=prefixed,TOTAL_TAGS=2000",SGCT,local_short_id_trigger_count,256.020000,0.958102,257.000000,0.265572,50
"scenario_label=prefixed,TOTAL_TAGS=2000",SGCT,signature_groups_pruned,63704.000000,245.261210,63971.000000,67.982939,50
"scenario_label=prefixed,TOTAL_TAGS=2000",SGCT,sparse_signature_groups,2282.880000,5.008727,2292.550000,1.388348,50
"scenario_label=prefixed,TOTAL_TAGS=2000",SGCT,signature_marker_bits,4055.060000,10.031400,4073.100000,2.780562,50
"scenario_label=prefixed,TOTAL_TAGS=2000",SGCT,signature_marker_tag_bits,4055.060000,10.031400,4073.100000,2.780562,50
"scenario_label=prefixed,TOTAL_TAGS=2000",SGCT,signature_non_idle_marker_count,2282.880000,5.008727,2292.550000,1.388348,50
"scenario_label=prefixed,TOTAL_TAGS=2000",SGCT,signature_collision_groups,282.880000,5.008727,292.550000,1.388348,50
"scenario_label=prefixed,TOTAL_TAGS=2000",SGCT,signature_singleton_groups,2000.000000,0.000000,2000.000000,0.000000,50
"scenario_label=prefixed,TOTAL_TAGS=2000",SGCT,low_d_fallback_count,0.000000,0.000000,0.000000,0.000000,50
"scenario_label=prefixed,TOTAL_TAGS=2000",SGCT,suffix_signature_trigger_count,0.000000,0.000000,0.000000,0.000000,50
"scenario_label=prefixed,TOTAL_TAGS=2000",SGCT,hash_short_id_round_count,0.000000,0.000000,0.000000,0.000000,50
"scenario_label=prefixed,TOTAL_TAGS=2000",SGCT,hash_short_id_split_count,0.000000,0.000000,0.000000,0.000000,50
"scenario_label=prefixed,TOTAL_TAGS=2000",SGCT,hash_short_id_collision_groups,0.000000,0.000000,0.000000,0.000000,50
"scenario_label=prefixed,TOTAL_TAGS=2000",SGCT,hash_short_id_singleton_groups,0.000000,0.000000,0.000000,0.000000,50
"scenario_label=prefixed,TOTAL_TAGS=2000",SGCT,small_cluster_guard_count,0.000000,0.000000,0.000000,0.000000,50
"scenario_label=prefixed,TOTAL_TAGS=2000",SGCT,max_signature_d,8.000000,0.000000,8.000000,0.000000,50
"scenario_label=prefixed,TOTAL_TAGS=2000",SGCT,epc_verification_count,2000.000000,0.000000,2000.000000,0.000000,50
"scenario_label=prefixed,TOTAL_TAGS=2000",SGCT,verify_fail_count,0.000000,0.000000,0.000000,0.000000,50
"scenario_label=prefixed,TOTAL_TAGS=2000",SGCT,avg_tag_responses,4.055990,0.009923,4.074100,0.002750,50
"scenario_label=prefixed,TOTAL_TAGS=3000",DQTA(k_max=3),total_protocol_time_ms,4660.934000,42.953869,4725.681625,11.906205,50
"scenario_label=prefixed,TOTAL_TAGS=3000",DQTA(k_max=3),throughput_tags_per_sec,643.701397,5.932988,653.668785,1.644540,50
"scenario_label=prefixed,TOTAL_TAGS=3000",DQTA(k_max=3),system_efficiency,0.339245,0.003841,0.344770,0.001065,50
"scenario_label=prefixed,TOTAL_TAGS=3000",DQTA(k_max=3),collision_slots,2646.000000,30.132361,2694.300000,8.352264,50
"scenario_label=prefixed,TOTAL_TAGS=3000",DQTA(k_max=3),idle_slots,3198.280000,83.376216,3334.000000,23.110708,50
"scenario_label=prefixed,TOTAL_TAGS=3000",DQTA(k_max=3),total_energy_uj,703053.309445,7864.881379,715866.474625,2180.033895,50
"scenario_label=prefixed,TOTAL_TAGS=3000",DQTA(k_max=3),total_listening_energy_uj,702054.294915,7859.149028,714859.478675,2178.444968,50
"scenario_label=prefixed,TOTAL_TAGS=3000",DQTA(k_max=3),total_transmission_energy_uj,999.014530,6.446917,1009.605150,1.786994,50
"scenario_label=prefixed,TOTAL_TAGS=3000",DQTA(k_max=3),total_bits,1341676.040000,5274.167550,1350452.850000,1461.924659,50
"scenario_label=prefixed,TOTAL_TAGS=3000",DQTA(k_max=3),avg_tag_bits,374.297233,0.932600,375.827883,0.258504,50
"scenario_label=prefixed,TOTAL_TAGS=3000",DQTA(k_max=3),avg_reader_bits,72.928113,0.852375,74.317283,0.236266,50
"scenario_label=prefixed,TOTAL_TAGS=3000",DQTA(k_max=3),avg_total_bits,447.225347,1.758056,450.150950,0.487308,50
"scenario_label=prefixed,TOTAL_TAGS=3000",DQTA(k_max=3),avg_query_efficiency,1.133931,0.012911,1.155179,0.003579,50
"scenario_label=prefixed,TOTAL_TAGS=3000",DQTA(k_max=3),peak_stack_depth,22.940000,0.818411,24.000000,0.226852,50
"scenario_label=prefixed,TOTAL_TAGS=3000",DQTA(k_max=3),avg_tag_responses,4.562187,0.013528,4.584433,0.003750,50
"scenario_label=prefixed,TOTAL_TAGS=3000",DRCT,total_protocol_time_ms,6308.694225,74.692920,6425.975062,20.703821,50
"scenario_label=prefixed,TOTAL_TAGS=3000",DRCT,throughput_tags_per_sec,475.599486,5.625342,483.556035,1.559265,50
"scenario_label=prefixed,TOTAL_TAGS=3000",DRCT,system_efficiency,0.343263,0.004234,0.349333,0.001174,50
"scenario_label=prefixed,TOTAL_TAGS=3000",DRCT,collision_slots,4369.480000,54.079775,4456.200000,14.990149,50
"scenario_label=prefixed,TOTAL_TAGS=3000",DRCT,idle_slots,1371.480000,54.079775,1458.200000,14.990149,50
"scenario_label=prefixed,TOTAL_TAGS=3000",DRCT,total_energy_uj,956366.796645,13257.712375,975276.236975,3674.850383,50
"scenario_label=prefixed,TOTAL_TAGS=3000",DRCT,energy_per_tag_uj,318.788932,4.419237,325.092079,1.224950,50
"scenario_label=prefixed,TOTAL_TAGS=3000",DRCT,total_reader_tx_energy_uj,771.376240,10.529638,787.963100,2.918667,50
"scenario_label=prefixed,TOTAL_TAGS=3000",DRCT,total_tag_tx_energy_uj,422.681750,0.481662,423.515475,0.133510,50
"scenario_label=prefixed,TOTAL_TAGS=3000",DRCT,total_listening_energy_uj,955172.738655,13247.936011,974068.464775,3672.140513,50
"scenario_label=prefixed,TOTAL_TAGS=3000",DRCT,total_transmission_energy_uj,1194.057990,10.818491,1210.722475,2.998733,50
"scenario_label=prefixed,TOTAL_TAGS=3000",DRCT,total_bits,1231051.620000,5880.542748,1239529.700000,1630.003289,50
"scenario_label=prefixed,TOTAL_TAGS=3000",DRCT,avg_tag_bits,281.787833,0.321108,282.343650,0.089007,50
"scenario_label=prefixed,TOTAL_TAGS=3000",DRCT,avg_reader_bits,128.562707,1.754940,131.327183,0.486444,50
"scenario_label=prefixed,TOTAL_TAGS=3000",DRCT,avg_total_bits,410.350540,1.960181,413.176567,0.543334,50
"scenario_label=prefixed,TOTAL_TAGS=3000",DRCT,avg_query_efficiency,0.686683,0.008472,0.698828,0.002348,50
"scenario_label=prefixed,TOTAL_TAGS=3000",DRCT,peak_stack_depth,11.300000,0.505076,12.000000,0.140000,50
"scenario_label=prefixed,TOTAL_TAGS=3000",DRCT,avg_tag_responses,60.876240,0.040866,60.934583,0.011327,50
"scenario_label=prefixed,TOTAL_TAGS=3000",EAQ_CBB,total_protocol_time_ms,7820.151100,37.163507,7878.491187,10.301199,50
"scenario_label=prefixed,TOTAL_TAGS=3000",EAQ_CBB,throughput_tags_per_sec,383.632801,1.825265,386.816473,0.505938,50
"scenario_label=prefixed,TOTAL_TAGS=3000",EAQ_CBB,system_efficiency,0.547233,0.002912,0.552324,0.000807,50
"scenario_label=prefixed,TOTAL_TAGS=3000",EAQ_CBB,collision_slots,2482.280000,29.140084,2528.200000,8.077219,50
"scenario_label=prefixed,TOTAL_TAGS=3000",EAQ_CBB,idle_slots,0.000000,0.000000,0.000000,0.000000,50
"scenario_label=prefixed,TOTAL_TAGS=3000",EAQ_CBB,total_energy_uj,1174911.665855,6993.541111,1186652.206331,1938.510695,50
"scenario_label=prefixed,TOTAL_TAGS=3000",EAQ_CBB,total_listening_energy_uj,1173686.232495,6988.947908,1185422.546631,1937.237524,50
"scenario_label=prefixed,TOTAL_TAGS=3000",EAQ_CBB,total_transmission_energy_uj,1225.433360,5.587355,1234.617100,1.548736,50
"scenario_label=prefixed,TOTAL_TAGS=3000",EAQ_CBB,total_bits,778523.440000,3911.435204,785369.150000,1084.194524,50
"scenario_label=prefixed,TOTAL_TAGS=3000",EAQ_CBB,avg_tag_bits,73.691893,0.531368,74.718650,0.147288,50
"scenario_label=prefixed,TOTAL_TAGS=3000",EAQ_CBB,avg_reader_bits,185.815920,0.812520,187.098967,0.225219,50
"scenario_label=prefixed,TOTAL_TAGS=3000",EAQ_CBB,avg_total_bits,259.507813,1.303812,261.789717,0.361398,50
"scenario_label=prefixed,TOTAL_TAGS=3000",EAQ_CBB,avg_query_efficiency,1.208730,0.014234,1.233759,0.003945,50
"scenario_label=prefixed,TOTAL_TAGS=3000",EAQ_CBB,peak_stack_depth,739.120000,3.456080,744.550000,0.957977,50
"scenario_label=prefixed,TOTAL_TAGS=3000",EAQ_CBB,avg_tag_responses,3.783933,0.022837,3.828867,0.006330,50
"scenario_label=prefixed,TOTAL_TAGS=3000",EMDT,total_protocol_time_ms,4235.002050,55.913063,4329.563875,15.498310,50
"scenario_label=prefixed,TOTAL_TAGS=3000",EMDT,throughput_tags_per_sec,708.502607,9.308438,721.740976,2.580168,50
"scenario_label=prefixed,TOTAL_TAGS=3000",EMDT,system_efficiency,0.543469,0.009779,0.556597,0.002711,50
"scenario_label=prefixed,TOTAL_TAGS=3000",EMDT,collision_slots,1768.040000,59.750146,1864.500000,16.561896,50
"scenario_label=prefixed,TOTAL_TAGS=3000",EMDT,idle_slots,753.820000,42.877943,834.650000,11.885159,50
"scenario_label=prefixed,TOTAL_TAGS=3000",EMDT,total_energy_uj,636307.896315,10091.628722,655239.582025,2797.256768,50
"scenario_label=prefixed,TOTAL_TAGS=3000",EMDT,total_listening_energy_uj,635920.774075,10090.068870,654848.220025,2796.824399,50
"scenario_label=prefixed,TOTAL_TAGS=3000",EMDT,total_transmission_energy_uj,387.122240,2.148968,390.864800,0.595664,50
"scenario_label=prefixed,TOTAL_TAGS=3000",EMDT,total_bits,517475.440000,1225.269253,519432.400000,339.627309,50
"scenario_label=prefixed,TOTAL_TAGS=3000",EMDT,avg_tag_bits,143.961920,0.188149,144.000000,0.052152,50
"scenario_label=prefixed,TOTAL_TAGS=3000",EMDT,avg_reader_bits,28.529893,0.352543,29.144133,0.097720,50
"scenario_label=prefixed,TOTAL_TAGS=3000",EMDT,avg_total_bits,172.491813,0.408423,173.144133,0.113209,50
"scenario_label=prefixed,TOTAL_TAGS=3000",EMDT,avg_query_efficiency,1.698671,0.056721,1.778305,0.015722,50
"scenario_label=prefixed,TOTAL_TAGS=3000",EMDT,peak_stack_depth,39.900000,1.147313,41.000000,0.318019,50
"scenario_label=prefixed,TOTAL_TAGS=3000",EMDT,avg_tag_responses,5.073593,0.043154,5.146133,0.011962,50
"scenario_label=prefixed,TOTAL_TAGS=3000",HT_EEAC,total_protocol_time_ms,12449.200200,202.396130,12719.651250,56.101345,50
"scenario_label=prefixed,TOTAL_TAGS=3000",HT_EEAC,throughput_tags_per_sec,241.041654,3.912315,247.302928,1.084439,50
"scenario_label=prefixed,TOTAL_TAGS=3000",HT_EEAC,system_efficiency,0.125246,0.002389,0.128969,0.000662,50
"scenario_label=prefixed,TOTAL_TAGS=3000",HT_EEAC,collision_slots,18351.560000,409.671903,18958.050000,113.555258,50
"scenario_label=prefixed,TOTAL_TAGS=3000",HT_EEAC,idle_slots,2609.960000,131.755488,2822.850000,36.520758,50
"scenario_label=prefixed,TOTAL_TAGS=3000",HT_EEAC,total_energy_uj,2194227.506955,40498.245257,2255175.793650,11225.540868,50
"scenario_label=prefixed,TOTAL_TAGS=3000",HT_EEAC,total_listening_energy_uj,2192858.387595,40476.199226,2253775.169250,11219.430020,50
"scenario_label=prefixed,TOTAL_TAGS=3000",HT_EEAC,total_transmission_energy_uj,1369.119360,23.336716,1400.229600,6.468608,50
"scenario_label=prefixed,TOTAL_TAGS=3000",HT_EEAC,total_bits,1156778.400000,16481.578342,1179442.500000,4568.460438,50
"scenario_label=prefixed,TOTAL_TAGS=3000",HT_EEAC,avg_tag_bits,209.874987,2.184917,213.109600,0.605628,50
"scenario_label=prefixed,TOTAL_TAGS=3000",HT_EEAC,avg_reader_bits,175.717813,3.362007,180.185867,0.931901,50
"scenario_label=prefixed,TOTAL_TAGS=3000",HT_EEAC,avg_total_bits,385.592800,5.493859,393.147500,1.522820,50
"scenario_label=prefixed,TOTAL_TAGS=3000",HT_EEAC,avg_query_efficiency,0.163554,0.003659,0.169753,0.001014,50
"scenario_label=prefixed,TOTAL_TAGS=3000",HT_EEAC,avg_tag_responses,126.069267,10.301708,143.213583,2.855488,50
"scenario_label=prefixed,TOTAL_TAGS=3000",LAPCT,total_protocol_time_ms,8608.206875,0.424554,8608.887500,0.117680,50
"scenario_label=prefixed,TOTAL_TAGS=3000",LAPCT,throughput_tags_per_sec,348.504636,0.017188,348.531080,0.004764,50
"scenario_label=prefixed,TOTAL_TAGS=3000",LAPCT,system_efficiency,0.496607,0.000000,0.496607,0.000000,50
"scenario_label=prefixed,TOTAL_TAGS=3000",LAPCT,collision_slots,3041.000000,0.000000,3041.000000,0.000000,50
"scenario_label=prefixed,TOTAL_TAGS=3000",LAPCT,idle_slots,0.000000,0.000000,0.000000,0.000000,50
"scenario_label=prefixed,TOTAL_TAGS=3000",LAPCT,total_energy_uj,1294977.190855,95.211459,1295140.374044,26.391270,50
"scenario_label=prefixed,TOTAL_TAGS=3000",LAPCT,total_listening_energy_uj,1293239.454735,94.999081,1293402.934369,26.332402,50
"scenario_label=prefixed,TOTAL_TAGS=3000",LAPCT,total_transmission_energy_uj,1737.736120,0.756946,1739.015150,0.209815,50
"scenario_label=prefixed,TOTAL_TAGS=3000",LAPCT,total_bits,1699126.940000,1414.277437,1701656.500000,392.017705,50
"scenario_label=prefixed,TOTAL_TAGS=3000",LAPCT,avg_tag_bits,369.003947,0.462050,369.813217,0.128074,50
"scenario_label=prefixed,TOTAL_TAGS=3000",LAPCT,avg_reader_bits,197.371700,0.022643,197.408000,0.006276,50
"scenario_label=prefixed,TOTAL_TAGS=3000",LAPCT,avg_total_bits,566.375647,0.471426,567.218833,0.130673,50
"scenario_label=prefixed,TOTAL_TAGS=3000",LAPCT,avg_query_efficiency,0.986518,0.000000,0.986518,0.000000,50
"scenario_label=prefixed,TOTAL_TAGS=3000",LAPCT,peak_stack_depth,15.960000,0.449943,17.000000,0.124718,50
"scenario_label=prefixed,TOTAL_TAGS=3000",LAPCT,avg_tag_responses,9.883640,0.012944,9.906367,0.003588,50
"scenario_label=prefixed,TOTAL_TAGS=3000",NLHQT(n=2),total_protocol_time_ms,3921.427200,19.851866,3945.333125,5.502656,50
"scenario_label=prefixed,TOTAL_TAGS=3000",NLHQT(n=2),throughput_tags_per_sec,765.046857,3.883634,772.093605,1.076488,50
"scenario_label=prefixed,TOTAL_TAGS=3000",NLHQT(n=2),system_efficiency,0.354845,0.001720,0.357933,0.000477,50
"scenario_label=prefixed,TOTAL_TAGS=3000",NLHQT(n=2),collision_slots,5454.580000,40.917084,5512.200000,11.341637,50
"scenario_label=prefixed,TOTAL_TAGS=3000",NLHQT(n=2),idle_slots,0.000000,0.000000,0.000000,0.000000,50
"scenario_label=prefixed,TOTAL_TAGS=3000",NLHQT(n=2),total_energy_uj,589084.170300,3221.911713,594160.135625,893.068363,50
"scenario_label=prefixed,TOTAL_TAGS=3000",NLHQT(n=2),total_listening_energy_uj,588541.802400,3220.121043,593614.399425,892.572015,50
"scenario_label=prefixed,TOTAL_TAGS=3000",NLHQT(n=2),total_transmission_energy_uj,542.367900,2.158424,544.842250,0.598285,50
"scenario_label=prefixed,TOTAL_TAGS=3000",NLHQT(n=2),total_bits,521781.240000,1157.672323,523091.900000,320.890396,50
"scenario_label=prefixed,TOTAL_TAGS=3000",NLHQT(n=2),avg_tag_bits,111.376573,0.036744,111.429300,0.010185,50
"scenario_label=prefixed,TOTAL_TAGS=3000",NLHQT(n=2),avg_reader_bits,62.550507,0.351067,62.954733,0.097311,50
"scenario_label=prefixed,TOTAL_TAGS=3000",NLHQT(n=2),avg_total_bits,173.927080,0.385891,174.363967,0.106963,50
"scenario_label=prefixed,TOTAL_TAGS=3000",NLHQT(n=2),avg_query_efficiency,0.550027,0.004136,0.557471,0.001147,50
"scenario_label=prefixed,TOTAL_TAGS=3000",NLHQT(n=2),peak_stack_depth,18.380000,0.854520,20.000000,0.236861,50
"scenario_label=prefixed,TOTAL_TAGS=3000",NLHQT(n=2),avg_tag_responses,8.688287,0.018372,8.714650,0.005093,50
"scenario_label=prefixed,TOTAL_TAGS=3000",SGCT,total_protocol_time_ms,3243.175875,22.551482,3281.087188,6.250952,50
"scenario_label=prefixed,TOTAL_TAGS=3000",SGCT,throughput_tags_per_sec,925.063056,6.434030,934.785498,1.783422,50
"scenario_label=prefixed,TOTAL_TAGS=3000",SGCT,system_efficiency,0.823307,0.003374,0.828388,0.000935,50
"scenario_label=prefixed,TOTAL_TAGS=3000",SGCT,collision_slots,643.900000,14.931476,669.000000,4.138794,50
"scenario_label=prefixed,TOTAL_TAGS=3000",SGCT,idle_slots,0.000000,0.000000,0.000000,0.000000,50
"scenario_label=prefixed,TOTAL_TAGS=3000",SGCT,total_energy_uj,495715.368955,5009.772282,504689.293056,1388.638030,50
"scenario_label=prefixed,TOTAL_TAGS=3000",SGCT,total_listening_energy_uj,495318.144845,5006.843599,504287.169806,1387.826240,50
"scenario_label=prefixed,TOTAL_TAGS=3000",SGCT,total_transmission_energy_uj,397.224110,3.270303,402.721325,0.906482,50
"scenario_label=prefixed,TOTAL_TAGS=3000",SGCT,total_bits,384690.160000,1817.700042,387743.650000,503.840746,50
"scenario_label=prefixed,TOTAL_TAGS=3000",SGCT,avg_tag_bits,82.701380,0.081775,82.838650,0.022667,50
"scenario_label=prefixed,TOTAL_TAGS=3000",SGCT,avg_reader_bits,45.528673,0.524792,46.411000,0.145465,50
"scenario_label=prefixed,TOTAL_TAGS=3000",SGCT,avg_total_bits,128.230053,0.605900,129.247883,0.167947,50
"scenario_label=prefixed,TOTAL_TAGS=3000",SGCT,avg_query_efficiency,4.661569,0.108324,4.827340,0.030026,50
"scenario_label=prefixed,TOTAL_TAGS=3000",SGCT,peak_stack_depth,256.000000,0.000000,256.000000,0.000000,50
"scenario_label=prefixed,TOTAL_TAGS=3000",SGCT,progressive_probe_count,322.600000,7.445037,335.000000,2.063659,50
"scenario_label=prefixed,TOTAL_TAGS=3000",SGCT,signature_grouping_trigger_count,322.300000,7.497619,335.000000,2.078234,50
"scenario_label=prefixed,TOTAL_TAGS=3000",SGCT,local_short_id_trigger_count,257.000000,0.000000,257.000000,0.000000,50
"scenario_label=prefixed,TOTAL_TAGS=3000",SGCT,signature_groups_pruned,63515.500000,112.464280,63706.000000,31.173508,50
"scenario_label=prefixed,TOTAL_TAGS=3000",SGCT,sparse_signature_groups,3321.300000,7.497619,3334.000000,2.078234,50
"scenario_label=prefixed,TOTAL_TAGS=3000",SGCT,signature_marker_bits,6131.260000,15.243346,6157.100000,4.225240,50
"scenario_label=prefixed,TOTAL_TAGS=3000",SGCT,signature_marker_tag_bits,6131.260000,15.243346,6157.100000,4.225240,50
"scenario_label=prefixed,TOTAL_TAGS=3000",SGCT,signature_non_idle_marker_count,3321.300000,7.497619,3334.000000,2.078234,50
"scenario_label=prefixed,TOTAL_TAGS=3000",SGCT,signature_collision_groups,321.300000,7.497619,334.000000,2.078234,50
"scenario_label=prefixed,TOTAL_TAGS=3000",SGCT,signature_singleton_groups,3000.000000,0.000000,3000.000000,0.000000,50
"scenario_label=prefixed,TOTAL_TAGS=3000",SGCT,low_d_fallback_count,0.000000,0.000000,0.000000,0.000000,50
"scenario_label=prefixed,TOTAL_TAGS=3000",SGCT,suffix_signature_trigger_count,0.000000,0.000000,0.000000,0.000000,50
"scenario_label=prefixed,TOTAL_TAGS=3000",SGCT,hash_short_id_round_count,0.000000,0.000000,0.000000,0.000000,50
"scenario_label=prefixed,TOTAL_TAGS=3000",SGCT,hash_short_id_split_count,0.000000,0.000000,0.000000,0.000000,50
"scenario_label=prefixed,TOTAL_TAGS=3000",SGCT,hash_short_id_collision_groups,0.000000,0.000000,0.000000,0.000000,50
"scenario_label=prefixed,TOTAL_TAGS=3000",SGCT,hash_short_id_singleton_groups,0.000000,0.000000,0.000000,0.000000,50
"scenario_label=prefixed,TOTAL_TAGS=3000",SGCT,small_cluster_guard_count,0.000000,0.000000,0.000000,0.000000,50
"scenario_label=prefixed,TOTAL_TAGS=3000",SGCT,max_signature_d,8.000000,0.000000,8.000000,0.000000,50
"scenario_label=prefixed,TOTAL_TAGS=3000",SGCT,epc_verification_count,3000.000000,0.000000,3000.000000,0.000000,50
"scenario_label=prefixed,TOTAL_TAGS=3000",SGCT,verify_fail_count,0.000000,0.000000,0.000000,0.000000,50
"scenario_label=prefixed,TOTAL_TAGS=3000",SGCT,avg_tag_responses,4.087707,0.010120,4.104733,0.002805,50
"scenario_label=prefixed,TOTAL_TAGS=5000",DQTA(k_max=3),total_protocol_time_ms,7861.792275,55.965832,7952.029062,15.512937,50
"scenario_label=prefixed,TOTAL_TAGS=5000",DQTA(k_max=3),throughput_tags_per_sec,636.018892,4.529394,643.367334,1.255484,50
"scenario_label=prefixed,TOTAL_TAGS=5000",DQTA(k_max=3),system_efficiency,0.342206,0.003234,0.348156,0.000897,50
"scenario_label=prefixed,TOTAL_TAGS=5000",DQTA(k_max=3),collision_slots,4488.520000,39.186753,4553.000000,10.862014,50
"scenario_label=prefixed,TOTAL_TAGS=5000",DQTA(k_max=3),idle_slots,5123.840000,118.311653,5320.550000,32.794317,50
"scenario_label=prefixed,TOTAL_TAGS=5000",DQTA(k_max=3),total_energy_uj,1970181.391875,16033.359869,1996967.775087,4444.220616,50
"scenario_label=prefixed,TOTAL_TAGS=5000",DQTA(k_max=3),total_listening_energy_uj,1968454.765745,16026.221034,1995231.122962,4442.241831,50
"scenario_label=prefixed,TOTAL_TAGS=5000",DQTA(k_max=3),total_transmission_energy_uj,1726.626130,8.291577,1740.797750,2.298308,50
"scenario_label=prefixed,TOTAL_TAGS=5000",DQTA(k_max=3),total_bits,2328732.740000,6588.331732,2340301.450000,1826.192385,50
"scenario_label=prefixed,TOTAL_TAGS=5000",DQTA(k_max=3),avg_tag_bits,390.778580,0.677966,392.058460,0.187922,50
"scenario_label=prefixed,TOTAL_TAGS=5000",DQTA(k_max=3),avg_reader_bits,74.967968,0.672927,76.088940,0.186526,50
"scenario_label=prefixed,TOTAL_TAGS=5000",DQTA(k_max=3),avg_total_bits,465.746548,1.317666,468.060290,0.365238,50
"scenario_label=prefixed,TOTAL_TAGS=5000",DQTA(k_max=3),avg_query_efficiency,1.114036,0.009723,1.129433,0.002695,50
"scenario_label=prefixed,TOTAL_TAGS=5000",DQTA(k_max=3),peak_stack_depth,24.800000,1.030158,27.000000,0.285545,50
"scenario_label=prefixed,TOTAL_TAGS=5000",DQTA(k_max=3),avg_tag_responses,4.806928,0.010177,4.825670,0.002821,50
"scenario_label=prefixed,TOTAL_TAGS=5000",DRCT,total_protocol_time_ms,10530.332975,97.613611,10687.623312,27.057112,50
"scenario_label=prefixed,TOTAL_TAGS=5000",DRCT,throughput_tags_per_sec,474.858710,4.394197,481.690035,1.218009,50
"scenario_label=prefixed,TOTAL_TAGS=5000",DRCT,system_efficiency,0.344803,0.003319,0.350084,0.000920,50
"scenario_label=prefixed,TOTAL_TAGS=5000",DRCT,collision_slots,7250.180000,69.949454,7366.300000,19.388999,50
"scenario_label=prefixed,TOTAL_TAGS=5000",DRCT,idle_slots,2252.180000,69.949454,2368.300000,19.388999,50
"scenario_label=prefixed,TOTAL_TAGS=5000",DRCT,total_energy_uj,2647036.017280,28670.708326,2689592.513719,7947.114893,50
"scenario_label=prefixed,TOTAL_TAGS=5000",DRCT,energy_per_tag_uj,529.407203,5.734142,537.918503,1.589423,50
"scenario_label=prefixed,TOTAL_TAGS=5000",DRCT,total_reader_tx_energy_uj,1292.517520,13.755570,1314.537900,3.812849,50
"scenario_label=prefixed,TOTAL_TAGS=5000",DRCT,total_tag_tx_energy_uj,710.292370,0.567351,711.279200,0.157262,50
"scenario_label=prefixed,TOTAL_TAGS=5000",DRCT,total_listening_energy_uj,2645033.207390,28658.204955,2687569.984519,7943.649136,50
"scenario_label=prefixed,TOTAL_TAGS=5000",DRCT,total_transmission_energy_uj,2002.809890,14.140048,2025.606250,3.919421,50
"scenario_label=prefixed,TOTAL_TAGS=5000",DRCT,total_bits,2066843.500000,7680.810096,2079470.150000,2129.011938,50
"scenario_label=prefixed,TOTAL_TAGS=5000",DRCT,avg_tag_bits,284.116948,0.226940,284.511680,0.062905,50
"scenario_label=prefixed,TOTAL_TAGS=5000",DRCT,avg_reader_bits,129.251752,1.375557,131.453790,0.381285,50
"scenario_label=prefixed,TOTAL_TAGS=5000",DRCT,avg_total_bits,413.368700,1.536162,415.894030,0.425802,50
"scenario_label=prefixed,TOTAL_TAGS=5000",DRCT,avg_query_efficiency,0.689701,0.006640,0.700266,0.001841,50
"scenario_label=prefixed,TOTAL_TAGS=5000",DRCT,peak_stack_depth,12.040000,0.449943,13.000000,0.124718,50
"scenario_label=prefixed,TOTAL_TAGS=5000",DRCT,avg_tag_responses,61.614072,0.027384,61.660850,0.007591,50
"scenario_label=prefixed,TOTAL_TAGS=5000",EAQ_CBB,total_protocol_time_ms,13049.677200,57.981848,13150.324500,16.071748,50
"scenario_label=prefixed,TOTAL_TAGS=5000",EAQ_CBB,throughput_tags_per_sec,383.158648,1.701287,385.697289,0.471573,50
"scenario_label=prefixed,TOTAL_TAGS=5000",EAQ_CBB,system_efficiency,0.546464,0.002716,0.550485,0.000753,50
"scenario_label=prefixed,TOTAL_TAGS=5000",EAQ_CBB,collision_slots,4149.960000,45.507550,4228.600000,12.614049,50
"scenario_label=prefixed,TOTAL_TAGS=5000",EAQ_CBB,idle_slots,0.000000,0.000000,0.000000,0.000000,50
"scenario_label=prefixed,TOTAL_TAGS=5000",EAQ_CBB,total_energy_uj,3266018.462403,18013.469116,3296592.496488,4993.078896,50
"scenario_label=prefixed,TOTAL_TAGS=5000",EAQ_CBB,total_listening_energy_uj,3263973.815882,18005.728221,3294536.153387,4990.933230,50
"scenario_label=prefixed,TOTAL_TAGS=5000",EAQ_CBB,total_transmission_energy_uj,2044.646520,8.687928,2059.826200,2.408171,50
"scenario_label=prefixed,TOTAL_TAGS=5000",EAQ_CBB,total_bits,1298930.880000,6043.231801,1309508.000000,1675.098393,50
"scenario_label=prefixed,TOTAL_TAGS=5000",EAQ_CBB,avg_tag_bits,73.762032,0.471306,74.634760,0.130639,50
"scenario_label=prefixed,TOTAL_TAGS=5000",EAQ_CBB,avg_reader_bits,186.024144,0.758282,187.342960,0.210185,50
"scenario_label=prefixed,TOTAL_TAGS=5000",EAQ_CBB,avg_total_bits,259.786176,1.208646,261.901600,0.335020,50
"scenario_label=prefixed,TOTAL_TAGS=5000",EAQ_CBB,avg_query_efficiency,1.204973,0.013194,1.224620,0.003657,50
"scenario_label=prefixed,TOTAL_TAGS=5000",EAQ_CBB,peak_stack_depth,1230.400000,4.686063,1237.000000,1.298910,50
"scenario_label=prefixed,TOTAL_TAGS=5000",EAQ_CBB,avg_tag_responses,3.787200,0.020169,3.821860,0.005590,50
"scenario_label=prefixed,TOTAL_TAGS=5000",EMDT,total_protocol_time_ms,6987.289200,83.330851,7105.567125,23.098134,50
"scenario_label=prefixed,TOTAL_TAGS=5000",EMDT,throughput_tags_per_sec,715.684952,8.544826,730.156196,2.368505,50
"scenario_label=prefixed,TOTAL_TAGS=5000",EMDT,system_efficiency,0.515685,0.007355,0.529221,0.002039,50
"scenario_label=prefixed,TOTAL_TAGS=5000",EMDT,collision_slots,2931.660000,89.349488,3061.200000,24.766415,50
"scenario_label=prefixed,TOTAL_TAGS=5000",EMDT,idle_slots,1766.100000,66.808972,1854.100000,18.518502,50
"scenario_label=prefixed,TOTAL_TAGS=5000",EMDT,total_energy_uj,1746590.927075,25161.939775,1786056.656375,6974.533871,50
"scenario_label=prefixed,TOTAL_TAGS=5000",EMDT,total_listening_energy_uj,1745974.346755,25159.134725,1785436.717575,6973.756351,50
"scenario_label=prefixed,TOTAL_TAGS=5000",EMDT,total_transmission_energy_uj,616.580320,3.317764,621.092600,0.919637,50
"scenario_label=prefixed,TOTAL_TAGS=5000",EMDT,total_bits,848459.840000,1710.166663,850751.500000,474.034014,50
"scenario_label=prefixed,TOTAL_TAGS=5000",EMDT,avg_tag_bits,144.045248,0.048466,144.131520,0.013434,50
"scenario_label=prefixed,TOTAL_TAGS=5000",EMDT,avg_reader_bits,25.646720,0.329179,26.086940,0.091244,50
"scenario_label=prefixed,TOTAL_TAGS=5000",EMDT,avg_total_bits,169.691968,0.342033,170.150300,0.094807,50
"scenario_label=prefixed,TOTAL_TAGS=5000",EMDT,avg_query_efficiency,1.707075,0.052153,1.792630,0.014456,50
"scenario_label=prefixed,TOTAL_TAGS=5000",EMDT,peak_stack_depth,42.480000,1.147135,44.000000,0.317970,50
"scenario_label=prefixed,TOTAL_TAGS=5000",EMDT,avg_tag_responses,5.160304,0.042034,5.222390,0.011651,50
"scenario_label=prefixed,TOTAL_TAGS=5000",HT_EEAC,total_protocol_time_ms,29763.339000,383.023299,30419.382375,106.168642,50
"scenario_label=prefixed,TOTAL_TAGS=5000",HT_EEAC,throughput_tags_per_sec,168.018955,2.145226,171.212665,0.594626,50
"scenario_label=prefixed,TOTAL_TAGS=5000",HT_EEAC,system_efficiency,0.084136,0.001193,0.085910,0.000331,50
"scenario_label=prefixed,TOTAL_TAGS=5000",HT_EEAC,collision_slots,50854.400000,808.371959,52260.150000,224.069275,50
"scenario_label=prefixed,TOTAL_TAGS=5000",HT_EEAC,idle_slots,3585.040000,142.365004,3786.750000,39.461566,50
"scenario_label=prefixed,TOTAL_TAGS=5000",HT_EEAC,total_energy_uj,9302359.989120,141220.266906,9512171.606776,39144.260881,50
"scenario_label=prefixed,TOTAL_TAGS=5000",HT_EEAC,total_listening_energy_uj,9299057.818560,141177.922336,9508789.916176,39132.523565,50
"scenario_label=prefixed,TOTAL_TAGS=5000",HT_EEAC,total_transmission_energy_uj,3302.170560,43.808438,3376.953000,12.143079,50
"scenario_label=prefixed,TOTAL_TAGS=5000",HT_EEAC,total_bits,2681338.080000,31538.725299,2735598.300000,8742.088639,50
"scenario_label=prefixed,TOTAL_TAGS=5000",HT_EEAC,avg_tag_bits,274.734080,2.586790,279.232480,0.717022,50
"scenario_label=prefixed,TOTAL_TAGS=5000",HT_EEAC,avg_reader_bits,261.533536,3.741574,267.887180,1.037111,50
"scenario_label=prefixed,TOTAL_TAGS=5000",HT_EEAC,avg_total_bits,536.267616,6.307745,547.119660,1.748418,50
"scenario_label=prefixed,TOTAL_TAGS=5000",HT_EEAC,avg_query_efficiency,0.098344,0.001550,0.100670,0.000430,50
"scenario_label=prefixed,TOTAL_TAGS=5000",HT_EEAC,avg_tag_responses,173.713888,8.529648,186.760200,2.364298,50
"scenario_label=prefixed,TOTAL_TAGS=5000",LAPCT,total_protocol_time_ms,14391.783500,0.638645,14392.726875,0.177023,50
"scenario_label=prefixed,TOTAL_TAGS=5000",LAPCT,throughput_tags_per_sec,347.420458,0.015417,347.444027,0.004273,50
"scenario_label=prefixed,TOTAL_TAGS=5000",LAPCT,system_efficiency,0.497958,0.000000,0.497958,0.000000,50
"scenario_label=prefixed,TOTAL_TAGS=5000",LAPCT,collision_slots,5041.000000,0.000000,5041.000000,0.000000,50
"scenario_label=prefixed,TOTAL_TAGS=5000",LAPCT,idle_slots,0.000000,0.000000,0.000000,0.000000,50
"scenario_label=prefixed,TOTAL_TAGS=5000",LAPCT,total_energy_uj,3604463.457237,261.270562,3604890.639331,72.420505,50
"scenario_label=prefixed,TOTAL_TAGS=5000",LAPCT,total_listening_energy_uj,3601488.915657,261.034888,3601915.774881,72.355179,50
"scenario_label=prefixed,TOTAL_TAGS=5000",LAPCT,total_transmission_energy_uj,2974.541580,0.782151,2975.992175,0.216801,50
"scenario_label=prefixed,TOTAL_TAGS=5000",LAPCT,total_bits,2971021.080000,1427.953050,2973669.550000,395.808392,50
"scenario_label=prefixed,TOTAL_TAGS=5000",LAPCT,avg_tag_bits,395.666744,0.278913,396.168590,0.077311,50
"scenario_label=prefixed,TOTAL_TAGS=5000",LAPCT,avg_reader_bits,198.537472,0.020437,198.567660,0.005665,50
"scenario_label=prefixed,TOTAL_TAGS=5000",LAPCT,avg_total_bits,594.204216,0.285591,594.733910,0.079162,50
"scenario_label=prefixed,TOTAL_TAGS=5000",LAPCT,avg_query_efficiency,0.991867,0.000000,0.991867,0.000000,50
"scenario_label=prefixed,TOTAL_TAGS=5000",LAPCT,peak_stack_depth,16.660000,0.717422,18.000000,0.198859,50
"scenario_label=prefixed,TOTAL_TAGS=5000",LAPCT,avg_tag_responses,10.619416,0.008115,10.634540,0.002249,50
"scenario_label=prefixed,TOTAL_TAGS=5000",NLHQT(n=2),total_protocol_time_ms,6573.295650,31.424806,6626.788125,8.710512,50
"scenario_label=prefixed,TOTAL_TAGS=5000",NLHQT(n=2),throughput_tags_per_sec,760.670489,3.637484,766.874726,1.008259,50
"scenario_label=prefixed,TOTAL_TAGS=5000",NLHQT(n=2),system_efficiency,0.354846,0.001664,0.357555,0.000461,50
"scenario_label=prefixed,TOTAL_TAGS=5000",NLHQT(n=2),collision_slots,9090.940000,66.112894,9201.650000,18.325559,50
"scenario_label=prefixed,TOTAL_TAGS=5000",NLHQT(n=2),idle_slots,0.000000,0.000000,0.000000,0.000000,50
"scenario_label=prefixed,TOTAL_TAGS=5000",NLHQT(n=2),total_energy_uj,1646371.421595,8577.348959,1659817.310625,2377.519833,50
"scenario_label=prefixed,TOTAL_TAGS=5000",NLHQT(n=2),total_listening_energy_uj,1645453.094375,8574.371503,1658894.220025,2376.694524,50
"scenario_label=prefixed,TOTAL_TAGS=5000",NLHQT(n=2),total_transmission_energy_uj,918.327220,3.466078,924.172850,0.960748,50
"scenario_label=prefixed,TOTAL_TAGS=5000",NLHQT(n=2),total_bits,879596.720000,1860.253077,882718.900000,515.635846,50
"scenario_label=prefixed,TOTAL_TAGS=5000",NLHQT(n=2),avg_tag_bits,112.115496,0.035289,112.169020,0.009782,50
"scenario_label=prefixed,TOTAL_TAGS=5000",NLHQT(n=2),avg_reader_bits,63.803848,0.338162,64.375120,0.093734,50
"scenario_label=prefixed,TOTAL_TAGS=5000",NLHQT(n=2),avg_total_bits,175.919344,0.372051,176.543780,0.103127,50
"scenario_label=prefixed,TOTAL_TAGS=5000",NLHQT(n=2),avg_query_efficiency,0.550027,0.003998,0.556555,0.001108,50
"scenario_label=prefixed,TOTAL_TAGS=5000",NLHQT(n=2),peak_stack_depth,19.360000,0.692820,20.550000,0.192040,50
"scenario_label=prefixed,TOTAL_TAGS=5000",NLHQT(n=2),avg_tag_responses,9.057748,0.017645,9.084510,0.004891,50
"scenario_label=prefixed,TOTAL_TAGS=5000",SGCT,total_protocol_time_ms,4807.151175,35.017386,4861.132812,9.706324,50
"scenario_label=prefixed,TOTAL_TAGS=5000",SGCT,throughput_tags_per_sec,1040.171072,7.564904,1051.207714,2.096884,50
"scenario_label=prefixed,TOTAL_TAGS=5000",SGCT,system_efficiency,0.851083,0.003352,0.855952,0.000929,50
"scenario_label=prefixed,TOTAL_TAGS=5000",SGCT,collision_slots,874.960000,23.161333,910.650000,6.419994,50
"scenario_label=prefixed,TOTAL_TAGS=5000",SGCT,idle_slots,0.000000,0.000000,0.000000,0.000000,50
"scenario_label=prefixed,TOTAL_TAGS=5000",SGCT,total_energy_uj,1215669.806830,11343.212471,1236078.183300,3144.178084,50
"scenario_label=prefixed,TOTAL_TAGS=5000",SGCT,total_listening_energy_uj,1215051.954520,11338.748353,1235453.871375,3142.940693,50
"scenario_label=prefixed,TOTAL_TAGS=5000",SGCT,total_transmission_energy_uj,617.852310,5.077451,625.640175,1.407397,50
"scenario_label=prefixed,TOTAL_TAGS=5000",SGCT,total_bits,620842.440000,2816.998425,625143.150000,780.832126,50
"scenario_label=prefixed,TOTAL_TAGS=5000",SGCT,avg_tag_bits,83.177676,0.074827,83.291280,0.020741,50
"scenario_label=prefixed,TOTAL_TAGS=5000",SGCT,avg_reader_bits,40.990812,0.489217,41.742480,0.135604,50
"scenario_label=prefixed,TOTAL_TAGS=5000",SGCT,avg_total_bits,124.168488,0.563400,125.028630,0.156166,50
"scenario_label=prefixed,TOTAL_TAGS=5000",SGCT,avg_query_efficiency,5.718453,0.150696,5.942126,0.041771,50
"scenario_label=prefixed,TOTAL_TAGS=5000",SGCT,peak_stack_depth,256.320000,0.712569,257.000000,0.197514,50
"scenario_label=prefixed,TOTAL_TAGS=5000",SGCT,progressive_probe_count,438.280000,11.579433,456.550000,3.209655,50
"scenario_label=prefixed,TOTAL_TAGS=5000",SGCT,signature_grouping_trigger_count,437.680000,11.594228,455.100000,3.213756,50
"scenario_label=prefixed,TOTAL_TAGS=5000",SGCT,local_short_id_trigger_count,257.000000,0.000000,257.000000,0.000000,50
"scenario_label=prefixed,TOTAL_TAGS=5000",SGCT,signature_groups_pruned,63246.200000,173.913420,63507.500000,48.206340,50
"scenario_label=prefixed,TOTAL_TAGS=5000",SGCT,sparse_signature_groups,5436.680000,11.594228,5454.100000,3.213756,50
"scenario_label=prefixed,TOTAL_TAGS=5000",SGCT,signature_marker_bits,10365.980000,23.378422,10401.000000,6.480168,50
"scenario_label=prefixed,TOTAL_TAGS=5000",SGCT,signature_marker_tag_bits,10365.980000,23.378422,10401.000000,6.480168,50
"scenario_label=prefixed,TOTAL_TAGS=5000",SGCT,signature_non_idle_marker_count,5436.680000,11.594228,5454.100000,3.213756,50
"scenario_label=prefixed,TOTAL_TAGS=5000",SGCT,signature_collision_groups,436.680000,11.594228,454.100000,3.213756,50
"scenario_label=prefixed,TOTAL_TAGS=5000",SGCT,signature_singleton_groups,5000.000000,0.000000,5000.000000,0.000000,50
"scenario_label=prefixed,TOTAL_TAGS=5000",SGCT,low_d_fallback_count,0.000000,0.000000,0.000000,0.000000,50
"scenario_label=prefixed,TOTAL_TAGS=5000",SGCT,suffix_signature_trigger_count,0.000000,0.000000,0.000000,0.000000,50
"scenario_label=prefixed,TOTAL_TAGS=5000",SGCT,hash_short_id_round_count,0.000000,0.000000,0.000000,0.000000,50
"scenario_label=prefixed,TOTAL_TAGS=5000",SGCT,hash_short_id_split_count,0.000000,0.000000,0.000000,0.000000,50
"scenario_label=prefixed,TOTAL_TAGS=5000",SGCT,hash_short_id_collision_groups,0.000000,0.000000,0.000000,0.000000,50
"scenario_label=prefixed,TOTAL_TAGS=5000",SGCT,hash_short_id_singleton_groups,0.000000,0.000000,0.000000,0.000000,50
"scenario_label=prefixed,TOTAL_TAGS=5000",SGCT,small_cluster_guard_count,0.000000,0.000000,0.000000,0.000000,50
"scenario_label=prefixed,TOTAL_TAGS=5000",SGCT,max_signature_d,8.000000,0.000000,8.000000,0.000000,50
"scenario_label=prefixed,TOTAL_TAGS=5000",SGCT,epc_verification_count,5000.000000,0.000000,5000.000000,0.000000,50
"scenario_label=prefixed,TOTAL_TAGS=5000",SGCT,verify_fail_count,0.000000,0.000000,0.000000,0.000000,50
"scenario_label=prefixed,TOTAL_TAGS=5000",SGCT,avg_tag_responses,4.146632,0.009342,4.160620,0.002590,50
"scenario_label=prefixed,TOTAL_TAGS=7000",DQTA(k_max=3),total_protocol_time_ms,11222.940300,74.321396,11328.207937,20.600840,50
"scenario_label=prefixed,TOTAL_TAGS=7000",DQTA(k_max=3),throughput_tags_per_sec,623.749242,4.125933,630.168183,1.143650,50
"scenario_label=prefixed,TOTAL_TAGS=7000",DQTA(k_max=3),system_efficiency,0.336760,0.002206,0.340237,0.000611,50
"scenario_label=prefixed,TOTAL_TAGS=7000",DQTA(k_max=3),collision_slots,6439.040000,52.914239,6515.400000,14.667079,50
"scenario_label=prefixed,TOTAL_TAGS=7000",DQTA(k_max=3),idle_slots,7348.180000,109.573140,7498.800000,30.372125,50
"scenario_label=prefixed,TOTAL_TAGS=7000",DQTA(k_max=3),total_energy_uj,3938183.847120,25905.852079,3974929.955894,7180.735842,50
"scenario_label=prefixed,TOTAL_TAGS=7000",DQTA(k_max=3),total_listening_energy_uj,3935693.638960,25896.683873,3972427.463744,7178.194544,50
"scenario_label=prefixed,TOTAL_TAGS=7000",DQTA(k_max=3),total_transmission_energy_uj,2490.208160,10.756493,2505.375575,2.981548,50
"scenario_label=prefixed,TOTAL_TAGS=7000",DQTA(k_max=3),total_bits,3358603.540000,8007.057003,3369426.250000,2219.442967,50
"scenario_label=prefixed,TOTAL_TAGS=7000",DQTA(k_max=3),avg_tag_bits,402.571326,0.530773,403.197393,0.147123,50
"scenario_label=prefixed,TOTAL_TAGS=7000",DQTA(k_max=3),avg_reader_bits,77.229180,0.649135,78.158329,0.179931,50
"scenario_label=prefixed,TOTAL_TAGS=7000",DQTA(k_max=3),avg_total_bits,479.800506,1.143865,481.346607,0.317063,50
"scenario_label=prefixed,TOTAL_TAGS=7000",DQTA(k_max=3),avg_query_efficiency,1.087190,0.008923,1.100992,0.002473,50
"scenario_label=prefixed,TOTAL_TAGS=7000",DQTA(k_max=3),peak_stack_depth,25.800000,0.880631,27.000000,0.244098,50
"scenario_label=prefixed,TOTAL_TAGS=7000",DQTA(k_max=3),avg_tag_responses,4.983080,0.008058,4.993500,0.002233,50
"scenario_label=prefixed,TOTAL_TAGS=7000",DRCT,total_protocol_time_ms,14759.905075,121.908478,14992.914625,33.791306,50
"scenario_label=prefixed,TOTAL_TAGS=7000",DRCT,throughput_tags_per_sec,474.289391,3.903949,479.417450,1.082119,50
"scenario_label=prefixed,TOTAL_TAGS=7000",DRCT,system_efficiency,0.345976,0.002586,0.349983,0.000717,50
"scenario_label=prefixed,TOTAL_TAGS=7000",DRCT,collision_slots,10115.860000,75.770332,10244.700000,21.002465,50
"scenario_label=prefixed,TOTAL_TAGS=7000",DRCT,idle_slots,3117.860000,75.770332,3246.700000,21.002465,50
"scenario_label=prefixed,TOTAL_TAGS=7000",DRCT,total_energy_uj,5186213.618575,51339.747548,5283901.042075,14230.651985,50
"scenario_label=prefixed,TOTAL_TAGS=7000",DRCT,energy_per_tag_uj,740.887660,7.334250,754.843006,2.032950,50
"scenario_label=prefixed,TOTAL_TAGS=7000",DRCT,total_reader_tx_energy_uj,1816.853480,17.573254,1850.452000,4.871058,50
"scenario_label=prefixed,TOTAL_TAGS=7000",DRCT,total_tag_tx_energy_uj,999.240970,0.679179,1000.641650,0.188259,50
"scenario_label=prefixed,TOTAL_TAGS=7000",DRCT,total_listening_energy_uj,5183397.524125,51323.603876,5281045.138550,14226.177188,50
"scenario_label=prefixed,TOTAL_TAGS=7000",DRCT,total_transmission_energy_uj,2816.094450,17.995138,2849.940500,4.987998,50
"scenario_label=prefixed,TOTAL_TAGS=7000",DRCT,total_bits,2906908.680000,9674.420121,2924788.000000,2681.612444,50
"scenario_label=prefixed,TOTAL_TAGS=7000",DRCT,avg_tag_bits,285.497420,0.194051,285.897614,0.053788,50
"scenario_label=prefixed,TOTAL_TAGS=7000",DRCT,avg_reader_bits,129.775249,1.255232,132.175143,0.347933,50
"scenario_label=prefixed,TOTAL_TAGS=7000",DRCT,avg_total_bits,415.272669,1.382060,417.826857,0.383087,50
"scenario_label=prefixed,TOTAL_TAGS=7000",DRCT,avg_query_efficiency,0.692021,0.005173,0.700037,0.001434,50
"scenario_label=prefixed,TOTAL_TAGS=7000",DRCT,peak_stack_depth,12.420000,0.498569,13.000000,0.138196,50
"scenario_label=prefixed,TOTAL_TAGS=7000",DRCT,avg_tag_responses,62.095149,0.025704,62.130071,0.007125,50
"scenario_label=prefixed,TOTAL_TAGS=7000",EAQ_CBB,total_protocol_time_ms,18284.203825,65.673728,18387.221500,18.203829,50
"scenario_label=prefixed,TOTAL_TAGS=7000",EAQ_CBB,throughput_tags_per_sec,382.848964,1.375070,384.696294,0.381150,50
"scenario_label=prefixed,TOTAL_TAGS=7000",EAQ_CBB,system_efficiency,0.545973,0.002196,0.548934,0.000609,50
"scenario_label=prefixed,TOTAL_TAGS=7000",EAQ_CBB,collision_slots,5821.360000,51.583006,5902.200000,14.298080,50
"scenario_label=prefixed,TOTAL_TAGS=7000",EAQ_CBB,idle_slots,0.000000,0.000000,0.000000,0.000000,50
"scenario_label=prefixed,TOTAL_TAGS=7000",EAQ_CBB,total_energy_uj,6401583.618380,30324.039617,6448158.178069,8405.394946,50
"scenario_label=prefixed,TOTAL_TAGS=7000",EAQ_CBB,total_listening_energy_uj,6398719.027770,30315.283728,6445283.864494,8402.967937,50
"scenario_label=prefixed,TOTAL_TAGS=7000",EAQ_CBB,total_transmission_energy_uj,2864.590610,9.793043,2880.023625,2.714493,50
"scenario_label=prefixed,TOTAL_TAGS=7000",EAQ_CBB,total_bits,1819826.620000,6738.745953,1830663.900000,1867.885080,50
"scenario_label=prefixed,TOTAL_TAGS=7000",EAQ_CBB,avg_tag_bits,73.815489,0.368390,74.394493,0.102113,50
"scenario_label=prefixed,TOTAL_TAGS=7000",EAQ_CBB,avg_reader_bits,186.159743,0.614343,187.124743,0.170287,50
"scenario_label=prefixed,TOTAL_TAGS=7000",EAQ_CBB,avg_total_bits,259.975231,0.962678,261.523414,0.266841,50
"scenario_label=prefixed,TOTAL_TAGS=7000",EAQ_CBB,avg_query_efficiency,1.202561,0.010656,1.216968,0.002954,50
"scenario_label=prefixed,TOTAL_TAGS=7000",EAQ_CBB,peak_stack_depth,1720.220000,5.718891,1731.000000,1.585196,50
"scenario_label=prefixed,TOTAL_TAGS=7000",EAQ_CBB,avg_tag_responses,3.789149,0.015871,3.814343,0.004399,50
"scenario_label=prefixed,TOTAL_TAGS=7000",EMDT,total_protocol_time_ms,9612.544300,88.564322,9769.140875,24.548778,50
"scenario_label=prefixed,TOTAL_TAGS=7000",EMDT,throughput_tags_per_sec,728.275588,6.698534,738.903584,1.856739,50
"scenario_label=prefixed,TOTAL_TAGS=7000",EMDT,system_efficiency,0.499787,0.005367,0.507896,0.001488,50
"scenario_label=prefixed,TOTAL_TAGS=7000",EMDT,collision_slots,4042.540000,92.524505,4200.150000,25.646484,50
"scenario_label=prefixed,TOTAL_TAGS=7000",EMDT,idle_slots,2965.020000,75.437362,3073.750000,20.910170,50
"scenario_label=prefixed,TOTAL_TAGS=7000",EMDT,total_energy_uj,3364658.066200,36413.183231,3428636.342812,10093.219445,50
"scenario_label=prefixed,TOTAL_TAGS=7000",EMDT,total_listening_energy_uj,3363819.089880,36410.572521,3427793.060812,10092.495793,50
"scenario_label=prefixed,TOTAL_TAGS=7000",EMDT,total_transmission_energy_uj,838.976320,4.609908,844.746000,1.277801,50
"scenario_label=prefixed,TOTAL_TAGS=7000",EMDT,total_bits,1178921.360000,3097.416262,1182796.200000,858.559985,50
"scenario_label=prefixed,TOTAL_TAGS=7000",EMDT,avg_tag_bits,144.653943,0.204244,144.908457,0.056614,50
"scenario_label=prefixed,TOTAL_TAGS=7000",EMDT,avg_reader_bits,23.763394,0.299550,24.182871,0.083031,50
"scenario_label=prefixed,TOTAL_TAGS=7000",EMDT,avg_total_bits,168.417337,0.442488,168.970886,0.122651,50
"scenario_label=prefixed,TOTAL_TAGS=7000",EMDT,avg_query_efficiency,1.732471,0.039554,1.796423,0.010964,50
"scenario_label=prefixed,TOTAL_TAGS=7000",EMDT,peak_stack_depth,44.240000,1.170383,47.000000,0.324414,50
"scenario_label=prefixed,TOTAL_TAGS=7000",EMDT,avg_tag_responses,5.181766,0.030067,5.230936,0.008334,50
"scenario_label=prefixed,TOTAL_TAGS=7000",HT_EEAC,total_protocol_time_ms,50287.841100,1302.506507,52828.457250,361.036384,50
"scenario_label=prefixed,TOTAL_TAGS=7000",HT_EEAC,throughput_tags_per_sec,139.289401,3.577342,144.571897,0.991588,50
"scenario_label=prefixed,TOTAL_TAGS=7000",HT_EEAC,system_efficiency,0.068734,0.001900,0.071543,0.000527,50
"scenario_label=prefixed,TOTAL_TAGS=7000",HT_EEAC,collision_slots,90417.480000,2863.507413,96043.300000,793.723760,50
"scenario_label=prefixed,TOTAL_TAGS=7000",HT_EEAC,idle_slots,4501.760000,151.532654,4752.600000,42.002709,50
"scenario_label=prefixed,TOTAL_TAGS=7000",HT_EEAC,total_energy_uj,21569026.036265,772360.807917,23025023.327524,214087.493402,50
"scenario_label=prefixed,TOTAL_TAGS=7000",HT_EEAC,total_listening_energy_uj,21563426.249865,772215.254058,23019135.326324,214047.147931,50
"scenario_label=prefixed,TOTAL_TAGS=7000",HT_EEAC,total_transmission_energy_uj,5599.786400,147.937171,5888.001200,41.006092,50
"scenario_label=prefixed,TOTAL_TAGS=7000",HT_EEAC,total_bits,4472902.960000,108307.493416,4684520.200000,30021.305515,50
"scenario_label=prefixed,TOTAL_TAGS=7000",HT_EEAC,avg_tag_bits,318.668526,6.545160,331.527543,1.814226,50
"scenario_label=prefixed,TOTAL_TAGS=7000",HT_EEAC,avg_reader_bits,320.317611,8.932563,337.689629,2.475980,50
"scenario_label=prefixed,TOTAL_TAGS=7000",HT_EEAC,avg_total_bits,638.986137,15.472499,669.217171,4.288758,50
"scenario_label=prefixed,TOTAL_TAGS=7000",HT_EEAC,avg_query_efficiency,0.077494,0.002430,0.081106,0.000673,50
"scenario_label=prefixed,TOTAL_TAGS=7000",HT_EEAC,avg_tag_responses,230.281149,13.014476,254.680107,3.607429,50
"scenario_label=prefixed,TOTAL_TAGS=7000",LAPCT,total_protocol_time_ms,20182.833000,0.682789,20183.935000,0.189259,50
"scenario_label=prefixed,TOTAL_TAGS=7000",LAPCT,throughput_tags_per_sec,346.829407,0.011733,346.843958,0.003252,50
"scenario_label=prefixed,TOTAL_TAGS=7000",LAPCT,system_efficiency,0.498540,0.000000,0.498540,0.000000,50
"scenario_label=prefixed,TOTAL_TAGS=7000",LAPCT,collision_slots,7041.000000,0.000000,7041.000000,0.000000,50
"scenario_label=prefixed,TOTAL_TAGS=7000",LAPCT,idle_slots,0.000000,0.000000,0.000000,0.000000,50
"scenario_label=prefixed,TOTAL_TAGS=7000",LAPCT,total_energy_uj,7073439.404637,293.464414,7073908.462438,81.344185,50
"scenario_label=prefixed,TOTAL_TAGS=7000",LAPCT,total_listening_energy_uj,7069204.780717,292.979513,7069673.782913,81.209778,50
"scenario_label=prefixed,TOTAL_TAGS=7000",LAPCT,total_transmission_energy_uj,4234.623920,0.987859,4236.323850,0.273821,50
"scenario_label=prefixed,TOTAL_TAGS=7000",LAPCT,total_bits,4285882.000000,1799.243333,4289107.250000,498.724807,50
"scenario_label=prefixed,TOTAL_TAGS=7000",LAPCT,avg_tag_bits,413.060960,0.250019,413.520636,0.069302,50
"scenario_label=prefixed,TOTAL_TAGS=7000",LAPCT,avg_reader_bits,199.207897,0.015607,199.233086,0.004326,50
"scenario_label=prefixed,TOTAL_TAGS=7000",LAPCT,avg_total_bits,612.268857,0.257035,612.729607,0.071246,50
"scenario_label=prefixed,TOTAL_TAGS=7000",LAPCT,avg_query_efficiency,0.994177,0.000000,0.994177,0.000000,50
"scenario_label=prefixed,TOTAL_TAGS=7000",LAPCT,peak_stack_depth,17.300000,0.614452,18.000000,0.170317,50
"scenario_label=prefixed,TOTAL_TAGS=7000",LAPCT,avg_tag_responses,11.107643,0.007386,11.120679,0.002047,50
"scenario_label=prefixed,TOTAL_TAGS=7000",NLHQT(n=2),total_protocol_time_ms,9247.075150,34.182657,9291.374250,9.474949,50
"scenario_label=prefixed,TOTAL_TAGS=7000",NLHQT(n=2),throughput_tags_per_sec,757.006247,2.795935,761.425563,0.774994,50
"scenario_label=prefixed,TOTAL_TAGS=7000",NLHQT(n=2),system_efficiency,0.354499,0.001238,0.356258,0.000343,50
"scenario_label=prefixed,TOTAL_TAGS=7000",NLHQT(n=2),collision_slots,12746.440000,68.980968,12830.700000,19.120549,50
"scenario_label=prefixed,TOTAL_TAGS=7000",NLHQT(n=2),idle_slots,0.000000,0.000000,0.000000,0.000000,50
"scenario_label=prefixed,TOTAL_TAGS=7000",NLHQT(n=2),total_energy_uj,3238511.543320,13831.549611,3262123.756012,3833.909950,50
"scenario_label=prefixed,TOTAL_TAGS=7000",NLHQT(n=2),total_listening_energy_uj,3237211.584760,13828.263854,3260820.217113,3832.999184,50
"scenario_label=prefixed,TOTAL_TAGS=7000",NLHQT(n=2),total_transmission_energy_uj,1299.958560,3.798952,1304.670200,1.053016,50
"scenario_label=prefixed,TOTAL_TAGS=7000",NLHQT(n=2),total_bits,1241163.000000,2031.299142,1243715.800000,563.047396,50
"scenario_label=prefixed,TOTAL_TAGS=7000",NLHQT(n=2),avg_tag_bits,112.606423,0.026404,112.645971,0.007319,50
"scenario_label=prefixed,TOTAL_TAGS=7000",NLHQT(n=2),avg_reader_bits,64.702577,0.265108,65.030257,0.073484,50
"scenario_label=prefixed,TOTAL_TAGS=7000",NLHQT(n=2),avg_total_bits,177.309000,0.290186,177.673686,0.080435,50
"scenario_label=prefixed,TOTAL_TAGS=7000",NLHQT(n=2),avg_query_efficiency,0.549189,0.002970,0.553417,0.000823,50
"scenario_label=prefixed,TOTAL_TAGS=7000",NLHQT(n=2),peak_stack_depth,20.320000,0.652781,21.000000,0.180942,50
"scenario_label=prefixed,TOTAL_TAGS=7000",NLHQT(n=2),avg_tag_responses,9.303211,0.013202,9.322986,0.003659,50
"scenario_label=prefixed,TOTAL_TAGS=7000",SGCT,total_protocol_time_ms,6531.855975,45.199564,6605.271125,12.528680,50
"scenario_label=prefixed,TOTAL_TAGS=7000",SGCT,throughput_tags_per_sec,1071.721104,7.402711,1083.776813,2.051927,50
"scenario_label=prefixed,TOTAL_TAGS=7000",SGCT,system_efficiency,0.852364,0.003099,0.857397,0.000859,50
"scenario_label=prefixed,TOTAL_TAGS=7000",SGCT,collision_slots,1212.560000,29.892433,1261.100000,8.285760,50
"scenario_label=prefixed,TOTAL_TAGS=7000",SGCT,idle_slots,0.000000,0.000000,0.000000,0.000000,50
"scenario_label=prefixed,TOTAL_TAGS=7000",SGCT,total_energy_uj,2306166.823715,19529.966021,2336565.326700,5413.430393,50
"scenario_label=prefixed,TOTAL_TAGS=7000",SGCT,total_listening_energy_uj,2305304.955465,19524.817544,2335695.146025,5412.003308,50
"scenario_label=prefixed,TOTAL_TAGS=7000",SGCT,total_transmission_energy_uj,861.868250,6.560543,872.524575,1.818490,50
"scenario_label=prefixed,TOTAL_TAGS=7000",SGCT,total_bits,870031.360000,3640.890510,875939.250000,1009.203361,50
"scenario_label=prefixed,TOTAL_TAGS=7000",SGCT,avg_tag_bits,83.637569,0.069542,83.747993,0.019276,50
"scenario_label=prefixed,TOTAL_TAGS=7000",SGCT,avg_reader_bits,40.652626,0.451471,41.386186,0.125141,50
"scenario_label=prefixed,TOTAL_TAGS=7000",SGCT,avg_total_bits,124.290194,0.520127,125.134179,0.144172,50
"scenario_label=prefixed,TOTAL_TAGS=7000",SGCT,avg_query_efficiency,5.776330,0.141634,6.012482,0.039259,50
"scenario_label=prefixed,TOTAL_TAGS=7000",SGCT,peak_stack_depth,256.760000,0.715998,258.000000,0.198465,50
"scenario_label=prefixed,TOTAL_TAGS=7000",SGCT,progressive_probe_count,607.420000,15.013042,631.550000,4.161403,50
"scenario_label=prefixed,TOTAL_TAGS=7000",SGCT,signature_grouping_trigger_count,606.120000,14.907388,630.550000,4.132117,50
"scenario_label=prefixed,TOTAL_TAGS=7000",SGCT,local_short_id_trigger_count,257.000000,0.000000,257.000000,0.000000,50
"scenario_label=prefixed,TOTAL_TAGS=7000",SGCT,signature_groups_pruned,63772.820000,223.602480,64139.250000,61.979445,50
"scenario_label=prefixed,TOTAL_TAGS=7000",SGCT,sparse_signature_groups,7605.100000,14.916434,7629.550000,4.134625,50
"scenario_label=prefixed,TOTAL_TAGS=7000",SGCT,signature_marker_bits,14712.280000,30.350362,14762.100000,8.412691,50
"scenario_label=prefixed,TOTAL_TAGS=7000",SGCT,signature_marker_tag_bits,14712.280000,30.350362,14762.100000,8.412691,50
"scenario_label=prefixed,TOTAL_TAGS=7000",SGCT,signature_non_idle_marker_count,7605.100000,14.916434,7629.550000,4.134625,50
"scenario_label=prefixed,TOTAL_TAGS=7000",SGCT,signature_collision_groups,605.140000,14.899678,629.550000,4.129980,50
"scenario_label=prefixed,TOTAL_TAGS=7000",SGCT,signature_singleton_groups,6999.960000,0.282843,7000.000000,0.078400,50
"scenario_label=prefixed,TOTAL_TAGS=7000",SGCT,low_d_fallback_count,0.020000,0.141421,0.000000,0.039200,50
"scenario_label=prefixed,TOTAL_TAGS=7000",SGCT,suffix_signature_trigger_count,0.000000,0.000000,0.000000,0.000000,50
"scenario_label=prefixed,TOTAL_TAGS=7000",SGCT,hash_short_id_round_count,0.000000,0.000000,0.000000,0.000000,50
"scenario_label=prefixed,TOTAL_TAGS=7000",SGCT,hash_short_id_split_count,0.000000,0.000000,0.000000,0.000000,50
"scenario_label=prefixed,TOTAL_TAGS=7000",SGCT,hash_short_id_collision_groups,0.000000,0.000000,0.000000,0.000000,50
"scenario_label=prefixed,TOTAL_TAGS=7000",SGCT,hash_short_id_singleton_groups,0.000000,0.000000,0.000000,0.000000,50
"scenario_label=prefixed,TOTAL_TAGS=7000",SGCT,small_cluster_guard_count,0.000000,0.000000,0.000000,0.000000,50
"scenario_label=prefixed,TOTAL_TAGS=7000",SGCT,max_signature_d,8.000000,0.000000,8.000000,0.000000,50
"scenario_label=prefixed,TOTAL_TAGS=7000",SGCT,epc_verification_count,7000.000000,0.000000,7000.000000,0.000000,50
"scenario_label=prefixed,TOTAL_TAGS=7000",SGCT,verify_fail_count,0.000000,0.000000,0.000000,0.000000,50
"scenario_label=prefixed,TOTAL_TAGS=7000",SGCT,avg_tag_responses,4.203886,0.008699,4.218029,0.002411,50
"scenario_label=random,TOTAL_TAGS=1000",DQTA(k_max=3),total_protocol_time_ms,1635.518875,20.411544,1670.321062,5.657791,50
"scenario_label=random,TOTAL_TAGS=1000",DQTA(k_max=3),throughput_tags_per_sec,611.519801,7.608758,623.471623,2.109040,50
"scenario_label=random,TOTAL_TAGS=1000",DQTA(k_max=3),system_efficiency,0.333893,0.006131,0.343389,0.001700,50
"scenario_label=random,TOTAL_TAGS=1000",DQTA(k_max=3),collision_slots,925.200000,19.009128,960.100000,5.269061,50
"scenario_label=random,TOTAL_TAGS=1000",DQTA(k_max=3),idle_slots,1070.760000,48.864895,1148.550000,13.544658,50
"scenario_label=random,TOTAL_TAGS=1000",DQTA(k_max=3),total_energy_uj,83047.245905,1218.225889,85149.877837,337.674989,50
"scenario_label=random,TOTAL_TAGS=1000",DQTA(k_max=3),total_listening_energy_uj,82622.131605,1215.409556,84721.213687,336.894341,50
"scenario_label=random,TOTAL_TAGS=1000",DQTA(k_max=3),total_transmission_energy_uj,425.114300,3.329393,430.489525,0.922861,50
"scenario_label=random,TOTAL_TAGS=1000",DQTA(k_max=3),total_bits,758239.540000,4713.608961,765807.800000,1306.545745,50
"scenario_label=random,TOTAL_TAGS=1000",DQTA(k_max=3),avg_tag_bits,727.576520,4.090564,734.203600,1.133847,50
"scenario_label=random,TOTAL_TAGS=1000",DQTA(k_max=3),avg_reader_bits,30.663020,0.687091,31.862950,0.190452,50
"scenario_label=random,TOTAL_TAGS=1000",DQTA(k_max=3),avg_total_bits,758.239540,4.713609,765.807800,1.306546,50
"scenario_label=random,TOTAL_TAGS=1000",DQTA(k_max=3),avg_query_efficiency,1.081292,0.022089,1.116458,0.006123,50
"scenario_label=random,TOTAL_TAGS=1000",DQTA(k_max=3),peak_stack_depth,19.300000,0.863075,20.550000,0.239232,50
"scenario_label=random,TOTAL_TAGS=1000",DQTA(k_max=3),avg_tag_responses,4.052660,0.024568,4.092050,0.006810,50
"scenario_label=random,TOTAL_TAGS=1000",DRCT,total_protocol_time_ms,1483.087200,20.906426,1521.491250,5.794966,50
"scenario_label=random,TOTAL_TAGS=1000",DRCT,throughput_tags_per_sec,674.400002,9.470679,688.317673,2.625138,50
"scenario_label=random,TOTAL_TAGS=1000",DRCT,system_efficiency,0.345700,0.007216,0.357221,0.002000,50
"scenario_label=random,TOTAL_TAGS=1000",DRCT,collision_slots,1445.960000,30.295793,1497.000000,8.397566,50
"scenario_label=random,TOTAL_TAGS=1000",DRCT,idle_slots,447.960000,30.295793,499.000000,8.397566,50
"scenario_label=random,TOTAL_TAGS=1000",DRCT,total_energy_uj,74756.408800,1172.159375,76751.120112,324.906002,50
"scenario_label=random,TOTAL_TAGS=1000",DRCT,energy_per_tag_uj,74.756409,1.172159,76.751120,0.324906,50
"scenario_label=random,TOTAL_TAGS=1000",DRCT,total_reader_tx_energy_uj,105.874480,2.379758,109.989700,0.659635,50
"scenario_label=random,TOTAL_TAGS=1000",DRCT,total_tag_tx_energy_uj,69.382890,0.644721,70.384550,0.178707,50
"scenario_label=random,TOTAL_TAGS=1000",DRCT,total_listening_energy_uj,74581.151430,1169.677100,76570.850512,324.217951,50
"scenario_label=random,TOTAL_TAGS=1000",DRCT,total_transmission_energy_uj,175.257370,2.721326,180.424575,0.754313,50
"scenario_label=random,TOTAL_TAGS=1000",DRCT,total_bits,191703.020000,2098.850409,195864.600000,581.771652,50
"scenario_label=random,TOTAL_TAGS=1000",DRCT,avg_tag_bits,138.765780,1.289441,140.769100,0.357415,50
"scenario_label=random,TOTAL_TAGS=1000",DRCT,avg_reader_bits,52.937240,1.189879,54.994850,0.329818,50
"scenario_label=random,TOTAL_TAGS=1000",DRCT,avg_total_bits,191.703020,2.098850,195.864600,0.581772,50
"scenario_label=random,TOTAL_TAGS=1000",DRCT,avg_query_efficiency,0.691879,0.014452,0.714953,0.004006,50
"scenario_label=random,TOTAL_TAGS=1000",DRCT,peak_stack_depth,9.720000,0.640153,11.000000,0.177441,50
"scenario_label=random,TOTAL_TAGS=1000",DRCT,avg_tag_responses,11.308540,0.075554,11.426150,0.020942,50
"scenario_label=random,TOTAL_TAGS=1000",EAQ_CBB,total_protocol_time_ms,2236.377225,18.390615,2263.106188,5.097619,50
"scenario_label=random,TOTAL_TAGS=1000",EAQ_CBB,throughput_tags_per_sec,447.181462,3.686395,453.843106,1.021817,50
"scenario_label=random,TOTAL_TAGS=1000",EAQ_CBB,system_efficiency,0.546564,0.006691,0.558379,0.001855,50
"scenario_label=random,TOTAL_TAGS=1000",EAQ_CBB,collision_slots,829.880000,22.320157,862.200000,6.186832,50
"scenario_label=random,TOTAL_TAGS=1000",EAQ_CBB,idle_slots,0.000000,0.000000,0.000000,0.000000,50
"scenario_label=random,TOTAL_TAGS=1000",EAQ_CBB,total_energy_uj,112310.652822,968.646317,113755.049462,268.495061,50
"scenario_label=random,TOTAL_TAGS=1000",EAQ_CBB,total_listening_energy_uj,111947.954473,966.326261,113388.880612,267.851974,50
"scenario_label=random,TOTAL_TAGS=1000",EAQ_CBB,total_transmission_energy_uj,362.698350,2.661959,366.623450,0.737857,50
"scenario_label=random,TOTAL_TAGS=1000",EAQ_CBB,total_bits,286847.700000,2988.303220,291060.100000,828.315393,50
"scenario_label=random,TOTAL_TAGS=1000",EAQ_CBB,avg_tag_bits,140.664700,2.230456,143.838450,0.618251,50
"scenario_label=random,TOTAL_TAGS=1000",EAQ_CBB,avg_reader_bits,146.183000,0.793151,147.340800,0.219850,50
"scenario_label=random,TOTAL_TAGS=1000",EAQ_CBB,avg_total_bits,286.847700,2.988303,291.060100,0.828315,50
"scenario_label=random,TOTAL_TAGS=1000",EAQ_CBB,avg_query_efficiency,1.205855,0.032713,1.264384,0.009068,50
"scenario_label=random,TOTAL_TAGS=1000",EAQ_CBB,peak_stack_depth,248.520000,2.557422,253.000000,0.708881,50
"scenario_label=random,TOTAL_TAGS=1000",EAQ_CBB,avg_tag_responses,3.787600,0.047573,3.855100,0.013187,50
"scenario_label=random,TOTAL_TAGS=1000",EMDT,total_protocol_time_ms,1335.001050,37.283352,1388.897000,10.334418,50
"scenario_label=random,TOTAL_TAGS=1000",EMDT,throughput_tags_per_sec,749.636333,20.950780,777.425164,5.807260,50
"scenario_label=random,TOTAL_TAGS=1000",EMDT,system_efficiency,0.564837,0.028079,0.603210,0.007783,50
"scenario_label=random,TOTAL_TAGS=1000",EMDT,collision_slots,558.740000,43.381935,624.300000,12.024859,50
"scenario_label=random,TOTAL_TAGS=1000",EMDT,idle_slots,215.960000,45.376412,279.950000,12.577700,50
"scenario_label=random,TOTAL_TAGS=1000",EMDT,total_energy_uj,66957.164340,2267.742273,69949.586888,628.586088,50
"scenario_label=random,TOTAL_TAGS=1000",EMDT,total_listening_energy_uj,66831.548420,2269.180392,69827.057887,628.984714,50
"scenario_label=random,TOTAL_TAGS=1000",EMDT,total_transmission_energy_uj,125.615920,2.982492,129.696200,0.826705,50
"scenario_label=random,TOTAL_TAGS=1000",EMDT,total_bits,167310.200000,2902.911874,171266.800000,804.646119,50
"scenario_label=random,TOTAL_TAGS=1000",EMDT,avg_tag_bits,139.336320,1.922532,141.928800,0.532899,50
"scenario_label=random,TOTAL_TAGS=1000",EMDT,avg_reader_bits,27.973880,1.039305,29.416200,0.288081,50
"scenario_label=random,TOTAL_TAGS=1000",EMDT,avg_total_bits,167.310200,2.902912,171.266800,0.804646,50
"scenario_label=random,TOTAL_TAGS=1000",EMDT,avg_query_efficiency,1.800397,0.140320,2.000000,0.038895,50
"scenario_label=random,TOTAL_TAGS=1000",EMDT,peak_stack_depth,34.380000,1.469277,36.550000,0.407263,50
"scenario_label=random,TOTAL_TAGS=1000",EMDT,avg_tag_responses,4.528180,0.062183,4.626650,0.017236,50
"scenario_label=random,TOTAL_TAGS=1000",HT_EEAC,total_protocol_time_ms,2604.461550,65.176218,2703.158250,18.065926,50
"scenario_label=random,TOTAL_TAGS=1000",HT_EEAC,throughput_tags_per_sec,384.191585,9.588768,398.341053,2.657871,50
"scenario_label=random,TOTAL_TAGS=1000",HT_EEAC,system_efficiency,0.213240,0.007273,0.223699,0.002016,50
"scenario_label=random,TOTAL_TAGS=1000",HT_EEAC,collision_slots,2499.440000,111.464859,2664.650000,30.896482,50
"scenario_label=random,TOTAL_TAGS=1000",HT_EEAC,idle_slots,1195.460000,99.799025,1357.400000,27.662878,50
"scenario_label=random,TOTAL_TAGS=1000",HT_EEAC,total_energy_uj,147858.988300,4398.616616,154178.894350,1219.234322,50
"scenario_label=random,TOTAL_TAGS=1000",HT_EEAC,total_listening_energy_uj,147576.417180,4391.980582,153886.080750,1217.394907,50
"scenario_label=random,TOTAL_TAGS=1000",HT_EEAC,total_transmission_energy_uj,282.571120,7.776805,294.401200,2.155620,50
"scenario_label=random,TOTAL_TAGS=1000",HT_EEAC,total_bits,255278.840000,5053.577146,262821.800000,1400.780118,50
"scenario_label=random,TOTAL_TAGS=1000",HT_EEAC,avg_tag_bits,151.991040,1.783438,154.634400,0.494344,50
"scenario_label=random,TOTAL_TAGS=1000",HT_EEAC,avg_reader_bits,103.287800,3.527300,108.660200,0.977718,50
"scenario_label=random,TOTAL_TAGS=1000",HT_EEAC,avg_total_bits,255.278840,5.053577,262.821800,1.400780,50
"scenario_label=random,TOTAL_TAGS=1000",HT_EEAC,avg_query_efficiency,0.400869,0.017851,0.428930,0.004948,50
"scenario_label=random,TOTAL_TAGS=1000",HT_EEAC,avg_tag_responses,84.038620,11.008650,105.771900,3.051442,50
"scenario_label=random,TOTAL_TAGS=1000",LAPCT,total_protocol_time_ms,2569.672300,0.299557,2570.150437,0.083033,50
"scenario_label=random,TOTAL_TAGS=1000",LAPCT,throughput_tags_per_sec,389.154685,0.045363,389.213673,0.012574,50
"scenario_label=random,TOTAL_TAGS=1000",LAPCT,system_efficiency,0.490129,0.000288,0.490701,0.000080,50
"scenario_label=random,TOTAL_TAGS=1000",LAPCT,collision_slots,1040.280000,1.195911,1041.000000,0.331490,50
"scenario_label=random,TOTAL_TAGS=1000",LAPCT,idle_slots,0.000000,0.000000,0.000000,0.000000,50
"scenario_label=random,TOTAL_TAGS=1000",LAPCT,total_energy_uj,129694.779670,25.361404,129736.014000,7.029822,50
"scenario_label=random,TOTAL_TAGS=1000",LAPCT,total_listening_energy_uj,129068.584360,25.197984,129109.021212,6.984525,50
"scenario_label=random,TOTAL_TAGS=1000",LAPCT,total_transmission_energy_uj,626.195310,1.723320,629.710350,0.477680,50
"scenario_label=random,TOTAL_TAGS=1000",LAPCT,total_bits,809156.460000,3308.840208,815816.400000,917.163713,50
"scenario_label=random,TOTAL_TAGS=1000",LAPCT,avg_tag_bits,661.411740,3.263888,667.948300,0.904704,50
"scenario_label=random,TOTAL_TAGS=1000",LAPCT,avg_reader_bits,147.744720,0.060916,147.868100,0.016885,50
"scenario_label=random,TOTAL_TAGS=1000",LAPCT,avg_total_bits,809.156460,3.308840,815.816400,0.917164,50
"scenario_label=random,TOTAL_TAGS=1000",LAPCT,avg_query_efficiency,0.961281,0.001107,0.963485,0.000307,50
"scenario_label=random,TOTAL_TAGS=1000",LAPCT,peak_stack_depth,14.220000,0.736511,15.000000,0.204151,50
"scenario_label=random,TOTAL_TAGS=1000",LAPCT,avg_tag_responses,8.313680,0.036848,8.389900,0.010214,50
"scenario_label=random,TOTAL_TAGS=1000",NLHQT(n=2),total_protocol_time_ms,1807.493350,17.245966,1837.669375,4.780338,50
"scenario_label=random,TOTAL_TAGS=1000",NLHQT(n=2),throughput_tags_per_sec,553.301636,5.267893,561.297741,1.460186,50
"scenario_label=random,TOTAL_TAGS=1000",NLHQT(n=2),system_efficiency,0.354491,0.003097,0.359008,0.000858,50
"scenario_label=random,TOTAL_TAGS=1000",NLHQT(n=2),collision_slots,1821.160000,24.710867,1864.200000,6.849503,50
"scenario_label=random,TOTAL_TAGS=1000",NLHQT(n=2),idle_slots,0.000000,0.000000,0.000000,0.000000,50
"scenario_label=random,TOTAL_TAGS=1000",NLHQT(n=2),total_energy_uj,90824.656520,917.456887,92320.682625,254.306075,50
"scenario_label=random,TOTAL_TAGS=1000",NLHQT(n=2),total_listening_energy_uj,90602.038200,916.334389,92096.112175,253.994934,50
"scenario_label=random,TOTAL_TAGS=1000",NLHQT(n=2),total_transmission_energy_uj,222.618320,1.334901,224.876100,0.370016,50
"scenario_label=random,TOTAL_TAGS=1000",NLHQT(n=2),total_bits,265657.120000,722.553088,266865.000000,200.281498,50
"scenario_label=random,TOTAL_TAGS=1000",NLHQT(n=2),avg_tag_bits,205.797280,0.076550,205.913100,0.021219,50
"scenario_label=random,TOTAL_TAGS=1000",NLHQT(n=2),avg_reader_bits,59.859840,0.649172,60.962400,0.179941,50
"scenario_label=random,TOTAL_TAGS=1000",NLHQT(n=2),avg_total_bits,265.657120,0.722553,266.865000,0.200281,50
"scenario_label=random,TOTAL_TAGS=1000",NLHQT(n=2),avg_query_efficiency,0.549199,0.007423,0.560083,0.002057,50
"scenario_label=random,TOTAL_TAGS=1000",NLHQT(n=2),peak_stack_depth,15.840000,0.888934,17.000000,0.246400,50
"scenario_label=random,TOTAL_TAGS=1000",NLHQT(n=2),avg_tag_responses,7.898640,0.038275,7.956550,0.010609,50
"scenario_label=random,TOTAL_TAGS=1000",SGCT,total_protocol_time_ms,1750.737025,15.595751,1772.137438,4.322922,50
"scenario_label=random,TOTAL_TAGS=1000",SGCT,throughput_tags_per_sec,571.232839,5.135368,581.040692,1.423451,50
"scenario_label=random,TOTAL_TAGS=1000",SGCT,system_efficiency,0.674049,0.004608,0.682432,0.001277,50
"scenario_label=random,TOTAL_TAGS=1000",SGCT,collision_slots,483.640000,10.078792,498.000000,2.793699,50
"scenario_label=random,TOTAL_TAGS=1000",SGCT,idle_slots,0.000000,0.000000,0.000000,0.000000,50
"scenario_label=random,TOTAL_TAGS=1000",SGCT,total_energy_uj,89287.903455,1033.867259,90733.315075,286.573384,50
"scenario_label=random,TOTAL_TAGS=1000",SGCT,total_listening_energy_uj,89118.557005,1032.812599,90562.839400,286.281047,50
"scenario_label=random,TOTAL_TAGS=1000",SGCT,total_transmission_energy_uj,169.346450,1.269809,171.122100,0.351973,50
"scenario_label=random,TOTAL_TAGS=1000",SGCT,total_bits,182186.920000,717.446488,183253.350000,198.866020,50
"scenario_label=random,TOTAL_TAGS=1000",SGCT,avg_tag_bits,130.018260,0.145183,130.259550,0.040243,50
"scenario_label=random,TOTAL_TAGS=1000",SGCT,avg_reader_bits,52.168660,0.609233,52.996950,0.168871,50
"scenario_label=random,TOTAL_TAGS=1000",SGCT,avg_total_bits,182.186920,0.717446,183.253350,0.198866,50
"scenario_label=random,TOTAL_TAGS=1000",SGCT,avg_query_efficiency,2.068552,0.044007,2.148942,0.012198,50
"scenario_label=random,TOTAL_TAGS=1000",SGCT,peak_stack_depth,230.460000,4.248457,236.000000,1.177612,50
"scenario_label=random,TOTAL_TAGS=1000",SGCT,progressive_probe_count,248.560000,6.068184,256.650000,1.682015,50
"scenario_label=random,TOTAL_TAGS=1000",SGCT,signature_grouping_trigger_count,236.080000,4.498707,242.550000,1.246978,50
"scenario_label=random,TOTAL_TAGS=1000",SGCT,local_short_id_trigger_count,231.460000,4.248457,237.000000,1.177612,50
"scenario_label=random,TOTAL_TAGS=1000",SGCT,signature_groups_pruned,58092.600000,1079.490356,59519.250000,299.219461,50
"scenario_label=random,TOTAL_TAGS=1000",SGCT,sparse_signature_groups,1235.080000,4.498707,1241.550000,1.246978,50
"scenario_label=random,TOTAL_TAGS=1000",SGCT,signature_marker_bits,1988.840000,5.497161,1997.550000,1.523735,50
"scenario_label=random,TOTAL_TAGS=1000",SGCT,signature_marker_tag_bits,1988.840000,5.497161,1997.550000,1.523735,50
"scenario_label=random,TOTAL_TAGS=1000",SGCT,signature_non_idle_marker_count,1235.080000,4.498707,1241.550000,1.246978,50
"scenario_label=random,TOTAL_TAGS=1000",SGCT,signature_collision_groups,235.080000,4.498707,241.550000,1.246978,50
"scenario_label=random,TOTAL_TAGS=1000",SGCT,signature_singleton_groups,1000.000000,0.000000,1000.000000,0.000000,50
"scenario_label=random,TOTAL_TAGS=1000",SGCT,low_d_fallback_count,0.000000,0.000000,0.000000,0.000000,50
"scenario_label=random,TOTAL_TAGS=1000",SGCT,suffix_signature_trigger_count,0.000000,0.000000,0.000000,0.000000,50
"scenario_label=random,TOTAL_TAGS=1000",SGCT,hash_short_id_round_count,0.000000,0.000000,0.000000,0.000000,50
"scenario_label=random,TOTAL_TAGS=1000",SGCT,hash_short_id_split_count,0.000000,0.000000,0.000000,0.000000,50
"scenario_label=random,TOTAL_TAGS=1000",SGCT,hash_short_id_collision_groups,0.000000,0.000000,0.000000,0.000000,50
"scenario_label=random,TOTAL_TAGS=1000",SGCT,hash_short_id_singleton_groups,0.000000,0.000000,0.000000,0.000000,50
"scenario_label=random,TOTAL_TAGS=1000",SGCT,small_cluster_guard_count,0.000000,0.000000,0.000000,0.000000,50
"scenario_label=random,TOTAL_TAGS=1000",SGCT,max_signature_d,8.000000,0.000000,8.000000,0.000000,50
"scenario_label=random,TOTAL_TAGS=1000",SGCT,epc_verification_count,1000.000000,0.000000,1000.000000,0.000000,50
"scenario_label=random,TOTAL_TAGS=1000",SGCT,verify_fail_count,0.000000,0.000000,0.000000,0.000000,50
"scenario_label=random,TOTAL_TAGS=1000",SGCT,avg_tag_responses,4.002820,0.013481,4.023100,0.003737,50
"scenario_label=random,TOTAL_TAGS=10000",DQTA(k_max=3),total_protocol_time_ms,16375.521675,64.054748,16480.479125,17.755070,50
"scenario_label=random,TOTAL_TAGS=10000",DQTA(k_max=3),throughput_tags_per_sec,610.676703,2.383002,613.821414,0.660535,50
"scenario_label=random,TOTAL_TAGS=10000",DQTA(k_max=3),system_efficiency,0.330553,0.001757,0.332842,0.000487,50
"scenario_label=random,TOTAL_TAGS=10000",DQTA(k_max=3),collision_slots,9277.040000,57.983094,9372.700000,16.072094,50
"scenario_label=random,TOTAL_TAGS=10000",DQTA(k_max=3),idle_slots,10976.140000,138.352258,11190.650000,38.349289,50
"scenario_label=random,TOTAL_TAGS=10000",DQTA(k_max=3),total_energy_uj,8205759.925292,36205.815546,8266211.308694,10035.740055,50
"scenario_label=random,TOTAL_TAGS=10000",DQTA(k_max=3),total_listening_energy_uj,8200532.612793,36198.252027,8260975.194619,10033.643554,50
"scenario_label=random,TOTAL_TAGS=10000",DQTA(k_max=3),total_transmission_energy_uj,5227.312500,9.957845,5241.291325,2.760174,50
"scenario_label=random,TOTAL_TAGS=10000",DQTA(k_max=3),total_bits,9442130.220000,13485.579525,9459905.150000,3738.011934,50
"scenario_label=random,TOTAL_TAGS=10000",DQTA(k_max=3),avg_tag_bits,910.463196,1.145202,911.984435,0.317434,50
"scenario_label=random,TOTAL_TAGS=10000",DQTA(k_max=3),avg_reader_bits,33.749826,0.228469,34.106605,0.063328,50
"scenario_label=random,TOTAL_TAGS=10000",DQTA(k_max=3),avg_total_bits,944.213022,1.348558,945.990515,0.373801,50
"scenario_label=random,TOTAL_TAGS=10000",DQTA(k_max=3),avg_query_efficiency,1.077971,0.006707,1.086862,0.001859,50
"scenario_label=random,TOTAL_TAGS=10000",DQTA(k_max=3),peak_stack_depth,27.580000,0.758355,29.000000,0.210205,50
"scenario_label=random,TOTAL_TAGS=10000",DQTA(k_max=3),avg_tag_responses,5.165090,0.007169,5.174555,0.001987,50
"scenario_label=random,TOTAL_TAGS=10000",DRCT,total_protocol_time_ms,15221.136875,65.816148,15317.559375,18.243306,50
"scenario_label=random,TOTAL_TAGS=10000",DRCT,throughput_tags_per_sec,656.993193,2.842271,661.202440,0.787837,50
"scenario_label=random,TOTAL_TAGS=10000",DRCT,system_efficiency,0.346937,0.002175,0.349971,0.000603,50
"scenario_label=random,TOTAL_TAGS=10000",DRCT,collision_slots,14411.400000,90.292721,14555.400000,25.027865,50
"scenario_label=random,TOTAL_TAGS=10000",DRCT,idle_slots,4413.400000,90.292721,4557.400000,25.027865,50
"scenario_label=random,TOTAL_TAGS=10000",DRCT,total_energy_uj,7624675.538635,40808.073995,7685455.190800,11311.421013,50
"scenario_label=random,TOTAL_TAGS=10000",DRCT,energy_per_tag_uj,762.467554,4.080807,768.545520,1.131142,50
"scenario_label=random,TOTAL_TAGS=10000",DRCT,total_reader_tx_energy_uj,1162.219000,7.751487,1174.467900,2.148603,50
"scenario_label=random,TOTAL_TAGS=10000",DRCT,total_tag_tx_energy_uj,736.858120,2.007871,739.943025,0.556553,50
"scenario_label=random,TOTAL_TAGS=10000",DRCT,total_listening_energy_uj,7622776.461515,40800.616163,7683546.013300,11309.353807,50
"scenario_label=random,TOTAL_TAGS=10000",DRCT,total_transmission_energy_uj,1899.077120,8.671130,1912.727000,2.403515,50
"scenario_label=random,TOTAL_TAGS=10000",DRCT,total_bits,2054825.740000,6497.612230,2065150.250000,1801.046222,50
"scenario_label=random,TOTAL_TAGS=10000",DRCT,avg_tag_bits,147.371624,0.401574,147.988605,0.111311,50
"scenario_label=random,TOTAL_TAGS=10000",DRCT,avg_reader_bits,58.110950,0.387574,58.723395,0.107430,50
"scenario_label=random,TOTAL_TAGS=10000",DRCT,avg_total_bits,205.482574,0.649761,206.515025,0.180105,50
"scenario_label=random,TOTAL_TAGS=10000",DRCT,avg_query_efficiency,0.693922,0.004351,0.699991,0.001206,50
"scenario_label=random,TOTAL_TAGS=10000",DRCT,peak_stack_depth,13.120000,0.479796,14.000000,0.132993,50
"scenario_label=random,TOTAL_TAGS=10000",DRCT,avg_tag_responses,14.617802,0.020211,14.643730,0.005602,50
"scenario_label=random,TOTAL_TAGS=10000",EAQ_CBB,total_protocol_time_ms,22367.671350,45.373761,22435.596312,12.576965,50
"scenario_label=random,TOTAL_TAGS=10000",EAQ_CBB,throughput_tags_per_sec,447.075612,0.907518,448.621158,0.251551,50
"scenario_label=random,TOTAL_TAGS=10000",EAQ_CBB,system_efficiency,0.546355,0.001631,0.549215,0.000452,50
"scenario_label=random,TOTAL_TAGS=10000",EAQ_CBB,collision_slots,8303.280000,54.567330,8385.300000,15.125292,50
"scenario_label=random,TOTAL_TAGS=10000",EAQ_CBB,idle_slots,0.000000,0.000000,0.000000,0.000000,50
"scenario_label=random,TOTAL_TAGS=10000",EAQ_CBB,total_energy_uj,11184685.925297,24813.072500,11220711.206456,6877.832796,50
"scenario_label=random,TOTAL_TAGS=10000",EAQ_CBB,total_listening_energy_uj,11181058.444627,24807.555813,11217076.591506,6876.303648,50
"scenario_label=random,TOTAL_TAGS=10000",EAQ_CBB,total_transmission_energy_uj,3627.480670,6.826871,3637.726000,1.892312,50
"scenario_label=random,TOTAL_TAGS=10000",EAQ_CBB,total_bits,2868968.780000,7885.157215,2880801.000000,2185.654070,50
"scenario_label=random,TOTAL_TAGS=10000",EAQ_CBB,avg_tag_bits,140.697126,0.605231,141.560445,0.167762,50
"scenario_label=random,TOTAL_TAGS=10000",EAQ_CBB,avg_reader_bits,146.199752,0.199193,146.501990,0.055213,50
"scenario_label=random,TOTAL_TAGS=10000",EAQ_CBB,avg_total_bits,286.896878,0.788516,288.080100,0.218565,50
"scenario_label=random,TOTAL_TAGS=10000",EAQ_CBB,avg_query_efficiency,1.204394,0.007934,1.218353,0.002199,50
"scenario_label=random,TOTAL_TAGS=10000",EAQ_CBB,peak_stack_depth,2455.960000,6.439546,2466.550000,1.784951,50
"scenario_label=random,TOTAL_TAGS=10000",EAQ_CBB,avg_tag_responses,3.787860,0.012867,3.806130,0.003567,50
"scenario_label=random,TOTAL_TAGS=10000",EMDT,total_protocol_time_ms,13665.491150,99.390286,13787.430250,27.549582,50
"scenario_label=random,TOTAL_TAGS=10000",EMDT,throughput_tags_per_sec,731.808258,5.331483,741.989027,1.477812,50
"scenario_label=random,TOTAL_TAGS=10000",EMDT,system_efficiency,0.502392,0.005322,0.511268,0.001475,50
"scenario_label=random,TOTAL_TAGS=10000",EMDT,collision_slots,5928.920000,102.044376,6055.200000,28.285258,50
"scenario_label=random,TOTAL_TAGS=10000",EMDT,idle_slots,3978.020000,129.877727,4166.750000,36.000269,50
"scenario_label=random,TOTAL_TAGS=10000",EMDT,total_energy_uj,6837902.834700,60386.042215,6944424.845162,16738.156936,50
"scenario_label=random,TOTAL_TAGS=10000",EMDT,total_listening_energy_uj,6836676.748780,60385.120962,6943203.124162,16737.901578,50
"scenario_label=random,TOTAL_TAGS=10000",EMDT,total_transmission_energy_uj,1226.085920,7.839497,1236.139400,2.172998,50
"scenario_label=random,TOTAL_TAGS=10000",EMDT,total_bits,1720899.760000,6520.473773,1730428.500000,1807.383119,50
"scenario_label=random,TOTAL_TAGS=10000",EMDT,avg_tag_bits,147.714240,0.375365,148.264800,0.104046,50
"scenario_label=random,TOTAL_TAGS=10000",EMDT,avg_reader_bits,24.375736,0.313627,24.755390,0.086933,50
"scenario_label=random,TOTAL_TAGS=10000",EMDT,avg_total_bits,172.089976,0.652047,173.042850,0.180738,50
"scenario_label=random,TOTAL_TAGS=10000",EMDT,avg_query_efficiency,1.687140,0.029183,1.741114,0.008089,50
"scenario_label=random,TOTAL_TAGS=10000",EMDT,peak_stack_depth,46.940000,1.490240,49.000000,0.413074,50
"scenario_label=random,TOTAL_TAGS=10000",EMDT,avg_tag_responses,5.310520,0.021813,5.338370,0.006046,50
"scenario_label=random,TOTAL_TAGS=10000",HT_EEAC,total_protocol_time_ms,79356.685950,1448.623970,81350.342250,401.538078,50
"scenario_label=random,TOTAL_TAGS=10000",HT_EEAC,throughput_tags_per_sec,126.055026,2.331667,130.108019,0.646305,50
"scenario_label=random,TOTAL_TAGS=10000",HT_EEAC,system_efficiency,0.061789,0.001223,0.063930,0.000339,50
"scenario_label=random,TOTAL_TAGS=10000",HT_EEAC,collision_slots,145956.060000,3184.589125,150230.300000,882.723070,50
"scenario_label=random,TOTAL_TAGS=10000",HT_EEAC,idle_slots,5946.040000,161.001072,6212.550000,44.627220,50
"scenario_label=random,TOTAL_TAGS=10000",HT_EEAC,total_energy_uj,46667533.347496,928635.441744,48007316.579065,257404.611898,50
"scenario_label=random,TOTAL_TAGS=10000",HT_EEAC,total_listening_energy_uj,46658682.006616,928477.179217,47998261.737065,257360.743764,50
"scenario_label=random,TOTAL_TAGS=10000",HT_EEAC,total_transmission_energy_uj,8851.340880,164.532317,9078.580400,45.606032,50
"scenario_label=random,TOTAL_TAGS=10000",HT_EEAC,total_bits,7017143.160000,120457.739816,7182053.800000,33389.181991,50
"scenario_label=random,TOTAL_TAGS=10000",HT_EEAC,avg_tag_bits,345.529696,5.095343,352.368480,1.412357,50
"scenario_label=random,TOTAL_TAGS=10000",HT_EEAC,avg_reader_bits,356.184620,6.954137,365.836900,1.927588,50
"scenario_label=random,TOTAL_TAGS=10000",HT_EEAC,avg_total_bits,701.714316,12.045774,718.205380,3.338918,50
"scenario_label=random,TOTAL_TAGS=10000",HT_EEAC,avg_query_efficiency,0.068546,0.001520,0.071146,0.000421,50
"scenario_label=random,TOTAL_TAGS=10000",HT_EEAC,avg_tag_responses,252.496324,10.805773,269.528820,2.995207,50
"scenario_label=random,TOTAL_TAGS=10000",LAPCT,total_protocol_time_ms,25910.500100,0.866992,25911.601000,0.240318,50
"scenario_label=random,TOTAL_TAGS=10000",LAPCT,throughput_tags_per_sec,385.943921,0.012914,385.961848,0.003580,50
"scenario_label=random,TOTAL_TAGS=10000",LAPCT,system_efficiency,0.498963,0.000025,0.498977,0.000007,50
"scenario_label=random,TOTAL_TAGS=10000",LAPCT,collision_slots,10041.560000,0.993037,10043.000000,0.275256,50
"scenario_label=random,TOTAL_TAGS=10000",LAPCT,idle_slots,0.000000,0.000000,0.000000,0.000000,50
"scenario_label=random,TOTAL_TAGS=10000",LAPCT,total_energy_uj,12970534.861852,518.393020,12971579.696100,143.691214,50
"scenario_label=random,TOTAL_TAGS=10000",LAPCT,total_listening_energy_uj,12962791.682292,516.984622,12963834.986525,143.300826,50
"scenario_label=random,TOTAL_TAGS=10000",LAPCT,total_transmission_energy_uj,7743.179560,5.427631,7750.118275,1.504463,50
"scenario_label=random,TOTAL_TAGS=10000",LAPCT,total_bits,10924424.720000,10630.403861,10937374.100000,2946.597617,50
"scenario_label=random,TOTAL_TAGS=10000",LAPCT,avg_tag_bits,940.377992,1.055829,941.644705,0.292661,50
"scenario_label=random,TOTAL_TAGS=10000",LAPCT,avg_reader_bits,152.064480,0.014351,152.080980,0.003978,50
"scenario_label=random,TOTAL_TAGS=10000",LAPCT,avg_total_bits,1092.442472,1.063040,1093.737410,0.294660,50
"scenario_label=random,TOTAL_TAGS=10000",LAPCT,avg_query_efficiency,0.995861,0.000098,0.995917,0.000027,50
"scenario_label=random,TOTAL_TAGS=10000",LAPCT,peak_stack_depth,17.820000,0.595562,19.000000,0.165081,50
"scenario_label=random,TOTAL_TAGS=10000",LAPCT,avg_tag_responses,11.615048,0.012251,11.630550,0.003396,50
"scenario_label=random,TOTAL_TAGS=10000",NLHQT(n=2),total_protocol_time_ms,18448.497100,53.872063,18563.154625,14.932574,50
"scenario_label=random,TOTAL_TAGS=10000",NLHQT(n=2),throughput_tags_per_sec,542.054094,1.579278,544.130223,0.437754,50
"scenario_label=random,TOTAL_TAGS=10000",NLHQT(n=2),system_efficiency,0.354227,0.000999,0.355654,0.000277,50
"scenario_label=random,TOTAL_TAGS=10000",NLHQT(n=2),collision_slots,18230.700000,79.701292,18381.700000,22.092071,50
"scenario_label=random,TOTAL_TAGS=10000",NLHQT(n=2),idle_slots,0.000000,0.000000,0.000000,0.000000,50
"scenario_label=random,TOTAL_TAGS=10000",NLHQT(n=2),total_energy_uj,9230371.932505,33586.656350,9297869.802350,9309.746165,50
"scenario_label=random,TOTAL_TAGS=10000",NLHQT(n=2),total_listening_energy_uj,9228013.302565,33582.829130,9295500.194900,9308.685314,50
"scenario_label=random,TOTAL_TAGS=10000",NLHQT(n=2),total_transmission_energy_uj,2358.629940,4.382483,2368.046000,1.214762,50
"scenario_label=random,TOTAL_TAGS=10000",NLHQT(n=2),total_bits,2747754.600000,2349.076492,2752817.800000,651.130784,50
"scenario_label=random,TOTAL_TAGS=10000",NLHQT(n=2),avg_tag_bits,209.125284,0.022434,209.169670,0.006218,50
"scenario_label=random,TOTAL_TAGS=10000",NLHQT(n=2),avg_reader_bits,65.650176,0.213898,66.109140,0.059290,50
"scenario_label=random,TOTAL_TAGS=10000",NLHQT(n=2),avg_total_bits,274.775460,0.234908,275.281780,0.065113,50
"scenario_label=random,TOTAL_TAGS=10000",NLHQT(n=2),avg_query_efficiency,0.548536,0.002393,0.551960,0.000663,50
"scenario_label=random,TOTAL_TAGS=10000",NLHQT(n=2),peak_stack_depth,21.140000,0.782722,22.550000,0.216959,50
"scenario_label=random,TOTAL_TAGS=10000",NLHQT(n=2),avg_tag_responses,9.562642,0.011217,9.584835,0.003109,50
"scenario_label=random,TOTAL_TAGS=10000",SGCT,total_protocol_time_ms,11249.887050,38.982822,11326.926000,10.805487,50
"scenario_label=random,TOTAL_TAGS=10000",SGCT,throughput_tags_per_sec,888.908252,3.073868,893.147544,0.852033,50
"scenario_label=random,TOTAL_TAGS=10000",SGCT,system_efficiency,0.840468,0.003018,0.844655,0.000837,50
"scenario_label=random,TOTAL_TAGS=10000",SGCT,collision_slots,1898.280000,42.817143,1983.200000,11.868307,50
"scenario_label=random,TOTAL_TAGS=10000",SGCT,idle_slots,0.000000,0.000000,0.000000,0.000000,50
"scenario_label=random,TOTAL_TAGS=10000",SGCT,total_energy_uj,5650038.566528,22818.346084,5686338.495644,6324.922843,50
"scenario_label=random,TOTAL_TAGS=10000",SGCT,total_listening_energy_uj,5648713.676278,22813.884140,5685001.494294,6323.686055,50
"scenario_label=random,TOTAL_TAGS=10000",SGCT,total_transmission_energy_uj,1324.890250,5.278843,1335.244925,1.463221,50
"scenario_label=random,TOTAL_TAGS=10000",SGCT,total_bits,1654581.980000,3169.065274,1660790.800000,878.420078,50
"scenario_label=random,TOTAL_TAGS=10000",SGCT,avg_tag_bits,132.284914,0.071498,132.422445,0.019818,50
"scenario_label=random,TOTAL_TAGS=10000",SGCT,avg_reader_bits,33.173284,0.246351,33.656635,0.068285,50
"scenario_label=random,TOTAL_TAGS=10000",SGCT,avg_total_bits,165.458198,0.316907,166.079080,0.087842,50
"scenario_label=random,TOTAL_TAGS=10000",SGCT,avg_query_efficiency,5.270521,0.117432,5.437314,0.032550,50
"scenario_label=random,TOTAL_TAGS=10000",SGCT,peak_stack_depth,258.380000,1.291890,260.000000,0.358094,50
"scenario_label=random,TOTAL_TAGS=10000",SGCT,progressive_probe_count,950.820000,21.485344,993.100000,5.955433,50
"scenario_label=random,TOTAL_TAGS=10000",SGCT,signature_grouping_trigger_count,948.460000,21.352446,991.100000,5.918596,50
"scenario_label=random,TOTAL_TAGS=10000",SGCT,local_short_id_trigger_count,257.000000,0.000000,257.000000,0.000000,50
"scenario_label=random,TOTAL_TAGS=10000",SGCT,signature_groups_pruned,65907.900000,320.286686,66547.500000,88.778940,50
"scenario_label=random,TOTAL_TAGS=10000",SGCT,sparse_signature_groups,10947.460000,21.352446,10990.100000,5.918596,50
"scenario_label=random,TOTAL_TAGS=10000",SGCT,signature_marker_bits,21419.300000,44.200956,21503.750000,12.251880,50
"scenario_label=random,TOTAL_TAGS=10000",SGCT,signature_marker_tag_bits,21419.300000,44.200956,21503.750000,12.251880,50
"scenario_label=random,TOTAL_TAGS=10000",SGCT,signature_non_idle_marker_count,10947.460000,21.352446,10990.100000,5.918596,50
"scenario_label=random,TOTAL_TAGS=10000",SGCT,signature_collision_groups,947.460000,21.352446,990.100000,5.918596,50
"scenario_label=random,TOTAL_TAGS=10000",SGCT,signature_singleton_groups,10000.000000,0.000000,10000.000000,0.000000,50
"scenario_label=random,TOTAL_TAGS=10000",SGCT,low_d_fallback_count,0.000000,0.000000,0.000000,0.000000,50
"scenario_label=random,TOTAL_TAGS=10000",SGCT,suffix_signature_trigger_count,0.000000,0.000000,0.000000,0.000000,50
"scenario_label=random,TOTAL_TAGS=10000",SGCT,hash_short_id_round_count,0.000000,0.000000,0.000000,0.000000,50
"scenario_label=random,TOTAL_TAGS=10000",SGCT,hash_short_id_split_count,0.000000,0.000000,0.000000,0.000000,50
"scenario_label=random,TOTAL_TAGS=10000",SGCT,hash_short_id_collision_groups,0.000000,0.000000,0.000000,0.000000,50
"scenario_label=random,TOTAL_TAGS=10000",SGCT,hash_short_id_singleton_groups,0.000000,0.000000,0.000000,0.000000,50
"scenario_label=random,TOTAL_TAGS=10000",SGCT,small_cluster_guard_count,0.000000,0.000000,0.000000,0.000000,50
"scenario_label=random,TOTAL_TAGS=10000",SGCT,max_signature_d,8.000000,0.000000,8.000000,0.000000,50
"scenario_label=random,TOTAL_TAGS=10000",SGCT,epc_verification_count,10000.000000,0.000000,10000.000000,0.000000,50
"scenario_label=random,TOTAL_TAGS=10000",SGCT,verify_fail_count,0.000000,0.000000,0.000000,0.000000,50
"scenario_label=random,TOTAL_TAGS=10000",SGCT,avg_tag_responses,4.284332,0.008853,4.301150,0.002454,50
"scenario_label=random,TOTAL_TAGS=2000",DQTA(k_max=3),total_protocol_time_ms,3225.040000,25.684389,3264.238438,7.119349,50
"scenario_label=random,TOTAL_TAGS=2000",DQTA(k_max=3),throughput_tags_per_sec,620.185939,4.944911,628.877084,1.370659,50
"scenario_label=random,TOTAL_TAGS=2000",DQTA(k_max=3),system_efficiency,0.331734,0.003969,0.337001,0.001100,50
"scenario_label=random,TOTAL_TAGS=2000",DQTA(k_max=3),collision_slots,1804.000000,23.703095,1840.100000,6.570163,50
"scenario_label=random,TOTAL_TAGS=2000",DQTA(k_max=3),idle_slots,2225.780000,65.299089,2334.200000,18.099984,50
"scenario_label=random,TOTAL_TAGS=2000",DQTA(k_max=3),total_energy_uj,325648.013187,3170.252413,329761.646162,878.749136,50
"scenario_label=random,TOTAL_TAGS=2000",DQTA(k_max=3),total_listening_energy_uj,324742.983328,3167.104579,328852.208387,877.876601,50
"scenario_label=random,TOTAL_TAGS=2000",DQTA(k_max=3),total_transmission_energy_uj,905.029860,3.830521,910.614300,1.061766,50
"scenario_label=random,TOTAL_TAGS=2000",DQTA(k_max=3),total_bits,1625997.780000,5161.062066,1633192.800000,1430.573418,50
"scenario_label=random,TOTAL_TAGS=2000",DQTA(k_max=3),avg_tag_bits,782.321900,2.176843,785.321625,0.603390,50
"scenario_label=random,TOTAL_TAGS=2000",DQTA(k_max=3),avg_reader_bits,30.676990,0.433232,31.334350,0.120086,50
"scenario_label=random,TOTAL_TAGS=2000",DQTA(k_max=3),avg_total_bits,812.998890,2.580531,816.596400,0.715287,50
"scenario_label=random,TOTAL_TAGS=2000",DQTA(k_max=3),avg_query_efficiency,1.108836,0.014622,1.136429,0.004053,50
"scenario_label=random,TOTAL_TAGS=2000",DQTA(k_max=3),peak_stack_depth,21.740000,0.564602,22.550000,0.156500,50
"scenario_label=random,TOTAL_TAGS=2000",DQTA(k_max=3),avg_tag_responses,4.380280,0.013100,4.398825,0.003631,50
"scenario_label=random,TOTAL_TAGS=2000",DRCT,total_protocol_time_ms,2982.827050,29.578870,3028.032125,8.198844,50
"scenario_label=random,TOTAL_TAGS=2000",DRCT,throughput_tags_per_sec,670.569601,6.663410,682.546749,1.847003,50
"scenario_label=random,TOTAL_TAGS=2000",DRCT,system_efficiency,0.347022,0.005395,0.356527,0.001495,50
"scenario_label=random,TOTAL_TAGS=2000",DRCT,collision_slots,2881.340000,44.727114,2950.200000,12.397723,50
"scenario_label=random,TOTAL_TAGS=2000",DRCT,idle_slots,883.340000,44.727114,952.200000,12.397723,50
"scenario_label=random,TOTAL_TAGS=2000",DRCT,total_energy_uj,299802.854078,3405.568447,304721.934644,943.975413,50
"scenario_label=random,TOTAL_TAGS=2000",DRCT,energy_per_tag_uj,149.901427,1.702784,152.360967,0.471988,50
"scenario_label=random,TOTAL_TAGS=2000",DRCT,total_reader_tx_energy_uj,217.315440,3.566705,222.824200,0.988640,50
"scenario_label=random,TOTAL_TAGS=2000",DRCT,total_tag_tx_energy_uj,141.073230,0.754120,142.342475,0.209031,50
"scenario_label=random,TOTAL_TAGS=2000",DRCT,total_listening_energy_uj,299444.465407,3402.156806,304359.236969,943.029754,50
"scenario_label=random,TOTAL_TAGS=2000",DRCT,total_transmission_energy_uj,358.388670,3.795587,364.111550,1.052083,50
"scenario_label=random,TOTAL_TAGS=2000",DRCT,total_bits,390804.180000,2563.500331,394101.200000,710.566039,50
"scenario_label=random,TOTAL_TAGS=2000",DRCT,avg_tag_bits,141.073230,0.754120,142.342475,0.209031,50
"scenario_label=random,TOTAL_TAGS=2000",DRCT,avg_reader_bits,54.328860,0.891676,55.706050,0.247160,50
"scenario_label=random,TOTAL_TAGS=2000",DRCT,avg_total_bits,195.402090,1.281750,197.050600,0.355283,50
"scenario_label=random,TOTAL_TAGS=2000",DRCT,avg_query_efficiency,0.694286,0.010798,0.713309,0.002993,50
"scenario_label=random,TOTAL_TAGS=2000",DRCT,peak_stack_depth,10.620000,0.567486,11.000000,0.157299,50
"scenario_label=random,TOTAL_TAGS=2000",DRCT,avg_tag_responses,12.291610,0.053801,12.374675,0.014913,50
"scenario_label=random,TOTAL_TAGS=2000",EAQ_CBB,total_protocol_time_ms,4472.668325,21.048708,4507.191563,5.834404,50
"scenario_label=random,TOTAL_TAGS=2000",EAQ_CBB,throughput_tags_per_sec,447.170070,2.104353,450.846454,0.583297,50
"scenario_label=random,TOTAL_TAGS=2000",EAQ_CBB,system_efficiency,0.546510,0.003820,0.553128,0.001059,50
"scenario_label=random,TOTAL_TAGS=2000",EAQ_CBB,collision_slots,1659.760000,25.579456,1701.500000,7.090263,50
"scenario_label=random,TOTAL_TAGS=2000",EAQ_CBB,idle_slots,0.000000,0.000000,0.000000,0.000000,50
"scenario_label=random,TOTAL_TAGS=2000",EAQ_CBB,total_energy_uj,447787.428363,2697.983149,452176.047625,747.842774,50
"scenario_label=random,TOTAL_TAGS=2000",EAQ_CBB,total_listening_energy_uj,447062.055242,2695.184806,451447.244600,747.067114,50
"scenario_label=random,TOTAL_TAGS=2000",EAQ_CBB,total_transmission_energy_uj,725.373120,3.182374,730.308475,0.882109,50
"scenario_label=random,TOTAL_TAGS=2000",EAQ_CBB,total_bits,573674.520000,3696.291303,579189.050000,1024.559677,50
"scenario_label=random,TOTAL_TAGS=2000",EAQ_CBB,avg_tag_bits,140.658640,1.415880,142.689875,0.392462,50
"scenario_label=random,TOTAL_TAGS=2000",EAQ_CBB,avg_reader_bits,146.178620,0.454522,146.911850,0.125987,50
"scenario_label=random,TOTAL_TAGS=2000",EAQ_CBB,avg_total_bits,286.837260,1.848146,289.594525,0.512280,50
"scenario_label=random,TOTAL_TAGS=2000",EAQ_CBB,avg_query_efficiency,1.205274,0.018580,1.237779,0.005150,50
"scenario_label=random,TOTAL_TAGS=2000",EAQ_CBB,peak_stack_depth,493.820000,3.323939,498.550000,0.921349,50
"scenario_label=random,TOTAL_TAGS=2000",EAQ_CBB,avg_tag_responses,3.787200,0.030056,3.828550,0.008331,50
"scenario_label=random,TOTAL_TAGS=2000",EMDT,total_protocol_time_ms,2697.931050,35.987960,2765.061625,9.975354,50
"scenario_label=random,TOTAL_TAGS=2000",EMDT,throughput_tags_per_sec,741.436923,9.803260,755.049430,2.717325,50
"scenario_label=random,TOTAL_TAGS=2000",EMDT,system_efficiency,0.583378,0.011263,0.599278,0.003122,50
"scenario_label=random,TOTAL_TAGS=2000",EMDT,collision_slots,1055.740000,40.916445,1138.300000,11.341460,50
"scenario_label=random,TOTAL_TAGS=2000",EMDT,idle_slots,373.840000,27.575026,424.650000,7.643407,50
"scenario_label=random,TOTAL_TAGS=2000",EMDT,total_energy_uj,269605.643730,4392.085956,278655.696600,1217.424115,50
"scenario_label=random,TOTAL_TAGS=2000",EMDT,total_listening_energy_uj,269345.848610,4391.762152,278395.411200,1217.334361,50
"scenario_label=random,TOTAL_TAGS=2000",EMDT,total_transmission_energy_uj,259.795120,1.032516,261.788000,0.286199,50
"scenario_label=random,TOTAL_TAGS=2000",EMDT,total_bits,345750.200000,723.951656,346887.400000,200.669161,50
"scenario_label=random,TOTAL_TAGS=2000",EMDT,avg_tag_bits,143.901760,0.281189,144.000000,0.077942,50
"scenario_label=random,TOTAL_TAGS=2000",EMDT,avg_reader_bits,28.973340,0.254818,29.448100,0.070632,50
"scenario_label=random,TOTAL_TAGS=2000",EMDT,avg_total_bits,172.875100,0.361976,173.443700,0.100335,50
"scenario_label=random,TOTAL_TAGS=2000",EMDT,avg_query_efficiency,1.897124,0.071651,1.989160,0.019861,50
"scenario_label=random,TOTAL_TAGS=2000",EMDT,peak_stack_depth,37.900000,1.343921,40.000000,0.372516,50
"scenario_label=random,TOTAL_TAGS=2000",EMDT,avg_tag_responses,4.822110,0.041119,4.895050,0.011398,50
"scenario_label=random,TOTAL_TAGS=2000",HT_EEAC,total_protocol_time_ms,7093.942200,141.596188,7303.142250,39.248461,50
"scenario_label=random,TOTAL_TAGS=2000",HT_EEAC,throughput_tags_per_sec,282.040605,5.621609,291.549659,1.558230,50
"scenario_label=random,TOTAL_TAGS=2000",HT_EEAC,system_efficiency,0.149256,0.003599,0.155337,0.000997,50
"scenario_label=random,TOTAL_TAGS=2000",HT_EEAC,collision_slots,9407.760000,290.880897,9827.100000,80.628071,50
"scenario_label=random,TOTAL_TAGS=2000",HT_EEAC,idle_slots,1999.680000,131.432677,2237.750000,36.431279,50
"scenario_label=random,TOTAL_TAGS=2000",HT_EEAC,total_energy_uj,823573.212905,21036.569480,860531.977438,5831.039566,50
"scenario_label=random,TOTAL_TAGS=2000",HT_EEAC,total_listening_energy_uj,822796.023465,21021.338897,859723.771238,5826.817863,50
"scenario_label=random,TOTAL_TAGS=2000",HT_EEAC,total_transmission_energy_uj,777.189440,16.362962,801.414400,4.535582,50
"scenario_label=random,TOTAL_TAGS=2000",HT_EEAC,total_bits,669487.840000,11513.232691,686385.800000,3191.305284,50
"scenario_label=random,TOTAL_TAGS=2000",HT_EEAC,avg_tag_bits,187.262080,2.327047,190.616800,0.645025,50
"scenario_label=random,TOTAL_TAGS=2000",HT_EEAC,avg_reader_bits,147.481840,3.552434,152.794950,0.984684,50
"scenario_label=random,TOTAL_TAGS=2000",HT_EEAC,avg_total_bits,334.743920,5.756616,343.192900,1.595653,50
"scenario_label=random,TOTAL_TAGS=2000",HT_EEAC,avg_query_efficiency,0.212788,0.006524,0.224040,0.001808,50
"scenario_label=random,TOTAL_TAGS=2000",HT_EEAC,avg_tag_responses,105.832430,12.466368,124.906825,3.455501,50
"scenario_label=random,TOTAL_TAGS=2000",LAPCT,total_protocol_time_ms,5152.391500,0.291377,5152.836562,0.080766,50
"scenario_label=random,TOTAL_TAGS=2000",LAPCT,throughput_tags_per_sec,388.169262,0.021951,388.198828,0.006085,50
"scenario_label=random,TOTAL_TAGS=2000",LAPCT,system_efficiency,0.494927,0.000000,0.494927,0.000000,50
"scenario_label=random,TOTAL_TAGS=2000",LAPCT,collision_slots,2041.000000,0.000000,2041.000000,0.000000,50
"scenario_label=random,TOTAL_TAGS=2000",LAPCT,idle_slots,0.000000,0.000000,0.000000,0.000000,50
"scenario_label=random,TOTAL_TAGS=2000",LAPCT,total_energy_uj,517860.955020,40.715049,517934.721600,11.285636,50
"scenario_label=random,TOTAL_TAGS=2000",LAPCT,total_listening_energy_uj,516518.467370,40.651162,516591.222650,11.267927,50
"scenario_label=random,TOTAL_TAGS=2000",LAPCT,total_transmission_energy_uj,1342.487650,0.973060,1344.047025,0.269718,50
"scenario_label=random,TOTAL_TAGS=2000",LAPCT,total_bits,1789293.380000,1913.953883,1792268.250000,530.520950,50
"scenario_label=random,TOTAL_TAGS=2000",LAPCT,avg_tag_bits,745.366370,0.952697,746.830675,0.264074,50
"scenario_label=random,TOTAL_TAGS=2000",LAPCT,avg_reader_bits,149.280320,0.023310,149.315925,0.006461,50
"scenario_label=random,TOTAL_TAGS=2000",LAPCT,avg_total_bits,894.646690,0.956977,896.134125,0.265260,50
"scenario_label=random,TOTAL_TAGS=2000",LAPCT,avg_query_efficiency,0.979912,0.000000,0.979912,0.000000,50
"scenario_label=random,TOTAL_TAGS=2000",LAPCT,peak_stack_depth,15.460000,0.787919,17.000000,0.218400,50
"scenario_label=random,TOTAL_TAGS=2000",LAPCT,avg_tag_responses,9.294070,0.011179,9.311775,0.003099,50
"scenario_label=random,TOTAL_TAGS=2000",NLHQT(n=2),total_protocol_time_ms,3632.007850,25.795072,3674.908500,7.150029,50
"scenario_label=random,TOTAL_TAGS=2000",NLHQT(n=2),throughput_tags_per_sec,550.686851,3.915038,556.943341,1.085193,50
"scenario_label=random,TOTAL_TAGS=2000",NLHQT(n=2),system_efficiency,0.354918,0.002654,0.358722,0.000736,50
"scenario_label=random,TOTAL_TAGS=2000",NLHQT(n=2),collision_slots,3635.420000,42.151374,3707.300000,11.683765,50
"scenario_label=random,TOTAL_TAGS=2000",NLHQT(n=2),idle_slots,0.000000,0.000000,0.000000,0.000000,50
"scenario_label=random,TOTAL_TAGS=2000",NLHQT(n=2),total_energy_uj,364154.946810,2888.642967,368421.742725,800.690980,50
"scenario_label=random,TOTAL_TAGS=2000",NLHQT(n=2),total_listening_energy_uj,363702.167790,2886.922530,367966.380175,800.214099,50
"scenario_label=random,TOTAL_TAGS=2000",NLHQT(n=2),total_transmission_energy_uj,452.779020,1.993194,456.182350,0.552485,50
"scenario_label=random,TOTAL_TAGS=2000",NLHQT(n=2),total_bits,536564.520000,1065.872743,538403.100000,295.444851,50
"scenario_label=random,TOTAL_TAGS=2000",NLHQT(n=2),avg_tag_bits,206.783340,0.047640,206.865550,0.013205,50
"scenario_label=random,TOTAL_TAGS=2000",NLHQT(n=2),avg_reader_bits,61.498920,0.486788,62.326750,0.134931,50
"scenario_label=random,TOTAL_TAGS=2000",NLHQT(n=2),avg_total_bits,268.282260,0.532936,269.201550,0.147722,50
"scenario_label=random,TOTAL_TAGS=2000",NLHQT(n=2),avg_query_efficiency,0.550215,0.006377,0.559386,0.001768,50
"scenario_label=random,TOTAL_TAGS=2000",NLHQT(n=2),peak_stack_depth,17.360000,0.776176,18.550000,0.215145,50
"scenario_label=random,TOTAL_TAGS=2000",NLHQT(n=2),avg_tag_responses,8.391670,0.023820,8.432775,0.006603,50
"scenario_label=random,TOTAL_TAGS=2000",SGCT,total_protocol_time_ms,2777.191275,8.206122,2793.263812,2.274621,50
"scenario_label=random,TOTAL_TAGS=2000",SGCT,throughput_tags_per_sec,720.158216,2.128169,723.285760,0.589898,50
"scenario_label=random,TOTAL_TAGS=2000",SGCT,system_efficiency,0.779237,0.002605,0.782810,0.000722,50
"scenario_label=random,TOTAL_TAGS=2000",SGCT,collision_slots,566.640000,8.580376,583.000000,2.378359,50
"scenario_label=random,TOTAL_TAGS=2000",SGCT,idle_slots,0.000000,0.000000,0.000000,0.000000,50
"scenario_label=random,TOTAL_TAGS=2000",SGCT,total_energy_uj,283049.604638,1321.610568,285224.516025,366.331759,50
"scenario_label=random,TOTAL_TAGS=2000",SGCT,total_listening_energy_uj,282760.777547,1320.901452,284933.779850,366.135203,50
"scenario_label=random,TOTAL_TAGS=2000",SGCT,total_transmission_energy_uj,288.827090,1.057105,290.851675,0.293015,50
"scenario_label=random,TOTAL_TAGS=2000",SGCT,total_bits,340043.500000,633.841906,341241.800000,175.692013,50
"scenario_label=random,TOTAL_TAGS=2000",SGCT,avg_tag_bits,130.419970,0.072384,130.563025,0.020064,50
"scenario_label=random,TOTAL_TAGS=2000",SGCT,avg_reader_bits,39.601780,0.246886,40.077525,0.068433,50
"scenario_label=random,TOTAL_TAGS=2000",SGCT,avg_total_bits,170.021750,0.316921,170.620900,0.087846,50
"scenario_label=random,TOTAL_TAGS=2000",SGCT,avg_query_efficiency,3.530371,0.053469,3.604265,0.014821,50
"scenario_label=random,TOTAL_TAGS=2000",SGCT,peak_stack_depth,255.320000,0.890769,256.000000,0.246909,50
"scenario_label=random,TOTAL_TAGS=2000",SGCT,progressive_probe_count,284.260000,4.275273,292.550000,1.185045,50
"scenario_label=random,TOTAL_TAGS=2000",SGCT,signature_grouping_trigger_count,283.380000,4.346662,291.550000,1.204833,50
"scenario_label=random,TOTAL_TAGS=2000",SGCT,local_short_id_trigger_count,256.320000,0.890769,257.000000,0.246909,50
"scenario_label=random,TOTAL_TAGS=2000",SGCT,signature_groups_pruned,63768.500000,234.390765,64054.250000,64.969805,50
"scenario_label=random,TOTAL_TAGS=2000",SGCT,sparse_signature_groups,2282.380000,4.346662,2290.550000,1.204833,50
"scenario_label=random,TOTAL_TAGS=2000",SGCT,signature_marker_bits,4053.840000,8.795546,4070.550000,2.438001,50
"scenario_label=random,TOTAL_TAGS=2000",SGCT,signature_marker_tag_bits,4053.840000,8.795546,4070.550000,2.438001,50
"scenario_label=random,TOTAL_TAGS=2000",SGCT,signature_non_idle_marker_count,2282.380000,4.346662,2290.550000,1.204833,50
"scenario_label=random,TOTAL_TAGS=2000",SGCT,signature_collision_groups,282.380000,4.346662,290.550000,1.204833,50
"scenario_label=random,TOTAL_TAGS=2000",SGCT,signature_singleton_groups,2000.000000,0.000000,2000.000000,0.000000,50
"scenario_label=random,TOTAL_TAGS=2000",SGCT,low_d_fallback_count,0.000000,0.000000,0.000000,0.000000,50
"scenario_label=random,TOTAL_TAGS=2000",SGCT,suffix_signature_trigger_count,0.000000,0.000000,0.000000,0.000000,50
"scenario_label=random,TOTAL_TAGS=2000",SGCT,hash_short_id_round_count,0.000000,0.000000,0.000000,0.000000,50
"scenario_label=random,TOTAL_TAGS=2000",SGCT,hash_short_id_split_count,0.000000,0.000000,0.000000,0.000000,50
"scenario_label=random,TOTAL_TAGS=2000",SGCT,hash_short_id_collision_groups,0.000000,0.000000,0.000000,0.000000,50
"scenario_label=random,TOTAL_TAGS=2000",SGCT,hash_short_id_singleton_groups,0.000000,0.000000,0.000000,0.000000,50
"scenario_label=random,TOTAL_TAGS=2000",SGCT,small_cluster_guard_count,0.000000,0.000000,0.000000,0.000000,50
"scenario_label=random,TOTAL_TAGS=2000",SGCT,max_signature_d,8.000000,0.000000,8.000000,0.000000,50
"scenario_label=random,TOTAL_TAGS=2000",SGCT,epc_verification_count,2000.000000,0.000000,2000.000000,0.000000,50
"scenario_label=random,TOTAL_TAGS=2000",SGCT,verify_fail_count,0.000000,0.000000,0.000000,0.000000,50
"scenario_label=random,TOTAL_TAGS=2000",SGCT,avg_tag_responses,4.054740,0.008731,4.071325,0.002420,50
"scenario_label=random,TOTAL_TAGS=3000",DQTA(k_max=3),total_protocol_time_ms,4763.028075,32.077874,4802.543688,8.891533,50
"scenario_label=random,TOTAL_TAGS=3000",DQTA(k_max=3),throughput_tags_per_sec,629.879502,4.254757,636.863654,1.179359,50
"scenario_label=random,TOTAL_TAGS=3000",DQTA(k_max=3),system_efficiency,0.339066,0.003517,0.344683,0.000975,50
"scenario_label=random,TOTAL_TAGS=3000",DQTA(k_max=3),collision_slots,2642.160000,29.363562,2676.100000,8.139164,50
"scenario_label=random,TOTAL_TAGS=3000",DQTA(k_max=3),idle_slots,3206.600000,82.052746,3325.750000,22.743861,50
"scenario_label=random,TOTAL_TAGS=3000",DQTA(k_max=3),total_energy_uj,718956.338893,5773.407740,728464.984581,1600.306979,50
"scenario_label=random,TOTAL_TAGS=3000",DQTA(k_max=3),total_listening_energy_uj,717554.818573,5769.588401,727059.998106,1599.248312,50
"scenario_label=random,TOTAL_TAGS=3000",DQTA(k_max=3),total_transmission_energy_uj,1401.520320,4.713994,1407.338175,1.306653,50
"scenario_label=random,TOTAL_TAGS=3000",DQTA(k_max=3),total_bits,2528200.860000,6276.041330,2536130.100000,1739.629902,50
"scenario_label=random,TOTAL_TAGS=3000",DQTA(k_max=3),avg_tag_bits,812.195867,1.755179,814.460867,0.486511,50
"scenario_label=random,TOTAL_TAGS=3000",DQTA(k_max=3),avg_reader_bits,30.537753,0.366538,30.959933,0.101599,50
"scenario_label=random,TOTAL_TAGS=3000",DQTA(k_max=3),avg_total_bits,842.733620,2.092014,845.376700,0.579877,50
"scenario_label=random,TOTAL_TAGS=3000",DQTA(k_max=3),avg_query_efficiency,1.135573,0.012680,1.156560,0.003515,50
"scenario_label=random,TOTAL_TAGS=3000",DQTA(k_max=3),peak_stack_depth,22.840000,0.791795,24.550000,0.219474,50
"scenario_label=random,TOTAL_TAGS=3000",DQTA(k_max=3),avg_tag_responses,4.561867,0.010761,4.575667,0.002983,50
"scenario_label=random,TOTAL_TAGS=3000",DRCT,total_protocol_time_ms,4495.662175,40.168564,4557.280000,11.134158,50
"scenario_label=random,TOTAL_TAGS=3000",DRCT,throughput_tags_per_sec,667.361894,5.935353,675.457692,1.645196,50
"scenario_label=random,TOTAL_TAGS=3000",DRCT,system_efficiency,0.347334,0.004554,0.353787,0.001262,50
"scenario_label=random,TOTAL_TAGS=3000",DRCT,collision_slots,4318.340000,57.001113,4413.900000,15.799903,50
"scenario_label=random,TOTAL_TAGS=3000",DRCT,idle_slots,1320.340000,57.001113,1415.900000,15.799903,50
"scenario_label=random,TOTAL_TAGS=3000",DRCT,total_energy_uj,676309.903183,6572.011782,684005.397131,1821.668726,50
"scenario_label=random,TOTAL_TAGS=3000",DRCT,energy_per_tag_uj,225.436634,2.190671,228.001799,0.607223,50
"scenario_label=random,TOTAL_TAGS=3000",DRCT,total_reader_tx_energy_uj,331.423880,4.642104,339.200200,1.286725,50
"scenario_label=random,TOTAL_TAGS=3000",DRCT,total_tag_tx_energy_uj,214.119400,1.065608,215.829325,0.295372,50
"scenario_label=random,TOTAL_TAGS=3000",DRCT,total_listening_energy_uj,675764.359902,6567.343056,683455.948981,1820.374621,50
"scenario_label=random,TOTAL_TAGS=3000",DRCT,total_transmission_energy_uj,545.543280,5.222337,553.597350,1.447558,50
"scenario_label=random,TOTAL_TAGS=3000",DRCT,total_bits,593950.740000,3810.186250,599461.600000,1056.129746,50
"scenario_label=random,TOTAL_TAGS=3000",DRCT,avg_tag_bits,142.746267,0.710405,143.886217,0.196914,50
"scenario_label=random,TOTAL_TAGS=3000",DRCT,avg_reader_bits,55.237313,0.773684,56.533367,0.214454,50
"scenario_label=random,TOTAL_TAGS=3000",DRCT,avg_total_bits,197.983580,1.270062,199.820533,0.352043,50
"scenario_label=random,TOTAL_TAGS=3000",DRCT,avg_query_efficiency,0.694829,0.009112,0.707741,0.002526,50
"scenario_label=random,TOTAL_TAGS=3000",DRCT,peak_stack_depth,11.260000,0.564602,12.000000,0.156500,50
"scenario_label=random,TOTAL_TAGS=3000",DRCT,avg_tag_responses,12.876180,0.041901,12.951783,0.011614,50
"scenario_label=random,TOTAL_TAGS=3000",EAQ_CBB,total_protocol_time_ms,6715.972975,25.916167,6753.166187,7.183595,50
"scenario_label=random,TOTAL_TAGS=3000",EAQ_CBB,throughput_tags_per_sec,446.702766,1.720922,449.295590,0.477015,50
"scenario_label=random,TOTAL_TAGS=3000",EAQ_CBB,system_efficiency,0.545682,0.003101,0.550388,0.000860,50
"scenario_label=random,TOTAL_TAGS=3000",EAQ_CBB,collision_slots,2497.880000,31.315146,2542.200000,8.680116,50
"scenario_label=random,TOTAL_TAGS=3000",EAQ_CBB,idle_slots,0.000000,0.000000,0.000000,0.000000,50
"scenario_label=random,TOTAL_TAGS=3000",EAQ_CBB,total_energy_uj,1008830.431705,4277.437557,1016134.172181,1185.645200,50
"scenario_label=random,TOTAL_TAGS=3000",EAQ_CBB,total_listening_energy_uj,1007741.252975,4274.164187,1015040.913031,1184.737868,50
"scenario_label=random,TOTAL_TAGS=3000",EAQ_CBB,total_transmission_energy_uj,1089.178730,3.799387,1094.186450,1.053136,50
"scenario_label=random,TOTAL_TAGS=3000",EAQ_CBB,total_bits,861812.380000,4329.253604,867211.450000,1200.007876,50
"scenario_label=random,TOTAL_TAGS=3000",EAQ_CBB,avg_tag_bits,140.988007,1.096281,142.329117,0.303874,50
"scenario_label=random,TOTAL_TAGS=3000",EAQ_CBB,avg_reader_bits,146.282787,0.375414,146.815367,0.104059,50
"scenario_label=random,TOTAL_TAGS=3000",EAQ_CBB,avg_total_bits,287.270793,1.443085,289.070483,0.400003,50
"scenario_label=random,TOTAL_TAGS=3000",EAQ_CBB,avg_query_efficiency,1.201203,0.014987,1.224142,0.004154,50
"scenario_label=random,TOTAL_TAGS=3000",EAQ_CBB,peak_stack_depth,739.580000,3.769318,745.550000,1.044802,50
"scenario_label=random,TOTAL_TAGS=3000",EAQ_CBB,avg_tag_responses,3.794120,0.023437,3.822000,0.006496,50
"scenario_label=random,TOTAL_TAGS=3000",EMDT,total_protocol_time_ms,4230.638600,52.226457,4312.563000,14.476435,50
"scenario_label=random,TOTAL_TAGS=3000",EMDT,throughput_tags_per_sec,709.218595,8.745830,720.740070,2.424220,50
"scenario_label=random,TOTAL_TAGS=3000",EMDT,system_efficiency,0.543931,0.008973,0.557441,0.002487,50
"scenario_label=random,TOTAL_TAGS=3000",EMDT,collision_slots,1762.480000,56.795458,1852.100000,15.742898,50
"scenario_label=random,TOTAL_TAGS=3000",EMDT,idle_slots,754.400000,38.698732,828.650000,10.726741,50
"scenario_label=random,TOTAL_TAGS=3000",EMDT,total_energy_uj,635619.150275,9586.658065,651067.829600,2657.286043,50
"scenario_label=random,TOTAL_TAGS=3000",EMDT,total_listening_energy_uj,635232.014915,9585.049812,650677.781000,2656.840258,50
"scenario_label=random,TOTAL_TAGS=3000",EMDT,total_transmission_energy_uj,387.135360,1.892745,390.345600,0.524642,50
"scenario_label=random,TOTAL_TAGS=3000",EMDT,total_bits,517567.680000,946.372267,519172.800000,262.321009,50
"scenario_label=random,TOTAL_TAGS=3000",EMDT,avg_tag_bits,144.000000,0.000000,144.000000,0.000000,50
"scenario_label=random,TOTAL_TAGS=3000",EMDT,avg_reader_bits,28.522560,0.315457,29.057600,0.087440,50
"scenario_label=random,TOTAL_TAGS=3000",EMDT,avg_total_bits,172.522560,0.315457,173.057600,0.087440,50
"scenario_label=random,TOTAL_TAGS=3000",EMDT,avg_query_efficiency,1.703879,0.054888,1.777251,0.015214,50
"scenario_label=random,TOTAL_TAGS=3000",EMDT,peak_stack_depth,39.720000,1.278392,42.000000,0.354352,50
"scenario_label=random,TOTAL_TAGS=3000",EMDT,avg_tag_responses,5.070040,0.041777,5.136917,0.011580,50
"scenario_label=random,TOTAL_TAGS=3000",HT_EEAC,total_protocol_time_ms,12479.836950,231.515636,12818.748000,64.172860,50
"scenario_label=random,TOTAL_TAGS=3000",HT_EEAC,throughput_tags_per_sec,240.469096,4.475680,248.283778,1.240595,50
"scenario_label=random,TOTAL_TAGS=3000",HT_EEAC,system_efficiency,0.124917,0.002677,0.129627,0.000742,50
"scenario_label=random,TOTAL_TAGS=3000",HT_EEAC,collision_slots,18423.660000,494.867396,19173.700000,137.170244,50
"scenario_label=random,TOTAL_TAGS=3000",HT_EEAC,idle_slots,2603.000000,110.142579,2795.750000,30.529965,50
"scenario_label=random,TOTAL_TAGS=3000",HT_EEAC,total_energy_uj,2203062.522985,48735.607634,2282694.797025,13508.821228,50
"scenario_label=random,TOTAL_TAGS=3000",HT_EEAC,total_listening_energy_uj,2201689.960665,48710.289712,2281287.994425,13501.803458,50
"scenario_label=random,TOTAL_TAGS=3000",HT_EEAC,total_transmission_energy_uj,1372.562320,26.455666,1411.527600,7.333137,50
"scenario_label=random,TOTAL_TAGS=3000",HT_EEAC,total_bits,1159365.080000,19096.991973,1187263.200000,5293.416109,50
"scenario_label=random,TOTAL_TAGS=3000",HT_EEAC,avg_tag_bits,210.259520,2.639293,214.259733,0.731575,50
"scenario_label=random,TOTAL_TAGS=3000",HT_EEAC,avg_reader_bits,176.195507,3.762519,181.820467,1.042917,50
"scenario_label=random,TOTAL_TAGS=3000",HT_EEAC,avg_total_bits,386.455027,6.365664,395.754400,1.764472,50
"scenario_label=random,TOTAL_TAGS=3000",HT_EEAC,avg_query_efficiency,0.162950,0.004408,0.170597,0.001222,50
"scenario_label=random,TOTAL_TAGS=3000",HT_EEAC,avg_tag_responses,126.657353,11.950391,145.033417,3.312479,50
"scenario_label=random,TOTAL_TAGS=3000",LAPCT,total_protocol_time_ms,7740.091000,0.450951,7740.737500,0.124997,50
"scenario_label=random,TOTAL_TAGS=3000",LAPCT,throughput_tags_per_sec,387.592343,0.022582,387.626556,0.006260,50
"scenario_label=random,TOTAL_TAGS=3000",LAPCT,system_efficiency,0.496607,0.000000,0.496607,0.000000,50
"scenario_label=random,TOTAL_TAGS=3000",LAPCT,collision_slots,3041.000000,0.000000,3041.000000,0.000000,50
"scenario_label=random,TOTAL_TAGS=3000",LAPCT,idle_slots,0.000000,0.000000,0.000000,0.000000,50
"scenario_label=random,TOTAL_TAGS=3000",LAPCT,total_energy_uj,1165109.070385,102.832967,1165230.116519,28.503844,50
"scenario_label=random,TOTAL_TAGS=3000",LAPCT,total_listening_energy_uj,1163015.549975,102.215939,1163137.144169,28.332813,50
"scenario_label=random,TOTAL_TAGS=3000",LAPCT,total_transmission_energy_uj,2093.520410,1.493151,2095.887575,0.413880,50
"scenario_label=random,TOTAL_TAGS=3000",LAPCT,total_bits,2836463.140000,2870.601125,2840962.450000,795.690036,50
"scenario_label=random,TOTAL_TAGS=3000",LAPCT,avg_tag_bits,795.423527,0.944886,796.897183,0.261909,50
"scenario_label=random,TOTAL_TAGS=3000",LAPCT,avg_reader_bits,150.064187,0.024051,150.098667,0.006667,50
"scenario_label=random,TOTAL_TAGS=3000",LAPCT,avg_total_bits,945.487713,0.956867,946.987483,0.265230,50
"scenario_label=random,TOTAL_TAGS=3000",LAPCT,avg_query_efficiency,0.986518,0.000000,0.986518,0.000000,50
"scenario_label=random,TOTAL_TAGS=3000",LAPCT,peak_stack_depth,15.920000,0.695173,17.000000,0.192692,50
"scenario_label=random,TOTAL_TAGS=3000",LAPCT,avg_tag_responses,9.883813,0.011404,9.901917,0.003161,50
"scenario_label=random,TOTAL_TAGS=3000",NLHQT(n=2),total_protocol_time_ms,5476.007850,33.369352,5527.009125,9.249513,50
"scenario_label=random,TOTAL_TAGS=3000",NLHQT(n=2),throughput_tags_per_sec,547.864282,3.336550,553.056450,0.924845,50
"scenario_label=random,TOTAL_TAGS=3000",NLHQT(n=2),system_efficiency,0.354320,0.002244,0.357534,0.000622,50
"scenario_label=random,TOTAL_TAGS=3000",NLHQT(n=2),collision_slots,5467.260000,53.683810,5546.950000,14.880393,50
"scenario_label=random,TOTAL_TAGS=3000",NLHQT(n=2),idle_slots,0.000000,0.000000,0.000000,0.000000,50
"scenario_label=random,TOTAL_TAGS=3000",NLHQT(n=2),total_energy_uj,823338.007530,5569.733573,832779.855712,1543.851380,50
"scenario_label=random,TOTAL_TAGS=3000",NLHQT(n=2),total_listening_energy_uj,822651.193930,5567.355137,832090.097613,1543.192112,50
"scenario_label=random,TOTAL_TAGS=3000",NLHQT(n=2),total_transmission_energy_uj,686.813600,2.646840,690.809700,0.733667,50
"scenario_label=random,TOTAL_TAGS=3000",NLHQT(n=2),total_bits,810022.480000,1418.255874,812145.600000,393.120472,50
"scenario_label=random,TOTAL_TAGS=3000",NLHQT(n=2),avg_tag_bits,207.384747,0.043692,207.444633,0.012111,50
"scenario_label=random,TOTAL_TAGS=3000",NLHQT(n=2),avg_reader_bits,62.622747,0.430641,63.275167,0.119368,50
"scenario_label=random,TOTAL_TAGS=3000",NLHQT(n=2),avg_total_bits,270.007493,0.472752,270.715200,0.131040,50
"scenario_label=random,TOTAL_TAGS=3000",NLHQT(n=2),avg_query_efficiency,0.548773,0.005381,0.556504,0.001491,50
"scenario_label=random,TOTAL_TAGS=3000",NLHQT(n=2),peak_stack_depth,18.240000,0.822143,20.000000,0.227886,50
"scenario_label=random,TOTAL_TAGS=3000",NLHQT(n=2),avg_tag_responses,8.692373,0.021846,8.722317,0.006055,50
"scenario_label=random,TOTAL_TAGS=3000",SGCT,total_protocol_time_ms,3758.495075,15.306077,3778.946125,4.242628,50
"scenario_label=random,TOTAL_TAGS=3000",SGCT,throughput_tags_per_sec,798.204793,3.252254,803.921664,0.901479,50
"scenario_label=random,TOTAL_TAGS=3000",SGCT,system_efficiency,0.822755,0.003795,0.829417,0.001052,50
"scenario_label=random,TOTAL_TAGS=3000",SGCT,collision_slots,646.360000,16.807141,669.100000,4.658702,50
"scenario_label=random,TOTAL_TAGS=3000",SGCT,idle_slots,0.000000,0.000000,0.000000,0.000000,50
"scenario_label=random,TOTAL_TAGS=3000",SGCT,total_energy_uj,571619.731695,2854.934608,576234.388063,791.347500,50
"scenario_label=random,TOTAL_TAGS=3000",SGCT,total_listening_energy_uj,571212.105165,2853.211661,575824.599412,790.869923,50
"scenario_label=random,TOTAL_TAGS=3000",SGCT,total_transmission_energy_uj,407.626530,2.072293,410.389100,0.574410,50
"scenario_label=random,TOTAL_TAGS=3000",SGCT,total_bits,497921.700000,1240.829763,499616.200000,343.940463,50
"scenario_label=random,TOTAL_TAGS=3000",SGCT,avg_tag_bits,130.714860,0.091473,130.854600,0.025355,50
"scenario_label=random,TOTAL_TAGS=3000",SGCT,avg_reader_bits,35.259040,0.322675,35.684667,0.089441,50
"scenario_label=random,TOTAL_TAGS=3000",SGCT,avg_total_bits,165.973900,0.413610,166.538733,0.114647,50
"scenario_label=random,TOTAL_TAGS=3000",SGCT,avg_query_efficiency,4.644467,0.121336,4.862237,0.033633,50
"scenario_label=random,TOTAL_TAGS=3000",SGCT,peak_stack_depth,256.040000,0.197949,256.000000,0.054869,50
"scenario_label=random,TOTAL_TAGS=3000",SGCT,progressive_probe_count,323.860000,8.490114,335.550000,2.353340,50
"scenario_label=random,TOTAL_TAGS=3000",SGCT,signature_grouping_trigger_count,323.500000,8.325643,334.550000,2.307750,50
"scenario_label=random,TOTAL_TAGS=3000",SGCT,local_short_id_trigger_count,257.000000,0.000000,257.000000,0.000000,50
"scenario_label=random,TOTAL_TAGS=3000",SGCT,signature_groups_pruned,63533.500000,124.884641,63699.250000,34.616256,50
"scenario_label=random,TOTAL_TAGS=3000",SGCT,sparse_signature_groups,3322.500000,8.325643,3333.550000,2.307750,50
"scenario_label=random,TOTAL_TAGS=3000",SGCT,signature_marker_bits,6133.920000,16.889606,6157.000000,4.681560,50
"scenario_label=random,TOTAL_TAGS=3000",SGCT,signature_marker_tag_bits,6133.920000,16.889606,6157.000000,4.681560,50
"scenario_label=random,TOTAL_TAGS=3000",SGCT,signature_non_idle_marker_count,3322.500000,8.325643,3333.550000,2.307750,50
"scenario_label=random,TOTAL_TAGS=3000",SGCT,signature_collision_groups,322.500000,8.325643,333.550000,2.307750,50
"scenario_label=random,TOTAL_TAGS=3000",SGCT,signature_singleton_groups,3000.000000,0.000000,3000.000000,0.000000,50
"scenario_label=random,TOTAL_TAGS=3000",SGCT,low_d_fallback_count,0.000000,0.000000,0.000000,0.000000,50
"scenario_label=random,TOTAL_TAGS=3000",SGCT,suffix_signature_trigger_count,0.000000,0.000000,0.000000,0.000000,50
"scenario_label=random,TOTAL_TAGS=3000",SGCT,hash_short_id_round_count,0.000000,0.000000,0.000000,0.000000,50
"scenario_label=random,TOTAL_TAGS=3000",SGCT,hash_short_id_split_count,0.000000,0.000000,0.000000,0.000000,50
"scenario_label=random,TOTAL_TAGS=3000",SGCT,hash_short_id_collision_groups,0.000000,0.000000,0.000000,0.000000,50
"scenario_label=random,TOTAL_TAGS=3000",SGCT,hash_short_id_singleton_groups,0.000000,0.000000,0.000000,0.000000,50
"scenario_label=random,TOTAL_TAGS=3000",SGCT,small_cluster_guard_count,0.000000,0.000000,0.000000,0.000000,50
"scenario_label=random,TOTAL_TAGS=3000",SGCT,max_signature_d,8.000000,0.000000,8.000000,0.000000,50
"scenario_label=random,TOTAL_TAGS=3000",SGCT,epc_verification_count,3000.000000,0.000000,3000.000000,0.000000,50
"scenario_label=random,TOTAL_TAGS=3000",SGCT,verify_fail_count,0.000000,0.000000,0.000000,0.000000,50
"scenario_label=random,TOTAL_TAGS=3000",SGCT,avg_tag_responses,4.089520,0.011362,4.105333,0.003150,50
"scenario_label=random,TOTAL_TAGS=5000",DQTA(k_max=3),total_protocol_time_ms,8016.155600,35.322266,8075.102125,9.790833,50
"scenario_label=random,TOTAL_TAGS=5000",DQTA(k_max=3),throughput_tags_per_sec,623.752266,2.750855,628.328558,0.762498,50
"scenario_label=random,TOTAL_TAGS=5000",DQTA(k_max=3),system_efficiency,0.342603,0.002905,0.346843,0.000805,50
"scenario_label=random,TOTAL_TAGS=5000",DQTA(k_max=3),collision_slots,4491.280000,31.384411,4541.200000,8.699315,50
"scenario_label=random,TOTAL_TAGS=5000",DQTA(k_max=3),idle_slots,5103.900000,113.864805,5291.100000,31.561714,50
"scenario_label=random,TOTAL_TAGS=5000",DQTA(k_max=3),total_energy_uj,2011091.229193,10326.071073,2027138.301131,2862.240872,50
"scenario_label=random,TOTAL_TAGS=5000",DQTA(k_max=3),total_listening_energy_uj,2008640.860963,10322.323477,2024682.832206,2861.202092,50
"scenario_label=random,TOTAL_TAGS=5000",DQTA(k_max=3),total_transmission_energy_uj,2450.368230,5.254864,2458.125175,1.456574,50
"scenario_label=random,TOTAL_TAGS=5000",DQTA(k_max=3),total_bits,4422529.800000,7468.839756,4433151.650000,2070.256758,50
"scenario_label=random,TOTAL_TAGS=5000",DQTA(k_max=3),avg_tag_bits,852.625516,1.316198,854.485630,0.364831,50
"scenario_label=random,TOTAL_TAGS=5000",DQTA(k_max=3),avg_reader_bits,31.880444,0.239780,32.248830,0.066464,50
"scenario_label=random,TOTAL_TAGS=5000",DQTA(k_max=3),avg_total_bits,884.505960,1.493768,886.630330,0.414051,50
"scenario_label=random,TOTAL_TAGS=5000",DQTA(k_max=3),avg_query_efficiency,1.113322,0.007793,1.128236,0.002160,50
"scenario_label=random,TOTAL_TAGS=5000",DQTA(k_max=3),peak_stack_depth,24.660000,0.847806,26.000000,0.235000,50
"scenario_label=random,TOTAL_TAGS=5000",DQTA(k_max=3),avg_tag_responses,4.809088,0.008084,4.820420,0.002241,50
"scenario_label=random,TOTAL_TAGS=5000",DRCT,total_protocol_time_ms,7540.880550,50.341935,7640.995375,13.954073,50
"scenario_label=random,TOTAL_TAGS=5000",DRCT,throughput_tags_per_sec,663.081399,4.411411,669.389211,1.222781,50
"scenario_label=random,TOTAL_TAGS=5000",DRCT,system_efficiency,0.346958,0.003339,0.351426,0.000925,50
"scenario_label=random,TOTAL_TAGS=5000",DRCT,collision_slots,7205.140000,69.746483,7342.550000,19.332739,50
"scenario_label=random,TOTAL_TAGS=5000",DRCT,idle_slots,2207.140000,69.746483,2344.550000,19.332739,50
"scenario_label=random,TOTAL_TAGS=5000",DRCT,total_energy_uj,1891443.884238,13593.778894,1914389.059537,3768.003269,50
"scenario_label=random,TOTAL_TAGS=5000",DRCT,energy_per_tag_uj,378.288777,2.718756,382.877812,0.753601,50
"scenario_label=random,TOTAL_TAGS=5000",DRCT,total_reader_tx_energy_uj,564.811960,5.820455,575.996400,1.613348,50
"scenario_label=random,TOTAL_TAGS=5000",DRCT,total_tag_tx_energy_uj,361.067690,1.308438,363.231150,0.362681,50
"scenario_label=random,TOTAL_TAGS=5000",DRCT,total_listening_energy_uj,1890518.004588,13588.130393,1913453.286787,3766.437585,50
"scenario_label=random,TOTAL_TAGS=5000",DRCT,total_transmission_energy_uj,925.879650,6.584661,938.759850,1.825175,50
"scenario_label=random,TOTAL_TAGS=5000",DRCT,total_bits,1004541.360000,4804.739840,1013315.000000,1331.805936,50
"scenario_label=random,TOTAL_TAGS=5000",DRCT,avg_tag_bits,144.427076,0.523375,145.292460,0.145072,50
"scenario_label=random,TOTAL_TAGS=5000",DRCT,avg_reader_bits,56.481196,0.582046,57.599640,0.161335,50
"scenario_label=random,TOTAL_TAGS=5000",DRCT,avg_total_bits,200.908272,0.960948,202.663000,0.266361,50
"scenario_label=random,TOTAL_TAGS=5000",DRCT,avg_query_efficiency,0.694012,0.006679,0.702950,0.001851,50
"scenario_label=random,TOTAL_TAGS=5000",DRCT,peak_stack_depth,12.080000,0.528378,13.000000,0.146459,50
"scenario_label=random,TOTAL_TAGS=5000",DRCT,avg_tag_responses,13.616868,0.032314,13.666500,0.008957,50
"scenario_label=random,TOTAL_TAGS=5000",EAQ_CBB,total_protocol_time_ms,11185.441475,33.771747,11244.169687,9.361051,50
"scenario_label=random,TOTAL_TAGS=5000",EAQ_CBB,throughput_tags_per_sec,447.013616,1.348999,449.205956,0.373923,50
"scenario_label=random,TOTAL_TAGS=5000",EAQ_CBB,system_efficiency,0.546251,0.002414,0.550188,0.000669,50
"scenario_label=random,TOTAL_TAGS=5000",EAQ_CBB,collision_slots,4153.480000,40.468300,4226.000000,11.217240,50
"scenario_label=random,TOTAL_TAGS=5000",EAQ_CBB,idle_slots,0.000000,0.000000,0.000000,0.000000,50
"scenario_label=random,TOTAL_TAGS=5000",EAQ_CBB,total_energy_uj,2797613.298815,10003.113979,2812361.067538,2772.721733,50
"scenario_label=random,TOTAL_TAGS=5000",EAQ_CBB,total_listening_energy_uj,2795799.278195,9998.895589,2810540.590662,2771.552455,50
"scenario_label=random,TOTAL_TAGS=5000",EAQ_CBB,total_transmission_energy_uj,1814.020620,5.087786,1822.711525,1.410262,50
"scenario_label=random,TOTAL_TAGS=5000",EAQ_CBB,total_bits,1434774.240000,5858.828327,1444857.950000,1623.984358,50
"scenario_label=random,TOTAL_TAGS=5000",EAQ_CBB,avg_tag_bits,140.737048,0.897303,142.247350,0.248720,50
"scenario_label=random,TOTAL_TAGS=5000",EAQ_CBB,avg_reader_bits,146.217800,0.297911,146.724140,0.082577,50
"scenario_label=random,TOTAL_TAGS=5000",EAQ_CBB,avg_total_bits,286.954848,1.171766,288.971590,0.324797,50
"scenario_label=random,TOTAL_TAGS=5000",EAQ_CBB,avg_query_efficiency,1.203922,0.011715,1.223152,0.003247,50
"scenario_label=random,TOTAL_TAGS=5000",EAQ_CBB,peak_stack_depth,1230.220000,5.618083,1238.000000,1.557253,50
"scenario_label=random,TOTAL_TAGS=5000",EAQ_CBB,avg_tag_responses,3.789064,0.019320,3.822440,0.005355,50
"scenario_label=random,TOTAL_TAGS=5000",EMDT,total_protocol_time_ms,6960.221550,79.406868,7116.475250,22.010461,50
"scenario_label=random,TOTAL_TAGS=5000",EMDT,throughput_tags_per_sec,718.459105,8.154978,730.190570,2.260445,50
"scenario_label=random,TOTAL_TAGS=5000",EMDT,system_efficiency,0.518214,0.006836,0.528663,0.001895,50
"scenario_label=random,TOTAL_TAGS=5000",EMDT,collision_slots,2905.940000,84.259417,3069.200000,23.355519,50
"scenario_label=random,TOTAL_TAGS=5000",EMDT,idle_slots,1744.240000,54.803009,1833.550000,15.190619,50
"scenario_label=random,TOTAL_TAGS=5000",EMDT,total_energy_uj,1742403.574930,23844.525826,1788226.932838,6609.365355,50
"scenario_label=random,TOTAL_TAGS=5000",EMDT,total_listening_energy_uj,1741787.903650,23841.877244,1787606.343837,6608.631205,50
"scenario_label=random,TOTAL_TAGS=5000",EMDT,total_transmission_energy_uj,615.671280,3.059795,621.496400,0.848132,50
"scenario_label=random,TOTAL_TAGS=5000",EMDT,total_bits,848126.760000,1554.031696,850933.800000,430.755609,50
"scenario_label=random,TOTAL_TAGS=5000",EMDT,avg_tag_bits,144.077632,0.070781,144.207200,0.019620,50
"scenario_label=random,TOTAL_TAGS=5000",EMDT,avg_reader_bits,25.547720,0.306404,26.140840,0.084931,50
"scenario_label=random,TOTAL_TAGS=5000",EMDT,avg_total_bits,169.625352,0.310806,170.186760,0.086151,50
"scenario_label=random,TOTAL_TAGS=5000",EMDT,avg_query_efficiency,1.722013,0.049273,1.794727,0.013658,50
"scenario_label=random,TOTAL_TAGS=5000",EMDT,peak_stack_depth,42.880000,1.222911,45.000000,0.338974,50
"scenario_label=random,TOTAL_TAGS=5000",EMDT,avg_tag_responses,5.149492,0.039150,5.227150,0.010852,50
"scenario_label=random,TOTAL_TAGS=5000",HT_EEAC,total_protocol_time_ms,29716.899150,326.447973,30240.463500,90.486761,50
"scenario_label=random,TOTAL_TAGS=5000",HT_EEAC,throughput_tags_per_sec,168.274263,1.842371,170.984060,0.510679,50
"scenario_label=random,TOTAL_TAGS=5000",HT_EEAC,system_efficiency,0.084278,0.001034,0.085823,0.000287,50
"scenario_label=random,TOTAL_TAGS=5000",HT_EEAC,collision_slots,50757.820000,675.195865,51841.000000,187.154745,50
"scenario_label=random,TOTAL_TAGS=5000",HT_EEAC,idle_slots,3578.360000,136.835781,3792.250000,37.928943,50
"scenario_label=random,TOTAL_TAGS=5000",HT_EEAC,total_energy_uj,9287376.439315,110285.980759,9439438.679663,30569.714227,50
"scenario_label=random,TOTAL_TAGS=5000",HT_EEAC,total_listening_energy_uj,9284079.584835,110251.324413,9436099.653864,30560.107978,50
"scenario_label=random,TOTAL_TAGS=5000",HT_EEAC,total_transmission_energy_uj,3296.854480,37.450758,3357.043200,10.380821,50
"scenario_label=random,TOTAL_TAGS=5000",HT_EEAC,total_bits,2677521.080000,26761.474570,2720405.400000,7417.902296,50
"scenario_label=random,TOTAL_TAGS=5000",HT_EEAC,avg_tag_bits,274.425024,2.160627,277.891200,0.598895,50
"scenario_label=random,TOTAL_TAGS=5000",HT_EEAC,avg_reader_bits,261.079192,3.212296,266.253680,0.890403,50
"scenario_label=random,TOTAL_TAGS=5000",HT_EEAC,avg_total_bits,535.504216,5.352295,544.081080,1.483580,50
"scenario_label=random,TOTAL_TAGS=5000",HT_EEAC,avg_query_efficiency,0.098524,0.001301,0.100335,0.000361,50
"scenario_label=random,TOTAL_TAGS=5000",HT_EEAC,avg_tag_responses,173.646676,7.489063,187.078110,2.075862,50
"scenario_label=random,TOTAL_TAGS=5000",LAPCT,total_protocol_time_ms,12923.574250,0.556554,12924.440312,0.154269,50
"scenario_label=random,TOTAL_TAGS=5000",LAPCT,throughput_tags_per_sec,386.889874,0.016661,386.913671,0.004618,50
"scenario_label=random,TOTAL_TAGS=5000",LAPCT,system_efficiency,0.497958,0.000000,0.497958,0.000000,50
"scenario_label=random,TOTAL_TAGS=5000",LAPCT,collision_slots,5041.000000,0.000000,5041.000000,0.000000,50
"scenario_label=random,TOTAL_TAGS=5000",LAPCT,idle_slots,0.000000,0.000000,0.000000,0.000000,50
"scenario_label=random,TOTAL_TAGS=5000",LAPCT,total_energy_uj,3238074.977163,212.808371,3238393.908781,58.987471,50
"scenario_label=random,TOTAL_TAGS=5000",LAPCT,total_listening_energy_uj,3234421.592143,211.848153,3234737.090931,58.721312,50
"scenario_label=random,TOTAL_TAGS=5000",LAPCT,total_transmission_energy_uj,3653.385020,2.090108,3656.089950,0.579348,50
"scenario_label=random,TOTAL_TAGS=5000",LAPCT,total_bits,5042520.400000,4042.233208,5047775.550000,1120.449881,50
"scenario_label=random,TOTAL_TAGS=5000",LAPCT,avg_tag_bits,857.554104,0.799830,858.594820,0.221701,50
"scenario_label=random,TOTAL_TAGS=5000",LAPCT,avg_reader_bits,150.949976,0.017810,150.977690,0.004937,50
"scenario_label=random,TOTAL_TAGS=5000",LAPCT,avg_total_bits,1008.504080,0.808447,1009.555110,0.224090,50
"scenario_label=random,TOTAL_TAGS=5000",LAPCT,avg_query_efficiency,0.991867,0.000000,0.991867,0.000000,50
"scenario_label=random,TOTAL_TAGS=5000",LAPCT,peak_stack_depth,16.720000,0.572855,17.550000,0.158787,50
"scenario_label=random,TOTAL_TAGS=5000",LAPCT,avg_tag_responses,10.621252,0.009717,10.633870,0.002694,50
"scenario_label=random,TOTAL_TAGS=5000",NLHQT(n=2),total_protocol_time_ms,9153.521100,36.702917,9217.750500,10.173530,50
"scenario_label=random,TOTAL_TAGS=5000",NLHQT(n=2),throughput_tags_per_sec,546.246488,2.189600,549.193475,0.606926,50
"scenario_label=random,TOTAL_TAGS=5000",NLHQT(n=2),system_efficiency,0.354990,0.001468,0.356800,0.000407,50
"scenario_label=random,TOTAL_TAGS=5000",NLHQT(n=2),collision_slots,9085.140000,58.271711,9182.100000,16.152094,50
"scenario_label=random,TOTAL_TAGS=5000",NLHQT(n=2),idle_slots,0.000000,0.000000,0.000000,0.000000,50
"scenario_label=random,TOTAL_TAGS=5000",NLHQT(n=2),total_energy_uj,2290730.675230,10231.560818,2308125.113275,2836.043966,50
"scenario_label=random,TOTAL_TAGS=5000",NLHQT(n=2),total_listening_energy_uj,2289572.366070,10228.991513,2306961.572875,2835.331791,50
"scenario_label=random,TOTAL_TAGS=5000",NLHQT(n=2),total_transmission_energy_uj,1158.309160,2.935222,1163.447600,0.813602,50
"scenario_label=random,TOTAL_TAGS=5000",NLHQT(n=2),total_bits,1359594.080000,1570.894141,1362365.500000,435.429641,50
"scenario_label=random,TOTAL_TAGS=5000",NLHQT(n=2),avg_tag_bits,208.117200,0.029588,208.168040,0.008201,50
"scenario_label=random,TOTAL_TAGS=5000",NLHQT(n=2),avg_reader_bits,63.801616,0.286688,64.301980,0.079466,50
"scenario_label=random,TOTAL_TAGS=5000",NLHQT(n=2),avg_total_bits,271.918816,0.314179,272.473100,0.087086,50
"scenario_label=random,TOTAL_TAGS=5000",NLHQT(n=2),avg_query_efficiency,0.550371,0.003529,0.554727,0.000978,50
"scenario_label=random,TOTAL_TAGS=5000",NLHQT(n=2),peak_stack_depth,19.540000,0.645550,20.550000,0.178937,50
"scenario_label=random,TOTAL_TAGS=5000",NLHQT(n=2),avg_tag_responses,9.058600,0.014794,9.084020,0.004101,50
"scenario_label=random,TOTAL_TAGS=5000",SGCT,total_protocol_time_ms,5776.126275,21.583347,5807.975313,5.982599,50
"scenario_label=random,TOTAL_TAGS=5000",SGCT,throughput_tags_per_sec,865.643916,3.241912,871.770316,0.898612,50
"scenario_label=random,TOTAL_TAGS=5000",SGCT,system_efficiency,0.851953,0.003454,0.858414,0.000958,50
"scenario_label=random,TOTAL_TAGS=5000",SGCT,collision_slots,868.960000,23.739195,904.000000,6.580169,50
"scenario_label=random,TOTAL_TAGS=5000",SGCT,idle_slots,0.000000,0.000000,0.000000,0.000000,50
"scenario_label=random,TOTAL_TAGS=5000",SGCT,total_energy_uj,1457773.588338,5906.013250,1465936.636925,1637.063351,50
"scenario_label=random,TOTAL_TAGS=5000",SGCT,total_listening_energy_uj,1457120.565817,5903.481718,1465281.640025,1636.361646,50
"scenario_label=random,TOTAL_TAGS=5000",SGCT,total_transmission_energy_uj,653.022520,2.921067,657.282975,0.809678,50
"scenario_label=random,TOTAL_TAGS=5000",SGCT,total_bits,818352.620000,1757.313672,820916.950000,487.102498,50
"scenario_label=random,TOTAL_TAGS=5000",SGCT,avg_tag_bits,131.157696,0.080040,131.274850,0.022186,50
"scenario_label=random,TOTAL_TAGS=5000",SGCT,avg_reader_bits,32.512828,0.272387,32.910260,0.075502,50
"scenario_label=random,TOTAL_TAGS=5000",SGCT,avg_total_bits,163.670524,0.351463,164.183390,0.097420,50
"scenario_label=random,TOTAL_TAGS=5000",SGCT,avg_query_efficiency,5.758294,0.160349,6.062890,0.044446,50
"scenario_label=random,TOTAL_TAGS=5000",SGCT,peak_stack_depth,256.260000,0.527218,257.000000,0.146137,50
"scenario_label=random,TOTAL_TAGS=5000",SGCT,progressive_probe_count,435.300000,11.885937,453.000000,3.294614,50
"scenario_label=random,TOTAL_TAGS=5000",SGCT,signature_grouping_trigger_count,434.660000,11.867655,452.000000,3.289546,50
"scenario_label=random,TOTAL_TAGS=5000",SGCT,local_short_id_trigger_count,257.000000,0.000000,257.000000,0.000000,50
"scenario_label=random,TOTAL_TAGS=5000",SGCT,signature_groups_pruned,63200.900000,178.014818,63461.000000,49.343190,50
"scenario_label=random,TOTAL_TAGS=5000",SGCT,sparse_signature_groups,5433.660000,11.867655,5451.000000,3.289546,50
"scenario_label=random,TOTAL_TAGS=5000",SGCT,signature_marker_bits,10359.700000,24.441726,10393.100000,6.774901,50
"scenario_label=random,TOTAL_TAGS=5000",SGCT,signature_marker_tag_bits,10359.700000,24.441726,10393.100000,6.774901,50
"scenario_label=random,TOTAL_TAGS=5000",SGCT,signature_non_idle_marker_count,5433.660000,11.867655,5451.000000,3.289546,50
"scenario_label=random,TOTAL_TAGS=5000",SGCT,signature_collision_groups,433.660000,11.867655,451.000000,3.289546,50
"scenario_label=random,TOTAL_TAGS=5000",SGCT,signature_singleton_groups,5000.000000,0.000000,5000.000000,0.000000,50
"scenario_label=random,TOTAL_TAGS=5000",SGCT,low_d_fallback_count,0.000000,0.000000,0.000000,0.000000,50
"scenario_label=random,TOTAL_TAGS=5000",SGCT,suffix_signature_trigger_count,0.000000,0.000000,0.000000,0.000000,50
"scenario_label=random,TOTAL_TAGS=5000",SGCT,hash_short_id_round_count,0.000000,0.000000,0.000000,0.000000,50
"scenario_label=random,TOTAL_TAGS=5000",SGCT,hash_short_id_split_count,0.000000,0.000000,0.000000,0.000000,50
"scenario_label=random,TOTAL_TAGS=5000",SGCT,hash_short_id_collision_groups,0.000000,0.000000,0.000000,0.000000,50
"scenario_label=random,TOTAL_TAGS=5000",SGCT,hash_short_id_singleton_groups,0.000000,0.000000,0.000000,0.000000,50
"scenario_label=random,TOTAL_TAGS=5000",SGCT,small_cluster_guard_count,0.000000,0.000000,0.000000,0.000000,50
"scenario_label=random,TOTAL_TAGS=5000",SGCT,max_signature_d,8.000000,0.000000,8.000000,0.000000,50
"scenario_label=random,TOTAL_TAGS=5000",SGCT,epc_verification_count,5000.000000,0.000000,5000.000000,0.000000,50
"scenario_label=random,TOTAL_TAGS=5000",SGCT,verify_fail_count,0.000000,0.000000,0.000000,0.000000,50
"scenario_label=random,TOTAL_TAGS=5000",SGCT,avg_tag_responses,4.144136,0.009782,4.157640,0.002711,50
"scenario_label=random,TOTAL_TAGS=7000",DQTA(k_max=3),total_protocol_time_ms,11388.135175,56.658549,11497.380813,15.704948,50
"scenario_label=random,TOTAL_TAGS=7000",DQTA(k_max=3),throughput_tags_per_sec,614.689725,3.055916,619.070288,0.847057,50
"scenario_label=random,TOTAL_TAGS=7000",DQTA(k_max=3),system_efficiency,0.337395,0.002421,0.341110,0.000671,50
"scenario_label=random,TOTAL_TAGS=7000",DQTA(k_max=3),collision_slots,6438.840000,52.373603,6538.900000,14.517222,50
"scenario_label=random,TOTAL_TAGS=7000",DQTA(k_max=3),idle_slots,7309.420000,135.310692,7509.900000,37.506210,50
"scenario_label=random,TOTAL_TAGS=7000",DQTA(k_max=3),total_energy_uj,3998833.698213,20239.410540,4035109.294269,5610.078381,50
"scenario_label=random,TOTAL_TAGS=7000",DQTA(k_max=3),total_listening_energy_uj,3995288.111152,20231.907758,4031548.057994,5607.998715,50
"scenario_label=random,TOTAL_TAGS=7000",DQTA(k_max=3),total_transmission_energy_uj,3545.587060,8.570073,3561.236275,2.375503,50
"scenario_label=random,TOTAL_TAGS=7000",DQTA(k_max=3),total_bits,6396812.240000,11546.704128,6416870.650000,3200.583093,50
"scenario_label=random,TOTAL_TAGS=7000",DQTA(k_max=3),avg_tag_bits,880.765469,1.395505,883.102864,0.386814,50
"scenario_label=random,TOTAL_TAGS=7000",DQTA(k_max=3),avg_reader_bits,33.064851,0.281975,33.604507,0.078160,50
"scenario_label=random,TOTAL_TAGS=7000",DQTA(k_max=3),avg_total_bits,913.830320,1.649529,916.695807,0.457226,50
"scenario_label=random,TOTAL_TAGS=7000",DQTA(k_max=3),avg_query_efficiency,1.087223,0.008827,1.100456,0.002447,50
"scenario_label=random,TOTAL_TAGS=7000",DQTA(k_max=3),peak_stack_depth,26.040000,0.968061,27.550000,0.268333,50
"scenario_label=random,TOTAL_TAGS=7000",DQTA(k_max=3),avg_tag_responses,4.981909,0.008558,4.996071,0.002372,50
"scenario_label=random,TOTAL_TAGS=7000",DRCT,total_protocol_time_ms,10599.436550,56.586447,10692.167750,15.684963,50
"scenario_label=random,TOTAL_TAGS=7000",DRCT,throughput_tags_per_sec,660.430903,3.524491,665.544365,0.976939,50
"scenario_label=random,TOTAL_TAGS=7000",DRCT,system_efficiency,0.347146,0.002785,0.351057,0.000772,50
"scenario_label=random,TOTAL_TAGS=7000",DRCT,collision_slots,10081.840000,81.010042,10219.550000,22.454838,50
"scenario_label=random,TOTAL_TAGS=7000",DRCT,idle_slots,3083.840000,81.010042,3221.550000,22.454838,50
"scenario_label=random,TOTAL_TAGS=7000",DRCT,total_energy_uj,3718477.292015,20726.770171,3751489.856725,5745.167578,50
"scenario_label=random,TOTAL_TAGS=7000",DRCT,energy_per_tag_uj,531.211042,2.960967,535.927122,0.820738,50
"scenario_label=random,TOTAL_TAGS=7000",DRCT,total_reader_tx_energy_uj,801.282280,6.850266,813.306000,1.898797,50
"scenario_label=random,TOTAL_TAGS=7000",DRCT,total_tag_tx_energy_uj,510.321330,1.362372,512.360575,0.377630,50
"scenario_label=random,TOTAL_TAGS=7000",DRCT,total_listening_energy_uj,3717165.688405,20720.439101,3750170.615725,5743.412695,50
"scenario_label=random,TOTAL_TAGS=7000",DRCT,total_transmission_energy_uj,1311.603610,7.309437,1323.458300,2.026073,50
"scenario_label=random,TOTAL_TAGS=7000",DRCT,total_bits,1421283.800000,4878.670842,1428153.900000,1352.298564,50
"scenario_label=random,TOTAL_TAGS=7000",DRCT,avg_tag_bits,145.806094,0.389249,146.388736,0.107894,50
"scenario_label=random,TOTAL_TAGS=7000",DRCT,avg_reader_bits,57.234449,0.489305,58.093286,0.135628,50
"scenario_label=random,TOTAL_TAGS=7000",DRCT,avg_total_bits,203.040543,0.696953,204.021986,0.193186,50
"scenario_label=random,TOTAL_TAGS=7000",DRCT,avg_query_efficiency,0.694362,0.005572,0.702184,0.001544,50
"scenario_label=random,TOTAL_TAGS=7000",DRCT,peak_stack_depth,12.540000,0.613122,13.550000,0.169949,50
"scenario_label=random,TOTAL_TAGS=7000",DRCT,avg_tag_responses,14.100237,0.027515,14.147264,0.007627,50
"scenario_label=random,TOTAL_TAGS=7000",EAQ_CBB,total_protocol_time_ms,15663.638200,33.767081,15723.943125,9.359757,50
"scenario_label=random,TOTAL_TAGS=7000",EAQ_CBB,throughput_tags_per_sec,446.896933,0.963242,448.244908,0.266997,50
"scenario_label=random,TOTAL_TAGS=7000",EAQ_CBB,system_efficiency,0.546029,0.001728,0.548465,0.000479,50
"scenario_label=random,TOTAL_TAGS=7000",EAQ_CBB,collision_slots,5819.960000,40.588507,5892.000000,11.250560,50
"scenario_label=random,TOTAL_TAGS=7000",EAQ_CBB,idle_slots,0.000000,0.000000,0.000000,0.000000,50
"scenario_label=random,TOTAL_TAGS=7000",EAQ_CBB,total_energy_uj,5484704.750910,14457.345887,5506402.453994,4007.371827,50
"scenario_label=random,TOTAL_TAGS=7000",EAQ_CBB,total_listening_energy_uj,5482164.938600,14453.073573,5503855.393394,4006.187602,50
"scenario_label=random,TOTAL_TAGS=7000",EAQ_CBB,total_transmission_energy_uj,2539.812310,4.987211,2548.192275,1.382384,50
"scenario_label=random,TOTAL_TAGS=7000",EAQ_CBB,total_bits,2008652.060000,5724.990421,2018009.100000,1586.886383,50
"scenario_label=random,TOTAL_TAGS=7000",EAQ_CBB,avg_tag_bits,140.713506,0.626914,141.749393,0.173772,50
"scenario_label=random,TOTAL_TAGS=7000",EAQ_CBB,avg_reader_bits,146.236789,0.210931,146.617400,0.058467,50
"scenario_label=random,TOTAL_TAGS=7000",EAQ_CBB,avg_total_bits,286.950294,0.817856,288.287014,0.226698,50
"scenario_label=random,TOTAL_TAGS=7000",EAQ_CBB,avg_query_efficiency,1.202815,0.008385,1.214666,0.002324,50
"scenario_label=random,TOTAL_TAGS=7000",EAQ_CBB,peak_stack_depth,1721.880000,5.691526,1730.550000,1.577611,50
"scenario_label=random,TOTAL_TAGS=7000",EAQ_CBB,avg_tag_responses,3.788200,0.013199,3.809800,0.003659,50
"scenario_label=random,TOTAL_TAGS=7000",EMDT,total_protocol_time_ms,9624.329700,102.746091,9761.651375,28.479763,50
"scenario_label=random,TOTAL_TAGS=7000",EMDT,throughput_tags_per_sec,727.404646,7.768391,740.084541,2.153288,50
"scenario_label=random,TOTAL_TAGS=7000",EMDT,system_efficiency,0.498911,0.006070,0.509236,0.001683,50
"scenario_label=random,TOTAL_TAGS=7000",EMDT,collision_slots,4053.260000,107.729974,4201.150000,29.861225,50
"scenario_label=random,TOTAL_TAGS=7000",EMDT,idle_slots,2979.340000,85.532810,3114.450000,23.708485,50
"scenario_label=random,TOTAL_TAGS=7000",EMDT,total_energy_uj,3374590.329675,42552.534892,3434325.362925,11794.960904,50
"scenario_label=random,TOTAL_TAGS=7000",EMDT,total_listening_energy_uj,3373751.071115,42549.003074,3433479.906325,11793.981934,50
"scenario_label=random,TOTAL_TAGS=7000",EMDT,total_transmission_energy_uj,839.258560,4.861560,846.943400,1.347556,50
"scenario_label=random,TOTAL_TAGS=7000",EMDT,total_bits,1178973.680000,3094.940502,1183877.300000,857.873739,50
"scenario_label=random,TOTAL_TAGS=7000",EMDT,avg_tag_bits,144.637029,0.195201,144.954857,0.054107,50
"scenario_label=random,TOTAL_TAGS=7000",EMDT,avg_reader_bits,23.787783,0.324262,24.280614,0.089881,50
"scenario_label=random,TOTAL_TAGS=7000",EMDT,avg_total_bits,168.424811,0.442134,169.125329,0.122553,50
"scenario_label=random,TOTAL_TAGS=7000",EMDT,avg_query_efficiency,1.728203,0.046010,1.806188,0.012753,50
"scenario_label=random,TOTAL_TAGS=7000",EMDT,peak_stack_depth,44.660000,1.334166,47.000000,0.369812,50
"scenario_label=random,TOTAL_TAGS=7000",EMDT,avg_tag_responses,5.184983,0.035721,5.238800,0.009901,50
"scenario_label=random,TOTAL_TAGS=7000",HT_EEAC,total_protocol_time_ms,49909.066350,1217.074854,52042.081500,337.355938,50
"scenario_label=random,TOTAL_TAGS=7000",HT_EEAC,throughput_tags_per_sec,140.336604,3.412789,145.978420,0.945977,50
"scenario_label=random,TOTAL_TAGS=7000",HT_EEAC,system_efficiency,0.069278,0.001819,0.072319,0.000504,50
"scenario_label=random,TOTAL_TAGS=7000",HT_EEAC,collision_slots,89534.480000,2660.556780,94144.700000,737.468714,50
"scenario_label=random,TOTAL_TAGS=7000",HT_EEAC,idle_slots,4576.420000,140.325727,4778.850000,38.896307,50
"scenario_label=random,TOTAL_TAGS=7000",HT_EEAC,total_energy_uj,21333834.271040,717367.934376,22548062.267689,198844.246553,50
"scenario_label=random,TOTAL_TAGS=7000",HT_EEAC,total_listening_energy_uj,21328277.115600,717231.508179,22542265.922889,198806.431141,50
"scenario_label=random,TOTAL_TAGS=7000",HT_EEAC,total_transmission_energy_uj,5557.155440,138.349680,5799.505600,38.348575,50
"scenario_label=random,TOTAL_TAGS=7000",HT_EEAC,total_bits,4440991.480000,101079.765048,4617883.200000,28017.881424,50
"scenario_label=random,TOTAL_TAGS=7000",HT_EEAC,avg_tag_bits,316.650240,6.081273,327.187886,1.685643,50
"scenario_label=random,TOTAL_TAGS=7000",HT_EEAC,avg_reader_bits,317.777114,8.363591,332.416857,2.318269,50
"scenario_label=random,TOTAL_TAGS=7000",HT_EEAC,avg_total_bits,634.427354,14.439966,659.697600,4.002554,50
"scenario_label=random,TOTAL_TAGS=7000",HT_EEAC,avg_query_efficiency,0.078250,0.002316,0.081963,0.000642,50
"scenario_label=random,TOTAL_TAGS=7000",HT_EEAC,avg_tag_responses,224.999991,11.077820,243.340429,3.070615,50
"scenario_label=random,TOTAL_TAGS=7000",LAPCT,total_protocol_time_ms,18114.485250,0.648411,18115.619375,0.179730,50
"scenario_label=random,TOTAL_TAGS=7000",LAPCT,throughput_tags_per_sec,386.431075,0.013832,386.456368,0.003834,50
"scenario_label=random,TOTAL_TAGS=7000",LAPCT,system_efficiency,0.498540,0.000000,0.498540,0.000000,50
"scenario_label=random,TOTAL_TAGS=7000",LAPCT,collision_slots,7041.000000,0.000000,7041.000000,0.000000,50
"scenario_label=random,TOTAL_TAGS=7000",LAPCT,idle_slots,0.000000,0.000000,0.000000,0.000000,50
"scenario_label=random,TOTAL_TAGS=7000",LAPCT,total_energy_uj,6350480.513515,289.524350,6350940.467706,80.252055,50
"scenario_label=random,TOTAL_TAGS=7000",LAPCT,total_listening_energy_uj,6345216.536035,288.377470,6345674.899231,79.934157,50
"scenario_label=random,TOTAL_TAGS=7000",LAPCT,total_transmission_energy_uj,5263.977480,1.991754,5267.335150,0.552086,50
"scenario_label=random,TOTAL_TAGS=7000",LAPCT,total_bits,7346468.040000,3809.325512,7353132.200000,1055.891161,50
"scenario_label=random,TOTAL_TAGS=7000",LAPCT,avg_tag_bits,897.996057,0.536458,898.945643,0.148698,50
"scenario_label=random,TOTAL_TAGS=7000",LAPCT,avg_reader_bits,151.499377,0.014821,151.525300,0.004108,50
"scenario_label=random,TOTAL_TAGS=7000",LAPCT,avg_total_bits,1049.495434,0.544189,1050.447457,0.150842,50
"scenario_label=random,TOTAL_TAGS=7000",LAPCT,avg_query_efficiency,0.994177,0.000000,0.994177,0.000000,50
"scenario_label=random,TOTAL_TAGS=7000",LAPCT,peak_stack_depth,17.280000,0.496518,18.000000,0.137628,50
"scenario_label=random,TOTAL_TAGS=7000",LAPCT,avg_tag_responses,11.104771,0.006571,11.116107,0.001821,50
"scenario_label=random,TOTAL_TAGS=7000",NLHQT(n=2),total_protocol_time_ms,12855.860950,40.801207,12913.108250,11.309517,50
"scenario_label=random,TOTAL_TAGS=7000",NLHQT(n=2),throughput_tags_per_sec,544.504110,1.728780,547.468315,0.479194,50
"scenario_label=random,TOTAL_TAGS=7000",NLHQT(n=2),system_efficiency,0.354614,0.001117,0.356415,0.000310,50
"scenario_label=random,TOTAL_TAGS=7000",NLHQT(n=2),collision_slots,12739.960000,62.178466,12822.550000,17.234991,50
"scenario_label=random,TOTAL_TAGS=7000",NLHQT(n=2),idle_slots,0.000000,0.000000,0.000000,0.000000,50
"scenario_label=random,TOTAL_TAGS=7000",NLHQT(n=2),total_energy_uj,4501039.286600,16798.896257,4529215.653075,4656.416476,50
"scenario_label=random,TOTAL_TAGS=7000",NLHQT(n=2),total_listening_energy_uj,4499403.922360,16796.070488,4527576.498425,4655.633213,50
"scenario_label=random,TOTAL_TAGS=7000",NLHQT(n=2),total_transmission_energy_uj,1635.364240,3.307764,1640.088550,0.916866,50
"scenario_label=random,TOTAL_TAGS=7000",NLHQT(n=2),total_bits,1912835.480000,1773.543429,1915437.500000,491.601158,50
"scenario_label=random,TOTAL_TAGS=7000",NLHQT(n=2),avg_tag_bits,208.600640,0.024138,208.644600,0.006691,50
"scenario_label=random,TOTAL_TAGS=7000",NLHQT(n=2),avg_reader_bits,64.661571,0.230605,64.987600,0.063920,50
"scenario_label=random,TOTAL_TAGS=7000",NLHQT(n=2),avg_total_bits,273.262211,0.253363,273.633929,0.070229,50
"scenario_label=random,TOTAL_TAGS=7000",NLHQT(n=2),avg_query_efficiency,0.549465,0.002682,0.553795,0.000743,50
"scenario_label=random,TOTAL_TAGS=7000",NLHQT(n=2),peak_stack_depth,20.440000,0.812153,21.550000,0.225117,50
"scenario_label=random,TOTAL_TAGS=7000",NLHQT(n=2),avg_tag_responses,9.300320,0.012069,9.322300,0.003345,50
"scenario_label=random,TOTAL_TAGS=7000",SGCT,total_protocol_time_ms,7897.100775,31.361022,7948.740250,8.692832,50
"scenario_label=random,TOTAL_TAGS=7000",SGCT,throughput_tags_per_sec,886.414953,3.521096,891.852663,0.975998,50
"scenario_label=random,TOTAL_TAGS=7000",SGCT,system_efficiency,0.853134,0.003583,0.858669,0.000993,50
"scenario_label=random,TOTAL_TAGS=7000",SGCT,collision_slots,1205.180000,34.446462,1261.950000,9.548072,50
"scenario_label=random,TOTAL_TAGS=7000",SGCT,idle_slots,0.000000,0.000000,0.000000,0.000000,50
"scenario_label=random,TOTAL_TAGS=7000",SGCT,total_energy_uj,2785021.600163,12044.549385,2801498.477181,3338.578758,50
"scenario_label=random,TOTAL_TAGS=7000",SGCT,total_listening_energy_uj,2784109.143162,12041.083197,2800579.201681,3337.617980,50
"scenario_label=random,TOTAL_TAGS=7000",SGCT,total_transmission_energy_uj,912.457000,4.241151,919.417000,1.175587,50
"scenario_label=random,TOTAL_TAGS=7000",SGCT,total_bits,1147221.860000,2550.742245,1151435.900000,707.029678,50
"scenario_label=random,TOTAL_TAGS=7000",SGCT,avg_tag_bits,131.617783,0.082753,131.746636,0.022938,50
"scenario_label=random,TOTAL_TAGS=7000",SGCT,avg_reader_bits,32.271054,0.282515,32.735429,0.078309,50
"scenario_label=random,TOTAL_TAGS=7000",SGCT,avg_total_bits,163.888837,0.364392,164.490843,0.101004,50
"scenario_label=random,TOTAL_TAGS=7000",SGCT,avg_query_efficiency,5.812929,0.166764,6.075653,0.046225,50
"scenario_label=random,TOTAL_TAGS=7000",SGCT,peak_stack_depth,256.860000,0.989949,259.000000,0.274400,50
"scenario_label=random,TOTAL_TAGS=7000",SGCT,progressive_probe_count,603.740000,17.309676,632.650000,4.797998,50
"scenario_label=random,TOTAL_TAGS=7000",SGCT,signature_grouping_trigger_count,602.440000,17.153758,630.750000,4.754779,50
"scenario_label=random,TOTAL_TAGS=7000",SGCT,local_short_id_trigger_count,257.000000,0.000000,257.000000,0.000000,50
"scenario_label=random,TOTAL_TAGS=7000",SGCT,signature_groups_pruned,63717.600000,257.306377,64142.250000,71.321689,50
"scenario_label=random,TOTAL_TAGS=7000",SGCT,sparse_signature_groups,7601.440000,17.153758,7629.750000,4.754779,50
"scenario_label=random,TOTAL_TAGS=7000",SGCT,signature_marker_bits,14703.700000,35.119185,14759.400000,9.734541,50
"scenario_label=random,TOTAL_TAGS=7000",SGCT,signature_marker_tag_bits,14703.700000,35.119185,14759.400000,9.734541,50
"scenario_label=random,TOTAL_TAGS=7000",SGCT,signature_non_idle_marker_count,7601.440000,17.153758,7629.750000,4.754779,50
"scenario_label=random,TOTAL_TAGS=7000",SGCT,signature_collision_groups,601.440000,17.153758,629.750000,4.754779,50
"scenario_label=random,TOTAL_TAGS=7000",SGCT,signature_singleton_groups,7000.000000,0.000000,7000.000000,0.000000,50
"scenario_label=random,TOTAL_TAGS=7000",SGCT,low_d_fallback_count,0.000000,0.000000,0.000000,0.000000,50
"scenario_label=random,TOTAL_TAGS=7000",SGCT,suffix_signature_trigger_count,0.000000,0.000000,0.000000,0.000000,50
"scenario_label=random,TOTAL_TAGS=7000",SGCT,hash_short_id_round_count,0.000000,0.000000,0.000000,0.000000,50
"scenario_label=random,TOTAL_TAGS=7000",SGCT,hash_short_id_split_count,0.000000,0.000000,0.000000,0.000000,50
"scenario_label=random,TOTAL_TAGS=7000",SGCT,hash_short_id_collision_groups,0.000000,0.000000,0.000000,0.000000,50
"scenario_label=random,TOTAL_TAGS=7000",SGCT,hash_short_id_singleton_groups,0.000000,0.000000,0.000000,0.000000,50
"scenario_label=random,TOTAL_TAGS=7000",SGCT,small_cluster_guard_count,0.000000,0.000000,0.000000,0.000000,50
"scenario_label=random,TOTAL_TAGS=7000",SGCT,max_signature_d,8.000000,0.000000,8.000000,0.000000,50
"scenario_label=random,TOTAL_TAGS=7000",SGCT,epc_verification_count,7000.000000,0.000000,7000.000000,0.000000,50
"scenario_label=random,TOTAL_TAGS=7000",SGCT,verify_fail_count,0.000000,0.000000,0.000000,0.000000,50
"scenario_label=random,TOTAL_TAGS=7000",SGCT,avg_tag_responses,4.201429,0.010073,4.217772,0.002792,50
"scenario_label=sequential,TOTAL_TAGS=1000",DQTA(k_max=3),total_protocol_time_ms,1862.881250,0.000000,1862.881250,0.000000,50
"scenario_label=sequential,TOTAL_TAGS=1000",DQTA(k_max=3),throughput_tags_per_sec,536.802869,0.000000,536.802869,0.000000,50
"scenario_label=sequential,TOTAL_TAGS=1000",DQTA(k_max=3),system_efficiency,0.468165,0.000000,0.468165,0.000000,50
"scenario_label=sequential,TOTAL_TAGS=1000",DQTA(k_max=3),collision_slots,1135.000000,0.000000,1135.000000,0.000000,50
"scenario_label=sequential,TOTAL_TAGS=1000",DQTA(k_max=3),idle_slots,1.000000,0.000000,1.000000,0.000000,50
"scenario_label=sequential,TOTAL_TAGS=1000",DQTA(k_max=3),total_energy_uj,93553.397500,0.000000,93553.397500,0.000000,50
"scenario_label=sequential,TOTAL_TAGS=1000",DQTA(k_max=3),total_listening_energy_uj,93268.157500,0.000000,93268.157500,0.000000,50
"scenario_label=sequential,TOTAL_TAGS=1000",DQTA(k_max=3),total_transmission_energy_uj,285.240000,0.000000,285.240000,0.000000,50
"scenario_label=sequential,TOTAL_TAGS=1000",DQTA(k_max=3),total_bits,168102.000000,0.000000,168102.000000,0.000000,50
"scenario_label=sequential,TOTAL_TAGS=1000",DQTA(k_max=3),avg_tag_bits,33.976000,0.000000,33.976000,0.000000,50
"scenario_label=sequential,TOTAL_TAGS=1000",DQTA(k_max=3),avg_reader_bits,134.126000,0.000000,134.126000,0.000000,50
"scenario_label=sequential,TOTAL_TAGS=1000",DQTA(k_max=3),avg_total_bits,168.102000,0.000000,168.102000,0.000000,50
"scenario_label=sequential,TOTAL_TAGS=1000",DQTA(k_max=3),avg_query_efficiency,0.881057,0.000000,0.881057,0.000000,50
"scenario_label=sequential,TOTAL_TAGS=1000",DQTA(k_max=3),peak_stack_depth,21.000000,0.000000,21.000000,0.000000,50
"scenario_label=sequential,TOTAL_TAGS=1000",DQTA(k_max=3),avg_tag_responses,3.992000,0.000000,3.992000,0.000000,50
"scenario_label=sequential,TOTAL_TAGS=1000",DRCT,total_protocol_time_ms,1882.913750,0.000000,1882.913750,0.000000,50
"scenario_label=sequential,TOTAL_TAGS=1000",DRCT,throughput_tags_per_sec,531.091772,0.000000,531.091772,0.000000,50
"scenario_label=sequential,TOTAL_TAGS=1000",DRCT,system_efficiency,0.459982,0.000000,0.459982,0.000000,50
"scenario_label=sequential,TOTAL_TAGS=1000",DRCT,collision_slots,1086.000000,0.000000,1086.000000,0.000000,50
"scenario_label=sequential,TOTAL_TAGS=1000",DRCT,idle_slots,88.000000,0.000000,88.000000,0.000000,50
"scenario_label=sequential,TOTAL_TAGS=1000",DRCT,total_energy_uj,99760.797000,0.000000,99760.797000,0.000000,50
"scenario_label=sequential,TOTAL_TAGS=1000",DRCT,energy_per_tag_uj,99.760797,0.000000,99.760797,0.000000,50
"scenario_label=sequential,TOTAL_TAGS=1000",DRCT,total_reader_tx_energy_uj,264.612000,0.000000,264.612000,0.000000,50
"scenario_label=sequential,TOTAL_TAGS=1000",DRCT,total_tag_tx_energy_uj,192.035000,0.000000,192.035000,0.000000,50
"scenario_label=sequential,TOTAL_TAGS=1000",DRCT,total_listening_energy_uj,99304.150000,0.000000,99304.150000,0.000000,50
"scenario_label=sequential,TOTAL_TAGS=1000",DRCT,total_transmission_energy_uj,456.647000,0.000000,456.647000,0.000000,50
"scenario_label=sequential,TOTAL_TAGS=1000",DRCT,total_bits,516376.000000,0.000000,516376.000000,0.000000,50
"scenario_label=sequential,TOTAL_TAGS=1000",DRCT,avg_tag_bits,384.070000,0.000000,384.070000,0.000000,50
"scenario_label=sequential,TOTAL_TAGS=1000",DRCT,avg_reader_bits,132.306000,0.000000,132.306000,0.000000,50
"scenario_label=sequential,TOTAL_TAGS=1000",DRCT,avg_total_bits,516.376000,0.000000,516.376000,0.000000,50
"scenario_label=sequential,TOTAL_TAGS=1000",DRCT,avg_query_efficiency,0.920810,0.000000,0.920810,0.000000,50
"scenario_label=sequential,TOTAL_TAGS=1000",DRCT,peak_stack_depth,10.000000,0.000000,10.000000,0.000000,50
"scenario_label=sequential,TOTAL_TAGS=1000",DRCT,avg_tag_responses,96.000000,0.000000,96.000000,0.000000,50
"scenario_label=sequential,TOTAL_TAGS=1000",EAQ_CBB,total_protocol_time_ms,2905.933150,26.499602,2943.411375,7.345315,50
"scenario_label=sequential,TOTAL_TAGS=1000",EAQ_CBB,throughput_tags_per_sec,344.151714,3.152951,348.967303,0.873954,50
"scenario_label=sequential,TOTAL_TAGS=1000",EAQ_CBB,system_efficiency,0.546394,0.004840,0.553772,0.001342,50
"scenario_label=sequential,TOTAL_TAGS=1000",EAQ_CBB,collision_slots,830.320000,16.138988,853.100000,4.473499,50
"scenario_label=sequential,TOTAL_TAGS=1000",EAQ_CBB,idle_slots,0.000000,0.000000,0.000000,0.000000,50
"scenario_label=sequential,TOTAL_TAGS=1000",EAQ_CBB,total_energy_uj,145897.920103,1587.631518,148428.961963,440.069005,50
"scenario_label=sequential,TOTAL_TAGS=1000",EAQ_CBB,total_listening_energy_uj,145452.348422,1584.159396,147978.909762,439.106582,50
"scenario_label=sequential,TOTAL_TAGS=1000",EAQ_CBB,total_transmission_energy_uj,445.571680,4.033897,451.338825,1.118139,50
"scenario_label=sequential,TOTAL_TAGS=1000",EAQ_CBB,total_bits,238389.440000,2131.813180,241474.600000,590.908466,50
"scenario_label=sequential,TOTAL_TAGS=1000",EAQ_CBB,avg_tag_bits,20.804800,0.232179,21.129750,0.064357,50
"scenario_label=sequential,TOTAL_TAGS=1000",EAQ_CBB,avg_reader_bits,217.584640,1.980583,220.379000,0.548990,50
"scenario_label=sequential,TOTAL_TAGS=1000",EAQ_CBB,avg_total_bits,238.389440,2.131813,241.474600,0.590908,50
"scenario_label=sequential,TOTAL_TAGS=1000",EAQ_CBB,avg_query_efficiency,1.204806,0.023665,1.241010,0.006560,50
"scenario_label=sequential,TOTAL_TAGS=1000",EAQ_CBB,peak_stack_depth,249.000000,2.231500,252.000000,0.618540,50
"scenario_label=sequential,TOTAL_TAGS=1000",EAQ_CBB,avg_tag_responses,3.787120,0.041980,3.838000,0.011636,50
"scenario_label=sequential,TOTAL_TAGS=1000",EMDT,total_protocol_time_ms,1330.810100,37.231553,1391.474500,10.320060,50
"scenario_label=sequential,TOTAL_TAGS=1000",EMDT,throughput_tags_per_sec,751.995826,20.940497,783.024046,5.804410,50
"scenario_label=sequential,TOTAL_TAGS=1000",EMDT,system_efficiency,0.568565,0.026658,0.606125,0.007389,50
"scenario_label=sequential,TOTAL_TAGS=1000",EMDT,collision_slots,553.180000,41.462395,621.150000,11.492790,50
"scenario_label=sequential,TOTAL_TAGS=1000",EMDT,idle_slots,209.460000,42.632846,284.600000,11.817222,50
"scenario_label=sequential,TOTAL_TAGS=1000",EMDT,total_energy_uj,66834.290775,2286.859895,70829.020637,633.885223,50
"scenario_label=sequential,TOTAL_TAGS=1000",EMDT,total_listening_energy_uj,66708.207495,2287.993896,70705.214438,634.199552,50
"scenario_label=sequential,TOTAL_TAGS=1000",EMDT,total_transmission_energy_uj,126.083280,2.374773,129.288000,0.658254,50
"scenario_label=sequential,TOTAL_TAGS=1000",EMDT,total_bits,167769.720000,2268.119675,170772.000000,628.690699,50
"scenario_label=sequential,TOTAL_TAGS=1000",EMDT,avg_tag_bits,139.637440,1.516056,141.722400,0.420229,50
"scenario_label=sequential,TOTAL_TAGS=1000",EMDT,avg_reader_bits,28.132280,0.860039,29.414000,0.238391,50
"scenario_label=sequential,TOTAL_TAGS=1000",EMDT,avg_total_bits,167.769720,2.268120,170.772000,0.628691,50
"scenario_label=sequential,TOTAL_TAGS=1000",EMDT,avg_query_efficiency,1.817649,0.135554,2.031167,0.037574,50
"scenario_label=sequential,TOTAL_TAGS=1000",EMDT,peak_stack_depth,34.020000,1.237014,36.000000,0.342883,50
"scenario_label=sequential,TOTAL_TAGS=1000",EMDT,avg_tag_responses,4.524960,0.067090,4.641550,0.018596,50
"scenario_label=sequential,TOTAL_TAGS=1000",HT_EEAC,total_protocol_time_ms,2591.412150,54.823480,2681.484750,15.196293,50
"scenario_label=sequential,TOTAL_TAGS=1000",HT_EEAC,throughput_tags_per_sec,386.059320,8.169569,399.257348,2.264489,50
"scenario_label=sequential,TOTAL_TAGS=1000",HT_EEAC,system_efficiency,0.214939,0.006305,0.223801,0.001748,50
"scenario_label=sequential,TOTAL_TAGS=1000",HT_EEAC,collision_slots,2498.920000,94.677937,2650.900000,26.243385,50
"scenario_label=sequential,TOTAL_TAGS=1000",HT_EEAC,idle_slots,1157.500000,96.181217,1309.600000,26.660073,50
"scenario_label=sequential,TOTAL_TAGS=1000",HT_EEAC,total_energy_uj,147533.303860,3463.883471,152638.264650,960.139513,50
"scenario_label=sequential,TOTAL_TAGS=1000",HT_EEAC,total_listening_energy_uj,147252.430020,3458.569181,152345.721450,958.666467,50
"scenario_label=sequential,TOTAL_TAGS=1000",HT_EEAC,total_transmission_energy_uj,280.873840,6.577956,292.212400,1.823317,50
"scenario_label=sequential,TOTAL_TAGS=1000",HT_EEAC,total_bits,254423.960000,4222.684599,261170.600000,1170.468455,50
"scenario_label=sequential,TOTAL_TAGS=1000",HT_EEAC,avg_tag_bits,151.982720,1.514847,154.414400,0.419894,50
"scenario_label=sequential,TOTAL_TAGS=1000",HT_EEAC,avg_reader_bits,102.441240,3.008849,107.624000,0.834010,50
"scenario_label=sequential,TOTAL_TAGS=1000",HT_EEAC,avg_total_bits,254.423960,4.222685,261.170600,1.170468,50
"scenario_label=sequential,TOTAL_TAGS=1000",HT_EEAC,avg_query_efficiency,0.400747,0.015486,0.429000,0.004293,50
"scenario_label=sequential,TOTAL_TAGS=1000",HT_EEAC,avg_tag_responses,82.430280,12.356669,103.835800,3.425094,50
"scenario_label=sequential,TOTAL_TAGS=1000",LAPCT,total_protocol_time_ms,3047.530000,0.000000,3047.530000,0.000000,50
"scenario_label=sequential,TOTAL_TAGS=1000",LAPCT,throughput_tags_per_sec,328.134588,0.000000,328.134588,0.000000,50
"scenario_label=sequential,TOTAL_TAGS=1000",LAPCT,system_efficiency,0.490436,0.000000,0.490436,0.000000,50
"scenario_label=sequential,TOTAL_TAGS=1000",LAPCT,collision_slots,1039.000000,0.000000,1039.000000,0.000000,50
"scenario_label=sequential,TOTAL_TAGS=1000",LAPCT,idle_slots,0.000000,0.000000,0.000000,0.000000,50
"scenario_label=sequential,TOTAL_TAGS=1000",LAPCT,total_energy_uj,153431.449500,0.000000,153431.449500,0.000000,50
"scenario_label=sequential,TOTAL_TAGS=1000",LAPCT,total_listening_energy_uj,152955.593500,0.000000,152955.593500,0.000000,50
"scenario_label=sequential,TOTAL_TAGS=1000",LAPCT,total_transmission_energy_uj,475.856000,0.000000,475.856000,0.000000,50
"scenario_label=sequential,TOTAL_TAGS=1000",LAPCT,total_bits,263524.000000,0.000000,263524.000000,0.000000,50
"scenario_label=sequential,TOTAL_TAGS=1000",LAPCT,avg_tag_bits,34.128000,0.000000,34.128000,0.000000,50
"scenario_label=sequential,TOTAL_TAGS=1000",LAPCT,avg_reader_bits,229.396000,0.000000,229.396000,0.000000,50
"scenario_label=sequential,TOTAL_TAGS=1000",LAPCT,avg_total_bits,263.524000,0.000000,263.524000,0.000000,50
"scenario_label=sequential,TOTAL_TAGS=1000",LAPCT,avg_query_efficiency,0.962464,0.000000,0.962464,0.000000,50
"scenario_label=sequential,TOTAL_TAGS=1000",LAPCT,peak_stack_depth,13.000000,0.000000,13.000000,0.000000,50
"scenario_label=sequential,TOTAL_TAGS=1000",LAPCT,avg_tag_responses,8.024000,0.000000,8.024000,0.000000,50
"scenario_label=sequential,TOTAL_TAGS=1000",NLHQT(n=2),total_protocol_time_ms,651.062500,0.000000,651.062500,0.000000,50
"scenario_label=sequential,TOTAL_TAGS=1000",NLHQT(n=2),throughput_tags_per_sec,1535.950850,0.000000,1535.950850,0.000000,50
"scenario_label=sequential,TOTAL_TAGS=1000",NLHQT(n=2),system_efficiency,0.428266,0.000000,0.428266,0.000000,50
"scenario_label=sequential,TOTAL_TAGS=1000",NLHQT(n=2),collision_slots,1335.000000,0.000000,1335.000000,0.000000,50
"scenario_label=sequential,TOTAL_TAGS=1000",NLHQT(n=2),idle_slots,0.000000,0.000000,0.000000,0.000000,50
"scenario_label=sequential,TOTAL_TAGS=1000",NLHQT(n=2),total_energy_uj,32799.950000,0.000000,32799.950000,0.000000,50
"scenario_label=sequential,TOTAL_TAGS=1000",NLHQT(n=2),total_listening_energy_uj,32699.802000,0.000000,32699.802000,0.000000,50
"scenario_label=sequential,TOTAL_TAGS=1000",NLHQT(n=2),total_transmission_energy_uj,100.148000,0.000000,100.148000,0.000000,50
"scenario_label=sequential,TOTAL_TAGS=1000",NLHQT(n=2),total_bits,72574.000000,0.000000,72574.000000,0.000000,50
"scenario_label=sequential,TOTAL_TAGS=1000",NLHQT(n=2),avg_tag_bits,30.000000,0.000000,30.000000,0.000000,50
"scenario_label=sequential,TOTAL_TAGS=1000",NLHQT(n=2),avg_reader_bits,42.574000,0.000000,42.574000,0.000000,50
"scenario_label=sequential,TOTAL_TAGS=1000",NLHQT(n=2),avg_total_bits,72.574000,0.000000,72.574000,0.000000,50
"scenario_label=sequential,TOTAL_TAGS=1000",NLHQT(n=2),avg_query_efficiency,0.749064,0.000000,0.749064,0.000000,50
"scenario_label=sequential,TOTAL_TAGS=1000",NLHQT(n=2),peak_stack_depth,16.000000,0.000000,16.000000,0.000000,50
"scenario_label=sequential,TOTAL_TAGS=1000",NLHQT(n=2),avg_tag_responses,7.000000,0.000000,7.000000,0.000000,50
"scenario_label=sequential,TOTAL_TAGS=1000",SGCT,total_protocol_time_ms,428.770000,0.000000,428.770000,0.000000,50
"scenario_label=sequential,TOTAL_TAGS=1000",SGCT,throughput_tags_per_sec,2332.252723,0.000000,2332.252723,0.000000,50
"scenario_label=sequential,TOTAL_TAGS=1000",SGCT,system_efficiency,1.000000,0.000000,1.000000,0.000000,50
"scenario_label=sequential,TOTAL_TAGS=1000",SGCT,collision_slots,0.000000,0.000000,0.000000,0.000000,50
"scenario_label=sequential,TOTAL_TAGS=1000",SGCT,idle_slots,0.000000,0.000000,0.000000,0.000000,50
"scenario_label=sequential,TOTAL_TAGS=1000",SGCT,total_energy_uj,21905.866000,0.000000,21905.866000,0.000000,50
"scenario_label=sequential,TOTAL_TAGS=1000",SGCT,total_listening_energy_uj,21856.000000,0.000000,21856.000000,0.000000,50
"scenario_label=sequential,TOTAL_TAGS=1000",SGCT,total_transmission_energy_uj,49.866000,0.000000,49.866000,0.000000,50
"scenario_label=sequential,TOTAL_TAGS=1000",SGCT,total_bits,33183.000000,0.000000,33183.000000,0.000000,50
"scenario_label=sequential,TOTAL_TAGS=1000",SGCT,avg_tag_bits,11.000000,0.000000,11.000000,0.000000,50
"scenario_label=sequential,TOTAL_TAGS=1000",SGCT,avg_reader_bits,22.183000,0.000000,22.183000,0.000000,50
"scenario_label=sequential,TOTAL_TAGS=1000",SGCT,avg_total_bits,33.183000,0.000000,33.183000,0.000000,50
"scenario_label=sequential,TOTAL_TAGS=1000",SGCT,avg_query_efficiency,1000.000000,0.000000,1000.000000,0.000000,50
"scenario_label=sequential,TOTAL_TAGS=1000",SGCT,peak_stack_depth,0.000000,0.000000,0.000000,0.000000,50
"scenario_label=sequential,TOTAL_TAGS=1000",SGCT,progressive_probe_count,0.000000,0.000000,0.000000,0.000000,50
"scenario_label=sequential,TOTAL_TAGS=1000",SGCT,signature_grouping_trigger_count,1.000000,0.000000,1.000000,0.000000,50
"scenario_label=sequential,TOTAL_TAGS=1000",SGCT,local_short_id_trigger_count,1.000000,0.000000,1.000000,0.000000,50
"scenario_label=sequential,TOTAL_TAGS=1000",SGCT,signature_groups_pruned,24.000000,0.000000,24.000000,0.000000,50
"scenario_label=sequential,TOTAL_TAGS=1000",SGCT,sparse_signature_groups,1000.000000,0.000000,1000.000000,0.000000,50
"scenario_label=sequential,TOTAL_TAGS=1000",SGCT,signature_marker_bits,1000.000000,0.000000,1000.000000,0.000000,50
"scenario_label=sequential,TOTAL_TAGS=1000",SGCT,signature_marker_tag_bits,1000.000000,0.000000,1000.000000,0.000000,50
"scenario_label=sequential,TOTAL_TAGS=1000",SGCT,signature_non_idle_marker_count,1000.000000,0.000000,1000.000000,0.000000,50
"scenario_label=sequential,TOTAL_TAGS=1000",SGCT,signature_collision_groups,0.000000,0.000000,0.000000,0.000000,50
"scenario_label=sequential,TOTAL_TAGS=1000",SGCT,signature_singleton_groups,1000.000000,0.000000,1000.000000,0.000000,50
"scenario_label=sequential,TOTAL_TAGS=1000",SGCT,low_d_fallback_count,0.000000,0.000000,0.000000,0.000000,50
"scenario_label=sequential,TOTAL_TAGS=1000",SGCT,suffix_signature_trigger_count,1.000000,0.000000,1.000000,0.000000,50
"scenario_label=sequential,TOTAL_TAGS=1000",SGCT,hash_short_id_round_count,0.000000,0.000000,0.000000,0.000000,50
"scenario_label=sequential,TOTAL_TAGS=1000",SGCT,hash_short_id_split_count,0.000000,0.000000,0.000000,0.000000,50
"scenario_label=sequential,TOTAL_TAGS=1000",SGCT,hash_short_id_collision_groups,0.000000,0.000000,0.000000,0.000000,50
"scenario_label=sequential,TOTAL_TAGS=1000",SGCT,hash_short_id_singleton_groups,0.000000,0.000000,0.000000,0.000000,50
"scenario_label=sequential,TOTAL_TAGS=1000",SGCT,small_cluster_guard_count,0.000000,0.000000,0.000000,0.000000,50
"scenario_label=sequential,TOTAL_TAGS=1000",SGCT,max_signature_d,10.000000,0.000000,10.000000,0.000000,50
"scenario_label=sequential,TOTAL_TAGS=1000",SGCT,epc_verification_count,1000.000000,0.000000,1000.000000,0.000000,50
"scenario_label=sequential,TOTAL_TAGS=1000",SGCT,verify_fail_count,0.000000,0.000000,0.000000,0.000000,50
"scenario_label=sequential,TOTAL_TAGS=1000",SGCT,avg_tag_responses,1.000000,0.000000,1.000000,0.000000,50
"scenario_label=sequential,TOTAL_TAGS=10000",DQTA(k_max=3),total_protocol_time_ms,9760.685000,0.000000,9760.685000,0.000000,50
"scenario_label=sequential,TOTAL_TAGS=10000",DQTA(k_max=3),throughput_tags_per_sec,1024.518259,0.000000,1024.518259,0.000000,50
"scenario_label=sequential,TOTAL_TAGS=10000",DQTA(k_max=3),system_efficiency,0.635890,0.000000,0.635890,0.000000,50
"scenario_label=sequential,TOTAL_TAGS=10000",DQTA(k_max=3),collision_slots,5723.000000,0.000000,5723.000000,0.000000,50
"scenario_label=sequential,TOTAL_TAGS=10000",DQTA(k_max=3),idle_slots,3.000000,0.000000,3.000000,0.000000,50
"scenario_label=sequential,TOTAL_TAGS=10000",DQTA(k_max=3),total_energy_uj,4897848.687000,0.000000,4897848.687000,0.000000,50
"scenario_label=sequential,TOTAL_TAGS=10000",DQTA(k_max=3),total_listening_energy_uj,4896178.559000,0.000000,4896178.559000,0.000000,50
"scenario_label=sequential,TOTAL_TAGS=10000",DQTA(k_max=3),total_transmission_energy_uj,1670.128000,0.000000,1670.128000,0.000000,50
"scenario_label=sequential,TOTAL_TAGS=10000",DQTA(k_max=3),total_bits,1329872.000000,0.000000,1329872.000000,0.000000,50
"scenario_label=sequential,TOTAL_TAGS=10000",DQTA(k_max=3),avg_tag_bits,65.974400,0.000000,65.974400,0.000000,50
"scenario_label=sequential,TOTAL_TAGS=10000",DQTA(k_max=3),avg_reader_bits,67.012800,0.000000,67.012800,0.000000,50
"scenario_label=sequential,TOTAL_TAGS=10000",DQTA(k_max=3),avg_total_bits,132.987200,0.000000,132.987200,0.000000,50
"scenario_label=sequential,TOTAL_TAGS=10000",DQTA(k_max=3),avg_query_efficiency,1.747335,0.000000,1.747335,0.000000,50
"scenario_label=sequential,TOTAL_TAGS=10000",DQTA(k_max=3),peak_stack_depth,25.000000,0.000000,25.000000,0.000000,50
"scenario_label=sequential,TOTAL_TAGS=10000",DQTA(k_max=3),avg_tag_responses,4.998400,0.000000,4.998400,0.000000,50
"scenario_label=sequential,TOTAL_TAGS=10000",DRCT,total_protocol_time_ms,17994.676250,0.000000,17994.676250,0.000000,50
"scenario_label=sequential,TOTAL_TAGS=10000",DRCT,throughput_tags_per_sec,555.719917,0.000000,555.719917,0.000000,50
"scenario_label=sequential,TOTAL_TAGS=10000",DRCT,system_efficiency,0.495688,0.000000,0.495688,0.000000,50
"scenario_label=sequential,TOTAL_TAGS=10000",DRCT,collision_slots,10086.000000,0.000000,10086.000000,0.000000,50
"scenario_label=sequential,TOTAL_TAGS=10000",DRCT,idle_slots,88.000000,0.000000,88.000000,0.000000,50
"scenario_label=sequential,TOTAL_TAGS=10000",DRCT,total_energy_uj,9050979.850000,0.000000,9050979.850000,0.000000,50
"scenario_label=sequential,TOTAL_TAGS=10000",DRCT,energy_per_tag_uj,905.097985,0.000000,905.097985,0.000000,50
"scenario_label=sequential,TOTAL_TAGS=10000",DRCT,total_reader_tx_energy_uj,2533.680000,0.000000,2533.680000,0.000000,50
"scenario_label=sequential,TOTAL_TAGS=10000",DRCT,total_tag_tx_energy_uj,1920.307000,0.000000,1920.307000,0.000000,50
"scenario_label=sequential,TOTAL_TAGS=10000",DRCT,total_listening_energy_uj,9046525.863000,0.000000,9046525.863000,0.000000,50
"scenario_label=sequential,TOTAL_TAGS=10000",DRCT,total_transmission_energy_uj,4453.987000,0.000000,4453.987000,0.000000,50
"scenario_label=sequential,TOTAL_TAGS=10000",DRCT,total_bits,5107454.000000,0.000000,5107454.000000,0.000000,50
"scenario_label=sequential,TOTAL_TAGS=10000",DRCT,avg_tag_bits,384.061400,0.000000,384.061400,0.000000,50
"scenario_label=sequential,TOTAL_TAGS=10000",DRCT,avg_reader_bits,126.684000,0.000000,126.684000,0.000000,50
"scenario_label=sequential,TOTAL_TAGS=10000",DRCT,avg_total_bits,510.745400,0.000000,510.745400,0.000000,50
"scenario_label=sequential,TOTAL_TAGS=10000",DRCT,avg_query_efficiency,0.991473,0.000000,0.991473,0.000000,50
"scenario_label=sequential,TOTAL_TAGS=10000",DRCT,peak_stack_depth,14.000000,0.000000,14.000000,0.000000,50
"scenario_label=sequential,TOTAL_TAGS=10000",DRCT,avg_tag_responses,96.000000,0.000000,96.000000,0.000000,50
"scenario_label=sequential,TOTAL_TAGS=10000",EAQ_CBB,total_protocol_time_ms,29943.372700,104.378420,30104.664437,28.932222,50
"scenario_label=sequential,TOTAL_TAGS=10000",EAQ_CBB,throughput_tags_per_sec,333.967697,1.165655,335.884196,0.323103,50
"scenario_label=sequential,TOTAL_TAGS=10000",EAQ_CBB,system_efficiency,0.525466,0.001800,0.528405,0.000499,50
"scenario_label=sequential,TOTAL_TAGS=10000",EAQ_CBB,collision_slots,9030.960000,65.113076,9131.300000,18.048424,50
"scenario_label=sequential,TOTAL_TAGS=10000",EAQ_CBB,idle_slots,0.000000,0.000000,0.000000,0.000000,50
"scenario_label=sequential,TOTAL_TAGS=10000",EAQ_CBB,total_energy_uj,14979946.393105,58601.152261,15064127.003262,16243.410683,50
"scenario_label=sequential,TOTAL_TAGS=10000",EAQ_CBB,total_listening_energy_uj,14975346.783125,58587.363309,15059514.380413,16239.588580,50
"scenario_label=sequential,TOTAL_TAGS=10000",EAQ_CBB,total_transmission_energy_uj,4599.609980,15.793779,4623.889875,4.377812,50
"scenario_label=sequential,TOTAL_TAGS=10000",EAQ_CBB,total_bits,2504287.000000,8408.707168,2516747.950000,2330.774713,50
"scenario_label=sequential,TOTAL_TAGS=10000",EAQ_CBB,avg_tag_bits,27.264268,0.095039,27.408345,0.026343,50
"scenario_label=sequential,TOTAL_TAGS=10000",EAQ_CBB,avg_reader_bits,223.164432,0.773336,224.370690,0.214358,50
"scenario_label=sequential,TOTAL_TAGS=10000",EAQ_CBB,avg_total_bits,250.428700,0.840871,251.674795,0.233077,50
"scenario_label=sequential,TOTAL_TAGS=10000",EAQ_CBB,avg_query_efficiency,1.107359,0.008006,1.120467,0.002219,50
"scenario_label=sequential,TOTAL_TAGS=10000",EAQ_CBB,peak_stack_depth,2457.780000,5.574322,2465.000000,1.545123,50
"scenario_label=sequential,TOTAL_TAGS=10000",EAQ_CBB,avg_tag_responses,3.978740,0.014534,4.002200,0.004029,50
"scenario_label=sequential,TOTAL_TAGS=10000",EMDT,total_protocol_time_ms,13687.015600,130.891390,13874.544250,36.281242,50
"scenario_label=sequential,TOTAL_TAGS=10000",EMDT,throughput_tags_per_sec,730.685147,7.008935,744.173486,1.942778,50
"scenario_label=sequential,TOTAL_TAGS=10000",EMDT,system_efficiency,0.502262,0.007194,0.515306,0.001994,50
"scenario_label=sequential,TOTAL_TAGS=10000",EMDT,collision_slots,5953.280000,133.994066,6149.900000,37.141260,50
"scenario_label=sequential,TOTAL_TAGS=10000",EMDT,idle_slots,3960.640000,163.306243,4207.050000,45.266181,50
"scenario_label=sequential,TOTAL_TAGS=10000",EMDT,total_energy_uj,6841353.784530,68452.632339,6949916.110250,18974.101643,50
"scenario_label=sequential,TOTAL_TAGS=10000",EMDT,total_listening_energy_uj,6840125.082450,68452.221271,6948689.291850,18973.987701,50
"scenario_label=sequential,TOTAL_TAGS=10000",EMDT,total_transmission_energy_uj,1228.702080,6.988867,1240.325000,1.937215,50
"scenario_label=sequential,TOTAL_TAGS=10000",EMDT,total_bits,1722818.880000,5985.676238,1732640.800000,1659.144805,50
"scenario_label=sequential,TOTAL_TAGS=10000",EMDT,avg_tag_bits,147.795712,0.382657,148.439040,0.106067,50
"scenario_label=sequential,TOTAL_TAGS=10000",EMDT,avg_reader_bits,24.486176,0.282831,24.967910,0.078397,50
"scenario_label=sequential,TOTAL_TAGS=10000",EMDT,avg_total_bits,172.281888,0.598568,173.264080,0.165914,50
"scenario_label=sequential,TOTAL_TAGS=10000",EMDT,avg_query_efficiency,1.680588,0.038152,1.754774,0.010575,50
"scenario_label=sequential,TOTAL_TAGS=10000",EMDT,peak_stack_depth,47.040000,1.564400,49.000000,0.433630,50
"scenario_label=sequential,TOTAL_TAGS=10000",EMDT,avg_tag_responses,5.317396,0.025562,5.353825,0.007085,50
"scenario_label=sequential,TOTAL_TAGS=10000",HT_EEAC,total_protocol_time_ms,79132.322400,1626.113490,81465.449250,450.735663,50
"scenario_label=sequential,TOTAL_TAGS=10000",HT_EEAC,throughput_tags_per_sec,126.423766,2.640677,131.104812,0.731958,50
"scenario_label=sequential,TOTAL_TAGS=10000",HT_EEAC,system_efficiency,0.061988,0.001389,0.064451,0.000385,50
"scenario_label=sequential,TOTAL_TAGS=10000",HT_EEAC,collision_slots,145498.520000,3559.861223,150594.400000,986.743188,50
"scenario_label=sequential,TOTAL_TAGS=10000",HT_EEAC,idle_slots,5901.480000,132.883291,6092.550000,36.833369,50
"scenario_label=sequential,TOTAL_TAGS=10000",HT_EEAC,total_energy_uj,46570875.991426,1078764.551206,48270795.021646,299018.277949,50
"scenario_label=sequential,TOTAL_TAGS=10000",HT_EEAC,total_listening_energy_uj,46562050.403266,1078583.338058,48261692.038646,298968.048227,50
"scenario_label=sequential,TOTAL_TAGS=10000",HT_EEAC,total_transmission_energy_uj,8825.588160,184.795674,9090.803600,51.222748,50
"scenario_label=sequential,TOTAL_TAGS=10000",HT_EEAC,total_bits,6998776.320000,135101.617246,7192534.600000,37448.257724,50
"scenario_label=sequential,TOTAL_TAGS=10000",HT_EEAC,avg_tag_bits,344.797632,5.695778,352.951040,1.578789,50
"scenario_label=sequential,TOTAL_TAGS=10000",HT_EEAC,avg_reader_bits,355.080000,7.816678,366.302420,2.166673,50
"scenario_label=sequential,TOTAL_TAGS=10000",HT_EEAC,avg_total_bits,699.877632,13.510162,719.253460,3.744826,50
"scenario_label=sequential,TOTAL_TAGS=10000",HT_EEAC,avg_query_efficiency,0.068770,0.001716,0.071817,0.000476,50
"scenario_label=sequential,TOTAL_TAGS=10000",HT_EEAC,avg_tag_responses,251.183810,11.141873,267.563950,3.088370,50
"scenario_label=sequential,TOTAL_TAGS=10000",LAPCT,total_protocol_time_ms,30901.261250,0.000000,30901.261250,0.000000,50
"scenario_label=sequential,TOTAL_TAGS=10000",LAPCT,throughput_tags_per_sec,323.611387,0.000000,323.611387,0.000000,50
"scenario_label=sequential,TOTAL_TAGS=10000",LAPCT,system_efficiency,0.497587,0.000000,0.497587,0.000000,50
"scenario_label=sequential,TOTAL_TAGS=10000",LAPCT,collision_slots,10095.000000,0.000000,10095.000000,0.000000,50
"scenario_label=sequential,TOTAL_TAGS=10000",LAPCT,idle_slots,2.000000,0.000000,2.000000,0.000000,50
"scenario_label=sequential,TOTAL_TAGS=10000",LAPCT,total_energy_uj,15468050.924000,0.000000,15468050.924000,0.000000,50
"scenario_label=sequential,TOTAL_TAGS=10000",LAPCT,total_listening_energy_uj,15463069.730000,0.000000,15463069.730000,0.000000,50
"scenario_label=sequential,TOTAL_TAGS=10000",LAPCT,total_transmission_energy_uj,4981.194000,0.000000,4981.194000,0.000000,50
"scenario_label=sequential,TOTAL_TAGS=10000",LAPCT,total_bits,2973813.000000,0.000000,2973813.000000,0.000000,50
"scenario_label=sequential,TOTAL_TAGS=10000",LAPCT,avg_tag_bits,64.428800,0.000000,64.428800,0.000000,50
"scenario_label=sequential,TOTAL_TAGS=10000",LAPCT,avg_reader_bits,232.952500,0.000000,232.952500,0.000000,50
"scenario_label=sequential,TOTAL_TAGS=10000",LAPCT,avg_total_bits,297.381300,0.000000,297.381300,0.000000,50
"scenario_label=sequential,TOTAL_TAGS=10000",LAPCT,avg_query_efficiency,0.990589,0.000000,0.990589,0.000000,50
"scenario_label=sequential,TOTAL_TAGS=10000",LAPCT,peak_stack_depth,17.000000,0.000000,17.000000,0.000000,50
"scenario_label=sequential,TOTAL_TAGS=10000",LAPCT,avg_tag_responses,10.995200,0.000000,10.995200,0.000000,50
"scenario_label=sequential,TOTAL_TAGS=10000",NLHQT(n=2),total_protocol_time_ms,7161.840000,0.000000,7161.840000,0.000000,50
"scenario_label=sequential,TOTAL_TAGS=10000",NLHQT(n=2),throughput_tags_per_sec,1396.289222,0.000000,1396.289222,0.000000,50
"scenario_label=sequential,TOTAL_TAGS=10000",NLHQT(n=2),system_efficiency,0.428467,0.000000,0.428467,0.000000,50
"scenario_label=sequential,TOTAL_TAGS=10000",NLHQT(n=2),collision_slots,13339.000000,0.000000,13339.000000,0.000000,50
"scenario_label=sequential,TOTAL_TAGS=10000",NLHQT(n=2),idle_slots,0.000000,0.000000,0.000000,0.000000,50
"scenario_label=sequential,TOTAL_TAGS=10000",NLHQT(n=2),total_energy_uj,3583741.116000,0.000000,3583741.116000,0.000000,50
"scenario_label=sequential,TOTAL_TAGS=10000",NLHQT(n=2),total_listening_energy_uj,3582575.196000,0.000000,3582575.196000,0.000000,50
"scenario_label=sequential,TOTAL_TAGS=10000",NLHQT(n=2),total_transmission_energy_uj,1165.920000,0.000000,1165.920000,0.000000,50
"scenario_label=sequential,TOTAL_TAGS=10000",NLHQT(n=2),total_bits,897960.000000,0.000000,897960.000000,0.000000,50
"scenario_label=sequential,TOTAL_TAGS=10000",NLHQT(n=2),avg_tag_bits,42.000000,0.000000,42.000000,0.000000,50
"scenario_label=sequential,TOTAL_TAGS=10000",NLHQT(n=2),avg_reader_bits,47.796000,0.000000,47.796000,0.000000,50
"scenario_label=sequential,TOTAL_TAGS=10000",NLHQT(n=2),avg_total_bits,89.796000,0.000000,89.796000,0.000000,50
"scenario_label=sequential,TOTAL_TAGS=10000",NLHQT(n=2),avg_query_efficiency,0.749681,0.000000,0.749681,0.000000,50
"scenario_label=sequential,TOTAL_TAGS=10000",NLHQT(n=2),peak_stack_depth,21.000000,0.000000,21.000000,0.000000,50
"scenario_label=sequential,TOTAL_TAGS=10000",NLHQT(n=2),avg_tag_responses,9.000000,0.000000,9.000000,0.000000,50
"scenario_label=sequential,TOTAL_TAGS=10000",SGCT,total_protocol_time_ms,4609.660000,0.000000,4609.660000,0.000000,50
"scenario_label=sequential,TOTAL_TAGS=10000",SGCT,throughput_tags_per_sec,2169.357393,0.000000,2169.357393,0.000000,50
"scenario_label=sequential,TOTAL_TAGS=10000",SGCT,system_efficiency,0.969462,0.000000,0.969462,0.000000,50
"scenario_label=sequential,TOTAL_TAGS=10000",SGCT,collision_slots,315.000000,0.000000,315.000000,0.000000,50
"scenario_label=sequential,TOTAL_TAGS=10000",SGCT,idle_slots,0.000000,0.000000,0.000000,0.000000,50
"scenario_label=sequential,TOTAL_TAGS=10000",SGCT,total_energy_uj,2325443.362000,0.000000,2325443.362000,0.000000,50
"scenario_label=sequential,TOTAL_TAGS=10000",SGCT,total_listening_energy_uj,2324736.526000,0.000000,2324736.526000,0.000000,50
"scenario_label=sequential,TOTAL_TAGS=10000",SGCT,total_transmission_energy_uj,706.836000,0.000000,706.836000,0.000000,50
"scenario_label=sequential,TOTAL_TAGS=10000",SGCT,total_bits,623370.000000,0.000000,623370.000000,0.000000,50
"scenario_label=sequential,TOTAL_TAGS=10000",SGCT,avg_tag_bits,35.993600,0.000000,35.993600,0.000000,50
"scenario_label=sequential,TOTAL_TAGS=10000",SGCT,avg_reader_bits,26.343400,0.000000,26.343400,0.000000,50
"scenario_label=sequential,TOTAL_TAGS=10000",SGCT,avg_total_bits,62.337000,0.000000,62.337000,0.000000,50
"scenario_label=sequential,TOTAL_TAGS=10000",SGCT,avg_query_efficiency,31.746032,0.000000,31.746032,0.000000,50
"scenario_label=sequential,TOTAL_TAGS=10000",SGCT,peak_stack_depth,157.000000,0.000000,157.000000,0.000000,50
"scenario_label=sequential,TOTAL_TAGS=10000",SGCT,progressive_probe_count,158.000000,0.000000,158.000000,0.000000,50
"scenario_label=sequential,TOTAL_TAGS=10000",SGCT,signature_grouping_trigger_count,158.000000,0.000000,158.000000,0.000000,50
"scenario_label=sequential,TOTAL_TAGS=10000",SGCT,local_short_id_trigger_count,1.000000,0.000000,1.000000,0.000000,50
"scenario_label=sequential,TOTAL_TAGS=10000",SGCT,signature_groups_pruned,99.000000,0.000000,99.000000,0.000000,50
"scenario_label=sequential,TOTAL_TAGS=10000",SGCT,sparse_signature_groups,10157.000000,0.000000,10157.000000,0.000000,50
"scenario_label=sequential,TOTAL_TAGS=10000",SGCT,signature_marker_bits,20000.000000,0.000000,20000.000000,0.000000,50
"scenario_label=sequential,TOTAL_TAGS=10000",SGCT,signature_marker_tag_bits,20000.000000,0.000000,20000.000000,0.000000,50
"scenario_label=sequential,TOTAL_TAGS=10000",SGCT,signature_non_idle_marker_count,10157.000000,0.000000,10157.000000,0.000000,50
"scenario_label=sequential,TOTAL_TAGS=10000",SGCT,signature_collision_groups,157.000000,0.000000,157.000000,0.000000,50
"scenario_label=sequential,TOTAL_TAGS=10000",SGCT,signature_singleton_groups,10000.000000,0.000000,10000.000000,0.000000,50
"scenario_label=sequential,TOTAL_TAGS=10000",SGCT,low_d_fallback_count,0.000000,0.000000,0.000000,0.000000,50
"scenario_label=sequential,TOTAL_TAGS=10000",SGCT,suffix_signature_trigger_count,0.000000,0.000000,0.000000,0.000000,50
"scenario_label=sequential,TOTAL_TAGS=10000",SGCT,hash_short_id_round_count,0.000000,0.000000,0.000000,0.000000,50
"scenario_label=sequential,TOTAL_TAGS=10000",SGCT,hash_short_id_split_count,0.000000,0.000000,0.000000,0.000000,50
"scenario_label=sequential,TOTAL_TAGS=10000",SGCT,hash_short_id_collision_groups,0.000000,0.000000,0.000000,0.000000,50
"scenario_label=sequential,TOTAL_TAGS=10000",SGCT,hash_short_id_singleton_groups,0.000000,0.000000,0.000000,0.000000,50
"scenario_label=sequential,TOTAL_TAGS=10000",SGCT,small_cluster_guard_count,0.000000,0.000000,0.000000,0.000000,50
"scenario_label=sequential,TOTAL_TAGS=10000",SGCT,max_signature_d,8.000000,0.000000,8.000000,0.000000,50
"scenario_label=sequential,TOTAL_TAGS=10000",SGCT,epc_verification_count,10000.000000,0.000000,10000.000000,0.000000,50
"scenario_label=sequential,TOTAL_TAGS=10000",SGCT,verify_fail_count,0.000000,0.000000,0.000000,0.000000,50
"scenario_label=sequential,TOTAL_TAGS=10000",SGCT,avg_tag_responses,4.000000,0.000000,4.000000,0.000000,50
"scenario_label=sequential,TOTAL_TAGS=2000",DQTA(k_max=3),total_protocol_time_ms,1963.395000,0.000000,1963.395000,0.000000,50
"scenario_label=sequential,TOTAL_TAGS=2000",DQTA(k_max=3),throughput_tags_per_sec,1018.643727,0.000000,1018.643727,0.000000,50
"scenario_label=sequential,TOTAL_TAGS=2000",DQTA(k_max=3),system_efficiency,0.634518,0.000000,0.634518,0.000000,50
"scenario_label=sequential,TOTAL_TAGS=2000",DQTA(k_max=3),collision_slots,1151.000000,0.000000,1151.000000,0.000000,50
"scenario_label=sequential,TOTAL_TAGS=2000",DQTA(k_max=3),idle_slots,1.000000,0.000000,1.000000,0.000000,50
"scenario_label=sequential,TOTAL_TAGS=2000",DQTA(k_max=3),total_energy_uj,199478.871000,0.000000,199478.871000,0.000000,50
"scenario_label=sequential,TOTAL_TAGS=2000",DQTA(k_max=3),total_listening_energy_uj,199168.123000,0.000000,199168.123000,0.000000,50
"scenario_label=sequential,TOTAL_TAGS=2000",DQTA(k_max=3),total_transmission_energy_uj,310.748000,0.000000,310.748000,0.000000,50
"scenario_label=sequential,TOTAL_TAGS=2000",DQTA(k_max=3),total_bits,216838.000000,0.000000,216838.000000,0.000000,50
"scenario_label=sequential,TOTAL_TAGS=2000",DQTA(k_max=3),avg_tag_bits,40.976000,0.000000,40.976000,0.000000,50
"scenario_label=sequential,TOTAL_TAGS=2000",DQTA(k_max=3),avg_reader_bits,67.443000,0.000000,67.443000,0.000000,50
"scenario_label=sequential,TOTAL_TAGS=2000",DQTA(k_max=3),avg_total_bits,108.419000,0.000000,108.419000,0.000000,50
"scenario_label=sequential,TOTAL_TAGS=2000",DQTA(k_max=3),avg_query_efficiency,1.737619,0.000000,1.737619,0.000000,50
"scenario_label=sequential,TOTAL_TAGS=2000",DQTA(k_max=3),peak_stack_depth,21.000000,0.000000,21.000000,0.000000,50
"scenario_label=sequential,TOTAL_TAGS=2000",DQTA(k_max=3),avg_tag_responses,4.000000,0.000000,4.000000,0.000000,50
"scenario_label=sequential,TOTAL_TAGS=2000",DRCT,total_protocol_time_ms,3671.412500,0.000000,3671.412500,0.000000,50
"scenario_label=sequential,TOTAL_TAGS=2000",DRCT,throughput_tags_per_sec,544.749466,0.000000,544.749466,0.000000,50
"scenario_label=sequential,TOTAL_TAGS=2000",DRCT,system_efficiency,0.479386,0.000000,0.479386,0.000000,50
"scenario_label=sequential,TOTAL_TAGS=2000",DRCT,collision_slots,2085.000000,0.000000,2085.000000,0.000000,50
"scenario_label=sequential,TOTAL_TAGS=2000",DRCT,idle_slots,87.000000,0.000000,87.000000,0.000000,50
"scenario_label=sequential,TOTAL_TAGS=2000",DRCT,total_energy_uj,378365.992500,0.000000,378365.992500,0.000000,50
"scenario_label=sequential,TOTAL_TAGS=2000",DRCT,energy_per_tag_uj,189.182996,0.000000,189.182996,0.000000,50
"scenario_label=sequential,TOTAL_TAGS=2000",DRCT,total_reader_tx_energy_uj,516.456000,0.000000,516.456000,0.000000,50
"scenario_label=sequential,TOTAL_TAGS=2000",DRCT,total_tag_tx_energy_uj,384.054000,0.000000,384.054000,0.000000,50
"scenario_label=sequential,TOTAL_TAGS=2000",DRCT,total_listening_energy_uj,377465.482500,0.000000,377465.482500,0.000000,50
"scenario_label=sequential,TOTAL_TAGS=2000",DRCT,total_transmission_energy_uj,900.510000,0.000000,900.510000,0.000000,50
"scenario_label=sequential,TOTAL_TAGS=2000",DRCT,total_bits,1026336.000000,0.000000,1026336.000000,0.000000,50
"scenario_label=sequential,TOTAL_TAGS=2000",DRCT,avg_tag_bits,384.054000,0.000000,384.054000,0.000000,50
"scenario_label=sequential,TOTAL_TAGS=2000",DRCT,avg_reader_bits,129.114000,0.000000,129.114000,0.000000,50
"scenario_label=sequential,TOTAL_TAGS=2000",DRCT,avg_total_bits,513.168000,0.000000,513.168000,0.000000,50
"scenario_label=sequential,TOTAL_TAGS=2000",DRCT,avg_query_efficiency,0.959233,0.000000,0.959233,0.000000,50
"scenario_label=sequential,TOTAL_TAGS=2000",DRCT,peak_stack_depth,11.000000,0.000000,11.000000,0.000000,50
"scenario_label=sequential,TOTAL_TAGS=2000",DRCT,avg_tag_responses,96.000000,0.000000,96.000000,0.000000,50
"scenario_label=sequential,TOTAL_TAGS=2000",EAQ_CBB,total_protocol_time_ms,5805.373125,39.759717,5890.794813,11.020831,50
"scenario_label=sequential,TOTAL_TAGS=2000",EAQ_CBB,throughput_tags_per_sec,344.524181,2.346398,347.457860,0.650388,50
"scenario_label=sequential,TOTAL_TAGS=2000",EAQ_CBB,system_efficiency,0.545577,0.003612,0.550055,0.001001,50
"scenario_label=sequential,TOTAL_TAGS=2000",EAQ_CBB,collision_slots,1666.000000,24.404750,1719.100000,6.764652,50
"scenario_label=sequential,TOTAL_TAGS=2000",EAQ_CBB,idle_slots,0.000000,0.000000,0.000000,0.000000,50
"scenario_label=sequential,TOTAL_TAGS=2000",EAQ_CBB,total_energy_uj,581408.206520,4565.711486,590210.345369,1265.550657,50
"scenario_label=sequential,TOTAL_TAGS=2000",EAQ_CBB,total_listening_energy_uj,580517.576350,4560.347009,589304.698119,1264.063700,50
"scenario_label=sequential,TOTAL_TAGS=2000",EAQ_CBB,total_transmission_energy_uj,890.630170,6.033847,903.502750,1.672497,50
"scenario_label=sequential,TOTAL_TAGS=2000",EAQ_CBB,total_bits,478695.020000,3196.352944,485361.800000,885.983834,50
"scenario_label=sequential,TOTAL_TAGS=2000",EAQ_CBB,avg_tag_bits,22.253290,0.150781,22.489300,0.041794,50
"scenario_label=sequential,TOTAL_TAGS=2000",EAQ_CBB,avg_reader_bits,217.094220,1.479269,220.276550,0.410032,50
"scenario_label=sequential,TOTAL_TAGS=2000",EAQ_CBB,avg_total_bits,239.347510,1.598176,242.680900,0.442992,50
"scenario_label=sequential,TOTAL_TAGS=2000",EAQ_CBB,avg_query_efficiency,1.200730,0.017379,1.222494,0.004817,50
"scenario_label=sequential,TOTAL_TAGS=2000",EAQ_CBB,peak_stack_depth,493.000000,3.331973,498.100000,0.923576,50
"scenario_label=sequential,TOTAL_TAGS=2000",EAQ_CBB,avg_tag_responses,3.797080,0.029129,3.846200,0.008074,50
"scenario_label=sequential,TOTAL_TAGS=2000",EMDT,total_protocol_time_ms,2699.850850,44.504716,2762.399375,12.336078,50
"scenario_label=sequential,TOTAL_TAGS=2000",EMDT,throughput_tags_per_sec,740.980117,12.287426,764.907467,3.405901,50
"scenario_label=sequential,TOTAL_TAGS=2000",EMDT,system_efficiency,0.582784,0.014192,0.609825,0.003934,50
"scenario_label=sequential,TOTAL_TAGS=2000",EMDT,collision_slots,1058.280000,48.888895,1124.750000,13.551310,50
"scenario_label=sequential,TOTAL_TAGS=2000",EMDT,idle_slots,375.500000,35.227106,425.550000,9.764456,50
"scenario_label=sequential,TOTAL_TAGS=2000",EMDT,total_energy_uj,270723.412835,5030.073658,278336.362213,1394.265284,50
"scenario_label=sequential,TOTAL_TAGS=2000",EMDT,total_listening_energy_uj,270463.606435,5028.937876,278073.660413,1393.950461,50
"scenario_label=sequential,TOTAL_TAGS=2000",EMDT,total_transmission_energy_uj,259.806400,1.609347,262.240600,0.446088,50
"scenario_label=sequential,TOTAL_TAGS=2000",EMDT,total_bits,345752.960000,1030.211569,347102.900000,285.560078,50
"scenario_label=sequential,TOTAL_TAGS=2000",EMDT,avg_tag_bits,143.899840,0.286983,144.000000,0.079548,50
"scenario_label=sequential,TOTAL_TAGS=2000",EMDT,avg_reader_bits,28.976640,0.384680,29.563050,0.106628,50
"scenario_label=sequential,TOTAL_TAGS=2000",EMDT,avg_total_bits,172.876480,0.515106,173.551450,0.142780,50
"scenario_label=sequential,TOTAL_TAGS=2000",EMDT,avg_query_efficiency,1.893895,0.089303,2.073668,0.024754,50
"scenario_label=sequential,TOTAL_TAGS=2000",EMDT,peak_stack_depth,37.680000,1.376775,40.000000,0.381623,50
"scenario_label=sequential,TOTAL_TAGS=2000",EMDT,avg_tag_responses,4.826590,0.049988,4.902400,0.013856,50
"scenario_label=sequential,TOTAL_TAGS=2000",HT_EEAC,total_protocol_time_ms,7113.167550,170.659401,7388.943000,47.304373,50
"scenario_label=sequential,TOTAL_TAGS=2000",HT_EEAC,throughput_tags_per_sec,281.327683,6.765024,290.971640,1.875169,50
"scenario_label=sequential,TOTAL_TAGS=2000",HT_EEAC,system_efficiency,0.148837,0.004273,0.155033,0.001184,50
"scenario_label=sequential,TOTAL_TAGS=2000",HT_EEAC,collision_slots,9452.940000,359.686622,10017.950000,99.700045,50
"scenario_label=sequential,TOTAL_TAGS=2000",HT_EEAC,idle_slots,1995.400000,141.197358,2253.150000,39.137911,50
"scenario_label=sequential,TOTAL_TAGS=2000",HT_EEAC,total_energy_uj,827057.864200,25029.140868,865835.988987,6937.723892,50
"scenario_label=sequential,TOTAL_TAGS=2000",HT_EEAC,total_listening_energy_uj,826278.513720,25010.648875,865031.891587,6932.598173,50
"scenario_label=sequential,TOTAL_TAGS=2000",HT_EEAC,total_transmission_energy_uj,779.350480,19.623696,811.258400,5.439411,50
"scenario_label=sequential,TOTAL_TAGS=2000",HT_EEAC,total_bits,671110.520000,13973.080129,694198.800000,3873.140208,50
"scenario_label=sequential,TOTAL_TAGS=2000",HT_EEAC,avg_tag_bits,187.623520,2.877493,192.143600,0.797600,50
"scenario_label=sequential,TOTAL_TAGS=2000",HT_EEAC,avg_reader_bits,147.931740,4.229681,154.715000,1.172408,50
"scenario_label=sequential,TOTAL_TAGS=2000",HT_EEAC,avg_total_bits,335.555260,6.986540,347.099400,1.936570,50
"scenario_label=sequential,TOTAL_TAGS=2000",HT_EEAC,avg_query_efficiency,0.211874,0.008056,0.224320,0.002233,50
"scenario_label=sequential,TOTAL_TAGS=2000",HT_EEAC,avg_tag_responses,109.292390,16.517484,129.210450,4.578413,50
"scenario_label=sequential,TOTAL_TAGS=2000",LAPCT,total_protocol_time_ms,6149.476250,0.000000,6149.476250,0.000000,50
"scenario_label=sequential,TOTAL_TAGS=2000",LAPCT,throughput_tags_per_sec,325.230950,0.000000,325.230950,0.000000,50
"scenario_label=sequential,TOTAL_TAGS=2000",LAPCT,system_efficiency,0.494805,0.000000,0.494805,0.000000,50
"scenario_label=sequential,TOTAL_TAGS=2000",LAPCT,collision_slots,2041.000000,0.000000,2041.000000,0.000000,50
"scenario_label=sequential,TOTAL_TAGS=2000",LAPCT,idle_slots,1.000000,0.000000,1.000000,0.000000,50
"scenario_label=sequential,TOTAL_TAGS=2000",LAPCT,total_energy_uj,617105.748000,0.000000,617105.748000,0.000000,50
"scenario_label=sequential,TOTAL_TAGS=2000",LAPCT,total_listening_energy_uj,616137.138000,0.000000,616137.138000,0.000000,50
"scenario_label=sequential,TOTAL_TAGS=2000",LAPCT,total_transmission_energy_uj,968.610000,0.000000,968.610000,0.000000,50
"scenario_label=sequential,TOTAL_TAGS=2000",LAPCT,total_bits,547245.000000,0.000000,547245.000000,0.000000,50
"scenario_label=sequential,TOTAL_TAGS=2000",LAPCT,avg_tag_bits,41.960000,0.000000,41.960000,0.000000,50
"scenario_label=sequential,TOTAL_TAGS=2000",LAPCT,avg_reader_bits,231.662500,0.000000,231.662500,0.000000,50
"scenario_label=sequential,TOTAL_TAGS=2000",LAPCT,avg_total_bits,273.622500,0.000000,273.622500,0.000000,50
"scenario_label=sequential,TOTAL_TAGS=2000",LAPCT,avg_query_efficiency,0.979912,0.000000,0.979912,0.000000,50
"scenario_label=sequential,TOTAL_TAGS=2000",LAPCT,peak_stack_depth,14.000000,0.000000,14.000000,0.000000,50
"scenario_label=sequential,TOTAL_TAGS=2000",LAPCT,avg_tag_responses,8.992000,0.000000,8.992000,0.000000,50
"scenario_label=sequential,TOTAL_TAGS=2000",NLHQT(n=2),total_protocol_time_ms,1666.581250,0.000000,1666.581250,0.000000,50
"scenario_label=sequential,TOTAL_TAGS=2000",NLHQT(n=2),throughput_tags_per_sec,1200.061503,0.000000,1200.061503,0.000000,50
"scenario_label=sequential,TOTAL_TAGS=2000",NLHQT(n=2),system_efficiency,0.374883,0.000000,0.374883,0.000000,50
"scenario_label=sequential,TOTAL_TAGS=2000",NLHQT(n=2),collision_slots,3335.000000,0.000000,3335.000000,0.000000,50
"scenario_label=sequential,TOTAL_TAGS=2000",NLHQT(n=2),idle_slots,0.000000,0.000000,0.000000,0.000000,50
"scenario_label=sequential,TOTAL_TAGS=2000",NLHQT(n=2),total_energy_uj,167254.420000,0.000000,167254.420000,0.000000,50
"scenario_label=sequential,TOTAL_TAGS=2000",NLHQT(n=2),total_listening_energy_uj,167002.274000,0.000000,167002.274000,0.000000,50
"scenario_label=sequential,TOTAL_TAGS=2000",NLHQT(n=2),total_transmission_energy_uj,252.146000,0.000000,252.146000,0.000000,50
"scenario_label=sequential,TOTAL_TAGS=2000",NLHQT(n=2),total_bits,175573.000000,0.000000,175573.000000,0.000000,50
"scenario_label=sequential,TOTAL_TAGS=2000",NLHQT(n=2),avg_tag_bits,33.000000,0.000000,33.000000,0.000000,50
"scenario_label=sequential,TOTAL_TAGS=2000",NLHQT(n=2),avg_reader_bits,54.786500,0.000000,54.786500,0.000000,50
"scenario_label=sequential,TOTAL_TAGS=2000",NLHQT(n=2),avg_total_bits,87.786500,0.000000,87.786500,0.000000,50
"scenario_label=sequential,TOTAL_TAGS=2000",NLHQT(n=2),avg_query_efficiency,0.599700,0.000000,0.599700,0.000000,50
"scenario_label=sequential,TOTAL_TAGS=2000",NLHQT(n=2),peak_stack_depth,17.000000,0.000000,17.000000,0.000000,50
"scenario_label=sequential,TOTAL_TAGS=2000",NLHQT(n=2),avg_tag_responses,8.000000,0.000000,8.000000,0.000000,50
"scenario_label=sequential,TOTAL_TAGS=2000",SGCT,total_protocol_time_ms,867.745000,0.000000,867.745000,0.000000,50
"scenario_label=sequential,TOTAL_TAGS=2000",SGCT,throughput_tags_per_sec,2304.824574,0.000000,2304.824574,0.000000,50
"scenario_label=sequential,TOTAL_TAGS=2000",SGCT,system_efficiency,1.000000,0.000000,1.000000,0.000000,50
"scenario_label=sequential,TOTAL_TAGS=2000",SGCT,collision_slots,0.000000,0.000000,0.000000,0.000000,50
"scenario_label=sequential,TOTAL_TAGS=2000",SGCT,idle_slots,0.000000,0.000000,0.000000,0.000000,50
"scenario_label=sequential,TOTAL_TAGS=2000",SGCT,total_energy_uj,88356.753000,0.000000,88356.753000,0.000000,50
"scenario_label=sequential,TOTAL_TAGS=2000",SGCT,total_listening_energy_uj,88256.375000,0.000000,88256.375000,0.000000,50
"scenario_label=sequential,TOTAL_TAGS=2000",SGCT,total_transmission_energy_uj,100.378000,0.000000,100.378000,0.000000,50
"scenario_label=sequential,TOTAL_TAGS=2000",SGCT,total_bits,68189.000000,0.000000,68189.000000,0.000000,50
"scenario_label=sequential,TOTAL_TAGS=2000",SGCT,avg_tag_bits,12.000000,0.000000,12.000000,0.000000,50
"scenario_label=sequential,TOTAL_TAGS=2000",SGCT,avg_reader_bits,22.094500,0.000000,22.094500,0.000000,50
"scenario_label=sequential,TOTAL_TAGS=2000",SGCT,avg_total_bits,34.094500,0.000000,34.094500,0.000000,50
"scenario_label=sequential,TOTAL_TAGS=2000",SGCT,avg_query_efficiency,2000.000000,0.000000,2000.000000,0.000000,50
"scenario_label=sequential,TOTAL_TAGS=2000",SGCT,peak_stack_depth,0.000000,0.000000,0.000000,0.000000,50
"scenario_label=sequential,TOTAL_TAGS=2000",SGCT,progressive_probe_count,0.000000,0.000000,0.000000,0.000000,50
"scenario_label=sequential,TOTAL_TAGS=2000",SGCT,signature_grouping_trigger_count,1.000000,0.000000,1.000000,0.000000,50
"scenario_label=sequential,TOTAL_TAGS=2000",SGCT,local_short_id_trigger_count,1.000000,0.000000,1.000000,0.000000,50
"scenario_label=sequential,TOTAL_TAGS=2000",SGCT,signature_groups_pruned,48.000000,0.000000,48.000000,0.000000,50
"scenario_label=sequential,TOTAL_TAGS=2000",SGCT,sparse_signature_groups,2000.000000,0.000000,2000.000000,0.000000,50
"scenario_label=sequential,TOTAL_TAGS=2000",SGCT,signature_marker_bits,2000.000000,0.000000,2000.000000,0.000000,50
"scenario_label=sequential,TOTAL_TAGS=2000",SGCT,signature_marker_tag_bits,2000.000000,0.000000,2000.000000,0.000000,50
"scenario_label=sequential,TOTAL_TAGS=2000",SGCT,signature_non_idle_marker_count,2000.000000,0.000000,2000.000000,0.000000,50
"scenario_label=sequential,TOTAL_TAGS=2000",SGCT,signature_collision_groups,0.000000,0.000000,0.000000,0.000000,50
"scenario_label=sequential,TOTAL_TAGS=2000",SGCT,signature_singleton_groups,2000.000000,0.000000,2000.000000,0.000000,50
"scenario_label=sequential,TOTAL_TAGS=2000",SGCT,low_d_fallback_count,0.000000,0.000000,0.000000,0.000000,50
"scenario_label=sequential,TOTAL_TAGS=2000",SGCT,suffix_signature_trigger_count,1.000000,0.000000,1.000000,0.000000,50
"scenario_label=sequential,TOTAL_TAGS=2000",SGCT,hash_short_id_round_count,0.000000,0.000000,0.000000,0.000000,50
"scenario_label=sequential,TOTAL_TAGS=2000",SGCT,hash_short_id_split_count,0.000000,0.000000,0.000000,0.000000,50
"scenario_label=sequential,TOTAL_TAGS=2000",SGCT,hash_short_id_collision_groups,0.000000,0.000000,0.000000,0.000000,50
"scenario_label=sequential,TOTAL_TAGS=2000",SGCT,hash_short_id_singleton_groups,0.000000,0.000000,0.000000,0.000000,50
"scenario_label=sequential,TOTAL_TAGS=2000",SGCT,small_cluster_guard_count,0.000000,0.000000,0.000000,0.000000,50
"scenario_label=sequential,TOTAL_TAGS=2000",SGCT,max_signature_d,11.000000,0.000000,11.000000,0.000000,50
"scenario_label=sequential,TOTAL_TAGS=2000",SGCT,epc_verification_count,2000.000000,0.000000,2000.000000,0.000000,50
"scenario_label=sequential,TOTAL_TAGS=2000",SGCT,verify_fail_count,0.000000,0.000000,0.000000,0.000000,50
"scenario_label=sequential,TOTAL_TAGS=2000",SGCT,avg_tag_responses,1.000000,0.000000,1.000000,0.000000,50
"scenario_label=sequential,TOTAL_TAGS=3000",DQTA(k_max=3),total_protocol_time_ms,1581.602500,0.000000,1581.602500,0.000000,50
"scenario_label=sequential,TOTAL_TAGS=3000",DQTA(k_max=3),throughput_tags_per_sec,1896.810355,0.000000,1896.810355,0.000000,50
"scenario_label=sequential,TOTAL_TAGS=3000",DQTA(k_max=3),system_efficiency,0.777001,0.000000,0.777001,0.000000,50
"scenario_label=sequential,TOTAL_TAGS=3000",DQTA(k_max=3),collision_slots,857.000000,0.000000,857.000000,0.000000,50
"scenario_label=sequential,TOTAL_TAGS=3000",DQTA(k_max=3),idle_slots,4.000000,0.000000,4.000000,0.000000,50
"scenario_label=sequential,TOTAL_TAGS=3000",DQTA(k_max=3),total_energy_uj,239734.994500,0.000000,239734.994500,0.000000,50
"scenario_label=sequential,TOTAL_TAGS=3000",DQTA(k_max=3),total_listening_energy_uj,239463.824500,0.000000,239463.824500,0.000000,50
"scenario_label=sequential,TOTAL_TAGS=3000",DQTA(k_max=3),total_transmission_energy_uj,271.170000,0.000000,271.170000,0.000000,50
"scenario_label=sequential,TOTAL_TAGS=3000",DQTA(k_max=3),total_bits,243585.000000,0.000000,243585.000000,0.000000,50
"scenario_label=sequential,TOTAL_TAGS=3000",DQTA(k_max=3),avg_tag_bits,48.000000,0.000000,48.000000,0.000000,50
"scenario_label=sequential,TOTAL_TAGS=3000",DQTA(k_max=3),avg_reader_bits,33.195000,0.000000,33.195000,0.000000,50
"scenario_label=sequential,TOTAL_TAGS=3000",DQTA(k_max=3),avg_total_bits,81.195000,0.000000,81.195000,0.000000,50
"scenario_label=sequential,TOTAL_TAGS=3000",DQTA(k_max=3),avg_query_efficiency,3.500583,0.000000,3.500583,0.000000,50
"scenario_label=sequential,TOTAL_TAGS=3000",DQTA(k_max=3),peak_stack_depth,19.000000,0.000000,19.000000,0.000000,50
"scenario_label=sequential,TOTAL_TAGS=3000",DQTA(k_max=3),avg_tag_responses,4.000000,0.000000,4.000000,0.000000,50
"scenario_label=sequential,TOTAL_TAGS=3000",DRCT,total_protocol_time_ms,5461.631250,0.000000,5461.631250,0.000000,50
"scenario_label=sequential,TOTAL_TAGS=3000",DRCT,throughput_tags_per_sec,549.286443,0.000000,549.286443,0.000000,50
"scenario_label=sequential,TOTAL_TAGS=3000",DRCT,system_efficiency,0.486066,0.000000,0.486066,0.000000,50
"scenario_label=sequential,TOTAL_TAGS=3000",DRCT,collision_slots,3085.000000,0.000000,3085.000000,0.000000,50
"scenario_label=sequential,TOTAL_TAGS=3000",DRCT,idle_slots,87.000000,0.000000,87.000000,0.000000,50
"scenario_label=sequential,TOTAL_TAGS=3000",DRCT,total_energy_uj,835998.863000,0.000000,835998.863000,0.000000,50
"scenario_label=sequential,TOTAL_TAGS=3000",DRCT,energy_per_tag_uj,278.666288,0.000000,278.666288,0.000000,50
"scenario_label=sequential,TOTAL_TAGS=3000",DRCT,total_reader_tx_energy_uj,768.590000,0.000000,768.590000,0.000000,50
"scenario_label=sequential,TOTAL_TAGS=3000",DRCT,total_tag_tx_energy_uj,576.087000,0.000000,576.087000,0.000000,50
"scenario_label=sequential,TOTAL_TAGS=3000",DRCT,total_listening_energy_uj,834654.186000,0.000000,834654.186000,0.000000,50
"scenario_label=sequential,TOTAL_TAGS=3000",DRCT,total_transmission_energy_uj,1344.677000,0.000000,1344.677000,0.000000,50
"scenario_label=sequential,TOTAL_TAGS=3000",DRCT,total_bits,1536469.000000,0.000000,1536469.000000,0.000000,50
"scenario_label=sequential,TOTAL_TAGS=3000",DRCT,avg_tag_bits,384.058000,0.000000,384.058000,0.000000,50
"scenario_label=sequential,TOTAL_TAGS=3000",DRCT,avg_reader_bits,128.098333,0.000000,128.098333,0.000000,50
"scenario_label=sequential,TOTAL_TAGS=3000",DRCT,avg_total_bits,512.156333,0.000000,512.156333,0.000000,50
"scenario_label=sequential,TOTAL_TAGS=3000",DRCT,avg_query_efficiency,0.972447,0.000000,0.972447,0.000000,50
"scenario_label=sequential,TOTAL_TAGS=3000",DRCT,peak_stack_depth,12.000000,0.000000,12.000000,0.000000,50
"scenario_label=sequential,TOTAL_TAGS=3000",DRCT,avg_tag_responses,96.000000,0.000000,96.000000,0.000000,50
"scenario_label=sequential,TOTAL_TAGS=3000",EAQ_CBB,total_protocol_time_ms,9036.668950,46.890431,9114.110812,12.997364,50
"scenario_label=sequential,TOTAL_TAGS=3000",EAQ_CBB,throughput_tags_per_sec,331.989481,1.719863,334.701275,0.476722,50
"scenario_label=sequential,TOTAL_TAGS=3000",EAQ_CBB,system_efficiency,0.524933,0.002668,0.529138,0.000739,50
"scenario_label=sequential,TOTAL_TAGS=3000",EAQ_CBB,collision_slots,2715.160000,29.089840,2763.100000,8.063292,50
"scenario_label=sequential,TOTAL_TAGS=3000",EAQ_CBB,idle_slots,0.000000,0.000000,0.000000,0.000000,50
"scenario_label=sequential,TOTAL_TAGS=3000",EAQ_CBB,total_energy_uj,1357436.840360,8433.911377,1372799.839469,2337.760963,50
"scenario_label=sequential,TOTAL_TAGS=3000",EAQ_CBB,total_listening_energy_uj,1356050.081470,8427.971919,1371402.087594,2336.114629,50
"scenario_label=sequential,TOTAL_TAGS=3000",EAQ_CBB,total_transmission_energy_uj,1386.758890,7.110558,1398.541850,1.970946,50
"scenario_label=sequential,TOTAL_TAGS=3000",EAQ_CBB,total_bits,748601.540000,3770.537694,754843.600000,1045.139727,50
"scenario_label=sequential,TOTAL_TAGS=3000",EAQ_CBB,avg_tag_bits,24.543153,0.135741,24.733133,0.037626,50
"scenario_label=sequential,TOTAL_TAGS=3000",EAQ_CBB,avg_reader_bits,224.990693,1.162173,226.915767,0.322138,50
"scenario_label=sequential,TOTAL_TAGS=3000",EAQ_CBB,avg_total_bits,249.533847,1.256846,251.614533,0.348380,50
"scenario_label=sequential,TOTAL_TAGS=3000",EAQ_CBB,avg_query_efficiency,1.105031,0.011802,1.123766,0.003271,50
"scenario_label=sequential,TOTAL_TAGS=3000",EAQ_CBB,peak_stack_depth,738.240000,3.972148,744.550000,1.101023,50
"scenario_label=sequential,TOTAL_TAGS=3000",EAQ_CBB,avg_tag_responses,3.985680,0.023968,4.023300,0.006644,50
"scenario_label=sequential,TOTAL_TAGS=3000",EMDT,total_protocol_time_ms,4240.135350,54.922055,4317.750500,15.223617,50
"scenario_label=sequential,TOTAL_TAGS=3000",EMDT,throughput_tags_per_sec,707.641477,9.209523,724.288458,2.552750,50
"scenario_label=sequential,TOTAL_TAGS=3000",EMDT,system_efficiency,0.543147,0.009507,0.558067,0.002635,50
"scenario_label=sequential,TOTAL_TAGS=3000",EMDT,collision_slots,1773.280000,58.886276,1854.100000,16.322443,50
"scenario_label=sequential,TOTAL_TAGS=3000",EMDT,idle_slots,751.740000,41.694129,811.500000,11.557023,50
"scenario_label=sequential,TOTAL_TAGS=3000",EMDT,total_energy_uj,636036.601520,10027.187085,652122.855087,2779.394458,50
"scenario_label=sequential,TOTAL_TAGS=3000",EMDT,total_listening_energy_uj,635649.091280,10025.372891,651732.694287,2778.891589,50
"scenario_label=sequential,TOTAL_TAGS=3000",EMDT,total_transmission_energy_uj,387.510240,2.066021,390.638200,0.572672,50
"scenario_label=sequential,TOTAL_TAGS=3000",EMDT,total_bits,517757.760000,1036.903210,519378.500000,287.414906,50
"scenario_label=sequential,TOTAL_TAGS=3000",EMDT,avg_tag_bits,144.001173,0.008297,144.000000,0.002300,50
"scenario_label=sequential,TOTAL_TAGS=3000",EMDT,avg_reader_bits,28.584747,0.343928,29.099767,0.095332,50
"scenario_label=sequential,TOTAL_TAGS=3000",EMDT,avg_total_bits,172.585920,0.345634,173.126167,0.095805,50
"scenario_label=sequential,TOTAL_TAGS=3000",EMDT,avg_query_efficiency,1.693636,0.057056,1.803071,0.015815,50
"scenario_label=sequential,TOTAL_TAGS=3000",EMDT,peak_stack_depth,39.840000,1.094700,42.000000,0.303435,50
"scenario_label=sequential,TOTAL_TAGS=3000",EMDT,avg_tag_responses,5.077160,0.042667,5.137517,0.011827,50
"scenario_label=sequential,TOTAL_TAGS=3000",HT_EEAC,total_protocol_time_ms,12474.505800,196.750127,12729.178875,54.536353,50
"scenario_label=sequential,TOTAL_TAGS=3000",HT_EEAC,throughput_tags_per_sec,240.549108,3.793153,247.324973,1.051408,50
"scenario_label=sequential,TOTAL_TAGS=3000",HT_EEAC,system_efficiency,0.124956,0.002267,0.128936,0.000629,50
"scenario_label=sequential,TOTAL_TAGS=3000",HT_EEAC,collision_slots,18408.540000,423.686456,18985.900000,117.439894,50
"scenario_label=sequential,TOTAL_TAGS=3000",HT_EEAC,idle_slots,2607.700000,111.354233,2781.650000,30.865819,50
"scenario_label=sequential,TOTAL_TAGS=3000",HT_EEAC,total_energy_uj,2197593.534290,40459.233187,2250288.421738,11214.727274,50
"scenario_label=sequential,TOTAL_TAGS=3000",HT_EEAC,total_listening_energy_uj,2196221.551410,40438.110763,2248892.827537,11208.872437,50
"scenario_label=sequential,TOTAL_TAGS=3000",HT_EEAC,total_transmission_energy_uj,1371.982880,22.479666,1401.561200,6.231045,50
"scenario_label=sequential,TOTAL_TAGS=3000",HT_EEAC,total_bits,1158893.920000,16239.720174,1180194.500000,4501.420774,50
"scenario_label=sequential,TOTAL_TAGS=3000",HT_EEAC,avg_tag_bits,210.178880,2.259661,213.258133,0.626346,50
"scenario_label=sequential,TOTAL_TAGS=3000",HT_EEAC,avg_reader_bits,176.119093,3.197643,180.450600,0.886341,50
"scenario_label=sequential,TOTAL_TAGS=3000",HT_EEAC,avg_total_bits,386.297973,5.413240,393.398167,1.500474,50
"scenario_label=sequential,TOTAL_TAGS=3000",HT_EEAC,avg_query_efficiency,0.163053,0.003758,0.169682,0.001042,50
"scenario_label=sequential,TOTAL_TAGS=3000",HT_EEAC,avg_tag_responses,127.742480,11.223328,148.019933,3.110948,50
"scenario_label=sequential,TOTAL_TAGS=3000",LAPCT,total_protocol_time_ms,9267.121250,0.000000,9267.121250,0.000000,50
"scenario_label=sequential,TOTAL_TAGS=3000",LAPCT,throughput_tags_per_sec,323.725127,0.000000,323.725127,0.000000,50
"scenario_label=sequential,TOTAL_TAGS=3000",LAPCT,system_efficiency,0.497265,0.000000,0.497265,0.000000,50
"scenario_label=sequential,TOTAL_TAGS=3000",LAPCT,collision_slots,3031.000000,0.000000,3031.000000,0.000000,50
"scenario_label=sequential,TOTAL_TAGS=3000",LAPCT,idle_slots,2.000000,0.000000,2.000000,0.000000,50
"scenario_label=sequential,TOTAL_TAGS=3000",LAPCT,total_energy_uj,1393601.308500,0.000000,1393601.308500,0.000000,50
"scenario_label=sequential,TOTAL_TAGS=3000",LAPCT,total_listening_energy_uj,1392127.666500,0.000000,1392127.666500,0.000000,50
"scenario_label=sequential,TOTAL_TAGS=3000",LAPCT,total_transmission_energy_uj,1473.642000,0.000000,1473.642000,0.000000,50
"scenario_label=sequential,TOTAL_TAGS=3000",LAPCT,total_bits,851547.000000,0.000000,851547.000000,0.000000,50
"scenario_label=sequential,TOTAL_TAGS=3000",LAPCT,avg_tag_bits,50.989333,0.000000,50.989333,0.000000,50
"scenario_label=sequential,TOTAL_TAGS=3000",LAPCT,avg_reader_bits,232.859667,0.000000,232.859667,0.000000,50
"scenario_label=sequential,TOTAL_TAGS=3000",LAPCT,avg_total_bits,283.849000,0.000000,283.849000,0.000000,50
"scenario_label=sequential,TOTAL_TAGS=3000",LAPCT,avg_query_efficiency,0.989772,0.000000,0.989772,0.000000,50
"scenario_label=sequential,TOTAL_TAGS=3000",LAPCT,peak_stack_depth,14.000000,0.000000,14.000000,0.000000,50
"scenario_label=sequential,TOTAL_TAGS=3000",LAPCT,avg_tag_responses,9.997333,0.000000,9.997333,0.000000,50
"scenario_label=sequential,TOTAL_TAGS=3000",NLHQT(n=2),total_protocol_time_ms,2049.690000,0.000000,2049.690000,0.000000,50
"scenario_label=sequential,TOTAL_TAGS=3000",NLHQT(n=2),throughput_tags_per_sec,1463.635964,0.000000,1463.635964,0.000000,50
"scenario_label=sequential,TOTAL_TAGS=3000",NLHQT(n=2),system_efficiency,0.428449,0.000000,0.428449,0.000000,50
"scenario_label=sequential,TOTAL_TAGS=3000",NLHQT(n=2),collision_slots,4002.000000,0.000000,4002.000000,0.000000,50
"scenario_label=sequential,TOTAL_TAGS=3000",NLHQT(n=2),idle_slots,0.000000,0.000000,0.000000,0.000000,50
"scenario_label=sequential,TOTAL_TAGS=3000",NLHQT(n=2),total_energy_uj,308296.880000,0.000000,308296.880000,0.000000,50
"scenario_label=sequential,TOTAL_TAGS=3000",NLHQT(n=2),total_listening_energy_uj,307971.940000,0.000000,307971.940000,0.000000,50
"scenario_label=sequential,TOTAL_TAGS=3000",NLHQT(n=2),total_transmission_energy_uj,324.940000,0.000000,324.940000,0.000000,50
"scenario_label=sequential,TOTAL_TAGS=3000",NLHQT(n=2),total_bits,243470.000000,0.000000,243470.000000,0.000000,50
"scenario_label=sequential,TOTAL_TAGS=3000",NLHQT(n=2),avg_tag_bits,36.000000,0.000000,36.000000,0.000000,50
"scenario_label=sequential,TOTAL_TAGS=3000",NLHQT(n=2),avg_reader_bits,45.156667,0.000000,45.156667,0.000000,50
"scenario_label=sequential,TOTAL_TAGS=3000",NLHQT(n=2),avg_total_bits,81.156667,0.000000,81.156667,0.000000,50
"scenario_label=sequential,TOTAL_TAGS=3000",NLHQT(n=2),avg_query_efficiency,0.749625,0.000000,0.749625,0.000000,50
"scenario_label=sequential,TOTAL_TAGS=3000",NLHQT(n=2),peak_stack_depth,18.000000,0.000000,18.000000,0.000000,50
"scenario_label=sequential,TOTAL_TAGS=3000",NLHQT(n=2),avg_tag_responses,8.000000,0.000000,8.000000,0.000000,50
"scenario_label=sequential,TOTAL_TAGS=3000",SGCT,total_protocol_time_ms,1325.620000,0.000000,1325.620000,0.000000,50
"scenario_label=sequential,TOTAL_TAGS=3000",SGCT,throughput_tags_per_sec,2263.091987,0.000000,2263.091987,0.000000,50
"scenario_label=sequential,TOTAL_TAGS=3000",SGCT,system_efficiency,1.000000,0.000000,1.000000,0.000000,50
"scenario_label=sequential,TOTAL_TAGS=3000",SGCT,collision_slots,0.000000,0.000000,0.000000,0.000000,50
"scenario_label=sequential,TOTAL_TAGS=3000",SGCT,idle_slots,0.000000,0.000000,0.000000,0.000000,50
"scenario_label=sequential,TOTAL_TAGS=3000",SGCT,total_energy_uj,203148.015000,0.000000,203148.015000,0.000000,50
"scenario_label=sequential,TOTAL_TAGS=3000",SGCT,total_listening_energy_uj,202996.125000,0.000000,202996.125000,0.000000,50
"scenario_label=sequential,TOTAL_TAGS=3000",SGCT,total_transmission_energy_uj,151.890000,0.000000,151.890000,0.000000,50
"scenario_label=sequential,TOTAL_TAGS=3000",SGCT,total_bits,105195.000000,0.000000,105195.000000,0.000000,50
"scenario_label=sequential,TOTAL_TAGS=3000",SGCT,avg_tag_bits,13.000000,0.000000,13.000000,0.000000,50
"scenario_label=sequential,TOTAL_TAGS=3000",SGCT,avg_reader_bits,22.065000,0.000000,22.065000,0.000000,50
"scenario_label=sequential,TOTAL_TAGS=3000",SGCT,avg_total_bits,35.065000,0.000000,35.065000,0.000000,50
"scenario_label=sequential,TOTAL_TAGS=3000",SGCT,avg_query_efficiency,3000.000000,0.000000,3000.000000,0.000000,50
"scenario_label=sequential,TOTAL_TAGS=3000",SGCT,peak_stack_depth,0.000000,0.000000,0.000000,0.000000,50
"scenario_label=sequential,TOTAL_TAGS=3000",SGCT,progressive_probe_count,0.000000,0.000000,0.000000,0.000000,50
"scenario_label=sequential,TOTAL_TAGS=3000",SGCT,signature_grouping_trigger_count,1.000000,0.000000,1.000000,0.000000,50
"scenario_label=sequential,TOTAL_TAGS=3000",SGCT,local_short_id_trigger_count,1.000000,0.000000,1.000000,0.000000,50
"scenario_label=sequential,TOTAL_TAGS=3000",SGCT,signature_groups_pruned,1096.000000,0.000000,1096.000000,0.000000,50
"scenario_label=sequential,TOTAL_TAGS=3000",SGCT,sparse_signature_groups,3000.000000,0.000000,3000.000000,0.000000,50
"scenario_label=sequential,TOTAL_TAGS=3000",SGCT,signature_marker_bits,3000.000000,0.000000,3000.000000,0.000000,50
"scenario_label=sequential,TOTAL_TAGS=3000",SGCT,signature_marker_tag_bits,3000.000000,0.000000,3000.000000,0.000000,50
"scenario_label=sequential,TOTAL_TAGS=3000",SGCT,signature_non_idle_marker_count,3000.000000,0.000000,3000.000000,0.000000,50
"scenario_label=sequential,TOTAL_TAGS=3000",SGCT,signature_collision_groups,0.000000,0.000000,0.000000,0.000000,50
"scenario_label=sequential,TOTAL_TAGS=3000",SGCT,signature_singleton_groups,3000.000000,0.000000,3000.000000,0.000000,50
"scenario_label=sequential,TOTAL_TAGS=3000",SGCT,low_d_fallback_count,0.000000,0.000000,0.000000,0.000000,50
"scenario_label=sequential,TOTAL_TAGS=3000",SGCT,suffix_signature_trigger_count,1.000000,0.000000,1.000000,0.000000,50
"scenario_label=sequential,TOTAL_TAGS=3000",SGCT,hash_short_id_round_count,0.000000,0.000000,0.000000,0.000000,50
"scenario_label=sequential,TOTAL_TAGS=3000",SGCT,hash_short_id_split_count,0.000000,0.000000,0.000000,0.000000,50
"scenario_label=sequential,TOTAL_TAGS=3000",SGCT,hash_short_id_collision_groups,0.000000,0.000000,0.000000,0.000000,50
"scenario_label=sequential,TOTAL_TAGS=3000",SGCT,hash_short_id_singleton_groups,0.000000,0.000000,0.000000,0.000000,50
"scenario_label=sequential,TOTAL_TAGS=3000",SGCT,small_cluster_guard_count,0.000000,0.000000,0.000000,0.000000,50
"scenario_label=sequential,TOTAL_TAGS=3000",SGCT,max_signature_d,12.000000,0.000000,12.000000,0.000000,50
"scenario_label=sequential,TOTAL_TAGS=3000",SGCT,epc_verification_count,3000.000000,0.000000,3000.000000,0.000000,50
"scenario_label=sequential,TOTAL_TAGS=3000",SGCT,verify_fail_count,0.000000,0.000000,0.000000,0.000000,50
"scenario_label=sequential,TOTAL_TAGS=3000",SGCT,avg_tag_responses,1.000000,0.000000,1.000000,0.000000,50
"scenario_label=sequential,TOTAL_TAGS=5000",DQTA(k_max=3),total_protocol_time_ms,9358.746250,0.000000,9358.746250,0.000000,50
"scenario_label=sequential,TOTAL_TAGS=5000",DQTA(k_max=3),throughput_tags_per_sec,534.259597,0.000000,534.259597,0.000000,50
"scenario_label=sequential,TOTAL_TAGS=5000",DQTA(k_max=3),system_efficiency,0.466853,0.000000,0.466853,0.000000,50
"scenario_label=sequential,TOTAL_TAGS=5000",DQTA(k_max=3),collision_slots,5707.000000,0.000000,5707.000000,0.000000,50
"scenario_label=sequential,TOTAL_TAGS=5000",DQTA(k_max=3),idle_slots,3.000000,0.000000,3.000000,0.000000,50
"scenario_label=sequential,TOTAL_TAGS=5000",DQTA(k_max=3),total_energy_uj,2342602.899500,0.000000,2342602.899500,0.000000,50
"scenario_label=sequential,TOTAL_TAGS=5000",DQTA(k_max=3),total_listening_energy_uj,2341112.575500,0.000000,2341112.575500,0.000000,50
"scenario_label=sequential,TOTAL_TAGS=5000",DQTA(k_max=3),total_transmission_energy_uj,1490.324000,0.000000,1490.324000,0.000000,50
"scenario_label=sequential,TOTAL_TAGS=5000",DQTA(k_max=3),total_bits,958828.000000,0.000000,958828.000000,0.000000,50
"scenario_label=sequential,TOTAL_TAGS=5000",DQTA(k_max=3),avg_tag_bits,56.977600,0.000000,56.977600,0.000000,50
"scenario_label=sequential,TOTAL_TAGS=5000",DQTA(k_max=3),avg_reader_bits,134.788000,0.000000,134.788000,0.000000,50
"scenario_label=sequential,TOTAL_TAGS=5000",DQTA(k_max=3),avg_total_bits,191.765600,0.000000,191.765600,0.000000,50
"scenario_label=sequential,TOTAL_TAGS=5000",DQTA(k_max=3),avg_query_efficiency,0.876117,0.000000,0.876117,0.000000,50
"scenario_label=sequential,TOTAL_TAGS=5000",DQTA(k_max=3),peak_stack_depth,25.000000,0.000000,25.000000,0.000000,50
"scenario_label=sequential,TOTAL_TAGS=5000",DQTA(k_max=3),avg_tag_responses,4.996800,0.000000,4.996800,0.000000,50
"scenario_label=sequential,TOTAL_TAGS=5000",DRCT,total_protocol_time_ms,9045.658750,0.000000,9045.658750,0.000000,50
"scenario_label=sequential,TOTAL_TAGS=5000",DRCT,throughput_tags_per_sec,552.751341,0.000000,552.751341,0.000000,50
"scenario_label=sequential,TOTAL_TAGS=5000",DRCT,system_efficiency,0.491352,0.000000,0.491352,0.000000,50
"scenario_label=sequential,TOTAL_TAGS=5000",DRCT,collision_slots,5087.000000,0.000000,5087.000000,0.000000,50
"scenario_label=sequential,TOTAL_TAGS=5000",DRCT,idle_slots,89.000000,0.000000,89.000000,0.000000,50
"scenario_label=sequential,TOTAL_TAGS=5000",DRCT,total_energy_uj,2288241.023500,0.000000,2288241.023500,0.000000,50
"scenario_label=sequential,TOTAL_TAGS=5000",DRCT,energy_per_tag_uj,457.648205,0.000000,457.648205,0.000000,50
"scenario_label=sequential,TOTAL_TAGS=5000",DRCT,total_reader_tx_energy_uj,1273.510000,0.000000,1273.510000,0.000000,50
"scenario_label=sequential,TOTAL_TAGS=5000",DRCT,total_tag_tx_energy_uj,960.197000,0.000000,960.197000,0.000000,50
"scenario_label=sequential,TOTAL_TAGS=5000",DRCT,total_listening_energy_uj,2286007.316500,0.000000,2286007.316500,0.000000,50
"scenario_label=sequential,TOTAL_TAGS=5000",DRCT,total_transmission_energy_uj,2233.707000,0.000000,2233.707000,0.000000,50
"scenario_label=sequential,TOTAL_TAGS=5000",DRCT,total_bits,2557149.000000,0.000000,2557149.000000,0.000000,50
"scenario_label=sequential,TOTAL_TAGS=5000",DRCT,avg_tag_bits,384.078800,0.000000,384.078800,0.000000,50
"scenario_label=sequential,TOTAL_TAGS=5000",DRCT,avg_reader_bits,127.351000,0.000000,127.351000,0.000000,50
"scenario_label=sequential,TOTAL_TAGS=5000",DRCT,avg_total_bits,511.429800,0.000000,511.429800,0.000000,50
"scenario_label=sequential,TOTAL_TAGS=5000",DRCT,avg_query_efficiency,0.982898,0.000000,0.982898,0.000000,50
"scenario_label=sequential,TOTAL_TAGS=5000",DRCT,peak_stack_depth,13.000000,0.000000,13.000000,0.000000,50
"scenario_label=sequential,TOTAL_TAGS=5000",DRCT,avg_tag_responses,96.000000,0.000000,96.000000,0.000000,50
"scenario_label=sequential,TOTAL_TAGS=5000",EAQ_CBB,total_protocol_time_ms,15016.092575,69.665264,15115.934000,19.310226,50
"scenario_label=sequential,TOTAL_TAGS=5000",EAQ_CBB,throughput_tags_per_sec,332.983127,1.544792,335.136058,0.428195,50
"scenario_label=sequential,TOTAL_TAGS=5000",EAQ_CBB,system_efficiency,0.525411,0.002383,0.528709,0.000661,50
"scenario_label=sequential,TOTAL_TAGS=5000",EAQ_CBB,collision_slots,4516.560000,43.172251,4578.200000,11.966737,50
"scenario_label=sequential,TOTAL_TAGS=5000",EAQ_CBB,idle_slots,0.000000,0.000000,0.000000,0.000000,50
"scenario_label=sequential,TOTAL_TAGS=5000",EAQ_CBB,total_energy_uj,3757428.171760,20221.300881,3785551.805550,5605.058639,50
"scenario_label=sequential,TOTAL_TAGS=5000",EAQ_CBB,total_listening_energy_uj,3755122.654140,20211.924637,3783234.892000,5602.459677,50
"scenario_label=sequential,TOTAL_TAGS=5000",EAQ_CBB,total_transmission_energy_uj,2305.517620,10.572498,2320.713225,2.930547,50
"scenario_label=sequential,TOTAL_TAGS=5000",EAQ_CBB,total_bits,1249550.480000,5606.054869,1257555.300000,1553.919130,50
"scenario_label=sequential,TOTAL_TAGS=5000",EAQ_CBB,avg_tag_bits,25.811112,0.119274,26.018350,0.033061,50
"scenario_label=sequential,TOTAL_TAGS=5000",EAQ_CBB,avg_reader_bits,224.098984,1.036768,225.597080,0.287377,50
"scenario_label=sequential,TOTAL_TAGS=5000",EAQ_CBB,avg_total_bits,249.910096,1.121211,251.511060,0.310784,50
"scenario_label=sequential,TOTAL_TAGS=5000",EAQ_CBB,avg_query_efficiency,1.107136,0.010583,1.121836,0.002934,50
"scenario_label=sequential,TOTAL_TAGS=5000",EAQ_CBB,peak_stack_depth,1230.000000,4.664236,1237.000000,1.292860,50
"scenario_label=sequential,TOTAL_TAGS=5000",EAQ_CBB,avg_tag_responses,3.982488,0.022085,4.016700,0.006122,50
"scenario_label=sequential,TOTAL_TAGS=5000",EMDT,total_protocol_time_ms,6970.228950,78.533905,7096.128875,21.768488,50
"scenario_label=sequential,TOTAL_TAGS=5000",EMDT,throughput_tags_per_sec,717.425933,8.095786,729.653574,2.244037,50
"scenario_label=sequential,TOTAL_TAGS=5000",EMDT,system_efficiency,0.517463,0.007316,0.528949,0.002028,50
"scenario_label=sequential,TOTAL_TAGS=5000",EMDT,collision_slots,2916.060000,82.323010,3041.200000,22.818774,50
"scenario_label=sequential,TOTAL_TAGS=5000",EMDT,idle_slots,1748.360000,66.599246,1857.800000,18.460369,50
"scenario_label=sequential,TOTAL_TAGS=5000",EMDT,total_energy_uj,1743228.921950,22831.416333,1777673.059837,6328.545731,50
"scenario_label=sequential,TOTAL_TAGS=5000",EMDT,total_listening_energy_uj,1742612.962510,22828.807770,1777054.701837,6327.822674,50
"scenario_label=sequential,TOTAL_TAGS=5000",EMDT,total_transmission_energy_uj,615.959440,3.226710,621.005800,0.894398,50
"scenario_label=sequential,TOTAL_TAGS=5000",EMDT,total_bits,848219.960000,1683.335488,850892.300000,466.596792,50
"scenario_label=sequential,TOTAL_TAGS=5000",EMDT,avg_tag_bits,144.064064,0.066011,144.184160,0.018297,50
"scenario_label=sequential,TOTAL_TAGS=5000",EMDT,avg_reader_bits,25.579928,0.319578,26.074620,0.088582,50
"scenario_label=sequential,TOTAL_TAGS=5000",EMDT,avg_total_bits,169.643992,0.336667,170.178460,0.093319,50
"scenario_label=sequential,TOTAL_TAGS=5000",EMDT,avg_query_efficiency,1.715987,0.048648,1.794150,0.013484,50
"scenario_label=sequential,TOTAL_TAGS=5000",EMDT,peak_stack_depth,42.520000,1.147135,44.000000,0.317970,50
"scenario_label=sequential,TOTAL_TAGS=5000",EMDT,avg_tag_responses,5.154424,0.037998,5.213770,0.010533,50
"scenario_label=sequential,TOTAL_TAGS=5000",HT_EEAC,total_protocol_time_ms,29740.619100,352.274045,30335.445750,97.645384,50
"scenario_label=sequential,TOTAL_TAGS=5000",HT_EEAC,throughput_tags_per_sec,168.143293,1.986275,171.280083,0.550567,50
"scenario_label=sequential,TOTAL_TAGS=5000",HT_EEAC,system_efficiency,0.084200,0.001109,0.085938,0.000307,50
"scenario_label=sequential,TOTAL_TAGS=5000",HT_EEAC,collision_slots,50796.580000,737.229455,52023.150000,204.349579,50
"scenario_label=sequential,TOTAL_TAGS=5000",HT_EEAC,idle_slots,3596.100000,142.175840,3830.050000,39.409132,50
"scenario_label=sequential,TOTAL_TAGS=5000",HT_EEAC,total_energy_uj,9301131.385020,128446.475832,9492770.610825,35603.546640,50
"scenario_label=sequential,TOTAL_TAGS=5000",HT_EEAC,total_listening_energy_uj,9297831.734460,128408.177839,9489402.748425,35592.930978,50
"scenario_label=sequential,TOTAL_TAGS=5000",HT_EEAC,total_transmission_energy_uj,3299.650560,40.346518,3367.862400,11.183484,50
"scenario_label=sequential,TOTAL_TAGS=5000",HT_EEAC,total_bits,2679384.240000,28950.165248,2728145.400000,8024.576400,50
"scenario_label=sequential,TOTAL_TAGS=5000",HT_EEAC,avg_tag_bits,274.549056,2.359134,278.474080,0.653919,50
"scenario_label=sequential,TOTAL_TAGS=5000",HT_EEAC,avg_reader_bits,261.327792,3.452695,267.171960,0.957038,50
"scenario_label=sequential,TOTAL_TAGS=5000",HT_EEAC,avg_total_bits,535.876848,5.790033,545.629080,1.604915,50
"scenario_label=sequential,TOTAL_TAGS=5000",HT_EEAC,avg_query_efficiency,0.098452,0.001423,0.100746,0.000395,50
"scenario_label=sequential,TOTAL_TAGS=5000",HT_EEAC,avg_tag_responses,173.948692,6.857327,184.335900,1.900754,50
"scenario_label=sequential,TOTAL_TAGS=5000",LAPCT,total_protocol_time_ms,15472.440000,0.000000,15472.440000,0.000000,50
"scenario_label=sequential,TOTAL_TAGS=5000",LAPCT,throughput_tags_per_sec,323.155236,0.000000,323.155236,0.000000,50
"scenario_label=sequential,TOTAL_TAGS=5000",LAPCT,system_efficiency,0.498355,0.000000,0.498355,0.000000,50
"scenario_label=sequential,TOTAL_TAGS=5000",LAPCT,collision_slots,5031.000000,0.000000,5031.000000,0.000000,50
"scenario_label=sequential,TOTAL_TAGS=5000",LAPCT,idle_slots,2.000000,0.000000,2.000000,0.000000,50
"scenario_label=sequential,TOTAL_TAGS=5000",LAPCT,total_energy_uj,3872834.501500,0.000000,3872834.501500,0.000000,50
"scenario_label=sequential,TOTAL_TAGS=5000",LAPCT,total_listening_energy_uj,3870352.933500,0.000000,3870352.933500,0.000000,50
"scenario_label=sequential,TOTAL_TAGS=5000",LAPCT,total_transmission_energy_uj,2481.568000,0.000000,2481.568000,0.000000,50
"scenario_label=sequential,TOTAL_TAGS=5000",LAPCT,total_bits,1463342.000000,0.000000,1463342.000000,0.000000,50
"scenario_label=sequential,TOTAL_TAGS=5000",LAPCT,avg_tag_bits,59.348800,0.000000,59.348800,0.000000,50
"scenario_label=sequential,TOTAL_TAGS=5000",LAPCT,avg_reader_bits,233.319600,0.000000,233.319600,0.000000,50
"scenario_label=sequential,TOTAL_TAGS=5000",LAPCT,avg_total_bits,292.668400,0.000000,292.668400,0.000000,50
"scenario_label=sequential,TOTAL_TAGS=5000",LAPCT,avg_query_efficiency,0.993838,0.000000,0.993838,0.000000,50
"scenario_label=sequential,TOTAL_TAGS=5000",LAPCT,peak_stack_depth,15.000000,0.000000,15.000000,0.000000,50
"scenario_label=sequential,TOTAL_TAGS=5000",LAPCT,avg_tag_responses,10.814400,0.000000,10.814400,0.000000,50
"scenario_label=sequential,TOTAL_TAGS=5000",NLHQT(n=2),total_protocol_time_ms,4373.027500,0.000000,4373.027500,0.000000,50
"scenario_label=sequential,TOTAL_TAGS=5000",NLHQT(n=2),throughput_tags_per_sec,1143.372641,0.000000,1143.372641,0.000000,50
"scenario_label=sequential,TOTAL_TAGS=5000",NLHQT(n=2),system_efficiency,0.374841,0.000000,0.374841,0.000000,50
"scenario_label=sequential,TOTAL_TAGS=5000",NLHQT(n=2),collision_slots,8339.000000,0.000000,8339.000000,0.000000,50
"scenario_label=sequential,TOTAL_TAGS=5000",NLHQT(n=2),idle_slots,0.000000,0.000000,0.000000,0.000000,50
"scenario_label=sequential,TOTAL_TAGS=5000",NLHQT(n=2),total_energy_uj,1094757.205000,0.000000,1094757.205000,0.000000,50
"scenario_label=sequential,TOTAL_TAGS=5000",NLHQT(n=2),total_listening_energy_uj,1094078.783000,0.000000,1094078.783000,0.000000,50
"scenario_label=sequential,TOTAL_TAGS=5000",NLHQT(n=2),total_transmission_energy_uj,678.422000,0.000000,678.422000,0.000000,50
"scenario_label=sequential,TOTAL_TAGS=5000",NLHQT(n=2),total_bits,485461.000000,0.000000,485461.000000,0.000000,50
"scenario_label=sequential,TOTAL_TAGS=5000",NLHQT(n=2),avg_tag_bits,39.000000,0.000000,39.000000,0.000000,50
"scenario_label=sequential,TOTAL_TAGS=5000",NLHQT(n=2),avg_reader_bits,58.092200,0.000000,58.092200,0.000000,50
"scenario_label=sequential,TOTAL_TAGS=5000",NLHQT(n=2),avg_total_bits,97.092200,0.000000,97.092200,0.000000,50
"scenario_label=sequential,TOTAL_TAGS=5000",NLHQT(n=2),avg_query_efficiency,0.599592,0.000000,0.599592,0.000000,50
"scenario_label=sequential,TOTAL_TAGS=5000",NLHQT(n=2),peak_stack_depth,19.000000,0.000000,19.000000,0.000000,50
"scenario_label=sequential,TOTAL_TAGS=5000",NLHQT(n=2),avg_tag_responses,9.000000,0.000000,9.000000,0.000000,50
"scenario_label=sequential,TOTAL_TAGS=5000",SGCT,total_protocol_time_ms,2561.390000,0.000000,2561.390000,0.000000,50
"scenario_label=sequential,TOTAL_TAGS=5000",SGCT,throughput_tags_per_sec,1952.065090,0.000000,1952.065090,0.000000,50
"scenario_label=sequential,TOTAL_TAGS=5000",SGCT,system_efficiency,0.940734,0.000000,0.940734,0.000000,50
"scenario_label=sequential,TOTAL_TAGS=5000",SGCT,collision_slots,315.000000,0.000000,315.000000,0.000000,50
"scenario_label=sequential,TOTAL_TAGS=5000",SGCT,idle_slots,0.000000,0.000000,0.000000,0.000000,50
"scenario_label=sequential,TOTAL_TAGS=5000",SGCT,total_energy_uj,650615.203500,0.000000,650615.203500,0.000000,50
"scenario_label=sequential,TOTAL_TAGS=5000",SGCT,total_listening_energy_uj,650227.415500,0.000000,650227.415500,0.000000,50
"scenario_label=sequential,TOTAL_TAGS=5000",SGCT,total_transmission_energy_uj,387.788000,0.000000,387.788000,0.000000,50
"scenario_label=sequential,TOTAL_TAGS=5000",SGCT,total_bits,317614.000000,0.000000,317614.000000,0.000000,50
"scenario_label=sequential,TOTAL_TAGS=5000",SGCT,avg_tag_bits,32.992000,0.000000,32.992000,0.000000,50
"scenario_label=sequential,TOTAL_TAGS=5000",SGCT,avg_reader_bits,30.530800,0.000000,30.530800,0.000000,50
"scenario_label=sequential,TOTAL_TAGS=5000",SGCT,avg_total_bits,63.522800,0.000000,63.522800,0.000000,50
"scenario_label=sequential,TOTAL_TAGS=5000",SGCT,avg_query_efficiency,15.873016,0.000000,15.873016,0.000000,50
"scenario_label=sequential,TOTAL_TAGS=5000",SGCT,peak_stack_depth,164.000000,0.000000,164.000000,0.000000,50
"scenario_label=sequential,TOTAL_TAGS=5000",SGCT,progressive_probe_count,158.000000,0.000000,158.000000,0.000000,50
"scenario_label=sequential,TOTAL_TAGS=5000",SGCT,signature_grouping_trigger_count,157.000000,0.000000,157.000000,0.000000,50
"scenario_label=sequential,TOTAL_TAGS=5000",SGCT,local_short_id_trigger_count,1.000000,0.000000,1.000000,0.000000,50
"scenario_label=sequential,TOTAL_TAGS=5000",SGCT,signature_groups_pruned,99.000000,0.000000,99.000000,0.000000,50
"scenario_label=sequential,TOTAL_TAGS=5000",SGCT,sparse_signature_groups,5149.000000,0.000000,5149.000000,0.000000,50
"scenario_label=sequential,TOTAL_TAGS=5000",SGCT,signature_marker_bits,9992.000000,0.000000,9992.000000,0.000000,50
"scenario_label=sequential,TOTAL_TAGS=5000",SGCT,signature_marker_tag_bits,9992.000000,0.000000,9992.000000,0.000000,50
"scenario_label=sequential,TOTAL_TAGS=5000",SGCT,signature_non_idle_marker_count,5149.000000,0.000000,5149.000000,0.000000,50
"scenario_label=sequential,TOTAL_TAGS=5000",SGCT,signature_collision_groups,157.000000,0.000000,157.000000,0.000000,50
"scenario_label=sequential,TOTAL_TAGS=5000",SGCT,signature_singleton_groups,4992.000000,0.000000,4992.000000,0.000000,50
"scenario_label=sequential,TOTAL_TAGS=5000",SGCT,low_d_fallback_count,1.000000,0.000000,1.000000,0.000000,50
"scenario_label=sequential,TOTAL_TAGS=5000",SGCT,suffix_signature_trigger_count,0.000000,0.000000,0.000000,0.000000,50
"scenario_label=sequential,TOTAL_TAGS=5000",SGCT,hash_short_id_round_count,0.000000,0.000000,0.000000,0.000000,50
"scenario_label=sequential,TOTAL_TAGS=5000",SGCT,hash_short_id_split_count,0.000000,0.000000,0.000000,0.000000,50
"scenario_label=sequential,TOTAL_TAGS=5000",SGCT,hash_short_id_collision_groups,0.000000,0.000000,0.000000,0.000000,50
"scenario_label=sequential,TOTAL_TAGS=5000",SGCT,hash_short_id_singleton_groups,0.000000,0.000000,0.000000,0.000000,50
"scenario_label=sequential,TOTAL_TAGS=5000",SGCT,small_cluster_guard_count,0.000000,0.000000,0.000000,0.000000,50
"scenario_label=sequential,TOTAL_TAGS=5000",SGCT,max_signature_d,8.000000,0.000000,8.000000,0.000000,50
"scenario_label=sequential,TOTAL_TAGS=5000",SGCT,epc_verification_count,5000.000000,0.000000,5000.000000,0.000000,50
"scenario_label=sequential,TOTAL_TAGS=5000",SGCT,verify_fail_count,0.000000,0.000000,0.000000,0.000000,50
"scenario_label=sequential,TOTAL_TAGS=5000",SGCT,avg_tag_responses,4.000000,0.000000,4.000000,0.000000,50
"scenario_label=sequential,TOTAL_TAGS=7000",DQTA(k_max=3),total_protocol_time_ms,13106.697500,0.000000,13106.697500,0.000000,50
"scenario_label=sequential,TOTAL_TAGS=7000",DQTA(k_max=3),throughput_tags_per_sec,534.078093,0.000000,534.078093,0.000000,50
"scenario_label=sequential,TOTAL_TAGS=7000",DQTA(k_max=3),system_efficiency,0.466760,0.000000,0.466760,0.000000,50
"scenario_label=sequential,TOTAL_TAGS=7000",DQTA(k_max=3),collision_slots,7993.000000,0.000000,7993.000000,0.000000,50
"scenario_label=sequential,TOTAL_TAGS=7000",DQTA(k_max=3),idle_slots,4.000000,0.000000,4.000000,0.000000,50
"scenario_label=sequential,TOTAL_TAGS=7000",DQTA(k_max=3),total_energy_uj,4591991.076500,0.000000,4591991.076500,0.000000,50
"scenario_label=sequential,TOTAL_TAGS=7000",DQTA(k_max=3),total_listening_energy_uj,4589903.882500,0.000000,4589903.882500,0.000000,50
"scenario_label=sequential,TOTAL_TAGS=7000",DQTA(k_max=3),total_transmission_energy_uj,2087.194000,0.000000,2087.194000,0.000000,50
"scenario_label=sequential,TOTAL_TAGS=7000",DQTA(k_max=3),total_bits,1342829.000000,0.000000,1342829.000000,0.000000,50
"scenario_label=sequential,TOTAL_TAGS=7000",DQTA(k_max=3),avg_tag_bits,56.996571,0.000000,56.996571,0.000000,50
"scenario_label=sequential,TOTAL_TAGS=7000",DQTA(k_max=3),avg_reader_bits,134.836143,0.000000,134.836143,0.000000,50
"scenario_label=sequential,TOTAL_TAGS=7000",DQTA(k_max=3),avg_total_bits,191.832714,0.000000,191.832714,0.000000,50
"scenario_label=sequential,TOTAL_TAGS=7000",DQTA(k_max=3),avg_query_efficiency,0.875766,0.000000,0.875766,0.000000,50
"scenario_label=sequential,TOTAL_TAGS=7000",DQTA(k_max=3),peak_stack_depth,27.000000,0.000000,27.000000,0.000000,50
"scenario_label=sequential,TOTAL_TAGS=7000",DQTA(k_max=3),avg_tag_responses,4.998857,0.000000,4.998857,0.000000,50
"scenario_label=sequential,TOTAL_TAGS=7000",DRCT,total_protocol_time_ms,12622.593750,0.000000,12622.593750,0.000000,50
"scenario_label=sequential,TOTAL_TAGS=7000",DRCT,throughput_tags_per_sec,554.561142,0.000000,554.561142,0.000000,50
"scenario_label=sequential,TOTAL_TAGS=7000",DRCT,system_efficiency,0.493932,0.000000,0.493932,0.000000,50
"scenario_label=sequential,TOTAL_TAGS=7000",DRCT,collision_slots,7085.000000,0.000000,7085.000000,0.000000,50
"scenario_label=sequential,TOTAL_TAGS=7000",DRCT,idle_slots,87.000000,0.000000,87.000000,0.000000,50
"scenario_label=sequential,TOTAL_TAGS=7000",DRCT,total_energy_uj,4456283.887500,0.000000,4456283.887500,0.000000,50
"scenario_label=sequential,TOTAL_TAGS=7000",DRCT,energy_per_tag_uj,636.611984,0.000000,636.611984,0.000000,50
"scenario_label=sequential,TOTAL_TAGS=7000",DRCT,total_reader_tx_energy_uj,1777.170000,0.000000,1777.170000,0.000000,50
"scenario_label=sequential,TOTAL_TAGS=7000",DRCT,total_tag_tx_energy_uj,1344.229000,0.000000,1344.229000,0.000000,50
"scenario_label=sequential,TOTAL_TAGS=7000",DRCT,total_listening_energy_uj,4453162.488500,0.000000,4453162.488500,0.000000,50
"scenario_label=sequential,TOTAL_TAGS=7000",DRCT,total_transmission_energy_uj,3121.399000,0.000000,3121.399000,0.000000,50
"scenario_label=sequential,TOTAL_TAGS=7000",DRCT,total_bits,3577043.000000,0.000000,3577043.000000,0.000000,50
"scenario_label=sequential,TOTAL_TAGS=7000",DRCT,avg_tag_bits,384.065429,0.000000,384.065429,0.000000,50
"scenario_label=sequential,TOTAL_TAGS=7000",DRCT,avg_reader_bits,126.940714,0.000000,126.940714,0.000000,50
"scenario_label=sequential,TOTAL_TAGS=7000",DRCT,avg_total_bits,511.006143,0.000000,511.006143,0.000000,50
"scenario_label=sequential,TOTAL_TAGS=7000",DRCT,avg_query_efficiency,0.988003,0.000000,0.988003,0.000000,50
"scenario_label=sequential,TOTAL_TAGS=7000",DRCT,peak_stack_depth,13.000000,0.000000,13.000000,0.000000,50
"scenario_label=sequential,TOTAL_TAGS=7000",DRCT,avg_tag_responses,96.000000,0.000000,96.000000,0.000000,50
"scenario_label=sequential,TOTAL_TAGS=7000",EAQ_CBB,total_protocol_time_ms,20607.443900,74.927673,20719.314750,20.768891,50
"scenario_label=sequential,TOTAL_TAGS=7000",EAQ_CBB,throughput_tags_per_sec,339.687481,1.235438,341.672816,0.342446,50
"scenario_label=sequential,TOTAL_TAGS=7000",EAQ_CBB,system_efficiency,0.535285,0.001905,0.538358,0.000528,50
"scenario_label=sequential,TOTAL_TAGS=7000",EAQ_CBB,collision_slots,6077.320000,46.529534,6147.300000,12.897329,50
"scenario_label=sequential,TOTAL_TAGS=7000",EAQ_CBB,idle_slots,0.000000,0.000000,0.000000,0.000000,50
"scenario_label=sequential,TOTAL_TAGS=7000",EAQ_CBB,total_energy_uj,7215581.108245,27634.647697,7259442.608963,7659.933539,50
"scenario_label=sequential,TOTAL_TAGS=7000",EAQ_CBB,total_listening_energy_uj,7212416.856695,27625.135866,7256262.919862,7657.296994,50
"scenario_label=sequential,TOTAL_TAGS=7000",EAQ_CBB,total_transmission_energy_uj,3164.251550,11.353618,3180.914125,3.147062,50
"scenario_label=sequential,TOTAL_TAGS=7000",EAQ_CBB,total_bits,1716049.900000,6053.408526,1724731.500000,1677.919238,50
"scenario_label=sequential,TOTAL_TAGS=7000",EAQ_CBB,avg_tag_bits,25.509357,0.099460,25.662386,0.027569,50
"scenario_label=sequential,TOTAL_TAGS=7000",EAQ_CBB,avg_reader_bits,219.640629,0.793787,220.824143,0.220027,50
"scenario_label=sequential,TOTAL_TAGS=7000",EAQ_CBB,avg_total_bits,245.149986,0.864773,246.390214,0.239703,50
"scenario_label=sequential,TOTAL_TAGS=7000",EAQ_CBB,avg_query_efficiency,1.151890,0.008825,1.166182,0.002446,50
"scenario_label=sequential,TOTAL_TAGS=7000",EAQ_CBB,peak_stack_depth,1719.020000,7.081133,1728.550000,1.962790,50
"scenario_label=sequential,TOTAL_TAGS=7000",EAQ_CBB,avg_tag_responses,3.881154,0.016024,3.905143,0.004442,50
"scenario_label=sequential,TOTAL_TAGS=7000",EMDT,total_protocol_time_ms,9623.624400,74.394869,9747.356375,20.621206,50
"scenario_label=sequential,TOTAL_TAGS=7000",EMDT,throughput_tags_per_sec,727.419029,5.590030,735.898655,1.549477,50
"scenario_label=sequential,TOTAL_TAGS=7000",EMDT,system_efficiency,0.499001,0.004180,0.505348,0.001159,50
"scenario_label=sequential,TOTAL_TAGS=7000",EMDT,collision_slots,4053.420000,80.812226,4185.100000,22.400006,50
"scenario_label=sequential,TOTAL_TAGS=7000",EMDT,idle_slots,2975.580000,68.213378,3077.100000,18.907784,50
"scenario_label=sequential,TOTAL_TAGS=7000",EMDT,total_energy_uj,3368790.497130,32797.459382,3417802.405625,9090.991926,50
"scenario_label=sequential,TOTAL_TAGS=7000",EMDT,total_listening_energy_uj,3367951.200730,32794.617798,3416956.158625,9090.204279,50
"scenario_label=sequential,TOTAL_TAGS=7000",EMDT,total_transmission_energy_uj,839.296400,4.141302,845.804400,1.147910,50
"scenario_label=sequential,TOTAL_TAGS=7000",EMDT,total_bits,1179034.840000,2715.418142,1183321.700000,752.675508,50
"scenario_label=sequential,TOTAL_TAGS=7000",EMDT,avg_tag_bits,144.645074,0.156787,144.914743,0.043459,50
"scenario_label=sequential,TOTAL_TAGS=7000",EMDT,avg_reader_bits,23.788474,0.269546,24.238029,0.074714,50
"scenario_label=sequential,TOTAL_TAGS=7000",EMDT,avg_total_bits,168.433549,0.387917,169.045957,0.107525,50
"scenario_label=sequential,TOTAL_TAGS=7000",EMDT,avg_query_efficiency,1.727600,0.033948,1.776989,0.009410,50
"scenario_label=sequential,TOTAL_TAGS=7000",EMDT,peak_stack_depth,44.260000,1.208980,46.000000,0.335112,50
"scenario_label=sequential,TOTAL_TAGS=7000",EMDT,avg_tag_responses,5.184809,0.026564,5.229221,0.007363,50
"scenario_label=sequential,TOTAL_TAGS=7000",HT_EEAC,total_protocol_time_ms,50051.812350,1421.597846,52183.355250,394.046819,50
"scenario_label=sequential,TOTAL_TAGS=7000",HT_EEAC,throughput_tags_per_sec,139.965221,3.959448,145.077852,1.097503,50
"scenario_label=sequential,TOTAL_TAGS=7000",HT_EEAC,system_efficiency,0.069078,0.002101,0.071796,0.000582,50
"scenario_label=sequential,TOTAL_TAGS=7000",HT_EEAC,collision_slots,89835.280000,3137.617334,94541.950000,869.703153,50
"scenario_label=sequential,TOTAL_TAGS=7000",HT_EEAC,idle_slots,4591.620000,173.113257,4867.000000,47.984547,50
"scenario_label=sequential,TOTAL_TAGS=7000",HT_EEAC,total_energy_uj,21405277.890440,816805.104429,22750147.480958,226406.823874,50
"scenario_label=sequential,TOTAL_TAGS=7000",HT_EEAC,total_listening_energy_uj,21399704.424600,816645.378335,22744335.685158,226362.550059,50
"scenario_label=sequential,TOTAL_TAGS=7000",HT_EEAC,total_transmission_energy_uj,5573.465840,161.370641,5815.376000,44.729660,50
"scenario_label=sequential,TOTAL_TAGS=7000",HT_EEAC,total_bits,4452756.280000,118309.994114,4630191.400000,32793.857255,50
"scenario_label=sequential,TOTAL_TAGS=7000",HT_EEAC,avg_tag_bits,317.337783,7.171697,328.095886,1.987893,50
"scenario_label=sequential,TOTAL_TAGS=7000",HT_EEAC,avg_reader_bits,318.770257,9.735761,333.360029,2.698615,50
"scenario_label=sequential,TOTAL_TAGS=7000",HT_EEAC,avg_total_bits,636.108040,16.901428,661.455914,4.684837,50
"scenario_label=sequential,TOTAL_TAGS=7000",HT_EEAC,avg_query_efficiency,0.078013,0.002712,0.081600,0.000752,50
"scenario_label=sequential,TOTAL_TAGS=7000",HT_EEAC,avg_tag_responses,226.655903,15.101381,249.262950,4.185889,50
"scenario_label=sequential,TOTAL_TAGS=7000",LAPCT,total_protocol_time_ms,21663.101250,0.000000,21663.101250,0.000000,50
"scenario_label=sequential,TOTAL_TAGS=7000",LAPCT,throughput_tags_per_sec,323.130097,0.000000,323.130097,0.000000,50
"scenario_label=sequential,TOTAL_TAGS=7000",LAPCT,system_efficiency,0.498504,0.000000,0.498504,0.000000,50
"scenario_label=sequential,TOTAL_TAGS=7000",LAPCT,collision_slots,7041.000000,0.000000,7041.000000,0.000000,50
"scenario_label=sequential,TOTAL_TAGS=7000",LAPCT,idle_slots,1.000000,0.000000,1.000000,0.000000,50
"scenario_label=sequential,TOTAL_TAGS=7000",LAPCT,total_energy_uj,7588499.636500,0.000000,7588499.636500,0.000000,50
"scenario_label=sequential,TOTAL_TAGS=7000",LAPCT,total_listening_energy_uj,7585023.518500,0.000000,7585023.518500,0.000000,50
"scenario_label=sequential,TOTAL_TAGS=7000",LAPCT,total_transmission_energy_uj,3476.118000,0.000000,3476.118000,0.000000,50
"scenario_label=sequential,TOTAL_TAGS=7000",LAPCT,total_bits,2052045.000000,0.000000,2052045.000000,0.000000,50
"scenario_label=sequential,TOTAL_TAGS=7000",LAPCT,avg_tag_bits,59.806857,0.000000,59.806857,0.000000,50
"scenario_label=sequential,TOTAL_TAGS=7000",LAPCT,avg_reader_bits,233.342429,0.000000,233.342429,0.000000,50
"scenario_label=sequential,TOTAL_TAGS=7000",LAPCT,avg_total_bits,293.149286,0.000000,293.149286,0.000000,50
"scenario_label=sequential,TOTAL_TAGS=7000",LAPCT,avg_query_efficiency,0.994177,0.000000,0.994177,0.000000,50
"scenario_label=sequential,TOTAL_TAGS=7000",LAPCT,peak_stack_depth,16.000000,0.000000,16.000000,0.000000,50
"scenario_label=sequential,TOTAL_TAGS=7000",LAPCT,avg_tag_responses,10.864000,0.000000,10.864000,0.000000,50
"scenario_label=sequential,TOTAL_TAGS=7000",NLHQT(n=2),total_protocol_time_ms,6120.455000,0.000000,6120.455000,0.000000,50
"scenario_label=sequential,TOTAL_TAGS=7000",NLHQT(n=2),throughput_tags_per_sec,1143.705819,0.000000,1143.705819,0.000000,50
"scenario_label=sequential,TOTAL_TAGS=7000",NLHQT(n=2),system_efficiency,0.374953,0.000000,0.374953,0.000000,50
"scenario_label=sequential,TOTAL_TAGS=7000",NLHQT(n=2),collision_slots,11669.000000,0.000000,11669.000000,0.000000,50
"scenario_label=sequential,TOTAL_TAGS=7000",NLHQT(n=2),idle_slots,0.000000,0.000000,0.000000,0.000000,50
"scenario_label=sequential,TOTAL_TAGS=7000",NLHQT(n=2),total_energy_uj,2144434.107000,0.000000,2144434.107000,0.000000,50
"scenario_label=sequential,TOTAL_TAGS=7000",NLHQT(n=2),total_listening_energy_uj,2143484.541000,0.000000,2143484.541000,0.000000,50
"scenario_label=sequential,TOTAL_TAGS=7000",NLHQT(n=2),total_transmission_energy_uj,949.566000,0.000000,949.566000,0.000000,50
"scenario_label=sequential,TOTAL_TAGS=7000",NLHQT(n=2),total_bits,679533.000000,0.000000,679533.000000,0.000000,50
"scenario_label=sequential,TOTAL_TAGS=7000",NLHQT(n=2),avg_tag_bits,39.000000,0.000000,39.000000,0.000000,50
"scenario_label=sequential,TOTAL_TAGS=7000",NLHQT(n=2),avg_reader_bits,58.076143,0.000000,58.076143,0.000000,50
"scenario_label=sequential,TOTAL_TAGS=7000",NLHQT(n=2),avg_total_bits,97.076143,0.000000,97.076143,0.000000,50
"scenario_label=sequential,TOTAL_TAGS=7000",NLHQT(n=2),avg_query_efficiency,0.599880,0.000000,0.599880,0.000000,50
"scenario_label=sequential,TOTAL_TAGS=7000",NLHQT(n=2),peak_stack_depth,20.000000,0.000000,20.000000,0.000000,50
"scenario_label=sequential,TOTAL_TAGS=7000",NLHQT(n=2),avg_tag_responses,9.000000,0.000000,9.000000,0.000000,50
"scenario_label=sequential,TOTAL_TAGS=7000",SGCT,total_protocol_time_ms,3581.405000,0.000000,3581.405000,0.000000,50
"scenario_label=sequential,TOTAL_TAGS=7000",SGCT,throughput_tags_per_sec,1954.540187,0.000000,1954.540187,0.000000,50
"scenario_label=sequential,TOTAL_TAGS=7000",SGCT,system_efficiency,0.940987,0.000000,0.940987,0.000000,50
"scenario_label=sequential,TOTAL_TAGS=7000",SGCT,collision_slots,439.000000,0.000000,439.000000,0.000000,50
"scenario_label=sequential,TOTAL_TAGS=7000",SGCT,idle_slots,0.000000,0.000000,0.000000,0.000000,50
"scenario_label=sequential,TOTAL_TAGS=7000",SGCT,total_energy_uj,1271345.357500,0.000000,1271345.357500,0.000000,50
"scenario_label=sequential,TOTAL_TAGS=7000",SGCT,total_listening_energy_uj,1270803.055500,0.000000,1270803.055500,0.000000,50
"scenario_label=sequential,TOTAL_TAGS=7000",SGCT,total_transmission_energy_uj,542.302000,0.000000,542.302000,0.000000,50
"scenario_label=sequential,TOTAL_TAGS=7000",SGCT,total_bits,444401.000000,0.000000,444401.000000,0.000000,50
"scenario_label=sequential,TOTAL_TAGS=7000",SGCT,avg_tag_bits,33.000000,0.000000,33.000000,0.000000,50
"scenario_label=sequential,TOTAL_TAGS=7000",SGCT,avg_reader_bits,30.485857,0.000000,30.485857,0.000000,50
"scenario_label=sequential,TOTAL_TAGS=7000",SGCT,avg_total_bits,63.485857,0.000000,63.485857,0.000000,50
"scenario_label=sequential,TOTAL_TAGS=7000",SGCT,avg_query_efficiency,15.945330,0.000000,15.945330,0.000000,50
"scenario_label=sequential,TOTAL_TAGS=7000",SGCT,peak_stack_depth,219.000000,0.000000,219.000000,0.000000,50
"scenario_label=sequential,TOTAL_TAGS=7000",SGCT,progressive_probe_count,220.000000,0.000000,220.000000,0.000000,50
"scenario_label=sequential,TOTAL_TAGS=7000",SGCT,signature_grouping_trigger_count,220.000000,0.000000,220.000000,0.000000,50
"scenario_label=sequential,TOTAL_TAGS=7000",SGCT,local_short_id_trigger_count,1.000000,0.000000,1.000000,0.000000,50
"scenario_label=sequential,TOTAL_TAGS=7000",SGCT,signature_groups_pruned,45.000000,0.000000,45.000000,0.000000,50
"scenario_label=sequential,TOTAL_TAGS=7000",SGCT,sparse_signature_groups,7219.000000,0.000000,7219.000000,0.000000,50
"scenario_label=sequential,TOTAL_TAGS=7000",SGCT,signature_marker_bits,14000.000000,0.000000,14000.000000,0.000000,50
"scenario_label=sequential,TOTAL_TAGS=7000",SGCT,signature_marker_tag_bits,14000.000000,0.000000,14000.000000,0.000000,50
"scenario_label=sequential,TOTAL_TAGS=7000",SGCT,signature_non_idle_marker_count,7219.000000,0.000000,7219.000000,0.000000,50
"scenario_label=sequential,TOTAL_TAGS=7000",SGCT,signature_collision_groups,219.000000,0.000000,219.000000,0.000000,50
"scenario_label=sequential,TOTAL_TAGS=7000",SGCT,signature_singleton_groups,7000.000000,0.000000,7000.000000,0.000000,50
"scenario_label=sequential,TOTAL_TAGS=7000",SGCT,low_d_fallback_count,0.000000,0.000000,0.000000,0.000000,50
"scenario_label=sequential,TOTAL_TAGS=7000",SGCT,suffix_signature_trigger_count,0.000000,0.000000,0.000000,0.000000,50
"scenario_label=sequential,TOTAL_TAGS=7000",SGCT,hash_short_id_round_count,0.000000,0.000000,0.000000,0.000000,50
"scenario_label=sequential,TOTAL_TAGS=7000",SGCT,hash_short_id_split_count,0.000000,0.000000,0.000000,0.000000,50
"scenario_label=sequential,TOTAL_TAGS=7000",SGCT,hash_short_id_collision_groups,0.000000,0.000000,0.000000,0.000000,50
"scenario_label=sequential,TOTAL_TAGS=7000",SGCT,hash_short_id_singleton_groups,0.000000,0.000000,0.000000,0.000000,50
"scenario_label=sequential,TOTAL_TAGS=7000",SGCT,small_cluster_guard_count,0.000000,0.000000,0.000000,0.000000,50
"scenario_label=sequential,TOTAL_TAGS=7000",SGCT,max_signature_d,8.000000,0.000000,8.000000,0.000000,50
"scenario_label=sequential,TOTAL_TAGS=7000",SGCT,epc_verification_count,7000.000000,0.000000,7000.000000,0.000000,50
"scenario_label=sequential,TOTAL_TAGS=7000",SGCT,verify_fail_count,0.000000,0.000000,0.000000,0.000000,50
"scenario_label=sequential,TOTAL_TAGS=7000",SGCT,avg_tag_responses,4.000000,0.000000,4.000000,0.000000,50
