scenario_point,algorithm_name,metric,mean,std,p95,ci95,n
"TOTAL_TAGS=100,prefix_length=0",DQTA(k_max=3),total_protocol_time_ms,162.020100,5.697607,171.105250,1.579296,50
"TOTAL_TAGS=100,prefix_length=0",DQTA(k_max=3),throughput_tags_per_sec,617.956091,21.742454,652.947891,6.026701,50
"TOTAL_TAGS=100,prefix_length=0",DQTA(k_max=3),system_efficiency,0.339676,0.017298,0.367647,0.004795,50
"TOTAL_TAGS=100,prefix_length=0",DQTA(k_max=3),collision_slots,90.680000,5.381146,99.200000,1.491578,50
"TOTAL_TAGS=100,prefix_length=0",DQTA(k_max=3),idle_slots,104.480000,13.431975,124.750000,3.723154,50
"TOTAL_TAGS=100,prefix_length=0",DQTA(k_max=3),total_energy_uj,889.735550,34.212751,940.329313,9.483291,50
"TOTAL_TAGS=100,prefix_length=0",DQTA(k_max=3),total_listening_energy_uj,857.415680,33.531051,906.763862,9.294333,50
"TOTAL_TAGS=100,prefix_length=0",DQTA(k_max=3),total_transmission_energy_uj,32.319870,0.817361,33.637925,0.226561,50
"TOTAL_TAGS=100,prefix_length=0",DQTA(k_max=3),total_bits,56433.060000,1168.200961,58331.950000,323.808786,50
"TOTAL_TAGS=100,prefix_length=0",DQTA(k_max=3),avg_tag_bits,536.975000,10.237778,553.486000,2.837767,50
"TOTAL_TAGS=100,prefix_length=0",DQTA(k_max=3),avg_reader_bits,27.355600,1.727002,30.002000,0.478700,50
"TOTAL_TAGS=100,prefix_length=0",DQTA(k_max=3),avg_total_bits,564.330600,11.682010,583.319500,3.238088,50
"TOTAL_TAGS=100,prefix_length=0",DQTA(k_max=3),avg_query_efficiency,1.106614,0.066074,1.221181,0.018315,50
"TOTAL_TAGS=100,prefix_length=0",DQTA(k_max=3),peak_stack_depth,11.580000,1.179588,13.550000,0.326965,50
"TOTAL_TAGS=100,prefix_length=0",DQTA(k_max=3),avg_tag_responses,2.938400,0.058706,3.031000,0.016272,50
"TOTAL_TAGS=100,prefix_length=0",DRCT,total_protocol_time_ms,142.476025,6.309585,152.612750,1.748928,50
"TOTAL_TAGS=100,prefix_length=0",DRCT,throughput_tags_per_sec,703.184698,30.303107,739.905680,8.399593,50
"TOTAL_TAGS=100,prefix_length=0",DRCT,system_efficiency,0.349647,0.024688,0.377506,0.006843,50
"TOTAL_TAGS=100,prefix_length=0",DRCT,collision_slots,142.720000,10.456987,159.100000,2.898529,50
"TOTAL_TAGS=100,prefix_length=0",DRCT,idle_slots,44.720000,10.456987,61.100000,2.898529,50
"TOTAL_TAGS=100,prefix_length=0",DRCT,total_energy_uj,740.936858,40.524285,815.105119,11.232759,50
"TOTAL_TAGS=100,prefix_length=0",DRCT,energy_per_tag_uj,7.409369,0.405243,8.151051,0.112328,50
"TOTAL_TAGS=100,prefix_length=0",DRCT,total_reader_tx_energy_uj,9.402800,0.738300,10.596300,0.204646,50
"TOTAL_TAGS=100,prefix_length=0",DRCT,total_tag_tx_energy_uj,6.385510,0.161226,6.603975,0.044690,50
"TOTAL_TAGS=100,prefix_length=0",DRCT,total_listening_energy_uj,725.148547,39.821840,798.075869,11.038051,50
"TOTAL_TAGS=100,prefix_length=0",DRCT,total_transmission_energy_uj,15.788310,0.786077,17.097300,0.217890,50
"TOTAL_TAGS=100,prefix_length=0",DRCT,total_bits,17472.420000,535.802130,18424.000000,148.516773,50
"TOTAL_TAGS=100,prefix_length=0",DRCT,avg_tag_bits,127.710200,3.224520,132.079500,0.893791,50
"TOTAL_TAGS=100,prefix_length=0",DRCT,avg_reader_bits,47.014000,3.691499,52.981500,1.023231,50
"TOTAL_TAGS=100,prefix_length=0",DRCT,avg_total_bits,174.724200,5.358021,184.240000,1.485168,50
"TOTAL_TAGS=100,prefix_length=0",DRCT,avg_query_efficiency,0.704243,0.050071,0.760756,0.013879,50
"TOTAL_TAGS=100,prefix_length=0",DRCT,peak_stack_depth,6.120000,0.627271,7.000000,0.173871,50
"TOTAL_TAGS=100,prefix_length=0",DRCT,avg_tag_responses,7.962000,0.233832,8.341000,0.064815,50
"TOTAL_TAGS=100,prefix_length=0",EAQ_CBB,total_protocol_time_ms,223.737400,5.432193,232.756250,1.505727,50
"TOTAL_TAGS=100,prefix_length=0",EAQ_CBB,throughput_tags_per_sec,447.210764,10.858259,464.931716,3.009756,50
"TOTAL_TAGS=100,prefix_length=0",EAQ_CBB,system_efficiency,0.546779,0.019632,0.578388,0.005442,50
"TOTAL_TAGS=100,prefix_length=0",EAQ_CBB,collision_slots,83.120000,6.567204,94.000000,1.820336,50
"TOTAL_TAGS=100,prefix_length=0",EAQ_CBB,idle_slots,0.000000,0.000000,0.000000,0.000000,50
"TOTAL_TAGS=100,prefix_length=0",EAQ_CBB,total_energy_uj,1158.371025,33.237256,1206.204031,9.212897,50
"TOTAL_TAGS=100,prefix_length=0",EAQ_CBB,total_listening_energy_uj,1122.096465,32.501979,1168.127906,9.009089,50
"TOTAL_TAGS=100,prefix_length=0",EAQ_CBB,total_transmission_energy_uj,36.274560,0.834792,37.563400,0.231392,50
"TOTAL_TAGS=100,prefix_length=0",EAQ_CBB,total_bits,28683.600000,973.837853,30130.100000,269.934081,50
"TOTAL_TAGS=100,prefix_length=0",EAQ_CBB,avg_tag_bits,140.617600,7.471545,151.738000,2.071006,50
"TOTAL_TAGS=100,prefix_length=0",EAQ_CBB,avg_reader_bits,146.218400,2.360767,150.094000,0.654371,50
"TOTAL_TAGS=100,prefix_length=0",EAQ_CBB,avg_total_bits,286.836000,9.738379,301.301000,2.699341,50
"TOTAL_TAGS=100,prefix_length=0",EAQ_CBB,avg_query_efficiency,1.210531,0.096770,1.371997,0.026823,50
"TOTAL_TAGS=100,prefix_length=0",EAQ_CBB,peak_stack_depth,27.360000,1.208136,29.550000,0.334878,50
"TOTAL_TAGS=100,prefix_length=0",EAQ_CBB,avg_tag_responses,3.787200,0.159835,4.024000,0.044304,50
"TOTAL_TAGS=100,prefix_length=0",EMDT,total_protocol_time_ms,130.062050,8.983683,148.171250,2.490150,50
"TOTAL_TAGS=100,prefix_length=0",EMDT,throughput_tags_per_sec,772.347836,51.680178,849.263371,14.325014,50
"TOTAL_TAGS=100,prefix_length=0",EMDT,system_efficiency,0.618577,0.059977,0.709759,0.016625,50
"TOTAL_TAGS=100,prefix_length=0",EMDT,collision_slots,48.640000,9.892813,67.750000,2.742148,50
"TOTAL_TAGS=100,prefix_length=0",EMDT,idle_slots,14.580000,6.851456,29.650000,1.899127,50
"TOTAL_TAGS=100,prefix_length=0",EMDT,total_energy_uj,667.319345,55.464876,776.729187,15.374079,50
"TOTAL_TAGS=100,prefix_length=0",EMDT,total_listening_energy_uj,655.140785,55.200260,763.935987,15.300731,50
"TOTAL_TAGS=100,prefix_length=0",EMDT,total_transmission_energy_uj,12.178560,0.297184,12.824000,0.082375,50
"TOTAL_TAGS=100,prefix_length=0",EMDT,total_bits,15687.360000,148.263109,16005.400000,41.096437,50
"TOTAL_TAGS=100,prefix_length=0",EMDT,avg_tag_bits,127.974400,0.059252,128.000000,0.016424,50
"TOTAL_TAGS=100,prefix_length=0",EMDT,avg_reader_bits,28.899200,1.487312,32.142000,0.412262,50
"TOTAL_TAGS=100,prefix_length=0",EMDT,avg_total_bits,156.873600,1.482631,160.054000,0.410964,50
"TOTAL_TAGS=100,prefix_length=0",EMDT,avg_query_efficiency,2.139478,0.435484,2.903361,0.120710,50
"TOTAL_TAGS=100,prefix_length=0",EMDT,peak_stack_depth,21.060000,1.284285,23.000000,0.355986,50
"TOTAL_TAGS=100,prefix_length=0",EMDT,avg_tag_responses,3.662000,0.208091,4.015000,0.057680,50
"TOTAL_TAGS=100,prefix_length=0",HT_EEAC,total_protocol_time_ms,271.470300,26.901757,315.870750,7.456787,50
"TOTAL_TAGS=100,prefix_length=0",HT_EEAC,throughput_tags_per_sec,371.881181,36.437427,437.117761,10.099940,50
"TOTAL_TAGS=100,prefix_length=0",HT_EEAC,system_efficiency,0.174541,0.024115,0.218396,0.006684,50
"TOTAL_TAGS=100,prefix_length=0",HT_EEAC,collision_slots,20.540000,10.744168,42.000000,2.978131,50
"TOTAL_TAGS=100,prefix_length=0",HT_EEAC,idle_slots,463.180000,84.361634,602.550000,23.383852,50
"TOTAL_TAGS=100,prefix_length=0",HT_EEAC,total_energy_uj,1242.172130,94.516036,1407.003788,26.198509,50
"TOTAL_TAGS=100,prefix_length=0",HT_EEAC,total_listening_energy_uj,1210.724130,92.002489,1370.151787,25.501789,50
"TOTAL_TAGS=100,prefix_length=0",HT_EEAC,total_transmission_energy_uj,31.448000,3.527595,37.280000,0.977799,50
"TOTAL_TAGS=100,prefix_length=0",HT_EEAC,total_bits,24370.480000,1734.835900,27223.600000,480.871978,50
"TOTAL_TAGS=100,prefix_length=0",HT_EEAC,avg_tag_bits,115.286400,1.719067,118.720000,0.476501,50
"TOTAL_TAGS=100,prefix_length=0",HT_EEAC,avg_reader_bits,128.418400,17.754280,157.806000,4.921235,50
"TOTAL_TAGS=100,prefix_length=0",HT_EEAC,avg_total_bits,243.704800,17.348359,272.236000,4.808720,50
"TOTAL_TAGS=100,prefix_length=0",HT_EEAC,avg_query_efficiency,6.155875,2.853992,10.000000,0.791086,50
"TOTAL_TAGS=100,prefix_length=0",HT_EEAC,avg_tag_responses,12.488000,3.638678,17.798000,1.008590,50
"TOTAL_TAGS=100,prefix_length=0",LAPCT,total_protocol_time_ms,254.099850,0.684218,254.512812,0.189656,50
"TOTAL_TAGS=100,prefix_length=0",LAPCT,throughput_tags_per_sec,393.548894,1.066296,395.637117,0.295562,50
"TOTAL_TAGS=100,prefix_length=0",LAPCT,system_efficiency,0.478746,0.001103,0.480769,0.000306,50
"TOTAL_TAGS=100,prefix_length=0",LAPCT,collision_slots,108.820000,0.437526,109.000000,0.121276,50
"TOTAL_TAGS=100,prefix_length=0",LAPCT,idle_slots,0.060000,0.239898,0.550000,0.066496,50
"TOTAL_TAGS=100,prefix_length=0",LAPCT,total_energy_uj,1358.568255,5.194228,1364.516681,1.439767,50
"TOTAL_TAGS=100,prefix_length=0",LAPCT,total_listening_energy_uj,1307.122175,5.110884,1312.683056,1.416665,50
"TOTAL_TAGS=100,prefix_length=0",LAPCT,total_transmission_energy_uj,51.446080,0.287622,51.855125,0.079725,50
"TOTAL_TAGS=100,prefix_length=0",LAPCT,total_bits,60092.480000,551.576192,60865.900000,152.889120,50
"TOTAL_TAGS=100,prefix_length=0",LAPCT,avg_tag_bits,458.259200,5.536497,466.476500,1.534639,50
"TOTAL_TAGS=100,prefix_length=0",LAPCT,avg_reader_bits,142.665600,0.528703,143.063000,0.146549,50
"TOTAL_TAGS=100,prefix_length=0",LAPCT,avg_total_bits,600.924800,5.515762,608.659000,1.528891,50
"TOTAL_TAGS=100,prefix_length=0",LAPCT,avg_query_efficiency,0.918963,0.003730,0.925926,0.001034,50
"TOTAL_TAGS=100,prefix_length=0",LAPCT,peak_stack_depth,9.900000,0.735402,11.000000,0.203843,50
"TOTAL_TAGS=100,prefix_length=0",LAPCT,avg_tag_responses,5.964600,0.061485,6.050000,0.017043,50
"TOTAL_TAGS=100,prefix_length=0",NLHQT(n=2),total_protocol_time_ms,177.359150,4.649047,185.399375,1.288650,50
"TOTAL_TAGS=100,prefix_length=0",NLHQT(n=2),throughput_tags_per_sec,564.204486,14.673310,584.595838,4.067234,50
"TOTAL_TAGS=100,prefix_length=0",NLHQT(n=2),system_efficiency,0.354806,0.009399,0.367647,0.002605,50
"TOTAL_TAGS=100,prefix_length=0",NLHQT(n=2),collision_slots,182.040000,7.540259,194.100000,2.090053,50
"TOTAL_TAGS=100,prefix_length=0",NLHQT(n=2),idle_slots,0.000000,0.000000,0.000000,0.000000,50
"TOTAL_TAGS=100,prefix_length=0",NLHQT(n=2),total_energy_uj,929.950530,25.071297,972.842850,6.949409,50
"TOTAL_TAGS=100,prefix_length=0",NLHQT(n=2),total_listening_energy_uj,909.001310,24.765055,951.321550,6.864523,50
"TOTAL_TAGS=100,prefix_length=0",NLHQT(n=2),total_transmission_energy_uj,20.949220,0.332430,21.516250,0.092145,50
"TOTAL_TAGS=100,prefix_length=0",NLHQT(n=2),total_bits,25659.080000,179.960182,25962.800000,49.882417,50
"TOTAL_TAGS=100,prefix_length=0",NLHQT(n=2),avg_tag_bits,202.459600,0.193211,202.731000,0.053555,50
"TOTAL_TAGS=100,prefix_length=0",NLHQT(n=2),avg_reader_bits,54.131200,1.616624,56.899000,0.448105,50
"TOTAL_TAGS=100,prefix_length=0",NLHQT(n=2),avg_total_bits,256.590800,1.799602,259.628000,0.498824,50
"TOTAL_TAGS=100,prefix_length=0",NLHQT(n=2),avg_query_efficiency,0.550242,0.022489,0.581395,0.006234,50
"TOTAL_TAGS=100,prefix_length=0",NLHQT(n=2),peak_stack_depth,10.780000,1.055404,12.000000,0.292543,50
"TOTAL_TAGS=100,prefix_length=0",NLHQT(n=2),avg_tag_responses,6.229800,0.096605,6.365500,0.026778,50
"TOTAL_TAGS=100,prefix_length=0",SGCT,total_protocol_time_ms,123.135050,4.394029,131.743125,1.217963,50
"TOTAL_TAGS=100,prefix_length=0",SGCT,throughput_tags_per_sec,813.114769,28.577848,857.407737,7.921375,50
"TOTAL_TAGS=100,prefix_length=0",SGCT,system_efficiency,0.764730,0.031041,0.813008,0.008604,50
"TOTAL_TAGS=100,prefix_length=0",SGCT,collision_slots,30.980000,5.411590,41.650000,1.500016,50
"TOTAL_TAGS=100,prefix_length=0",SGCT,idle_slots,0.000000,0.000000,0.000000,0.000000,50
"TOTAL_TAGS=100,prefix_length=0",SGCT,total_energy_uj,575.172240,17.529978,609.272762,4.859062,50
"TOTAL_TAGS=100,prefix_length=0",SGCT,total_listening_energy_uj,561.689490,16.955845,594.698587,4.699920,50
"TOTAL_TAGS=100,prefix_length=0",SGCT,total_transmission_energy_uj,13.482750,0.581561,14.618050,0.161201,50
"TOTAL_TAGS=100,prefix_length=0",SGCT,total_bits,15606.840000,358.048529,16303.400000,99.245989,50
"TOTAL_TAGS=100,prefix_length=0",SGCT,avg_tag_bits,118.206200,0.936306,119.935000,0.259531,50
"TOTAL_TAGS=100,prefix_length=0",SGCT,avg_reader_bits,37.862200,2.686941,43.087000,0.744782,50
"TOTAL_TAGS=100,prefix_length=0",SGCT,avg_total_bits,156.068400,3.580485,163.034000,0.992460,50
"TOTAL_TAGS=100,prefix_length=0",SGCT,avg_query_efficiency,3.323066,0.569113,4.347826,0.157750,50
"TOTAL_TAGS=100,prefix_length=0",SGCT,peak_stack_depth,14.820000,2.670244,19.550000,0.740154,50
"TOTAL_TAGS=100,prefix_length=0",SGCT,progressive_probe_count,16.020000,2.736675,21.550000,0.758567,50
"TOTAL_TAGS=100,prefix_length=0",SGCT,signature_grouping_trigger_count,15.960000,2.679933,21.100000,0.742840,50
"TOTAL_TAGS=100,prefix_length=0",SGCT,local_short_id_trigger_count,1.000000,0.000000,1.000000,0.000000,50
"TOTAL_TAGS=100,prefix_length=0",SGCT,signature_groups_pruned,380.400000,40.198995,457.500000,11.142593,50
"TOTAL_TAGS=100,prefix_length=0",SGCT,sparse_signature_groups,114.960000,2.679933,120.100000,0.742840,50
"TOTAL_TAGS=100,prefix_length=0",SGCT,signature_marker_bits,132.020000,5.680220,142.100000,1.574477,50
"TOTAL_TAGS=100,prefix_length=0",SGCT,signature_marker_tag_bits,132.020000,5.680220,142.100000,1.574477,50
"TOTAL_TAGS=100,prefix_length=0",SGCT,signature_non_idle_marker_count,114.960000,2.679933,120.100000,0.742840,50
"TOTAL_TAGS=100,prefix_length=0",SGCT,signature_collision_groups,14.960000,2.679933,20.100000,0.742840,50
"TOTAL_TAGS=100,prefix_length=0",SGCT,signature_singleton_groups,100.000000,0.000000,100.000000,0.000000,50
"TOTAL_TAGS=100,prefix_length=0",SGCT,low_d_fallback_count,0.000000,0.000000,0.000000,0.000000,50
"TOTAL_TAGS=100,prefix_length=0",SGCT,suffix_signature_trigger_count,0.000000,0.000000,0.000000,0.000000,50
"TOTAL_TAGS=100,prefix_length=0",SGCT,hash_short_id_round_count,0.000000,0.000000,0.000000,0.000000,50
"TOTAL_TAGS=100,prefix_length=0",SGCT,hash_short_id_split_count,0.000000,0.000000,0.000000,0.000000,50
"TOTAL_TAGS=100,prefix_length=0",SGCT,hash_short_id_collision_groups,0.000000,0.000000,0.000000,0.000000,50
"TOTAL_TAGS=100,prefix_length=0",SGCT,hash_short_id_singleton_groups,0.000000,0.000000,0.000000,0.000000,50
"TOTAL_TAGS=100,prefix_length=0",SGCT,small_cluster_guard_count,0.000000,0.000000,0.000000,0.000000,50
"TOTAL_TAGS=100,prefix_length=0",SGCT,max_signature_d,8.000000,0.000000,8.000000,0.000000,50
"TOTAL_TAGS=100,prefix_length=0",SGCT,epc_verification_count,100.000000,0.000000,100.000000,0.000000,50
"TOTAL_TAGS=100,prefix_length=0",SGCT,verify_fail_count,0.000000,0.000000,0.000000,0.000000,50
"TOTAL_TAGS=100,prefix_length=0",SGCT,avg_tag_responses,2.641600,0.114488,2.851000,0.031735,50
"TOTAL_TAGS=100,prefix_length=16",DQTA(k_max=3),total_protocol_time_ms,160.757625,5.766940,169.997187,1.598514,50
"TOTAL_TAGS=100,prefix_length=16",DQTA(k_max=3),throughput_tags_per_sec,622.834559,22.208479,655.630833,6.155876,50
"TOTAL_TAGS=100,prefix_length=16",DQTA(k_max=3),system_efficiency,0.344923,0.021704,0.378937,0.006016,50
"TOTAL_TAGS=100,prefix_length=16",DQTA(k_max=3),collision_slots,90.400000,4.969293,99.000000,1.377418,50
"TOTAL_TAGS=100,prefix_length=16",DQTA(k_max=3),idle_slots,100.600000,16.353243,124.200000,4.532888,50
"TOTAL_TAGS=100,prefix_length=16",DQTA(k_max=3),total_energy_uj,878.382032,32.566138,928.076325,9.026873,50
"TOTAL_TAGS=100,prefix_length=16",DQTA(k_max=3),total_listening_energy_uj,847.922473,31.883528,896.607331,8.837663,50
"TOTAL_TAGS=100,prefix_length=16",DQTA(k_max=3),total_transmission_energy_uj,30.459560,0.814860,31.774075,0.225868,50
"TOTAL_TAGS=100,prefix_length=16",DQTA(k_max=3),total_bits,48349.540000,983.381260,49981.950000,272.579379,50
"TOTAL_TAGS=100,prefix_length=16",DQTA(k_max=3),avg_tag_bits,441.596800,7.970220,454.326000,2.209232,50
"TOTAL_TAGS=100,prefix_length=16",DQTA(k_max=3),avg_reader_bits,41.898600,2.404099,45.841000,0.666382,50
"TOTAL_TAGS=100,prefix_length=16",DQTA(k_max=3),avg_total_bits,483.495400,9.833813,499.819500,2.725794,50
"TOTAL_TAGS=100,prefix_length=16",DQTA(k_max=3),avg_query_efficiency,1.109432,0.060210,1.204819,0.016689,50
"TOTAL_TAGS=100,prefix_length=16",DQTA(k_max=3),peak_stack_depth,11.120000,1.222911,13.550000,0.338974,50
"TOTAL_TAGS=100,prefix_length=16",DQTA(k_max=3),avg_tag_responses,2.929000,0.056216,3.020000,0.015582,50
"TOTAL_TAGS=100,prefix_length=16",DRCT,total_protocol_time_ms,173.025225,7.502508,186.291562,2.079589,50
"TOTAL_TAGS=100,prefix_length=16",DRCT,throughput_tags_per_sec,578.994762,24.611816,615.817509,6.822047,50
"TOTAL_TAGS=100,prefix_length=16",DRCT,system_efficiency,0.315703,0.017755,0.342716,0.004921,50
"TOTAL_TAGS=100,prefix_length=16",DRCT,collision_slots,157.880000,9.155438,175.000000,2.537758,50
"TOTAL_TAGS=100,prefix_length=16",DRCT,idle_slots,59.880000,9.155438,77.000000,2.537758,50
"TOTAL_TAGS=100,prefix_length=16",DRCT,total_energy_uj,966.542035,47.680633,1058.305413,13.216397,50
"TOTAL_TAGS=100,prefix_length=16",DRCT,energy_per_tag_uj,9.665420,0.476806,10.583054,0.132164,50
"TOTAL_TAGS=100,prefix_length=16",DRCT,total_reader_tx_energy_uj,15.470880,0.947655,17.152300,0.262677,50
"TOTAL_TAGS=100,prefix_length=16",DRCT,total_tag_tx_energy_uj,8.792320,0.149887,9.072800,0.041547,50
"TOTAL_TAGS=100,prefix_length=16",DRCT,total_listening_energy_uj,942.278835,46.837811,1032.425387,12.982779,50
"TOTAL_TAGS=100,prefix_length=16",DRCT,total_transmission_energy_uj,24.263200,0.993962,25.983975,0.275512,50
"TOTAL_TAGS=100,prefix_length=16",DRCT,total_bits,25320.080000,617.917564,26432.550000,171.278010,50
"TOTAL_TAGS=100,prefix_length=16",DRCT,avg_tag_bits,175.846400,2.997745,181.456000,0.830933,50
"TOTAL_TAGS=100,prefix_length=16",DRCT,avg_reader_bits,77.354400,4.738276,85.761500,1.313383,50
"TOTAL_TAGS=100,prefix_length=16",DRCT,avg_total_bits,253.200800,6.179176,264.325500,1.712780,50
"TOTAL_TAGS=100,prefix_length=16",DRCT,avg_query_efficiency,0.635431,0.035959,0.690164,0.009967,50
"TOTAL_TAGS=100,prefix_length=16",DRCT,peak_stack_depth,6.180000,0.595562,7.000000,0.165081,50
"TOTAL_TAGS=100,prefix_length=16",DRCT,avg_tag_responses,23.934800,0.195649,24.247500,0.054231,50
"TOTAL_TAGS=100,prefix_length=16",EAQ_CBB,total_protocol_time_ms,237.047375,5.508827,246.919937,1.526969,50
"TOTAL_TAGS=100,prefix_length=16",EAQ_CBB,throughput_tags_per_sec,422.081424,9.880974,438.174598,2.738866,50
"TOTAL_TAGS=100,prefix_length=16",EAQ_CBB,system_efficiency,0.543992,0.016986,0.571774,0.004708,50
"TOTAL_TAGS=100,prefix_length=16",EAQ_CBB,collision_slots,84.000000,5.685642,94.200000,1.575980,50
"TOTAL_TAGS=100,prefix_length=16",EAQ_CBB,idle_slots,0.000000,0.000000,0.000000,0.000000,50
"TOTAL_TAGS=100,prefix_length=16",EAQ_CBB,total_energy_uj,1228.016922,32.468276,1284.158662,8.999747,50
"TOTAL_TAGS=100,prefix_length=16",EAQ_CBB,total_listening_energy_uj,1190.060992,31.773453,1245.380412,8.807152,50
"TOTAL_TAGS=100,prefix_length=16",EAQ_CBB,total_transmission_energy_uj,37.955930,0.813612,39.343500,0.225522,50
"TOTAL_TAGS=100,prefix_length=16",EAQ_CBB,total_bits,27924.700000,775.807236,29149.200000,215.042795,50
"TOTAL_TAGS=100,prefix_length=16",EAQ_CBB,avg_tag_bits,119.289800,5.084126,127.368000,1.409248,50
"TOTAL_TAGS=100,prefix_length=16",EAQ_CBB,avg_reader_bits,159.957200,2.909464,165.228000,0.806462,50
"TOTAL_TAGS=100,prefix_length=16",EAQ_CBB,avg_total_bits,279.247000,7.758072,291.492000,2.150428,50
"TOTAL_TAGS=100,prefix_length=16",EAQ_CBB,avg_query_efficiency,1.196002,0.084039,1.335349,0.023294,50
"TOTAL_TAGS=100,prefix_length=16",EAQ_CBB,peak_stack_depth,27.500000,1.281740,30.000000,0.355280,50
"TOTAL_TAGS=100,prefix_length=16",EAQ_CBB,avg_tag_responses,3.810400,0.129630,4.022000,0.035932,50
"TOTAL_TAGS=100,prefix_length=16",EMDT,total_protocol_time_ms,129.791700,10.022864,144.936500,2.778196,50
"TOTAL_TAGS=100,prefix_length=16",EMDT,throughput_tags_per_sec,774.520341,54.037930,852.227560,14.978550,50
"TOTAL_TAGS=100,prefix_length=16",EMDT,system_efficiency,0.619800,0.063162,0.717700,0.017508,50
"TOTAL_TAGS=100,prefix_length=16",EMDT,collision_slots,48.460000,12.140689,63.950000,3.365227,50
"TOTAL_TAGS=100,prefix_length=16",EMDT,idle_slots,14.780000,7.495005,27.750000,2.077509,50
"TOTAL_TAGS=100,prefix_length=16",EMDT,total_energy_uj,659.978045,55.768465,742.322537,15.458230,50
"TOTAL_TAGS=100,prefix_length=16",EMDT,total_listening_energy_uj,647.901245,55.879159,729.762537,15.488913,50
"TOTAL_TAGS=100,prefix_length=16",EMDT,total_transmission_energy_uj,12.076800,0.419917,12.560000,0.116395,50
"TOTAL_TAGS=100,prefix_length=16",EMDT,total_bits,15589.440000,425.036669,15880.000000,117.814154,50
"TOTAL_TAGS=100,prefix_length=16",EMDT,avg_tag_bits,127.347200,3.164842,128.000000,0.877249,50
"TOTAL_TAGS=100,prefix_length=16",EMDT,avg_reader_bits,28.547200,1.536185,30.800000,0.425809,50
"TOTAL_TAGS=100,prefix_length=16",EMDT,avg_total_bits,155.894400,4.250367,158.800000,1.178142,50
"TOTAL_TAGS=100,prefix_length=16",EMDT,avg_query_efficiency,2.161241,0.430450,2.867647,0.119315,50
"TOTAL_TAGS=100,prefix_length=16",EMDT,peak_stack_depth,20.820000,1.955526,23.550000,0.542044,50
"TOTAL_TAGS=100,prefix_length=16",EMDT,avg_tag_responses,3.639000,0.210861,3.993500,0.058448,50
"TOTAL_TAGS=100,prefix_length=16",HT_EEAC,total_protocol_time_ms,274.260600,28.616398,319.481625,7.932061,50
"TOTAL_TAGS=100,prefix_length=16",HT_EEAC,throughput_tags_per_sec,368.297625,36.330455,420.890665,10.070288,50
"TOTAL_TAGS=100,prefix_length=16",HT_EEAC,system_efficiency,0.172206,0.023221,0.208573,0.006436,50
"TOTAL_TAGS=100,prefix_length=16",HT_EEAC,collision_slots,21.180000,9.499065,39.000000,2.633007,50
"TOTAL_TAGS=100,prefix_length=16",HT_EEAC,idle_slots,470.580000,86.580407,589.950000,23.998865,50
"TOTAL_TAGS=100,prefix_length=16",HT_EEAC,total_energy_uj,1229.108845,73.035010,1369.562562,20.244272,50
"TOTAL_TAGS=100,prefix_length=16",HT_EEAC,total_listening_energy_uj,1197.301965,71.004317,1334.468962,19.681392,50
"TOTAL_TAGS=100,prefix_length=16",HT_EEAC,total_transmission_energy_uj,31.806880,3.736127,37.656000,1.035601,50
"TOTAL_TAGS=100,prefix_length=16",HT_EEAC,total_bits,24557.600000,1861.958767,27496.100000,516.108639,50
"TOTAL_TAGS=100,prefix_length=16",HT_EEAC,avg_tag_bits,115.388800,1.519850,118.240000,0.421281,50
"TOTAL_TAGS=100,prefix_length=16",HT_EEAC,avg_reader_bits,130.187200,18.716371,158.906000,5.187913,50
"TOTAL_TAGS=100,prefix_length=16",HT_EEAC,avg_total_bits,245.576000,18.619588,274.961000,5.161086,50
"TOTAL_TAGS=100,prefix_length=16",HT_EEAC,avg_query_efficiency,5.602525,2.202725,9.590909,0.610564,50
"TOTAL_TAGS=100,prefix_length=16",HT_EEAC,avg_tag_responses,11.680200,3.430662,16.669000,0.950931,50
"TOTAL_TAGS=100,prefix_length=16",LAPCT,total_protocol_time_ms,261.396450,0.757510,261.871562,0.209971,50
"TOTAL_TAGS=100,prefix_length=16",LAPCT,throughput_tags_per_sec,382.563829,1.113619,384.447192,0.308679,50
"TOTAL_TAGS=100,prefix_length=16",LAPCT,system_efficiency,0.479068,0.001301,0.480769,0.000361,50
"TOTAL_TAGS=100,prefix_length=16",LAPCT,collision_slots,108.720000,0.536048,109.000000,0.148585,50
"TOTAL_TAGS=100,prefix_length=16",LAPCT,idle_slots,0.020000,0.141421,0.000000,0.039200,50
"TOTAL_TAGS=100,prefix_length=16",LAPCT,total_energy_uj,1392.744065,7.259772,1399.470538,2.012306,50
"TOTAL_TAGS=100,prefix_length=16",LAPCT,total_listening_energy_uj,1342.428605,7.232890,1348.861263,2.004855,50
"TOTAL_TAGS=100,prefix_length=16",LAPCT,total_transmission_energy_uj,50.315460,0.256026,50.815525,0.070967,50
"TOTAL_TAGS=100,prefix_length=16",LAPCT,total_bits,53581.080000,517.770331,54531.950000,143.518614,50
"TOTAL_TAGS=100,prefix_length=16",LAPCT,avg_tag_bits,378.978000,5.328612,387.917000,1.477016,50
"TOTAL_TAGS=100,prefix_length=16",LAPCT,avg_reader_bits,156.832800,0.589324,157.286500,0.163352,50
"TOTAL_TAGS=100,prefix_length=16",LAPCT,avg_total_bits,535.810800,5.177703,545.319500,1.435186,50
"TOTAL_TAGS=100,prefix_length=16",LAPCT,avg_query_efficiency,0.919816,0.004574,0.925926,0.001268,50
"TOTAL_TAGS=100,prefix_length=16",LAPCT,peak_stack_depth,9.740000,0.632778,11.000000,0.175397,50
"TOTAL_TAGS=100,prefix_length=16",LAPCT,avg_tag_responses,5.966000,0.070999,6.091000,0.019680,50
"TOTAL_TAGS=100,prefix_length=16",NLHQT(n=2),total_protocol_time_ms,160.119900,4.589684,167.623125,1.272195,50
"TOTAL_TAGS=100,prefix_length=16",NLHQT(n=2),throughput_tags_per_sec,625.032446,17.823751,648.153826,4.940492,50
"TOTAL_TAGS=100,prefix_length=16",NLHQT(n=2),system_efficiency,0.354968,0.010088,0.367647,0.002796,50
"TOTAL_TAGS=100,prefix_length=16",NLHQT(n=2),collision_slots,181.940000,8.077204,195.650000,2.238887,50
"TOTAL_TAGS=100,prefix_length=16",NLHQT(n=2),idle_slots,0.000000,0.000000,0.000000,0.000000,50
"TOTAL_TAGS=100,prefix_length=16",NLHQT(n=2),total_energy_uj,838.937665,26.489272,879.521525,7.342452,50
"TOTAL_TAGS=100,prefix_length=16",NLHQT(n=2),total_listening_energy_uj,819.573825,26.157551,859.669225,7.250503,50
"TOTAL_TAGS=100,prefix_length=16",NLHQT(n=2),total_transmission_energy_uj,19.363840,0.358929,19.958200,0.099490,50
"TOTAL_TAGS=100,prefix_length=16",NLHQT(n=2),total_bits,22464.680000,193.146919,22787.300000,53.537594,50
"TOTAL_TAGS=100,prefix_length=16",NLHQT(n=2),avg_tag_bits,170.436800,0.194721,170.760000,0.053974,50
"TOTAL_TAGS=100,prefix_length=16",NLHQT(n=2),avg_reader_bits,54.210000,1.749371,57.097000,0.484901,50
"TOTAL_TAGS=100,prefix_length=16",NLHQT(n=2),avg_total_bits,224.646800,1.931469,227.873000,0.535376,50
"TOTAL_TAGS=100,prefix_length=16",NLHQT(n=2),avg_query_efficiency,0.550682,0.024177,0.581395,0.006702,50
"TOTAL_TAGS=100,prefix_length=16",NLHQT(n=2),peak_stack_depth,10.800000,0.832993,12.000000,0.230894,50
"TOTAL_TAGS=100,prefix_length=16",NLHQT(n=2),avg_tag_responses,6.218400,0.097360,6.380000,0.026987,50
"TOTAL_TAGS=100,prefix_length=16",SGCT,total_protocol_time_ms,118.793050,5.513943,128.119750,1.528387,50
"TOTAL_TAGS=100,prefix_length=16",SGCT,throughput_tags_per_sec,843.567270,38.912730,906.515074,10.786058,50
"TOTAL_TAGS=100,prefix_length=16",SGCT,system_efficiency,0.769118,0.031917,0.820399,0.008847,50
"TOTAL_TAGS=100,prefix_length=16",SGCT,collision_slots,30.240000,5.438187,39.550000,1.507389,50
"TOTAL_TAGS=100,prefix_length=16",SGCT,idle_slots,0.000000,0.000000,0.000000,0.000000,50
"TOTAL_TAGS=100,prefix_length=16",SGCT,total_energy_uj,537.615602,21.053492,577.101712,5.835730,50
"TOTAL_TAGS=100,prefix_length=16",SGCT,total_listening_energy_uj,524.009992,20.307309,562.239738,5.628899,50
"TOTAL_TAGS=100,prefix_length=16",SGCT,total_transmission_energy_uj,13.605610,0.756715,14.910750,0.209751,50
"TOTAL_TAGS=100,prefix_length=16",SGCT,total_bits,14456.300000,441.888214,15239.100000,122.485164,50
"TOTAL_TAGS=100,prefix_length=16",SGCT,avg_tag_bits,102.046600,0.879384,103.443500,0.243753,50
"TOTAL_TAGS=100,prefix_length=16",SGCT,avg_reader_bits,42.516400,3.573755,48.608000,0.990594,50
"TOTAL_TAGS=100,prefix_length=16",SGCT,avg_total_bits,144.563000,4.418882,152.391000,1.224852,50
"TOTAL_TAGS=100,prefix_length=16",SGCT,avg_query_efficiency,3.415904,0.635541,4.575569,0.176163,50
"TOTAL_TAGS=100,prefix_length=16",SGCT,peak_stack_depth,14.520000,2.697240,19.000000,0.747637,50
"TOTAL_TAGS=100,prefix_length=16",SGCT,progressive_probe_count,15.640000,2.746129,20.550000,0.761188,50
"TOTAL_TAGS=100,prefix_length=16",SGCT,signature_grouping_trigger_count,15.600000,2.695423,20.000000,0.747133,50
"TOTAL_TAGS=100,prefix_length=16",SGCT,local_short_id_trigger_count,1.000000,0.000000,1.000000,0.000000,50
"TOTAL_TAGS=100,prefix_length=16",SGCT,signature_groups_pruned,375.000000,40.431348,441.000000,11.206998,50
"TOTAL_TAGS=100,prefix_length=16",SGCT,sparse_signature_groups,114.600000,2.695423,119.000000,0.747133,50
"TOTAL_TAGS=100,prefix_length=16",SGCT,signature_marker_bits,131.260000,5.382549,140.550000,1.491967,50
"TOTAL_TAGS=100,prefix_length=16",SGCT,signature_marker_tag_bits,131.260000,5.382549,140.550000,1.491967,50
"TOTAL_TAGS=100,prefix_length=16",SGCT,signature_non_idle_marker_count,114.600000,2.695423,119.000000,0.747133,50
"TOTAL_TAGS=100,prefix_length=16",SGCT,signature_collision_groups,14.600000,2.695423,19.000000,0.747133,50
"TOTAL_TAGS=100,prefix_length=16",SGCT,signature_singleton_groups,100.000000,0.000000,100.000000,0.000000,50
"TOTAL_TAGS=100,prefix_length=16",SGCT,low_d_fallback_count,0.000000,0.000000,0.000000,0.000000,50
"TOTAL_TAGS=100,prefix_length=16",SGCT,suffix_signature_trigger_count,0.000000,0.000000,0.000000,0.000000,50
"TOTAL_TAGS=100,prefix_length=16",SGCT,hash_short_id_round_count,0.000000,0.000000,0.000000,0.000000,50
"TOTAL_TAGS=100,prefix_length=16",SGCT,hash_short_id_split_count,0.000000,0.000000,0.000000,0.000000,50
"TOTAL_TAGS=100,prefix_length=16",SGCT,hash_short_id_collision_groups,0.000000,0.000000,0.000000,0.000000,50
"TOTAL_TAGS=100,prefix_length=16",SGCT,hash_short_id_singleton_groups,0.000000,0.000000,0.000000,0.000000,50
"TOTAL_TAGS=100,prefix_length=16",SGCT,small_cluster_guard_count,0.000000,0.000000,0.000000,0.000000,50
"TOTAL_TAGS=100,prefix_length=16",SGCT,max_signature_d,8.000000,0.000000,8.000000,0.000000,50
"TOTAL_TAGS=100,prefix_length=16",SGCT,epc_verification_count,100.000000,0.000000,100.000000,0.000000,50
"TOTAL_TAGS=100,prefix_length=16",SGCT,verify_fail_count,0.000000,0.000000,0.000000,0.000000,50
"TOTAL_TAGS=100,prefix_length=16",SGCT,avg_tag_responses,2.626000,0.108740,2.811000,0.030141,50
"TOTAL_TAGS=100,prefix_length=32",DQTA(k_max=3),total_protocol_time_ms,157.661625,7.350665,168.408750,2.037500,50
"TOTAL_TAGS=100,prefix_length=32",DQTA(k_max=3),throughput_tags_per_sec,635.626505,29.739364,686.936311,8.243331,50
"TOTAL_TAGS=100,prefix_length=32",DQTA(k_max=3),system_efficiency,0.349693,0.017863,0.381026,0.004951,50
"TOTAL_TAGS=100,prefix_length=32",DQTA(k_max=3),collision_slots,88.600000,5.965889,97.000000,1.653660,50
"TOTAL_TAGS=100,prefix_length=32",DQTA(k_max=3),idle_slots,98.080000,13.005242,116.750000,3.604869,50
"TOTAL_TAGS=100,prefix_length=32",DQTA(k_max=3),total_energy_uj,855.617033,45.201674,930.834781,12.529265,50
"TOTAL_TAGS=100,prefix_length=32",DQTA(k_max=3),total_listening_energy_uj,827.228433,44.213248,900.889131,12.255287,50
"TOTAL_TAGS=100,prefix_length=32",DQTA(k_max=3),total_transmission_energy_uj,28.388600,1.092579,30.054600,0.302847,50
"TOTAL_TAGS=100,prefix_length=32",DQTA(k_max=3),total_bits,40157.800000,1061.454720,41922.900000,294.220238,50
"TOTAL_TAGS=100,prefix_length=32",DQTA(k_max=3),avg_tag_bits,346.180000,7.050815,359.207500,1.954386,50
"TOTAL_TAGS=100,prefix_length=32",DQTA(k_max=3),avg_reader_bits,55.398000,3.829263,61.010000,1.061417,50
"TOTAL_TAGS=100,prefix_length=32",DQTA(k_max=3),avg_total_bits,401.578000,10.614547,419.229000,2.942202,50
"TOTAL_TAGS=100,prefix_length=32",DQTA(k_max=3),avg_query_efficiency,1.133703,0.076554,1.265823,0.021220,50
"TOTAL_TAGS=100,prefix_length=32",DQTA(k_max=3),peak_stack_depth,11.160000,1.149268,13.000000,0.318561,50
"TOTAL_TAGS=100,prefix_length=32",DQTA(k_max=3),avg_tag_responses,2.913800,0.064044,3.030000,0.017752,50
"TOTAL_TAGS=100,prefix_length=32",DRCT,total_protocol_time_ms,204.835600,9.384206,215.670500,2.601169,50
"TOTAL_TAGS=100,prefix_length=32",DRCT,throughput_tags_per_sec,489.149676,21.332234,518.729444,5.912994,50
"TOTAL_TAGS=100,prefix_length=32",DRCT,system_efficiency,0.287458,0.014270,0.306748,0.003955,50
"TOTAL_TAGS=100,prefix_length=32",DRCT,collision_slots,173.380000,9.126973,183.650000,2.529868,50
"TOTAL_TAGS=100,prefix_length=32",DRCT,idle_slots,75.380000,9.126973,85.650000,2.529868,50
"TOTAL_TAGS=100,prefix_length=32",DRCT,total_energy_uj,1201.790217,56.219962,1269.837431,15.583378,50
"TOTAL_TAGS=100,prefix_length=32",DRCT,energy_per_tag_uj,12.017902,0.562200,12.698374,0.155834,50
"TOTAL_TAGS=100,prefix_length=32",DRCT,total_reader_tx_energy_uj,21.871400,1.268975,23.304600,0.351742,50
"TOTAL_TAGS=100,prefix_length=32",DRCT,total_tag_tx_energy_uj,11.058950,0.095891,11.209550,0.026580,50
"TOTAL_TAGS=100,prefix_length=32",DRCT,total_listening_energy_uj,1168.859868,55.060151,1235.849881,15.261895,50
"TOTAL_TAGS=100,prefix_length=32",DRCT,total_transmission_energy_uj,32.930350,1.305430,34.442600,0.361847,50
"TOTAL_TAGS=100,prefix_length=32",DRCT,total_bits,33053.600000,723.883997,33968.800000,200.650407,50
"TOTAL_TAGS=100,prefix_length=32",DRCT,avg_tag_bits,221.179000,1.917815,224.191000,0.531591,50
"TOTAL_TAGS=100,prefix_length=32",DRCT,avg_reader_bits,109.357000,6.344877,116.523000,1.758710,50
"TOTAL_TAGS=100,prefix_length=32",DRCT,avg_total_bits,330.536000,7.238840,339.688000,2.006504,50
"TOTAL_TAGS=100,prefix_length=32",DRCT,avg_query_efficiency,0.578248,0.028865,0.617284,0.008001,50
"TOTAL_TAGS=100,prefix_length=32",DRCT,peak_stack_depth,6.140000,0.571786,7.000000,0.158491,50
"TOTAL_TAGS=100,prefix_length=32",DRCT,avg_tag_responses,39.964800,0.220336,40.213000,0.061074,50
"TOTAL_TAGS=100,prefix_length=32",EAQ_CBB,total_protocol_time_ms,250.452575,6.521309,259.748875,1.807615,50
"TOTAL_TAGS=100,prefix_length=32",EAQ_CBB,throughput_tags_per_sec,399.545745,10.529207,415.775587,2.918547,50
"TOTAL_TAGS=100,prefix_length=32",EAQ_CBB,system_efficiency,0.541773,0.017254,0.568182,0.004783,50
"TOTAL_TAGS=100,prefix_length=32",EAQ_CBB,collision_slots,84.760000,5.797818,93.100000,1.607073,50
"TOTAL_TAGS=100,prefix_length=32",EAQ_CBB,idle_slots,0.000000,0.000000,0.000000,0.000000,50
"TOTAL_TAGS=100,prefix_length=32",EAQ_CBB,total_energy_uj,1300.269252,43.905982,1366.354844,12.170117,50
"TOTAL_TAGS=100,prefix_length=32",EAQ_CBB,total_listening_energy_uj,1260.640932,43.078738,1325.643794,11.940817,50
"TOTAL_TAGS=100,prefix_length=32",EAQ_CBB,total_transmission_energy_uj,39.628320,0.982896,41.070750,0.272445,50
"TOTAL_TAGS=100,prefix_length=32",EAQ_CBB,total_bits,27092.520000,801.064094,28279.950000,222.043638,50
"TOTAL_TAGS=100,prefix_length=32",EAQ_CBB,avg_tag_bits,97.044800,4.268366,103.699500,1.183131,50
"TOTAL_TAGS=100,prefix_length=32",EAQ_CBB,avg_reader_bits,173.880400,3.920134,179.427000,1.086606,50
"TOTAL_TAGS=100,prefix_length=32",EAQ_CBB,avg_total_bits,270.925200,8.010641,282.799500,2.220436,50
"TOTAL_TAGS=100,prefix_length=32",EAQ_CBB,avg_query_efficiency,1.185429,0.084232,1.315789,0.023348,50
"TOTAL_TAGS=100,prefix_length=32",EAQ_CBB,peak_stack_depth,27.520000,1.431996,30.000000,0.396929,50
"TOTAL_TAGS=100,prefix_length=32",EAQ_CBB,avg_tag_responses,3.820800,0.135222,4.031000,0.037482,50
"TOTAL_TAGS=100,prefix_length=32",EMDT,total_protocol_time_ms,131.719800,7.253253,141.300500,2.010499,50
"TOTAL_TAGS=100,prefix_length=32",EMDT,throughput_tags_per_sec,761.538652,43.687315,847.535657,12.109506,50
"TOTAL_TAGS=100,prefix_length=32",EMDT,system_efficiency,0.604801,0.052260,0.709220,0.014486,50
"TOTAL_TAGS=100,prefix_length=32",EMDT,collision_slots,50.240000,7.878050,60.650000,2.183684,50
"TOTAL_TAGS=100,prefix_length=32",EMDT,idle_slots,16.240000,5.860835,24.550000,1.624541,50
"TOTAL_TAGS=100,prefix_length=32",EMDT,total_energy_uj,671.562465,43.572330,738.533700,12.077634,50
"TOTAL_TAGS=100,prefix_length=32",EMDT,total_listening_energy_uj,659.309985,43.349350,725.907700,12.015827,50
"TOTAL_TAGS=100,prefix_length=32",EMDT,total_transmission_energy_uj,12.252480,0.259436,12.628200,0.071912,50
"TOTAL_TAGS=100,prefix_length=32",EMDT,total_bits,15724.320000,130.230790,15914.100000,36.098133,50
"TOTAL_TAGS=100,prefix_length=32",EMDT,avg_tag_bits,127.974400,0.059252,128.000000,0.016424,50
"TOTAL_TAGS=100,prefix_length=32",EMDT,avg_reader_bits,29.268800,1.295803,31.141000,0.359178,50
"TOTAL_TAGS=100,prefix_length=32",EMDT,avg_total_bits,157.243200,1.302308,159.141000,0.360981,50
"TOTAL_TAGS=100,prefix_length=32",EMDT,avg_query_efficiency,2.047961,0.384201,2.821429,0.106495,50
"TOTAL_TAGS=100,prefix_length=32",EMDT,peak_stack_depth,21.240000,1.422272,23.550000,0.394234,50
"TOTAL_TAGS=100,prefix_length=32",EMDT,avg_tag_responses,3.693200,0.165584,3.916500,0.045898,50
"TOTAL_TAGS=100,prefix_length=32",HT_EEAC,total_protocol_time_ms,267.505200,25.440697,307.117500,7.051801,50
"TOTAL_TAGS=100,prefix_length=32",HT_EEAC,throughput_tags_per_sec,377.259846,37.131315,435.171427,10.292276,50
"TOTAL_TAGS=100,prefix_length=32",HT_EEAC,system_efficiency,0.178238,0.025130,0.217806,0.006966,50
"TOTAL_TAGS=100,prefix_length=32",HT_EEAC,collision_slots,22.260000,10.380142,41.650000,2.877229,50
"TOTAL_TAGS=100,prefix_length=32",HT_EEAC,idle_slots,449.100000,77.525572,573.650000,21.488992,50
"TOTAL_TAGS=100,prefix_length=32",HT_EEAC,total_energy_uj,1216.161415,95.164430,1374.766600,26.378234,50
"TOTAL_TAGS=100,prefix_length=32",HT_EEAC,total_listening_energy_uj,1185.243495,92.863573,1341.852600,25.740469,50
"TOTAL_TAGS=100,prefix_length=32",HT_EEAC,total_transmission_energy_uj,30.917920,3.322524,36.139600,0.920957,50
"TOTAL_TAGS=100,prefix_length=32",HT_EEAC,total_bits,24126.080000,1655.320030,26646.800000,458.831303,50
"TOTAL_TAGS=100,prefix_length=32",HT_EEAC,avg_tag_bits,115.561600,1.660823,118.664000,0.460357,50
"TOTAL_TAGS=100,prefix_length=32",HT_EEAC,avg_reader_bits,125.699200,16.653096,152.108000,4.616003,50
"TOTAL_TAGS=100,prefix_length=32",HT_EEAC,avg_total_bits,241.260800,16.553200,266.468000,4.588313,50
"TOTAL_TAGS=100,prefix_length=32",HT_EEAC,avg_query_efficiency,5.379851,2.064540,8.333333,0.572261,50
"TOTAL_TAGS=100,prefix_length=32",HT_EEAC,avg_tag_responses,11.333400,3.719440,15.698500,1.030976,50
"TOTAL_TAGS=100,prefix_length=32",LAPCT,total_protocol_time_ms,269.020950,0.562369,269.287500,0.155881,50
"TOTAL_TAGS=100,prefix_length=32",LAPCT,throughput_tags_per_sec,371.719857,0.778515,373.689034,0.215793,50
"TOTAL_TAGS=100,prefix_length=32",LAPCT,system_efficiency,0.478563,0.001028,0.480769,0.000285,50
"TOTAL_TAGS=100,prefix_length=32",LAPCT,collision_slots,108.880000,0.328261,109.000000,0.090989,50
"TOTAL_TAGS=100,prefix_length=32",LAPCT,idle_slots,0.080000,0.340468,0.550000,0.094373,50
"TOTAL_TAGS=100,prefix_length=32",LAPCT,total_energy_uj,1429.815307,5.308514,1437.802831,1.471445,50
"TOTAL_TAGS=100,prefix_length=32",LAPCT,total_listening_energy_uj,1380.574988,5.215729,1388.132356,1.445726,50
"TOTAL_TAGS=100,prefix_length=32",LAPCT,total_transmission_energy_uj,49.240320,0.216547,49.609950,0.060024,50
"TOTAL_TAGS=100,prefix_length=32",LAPCT,total_bits,47112.360000,381.700532,47728.900000,105.801990,50
"TOTAL_TAGS=100,prefix_length=32",LAPCT,avg_tag_bits,299.896000,3.733248,305.595500,1.034804,50
"TOTAL_TAGS=100,prefix_length=32",LAPCT,avg_reader_bits,171.227600,0.436884,171.552000,0.121098,50
"TOTAL_TAGS=100,prefix_length=32",LAPCT,avg_total_bits,471.123600,3.817005,477.289000,1.058020,50
"TOTAL_TAGS=100,prefix_length=32",LAPCT,avg_query_efficiency,0.918451,0.002788,0.925926,0.000773,50
"TOTAL_TAGS=100,prefix_length=32",LAPCT,peak_stack_depth,9.760000,0.796933,11.000000,0.220899,50
"TOTAL_TAGS=100,prefix_length=32",LAPCT,avg_tag_responses,5.973800,0.064772,6.075500,0.017954,50
"TOTAL_TAGS=100,prefix_length=32",NLHQT(n=2),total_protocol_time_ms,142.958300,3.902872,150.342250,1.081821,50
"TOTAL_TAGS=100,prefix_length=32",NLHQT(n=2),throughput_tags_per_sec,700.010577,18.919481,728.517108,5.244212,50
"TOTAL_TAGS=100,prefix_length=32",NLHQT(n=2),system_efficiency,0.354754,0.009344,0.367787,0.002590,50
"TOTAL_TAGS=100,prefix_length=32",NLHQT(n=2),collision_slots,182.080000,7.545346,196.650000,2.091463,50
"TOTAL_TAGS=100,prefix_length=32",NLHQT(n=2),idle_slots,0.000000,0.000000,0.000000,0.000000,50
"TOTAL_TAGS=100,prefix_length=32",NLHQT(n=2),total_energy_uj,753.729660,24.280380,806.680762,6.730178,50
"TOTAL_TAGS=100,prefix_length=32",NLHQT(n=2),total_listening_energy_uj,735.942300,23.976324,788.096962,6.645898,50
"TOTAL_TAGS=100,prefix_length=32",NLHQT(n=2),total_transmission_energy_uj,17.787360,0.346080,18.446500,0.095929,50
"TOTAL_TAGS=100,prefix_length=32",NLHQT(n=2),total_bits,19276.080000,187.381510,19633.700000,51.939505,50
"TOTAL_TAGS=100,prefix_length=32",NLHQT(n=2),avg_tag_bits,138.432000,0.198772,138.784000,0.055097,50
"TOTAL_TAGS=100,prefix_length=32",NLHQT(n=2),avg_reader_bits,54.328800,1.682817,57.531000,0.466453,50
"TOTAL_TAGS=100,prefix_length=32",NLHQT(n=2),avg_total_bits,192.760800,1.873815,196.337000,0.519395,50
"TOTAL_TAGS=100,prefix_length=32",NLHQT(n=2),avg_query_efficiency,0.550113,0.022293,0.581753,0.006179,50
"TOTAL_TAGS=100,prefix_length=32",NLHQT(n=2),peak_stack_depth,10.860000,0.670364,12.000000,0.185815,50
"TOTAL_TAGS=100,prefix_length=32",NLHQT(n=2),avg_tag_responses,6.216000,0.099386,6.392000,0.027548,50
"TOTAL_TAGS=100,prefix_length=32",SGCT,total_protocol_time_ms,116.092400,6.434339,126.943937,1.783508,50
"TOTAL_TAGS=100,prefix_length=32",SGCT,throughput_tags_per_sec,864.005776,48.395041,932.756890,13.414421,50
"TOTAL_TAGS=100,prefix_length=32",SGCT,system_efficiency,0.764010,0.031125,0.807154,0.008627,50
"TOTAL_TAGS=100,prefix_length=32",SGCT,collision_slots,31.100000,5.307869,40.100000,1.471266,50
"TOTAL_TAGS=100,prefix_length=32",SGCT,idle_slots,0.000000,0.000000,0.000000,0.000000,50
"TOTAL_TAGS=100,prefix_length=32",SGCT,total_energy_uj,505.756143,23.039508,543.085294,6.386226,50
"TOTAL_TAGS=100,prefix_length=32",SGCT,total_listening_energy_uj,491.807332,22.143813,527.633594,6.137952,50
"TOTAL_TAGS=100,prefix_length=32",SGCT,total_transmission_energy_uj,13.948810,0.907602,15.467800,0.251574,50
"TOTAL_TAGS=100,prefix_length=32",SGCT,total_bits,13434.380000,518.213961,14303.750000,143.641582,50
"TOTAL_TAGS=100,prefix_length=32",SGCT,avg_tag_bits,86.133000,0.893827,87.611000,0.247756,50
"TOTAL_TAGS=100,prefix_length=32",SGCT,avg_reader_bits,48.210800,4.325071,55.439500,1.198849,50
"TOTAL_TAGS=100,prefix_length=32",SGCT,avg_total_bits,134.343800,5.182140,143.037500,1.436416,50
"TOTAL_TAGS=100,prefix_length=32",SGCT,avg_query_efficiency,3.315543,0.612953,4.191304,0.169902,50
"TOTAL_TAGS=100,prefix_length=32",SGCT,peak_stack_depth,14.980000,2.591115,19.000000,0.718220,50
"TOTAL_TAGS=100,prefix_length=32",SGCT,progressive_probe_count,16.080000,2.709319,20.550000,0.750985,50
"TOTAL_TAGS=100,prefix_length=32",SGCT,signature_grouping_trigger_count,16.020000,2.606820,20.000000,0.722574,50
"TOTAL_TAGS=100,prefix_length=32",SGCT,local_short_id_trigger_count,1.000000,0.000000,1.000000,0.000000,50
"TOTAL_TAGS=100,prefix_length=32",SGCT,signature_groups_pruned,381.300000,39.102299,441.000000,10.838604,50
"TOTAL_TAGS=100,prefix_length=32",SGCT,sparse_signature_groups,115.020000,2.606820,119.000000,0.722574,50
"TOTAL_TAGS=100,prefix_length=32",SGCT,signature_marker_bits,131.780000,5.292621,140.000000,1.467040,50
"TOTAL_TAGS=100,prefix_length=32",SGCT,signature_marker_tag_bits,131.780000,5.292621,140.000000,1.467040,50
"TOTAL_TAGS=100,prefix_length=32",SGCT,signature_non_idle_marker_count,115.020000,2.606820,119.000000,0.722574,50
"TOTAL_TAGS=100,prefix_length=32",SGCT,signature_collision_groups,15.020000,2.606820,19.000000,0.722574,50
"TOTAL_TAGS=100,prefix_length=32",SGCT,signature_singleton_groups,100.000000,0.000000,100.000000,0.000000,50
"TOTAL_TAGS=100,prefix_length=32",SGCT,low_d_fallback_count,0.000000,0.000000,0.000000,0.000000,50
"TOTAL_TAGS=100,prefix_length=32",SGCT,suffix_signature_trigger_count,0.000000,0.000000,0.000000,0.000000,50
"TOTAL_TAGS=100,prefix_length=32",SGCT,hash_short_id_round_count,0.000000,0.000000,0.000000,0.000000,50
"TOTAL_TAGS=100,prefix_length=32",SGCT,hash_short_id_split_count,0.000000,0.000000,0.000000,0.000000,50
"TOTAL_TAGS=100,prefix_length=32",SGCT,hash_short_id_collision_groups,0.000000,0.000000,0.000000,0.000000,50
"TOTAL_TAGS=100,prefix_length=32",SGCT,hash_short_id_singleton_groups,0.000000,0.000000,0.000000,0.000000,50
"TOTAL_TAGS=100,prefix_length=32",SGCT,small_cluster_guard_count,0.000000,0.000000,0.000000,0.000000,50
"TOTAL_TAGS=100,prefix_length=32",SGCT,max_signature_d,8.000000,0.000000,8.000000,0.000000,50
"TOTAL_TAGS=100,prefix_length=32",SGCT,epc_verification_count,100.000000,0.000000,100.000000,0.000000,50
"TOTAL_TAGS=100,prefix_length=32",SGCT,verify_fail_count,0.000000,0.000000,0.000000,0.000000,50
"TOTAL_TAGS=100,prefix_length=32",SGCT,avg_tag_responses,2.636800,0.107465,2.800000,0.029788,50
"TOTAL_TAGS=100,prefix_length=48",DQTA(k_max=3),total_protocol_time_ms,159.166600,8.558764,174.668125,2.372368,50
"TOTAL_TAGS=100,prefix_length=48",DQTA(k_max=3),throughput_tags_per_sec,630.078113,34.363709,682.389226,9.525134,50
"TOTAL_TAGS=100,prefix_length=48",DQTA(k_max=3),system_efficiency,0.343723,0.021244,0.375458,0.005889,50
"TOTAL_TAGS=100,prefix_length=48",DQTA(k_max=3),collision_slots,90.280000,6.177775,101.000000,1.712392,50
"TOTAL_TAGS=100,prefix_length=48",DQTA(k_max=3),idle_slots,101.740000,14.475609,122.550000,4.012434,50
"TOTAL_TAGS=100,prefix_length=48",DQTA(k_max=3),total_energy_uj,862.006973,46.523675,944.838431,12.895705,50
"TOTAL_TAGS=100,prefix_length=48",DQTA(k_max=3),total_listening_energy_uj,835.077013,45.460481,916.378331,12.601002,50
"TOTAL_TAGS=100,prefix_length=48",DQTA(k_max=3),total_transmission_energy_uj,26.929960,1.200937,29.012250,0.332883,50
"TOTAL_TAGS=100,prefix_length=48",DQTA(k_max=3),total_bits,32526.200000,958.979368,34096.050000,265.815519,50
"TOTAL_TAGS=100,prefix_length=48",DQTA(k_max=3),avg_tag_bits,254.149600,5.100651,262.337000,1.413828,50
"TOTAL_TAGS=100,prefix_length=48",DQTA(k_max=3),avg_reader_bits,71.112400,4.891260,79.653000,1.355788,50
"TOTAL_TAGS=100,prefix_length=48",DQTA(k_max=3),avg_total_bits,325.262000,9.589794,340.960500,2.658155,50
"TOTAL_TAGS=100,prefix_length=48",DQTA(k_max=3),avg_query_efficiency,1.112868,0.077963,1.234568,0.021610,50
"TOTAL_TAGS=100,prefix_length=48",DQTA(k_max=3),peak_stack_depth,11.240000,1.041192,13.000000,0.288604,50
"TOTAL_TAGS=100,prefix_length=48",DQTA(k_max=3),avg_tag_responses,2.930400,0.064205,3.035500,0.017797,50
"TOTAL_TAGS=100,prefix_length=48",DRCT,total_protocol_time_ms,242.480325,10.061512,257.284688,2.788909,50
"TOTAL_TAGS=100,prefix_length=48",DRCT,throughput_tags_per_sec,413.084249,16.743874,436.556901,4.641165,50
"TOTAL_TAGS=100,prefix_length=48",DRCT,system_efficiency,0.259695,0.010664,0.274725,0.002956,50
"TOTAL_TAGS=100,prefix_length=48",DRCT,collision_slots,191.860000,8.121551,204.000000,2.251179,50
"TOTAL_TAGS=100,prefix_length=48",DRCT,idle_slots,93.860000,8.121551,106.000000,2.251179,50
"TOTAL_TAGS=100,prefix_length=48",DRCT,total_energy_uj,1470.250655,53.113763,1552.202738,14.722384,50
"TOTAL_TAGS=100,prefix_length=48",DRCT,energy_per_tag_uj,14.702507,0.531138,15.522027,0.147224,50
"TOTAL_TAGS=100,prefix_length=48",DRCT,total_reader_tx_energy_uj,29.043800,1.391298,31.108600,0.385648,50
"TOTAL_TAGS=100,prefix_length=48",DRCT,total_tag_tx_energy_uj,13.418310,0.104856,13.579325,0.029065,50
"TOTAL_TAGS=100,prefix_length=48",DRCT,total_listening_energy_uj,1427.788545,51.991193,1506.318062,14.411223,50
"TOTAL_TAGS=100,prefix_length=48",DRCT,total_transmission_energy_uj,42.462110,1.434160,44.556950,0.397529,50
"TOTAL_TAGS=100,prefix_length=48",DRCT,total_bits,41358.520000,798.759095,42566.200000,221.404725,50
"TOTAL_TAGS=100,prefix_length=48",DRCT,avg_tag_bits,268.366200,2.097122,271.586500,0.581293,50
"TOTAL_TAGS=100,prefix_length=48",DRCT,avg_reader_bits,145.219000,6.956490,155.543000,1.928241,50
"TOTAL_TAGS=100,prefix_length=48",DRCT,avg_total_bits,413.585200,7.987591,425.662000,2.214047,50
"TOTAL_TAGS=100,prefix_length=48",DRCT,avg_query_efficiency,0.522106,0.021549,0.552486,0.005973,50
"TOTAL_TAGS=100,prefix_length=48",DRCT,peak_stack_depth,6.180000,0.481918,7.000000,0.133581,50
"TOTAL_TAGS=100,prefix_length=48",DRCT,avg_tag_responses,56.003800,0.184102,56.280000,0.051030,50
"TOTAL_TAGS=100,prefix_length=48",EAQ_CBB,total_protocol_time_ms,259.845850,8.182674,273.827938,2.268122,50
"TOTAL_TAGS=100,prefix_length=48",EAQ_CBB,throughput_tags_per_sec,385.216650,12.099071,401.047249,3.353691,50
"TOTAL_TAGS=100,prefix_length=48",EAQ_CBB,system_efficiency,0.549877,0.019339,0.574713,0.005361,50
"TOTAL_TAGS=100,prefix_length=48",EAQ_CBB,collision_slots,82.080000,6.426476,93.100000,1.781328,50
"TOTAL_TAGS=100,prefix_length=48",EAQ_CBB,idle_slots,0.000000,0.000000,0.000000,0.000000,50
"TOTAL_TAGS=100,prefix_length=48",EAQ_CBB,total_energy_uj,1351.102915,47.952589,1438.222925,13.291780,50
"TOTAL_TAGS=100,prefix_length=48",EAQ_CBB,total_listening_energy_uj,1310.381415,46.867706,1395.929125,12.991065,50
"TOTAL_TAGS=100,prefix_length=48",EAQ_CBB,total_transmission_energy_uj,40.721500,1.221319,42.837775,0.338532,50
"TOTAL_TAGS=100,prefix_length=48",EAQ_CBB,total_bits,25861.160000,837.674389,27396.350000,232.191494,50
"TOTAL_TAGS=100,prefix_length=48",EAQ_CBB,avg_tag_bits,73.338800,3.156494,78.166500,0.874935,50
"TOTAL_TAGS=100,prefix_length=48",EAQ_CBB,avg_reader_bits,185.272800,5.368576,194.455000,1.488093,50
"TOTAL_TAGS=100,prefix_length=48",EAQ_CBB,avg_total_bits,258.611600,8.376744,273.963500,2.321915,50
"TOTAL_TAGS=100,prefix_length=48",EAQ_CBB,avg_query_efficiency,1.225652,0.095972,1.351351,0.026602,50
"TOTAL_TAGS=100,prefix_length=48",EAQ_CBB,peak_stack_depth,27.780000,1.250143,30.000000,0.346522,50
"TOTAL_TAGS=100,prefix_length=48",EAQ_CBB,avg_tag_responses,3.767600,0.137908,3.991000,0.038226,50
"TOTAL_TAGS=100,prefix_length=48",EMDT,total_protocol_time_ms,132.072200,6.593394,144.431375,1.827596,50
"TOTAL_TAGS=100,prefix_length=48",EMDT,throughput_tags_per_sec,758.975888,37.153550,808.458024,10.298439,50
"TOTAL_TAGS=100,prefix_length=48",EMDT,system_efficiency,0.601079,0.043410,0.655960,0.012033,50
"TOTAL_TAGS=100,prefix_length=48",EMDT,collision_slots,50.560000,6.972717,64.100000,1.932738,50
"TOTAL_TAGS=100,prefix_length=48",EMDT,idle_slots,16.680000,5.672850,27.200000,1.572434,50
"TOTAL_TAGS=100,prefix_length=48",EMDT,total_energy_uj,676.364055,37.070843,750.909762,10.275514,50
"TOTAL_TAGS=100,prefix_length=48",EMDT,total_listening_energy_uj,664.091015,36.883915,738.065962,10.223700,50
"TOTAL_TAGS=100,prefix_length=48",EMDT,total_transmission_energy_uj,12.273040,0.248088,12.716200,0.068766,50
"TOTAL_TAGS=100,prefix_length=48",EMDT,total_bits,15735.080000,123.320859,15951.500000,34.182798,50
"TOTAL_TAGS=100,prefix_length=48",EMDT,avg_tag_bits,127.980800,0.052522,128.000000,0.014558,50
"TOTAL_TAGS=100,prefix_length=48",EMDT,avg_reader_bits,29.370000,1.243118,31.603000,0.344575,50
"TOTAL_TAGS=100,prefix_length=48",EMDT,avg_total_bits,157.350800,1.233209,159.515000,0.341828,50
"TOTAL_TAGS=100,prefix_length=48",EMDT,avg_query_efficiency,2.013779,0.269944,2.412892,0.074825,50
"TOTAL_TAGS=100,prefix_length=48",EMDT,peak_stack_depth,21.060000,1.346348,23.000000,0.373189,50
"TOTAL_TAGS=100,prefix_length=48",EMDT,avg_tag_responses,3.694400,0.145548,3.981000,0.040344,50
"TOTAL_TAGS=100,prefix_length=48",HT_EEAC,total_protocol_time_ms,269.157750,32.262572,320.936625,8.942729,50
"TOTAL_TAGS=100,prefix_length=48",HT_EEAC,throughput_tags_per_sec,376.579951,43.466345,442.090429,12.048256,50
"TOTAL_TAGS=100,prefix_length=48",HT_EEAC,system_efficiency,0.178227,0.028540,0.221341,0.007911,50
"TOTAL_TAGS=100,prefix_length=48",HT_EEAC,collision_slots,23.600000,12.010200,42.550000,3.329058,50
"TOTAL_TAGS=100,prefix_length=48",HT_EEAC,idle_slots,452.180000,96.803755,611.850000,26.832632,50
"TOTAL_TAGS=100,prefix_length=48",HT_EEAC,total_energy_uj,1226.187715,86.109344,1371.499150,23.868292,50
"TOTAL_TAGS=100,prefix_length=48",HT_EEAC,total_listening_energy_uj,1195.064595,83.039792,1335.283987,23.017456,50
"TOTAL_TAGS=100,prefix_length=48",HT_EEAC,total_transmission_energy_uj,31.123120,4.206140,37.868200,1.165882,50
"TOTAL_TAGS=100,prefix_length=48",HT_EEAC,total_bits,24244.760000,2106.344658,27625.700000,583.848952,50
"TOTAL_TAGS=100,prefix_length=48",HT_EEAC,avg_tag_bits,115.776000,1.921632,118.808000,0.532649,50
"TOTAL_TAGS=100,prefix_length=48",HT_EEAC,avg_reader_bits,126.671600,21.041718,160.468000,5.832467,50
"TOTAL_TAGS=100,prefix_length=48",HT_EEAC,avg_total_bits,242.447600,21.063447,276.257000,5.838490,50
"TOTAL_TAGS=100,prefix_length=48",HT_EEAC,avg_query_efficiency,5.555529,2.846390,10.611111,0.788979,50
"TOTAL_TAGS=100,prefix_length=48",HT_EEAC,avg_tag_responses,11.576600,3.443647,16.977500,0.954530,50
"TOTAL_TAGS=100,prefix_length=48",LAPCT,total_protocol_time_ms,276.323950,0.612051,276.689687,0.169652,50
"TOTAL_TAGS=100,prefix_length=48",LAPCT,throughput_tags_per_sec,361.895820,0.804146,363.682651,0.222898,50
"TOTAL_TAGS=100,prefix_length=48",LAPCT,system_efficiency,0.478791,0.000929,0.480769,0.000258,50
"TOTAL_TAGS=100,prefix_length=48",LAPCT,collision_slots,108.820000,0.388088,109.000000,0.107572,50
"TOTAL_TAGS=100,prefix_length=48",LAPCT,idle_slots,0.040000,0.197949,0.000000,0.054869,50
"TOTAL_TAGS=100,prefix_length=48",LAPCT,total_energy_uj,1464.264970,5.655229,1471.598550,1.567549,50
"TOTAL_TAGS=100,prefix_length=48",LAPCT,total_listening_energy_uj,1416.190720,5.609221,1423.399225,1.554797,50
"TOTAL_TAGS=100,prefix_length=48",LAPCT,total_transmission_energy_uj,48.074250,0.150017,48.327675,0.041583,50
"TOTAL_TAGS=100,prefix_length=48",LAPCT,total_bits,40524.780000,255.761950,40925.500000,70.893596,50
"TOTAL_TAGS=100,prefix_length=48",LAPCT,avg_tag_bits,219.835400,2.575885,223.760500,0.713999,50
"TOTAL_TAGS=100,prefix_length=48",LAPCT,avg_reader_bits,185.412400,0.478013,185.795500,0.132498,50
"TOTAL_TAGS=100,prefix_length=48",LAPCT,avg_total_bits,405.247800,2.557620,409.255000,0.708936,50
"TOTAL_TAGS=100,prefix_length=48",LAPCT,avg_query_efficiency,0.918960,0.003297,0.925926,0.000914,50
"TOTAL_TAGS=100,prefix_length=48",LAPCT,peak_stack_depth,9.880000,0.773014,11.000000,0.214269,50
"TOTAL_TAGS=100,prefix_length=48",LAPCT,avg_tag_responses,5.964200,0.061548,6.065500,0.017060,50
"TOTAL_TAGS=100,prefix_length=48",NLHQT(n=2),total_protocol_time_ms,127.200200,3.701186,134.661000,1.025916,50
"TOTAL_TAGS=100,prefix_length=48",NLHQT(n=2),throughput_tags_per_sec,786.806133,22.598183,823.782682,6.263897,50
"TOTAL_TAGS=100,prefix_length=48",NLHQT(n=2),system_efficiency,0.351514,0.010160,0.367787,0.002816,50
"TOTAL_TAGS=100,prefix_length=48",NLHQT(n=2),collision_slots,184.720000,8.347161,200.100000,2.313715,50
"TOTAL_TAGS=100,prefix_length=48",NLHQT(n=2),idle_slots,0.000000,0.000000,0.000000,0.000000,50
"TOTAL_TAGS=100,prefix_length=48",NLHQT(n=2),total_energy_uj,669.863775,24.043399,716.627750,6.664490,50
"TOTAL_TAGS=100,prefix_length=48",NLHQT(n=2),total_listening_energy_uj,653.518515,23.724228,699.636550,6.576020,50
"TOTAL_TAGS=100,prefix_length=48",NLHQT(n=2),total_transmission_energy_uj,16.345260,0.369438,17.065000,0.102403,50
"TOTAL_TAGS=100,prefix_length=48",NLHQT(n=2),total_bits,16159.920000,199.454751,16546.100000,55.286036,50
"TOTAL_TAGS=100,prefix_length=48",NLHQT(n=2),avg_tag_bits,106.497200,0.207768,106.844000,0.057590,50
"TOTAL_TAGS=100,prefix_length=48",NLHQT(n=2),avg_reader_bits,55.102000,1.798386,58.613000,0.498487,50
"TOTAL_TAGS=100,prefix_length=48",NLHQT(n=2),avg_total_bits,161.599200,1.994548,165.461000,0.552860,50
"TOTAL_TAGS=100,prefix_length=48",NLHQT(n=2),avg_query_efficiency,0.542422,0.024029,0.581753,0.006661,50
"TOTAL_TAGS=100,prefix_length=48",NLHQT(n=2),peak_stack_depth,10.880000,0.917850,13.000000,0.254415,50
"TOTAL_TAGS=100,prefix_length=48",NLHQT(n=2),avg_tag_responses,6.248600,0.103884,6.422000,0.028795,50
"TOTAL_TAGS=100,prefix_length=48",SGCT,total_protocol_time_ms,113.502450,6.773930,125.281437,1.877638,50
"TOTAL_TAGS=100,prefix_length=48",SGCT,throughput_tags_per_sec,884.118142,52.794946,976.273141,14.634012,50
"TOTAL_TAGS=100,prefix_length=48",SGCT,system_efficiency,0.759828,0.027665,0.807154,0.007668,50
"TOTAL_TAGS=100,prefix_length=48",SGCT,collision_slots,31.780000,4.803443,40.100000,1.331446,50
"TOTAL_TAGS=100,prefix_length=48",SGCT,idle_slots,0.000000,0.000000,0.000000,0.000000,50
"TOTAL_TAGS=100,prefix_length=48",SGCT,total_energy_uj,473.669350,25.735296,515.482762,7.133460,50
"TOTAL_TAGS=100,prefix_length=48",SGCT,total_listening_energy_uj,459.348540,24.772339,499.516031,6.866542,50
"TOTAL_TAGS=100,prefix_length=48",SGCT,total_transmission_energy_uj,14.320810,0.976597,16.036200,0.270699,50
"TOTAL_TAGS=100,prefix_length=48",SGCT,total_bits,12429.140000,550.871999,13402.550000,152.693928,50
"TOTAL_TAGS=100,prefix_length=48",SGCT,avg_tag_bits,70.249800,0.871135,71.849500,0.241466,50
"TOTAL_TAGS=100,prefix_length=48",SGCT,avg_reader_bits,54.041600,4.676083,62.203500,1.296144,50
"TOTAL_TAGS=100,prefix_length=48",SGCT,avg_total_bits,124.291400,5.508720,134.025500,1.526939,50
"TOTAL_TAGS=100,prefix_length=48",SGCT,avg_query_efficiency,3.219948,0.503293,4.191304,0.139506,50
"TOTAL_TAGS=100,prefix_length=48",SGCT,peak_stack_depth,15.200000,2.347382,18.550000,0.650661,50
"TOTAL_TAGS=100,prefix_length=48",SGCT,progressive_probe_count,16.400000,2.398979,20.550000,0.664963,50
"TOTAL_TAGS=100,prefix_length=48",SGCT,signature_grouping_trigger_count,16.380000,2.406539,20.550000,0.667058,50
"TOTAL_TAGS=100,prefix_length=48",SGCT,local_short_id_trigger_count,1.000000,0.000000,1.000000,0.000000,50
"TOTAL_TAGS=100,prefix_length=48",SGCT,signature_groups_pruned,386.700000,36.098081,449.250000,10.005877,50
"TOTAL_TAGS=100,prefix_length=48",SGCT,sparse_signature_groups,115.380000,2.406539,119.550000,0.667058,50
"TOTAL_TAGS=100,prefix_length=48",SGCT,signature_marker_bits,132.620000,5.232902,142.000000,1.450486,50
"TOTAL_TAGS=100,prefix_length=48",SGCT,signature_marker_tag_bits,132.620000,5.232902,142.000000,1.450486,50
"TOTAL_TAGS=100,prefix_length=48",SGCT,signature_non_idle_marker_count,115.380000,2.406539,119.550000,0.667058,50
"TOTAL_TAGS=100,prefix_length=48",SGCT,signature_collision_groups,15.380000,2.406539,19.550000,0.667058,50
"TOTAL_TAGS=100,prefix_length=48",SGCT,signature_singleton_groups,100.000000,0.000000,100.000000,0.000000,50
"TOTAL_TAGS=100,prefix_length=48",SGCT,low_d_fallback_count,0.000000,0.000000,0.000000,0.000000,50
"TOTAL_TAGS=100,prefix_length=48",SGCT,suffix_signature_trigger_count,0.000000,0.000000,0.000000,0.000000,50
"TOTAL_TAGS=100,prefix_length=48",SGCT,hash_short_id_round_count,0.000000,0.000000,0.000000,0.000000,50
"TOTAL_TAGS=100,prefix_length=48",SGCT,hash_short_id_split_count,0.000000,0.000000,0.000000,0.000000,50
"TOTAL_TAGS=100,prefix_length=48",SGCT,hash_short_id_collision_groups,0.000000,0.000000,0.000000,0.000000,50
"TOTAL_TAGS=100,prefix_length=48",SGCT,hash_short_id_singleton_groups,0.000000,0.000000,0.000000,0.000000,50
"TOTAL_TAGS=100,prefix_length=48",SGCT,small_cluster_guard_count,0.000000,0.000000,0.000000,0.000000,50
"TOTAL_TAGS=100,prefix_length=48",SGCT,max_signature_d,8.000000,0.000000,8.000000,0.000000,50
"TOTAL_TAGS=100,prefix_length=48",SGCT,epc_verification_count,100.000000,0.000000,100.000000,0.000000,50
"TOTAL_TAGS=100,prefix_length=48",SGCT,verify_fail_count,0.000000,0.000000,0.000000,0.000000,50
"TOTAL_TAGS=100,prefix_length=48",SGCT,avg_tag_responses,2.652800,0.104414,2.840000,0.028942,50
"TOTAL_TAGS=100,prefix_length=64",DQTA(k_max=3),total_protocol_time_ms,157.327250,7.043566,167.173875,1.952377,50
"TOTAL_TAGS=100,prefix_length=64",DQTA(k_max=3),throughput_tags_per_sec,636.851134,28.162215,680.151586,7.806168,50
"TOTAL_TAGS=100,prefix_length=64",DQTA(k_max=3),system_efficiency,0.340566,0.020876,0.373279,0.005786,50
"TOTAL_TAGS=100,prefix_length=64",DQTA(k_max=3),collision_slots,89.400000,4.746642,96.100000,1.315702,50
"TOTAL_TAGS=100,prefix_length=64",DQTA(k_max=3),idle_slots,105.320000,16.500390,130.550000,4.573675,50
"TOTAL_TAGS=100,prefix_length=64",DQTA(k_max=3),total_energy_uj,850.049200,44.745774,928.225650,12.402896,50
"TOTAL_TAGS=100,prefix_length=64",DQTA(k_max=3),total_listening_energy_uj,825.071410,43.906516,901.460025,12.170265,50
"TOTAL_TAGS=100,prefix_length=64",DQTA(k_max=3),total_transmission_energy_uj,24.977790,1.043991,26.460750,0.289379,50
"TOTAL_TAGS=100,prefix_length=64",DQTA(k_max=3),total_bits,24510.060000,724.539190,25523.850000,200.832017,50
"TOTAL_TAGS=100,prefix_length=64",DQTA(k_max=3),avg_tag_bits,160.282200,2.956517,164.174000,0.819505,50
"TOTAL_TAGS=100,prefix_length=64",DQTA(k_max=3),avg_reader_bits,84.818400,4.584454,91.325500,1.270746,50
"TOTAL_TAGS=100,prefix_length=64",DQTA(k_max=3),avg_total_bits,245.100600,7.245392,255.238500,2.008320,50
"TOTAL_TAGS=100,prefix_length=64",DQTA(k_max=3),avg_query_efficiency,1.121629,0.058983,1.221181,0.016349,50
"TOTAL_TAGS=100,prefix_length=64",DQTA(k_max=3),peak_stack_depth,11.340000,1.205599,13.000000,0.334175,50
"TOTAL_TAGS=100,prefix_length=64",DQTA(k_max=3),avg_tag_responses,2.926400,0.064103,3.010000,0.017769,50
"TOTAL_TAGS=100,prefix_length=64",DRCT,total_protocol_time_ms,280.124375,15.028652,308.383562,4.165730,50
"TOTAL_TAGS=100,prefix_length=64",DRCT,throughput_tags_per_sec,357.977384,18.930517,385.665875,5.247272,50
"TOTAL_TAGS=100,prefix_length=64",DRCT,system_efficiency,0.241306,0.011818,0.258466,0.003276,50
"TOTAL_TAGS=100,prefix_length=64",DRCT,collision_slots,206.700000,10.317906,226.100000,2.859978,50
"TOTAL_TAGS=100,prefix_length=64",DRCT,idle_slots,108.700000,10.317906,128.100000,2.859978,50
"TOTAL_TAGS=100,prefix_length=64",DRCT,total_energy_uj,1773.188948,88.987852,1905.823750,24.666174,50
"TOTAL_TAGS=100,prefix_length=64",DRCT,energy_per_tag_uj,17.731890,0.889879,19.058238,0.246662,50
"TOTAL_TAGS=100,prefix_length=64",DRCT,total_reader_tx_energy_uj,36.351960,2.132302,40.352300,0.591044,50
"TOTAL_TAGS=100,prefix_length=64",DRCT,total_tag_tx_energy_uj,15.722950,0.070129,15.845925,0.019439,50
"TOTAL_TAGS=100,prefix_length=64",DRCT,total_listening_energy_uj,1721.114037,87.046499,1850.009400,24.128058,50
"TOTAL_TAGS=100,prefix_length=64",DRCT,total_transmission_energy_uj,52.074910,2.180378,56.197550,0.604370,50
"TOTAL_TAGS=100,prefix_length=64",DRCT,total_bits,49621.880000,1165.663070,51823.500000,323.105319,50
"TOTAL_TAGS=100,prefix_length=64",DRCT,avg_tag_bits,314.459000,1.402571,316.918500,0.388773,50
"TOTAL_TAGS=100,prefix_length=64",DRCT,avg_reader_bits,181.759800,10.661508,201.761500,2.955219,50
"TOTAL_TAGS=100,prefix_length=64",DRCT,avg_total_bits,496.218800,11.656631,518.235000,3.231053,50
"TOTAL_TAGS=100,prefix_length=64",DRCT,avg_query_efficiency,0.484958,0.023866,0.519619,0.006615,50
"TOTAL_TAGS=100,prefix_length=64",DRCT,peak_stack_depth,6.180000,0.522553,7.000000,0.144844,50
"TOTAL_TAGS=100,prefix_length=64",DRCT,avg_tag_responses,71.985000,0.227203,72.386500,0.062978,50
"TOTAL_TAGS=100,prefix_length=64",EAQ_CBB,total_protocol_time_ms,273.627150,8.839637,290.773563,2.450222,50
"TOTAL_TAGS=100,prefix_length=64",EAQ_CBB,throughput_tags_per_sec,365.827614,11.594680,381.841762,3.213881,50
"TOTAL_TAGS=100,prefix_length=64",EAQ_CBB,system_efficiency,0.546693,0.018167,0.571774,0.005036,50
"TOTAL_TAGS=100,prefix_length=64",EAQ_CBB,collision_slots,83.120000,6.209407,95.100000,1.721160,50
"TOTAL_TAGS=100,prefix_length=64",EAQ_CBB,idle_slots,0.000000,0.000000,0.000000,0.000000,50
"TOTAL_TAGS=100,prefix_length=64",EAQ_CBB,total_energy_uj,1423.388400,48.539967,1514.796375,13.454592,50
"TOTAL_TAGS=100,prefix_length=64",EAQ_CBB,total_listening_energy_uj,1380.912530,47.356377,1469.897000,13.126518,50
"TOTAL_TAGS=100,prefix_length=64",EAQ_CBB,total_transmission_energy_uj,42.475870,1.330578,45.039575,0.368817,50
"TOTAL_TAGS=100,prefix_length=64",EAQ_CBB,total_bits,25121.660000,808.432866,26667.250000,224.086158,50
"TOTAL_TAGS=100,prefix_length=64",EAQ_CBB,avg_tag_bits,51.783000,2.077105,55.260500,0.575744,50
"TOTAL_TAGS=100,prefix_length=64",EAQ_CBB,avg_reader_bits,199.433600,6.189321,211.373000,1.715592,50
"TOTAL_TAGS=100,prefix_length=64",EAQ_CBB,avg_total_bits,251.216600,8.084329,266.672500,2.240862,50
"TOTAL_TAGS=100,prefix_length=64",EAQ_CBB,avg_query_efficiency,1.209425,0.087002,1.335349,0.024116,50
"TOTAL_TAGS=100,prefix_length=64",EAQ_CBB,peak_stack_depth,27.360000,1.366658,29.550000,0.378818,50
"TOTAL_TAGS=100,prefix_length=64",EAQ_CBB,avg_tag_responses,3.800400,0.138711,4.031000,0.038449,50
"TOTAL_TAGS=100,prefix_length=64",EMDT,total_protocol_time_ms,131.961000,7.317226,144.285500,2.028232,50
"TOTAL_TAGS=100,prefix_length=64",EMDT,throughput_tags_per_sec,760.032966,41.181663,813.759230,11.414975,50
"TOTAL_TAGS=100,prefix_length=64",EMDT,system_efficiency,0.603280,0.048292,0.671141,0.013386,50
"TOTAL_TAGS=100,prefix_length=64",EMDT,collision_slots,50.600000,7.714286,63.100000,2.138291,50
"TOTAL_TAGS=100,prefix_length=64",EMDT,idle_slots,16.240000,6.377768,28.550000,1.767827,50
"TOTAL_TAGS=100,prefix_length=64",EMDT,total_energy_uj,671.728560,39.506535,739.993637,10.950653,50
"TOTAL_TAGS=100,prefix_length=64",EMDT,total_listening_energy_uj,659.475040,39.295055,727.123438,10.892034,50
"TOTAL_TAGS=100,prefix_length=64",EMDT,total_transmission_energy_uj,12.253520,0.279458,12.804200,0.077462,50
"TOTAL_TAGS=100,prefix_length=64",EMDT,total_bits,15725.080000,139.580836,16002.100000,38.689834,50
"TOTAL_TAGS=100,prefix_length=64",EMDT,avg_tag_bits,127.977600,0.056082,128.000000,0.015545,50
"TOTAL_TAGS=100,prefix_length=64",EMDT,avg_reader_bits,29.273200,1.398066,32.021000,0.387524,50
"TOTAL_TAGS=100,prefix_length=64",EMDT,avg_total_bits,157.250800,1.395808,160.021000,0.386898,50
"TOTAL_TAGS=100,prefix_length=64",EMDT,avg_query_efficiency,2.020807,0.302253,2.439024,0.083780,50
"TOTAL_TAGS=100,prefix_length=64",EMDT,peak_stack_depth,21.020000,1.301334,23.550000,0.360711,50
"TOTAL_TAGS=100,prefix_length=64",EMDT,avg_tag_responses,3.704000,0.160319,3.950000,0.044438,50
"TOTAL_TAGS=100,prefix_length=64",HT_EEAC,total_protocol_time_ms,269.392500,31.834004,316.212000,8.823936,50
"TOTAL_TAGS=100,prefix_length=64",HT_EEAC,throughput_tags_per_sec,376.322705,44.899525,464.697579,12.445513,50
"TOTAL_TAGS=100,prefix_length=64",HT_EEAC,system_efficiency,0.177760,0.030184,0.239780,0.008367,50
"TOTAL_TAGS=100,prefix_length=64",HT_EEAC,collision_slots,20.100000,10.947463,41.550000,3.034482,50
"TOTAL_TAGS=100,prefix_length=64",HT_EEAC,idle_slots,457.620000,93.251009,605.300000,25.847861,50
"TOTAL_TAGS=100,prefix_length=64",HT_EEAC,total_energy_uj,1242.294130,100.408532,1405.126600,27.831825,50
"TOTAL_TAGS=100,prefix_length=64",HT_EEAC,total_listening_energy_uj,1211.113650,97.348425,1367.359500,26.983607,50
"TOTAL_TAGS=100,prefix_length=64",HT_EEAC,total_transmission_energy_uj,31.180480,4.138444,37.252000,1.147118,50
"TOTAL_TAGS=100,prefix_length=64",HT_EEAC,total_bits,24231.440000,2090.452701,27348.800000,579.443926,50
"TOTAL_TAGS=100,prefix_length=64",HT_EEAC,avg_tag_bits,115.216000,1.751594,118.648000,0.485517,50
"TOTAL_TAGS=100,prefix_length=64",HT_EEAC,avg_reader_bits,127.098400,20.639554,157.784000,5.720993,50
"TOTAL_TAGS=100,prefix_length=64",HT_EEAC,avg_total_bits,242.314400,20.904527,273.488000,5.794439,50
"TOTAL_TAGS=100,prefix_length=64",HT_EEAC,avg_query_efficiency,6.435154,3.259601,12.857143,0.903515,50
"TOTAL_TAGS=100,prefix_length=64",HT_EEAC,avg_tag_responses,12.438600,3.198787,16.584500,0.886659,50
"TOTAL_TAGS=100,prefix_length=64",LAPCT,total_protocol_time_ms,283.579200,0.753049,284.081250,0.208734,50
"TOTAL_TAGS=100,prefix_length=64",LAPCT,throughput_tags_per_sec,352.637620,0.940723,354.217009,0.260755,50
"TOTAL_TAGS=100,prefix_length=64",LAPCT,system_efficiency,0.479021,0.001098,0.480769,0.000304,50
"TOTAL_TAGS=100,prefix_length=64",LAPCT,collision_slots,108.760000,0.476381,109.000000,0.132046,50
"TOTAL_TAGS=100,prefix_length=64",LAPCT,idle_slots,0.000000,0.000000,0.000000,0.000000,50
"TOTAL_TAGS=100,prefix_length=64",LAPCT,total_energy_uj,1498.554112,8.256833,1508.113700,2.288677,50
"TOTAL_TAGS=100,prefix_length=64",LAPCT,total_listening_energy_uj,1451.615342,8.185062,1461.074250,2.268783,50
"TOTAL_TAGS=100,prefix_length=64",LAPCT,total_transmission_energy_uj,46.938770,0.112343,47.093825,0.031140,50
"TOTAL_TAGS=100,prefix_length=64",LAPCT,total_bits,34017.460000,108.069367,34223.150000,29.955300,50
"TOTAL_TAGS=100,prefix_length=64",LAPCT,avg_tag_bits,140.641000,1.118943,142.353000,0.310155,50
"TOTAL_TAGS=100,prefix_length=64",LAPCT,avg_reader_bits,199.533600,0.586862,200.022000,0.162670,50
"TOTAL_TAGS=100,prefix_length=64",LAPCT,avg_total_bits,340.174600,1.080694,342.231500,0.299553,50
"TOTAL_TAGS=100,prefix_length=64",LAPCT,avg_query_efficiency,0.919473,0.004059,0.925926,0.001125,50
"TOTAL_TAGS=100,prefix_length=64",LAPCT,peak_stack_depth,9.880000,0.593846,11.000000,0.164606,50
"TOTAL_TAGS=100,prefix_length=64",LAPCT,avg_tag_responses,5.972000,0.044904,6.045500,0.012447,50
"TOTAL_TAGS=100,prefix_length=64",NLHQT(n=2),total_protocol_time_ms,109.232600,3.033916,114.367500,0.840959,50
"TOTAL_TAGS=100,prefix_length=64",NLHQT(n=2),throughput_tags_per_sec,916.167811,25.368902,956.304694,7.031901,50
"TOTAL_TAGS=100,prefix_length=64",NLHQT(n=2),system_efficiency,0.354846,0.009695,0.369755,0.002687,50
"TOTAL_TAGS=100,prefix_length=64",NLHQT(n=2),collision_slots,182.020000,7.770930,195.000000,2.153992,50
"TOTAL_TAGS=100,prefix_length=64",NLHQT(n=2),idle_slots,0.000000,0.000000,0.000000,0.000000,50
"TOTAL_TAGS=100,prefix_length=64",NLHQT(n=2),total_energy_uj,575.866345,16.134543,599.861075,4.472267,50
"TOTAL_TAGS=100,prefix_length=64",NLHQT(n=2),total_listening_energy_uj,561.184345,15.818020,584.663325,4.384531,50
"TOTAL_TAGS=100,prefix_length=64",NLHQT(n=2),total_transmission_energy_uj,14.682000,0.352971,15.304600,0.097839,50
"TOTAL_TAGS=100,prefix_length=64",NLHQT(n=2),total_bits,12925.200000,191.592254,13266.800000,53.106663,50
"TOTAL_TAGS=100,prefix_length=64",NLHQT(n=2),avg_tag_bits,74.456000,0.211467,74.815000,0.058616,50
"TOTAL_TAGS=100,prefix_length=64",NLHQT(n=2),avg_reader_bits,54.796000,1.714800,57.808000,0.475318,50
"TOTAL_TAGS=100,prefix_length=64",NLHQT(n=2),avg_total_bits,129.252000,1.915923,132.668000,0.531067,50
"TOTAL_TAGS=100,prefix_length=64",NLHQT(n=2),avg_query_efficiency,0.550360,0.023221,0.586687,0.006437,50
"TOTAL_TAGS=100,prefix_length=64",NLHQT(n=2),peak_stack_depth,10.760000,0.796933,12.000000,0.220899,50
"TOTAL_TAGS=100,prefix_length=64",NLHQT(n=2),avg_tag_responses,6.228000,0.105734,6.407500,0.029308,50
"TOTAL_TAGS=100,prefix_length=64",SGCT,total_protocol_time_ms,86.915875,3.052382,93.488750,0.846077,50
"TOTAL_TAGS=100,prefix_length=64",SGCT,throughput_tags_per_sec,1151.902237,39.671557,1195.886152,10.996395,50
"TOTAL_TAGS=100,prefix_length=64",SGCT,system_efficiency,0.980705,0.017616,1.000000,0.004883,50
"TOTAL_TAGS=100,prefix_length=64",SGCT,collision_slots,2.000000,1.851640,6.000000,0.513248,50
"TOTAL_TAGS=100,prefix_length=64",SGCT,idle_slots,0.000000,0.000000,0.000000,0.000000,50
"TOTAL_TAGS=100,prefix_length=64",SGCT,total_energy_uj,563.466198,2.493108,568.611200,0.691054,50
"TOTAL_TAGS=100,prefix_length=64",SGCT,total_listening_energy_uj,556.580557,2.060626,560.759500,0.571176,50
"TOTAL_TAGS=100,prefix_length=64",SGCT,total_transmission_energy_uj,6.885640,0.449900,7.852300,0.124706,50
"TOTAL_TAGS=100,prefix_length=64",SGCT,total_bits,5941.880000,246.930763,6473.300000,68.445715,50
"TOTAL_TAGS=100,prefix_length=64",SGCT,avg_tag_bits,33.320800,0.295240,33.859000,0.081836,50
"TOTAL_TAGS=100,prefix_length=64",SGCT,avg_reader_bits,26.098000,2.176303,30.762000,0.603240,50
"TOTAL_TAGS=100,prefix_length=64",SGCT,avg_total_bits,59.418800,2.469308,64.733000,0.684457,50
"TOTAL_TAGS=100,prefix_length=64",SGCT,avg_query_efficiency,59.833333,31.211825,100.000000,8.651476,50
"TOTAL_TAGS=100,prefix_length=64",SGCT,peak_stack_depth,1.000000,0.925820,3.000000,0.256624,50
"TOTAL_TAGS=100,prefix_length=64",SGCT,progressive_probe_count,1.000000,0.925820,3.000000,0.256624,50
"TOTAL_TAGS=100,prefix_length=64",SGCT,signature_grouping_trigger_count,2.000000,0.925820,4.000000,0.256624,50
"TOTAL_TAGS=100,prefix_length=64",SGCT,local_short_id_trigger_count,1.000000,0.000000,1.000000,0.000000,50
"TOTAL_TAGS=100,prefix_length=64",SGCT,signature_groups_pruned,4011.000000,13.887301,4041.000000,3.849364,50
"TOTAL_TAGS=100,prefix_length=64",SGCT,sparse_signature_groups,101.000000,0.925820,103.000000,0.256624,50
"TOTAL_TAGS=100,prefix_length=64",SGCT,signature_marker_bits,102.000000,1.851640,106.000000,0.513248,50
"TOTAL_TAGS=100,prefix_length=64",SGCT,signature_marker_tag_bits,102.000000,1.851640,106.000000,0.513248,50
"TOTAL_TAGS=100,prefix_length=64",SGCT,signature_non_idle_marker_count,101.000000,0.925820,103.000000,0.256624,50
"TOTAL_TAGS=100,prefix_length=64",SGCT,signature_collision_groups,1.000000,0.925820,3.000000,0.256624,50
"TOTAL_TAGS=100,prefix_length=64",SGCT,signature_singleton_groups,100.000000,0.000000,100.000000,0.000000,50
"TOTAL_TAGS=100,prefix_length=64",SGCT,low_d_fallback_count,0.000000,0.000000,0.000000,0.000000,50
"TOTAL_TAGS=100,prefix_length=64",SGCT,suffix_signature_trigger_count,1.000000,0.000000,1.000000,0.000000,50
"TOTAL_TAGS=100,prefix_length=64",SGCT,hash_short_id_round_count,0.000000,0.000000,0.000000,0.000000,50
"TOTAL_TAGS=100,prefix_length=64",SGCT,hash_short_id_split_count,0.000000,0.000000,0.000000,0.000000,50
"TOTAL_TAGS=100,prefix_length=64",SGCT,hash_short_id_collision_groups,0.000000,0.000000,0.000000,0.000000,50
"TOTAL_TAGS=100,prefix_length=64",SGCT,hash_short_id_singleton_groups,0.000000,0.000000,0.000000,0.000000,50
"TOTAL_TAGS=100,prefix_length=64",SGCT,small_cluster_guard_count,0.000000,0.000000,0.000000,0.000000,50
"TOTAL_TAGS=100,prefix_length=64",SGCT,max_signature_d,12.000000,0.000000,12.000000,0.000000,50
"TOTAL_TAGS=100,prefix_length=64",SGCT,epc_verification_count,100.000000,0.000000,100.000000,0.000000,50
"TOTAL_TAGS=100,prefix_length=64",SGCT,verify_fail_count,0.000000,0.000000,0.000000,0.000000,50
"TOTAL_TAGS=100,prefix_length=64",SGCT,avg_tag_responses,1.040000,0.037033,1.120000,0.010265,50
"TOTAL_TAGS=100,prefix_length=72",DQTA(k_max=3),total_protocol_time_ms,158.940800,8.166053,172.976937,2.263514,50
"TOTAL_TAGS=100,prefix_length=72",DQTA(k_max=3),throughput_tags_per_sec,630.785206,32.243484,679.398026,8.937438,50
"TOTAL_TAGS=100,prefix_length=72",DQTA(k_max=3),system_efficiency,0.340209,0.019491,0.373359,0.005403,50
"TOTAL_TAGS=100,prefix_length=72",DQTA(k_max=3),collision_slots,90.840000,5.327480,99.200000,1.476702,50
"TOTAL_TAGS=100,prefix_length=72",DQTA(k_max=3),idle_slots,104.040000,14.352643,123.550000,3.978350,50
"TOTAL_TAGS=100,prefix_length=72",DQTA(k_max=3),total_energy_uj,849.391490,54.338376,932.455375,15.061829,50
"TOTAL_TAGS=100,prefix_length=72",DQTA(k_max=3),total_listening_energy_uj,824.988750,53.272156,906.202375,14.766288,50
"TOTAL_TAGS=100,prefix_length=72",DQTA(k_max=3),total_transmission_energy_uj,24.402740,1.166155,26.218400,0.323242,50
"TOTAL_TAGS=100,prefix_length=72",DQTA(k_max=3),total_bits,20741.680000,681.167109,21769.600000,188.809890,50
"TOTAL_TAGS=100,prefix_length=72",DQTA(k_max=3),avg_tag_bits,113.870800,1.517767,116.399500,0.420703,50
"TOTAL_TAGS=100,prefix_length=72",DQTA(k_max=3),avg_reader_bits,93.546000,5.517265,102.224000,1.529308,50
"TOTAL_TAGS=100,prefix_length=72",DQTA(k_max=3),avg_total_bits,207.416800,6.811671,217.696000,1.888099,50
"TOTAL_TAGS=100,prefix_length=72",DQTA(k_max=3),avg_query_efficiency,1.104530,0.064428,1.204819,0.017859,50
"TOTAL_TAGS=100,prefix_length=72",DQTA(k_max=3),peak_stack_depth,11.100000,1.147313,13.000000,0.318019,50
"TOTAL_TAGS=100,prefix_length=72",DQTA(k_max=3),avg_tag_responses,2.939600,0.048988,3.021000,0.013579,50
"TOTAL_TAGS=100,prefix_length=72",DRCT,total_protocol_time_ms,302.648825,14.314354,326.782062,3.967737,50
"TOTAL_TAGS=100,prefix_length=72",DRCT,throughput_tags_per_sec,331.136596,15.566631,355.095284,4.314850,50
"TOTAL_TAGS=100,prefix_length=72",DRCT,system_efficiency,0.230658,0.009849,0.245762,0.002730,50
"TOTAL_TAGS=100,prefix_length=72",DRCT,collision_slots,216.160000,9.311744,231.650000,2.581084,50
"TOTAL_TAGS=100,prefix_length=72",DRCT,idle_slots,118.160000,9.311744,133.650000,2.581084,50
"TOTAL_TAGS=100,prefix_length=72",DRCT,total_energy_uj,1959.732708,76.279558,2080.046362,21.143615,50
"TOTAL_TAGS=100,prefix_length=72",DRCT,energy_per_tag_uj,19.597327,0.762796,20.800464,0.211436,50
"TOTAL_TAGS=100,prefix_length=72",DRCT,total_reader_tx_energy_uj,40.543760,2.057774,44.013300,0.570386,50
"TOTAL_TAGS=100,prefix_length=72",DRCT,total_tag_tx_energy_uj,16.878270,0.041742,16.942675,0.011570,50
"TOTAL_TAGS=100,prefix_length=72",DRCT,total_listening_energy_uj,1902.310677,74.515126,2019.299137,20.654539,50
"TOTAL_TAGS=100,prefix_length=72",DRCT,total_transmission_energy_uj,57.422030,2.084772,60.927900,0.577869,50
"TOTAL_TAGS=100,prefix_length=72",DRCT,total_bits,54028.420000,1084.286017,55839.450000,300.548750,50
"TOTAL_TAGS=100,prefix_length=72",DRCT,avg_tag_bits,337.565400,0.834836,338.853500,0.231405,50
"TOTAL_TAGS=100,prefix_length=72",DRCT,avg_reader_bits,202.718800,10.288870,220.066500,2.851929,50
"TOTAL_TAGS=100,prefix_length=72",DRCT,avg_total_bits,540.284200,10.842860,558.394500,3.005488,50
"TOTAL_TAGS=100,prefix_length=72",DRCT,avg_query_efficiency,0.463459,0.019880,0.493952,0.005511,50
"TOTAL_TAGS=100,prefix_length=72",DRCT,peak_stack_depth,6.220000,0.506690,7.000000,0.140447,50
"TOTAL_TAGS=100,prefix_length=72",DRCT,avg_tag_responses,79.993600,0.206257,80.337500,0.057171,50
"TOTAL_TAGS=100,prefix_length=72",EAQ_CBB,total_protocol_time_ms,281.380575,8.550777,294.888562,2.370155,50
"TOTAL_TAGS=100,prefix_length=72",EAQ_CBB,throughput_tags_per_sec,355.710990,10.767613,371.536152,2.984630,50
"TOTAL_TAGS=100,prefix_length=72",EAQ_CBB,system_efficiency,0.543509,0.016673,0.568182,0.004621,50
"TOTAL_TAGS=100,prefix_length=72",EAQ_CBB,collision_slots,84.160000,5.668963,93.100000,1.571356,50
"TOTAL_TAGS=100,prefix_length=72",EAQ_CBB,idle_slots,0.000000,0.000000,0.000000,0.000000,50
"TOTAL_TAGS=100,prefix_length=72",EAQ_CBB,total_energy_uj,1465.367818,54.770522,1563.483331,15.181614,50
"TOTAL_TAGS=100,prefix_length=72",EAQ_CBB,total_listening_energy_uj,1421.917748,53.612576,1518.221431,14.860648,50
"TOTAL_TAGS=100,prefix_length=72",EAQ_CBB,total_transmission_energy_uj,43.450070,1.296413,45.488175,0.359347,50
"TOTAL_TAGS=100,prefix_length=72",EAQ_CBB,total_bits,24748.900000,750.249734,25942.200000,207.958616,50
"TOTAL_TAGS=100,prefix_length=72",EAQ_CBB,avg_tag_bits,40.318200,1.540152,42.797500,0.426908,50
"TOTAL_TAGS=100,prefix_length=72",EAQ_CBB,avg_reader_bits,207.170800,6.152512,216.809000,1.705389,50
"TOTAL_TAGS=100,prefix_length=72",EAQ_CBB,avg_total_bits,247.489000,7.502497,259.422000,2.079586,50
"TOTAL_TAGS=100,prefix_length=72",EAQ_CBB,avg_query_efficiency,1.193492,0.080252,1.315789,0.022245,50
"TOTAL_TAGS=100,prefix_length=72",EAQ_CBB,peak_stack_depth,27.540000,1.402767,29.550000,0.388827,50
"TOTAL_TAGS=100,prefix_length=72",EAQ_CBB,avg_tag_responses,3.795200,0.133436,3.991000,0.036986,50
"TOTAL_TAGS=100,prefix_length=72",EMDT,total_protocol_time_ms,133.260300,9.474455,144.208625,2.626185,50
"TOTAL_TAGS=100,prefix_length=72",EMDT,throughput_tags_per_sec,753.639824,46.946958,813.122167,13.013033,50
"TOTAL_TAGS=100,prefix_length=72",EMDT,system_efficiency,0.596690,0.052877,0.664680,0.014657,50
"TOTAL_TAGS=100,prefix_length=72",EMDT,collision_slots,52.340000,11.070479,64.100000,3.068580,50
"TOTAL_TAGS=100,prefix_length=72",EMDT,idle_slots,16.780000,7.257058,26.200000,2.011554,50
"TOTAL_TAGS=100,prefix_length=72",EMDT,total_energy_uj,680.916415,49.942816,751.672225,13.843442,50
"TOTAL_TAGS=100,prefix_length=72",EMDT,total_listening_energy_uj,668.700815,49.880055,739.085825,13.826046,50
"TOTAL_TAGS=100,prefix_length=72",EMDT,total_transmission_energy_uj,12.215600,0.277337,12.564400,0.076874,50
"TOTAL_TAGS=100,prefix_length=72",EMDT,total_bits,15680.920000,272.856458,15882.200000,75.631951,50
"TOTAL_TAGS=100,prefix_length=72",EMDT,avg_tag_bits,127.641600,2.258480,128.000000,0.626019,50
"TOTAL_TAGS=100,prefix_length=72",EMDT,avg_reader_bits,29.167600,1.165055,30.822000,0.322937,50
"TOTAL_TAGS=100,prefix_length=72",EMDT,avg_total_bits,156.809200,2.728565,158.822000,0.756320,50
"TOTAL_TAGS=100,prefix_length=72",EMDT,avg_query_efficiency,1.972573,0.325049,2.439024,0.090099,50
"TOTAL_TAGS=100,prefix_length=72",EMDT,peak_stack_depth,21.180000,1.710591,23.000000,0.474152,50
"TOTAL_TAGS=100,prefix_length=72",EMDT,avg_tag_responses,3.735600,0.209442,3.995500,0.058054,50
"TOTAL_TAGS=100,prefix_length=72",HT_EEAC,total_protocol_time_ms,266.103300,26.802901,307.532250,7.429385,50
"TOTAL_TAGS=100,prefix_length=72",HT_EEAC,throughput_tags_per_sec,379.598263,38.766094,443.047602,10.745413,50
"TOTAL_TAGS=100,prefix_length=72",HT_EEAC,system_efficiency,0.179975,0.026266,0.223489,0.007281,50
"TOTAL_TAGS=100,prefix_length=72",HT_EEAC,collision_slots,22.840000,11.489765,42.000000,3.184800,50
"TOTAL_TAGS=100,prefix_length=72",HT_EEAC,idle_slots,444.160000,84.343893,581.200000,23.378934,50
"TOTAL_TAGS=100,prefix_length=72",HT_EEAC,total_energy_uj,1237.661800,89.413431,1380.852463,24.784139,50
"TOTAL_TAGS=100,prefix_length=72",HT_EEAC,total_listening_energy_uj,1206.931080,87.249741,1347.275662,24.184394,50
"TOTAL_TAGS=100,prefix_length=72",HT_EEAC,total_transmission_energy_uj,30.730720,3.515384,36.212400,0.974415,50
"TOTAL_TAGS=100,prefix_length=72",HT_EEAC,total_bits,24039.440000,1728.137657,26654.200000,479.015320,50
"TOTAL_TAGS=100,prefix_length=72",HT_EEAC,avg_tag_bits,115.654400,1.838362,118.720000,0.509568,50
"TOTAL_TAGS=100,prefix_length=72",HT_EEAC,avg_reader_bits,124.740000,17.698221,152.570000,4.905697,50
"TOTAL_TAGS=100,prefix_length=72",HT_EEAC,avg_total_bits,240.394400,17.281377,266.542000,4.790153,50
"TOTAL_TAGS=100,prefix_length=72",HT_EEAC,avg_query_efficiency,5.603995,2.931017,10.611111,0.812436,50
"TOTAL_TAGS=100,prefix_length=72",HT_EEAC,avg_tag_responses,11.425800,3.897933,16.993500,1.080452,50
"TOTAL_TAGS=100,prefix_length=72",LAPCT,total_protocol_time_ms,287.499375,0.570248,287.790312,0.158065,50
"TOTAL_TAGS=100,prefix_length=72",LAPCT,throughput_tags_per_sec,347.828188,0.691979,349.554864,0.191807,50
"TOTAL_TAGS=100,prefix_length=72",LAPCT,system_efficiency,0.478699,0.000836,0.480769,0.000232,50
"TOTAL_TAGS=100,prefix_length=72",LAPCT,collision_slots,108.880000,0.328261,109.000000,0.090989,50
"TOTAL_TAGS=100,prefix_length=72",LAPCT,idle_slots,0.020000,0.141421,0.000000,0.039200,50
"TOTAL_TAGS=100,prefix_length=72",LAPCT,total_energy_uj,1517.595330,5.904367,1525.063212,1.636607,50
"TOTAL_TAGS=100,prefix_length=72",LAPCT,total_listening_energy_uj,1471.183760,5.863577,1478.597887,1.625301,50
"TOTAL_TAGS=100,prefix_length=72",LAPCT,total_transmission_energy_uj,46.411570,0.089823,46.519925,0.024898,50
"TOTAL_TAGS=100,prefix_length=72",LAPCT,total_bits,30775.160000,96.069779,30943.050000,26.629184,50
"TOTAL_TAGS=100,prefix_length=72",LAPCT,avg_tag_bits,100.925000,0.987434,102.475000,0.273703,50
"TOTAL_TAGS=100,prefix_length=72",LAPCT,avg_reader_bits,206.826600,0.452826,207.156500,0.125517,50
"TOTAL_TAGS=100,prefix_length=72",LAPCT,avg_total_bits,307.751600,0.960698,309.430500,0.266292,50
"TOTAL_TAGS=100,prefix_length=72",LAPCT,avg_query_efficiency,0.918451,0.002788,0.925926,0.000773,50
"TOTAL_TAGS=100,prefix_length=72",LAPCT,peak_stack_depth,9.780000,0.815413,11.000000,0.226021,50
"TOTAL_TAGS=100,prefix_length=72",LAPCT,avg_tag_responses,5.978800,0.054759,6.065500,0.015178,50
"TOTAL_TAGS=100,prefix_length=72",NLHQT(n=2),total_protocol_time_ms,101.178800,3.026404,105.971875,0.838876,50
"TOTAL_TAGS=100,prefix_length=72",NLHQT(n=2),throughput_tags_per_sec,989.221337,29.766094,1033.852202,8.250740,50
"TOTAL_TAGS=100,prefix_length=72",NLHQT(n=2),system_efficiency,0.353144,0.010155,0.368393,0.002815,50
"TOTAL_TAGS=100,prefix_length=72",NLHQT(n=2),collision_slots,183.400000,8.134080,196.550000,2.254652,50
"TOTAL_TAGS=100,prefix_length=72",NLHQT(n=2),idle_slots,0.000000,0.000000,0.000000,0.000000,50
"TOTAL_TAGS=100,prefix_length=72",NLHQT(n=2),total_energy_uj,534.718400,15.083257,557.008962,4.180865,50
"TOTAL_TAGS=100,prefix_length=72",NLHQT(n=2),total_listening_energy_uj,520.761380,14.775119,542.400962,4.095454,50
"TOTAL_TAGS=100,prefix_length=72",NLHQT(n=2),total_transmission_energy_uj,13.957020,0.372498,14.562400,0.103251,50
"TOTAL_TAGS=100,prefix_length=72",NLHQT(n=2),total_bits,11365.080000,199.973553,11694.500000,55.429841,50
"TOTAL_TAGS=100,prefix_length=72",NLHQT(n=2),avg_tag_bits,58.487600,0.189818,58.800000,0.052615,50
"TOTAL_TAGS=100,prefix_length=72",NLHQT(n=2),avg_reader_bits,55.163200,1.816920,58.101000,0.503624,50
"TOTAL_TAGS=100,prefix_length=72",NLHQT(n=2),avg_total_bits,113.650800,1.999736,116.945000,0.554298,50
"TOTAL_TAGS=100,prefix_length=72",NLHQT(n=2),avg_query_efficiency,0.546312,0.024329,0.583265,0.006744,50
"TOTAL_TAGS=100,prefix_length=72",NLHQT(n=2),peak_stack_depth,10.800000,0.968904,12.550000,0.268567,50
"TOTAL_TAGS=100,prefix_length=72",NLHQT(n=2),avg_tag_responses,6.243800,0.094909,6.400000,0.026307,50
"TOTAL_TAGS=100,prefix_length=72",SGCT,total_protocol_time_ms,83.313625,3.846113,89.147188,1.066088,50
"TOTAL_TAGS=100,prefix_length=72",SGCT,throughput_tags_per_sec,1202.700955,53.529113,1270.325203,14.837513,50
"TOTAL_TAGS=100,prefix_length=72",SGCT,system_efficiency,0.973980,0.021185,1.000000,0.005872,50
"TOTAL_TAGS=100,prefix_length=72",SGCT,collision_slots,2.720000,2.277127,6.000000,0.631187,50
"TOTAL_TAGS=100,prefix_length=72",SGCT,idle_slots,0.000000,0.000000,0.000000,0.000000,50
"TOTAL_TAGS=100,prefix_length=72",SGCT,total_energy_uj,540.372082,3.497361,545.739531,0.969419,50
"TOTAL_TAGS=100,prefix_length=72",SGCT,total_listening_energy_uj,533.675483,2.946374,538.180831,0.816693,50
"TOTAL_TAGS=100,prefix_length=72",SGCT,total_transmission_energy_uj,6.696600,0.570343,7.564100,0.158091,50
"TOTAL_TAGS=100,prefix_length=72",SGCT,total_bits,5245.800000,302.217113,5706.000000,83.770310,50
"TOTAL_TAGS=100,prefix_length=72",SGCT,avg_tag_bits,25.300000,0.236333,25.740000,0.065508,50
"TOTAL_TAGS=100,prefix_length=72",SGCT,avg_reader_bits,27.158000,2.795083,31.451000,0.774758,50
"TOTAL_TAGS=100,prefix_length=72",SGCT,avg_total_bits,52.458000,3.022171,57.060000,0.837703,50
"TOTAL_TAGS=100,prefix_length=72",SGCT,avg_query_efficiency,50.450000,29.765338,100.000000,8.250531,50
"TOTAL_TAGS=100,prefix_length=72",SGCT,peak_stack_depth,1.400000,1.160577,3.000000,0.321696,50
"TOTAL_TAGS=100,prefix_length=72",SGCT,progressive_probe_count,1.360000,1.138563,3.000000,0.315594,50
"TOTAL_TAGS=100,prefix_length=72",SGCT,signature_grouping_trigger_count,2.280000,1.088718,4.000000,0.301777,50
"TOTAL_TAGS=100,prefix_length=72",SGCT,local_short_id_trigger_count,1.000000,0.000000,1.000000,0.000000,50
"TOTAL_TAGS=100,prefix_length=72",SGCT,signature_groups_pruned,4015.280000,16.349549,4041.000000,4.531864,50
"TOTAL_TAGS=100,prefix_length=72",SGCT,sparse_signature_groups,101.200000,1.106567,103.000000,0.306725,50
"TOTAL_TAGS=100,prefix_length=72",SGCT,signature_marker_bits,102.560000,2.177435,106.000000,0.603554,50
"TOTAL_TAGS=100,prefix_length=72",SGCT,signature_marker_tag_bits,102.560000,2.177435,106.000000,0.603554,50
"TOTAL_TAGS=100,prefix_length=72",SGCT,signature_non_idle_marker_count,101.200000,1.106567,103.000000,0.306725,50
"TOTAL_TAGS=100,prefix_length=72",SGCT,signature_collision_groups,1.360000,1.138563,3.000000,0.315594,50
"TOTAL_TAGS=100,prefix_length=72",SGCT,signature_singleton_groups,99.840000,0.548095,100.000000,0.151924,50
"TOTAL_TAGS=100,prefix_length=72",SGCT,low_d_fallback_count,0.080000,0.274048,1.000000,0.075962,50
"TOTAL_TAGS=100,prefix_length=72",SGCT,suffix_signature_trigger_count,1.000000,0.000000,1.000000,0.000000,50
"TOTAL_TAGS=100,prefix_length=72",SGCT,hash_short_id_round_count,0.000000,0.000000,0.000000,0.000000,50
"TOTAL_TAGS=100,prefix_length=72",SGCT,hash_short_id_split_count,0.000000,0.000000,0.000000,0.000000,50
"TOTAL_TAGS=100,prefix_length=72",SGCT,hash_short_id_collision_groups,0.000000,0.000000,0.000000,0.000000,50
"TOTAL_TAGS=100,prefix_length=72",SGCT,hash_short_id_singleton_groups,0.000000,0.000000,0.000000,0.000000,50
"TOTAL_TAGS=100,prefix_length=72",SGCT,small_cluster_guard_count,0.000000,0.000000,0.000000,0.000000,50
"TOTAL_TAGS=100,prefix_length=72",SGCT,max_signature_d,12.000000,0.000000,12.000000,0.000000,50
"TOTAL_TAGS=100,prefix_length=72",SGCT,epc_verification_count,100.000000,0.000000,100.000000,0.000000,50
"TOTAL_TAGS=100,prefix_length=72",SGCT,verify_fail_count,0.000000,0.000000,0.000000,0.000000,50
"TOTAL_TAGS=100,prefix_length=72",SGCT,avg_tag_responses,1.054400,0.045543,1.120000,0.012624,50
"TOTAL_TAGS=100,prefix_length=80",DQTA(k_max=3),total_protocol_time_ms,158.397875,9.935405,175.757312,2.753954,50
"TOTAL_TAGS=100,prefix_length=80",DQTA(k_max=3),throughput_tags_per_sec,633.766144,39.923530,698.726829,11.066238,50
"TOTAL_TAGS=100,prefix_length=80",DQTA(k_max=3),system_efficiency,0.343671,0.022628,0.374385,0.006272,50
"TOTAL_TAGS=100,prefix_length=80",DQTA(k_max=3),collision_slots,90.800000,6.262946,102.100000,1.736000,50
"TOTAL_TAGS=100,prefix_length=80",DQTA(k_max=3),idle_slots,101.420000,16.123364,122.550000,4.469168,50
"TOTAL_TAGS=100,prefix_length=80",DQTA(k_max=3),total_energy_uj,843.163100,55.301443,914.201519,15.328778,50
"TOTAL_TAGS=100,prefix_length=80",DQTA(k_max=3),total_listening_energy_uj,819.645610,54.023168,888.767169,14.974458,50
"TOTAL_TAGS=100,prefix_length=80",DQTA(k_max=3),total_transmission_energy_uj,23.517490,1.434664,26.099550,0.397669,50
"TOTAL_TAGS=100,prefix_length=80",DQTA(k_max=3),total_bits,16762.040000,778.694249,18200.150000,215.843034,50
"TOTAL_TAGS=100,prefix_length=80",DQTA(k_max=3),avg_tag_bits,66.710600,0.969215,68.498000,0.268653,50
"TOTAL_TAGS=100,prefix_length=80",DQTA(k_max=3),avg_reader_bits,100.909800,6.973621,113.300500,1.932989,50
"TOTAL_TAGS=100,prefix_length=80",DQTA(k_max=3),avg_total_bits,167.620400,7.786942,182.001500,2.158430,50
"TOTAL_TAGS=100,prefix_length=80",DQTA(k_max=3),avg_query_efficiency,1.106498,0.076891,1.234568,0.021313,50
"TOTAL_TAGS=100,prefix_length=80",DQTA(k_max=3),peak_stack_depth,11.160000,0.997139,13.000000,0.276393,50
"TOTAL_TAGS=100,prefix_length=80",DQTA(k_max=3),avg_tag_responses,2.939600,0.059760,3.050000,0.016565,50
"TOTAL_TAGS=100,prefix_length=80",DRCT,total_protocol_time_ms,316.557750,13.976854,339.167875,3.874186,50
"TOTAL_TAGS=100,prefix_length=80",DRCT,throughput_tags_per_sec,316.501461,13.959947,338.064118,3.869500,50
"TOTAL_TAGS=100,prefix_length=80",DRCT,system_efficiency,0.226886,0.008791,0.240385,0.002437,50
"TOTAL_TAGS=100,prefix_length=80",DRCT,collision_slots,219.700000,8.562495,233.550000,2.373403,50
"TOTAL_TAGS=100,prefix_length=80",DRCT,idle_slots,121.700000,8.562495,135.550000,2.373403,50
"TOTAL_TAGS=100,prefix_length=80",DRCT,total_energy_uj,2086.896990,73.718854,2220.114581,20.433824,50
"TOTAL_TAGS=100,prefix_length=80",DRCT,energy_per_tag_uj,20.868970,0.737189,22.201146,0.204338,50
"TOTAL_TAGS=100,prefix_length=80",DRCT,total_reader_tx_energy_uj,43.499520,2.018760,46.766100,0.559572,50
"TOTAL_TAGS=100,prefix_length=80",DRCT,total_tag_tx_energy_uj,18.033790,0.034705,18.082925,0.009620,50
"TOTAL_TAGS=100,prefix_length=80",DRCT,total_listening_energy_uj,2025.363680,71.942214,2155.586656,19.941364,50
"TOTAL_TAGS=100,prefix_length=80",DRCT,total_transmission_energy_uj,61.533310,2.046400,64.836925,0.567233,50
"TOTAL_TAGS=100,prefix_length=80",DRCT,total_bits,57817.340000,1065.280257,59524.700000,295.280622,50
"TOTAL_TAGS=100,prefix_length=80",DRCT,avg_tag_bits,360.675800,0.694092,361.658500,0.192392,50
"TOTAL_TAGS=100,prefix_length=80",DRCT,avg_reader_bits,217.497600,10.093799,233.830500,2.797858,50
"TOTAL_TAGS=100,prefix_length=80",DRCT,avg_total_bits,578.173400,10.652803,595.247000,2.952806,50
"TOTAL_TAGS=100,prefix_length=80",DRCT,avg_query_efficiency,0.455843,0.017742,0.483092,0.004918,50
"TOTAL_TAGS=100,prefix_length=80",DRCT,peak_stack_depth,6.240000,0.555492,7.000000,0.153975,50
"TOTAL_TAGS=100,prefix_length=80",DRCT,avg_tag_responses,87.927000,0.183295,88.221000,0.050807,50
"TOTAL_TAGS=100,prefix_length=80",EAQ_CBB,total_protocol_time_ms,285.076600,9.044503,297.171875,2.507008,50
"TOTAL_TAGS=100,prefix_length=80",EAQ_CBB,throughput_tags_per_sec,351.136171,11.373818,372.251504,3.152662,50
"TOTAL_TAGS=100,prefix_length=80",EAQ_CBB,system_efficiency,0.548552,0.017688,0.581395,0.004903,50
"TOTAL_TAGS=100,prefix_length=80",EAQ_CBB,collision_slots,82.480000,5.764919,90.000000,1.597954,50
"TOTAL_TAGS=100,prefix_length=80",EAQ_CBB,idle_slots,0.000000,0.000000,0.000000,0.000000,50
"TOTAL_TAGS=100,prefix_length=80",EAQ_CBB,total_energy_uj,1484.398670,49.660334,1550.182738,13.765142,50
"TOTAL_TAGS=100,prefix_length=80",EAQ_CBB,total_listening_energy_uj,1440.549770,48.463926,1505.192162,13.433515,50
"TOTAL_TAGS=100,prefix_length=80",EAQ_CBB,total_transmission_energy_uj,43.848900,1.366971,45.707525,0.378905,50
"TOTAL_TAGS=100,prefix_length=80",EAQ_CBB,total_bits,24104.280000,742.570193,25172.050000,205.829956,50
"TOTAL_TAGS=100,prefix_length=80",EAQ_CBB,avg_tag_bits,29.064400,1.025587,30.369500,0.284278,50
"TOTAL_TAGS=100,prefix_length=80",EAQ_CBB,avg_reader_bits,211.978400,6.646022,220.830000,1.842183,50
"TOTAL_TAGS=100,prefix_length=80",EAQ_CBB,avg_total_bits,241.042800,7.425702,251.720500,2.058300,50
"TOTAL_TAGS=100,prefix_length=80",EAQ_CBB,avg_query_efficiency,1.218546,0.089994,1.388889,0.024945,50
"TOTAL_TAGS=100,prefix_length=80",EAQ_CBB,peak_stack_depth,27.580000,1.213697,30.000000,0.336420,50
"TOTAL_TAGS=100,prefix_length=80",EAQ_CBB,avg_tag_responses,3.773200,0.132579,3.960000,0.036749,50
"TOTAL_TAGS=100,prefix_length=80",EMDT,total_protocol_time_ms,131.007950,9.944529,142.211750,2.756483,50
"TOTAL_TAGS=100,prefix_length=80",EMDT,throughput_tags_per_sec,767.034047,50.649025,828.005965,14.039194,50
"TOTAL_TAGS=100,prefix_length=80",EMDT,system_efficiency,0.611551,0.057452,0.682835,0.015925,50
"TOTAL_TAGS=100,prefix_length=80",EMDT,collision_slots,49.660000,11.477769,61.550000,3.181475,50
"TOTAL_TAGS=100,prefix_length=80",EMDT,idle_slots,15.560000,7.650957,26.650000,2.120737,50
"TOTAL_TAGS=100,prefix_length=80",EMDT,total_energy_uj,670.498540,60.977383,772.839450,16.902068,50
"TOTAL_TAGS=100,prefix_length=80",EMDT,total_listening_energy_uj,658.329660,60.913596,760.074850,16.884387,50
"TOTAL_TAGS=100,prefix_length=80",EMDT,total_transmission_energy_uj,12.168880,0.286429,12.608400,0.079394,50
"TOTAL_TAGS=100,prefix_length=80",EMDT,total_bits,15658.760000,274.082630,15904.200000,75.971829,50
"TOTAL_TAGS=100,prefix_length=80",EMDT,avg_tag_bits,127.657600,2.260203,128.000000,0.626496,50
"TOTAL_TAGS=100,prefix_length=80",EMDT,avg_reader_bits,28.930000,1.227928,31.042000,0.340364,50
"TOTAL_TAGS=100,prefix_length=80",EMDT,avg_total_bits,156.587600,2.740826,159.042000,0.759718,50
"TOTAL_TAGS=100,prefix_length=80",EMDT,avg_query_efficiency,2.090132,0.368219,2.670697,0.102065,50
"TOTAL_TAGS=100,prefix_length=80",EMDT,peak_stack_depth,21.060000,1.633951,23.000000,0.452908,50
"TOTAL_TAGS=100,prefix_length=80",EMDT,avg_tag_responses,3.675800,0.218782,3.955500,0.060643,50
"TOTAL_TAGS=100,prefix_length=80",HT_EEAC,total_protocol_time_ms,270.642600,25.072327,317.073000,6.949694,50
"TOTAL_TAGS=100,prefix_length=80",HT_EEAC,throughput_tags_per_sec,372.712320,35.754248,433.072301,9.910572,50
"TOTAL_TAGS=100,prefix_length=80",HT_EEAC,system_efficiency,0.175207,0.024170,0.217795,0.006700,50
"TOTAL_TAGS=100,prefix_length=80",HT_EEAC,collision_slots,22.080000,11.204664,41.100000,3.105774,50
"TOTAL_TAGS=100,prefix_length=80",HT_EEAC,idle_slots,458.640000,77.497271,589.050000,21.481147,50
"TOTAL_TAGS=100,prefix_length=80",HT_EEAC,total_energy_uj,1243.520695,93.335089,1382.449975,25.871167,50
"TOTAL_TAGS=100,prefix_length=80",HT_EEAC,total_listening_energy_uj,1212.192375,90.964980,1346.083575,25.214206,50
"TOTAL_TAGS=100,prefix_length=80",HT_EEAC,total_transmission_energy_uj,31.328320,3.279524,37.340400,0.909038,50
"TOTAL_TAGS=100,prefix_length=80",HT_EEAC,total_bits,24329.120000,1626.484234,27356.000000,450.838428,50
"TOTAL_TAGS=100,prefix_length=80",HT_EEAC,avg_tag_bits,115.532800,1.792746,118.576000,0.496924,50
"TOTAL_TAGS=100,prefix_length=80",HT_EEAC,avg_reader_bits,127.758400,16.466055,157.608000,4.564157,50
"TOTAL_TAGS=100,prefix_length=80",HT_EEAC,avg_total_bits,243.291200,16.264842,273.560000,4.508384,50
"TOTAL_TAGS=100,prefix_length=80",HT_EEAC,avg_query_efficiency,6.023815,3.771604,11.111111,1.045435,50
"TOTAL_TAGS=100,prefix_length=80",HT_EEAC,avg_tag_responses,12.382800,3.553420,16.773000,0.984958,50
"TOTAL_TAGS=100,prefix_length=80",LAPCT,total_protocol_time_ms,291.177600,0.792604,292.212250,0.219699,50
"TOTAL_TAGS=100,prefix_length=80",LAPCT,throughput_tags_per_sec,343.435513,0.937815,345.091611,0.259949,50
"TOTAL_TAGS=100,prefix_length=80",LAPCT,system_efficiency,0.478747,0.001196,0.480769,0.000332,50
"TOTAL_TAGS=100,prefix_length=80",LAPCT,collision_slots,108.820000,0.437526,109.000000,0.121276,50
"TOTAL_TAGS=100,prefix_length=80",LAPCT,idle_slots,0.060000,0.239898,0.550000,0.066496,50
"TOTAL_TAGS=100,prefix_length=80",LAPCT,total_energy_uj,1535.326642,6.895873,1543.038837,1.911438,50
"TOTAL_TAGS=100,prefix_length=80",LAPCT,total_listening_energy_uj,1489.490262,6.810104,1497.081463,1.887664,50
"TOTAL_TAGS=100,prefix_length=80",LAPCT,total_transmission_energy_uj,45.836380,0.119260,46.026800,0.033057,50
"TOTAL_TAGS=100,prefix_length=80",LAPCT,total_bits,27490.160000,76.116012,27655.050000,21.098282,50
"TOTAL_TAGS=100,prefix_length=80",LAPCT,avg_tag_bits,60.959600,0.591325,61.775500,0.163907,50
"TOTAL_TAGS=100,prefix_length=80",LAPCT,avg_reader_bits,213.942000,0.606956,214.787000,0.168240,50
"TOTAL_TAGS=100,prefix_length=80",LAPCT,avg_total_bits,274.901600,0.761160,276.550500,0.210983,50
"TOTAL_TAGS=100,prefix_length=80",LAPCT,avg_query_efficiency,0.918963,0.003730,0.925926,0.001034,50
"TOTAL_TAGS=100,prefix_length=80",LAPCT,peak_stack_depth,9.820000,0.896478,11.000000,0.248491,50
"TOTAL_TAGS=100,prefix_length=80",LAPCT,avg_tag_responses,5.971600,0.057618,6.070000,0.015971,50
"TOTAL_TAGS=100,prefix_length=80",NLHQT(n=2),total_protocol_time_ms,92.836850,2.345694,96.803500,0.650193,50
"TOTAL_TAGS=100,prefix_length=80",NLHQT(n=2),throughput_tags_per_sec,1077.827662,27.039967,1114.610090,7.495096,50
"TOTAL_TAGS=100,prefix_length=80",NLHQT(n=2),system_efficiency,0.352265,0.008490,0.364366,0.002353,50
"TOTAL_TAGS=100,prefix_length=80",NLHQT(n=2),collision_slots,184.040000,6.904479,196.550000,1.913824,50
"TOTAL_TAGS=100,prefix_length=80",NLHQT(n=2),idle_slots,0.000000,0.000000,0.000000,0.000000,50
"TOTAL_TAGS=100,prefix_length=80",NLHQT(n=2),total_energy_uj,494.742550,13.301123,514.548437,3.686883,50
"TOTAL_TAGS=100,prefix_length=80",NLHQT(n=2),total_listening_energy_uj,481.541790,13.056913,501.029288,3.619192,50
"TOTAL_TAGS=100,prefix_length=80",NLHQT(n=2),total_transmission_energy_uj,13.200760,0.312472,13.732350,0.086613,50
"TOTAL_TAGS=100,prefix_length=80",NLHQT(n=2),total_bits,9787.640000,167.937641,10074.000000,46.549939,50
"TOTAL_TAGS=100,prefix_length=80",NLHQT(n=2),avg_tag_bits,42.496800,0.165288,42.791000,0.045816,50
"TOTAL_TAGS=100,prefix_length=80",NLHQT(n=2),avg_reader_bits,55.379600,1.523602,57.969000,0.422321,50
"TOTAL_TAGS=100,prefix_length=80",NLHQT(n=2),avg_total_bits,97.876400,1.679376,100.740000,0.465499,50
"TOTAL_TAGS=100,prefix_length=80",NLHQT(n=2),avg_query_efficiency,0.544101,0.020173,0.573235,0.005592,50
"TOTAL_TAGS=100,prefix_length=80",NLHQT(n=2),peak_stack_depth,10.600000,0.925820,12.000000,0.256624,50
"TOTAL_TAGS=100,prefix_length=80",NLHQT(n=2),avg_tag_responses,6.255200,0.085505,6.400000,0.023701,50
"TOTAL_TAGS=100,prefix_length=80",SGCT,total_protocol_time_ms,76.753925,2.202398,79.930937,0.610474,50
"TOTAL_TAGS=100,prefix_length=80",SGCT,throughput_tags_per_sec,1303.896277,36.702927,1354.646437,10.173532,50
"TOTAL_TAGS=100,prefix_length=80",SGCT,system_efficiency,0.973504,0.018883,1.000000,0.005234,50
"TOTAL_TAGS=100,prefix_length=80",SGCT,collision_slots,2.760000,2.015856,6.000000,0.558767,50
"TOTAL_TAGS=100,prefix_length=80",SGCT,idle_slots,0.000000,0.000000,0.000000,0.000000,50
"TOTAL_TAGS=100,prefix_length=80",SGCT,total_energy_uj,515.566372,2.319890,519.687494,0.643041,50
"TOTAL_TAGS=100,prefix_length=80",SGCT,total_listening_energy_uj,509.485973,2.001358,513.007431,0.554748,50
"TOTAL_TAGS=100,prefix_length=80",SGCT,total_transmission_energy_uj,6.080400,0.335427,6.568000,0.092975,50
"TOTAL_TAGS=100,prefix_length=80",SGCT,total_bits,4320.300000,171.966685,4572.650000,47.666733,50
"TOTAL_TAGS=100,prefix_length=80",SGCT,avg_tag_bits,17.068000,0.076345,17.180000,0.021162,50
"TOTAL_TAGS=100,prefix_length=80",SGCT,avg_reader_bits,26.135000,1.663151,28.555500,0.461002,50
"TOTAL_TAGS=100,prefix_length=80",SGCT,avg_total_bits,43.203000,1.719667,45.726500,0.476667,50
"TOTAL_TAGS=100,prefix_length=80",SGCT,avg_query_efficiency,47.833333,27.947554,100.000000,7.746667,50
"TOTAL_TAGS=100,prefix_length=80",SGCT,peak_stack_depth,2.180000,1.304466,4.000000,0.361580,50
"TOTAL_TAGS=100,prefix_length=80",SGCT,progressive_probe_count,1.380000,1.007928,3.000000,0.279383,50
"TOTAL_TAGS=100,prefix_length=80",SGCT,signature_grouping_trigger_count,1.080000,0.274048,2.000000,0.075962,50
"TOTAL_TAGS=100,prefix_length=80",SGCT,local_short_id_trigger_count,1.000000,0.000000,1.000000,0.000000,50
"TOTAL_TAGS=100,prefix_length=80",SGCT,signature_groups_pruned,3998.500000,4.210046,4011.550000,1.166965,50
"TOTAL_TAGS=100,prefix_length=80",SGCT,sparse_signature_groups,98.780000,1.015995,100.000000,0.281619,50
"TOTAL_TAGS=100,prefix_length=80",SGCT,signature_marker_bits,100.160000,0.548095,102.000000,0.151924,50
"TOTAL_TAGS=100,prefix_length=80",SGCT,signature_marker_tag_bits,100.160000,0.548095,102.000000,0.151924,50
"TOTAL_TAGS=100,prefix_length=80",SGCT,signature_non_idle_marker_count,98.780000,1.015995,100.000000,0.281619,50
"TOTAL_TAGS=100,prefix_length=80",SGCT,signature_collision_groups,1.380000,1.007928,3.000000,0.279383,50
"TOTAL_TAGS=100,prefix_length=80",SGCT,signature_singleton_groups,97.400000,1.948312,100.000000,0.540044,50
"TOTAL_TAGS=100,prefix_length=80",SGCT,low_d_fallback_count,1.300000,0.974156,3.000000,0.270022,50
"TOTAL_TAGS=100,prefix_length=80",SGCT,suffix_signature_trigger_count,1.000000,0.000000,1.000000,0.000000,50
"TOTAL_TAGS=100,prefix_length=80",SGCT,hash_short_id_round_count,0.000000,0.000000,0.000000,0.000000,50
"TOTAL_TAGS=100,prefix_length=80",SGCT,hash_short_id_split_count,0.000000,0.000000,0.000000,0.000000,50
"TOTAL_TAGS=100,prefix_length=80",SGCT,hash_short_id_collision_groups,0.000000,0.000000,0.000000,0.000000,50
"TOTAL_TAGS=100,prefix_length=80",SGCT,hash_short_id_singleton_groups,0.000000,0.000000,0.000000,0.000000,50
"TOTAL_TAGS=100,prefix_length=80",SGCT,small_cluster_guard_count,0.000000,0.000000,0.000000,0.000000,50
"TOTAL_TAGS=100,prefix_length=80",SGCT,max_signature_d,12.000000,0.000000,12.000000,0.000000,50
"TOTAL_TAGS=100,prefix_length=80",SGCT,epc_verification_count,100.000000,0.000000,100.000000,0.000000,50
"TOTAL_TAGS=100,prefix_length=80",SGCT,verify_fail_count,0.000000,0.000000,0.000000,0.000000,50
"TOTAL_TAGS=100,prefix_length=80",SGCT,avg_tag_responses,1.055200,0.040317,1.120000,0.011175,50
"TOTAL_TAGS=100,prefix_length=88",DQTA(k_max=3),total_protocol_time_ms,139.043000,9.139992,156.237000,2.533477,50
"TOTAL_TAGS=100,prefix_length=88",DQTA(k_max=3),throughput_tags_per_sec,722.282215,48.001833,817.206297,13.305429,50
"TOTAL_TAGS=100,prefix_length=88",DQTA(k_max=3),system_efficiency,0.472347,0.023552,0.515464,0.006528,50
"TOTAL_TAGS=100,prefix_length=88",DQTA(k_max=3),collision_slots,81.400000,5.699982,92.100000,1.579954,50
"TOTAL_TAGS=100,prefix_length=88",DQTA(k_max=3),idle_slots,30.820000,5.864769,39.000000,1.625631,50
"TOTAL_TAGS=100,prefix_length=88",DQTA(k_max=3),total_energy_uj,745.560200,53.349028,852.185706,14.787596,50
"TOTAL_TAGS=100,prefix_length=88",DQTA(k_max=3),total_listening_energy_uj,725.209260,52.083704,829.302506,14.436866,50
"TOTAL_TAGS=100,prefix_length=88",DQTA(k_max=3),total_transmission_energy_uj,20.350940,1.347840,22.879350,0.373602,50
"TOTAL_TAGS=100,prefix_length=88",DQTA(k_max=3),total_bits,11790.280000,680.292765,13070.150000,188.567534,50
"TOTAL_TAGS=100,prefix_length=88",DQTA(k_max=3),avg_tag_bits,21.530800,0.123962,21.731000,0.034361,50
"TOTAL_TAGS=100,prefix_length=88",DQTA(k_max=3),avg_reader_bits,96.372000,6.718107,108.975500,1.862164,50
"TOTAL_TAGS=100,prefix_length=88",DQTA(k_max=3),avg_total_bits,117.902800,6.802928,130.701500,1.885675,50
"TOTAL_TAGS=100,prefix_length=88",DQTA(k_max=3),avg_query_efficiency,1.234483,0.087563,1.408451,0.024271,50
"TOTAL_TAGS=100,prefix_length=88",DQTA(k_max=3),peak_stack_depth,11.400000,1.010153,13.000000,0.280000,50
"TOTAL_TAGS=100,prefix_length=88",DQTA(k_max=3),avg_tag_responses,2.769200,0.043229,2.840000,0.011982,50
"TOTAL_TAGS=100,prefix_length=88",DRCT,total_protocol_time_ms,289.961800,6.142905,299.636937,1.702727,50
"TOTAL_TAGS=100,prefix_length=88",DRCT,throughput_tags_per_sec,345.024030,7.275264,353.863319,2.016600,50
"TOTAL_TAGS=100,prefix_length=88",DRCT,system_efficiency,0.250279,0.004475,0.255822,0.001240,50
"TOTAL_TAGS=100,prefix_length=88",DRCT,collision_slots,198.840000,3.587734,204.550000,0.994469,50
"TOTAL_TAGS=100,prefix_length=88",DRCT,idle_slots,100.840000,3.587734,106.550000,0.994469,50
"TOTAL_TAGS=100,prefix_length=88",DRCT,total_energy_uj,2020.883545,39.472858,2087.607806,10.941318,50
"TOTAL_TAGS=100,prefix_length=88",DRCT,energy_per_tag_uj,20.208836,0.394729,20.876078,0.109413,50
"TOTAL_TAGS=100,prefix_length=88",DRCT,total_reader_tx_energy_uj,40.253400,0.886179,41.646800,0.245636,50
"TOTAL_TAGS=100,prefix_length=88",DRCT,total_tag_tx_energy_uj,19.078020,0.012629,19.099050,0.003501,50
"TOTAL_TAGS=100,prefix_length=88",DRCT,total_listening_energy_uj,1961.552125,38.697306,2027.048981,10.726346,50
"TOTAL_TAGS=100,prefix_length=88",DRCT,total_transmission_energy_uj,59.331420,0.897031,60.739725,0.248644,50
"TOTAL_TAGS=100,prefix_length=88",DRCT,total_bits,58282.740000,464.928821,59009.250000,128.871694,50
"TOTAL_TAGS=100,prefix_length=88",DRCT,avg_tag_bits,381.560400,0.252578,381.981000,0.070011,50
"TOTAL_TAGS=100,prefix_length=88",DRCT,avg_reader_bits,201.267000,4.430895,208.234000,1.228182,50
"TOTAL_TAGS=100,prefix_length=88",DRCT,avg_total_bits,582.827400,4.649288,590.092500,1.288717,50
"TOTAL_TAGS=100,prefix_length=88",DRCT,avg_query_efficiency,0.503077,0.009039,0.514274,0.002506,50
"TOTAL_TAGS=100,prefix_length=88",DRCT,peak_stack_depth,6.200000,0.451754,7.000000,0.125220,50
"TOTAL_TAGS=100,prefix_length=88",DRCT,avg_tag_responses,95.143400,0.076947,95.251000,0.021329,50
"TOTAL_TAGS=100,prefix_length=88",EAQ_CBB,total_protocol_time_ms,288.635700,9.828978,305.406687,2.724454,50
"TOTAL_TAGS=100,prefix_length=88",EAQ_CBB,throughput_tags_per_sec,346.849620,11.760707,363.314743,3.259902,50
"TOTAL_TAGS=100,prefix_length=88",EAQ_CBB,system_efficiency,0.553193,0.018141,0.578388,0.005028,50
"TOTAL_TAGS=100,prefix_length=88",EAQ_CBB,collision_slots,80.960000,5.955481,91.100000,1.650775,50
"TOTAL_TAGS=100,prefix_length=88",EAQ_CBB,idle_slots,0.000000,0.000000,0.000000,0.000000,50
"TOTAL_TAGS=100,prefix_length=88",EAQ_CBB,total_energy_uj,1503.942995,58.769069,1597.803512,16.289955,50
"TOTAL_TAGS=100,prefix_length=88",EAQ_CBB,total_listening_energy_uj,1459.733345,57.466177,1551.772925,15.928812,50
"TOTAL_TAGS=100,prefix_length=88",EAQ_CBB,total_transmission_energy_uj,44.209650,1.489489,46.750900,0.412865,50
"TOTAL_TAGS=100,prefix_length=88",EAQ_CBB,total_bits,23439.060000,769.954025,24759.500000,213.420367,50
"TOTAL_TAGS=100,prefix_length=88",EAQ_CBB,avg_tag_bits,17.789800,0.568505,18.686500,0.157582,50
"TOTAL_TAGS=100,prefix_length=88",EAQ_CBB,avg_reader_bits,216.600800,7.366980,229.141000,2.042023,50
"TOTAL_TAGS=100,prefix_length=88",EAQ_CBB,avg_total_bits,234.390600,7.699540,247.595000,2.134204,50
"TOTAL_TAGS=100,prefix_length=88",EAQ_CBB,avg_query_efficiency,1.241728,0.091255,1.371997,0.025295,50
"TOTAL_TAGS=100,prefix_length=88",EAQ_CBB,peak_stack_depth,27.600000,1.277753,29.550000,0.354175,50
"TOTAL_TAGS=100,prefix_length=88",EAQ_CBB,avg_tag_responses,3.728400,0.132609,3.951000,0.036757,50
"TOTAL_TAGS=100,prefix_length=88",EMDT,total_protocol_time_ms,132.993600,11.029878,145.771250,3.057326,50
"TOTAL_TAGS=100,prefix_length=88",EMDT,throughput_tags_per_sec,756.546056,57.643924,850.656839,15.978081,50
"TOTAL_TAGS=100,prefix_length=88",EMDT,system_efficiency,0.599825,0.066233,0.712006,0.018359,50
"TOTAL_TAGS=100,prefix_length=88",EMDT,collision_slots,52.080000,13.072545,65.000000,3.623525,50
"TOTAL_TAGS=100,prefix_length=88",EMDT,idle_slots,16.880000,8.419220,28.550000,2.333689,50
"TOTAL_TAGS=100,prefix_length=88",EMDT,total_energy_uj,681.907625,61.950289,775.438675,17.171744,50
"TOTAL_TAGS=100,prefix_length=88",EMDT,total_listening_energy_uj,669.743625,61.934175,762.821475,17.167277,50
"TOTAL_TAGS=100,prefix_length=88",EMDT,total_transmission_energy_uj,12.164000,0.421917,12.736000,0.116949,50
"TOTAL_TAGS=100,prefix_length=88",EMDT,total_bits,15631.840000,417.662072,15968.000000,115.770020,50
"TOTAL_TAGS=100,prefix_length=88",EMDT,avg_tag_bits,127.331200,3.162010,128.000000,0.876464,50
"TOTAL_TAGS=100,prefix_length=88",EMDT,avg_reader_bits,28.987200,1.618227,31.680000,0.448550,50
"TOTAL_TAGS=100,prefix_length=88",EMDT,avg_total_bits,156.318400,4.176621,159.680000,1.157700,50
"TOTAL_TAGS=100,prefix_length=88",EMDT,avg_query_efficiency,2.020678,0.448483,2.857143,0.124313,50
"TOTAL_TAGS=100,prefix_length=88",EMDT,peak_stack_depth,20.760000,1.709040,23.000000,0.473722,50
"TOTAL_TAGS=100,prefix_length=88",EMDT,avg_tag_responses,3.725600,0.240757,3.995500,0.066734,50
"TOTAL_TAGS=100,prefix_length=88",HT_EEAC,total_protocol_time_ms,261.943200,29.207703,309.374250,8.095962,50
"TOTAL_TAGS=100,prefix_length=88",HT_EEAC,throughput_tags_per_sec,386.462013,43.318259,450.368463,12.007209,50
"TOTAL_TAGS=100,prefix_length=88",HT_EEAC,system_efficiency,0.184711,0.029312,0.230763,0.008125,50
"TOTAL_TAGS=100,prefix_length=88",HT_EEAC,collision_slots,23.160000,12.628701,45.000000,3.500497,50
"TOTAL_TAGS=100,prefix_length=88",HT_EEAC,idle_slots,431.400000,85.603977,569.050000,23.728212,50
"TOTAL_TAGS=100,prefix_length=88",HT_EEAC,total_energy_uj,1219.850470,87.520501,1358.648888,24.259445,50
"TOTAL_TAGS=100,prefix_length=88",HT_EEAC,total_listening_energy_uj,1189.664550,84.638046,1323.688950,23.460469,50
"TOTAL_TAGS=100,prefix_length=88",HT_EEAC,total_transmission_energy_uj,30.185920,3.794213,36.409400,1.051702,50
"TOTAL_TAGS=100,prefix_length=88",HT_EEAC,total_bits,23770.880000,1922.458976,26770.600000,532.878441,50
"TOTAL_TAGS=100,prefix_length=88",HT_EEAC,avg_tag_bits,115.705600,2.020592,119.200000,0.560080,50
"TOTAL_TAGS=100,prefix_length=88",HT_EEAC,avg_reader_bits,122.003200,18.912802,152.955000,5.242361,50
"TOTAL_TAGS=100,prefix_length=88",HT_EEAC,avg_total_bits,237.708800,19.224590,267.706000,5.328784,50
"TOTAL_TAGS=100,prefix_length=88",HT_EEAC,avg_query_efficiency,5.701894,2.960018,10.000000,0.820475,50
"TOTAL_TAGS=100,prefix_length=88",HT_EEAC,avg_tag_responses,11.210200,3.270827,16.193000,0.906627,50
"TOTAL_TAGS=100,prefix_length=88",LAPCT,total_protocol_time_ms,294.583375,0.468794,294.789688,0.129943,50
"TOTAL_TAGS=100,prefix_length=88",LAPCT,throughput_tags_per_sec,339.463316,0.542478,341.067028,0.150367,50
"TOTAL_TAGS=100,prefix_length=88",LAPCT,system_efficiency,0.478699,0.000697,0.480769,0.000193,50
"TOTAL_TAGS=100,prefix_length=88",LAPCT,collision_slots,108.900000,0.303046,109.000000,0.084000,50
"TOTAL_TAGS=100,prefix_length=88",LAPCT,idle_slots,0.000000,0.000000,0.000000,0.000000,50
"TOTAL_TAGS=100,prefix_length=88",LAPCT,total_energy_uj,1550.238883,7.233262,1559.346681,2.004958,50
"TOTAL_TAGS=100,prefix_length=88",LAPCT,total_listening_energy_uj,1505.019762,7.182479,1514.099581,1.990882,50
"TOTAL_TAGS=100,prefix_length=88",LAPCT,total_transmission_energy_uj,45.219120,0.070338,45.256050,0.019497,50
"TOTAL_TAGS=100,prefix_length=88",LAPCT,total_bits,24271.260000,35.579064,24294.100000,9.862013,50
"TOTAL_TAGS=100,prefix_length=88",LAPCT,avg_tag_bits,22.156000,0.102778,22.290000,0.028489,50
"TOTAL_TAGS=100,prefix_length=88",LAPCT,avg_reader_bits,220.556600,0.354065,220.755500,0.098142,50
"TOTAL_TAGS=100,prefix_length=88",LAPCT,avg_total_bits,242.712600,0.355791,242.941000,0.098620,50
"TOTAL_TAGS=100,prefix_length=88",LAPCT,avg_query_efficiency,0.918281,0.002574,0.925926,0.000714,50
"TOTAL_TAGS=100,prefix_length=88",LAPCT,peak_stack_depth,9.520000,0.579937,10.000000,0.160750,50
"TOTAL_TAGS=100,prefix_length=88",LAPCT,avg_tag_responses,5.864800,0.037156,5.920000,0.010299,50
"TOTAL_TAGS=100,prefix_length=88",NLHQT(n=2),total_protocol_time_ms,72.855250,1.270776,75.307875,0.352241,50
"TOTAL_TAGS=100,prefix_length=88",NLHQT(n=2),throughput_tags_per_sec,1372.993591,23.929004,1416.958538,6.632782,50
"TOTAL_TAGS=100,prefix_length=88",NLHQT(n=2),system_efficiency,0.393533,0.004422,0.401606,0.001226,50
"TOTAL_TAGS=100,prefix_length=88",NLHQT(n=2),collision_slots,154.140000,2.857214,159.550000,0.791979,50
"TOTAL_TAGS=100,prefix_length=88",NLHQT(n=2),idle_slots,0.000000,0.000000,0.000000,0.000000,50
"TOTAL_TAGS=100,prefix_length=88",NLHQT(n=2),total_energy_uj,388.551180,6.654001,398.325562,1.844395,50
"TOTAL_TAGS=100,prefix_length=88",NLHQT(n=2),total_listening_energy_uj,378.053280,6.498069,387.554562,1.801173,50
"TOTAL_TAGS=100,prefix_length=88",NLHQT(n=2),total_transmission_energy_uj,10.497900,0.169810,10.825000,0.047069,50
"TOTAL_TAGS=100,prefix_length=88",NLHQT(n=2),total_bits,7048.800000,84.901864,7212.500000,23.533596,50
"TOTAL_TAGS=100,prefix_length=88",NLHQT(n=2),avg_tag_bits,23.998000,0.006061,24.000000,0.001680,50
"TOTAL_TAGS=100,prefix_length=88",NLHQT(n=2),avg_reader_bits,46.490000,0.849069,48.125000,0.235350,50
"TOTAL_TAGS=100,prefix_length=88",NLHQT(n=2),avg_total_bits,70.488000,0.849019,72.125000,0.235336,50
"TOTAL_TAGS=100,prefix_length=88",NLHQT(n=2),avg_query_efficiency,0.648979,0.012023,0.671141,0.003333,50
"TOTAL_TAGS=100,prefix_length=88",NLHQT(n=2),peak_stack_depth,10.880000,0.659004,12.000000,0.182666,50
"TOTAL_TAGS=100,prefix_length=88",NLHQT(n=2),avg_tag_responses,5.768200,0.042890,5.840000,0.011888,50
"TOTAL_TAGS=100,prefix_length=88",SGCT,total_protocol_time_ms,44.570000,0.000000,44.570000,0.000000,50
"TOTAL_TAGS=100,prefix_length=88",SGCT,throughput_tags_per_sec,2243.661656,0.000000,2243.661656,0.000000,50
"TOTAL_TAGS=100,prefix_length=88",SGCT,system_efficiency,1.000000,0.000000,1.000000,0.000000,50
"TOTAL_TAGS=100,prefix_length=88",SGCT,collision_slots,0.000000,0.000000,0.000000,0.000000,50
"TOTAL_TAGS=100,prefix_length=88",SGCT,idle_slots,0.000000,0.000000,0.000000,0.000000,50
"TOTAL_TAGS=100,prefix_length=88",SGCT,total_energy_uj,245.104500,0.000000,245.104500,0.000000,50
"TOTAL_TAGS=100,prefix_length=88",SGCT,total_listening_energy_uj,239.912500,0.000000,239.912500,0.000000,50
"TOTAL_TAGS=100,prefix_length=88",SGCT,total_transmission_energy_uj,5.192000,0.000000,5.192000,0.000000,50
"TOTAL_TAGS=100,prefix_length=88",SGCT,total_bits,3271.000000,0.000000,3271.000000,0.000000,50
"TOTAL_TAGS=100,prefix_length=88",SGCT,avg_tag_bits,9.000000,0.000000,9.000000,0.000000,50
"TOTAL_TAGS=100,prefix_length=88",SGCT,avg_reader_bits,23.710000,0.000000,23.710000,0.000000,50
"TOTAL_TAGS=100,prefix_length=88",SGCT,avg_total_bits,32.710000,0.000000,32.710000,0.000000,50
"TOTAL_TAGS=100,prefix_length=88",SGCT,avg_query_efficiency,100.000000,0.000000,100.000000,0.000000,50
"TOTAL_TAGS=100,prefix_length=88",SGCT,peak_stack_depth,0.000000,0.000000,0.000000,0.000000,50
"TOTAL_TAGS=100,prefix_length=88",SGCT,progressive_probe_count,0.000000,0.000000,0.000000,0.000000,50
"TOTAL_TAGS=100,prefix_length=88",SGCT,signature_grouping_trigger_count,1.000000,0.000000,1.000000,0.000000,50
"TOTAL_TAGS=100,prefix_length=88",SGCT,local_short_id_trigger_count,1.000000,0.000000,1.000000,0.000000,50
"TOTAL_TAGS=100,prefix_length=88",SGCT,signature_groups_pruned,156.000000,0.000000,156.000000,0.000000,50
"TOTAL_TAGS=100,prefix_length=88",SGCT,sparse_signature_groups,100.000000,0.000000,100.000000,0.000000,50
"TOTAL_TAGS=100,prefix_length=88",SGCT,signature_marker_bits,100.000000,0.000000,100.000000,0.000000,50
"TOTAL_TAGS=100,prefix_length=88",SGCT,signature_marker_tag_bits,100.000000,0.000000,100.000000,0.000000,50
"TOTAL_TAGS=100,prefix_length=88",SGCT,signature_non_idle_marker_count,100.000000,0.000000,100.000000,0.000000,50
"TOTAL_TAGS=100,prefix_length=88",SGCT,signature_collision_groups,0.000000,0.000000,0.000000,0.000000,50
"TOTAL_TAGS=100,prefix_length=88",SGCT,signature_singleton_groups,100.000000,0.000000,100.000000,0.000000,50
"TOTAL_TAGS=100,prefix_length=88",SGCT,low_d_fallback_count,0.000000,0.000000,0.000000,0.000000,50
"TOTAL_TAGS=100,prefix_length=88",SGCT,suffix_signature_trigger_count,1.000000,0.000000,1.000000,0.000000,50
"TOTAL_TAGS=100,prefix_length=88",SGCT,hash_short_id_round_count,0.000000,0.000000,0.000000,0.000000,50
"TOTAL_TAGS=100,prefix_length=88",SGCT,hash_short_id_split_count,0.000000,0.000000,0.000000,0.000000,50
"TOTAL_TAGS=100,prefix_length=88",SGCT,hash_short_id_collision_groups,0.000000,0.000000,0.000000,0.000000,50
"TOTAL_TAGS=100,prefix_length=88",SGCT,hash_short_id_singleton_groups,0.000000,0.000000,0.000000,0.000000,50
"TOTAL_TAGS=100,prefix_length=88",SGCT,small_cluster_guard_count,0.000000,0.000000,0.000000,0.000000,50
"TOTAL_TAGS=100,prefix_length=88",SGCT,max_signature_d,8.000000,0.000000,8.000000,0.000000,50
"TOTAL_TAGS=100,prefix_length=88",SGCT,epc_verification_count,100.000000,0.000000,100.000000,0.000000,50
"TOTAL_TAGS=100,prefix_length=88",SGCT,verify_fail_count,0.000000,0.000000,0.000000,0.000000,50
"TOTAL_TAGS=100,prefix_length=88",SGCT,avg_tag_responses,1.000000,0.000000,1.000000,0.000000,50
"TOTAL_TAGS=1000,prefix_length=0",DQTA(k_max=3),total_protocol_time_ms,1635.941900,19.921120,1672.982375,5.521853,50
"TOTAL_TAGS=1000,prefix_length=0",DQTA(k_max=3),throughput_tags_per_sec,611.356960,7.400748,622.452423,2.051383,50
"TOTAL_TAGS=1000,prefix_length=0",DQTA(k_max=3),system_efficiency,0.333498,0.005712,0.342062,0.001583,50
"TOTAL_TAGS=1000,prefix_length=0",DQTA(k_max=3),collision_slots,925.320000,18.420751,960.100000,5.105972,50
"TOTAL_TAGS=1000,prefix_length=0",DQTA(k_max=3),idle_slots,1074.060000,44.464345,1130.550000,12.324888,50
"TOTAL_TAGS=1000,prefix_length=0",DQTA(k_max=3),total_energy_uj,83125.761927,1143.023923,85126.650156,316.830067,50
"TOTAL_TAGS=1000,prefix_length=0",DQTA(k_max=3),total_listening_energy_uj,82700.642898,1140.465890,84699.002756,316.121016,50
"TOTAL_TAGS=1000,prefix_length=0",DQTA(k_max=3),total_transmission_energy_uj,425.119030,3.045896,430.695800,0.844279,50
"TOTAL_TAGS=1000,prefix_length=0",DQTA(k_max=3),total_bits,758167.340000,4220.531172,765707.950000,1169.871555,50
"TOTAL_TAGS=1000,prefix_length=0",DQTA(k_max=3),avg_tag_bits,727.477100,3.621785,733.813400,1.003908,50
"TOTAL_TAGS=1000,prefix_length=0",DQTA(k_max=3),avg_reader_bits,30.690240,0.658937,31.941300,0.182648,50
"TOTAL_TAGS=1000,prefix_length=0",DQTA(k_max=3),avg_total_bits,758.167340,4.220531,765.707950,1.169872,50
"TOTAL_TAGS=1000,prefix_length=0",DQTA(k_max=3),avg_query_efficiency,1.081123,0.021323,1.111236,0.005910,50
"TOTAL_TAGS=1000,prefix_length=0",DQTA(k_max=3),peak_stack_depth,19.140000,0.857381,21.000000,0.237654,50
"TOTAL_TAGS=1000,prefix_length=0",DQTA(k_max=3),avg_tag_responses,4.052340,0.021696,4.090050,0.006014,50
"TOTAL_TAGS=1000,prefix_length=0",DRCT,total_protocol_time_ms,1478.403150,13.931979,1499.349062,3.861748,50
"TOTAL_TAGS=1000,prefix_length=0",DRCT,throughput_tags_per_sec,676.464304,6.369508,685.533007,1.765537,50
"TOTAL_TAGS=1000,prefix_length=0",DRCT,system_efficiency,0.347195,0.005118,0.354271,0.001419,50
"TOTAL_TAGS=1000,prefix_length=0",DRCT,collision_slots,1439.420000,21.260378,1469.650000,5.893076,50
"TOTAL_TAGS=1000,prefix_length=0",DRCT,idle_slots,441.420000,21.260378,471.650000,5.893076,50
"TOTAL_TAGS=1000,prefix_length=0",DRCT,total_energy_uj,74392.067855,990.212230,76000.904719,274.472827,50
"TOTAL_TAGS=1000,prefix_length=0",DRCT,energy_per_tag_uj,74.392068,0.990212,76.000905,0.274473,50
"TOTAL_TAGS=1000,prefix_length=0",DRCT,total_reader_tx_energy_uj,105.409320,1.649507,107.769900,0.457220,50
"TOTAL_TAGS=1000,prefix_length=0",DRCT,total_tag_tx_energy_uj,69.243970,0.513356,70.006975,0.142295,50
"TOTAL_TAGS=1000,prefix_length=0",DRCT,total_listening_energy_uj,74217.414565,988.792354,75824.024669,274.079257,50
"TOTAL_TAGS=1000,prefix_length=0",DRCT,total_transmission_energy_uj,174.653290,1.787396,177.517650,0.495441,50
"TOTAL_TAGS=1000,prefix_length=0",DRCT,total_bits,191192.600000,1394.535765,193390.900000,386.545593,50
"TOTAL_TAGS=1000,prefix_length=0",DRCT,avg_tag_bits,138.487940,1.026711,140.013950,0.284590,50
"TOTAL_TAGS=1000,prefix_length=0",DRCT,avg_reader_bits,52.704660,0.824754,53.884950,0.228610,50
"TOTAL_TAGS=1000,prefix_length=0",DRCT,avg_total_bits,191.192600,1.394536,193.390900,0.386546,50
"TOTAL_TAGS=1000,prefix_length=0",DRCT,avg_query_efficiency,0.694873,0.010250,0.709045,0.002841,50
"TOTAL_TAGS=1000,prefix_length=0",DRCT,peak_stack_depth,9.520000,0.543609,10.000000,0.150681,50
"TOTAL_TAGS=1000,prefix_length=0",DRCT,avg_tag_responses,11.296500,0.049771,11.385300,0.013796,50
"TOTAL_TAGS=1000,prefix_length=0",EAQ_CBB,total_protocol_time_ms,2235.353450,15.984239,2258.569188,4.430605,50
"TOTAL_TAGS=1000,prefix_length=0",EAQ_CBB,throughput_tags_per_sec,447.379028,3.208184,453.242057,0.889263,50
"TOTAL_TAGS=1000,prefix_length=0",EAQ_CBB,system_efficiency,0.546939,0.005851,0.557476,0.001622,50
"TOTAL_TAGS=1000,prefix_length=0",EAQ_CBB,collision_slots,828.560000,19.479094,857.100000,5.399329,50
"TOTAL_TAGS=1000,prefix_length=0",EAQ_CBB,idle_slots,0.000000,0.000000,0.000000,0.000000,50
"TOTAL_TAGS=1000,prefix_length=0",EAQ_CBB,total_energy_uj,112111.422627,865.109923,113441.072956,239.796237,50
"TOTAL_TAGS=1000,prefix_length=0",EAQ_CBB,total_listening_energy_uj,111748.923878,863.254565,113075.553856,239.281958,50
"TOTAL_TAGS=1000,prefix_length=0",EAQ_CBB,total_transmission_energy_uj,362.498750,2.344666,366.088825,0.649908,50
"TOTAL_TAGS=1000,prefix_length=0",EAQ_CBB,total_bits,286585.900000,2684.884714,290761.250000,744.212074,50
"TOTAL_TAGS=1000,prefix_length=0",EAQ_CBB,avg_tag_bits,140.448700,2.046057,143.624550,0.567138,50
"TOTAL_TAGS=1000,prefix_length=0",EAQ_CBB,avg_reader_bits,146.137200,0.690077,147.139700,0.191280,50
"TOTAL_TAGS=1000,prefix_length=0",EAQ_CBB,avg_total_bits,286.585900,2.684885,290.761250,0.744212,50
"TOTAL_TAGS=1000,prefix_length=0",EAQ_CBB,avg_query_efficiency,1.207574,0.028676,1.259771,0.007949,50
"TOTAL_TAGS=1000,prefix_length=0",EAQ_CBB,peak_stack_depth,248.700000,2.501020,252.000000,0.693247,50
"TOTAL_TAGS=1000,prefix_length=0",EAQ_CBB,avg_tag_responses,3.782480,0.043724,3.851300,0.012120,50
"TOTAL_TAGS=1000,prefix_length=0",EMDT,total_protocol_time_ms,1330.627000,33.169501,1381.873750,9.194117,50
"TOTAL_TAGS=1000,prefix_length=0",EMDT,throughput_tags_per_sec,751.980867,18.654752,782.334673,5.170833,50
"TOTAL_TAGS=1000,prefix_length=0",EMDT,system_efficiency,0.568794,0.024541,0.611560,0.006802,50
"TOTAL_TAGS=1000,prefix_length=0",EMDT,collision_slots,555.200000,37.921509,612.450000,10.511306,50
"TOTAL_TAGS=1000,prefix_length=0",EMDT,idle_slots,206.120000,39.165603,260.550000,10.856151,50
"TOTAL_TAGS=1000,prefix_length=0",EMDT,total_energy_uj,66568.922890,1701.293358,69167.605988,471.574460,50
"TOTAL_TAGS=1000,prefix_length=0",EMDT,total_listening_energy_uj,66443.176890,1702.571875,69042.557587,471.928846,50
"TOTAL_TAGS=1000,prefix_length=0",EMDT,total_transmission_energy_uj,125.746000,2.653746,130.058600,0.735581,50
"TOTAL_TAGS=1000,prefix_length=0",EMDT,total_bits,167499.080000,2556.406317,171552.100000,708.599679,50
"TOTAL_TAGS=1000,prefix_length=0",EMDT,avg_tag_bits,139.501440,1.681038,142.148800,0.465960,50
"TOTAL_TAGS=1000,prefix_length=0",EMDT,avg_reader_bits,27.997640,0.935694,29.450300,0.259361,50
"TOTAL_TAGS=1000,prefix_length=0",EMDT,avg_total_bits,167.499080,2.556406,171.552100,0.708600,50
"TOTAL_TAGS=1000,prefix_length=0",EMDT,avg_query_efficiency,1.809387,0.123529,2.018367,0.034241,50
"TOTAL_TAGS=1000,prefix_length=0",EMDT,peak_stack_depth,34.240000,1.532771,37.000000,0.424863,50
"TOTAL_TAGS=1000,prefix_length=0",EMDT,avg_tag_responses,4.524260,0.059125,4.637400,0.016389,50
"TOTAL_TAGS=1000,prefix_length=0",HT_EEAC,total_protocol_time_ms,2623.246200,51.638044,2709.298500,14.313336,50
"TOTAL_TAGS=1000,prefix_length=0",HT_EEAC,throughput_tags_per_sec,381.351528,7.491138,394.166298,2.076437,50
"TOTAL_TAGS=1000,prefix_length=0",HT_EEAC,system_efficiency,0.211163,0.005611,0.221145,0.001555,50
"TOTAL_TAGS=1000,prefix_length=0",HT_EEAC,collision_slots,2532.060000,99.425577,2730.200000,27.559364,50
"TOTAL_TAGS=1000,prefix_length=0",HT_EEAC,idle_slots,1206.900000,88.649793,1322.950000,24.572469,50
"TOTAL_TAGS=1000,prefix_length=0",HT_EEAC,total_energy_uj,148787.192575,4205.253789,155943.324625,1165.636881,50
"TOTAL_TAGS=1000,prefix_length=0",HT_EEAC,total_listening_energy_uj,148502.421855,4200.335149,155649.917025,1164.273503,50
"TOTAL_TAGS=1000,prefix_length=0",HT_EEAC,total_transmission_energy_uj,284.770720,6.126385,294.764400,1.698147,50
"TOTAL_TAGS=1000,prefix_length=0",HT_EEAC,total_bits,256770.080000,4057.839597,263716.400000,1124.775751,50
"TOTAL_TAGS=1000,prefix_length=0",HT_EEAC,avg_tag_bits,152.512960,1.590809,155.683200,0.440950,50
"TOTAL_TAGS=1000,prefix_length=0",HT_EEAC,avg_reader_bits,104.257120,2.766739,108.640400,0.766901,50
"TOTAL_TAGS=1000,prefix_length=0",HT_EEAC,avg_total_bits,256.770080,4.057840,263.716400,1.124776,50
"TOTAL_TAGS=1000,prefix_length=0",HT_EEAC,avg_query_efficiency,0.395521,0.015242,0.418832,0.004225,50
"TOTAL_TAGS=1000,prefix_length=0",HT_EEAC,avg_tag_responses,84.110320,11.854819,104.441150,3.285988,50
"TOTAL_TAGS=1000,prefix_length=0",LAPCT,total_protocol_time_ms,2569.729150,0.256650,2570.158438,0.071140,50
"TOTAL_TAGS=1000,prefix_length=0",LAPCT,throughput_tags_per_sec,389.146074,0.038864,389.196442,0.010772,50
"TOTAL_TAGS=1000,prefix_length=0",LAPCT,system_efficiency,0.490139,0.000255,0.490436,0.000071,50
"TOTAL_TAGS=1000,prefix_length=0",LAPCT,collision_slots,1040.240000,1.060612,1041.000000,0.293987,50
"TOTAL_TAGS=1000,prefix_length=0",LAPCT,idle_slots,0.000000,0.000000,0.000000,0.000000,50
"TOTAL_TAGS=1000,prefix_length=0",LAPCT,total_energy_uj,129697.123655,19.846762,129734.700975,5.501242,50
"TOTAL_TAGS=1000,prefix_length=0",LAPCT,total_listening_energy_uj,129070.856595,19.859916,129108.262000,5.504888,50
"TOTAL_TAGS=1000,prefix_length=0",LAPCT,total_transmission_energy_uj,626.267060,1.325019,628.356025,0.367277,50
"TOTAL_TAGS=1000,prefix_length=0",LAPCT,total_bits,809269.480000,2542.132916,813129.200000,704.643294,50
"TOTAL_TAGS=1000,prefix_length=0",LAPCT,avg_tag_bits,661.514600,2.507203,665.268250,0.694961,50
"TOTAL_TAGS=1000,prefix_length=0",LAPCT,avg_reader_bits,147.754880,0.050946,147.849700,0.014122,50
"TOTAL_TAGS=1000,prefix_length=0",LAPCT,avg_total_bits,809.269480,2.542133,813.129200,0.704643,50
"TOTAL_TAGS=1000,prefix_length=0",LAPCT,avg_query_efficiency,0.961318,0.000981,0.962464,0.000272,50
"TOTAL_TAGS=1000,prefix_length=0",LAPCT,peak_stack_depth,14.060000,0.651842,15.000000,0.180681,50
"TOTAL_TAGS=1000,prefix_length=0",LAPCT,avg_tag_responses,8.315040,0.028161,8.359000,0.007806,50
"TOTAL_TAGS=1000,prefix_length=0",NLHQT(n=2),total_protocol_time_ms,1813.796500,16.376381,1844.329875,4.539301,50
"TOTAL_TAGS=1000,prefix_length=0",NLHQT(n=2),throughput_tags_per_sec,551.373648,4.959702,557.900346,1.374759,50
"TOTAL_TAGS=1000,prefix_length=0",NLHQT(n=2),system_efficiency,0.353211,0.003357,0.358494,0.000930,50
"TOTAL_TAGS=1000,prefix_length=0",NLHQT(n=2),collision_slots,1831.420000,26.967925,1876.100000,7.475127,50
"TOTAL_TAGS=1000,prefix_length=0",NLHQT(n=2),idle_slots,0.000000,0.000000,0.000000,0.000000,50
"TOTAL_TAGS=1000,prefix_length=0",NLHQT(n=2),total_energy_uj,91256.381180,889.993373,92615.543887,246.693577,50
"TOTAL_TAGS=1000,prefix_length=0",NLHQT(n=2),total_listening_energy_uj,91033.285720,888.976462,92390.506938,246.411704,50
"TOTAL_TAGS=1000,prefix_length=0",NLHQT(n=2),total_transmission_energy_uj,223.095460,1.268944,225.459600,0.351733,50
"TOTAL_TAGS=1000,prefix_length=0",NLHQT(n=2),total_bits,265911.560000,684.834947,267192.600000,189.826562,50
"TOTAL_TAGS=1000,prefix_length=0",NLHQT(n=2),avg_tag_bits,205.818440,0.069395,205.939700,0.019235,50
"TOTAL_TAGS=1000,prefix_length=0",NLHQT(n=2),avg_reader_bits,60.093120,0.617746,61.242200,0.171230,50
"TOTAL_TAGS=1000,prefix_length=0",NLHQT(n=2),avg_total_bits,265.911560,0.684835,267.192600,0.189827,50
"TOTAL_TAGS=1000,prefix_length=0",NLHQT(n=2),avg_query_efficiency,0.546140,0.008015,0.558831,0.002222,50
"TOTAL_TAGS=1000,prefix_length=0",NLHQT(n=2),peak_stack_depth,15.720000,0.701020,17.000000,0.194313,50
"TOTAL_TAGS=1000,prefix_length=0",NLHQT(n=2),avg_tag_responses,7.909220,0.034698,7.969850,0.009618,50
"TOTAL_TAGS=1000,prefix_length=0",SGCT,total_protocol_time_ms,1754.112650,15.680719,1779.226125,4.346474,50
"TOTAL_TAGS=1000,prefix_length=0",SGCT,throughput_tags_per_sec,570.133514,5.102741,579.203281,1.414408,50
"TOTAL_TAGS=1000,prefix_length=0",SGCT,system_efficiency,0.673102,0.005052,0.680990,0.001400,50
"TOTAL_TAGS=1000,prefix_length=0",SGCT,collision_slots,485.740000,11.157152,504.650000,3.092605,50
"TOTAL_TAGS=1000,prefix_length=0",SGCT,idle_slots,0.000000,0.000000,0.000000,0.000000,50
"TOTAL_TAGS=1000,prefix_length=0",SGCT,total_energy_uj,89463.122155,1135.134758,91553.123500,314.643302,50
"TOTAL_TAGS=1000,prefix_length=0",SGCT,total_listening_energy_uj,89293.491305,1134.150166,91381.387425,314.370387,50
"TOTAL_TAGS=1000,prefix_length=0",SGCT,total_transmission_energy_uj,169.630850,1.387689,171.970925,0.384648,50
"TOTAL_TAGS=1000,prefix_length=0",SGCT,total_bits,182335.120000,809.452035,183731.800000,224.368657,50
"TOTAL_TAGS=1000,prefix_length=0",SGCT,avg_tag_bits,130.026260,0.165764,130.282800,0.045947,50
"TOTAL_TAGS=1000,prefix_length=0",SGCT,avg_reader_bits,52.308860,0.656017,53.403350,0.181839,50
"TOTAL_TAGS=1000,prefix_length=0",SGCT,avg_total_bits,182.335120,0.809452,183.731800,0.224369,50
"TOTAL_TAGS=1000,prefix_length=0",SGCT,avg_query_efficiency,2.059778,0.047270,2.134702,0.013102,50
"TOTAL_TAGS=1000,prefix_length=0",SGCT,peak_stack_depth,231.220000,3.797368,237.100000,1.052577,50
"TOTAL_TAGS=1000,prefix_length=0",SGCT,progressive_probe_count,249.260000,6.736468,260.100000,1.867254,50
"TOTAL_TAGS=1000,prefix_length=0",SGCT,signature_grouping_trigger_count,237.480000,4.669659,245.550000,1.294363,50
"TOTAL_TAGS=1000,prefix_length=0",SGCT,local_short_id_trigger_count,232.220000,3.797368,238.100000,1.052577,50
"TOTAL_TAGS=1000,prefix_length=0",SGCT,signature_groups_pruned,58296.000000,971.392856,59821.500000,269.256363,50
"TOTAL_TAGS=1000,prefix_length=0",SGCT,sparse_signature_groups,1236.480000,4.669659,1244.550000,1.294363,50
"TOTAL_TAGS=1000,prefix_length=0",SGCT,signature_marker_bits,1990.540000,6.636971,2001.550000,1.839675,50
"TOTAL_TAGS=1000,prefix_length=0",SGCT,signature_marker_tag_bits,1990.540000,6.636971,2001.550000,1.839675,50
"TOTAL_TAGS=1000,prefix_length=0",SGCT,signature_non_idle_marker_count,1236.480000,4.669659,1244.550000,1.294363,50
"TOTAL_TAGS=1000,prefix_length=0",SGCT,signature_collision_groups,236.480000,4.669659,244.550000,1.294363,50
"TOTAL_TAGS=1000,prefix_length=0",SGCT,signature_singleton_groups,1000.000000,0.000000,1000.000000,0.000000,50
"TOTAL_TAGS=1000,prefix_length=0",SGCT,low_d_fallback_count,0.000000,0.000000,0.000000,0.000000,50
"TOTAL_TAGS=1000,prefix_length=0",SGCT,suffix_signature_trigger_count,0.000000,0.000000,0.000000,0.000000,50
"TOTAL_TAGS=1000,prefix_length=0",SGCT,hash_short_id_round_count,0.000000,0.000000,0.000000,0.000000,50
"TOTAL_TAGS=1000,prefix_length=0",SGCT,hash_short_id_split_count,0.000000,0.000000,0.000000,0.000000,50
"TOTAL_TAGS=1000,prefix_length=0",SGCT,hash_short_id_collision_groups,0.000000,0.000000,0.000000,0.000000,50
"TOTAL_TAGS=1000,prefix_length=0",SGCT,hash_short_id_singleton_groups,0.000000,0.000000,0.000000,0.000000,50
"TOTAL_TAGS=1000,prefix_length=0",SGCT,small_cluster_guard_count,0.000000,0.000000,0.000000,0.000000,50
"TOTAL_TAGS=1000,prefix_length=0",SGCT,max_signature_d,8.000000,0.000000,8.000000,0.000000,50
"TOTAL_TAGS=1000,prefix_length=0",SGCT,epc_verification_count,1000.000000,0.000000,1000.000000,0.000000,50
"TOTAL_TAGS=1000,prefix_length=0",SGCT,verify_fail_count,0.000000,0.000000,0.000000,0.000000,50
"TOTAL_TAGS=1000,prefix_length=0",SGCT,avg_tag_responses,4.004920,0.016395,4.031100,0.004545,50
"TOTAL_TAGS=1000,prefix_length=16",DQTA(k_max=3),total_protocol_time_ms,1630.967800,20.302897,1664.456437,5.627676,50
"TOTAL_TAGS=1000,prefix_length=16",DQTA(k_max=3),throughput_tags_per_sec,613.225957,7.629958,623.476605,2.114916,50
"TOTAL_TAGS=1000,prefix_length=16",DQTA(k_max=3),system_efficiency,0.334226,0.005278,0.343790,0.001463,50
"TOTAL_TAGS=1000,prefix_length=16",DQTA(k_max=3),collision_slots,927.840000,17.148047,955.000000,4.753196,50
"TOTAL_TAGS=1000,prefix_length=16",DQTA(k_max=3),idle_slots,1064.880000,40.365493,1124.750000,11.188744,50
"TOTAL_TAGS=1000,prefix_length=16",DQTA(k_max=3),total_energy_uj,82916.642067,1135.313993,84899.353600,314.692984,50
"TOTAL_TAGS=1000,prefix_length=16",DQTA(k_max=3),total_listening_energy_uj,82526.282677,1132.906904,84505.092275,314.025773,50
"TOTAL_TAGS=1000,prefix_length=16",DQTA(k_max=3),total_transmission_energy_uj,390.359390,2.992080,395.078400,0.829362,50
"TOTAL_TAGS=1000,prefix_length=16",DQTA(k_max=3),total_bits,643837.120000,3450.547219,648729.400000,956.442892,50
"TOTAL_TAGS=1000,prefix_length=16",DQTA(k_max=3),avg_tag_bits,598.209900,2.669360,601.847100,0.739909,50
"TOTAL_TAGS=1000,prefix_length=16",DQTA(k_max=3),avg_reader_bits,45.627220,0.892633,47.044200,0.247425,50
"TOTAL_TAGS=1000,prefix_length=16",DQTA(k_max=3),avg_total_bits,643.837120,3.450547,648.729400,0.956443,50
"TOTAL_TAGS=1000,prefix_length=16",DQTA(k_max=3),avg_query_efficiency,1.078133,0.019921,1.106318,0.005522,50
"TOTAL_TAGS=1000,prefix_length=16",DQTA(k_max=3),peak_stack_depth,19.400000,0.903508,21.000000,0.250440,50
"TOTAL_TAGS=1000,prefix_length=16",DQTA(k_max=3),avg_tag_responses,4.055120,0.019998,4.082550,0.005543,50
"TOTAL_TAGS=1000,prefix_length=16",DRCT,total_protocol_time_ms,1686.833225,26.007577,1732.664563,7.208932,50
"TOTAL_TAGS=1000,prefix_length=16",DRCT,throughput_tags_per_sec,592.964078,9.085178,607.596247,2.518283,50
"TOTAL_TAGS=1000,prefix_length=16",DRCT,system_efficiency,0.345045,0.007026,0.356633,0.001947,50
"TOTAL_TAGS=1000,prefix_length=16",DRCT,collision_slots,1448.680000,29.707719,1502.750000,8.234560,50
"TOTAL_TAGS=1000,prefix_length=16",DRCT,idle_slots,450.680000,29.707719,504.750000,8.234560,50
"TOTAL_TAGS=1000,prefix_length=16",DRCT,total_energy_uj,85430.928762,1564.491933,88148.054319,433.655039,50
"TOTAL_TAGS=1000,prefix_length=16",DRCT,energy_per_tag_uj,85.430929,1.564492,88.148054,0.433655,50
"TOTAL_TAGS=1000,prefix_length=16",DRCT,total_reader_tx_energy_uj,155.659880,3.382988,161.681000,0.937716,50
"TOTAL_TAGS=1000,prefix_length=16",DRCT,total_tag_tx_energy_uj,92.025070,0.451915,92.753850,0.125264,50
"TOTAL_TAGS=1000,prefix_length=16",DRCT,total_listening_energy_uj,85183.243812,1561.425573,87895.243244,432.805087,50
"TOTAL_TAGS=1000,prefix_length=16",DRCT,total_transmission_energy_uj,247.684950,3.511242,254.004425,0.973267,50
"TOTAL_TAGS=1000,prefix_length=16",DRCT,total_bits,261880.080000,2087.593731,265993.150000,578.651460,50
"TOTAL_TAGS=1000,prefix_length=16",DRCT,avg_tag_bits,184.050140,0.903830,185.507700,0.250529,50
"TOTAL_TAGS=1000,prefix_length=16",DRCT,avg_reader_bits,77.829940,1.691494,80.840500,0.468858,50
"TOTAL_TAGS=1000,prefix_length=16",DRCT,avg_total_bits,261.880080,2.087594,265.993150,0.578651,50
"TOTAL_TAGS=1000,prefix_length=16",DRCT,avg_query_efficiency,0.690566,0.014071,0.713776,0.003900,50
"TOTAL_TAGS=1000,prefix_length=16",DRCT,peak_stack_depth,9.700000,0.614452,11.000000,0.170317,50
"TOTAL_TAGS=1000,prefix_length=16",DRCT,avg_tag_responses,27.282820,0.059644,27.386300,0.016533,50
"TOTAL_TAGS=1000,prefix_length=16",EAQ_CBB,total_protocol_time_ms,2363.453650,17.372323,2388.682188,4.815362,50
"TOTAL_TAGS=1000,prefix_length=16",EAQ_CBB,throughput_tags_per_sec,423.132065,3.114615,428.169084,0.863327,50
"TOTAL_TAGS=1000,prefix_length=16",EAQ_CBB,system_efficiency,0.545806,0.005266,0.554449,0.001460,50
"TOTAL_TAGS=1000,prefix_length=16",EAQ_CBB,collision_slots,832.320000,17.646691,858.000000,4.891413,50
"TOTAL_TAGS=1000,prefix_length=16",EAQ_CBB,idle_slots,0.000000,0.000000,0.000000,0.000000,50
"TOTAL_TAGS=1000,prefix_length=16",EAQ_CBB,total_energy_uj,118646.804235,983.004371,119769.498094,272.474910,50
"TOTAL_TAGS=1000,prefix_length=16",EAQ_CBB,total_listening_energy_uj,118268.271345,980.808248,119387.853344,271.866176,50
"TOTAL_TAGS=1000,prefix_length=16",EAQ_CBB,total_transmission_energy_uj,378.532890,2.608858,382.730825,0.723139,50
"TOTAL_TAGS=1000,prefix_length=16",EAQ_CBB,total_bits,278246.340000,2485.994267,282600.850000,689.082454,50
"TOTAL_TAGS=1000,prefix_length=16",EAQ_CBB,avg_tag_bits,118.639860,1.620948,121.456950,0.449304,50
"TOTAL_TAGS=1000,prefix_length=16",EAQ_CBB,avg_reader_bits,159.606480,0.930336,160.984500,0.257876,50
"TOTAL_TAGS=1000,prefix_length=16",EAQ_CBB,avg_total_bits,278.246340,2.485994,282.600850,0.689082,50
"TOTAL_TAGS=1000,prefix_length=16",EAQ_CBB,avg_query_efficiency,1.201993,0.025612,1.244431,0.007099,50
"TOTAL_TAGS=1000,prefix_length=16",EAQ_CBB,peak_stack_depth,248.500000,2.426470,252.550000,0.672583,50
"TOTAL_TAGS=1000,prefix_length=16",EAQ_CBB,avg_tag_responses,3.794160,0.041649,3.863500,0.011545,50
"TOTAL_TAGS=1000,prefix_length=16",EMDT,total_protocol_time_ms,1324.258950,31.275582,1369.329625,8.669149,50
"TOTAL_TAGS=1000,prefix_length=16",EMDT,throughput_tags_per_sec,755.554410,17.943688,783.584990,4.973736,50
"TOTAL_TAGS=1000,prefix_length=16",EMDT,system_efficiency,0.572707,0.023001,0.609948,0.006375,50
"TOTAL_TAGS=1000,prefix_length=16",EMDT,collision_slots,546.760000,35.808197,600.100000,9.925526,50
"TOTAL_TAGS=1000,prefix_length=16",EMDT,idle_slots,202.060000,34.883719,247.100000,9.669274,50
"TOTAL_TAGS=1000,prefix_length=16",EMDT,total_energy_uj,66300.659495,2035.116610,69310.360937,564.105544,50
"TOTAL_TAGS=1000,prefix_length=16",EMDT,total_listening_energy_uj,66174.703895,2035.621391,69186.030138,564.245462,50
"TOTAL_TAGS=1000,prefix_length=16",EMDT,total_transmission_energy_uj,125.955600,1.959728,128.995400,0.543209,50
"TOTAL_TAGS=1000,prefix_length=16",EMDT,total_bits,167770.440000,1960.890064,170946.700000,543.530995,50
"TOTAL_TAGS=1000,prefix_length=16",EMDT,avg_tag_bits,139.723520,1.351791,141.905600,0.374697,50
"TOTAL_TAGS=1000,prefix_length=16",EMDT,avg_reader_bits,28.046920,0.674771,29.044400,0.187037,50
"TOTAL_TAGS=1000,prefix_length=16",EMDT,avg_total_bits,167.770440,1.960890,170.946700,0.543531,50
"TOTAL_TAGS=1000,prefix_length=16",EMDT,avg_query_efficiency,1.836845,0.123357,2.045860,0.034193,50
"TOTAL_TAGS=1000,prefix_length=16",EMDT,peak_stack_depth,34.400000,1.428571,37.000000,0.395980,50
"TOTAL_TAGS=1000,prefix_length=16",EMDT,avg_tag_responses,4.513020,0.060102,4.598200,0.016660,50
"TOTAL_TAGS=1000,prefix_length=16",HT_EEAC,total_protocol_time_ms,2600.781300,51.015991,2684.171250,14.140911,50
"TOTAL_TAGS=1000,prefix_length=16",HT_EEAC,throughput_tags_per_sec,384.643871,7.495000,394.771018,2.077508,50
"TOTAL_TAGS=1000,prefix_length=16",HT_EEAC,system_efficiency,0.213723,0.005794,0.221600,0.001606,50
"TOTAL_TAGS=1000,prefix_length=16",HT_EEAC,collision_slots,2504.040000,83.688431,2634.500000,23.197250,50
"TOTAL_TAGS=1000,prefix_length=16",HT_EEAC,idle_slots,1178.320000,88.081233,1336.400000,24.414872,50
"TOTAL_TAGS=1000,prefix_length=16",HT_EEAC,total_energy_uj,147956.824440,3313.722294,153323.232688,918.516958,50
"TOTAL_TAGS=1000,prefix_length=16",HT_EEAC,total_listening_energy_uj,147674.768280,3308.755195,153029.257687,917.140148,50
"TOTAL_TAGS=1000,prefix_length=16",HT_EEAC,total_transmission_energy_uj,282.056160,6.140597,291.836800,1.702087,50
"TOTAL_TAGS=1000,prefix_length=16",HT_EEAC,total_bits,255076.560000,3903.608651,261679.400000,1082.025114,50
"TOTAL_TAGS=1000,prefix_length=16",HT_EEAC,avg_tag_bits,152.064640,1.339015,154.152000,0.371156,50
"TOTAL_TAGS=1000,prefix_length=16",HT_EEAC,avg_reader_bits,103.011920,2.817416,107.476600,0.780948,50
"TOTAL_TAGS=1000,prefix_length=16",HT_EEAC,avg_total_bits,255.076560,3.903609,261.679400,1.082025,50
"TOTAL_TAGS=1000,prefix_length=16",HT_EEAC,avg_query_efficiency,0.399790,0.013296,0.421336,0.003685,50
"TOTAL_TAGS=1000,prefix_length=16",HT_EEAC,avg_tag_responses,84.150260,11.451005,100.784150,3.174057,50
"TOTAL_TAGS=1000,prefix_length=16",LAPCT,total_protocol_time_ms,2659.340800,0.455599,2660.132812,0.126285,50
"TOTAL_TAGS=1000,prefix_length=16",LAPCT,throughput_tags_per_sec,376.033049,0.064420,376.143255,0.017856,50
"TOTAL_TAGS=1000,prefix_length=16",LAPCT,system_efficiency,0.490177,0.000310,0.490918,0.000086,50
"TOTAL_TAGS=1000,prefix_length=16",LAPCT,collision_slots,1040.080000,1.291100,1041.000000,0.357875,50
"TOTAL_TAGS=1000,prefix_length=16",LAPCT,idle_slots,0.000000,0.000000,0.000000,0.000000,50
"TOTAL_TAGS=1000,prefix_length=16",LAPCT,total_energy_uj,134147.591772,29.799246,134198.681356,8.259929,50
"TOTAL_TAGS=1000,prefix_length=16",LAPCT,total_listening_energy_uj,133549.093822,28.884346,133597.885331,8.006332,50
"TOTAL_TAGS=1000,prefix_length=16",LAPCT,total_transmission_energy_uj,598.497950,1.534988,601.481800,0.425477,50
"TOTAL_TAGS=1000,prefix_length=16",LAPCT,total_bits,707747.140000,2869.961743,713284.550000,795.512809,50
"TOTAL_TAGS=1000,prefix_length=16",LAPCT,avg_tag_bits,544.664220,2.804199,550.058200,0.777284,50
"TOTAL_TAGS=1000,prefix_length=16",LAPCT,avg_reader_bits,163.082920,0.075619,163.217650,0.020961,50
"TOTAL_TAGS=1000,prefix_length=16",LAPCT,avg_total_bits,707.747140,2.869962,713.284550,0.795513,50
"TOTAL_TAGS=1000,prefix_length=16",LAPCT,avg_query_efficiency,0.961466,0.001195,0.964320,0.000331,50
"TOTAL_TAGS=1000,prefix_length=16",LAPCT,peak_stack_depth,14.280000,0.701020,15.550000,0.194313,50
"TOTAL_TAGS=1000,prefix_length=16",LAPCT,avg_tag_responses,8.317440,0.038614,8.392250,0.010703,50
"TOTAL_TAGS=1000,prefix_length=16",NLHQT(n=2),total_protocol_time_ms,1639.198500,14.571529,1662.121000,4.039022,50
"TOTAL_TAGS=1000,prefix_length=16",NLHQT(n=2),throughput_tags_per_sec,610.101470,5.421505,618.981501,1.502764,50
"TOTAL_TAGS=1000,prefix_length=16",NLHQT(n=2),system_efficiency,0.353849,0.003425,0.359881,0.000949,50
"TOTAL_TAGS=1000,prefix_length=16",NLHQT(n=2),collision_slots,1826.320000,27.367074,1873.850000,7.585766,50
"TOTAL_TAGS=1000,prefix_length=16",NLHQT(n=2),idle_slots,0.000000,0.000000,0.000000,0.000000,50
"TOTAL_TAGS=1000,prefix_length=16",NLHQT(n=2),total_energy_uj,82423.200915,890.848597,83890.980662,246.930633,50
"TOTAL_TAGS=1000,prefix_length=16",NLHQT(n=2),total_listening_energy_uj,82216.236635,889.790941,83681.805963,246.637465,50
"TOTAL_TAGS=1000,prefix_length=16",NLHQT(n=2),total_transmission_energy_uj,206.964280,1.254463,208.959150,0.347719,50
"TOTAL_TAGS=1000,prefix_length=16",NLHQT(n=2),total_bits,233841.080000,677.117324,234922.200000,187.687347,50
"TOTAL_TAGS=1000,prefix_length=16",NLHQT(n=2),avg_tag_bits,173.811920,0.069172,173.918000,0.019174,50
"TOTAL_TAGS=1000,prefix_length=16",NLHQT(n=2),avg_reader_bits,60.029160,0.610676,60.998700,0.169271,50
"TOTAL_TAGS=1000,prefix_length=16",NLHQT(n=2),avg_total_bits,233.841080,0.677117,234.922200,0.187687,50
"TOTAL_TAGS=1000,prefix_length=16",NLHQT(n=2),avg_query_efficiency,0.547670,0.008203,0.562210,0.002274,50
"TOTAL_TAGS=1000,prefix_length=16",NLHQT(n=2),peak_stack_depth,16.000000,0.832993,17.000000,0.230894,50
"TOTAL_TAGS=1000,prefix_length=16",NLHQT(n=2),avg_tag_responses,7.905960,0.034586,7.959000,0.009587,50
"TOTAL_TAGS=1000,prefix_length=16",SGCT,total_protocol_time_ms,1747.549800,15.967887,1773.844562,4.426073,50
"TOTAL_TAGS=1000,prefix_length=16",SGCT,throughput_tags_per_sec,572.276476,5.217623,580.283133,1.446251,50
"TOTAL_TAGS=1000,prefix_length=16",SGCT,system_efficiency,0.674181,0.004273,0.680990,0.001184,50
"TOTAL_TAGS=1000,prefix_length=16",SGCT,collision_slots,483.340000,9.414730,497.650000,2.609630,50
"TOTAL_TAGS=1000,prefix_length=16",SGCT,idle_slots,0.000000,0.000000,0.000000,0.000000,50
"TOTAL_TAGS=1000,prefix_length=16",SGCT,total_energy_uj,88881.377368,1274.748945,91030.385300,353.342380,50
"TOTAL_TAGS=1000,prefix_length=16",SGCT,total_listening_energy_uj,88704.548918,1273.603780,90851.114825,353.024957,50
"TOTAL_TAGS=1000,prefix_length=16",SGCT,total_transmission_energy_uj,176.828450,1.479158,179.112100,0.410002,50
"TOTAL_TAGS=1000,prefix_length=16",SGCT,total_bits,173914.180000,832.537520,175167.050000,230.767627,50
"TOTAL_TAGS=1000,prefix_length=16",SGCT,avg_tag_bits,113.999940,0.157087,114.222100,0.043542,50
"TOTAL_TAGS=1000,prefix_length=16",SGCT,avg_reader_bits,59.914240,0.710234,61.019050,0.196867,50
"TOTAL_TAGS=1000,prefix_length=16",SGCT,avg_total_bits,173.914180,0.832538,175.167050,0.230768,50
"TOTAL_TAGS=1000,prefix_length=16",SGCT,avg_query_efficiency,2.069704,0.040175,2.134702,0.011136,50
"TOTAL_TAGS=1000,prefix_length=16",SGCT,peak_stack_depth,230.480000,3.918767,237.000000,1.086227,50
"TOTAL_TAGS=1000,prefix_length=16",SGCT,progressive_probe_count,247.840000,5.953425,258.550000,1.650205,50
"TOTAL_TAGS=1000,prefix_length=16",SGCT,signature_grouping_trigger_count,236.500000,4.006372,243.000000,1.110510,50
"TOTAL_TAGS=1000,prefix_length=16",SGCT,local_short_id_trigger_count,231.480000,3.918767,238.000000,1.086227,50
"TOTAL_TAGS=1000,prefix_length=16",SGCT,signature_groups_pruned,58103.700000,990.244358,59793.750000,274.481732,50
"TOTAL_TAGS=1000,prefix_length=16",SGCT,sparse_signature_groups,1235.500000,4.006372,1242.000000,1.110510,50
"TOTAL_TAGS=1000,prefix_length=16",SGCT,signature_marker_bits,1989.860000,5.848460,2000.550000,1.621111,50
"TOTAL_TAGS=1000,prefix_length=16",SGCT,signature_marker_tag_bits,1989.860000,5.848460,2000.550000,1.621111,50
"TOTAL_TAGS=1000,prefix_length=16",SGCT,signature_non_idle_marker_count,1235.500000,4.006372,1242.000000,1.110510,50
"TOTAL_TAGS=1000,prefix_length=16",SGCT,signature_collision_groups,235.500000,4.006372,242.000000,1.110510,50
"TOTAL_TAGS=1000,prefix_length=16",SGCT,signature_singleton_groups,1000.000000,0.000000,1000.000000,0.000000,50
"TOTAL_TAGS=1000,prefix_length=16",SGCT,low_d_fallback_count,0.000000,0.000000,0.000000,0.000000,50
"TOTAL_TAGS=1000,prefix_length=16",SGCT,suffix_signature_trigger_count,0.000000,0.000000,0.000000,0.000000,50
"TOTAL_TAGS=1000,prefix_length=16",SGCT,hash_short_id_round_count,0.000000,0.000000,0.000000,0.000000,50
"TOTAL_TAGS=1000,prefix_length=16",SGCT,hash_short_id_split_count,0.000000,0.000000,0.000000,0.000000,50
"TOTAL_TAGS=1000,prefix_length=16",SGCT,hash_short_id_collision_groups,0.000000,0.000000,0.000000,0.000000,50
"TOTAL_TAGS=1000,prefix_length=16",SGCT,hash_short_id_singleton_groups,0.000000,0.000000,0.000000,0.000000,50
"TOTAL_TAGS=1000,prefix_length=16",SGCT,small_cluster_guard_count,0.000000,0.000000,0.000000,0.000000,50
"TOTAL_TAGS=1000,prefix_length=16",SGCT,max_signature_d,8.000000,0.000000,8.000000,0.000000,50
"TOTAL_TAGS=1000,prefix_length=16",SGCT,epc_verification_count,1000.000000,0.000000,1000.000000,0.000000,50
"TOTAL_TAGS=1000,prefix_length=16",SGCT,verify_fail_count,0.000000,0.000000,0.000000,0.000000,50
"TOTAL_TAGS=1000,prefix_length=16",SGCT,avg_tag_responses,4.002500,0.014386,4.025750,0.003988,50
"TOTAL_TAGS=1000,prefix_length=32",DQTA(k_max=3),total_protocol_time_ms,1613.355575,20.095022,1648.992188,5.570056,50
"TOTAL_TAGS=1000,prefix_length=32",DQTA(k_max=3),throughput_tags_per_sec,619.919586,7.654387,629.682044,2.121688,50
"TOTAL_TAGS=1000,prefix_length=32",DQTA(k_max=3),system_efficiency,0.335689,0.005785,0.344418,0.001604,50
"TOTAL_TAGS=1000,prefix_length=32",DQTA(k_max=3),collision_slots,919.560000,15.333251,947.000000,4.250160,50
"TOTAL_TAGS=1000,prefix_length=32",DQTA(k_max=3),idle_slots,1060.260000,43.774846,1132.100000,12.133768,50
"TOTAL_TAGS=1000,prefix_length=32",DQTA(k_max=3),total_energy_uj,81735.167260,1318.229731,83886.918438,365.394639,50
"TOTAL_TAGS=1000,prefix_length=32",DQTA(k_max=3),total_listening_energy_uj,81381.615680,1315.877887,83528.845938,364.742741,50
"TOTAL_TAGS=1000,prefix_length=32",DQTA(k_max=3),total_transmission_energy_uj,353.551580,2.858011,359.209375,0.792200,50
"TOTAL_TAGS=1000,prefix_length=32",DQTA(k_max=3),total_bits,527353.360000,2771.087879,532735.650000,768.106372,50
"TOTAL_TAGS=1000,prefix_length=32",DQTA(k_max=3),avg_tag_bits,467.436760,1.863429,471.052400,0.516516,50
"TOTAL_TAGS=1000,prefix_length=32",DQTA(k_max=3),avg_reader_bits,59.916600,1.015476,61.757300,0.281476,50
"TOTAL_TAGS=1000,prefix_length=32",DQTA(k_max=3),avg_total_bits,527.353360,2.771088,532.735650,0.768106,50
"TOTAL_TAGS=1000,prefix_length=32",DQTA(k_max=3),avg_query_efficiency,1.087769,0.017919,1.109878,0.004967,50
"TOTAL_TAGS=1000,prefix_length=32",DQTA(k_max=3),peak_stack_depth,19.660000,1.022402,21.000000,0.283395,50
"TOTAL_TAGS=1000,prefix_length=32",DQTA(k_max=3),avg_tag_responses,4.045140,0.017883,4.078850,0.004957,50
"TOTAL_TAGS=1000,prefix_length=32",DRCT,total_protocol_time_ms,1900.925275,28.030011,1941.847875,7.769523,50
"TOTAL_TAGS=1000,prefix_length=32",DRCT,throughput_tags_per_sec,526.172481,7.813531,538.017739,2.165800,50
"TOTAL_TAGS=1000,prefix_length=32",DRCT,system_efficiency,0.340398,0.006047,0.349565,0.001676,50
"TOTAL_TAGS=1000,prefix_length=32",DRCT,collision_slots,1468.320000,25.909922,1505.300000,7.181864,50
"TOTAL_TAGS=1000,prefix_length=32",DRCT,idle_slots,470.320000,25.909922,507.300000,7.181864,50
"TOTAL_TAGS=1000,prefix_length=32",DRCT,total_energy_uj,96813.636203,1792.675500,99508.701637,496.904297,50
"TOTAL_TAGS=1000,prefix_length=32",DRCT,energy_per_tag_uj,96.813636,1.792675,99.508702,0.496904,50
"TOTAL_TAGS=1000,prefix_length=32",DRCT,total_reader_tx_energy_uj,206.033600,3.765700,211.644900,1.043799,50
"TOTAL_TAGS=1000,prefix_length=32",DRCT,total_tag_tx_energy_uj,115.368480,0.369799,115.840175,0.102503,50
"TOTAL_TAGS=1000,prefix_length=32",DRCT,total_listening_energy_uj,96492.234123,1789.265885,99182.683213,495.959200,50
"TOTAL_TAGS=1000,prefix_length=32",DRCT,total_transmission_energy_uj,321.402080,3.945334,327.219700,1.093591,50
"TOTAL_TAGS=1000,prefix_length=32",DRCT,total_bits,333753.760000,2310.961551,337321.200000,640.565861,50
"TOTAL_TAGS=1000,prefix_length=32",DRCT,avg_tag_bits,230.736960,0.739597,231.680350,0.205006,50
"TOTAL_TAGS=1000,prefix_length=32",DRCT,avg_reader_bits,103.016800,1.882850,105.822450,0.521899,50
"TOTAL_TAGS=1000,prefix_length=32",DRCT,avg_total_bits,333.753760,2.310962,337.321200,0.640566,50
"TOTAL_TAGS=1000,prefix_length=32",DRCT,avg_query_efficiency,0.681260,0.012111,0.699619,0.003357,50
"TOTAL_TAGS=1000,prefix_length=32",DRCT,peak_stack_depth,9.640000,0.631163,11.000000,0.174950,50
"TOTAL_TAGS=1000,prefix_length=32",DRCT,avg_tag_responses,43.282940,0.063005,43.390100,0.017464,50
"TOTAL_TAGS=1000,prefix_length=32",EAQ_CBB,total_protocol_time_ms,2491.726525,21.375032,2527.613813,5.924856,50
"TOTAL_TAGS=1000,prefix_length=32",EAQ_CBB,throughput_tags_per_sec,401.357021,3.434275,406.000433,0.951932,50
"TOTAL_TAGS=1000,prefix_length=32",EAQ_CBB,system_efficiency,0.544862,0.005626,0.552486,0.001559,50
"TOTAL_TAGS=1000,prefix_length=32",EAQ_CBB,collision_slots,835.520000,19.006164,867.300000,5.268240,50
"TOTAL_TAGS=1000,prefix_length=32",EAQ_CBB,idle_slots,0.000000,0.000000,0.000000,0.000000,50
"TOTAL_TAGS=1000,prefix_length=32",EAQ_CBB,total_energy_uj,125093.154928,1245.181900,127354.384794,345.146814,50
"TOTAL_TAGS=1000,prefix_length=32",EAQ_CBB,total_listening_energy_uj,124698.683418,1242.468953,126953.438969,344.394823,50
"TOTAL_TAGS=1000,prefix_length=32",EAQ_CBB,total_transmission_energy_uj,394.471510,3.204425,399.991600,0.888221,50
"TOTAL_TAGS=1000,prefix_length=32",EAQ_CBB,total_bits,269570.660000,2576.220659,274088.900000,714.091934,50
"TOTAL_TAGS=1000,prefix_length=32",EAQ_CBB,avg_tag_bits,96.446540,1.341928,98.781550,0.371964,50
"TOTAL_TAGS=1000,prefix_length=32",EAQ_CBB,avg_reader_bits,173.124120,1.288669,175.298100,0.357201,50
"TOTAL_TAGS=1000,prefix_length=32",EAQ_CBB,avg_total_bits,269.570660,2.576221,274.088900,0.714092,50
"TOTAL_TAGS=1000,prefix_length=32",EAQ_CBB,avg_query_efficiency,1.197463,0.027083,1.234568,0.007507,50
"TOTAL_TAGS=1000,prefix_length=32",EAQ_CBB,peak_stack_depth,248.280000,2.222703,252.550000,0.616102,50
"TOTAL_TAGS=1000,prefix_length=32",EAQ_CBB,avg_tag_responses,3.799680,0.043358,3.877400,0.012018,50
"TOTAL_TAGS=1000,prefix_length=32",EMDT,total_protocol_time_ms,1340.393600,35.213731,1396.477875,9.760748,50
"TOTAL_TAGS=1000,prefix_length=32",EMDT,throughput_tags_per_sec,746.557553,19.747130,775.763856,5.473625,50
"TOTAL_TAGS=1000,prefix_length=32",EMDT,system_efficiency,0.560913,0.025217,0.599384,0.006990,50
"TOTAL_TAGS=1000,prefix_length=32",EMDT,collision_slots,565.380000,39.298382,629.650000,10.892956,50
"TOTAL_TAGS=1000,prefix_length=32",EMDT,idle_slots,220.900000,40.417843,281.750000,11.203255,50
"TOTAL_TAGS=1000,prefix_length=32",EMDT,total_energy_uj,67290.540795,2139.221231,70833.883763,592.961873,50
"TOTAL_TAGS=1000,prefix_length=32",EMDT,total_listening_energy_uj,67165.192875,2140.379811,70712.980762,593.283015,50
"TOTAL_TAGS=1000,prefix_length=32",EMDT,total_transmission_energy_uj,125.347920,2.105875,128.220600,0.583719,50
"TOTAL_TAGS=1000,prefix_length=32",EMDT,total_bits,167032.920000,2076.406126,170011.100000,575.550414,50
"TOTAL_TAGS=1000,prefix_length=32",EMDT,avg_tag_bits,139.145280,1.429868,141.247200,0.396339,50
"TOTAL_TAGS=1000,prefix_length=32",EMDT,avg_reader_bits,27.887640,0.743110,28.829900,0.205980,50
"TOTAL_TAGS=1000,prefix_length=32",EMDT,avg_total_bits,167.032920,2.076406,170.011100,0.575550,50
"TOTAL_TAGS=1000,prefix_length=32",EMDT,avg_query_efficiency,1.777343,0.127279,1.962670,0.035280,50
"TOTAL_TAGS=1000,prefix_length=32",EMDT,peak_stack_depth,33.960000,1.484065,36.000000,0.411362,50
"TOTAL_TAGS=1000,prefix_length=32",EMDT,avg_tag_responses,4.539100,0.063291,4.650550,0.017543,50
"TOTAL_TAGS=1000,prefix_length=32",HT_EEAC,total_protocol_time_ms,2610.182700,53.303448,2701.303500,14.774962,50
"TOTAL_TAGS=1000,prefix_length=32",HT_EEAC,throughput_tags_per_sec,383.270609,7.779690,394.299120,2.156420,50
"TOTAL_TAGS=1000,prefix_length=32",HT_EEAC,system_efficiency,0.212806,0.006084,0.220996,0.001686,50
"TOTAL_TAGS=1000,prefix_length=32",HT_EEAC,collision_slots,2524.560000,85.542246,2655.600000,23.711101,50
"TOTAL_TAGS=1000,prefix_length=32",HT_EEAC,idle_slots,1178.360000,98.990364,1353.400000,27.438729,50
"TOTAL_TAGS=1000,prefix_length=32",HT_EEAC,total_energy_uj,148698.696275,3558.304146,154162.152150,986.311588,50
"TOTAL_TAGS=1000,prefix_length=32",HT_EEAC,total_listening_energy_uj,148415.571315,3553.190537,153867.858150,984.894168,50
"TOTAL_TAGS=1000,prefix_length=32",HT_EEAC,total_transmission_energy_uj,283.124960,6.451712,294.508400,1.788323,50
"TOTAL_TAGS=1000,prefix_length=32",HT_EEAC,total_bits,255857.200000,4044.352414,262514.800000,1121.037295,50
"TOTAL_TAGS=1000,prefix_length=32",HT_EEAC,avg_tag_bits,152.392960,1.368676,154.489600,0.379378,50
"TOTAL_TAGS=1000,prefix_length=32",HT_EEAC,avg_reader_bits,103.464240,2.981764,108.904400,0.826503,50
"TOTAL_TAGS=1000,prefix_length=32",HT_EEAC,avg_total_bits,255.857200,4.044352,262.514800,1.121037,50
"TOTAL_TAGS=1000,prefix_length=32",HT_EEAC,avg_query_efficiency,0.396551,0.013336,0.416564,0.003697,50
"TOTAL_TAGS=1000,prefix_length=32",HT_EEAC,avg_tag_responses,82.057340,9.840161,95.745650,2.727553,50
"TOTAL_TAGS=1000,prefix_length=32",LAPCT,total_protocol_time_ms,2748.693500,0.622690,2749.750313,0.172601,50
"TOTAL_TAGS=1000,prefix_length=32",LAPCT,throughput_tags_per_sec,363.809224,0.082398,363.894025,0.022839,50
"TOTAL_TAGS=1000,prefix_length=32",LAPCT,system_efficiency,0.490100,0.000243,0.490436,0.000067,50
"TOTAL_TAGS=1000,prefix_length=32",LAPCT,collision_slots,1040.400000,1.010153,1041.000000,0.280000,50
"TOTAL_TAGS=1000,prefix_length=32",LAPCT,idle_slots,0.000000,0.000000,0.000000,0.000000,50
"TOTAL_TAGS=1000,prefix_length=32",LAPCT,total_energy_uj,138573.798260,46.912689,138656.335919,13.003534,50
"TOTAL_TAGS=1000,prefix_length=32",LAPCT,total_listening_energy_uj,138003.508030,46.117181,138084.250094,12.783030,50
"TOTAL_TAGS=1000,prefix_length=32",LAPCT,total_transmission_energy_uj,570.290230,1.034763,572.246025,0.286822,50
"TOTAL_TAGS=1000,prefix_length=32",LAPCT,total_bits,605464.100000,1858.395723,609069.400000,515.121013,50
"TOTAL_TAGS=1000,prefix_length=32",LAPCT,avg_tag_bits,427.091980,1.789754,430.605550,0.496095,50
"TOTAL_TAGS=1000,prefix_length=32",LAPCT,avg_reader_bits,178.372120,0.080650,178.511250,0.022355,50
"TOTAL_TAGS=1000,prefix_length=32",LAPCT,avg_total_bits,605.464100,1.858396,609.069400,0.515121,50
"TOTAL_TAGS=1000,prefix_length=32",LAPCT,avg_query_efficiency,0.961170,0.000934,0.962464,0.000259,50
"TOTAL_TAGS=1000,prefix_length=32",LAPCT,peak_stack_depth,14.380000,0.666701,15.000000,0.184800,50
"TOTAL_TAGS=1000,prefix_length=32",LAPCT,avg_tag_responses,8.308260,0.031887,8.370000,0.008839,50
"TOTAL_TAGS=1000,prefix_length=32",NLHQT(n=2),total_protocol_time_ms,1461.022950,15.194246,1484.245125,4.211630,50
"TOTAL_TAGS=1000,prefix_length=32",NLHQT(n=2),throughput_tags_per_sec,684.524450,7.114803,695.774906,1.972123,50
"TOTAL_TAGS=1000,prefix_length=32",NLHQT(n=2),system_efficiency,0.355312,0.003680,0.361501,0.001020,50
"TOTAL_TAGS=1000,prefix_length=32",NLHQT(n=2),collision_slots,1814.720000,29.148487,1862.850000,8.079548,50
"TOTAL_TAGS=1000,prefix_length=32",NLHQT(n=2),idle_slots,0.000000,0.000000,0.000000,0.000000,50
"TOTAL_TAGS=1000,prefix_length=32",NLHQT(n=2),total_energy_uj,73563.980665,927.912231,74933.196187,257.204148,50
"TOTAL_TAGS=1000,prefix_length=32",NLHQT(n=2),total_listening_energy_uj,73373.540205,926.699589,74741.424888,256.868021,50
"TOTAL_TAGS=1000,prefix_length=32",NLHQT(n=2),total_transmission_energy_uj,190.440460,1.449892,192.649850,0.401889,50
"TOTAL_TAGS=1000,prefix_length=32",NLHQT(n=2),total_bits,201556.160000,782.717698,202753.000000,216.958277,50
"TOTAL_TAGS=1000,prefix_length=32",NLHQT(n=2),avg_tag_bits,141.781240,0.078899,141.905900,0.021870,50
"TOTAL_TAGS=1000,prefix_length=32",NLHQT(n=2),avg_reader_bits,59.774920,0.705740,60.848900,0.195621,50
"TOTAL_TAGS=1000,prefix_length=32",NLHQT(n=2),avg_total_bits,201.556160,0.782718,202.753000,0.216958,50
"TOTAL_TAGS=1000,prefix_length=32",NLHQT(n=2),avg_query_efficiency,0.551189,0.008858,0.566172,0.002455,50
"TOTAL_TAGS=1000,prefix_length=32",NLHQT(n=2),peak_stack_depth,15.720000,0.729551,17.000000,0.202221,50
"TOTAL_TAGS=1000,prefix_length=32",NLHQT(n=2),avg_tag_responses,7.890620,0.039450,7.952950,0.010935,50
"TOTAL_TAGS=1000,prefix_length=32",SGCT,total_protocol_time_ms,1747.452700,18.330636,1772.553125,5.080993,50
"TOTAL_TAGS=1000,prefix_length=32",SGCT,throughput_tags_per_sec,572.323393,6.015823,580.352699,1.667501,50
"TOTAL_TAGS=1000,prefix_length=32",SGCT,system_efficiency,0.673454,0.004253,0.679602,0.001179,50
"TOTAL_TAGS=1000,prefix_length=32",SGCT,collision_slots,484.940000,9.373018,498.100000,2.598068,50
"TOTAL_TAGS=1000,prefix_length=32",SGCT,idle_slots,0.000000,0.000000,0.000000,0.000000,50
"TOTAL_TAGS=1000,prefix_length=32",SGCT,total_energy_uj,88944.346688,1319.842641,91063.936144,365.841715,50
"TOTAL_TAGS=1000,prefix_length=32",SGCT,total_listening_energy_uj,88759.728978,1318.484495,90877.794544,365.465256,50
"TOTAL_TAGS=1000,prefix_length=32",SGCT,total_transmission_energy_uj,184.617710,1.791152,187.149125,0.496482,50
"TOTAL_TAGS=1000,prefix_length=32",SGCT,total_bits,165831.340000,968.384361,167258.200000,268.422450,50
"TOTAL_TAGS=1000,prefix_length=32",SGCT,avg_tag_bits,98.029980,0.115086,98.214900,0.031900,50
"TOTAL_TAGS=1000,prefix_length=32",SGCT,avg_reader_bits,67.801360,0.871855,69.027750,0.241666,50
"TOTAL_TAGS=1000,prefix_length=32",SGCT,avg_total_bits,165.831340,0.968384,167.258200,0.268422,50
"TOTAL_TAGS=1000,prefix_length=32",SGCT,avg_query_efficiency,2.062867,0.039959,2.121118,0.011076,50
"TOTAL_TAGS=1000,prefix_length=32",SGCT,peak_stack_depth,231.100000,3.866391,237.000000,1.071709,50
"TOTAL_TAGS=1000,prefix_length=32",SGCT,progressive_probe_count,249.020000,5.366145,257.550000,1.487419,50
"TOTAL_TAGS=1000,prefix_length=32",SGCT,signature_grouping_trigger_count,236.920000,4.420915,244.100000,1.225415,50
"TOTAL_TAGS=1000,prefix_length=32",SGCT,local_short_id_trigger_count,232.100000,3.866391,238.000000,1.071709,50
"TOTAL_TAGS=1000,prefix_length=32",SGCT,signature_groups_pruned,58258.800000,985.999524,59752.500000,273.305124,50
"TOTAL_TAGS=1000,prefix_length=32",SGCT,sparse_signature_groups,1235.920000,4.420915,1243.100000,1.225415,50
"TOTAL_TAGS=1000,prefix_length=32",SGCT,signature_marker_bits,1989.780000,6.218110,2000.100000,1.723572,50
"TOTAL_TAGS=1000,prefix_length=32",SGCT,signature_marker_tag_bits,1989.780000,6.218110,2000.100000,1.723572,50
"TOTAL_TAGS=1000,prefix_length=32",SGCT,signature_non_idle_marker_count,1235.920000,4.420915,1243.100000,1.225415,50
"TOTAL_TAGS=1000,prefix_length=32",SGCT,signature_collision_groups,235.920000,4.420915,243.100000,1.225415,50
"TOTAL_TAGS=1000,prefix_length=32",SGCT,signature_singleton_groups,1000.000000,0.000000,1000.000000,0.000000,50
"TOTAL_TAGS=1000,prefix_length=32",SGCT,low_d_fallback_count,0.000000,0.000000,0.000000,0.000000,50
"TOTAL_TAGS=1000,prefix_length=32",SGCT,suffix_signature_trigger_count,0.000000,0.000000,0.000000,0.000000,50
"TOTAL_TAGS=1000,prefix_length=32",SGCT,hash_short_id_round_count,0.000000,0.000000,0.000000,0.000000,50
"TOTAL_TAGS=1000,prefix_length=32",SGCT,hash_short_id_split_count,0.000000,0.000000,0.000000,0.000000,50
"TOTAL_TAGS=1000,prefix_length=32",SGCT,hash_short_id_collision_groups,0.000000,0.000000,0.000000,0.000000,50
"TOTAL_TAGS=1000,prefix_length=32",SGCT,hash_short_id_singleton_groups,0.000000,0.000000,0.000000,0.000000,50
"TOTAL_TAGS=1000,prefix_length=32",SGCT,small_cluster_guard_count,0.000000,0.000000,0.000000,0.000000,50
"TOTAL_TAGS=1000,prefix_length=32",SGCT,max_signature_d,8.000000,0.000000,8.000000,0.000000,50
"TOTAL_TAGS=1000,prefix_length=32",SGCT,epc_verification_count,1000.000000,0.000000,1000.000000,0.000000,50
"TOTAL_TAGS=1000,prefix_length=32",SGCT,verify_fail_count,0.000000,0.000000,0.000000,0.000000,50
"TOTAL_TAGS=1000,prefix_length=32",SGCT,avg_tag_responses,4.003980,0.012346,4.025300,0.003422,50
"TOTAL_TAGS=1000,prefix_length=48",DQTA(k_max=3),total_protocol_time_ms,1611.914975,22.024246,1639.122562,6.104809,50
"TOTAL_TAGS=1000,prefix_length=48",DQTA(k_max=3),throughput_tags_per_sec,620.494373,8.534321,636.421731,2.365593,50
"TOTAL_TAGS=1000,prefix_length=48",DQTA(k_max=3),system_efficiency,0.334524,0.006231,0.343838,0.001727,50
"TOTAL_TAGS=1000,prefix_length=48",DQTA(k_max=3),collision_slots,924.080000,15.645094,945.200000,4.336599,50
"TOTAL_TAGS=1000,prefix_length=48",DQTA(k_max=3),idle_slots,1066.260000,49.297849,1144.150000,13.664667,50
"TOTAL_TAGS=1000,prefix_length=48",DQTA(k_max=3),total_energy_uj,81573.730033,1432.215199,84128.650462,396.989799,50
"TOTAL_TAGS=1000,prefix_length=48",DQTA(k_max=3),total_listening_energy_uj,81254.443553,1429.540823,83805.071613,396.248500,50
"TOTAL_TAGS=1000,prefix_length=48",DQTA(k_max=3),total_transmission_energy_uj,319.286480,3.161202,323.418750,0.876240,50
"TOTAL_TAGS=1000,prefix_length=48",DQTA(k_max=3),total_bits,413486.140000,2463.965536,416466.300000,682.976402,50
"TOTAL_TAGS=1000,prefix_length=48",DQTA(k_max=3),avg_tag_bits,338.457200,1.268347,340.225200,0.351568,50
"TOTAL_TAGS=1000,prefix_length=48",DQTA(k_max=3),avg_reader_bits,75.028940,1.307491,76.810200,0.362418,50
"TOTAL_TAGS=1000,prefix_length=48",DQTA(k_max=3),avg_total_bits,413.486140,2.463966,416.466300,0.682976,50
"TOTAL_TAGS=1000,prefix_length=48",DQTA(k_max=3),avg_query_efficiency,1.082464,0.018463,1.114827,0.005118,50
"TOTAL_TAGS=1000,prefix_length=48",DQTA(k_max=3),peak_stack_depth,19.500000,0.909137,21.000000,0.252000,50
"TOTAL_TAGS=1000,prefix_length=48",DQTA(k_max=3),avg_tag_responses,4.051720,0.017887,4.076750,0.004958,50
"TOTAL_TAGS=1000,prefix_length=48",DRCT,total_protocol_time_ms,2109.180550,37.665803,2163.474375,10.440428,50
"TOTAL_TAGS=1000,prefix_length=48",DRCT,throughput_tags_per_sec,474.265659,8.451954,485.741914,2.342762,50
"TOTAL_TAGS=1000,prefix_length=48",DRCT,system_efficiency,0.335848,0.006632,0.344590,0.001838,50
"TOTAL_TAGS=1000,prefix_length=48",DRCT,collision_slots,1488.340000,29.480267,1528.750000,8.171513,50
"TOTAL_TAGS=1000,prefix_length=48",DRCT,idle_slots,490.340000,29.480267,530.750000,8.171513,50
"TOTAL_TAGS=1000,prefix_length=48",DRCT,total_energy_uj,108415.497710,2020.385333,111551.352644,560.022242,50
"TOTAL_TAGS=1000,prefix_length=48",DRCT,energy_per_tag_uj,108.415498,2.020385,111.551353,0.560022,50
"TOTAL_TAGS=1000,prefix_length=48",DRCT,total_reader_tx_energy_uj,255.618480,5.294383,263.135000,1.467528,50
"TOTAL_TAGS=1000,prefix_length=48",DRCT,total_tag_tx_energy_uj,138.582000,0.275438,139.091575,0.076348,50
"TOTAL_TAGS=1000,prefix_length=48",DRCT,total_listening_energy_uj,108021.297230,2015.712745,111150.367244,558.727067,50
"TOTAL_TAGS=1000,prefix_length=48",DRCT,total_transmission_energy_uj,394.200480,5.400026,402.156075,1.496811,50
"TOTAL_TAGS=1000,prefix_length=48",DRCT,total_bits,404973.240000,2892.232437,409609.650000,801.685930,50
"TOTAL_TAGS=1000,prefix_length=48",DRCT,avg_tag_bits,277.164000,0.550877,278.183150,0.152695,50
"TOTAL_TAGS=1000,prefix_length=48",DRCT,avg_reader_bits,127.809240,2.647192,131.567500,0.733764,50
"TOTAL_TAGS=1000,prefix_length=48",DRCT,avg_total_bits,404.973240,2.892232,409.609650,0.801686,50
"TOTAL_TAGS=1000,prefix_length=48",DRCT,avg_query_efficiency,0.672147,0.013281,0.689655,0.003681,50
"TOTAL_TAGS=1000,prefix_length=48",DRCT,peak_stack_depth,9.560000,0.540597,10.000000,0.149846,50
"TOTAL_TAGS=1000,prefix_length=48",DRCT,avg_tag_responses,59.296880,0.070429,59.396750,0.019522,50
"TOTAL_TAGS=1000,prefix_length=48",EAQ_CBB,total_protocol_time_ms,2612.324750,23.541712,2655.148250,6.525430,50
"TOTAL_TAGS=1000,prefix_length=48",EAQ_CBB,throughput_tags_per_sec,382.831226,3.445495,387.976208,0.955042,50
"TOTAL_TAGS=1000,prefix_length=48",EAQ_CBB,system_efficiency,0.545965,0.005485,0.554047,0.001520,50
"TOTAL_TAGS=1000,prefix_length=48",EAQ_CBB,collision_slots,831.800000,18.429125,865.100000,5.108293,50
"TOTAL_TAGS=1000,prefix_length=48",EAQ_CBB,idle_slots,0.000000,0.000000,0.000000,0.000000,50
"TOTAL_TAGS=1000,prefix_length=48",EAQ_CBB,total_energy_uj,131116.732482,1367.635009,133300.780406,379.089084,50
"TOTAL_TAGS=1000,prefix_length=48",EAQ_CBB,total_listening_energy_uj,130707.496913,1364.571419,132886.435406,378.239900,50
"TOTAL_TAGS=1000,prefix_length=48",EAQ_CBB,total_transmission_energy_uj,409.235570,3.518530,415.589250,0.975287,50
"TOTAL_TAGS=1000,prefix_length=48",EAQ_CBB,total_bits,259909.300000,2434.656446,264070.500000,674.852336,50
"TOTAL_TAGS=1000,prefix_length=48",EAQ_CBB,avg_tag_bits,73.722020,0.951860,75.271350,0.263842,50
"TOTAL_TAGS=1000,prefix_length=48",EAQ_CBB,avg_reader_bits,186.187280,1.541863,188.977400,0.427383,50
"TOTAL_TAGS=1000,prefix_length=48",EAQ_CBB,avg_total_bits,259.909300,2.434656,264.070500,0.674852,50
"TOTAL_TAGS=1000,prefix_length=48",EAQ_CBB,avg_query_efficiency,1.202789,0.026581,1.242392,0.007368,50
"TOTAL_TAGS=1000,prefix_length=48",EAQ_CBB,peak_stack_depth,248.400000,2.407471,252.000000,0.667317,50
"TOTAL_TAGS=1000,prefix_length=48",EAQ_CBB,avg_tag_responses,3.786600,0.040652,3.854800,0.011268,50
"TOTAL_TAGS=1000,prefix_length=48",EMDT,total_protocol_time_ms,1322.578600,46.570915,1395.987000,12.908799,50
"TOTAL_TAGS=1000,prefix_length=48",EMDT,throughput_tags_per_sec,756.999728,26.137971,794.586094,7.245076,50
"TOTAL_TAGS=1000,prefix_length=48",EMDT,system_efficiency,0.575615,0.033954,0.628753,0.009412,50
"TOTAL_TAGS=1000,prefix_length=48",EMDT,collision_slots,544.980000,52.970724,627.350000,14.682735,50
"TOTAL_TAGS=1000,prefix_length=48",EMDT,idle_slots,198.380000,53.262879,291.850000,14.763717,50
"TOTAL_TAGS=1000,prefix_length=48",EMDT,total_energy_uj,66218.285030,2662.571747,69711.348150,738.027235,50
"TOTAL_TAGS=1000,prefix_length=48",EMDT,total_listening_energy_uj,66092.023110,2663.755551,69584.968350,738.355369,50
"TOTAL_TAGS=1000,prefix_length=48",EMDT,total_transmission_energy_uj,126.261920,2.570659,129.690000,0.712550,50
"TOTAL_TAGS=1000,prefix_length=48",EMDT,total_bits,168041.200000,2652.659351,171730.800000,735.279659,50
"TOTAL_TAGS=1000,prefix_length=48",EMDT,avg_tag_bits,139.880320,1.890675,142.721600,0.524068,50
"TOTAL_TAGS=1000,prefix_length=48",EMDT,avg_reader_bits,28.160880,0.866539,29.194000,0.240192,50
"TOTAL_TAGS=1000,prefix_length=48",EMDT,avg_total_bits,168.041200,2.652659,171.730800,0.735280,50
"TOTAL_TAGS=1000,prefix_length=48",EMDT,avg_query_efficiency,1.851319,0.173372,2.116104,0.048056,50
"TOTAL_TAGS=1000,prefix_length=48",EMDT,peak_stack_depth,34.500000,1.281740,37.000000,0.355280,50
"TOTAL_TAGS=1000,prefix_length=48",EMDT,avg_tag_responses,4.512700,0.079117,4.639200,0.021930,50
"TOTAL_TAGS=1000,prefix_length=48",HT_EEAC,total_protocol_time_ms,2596.444500,61.585122,2690.978250,17.070525,50
"TOTAL_TAGS=1000,prefix_length=48",HT_EEAC,throughput_tags_per_sec,385.354874,9.160540,399.270364,2.539172,50
"TOTAL_TAGS=1000,prefix_length=48",HT_EEAC,system_efficiency,0.214420,0.006762,0.224628,0.001874,50
"TOTAL_TAGS=1000,prefix_length=48",HT_EEAC,collision_slots,2507.500000,114.944041,2697.950000,31.860863,50
"TOTAL_TAGS=1000,prefix_length=48",HT_EEAC,idle_slots,1160.780000,78.952140,1267.550000,21.884417,50
"TOTAL_TAGS=1000,prefix_length=48",HT_EEAC,total_energy_uj,148268.994510,4352.804323,154935.573625,1206.535802,50
"TOTAL_TAGS=1000,prefix_length=48",HT_EEAC,total_listening_energy_uj,147987.530190,4346.510211,154643.857425,1204.791163,50
"TOTAL_TAGS=1000,prefix_length=48",HT_EEAC,total_transmission_energy_uj,281.464320,7.245383,292.643200,2.008318,50
"TOTAL_TAGS=1000,prefix_length=48",HT_EEAC,total_bits,254822.160000,4879.892719,262276.400000,1352.637251,50
"TOTAL_TAGS=1000,prefix_length=48",HT_EEAC,avg_tag_bits,152.120000,1.839105,155.167200,0.509774,50
"TOTAL_TAGS=1000,prefix_length=48",HT_EEAC,avg_reader_bits,102.702160,3.225882,107.692200,0.894169,50
"TOTAL_TAGS=1000,prefix_length=48",HT_EEAC,avg_total_bits,254.822160,4.879893,262.276400,1.352637,50
"TOTAL_TAGS=1000,prefix_length=48",HT_EEAC,avg_query_efficiency,0.399631,0.018443,0.427684,0.005112,50
"TOTAL_TAGS=1000,prefix_length=48",HT_EEAC,avg_tag_responses,82.547140,11.570266,102.085250,3.207114,50
"TOTAL_TAGS=1000,prefix_length=48",LAPCT,total_protocol_time_ms,2838.263800,0.696957,2839.537812,0.193187,50
"TOTAL_TAGS=1000,prefix_length=48",LAPCT,throughput_tags_per_sec,352.328088,0.086497,352.420734,0.023976,50
"TOTAL_TAGS=1000,prefix_length=48",LAPCT,system_efficiency,0.490081,0.000213,0.490436,0.000059,50
"TOTAL_TAGS=1000,prefix_length=48",LAPCT,collision_slots,1040.480000,0.886175,1041.000000,0.245635,50
"TOTAL_TAGS=1000,prefix_length=48",LAPCT,idle_slots,0.000000,0.000000,0.000000,0.000000,50
"TOTAL_TAGS=1000,prefix_length=48",LAPCT,total_energy_uj,143023.639388,56.082621,143104.513469,15.545310,50
"TOTAL_TAGS=1000,prefix_length=48",LAPCT,total_listening_energy_uj,142481.119608,55.675544,142561.290237,15.432473,50
"TOTAL_TAGS=1000,prefix_length=48",LAPCT,total_transmission_energy_uj,542.519780,0.620778,543.650025,0.172071,50
"TOTAL_TAGS=1000,prefix_length=48",LAPCT,total_bits,503937.760000,1049.033327,505715.800000,290.777203,50
"TOTAL_TAGS=1000,prefix_length=48",LAPCT,avg_tag_bits,310.237160,0.987806,311.849300,0.273806,50
"TOTAL_TAGS=1000,prefix_length=48",LAPCT,avg_reader_bits,193.700600,0.074643,193.837250,0.020690,50
"TOTAL_TAGS=1000,prefix_length=48",LAPCT,avg_total_bits,503.937760,1.049033,505.715800,0.290777,50
"TOTAL_TAGS=1000,prefix_length=48",LAPCT,avg_query_efficiency,0.961096,0.000819,0.962464,0.000227,50
"TOTAL_TAGS=1000,prefix_length=48",LAPCT,peak_stack_depth,14.360000,0.692820,15.550000,0.192040,50
"TOTAL_TAGS=1000,prefix_length=48",LAPCT,avg_tag_responses,8.311180,0.024633,8.352100,0.006828,50
"TOTAL_TAGS=1000,prefix_length=48",NLHQT(n=2),total_protocol_time_ms,1290.407800,11.421606,1307.220375,3.165908,50
"TOTAL_TAGS=1000,prefix_length=48",NLHQT(n=2),throughput_tags_per_sec,775.008484,6.879172,784.086415,1.906809,50
"TOTAL_TAGS=1000,prefix_length=48",NLHQT(n=2),system_efficiency,0.354836,0.003009,0.359021,0.000834,50
"TOTAL_TAGS=1000,prefix_length=48",NLHQT(n=2),collision_slots,1818.400000,23.853293,1854.000000,6.611796,50
"TOTAL_TAGS=1000,prefix_length=48",NLHQT(n=2),idle_slots,0.000000,0.000000,0.000000,0.000000,50
"TOTAL_TAGS=1000,prefix_length=48",NLHQT(n=2),total_energy_uj,64914.151245,758.938135,66082.524675,210.366918,50
"TOTAL_TAGS=1000,prefix_length=48",NLHQT(n=2),total_listening_energy_uj,64739.545165,757.898629,65905.819275,210.078782,50
"TOTAL_TAGS=1000,prefix_length=48",NLHQT(n=2),total_transmission_energy_uj,174.606080,1.201377,176.400700,0.333005,50
"TOTAL_TAGS=1000,prefix_length=48",NLHQT(n=2),total_bits,169647.760000,645.094853,170613.800000,178.811171,50
"TOTAL_TAGS=1000,prefix_length=48",NLHQT(n=2),avg_tag_bits,109.792960,0.062812,109.884600,0.017411,50
"TOTAL_TAGS=1000,prefix_length=48",NLHQT(n=2),avg_reader_bits,59.854800,0.585980,60.728100,0.162425,50
"TOTAL_TAGS=1000,prefix_length=48",NLHQT(n=2),avg_total_bits,169.647760,0.645095,170.613800,0.178811,50
"TOTAL_TAGS=1000,prefix_length=48",NLHQT(n=2),avg_query_efficiency,0.550027,0.007239,0.560115,0.002007,50
"TOTAL_TAGS=1000,prefix_length=48",NLHQT(n=2),peak_stack_depth,16.000000,1.049781,18.000000,0.290985,50
"TOTAL_TAGS=1000,prefix_length=48",NLHQT(n=2),avg_tag_responses,7.896480,0.031406,7.942300,0.008705,50
"TOTAL_TAGS=1000,prefix_length=48",SGCT,total_protocol_time_ms,1740.025875,25.385161,1774.293813,7.036408,50
"TOTAL_TAGS=1000,prefix_length=48",SGCT,throughput_tags_per_sec,574.825008,8.459112,586.837055,2.344746,50
"TOTAL_TAGS=1000,prefix_length=48",SGCT,system_efficiency,0.674315,0.005452,0.682014,0.001511,50
"TOTAL_TAGS=1000,prefix_length=48",SGCT,collision_slots,483.080000,11.941763,500.100000,3.310088,50
"TOTAL_TAGS=1000,prefix_length=48",SGCT,idle_slots,0.000000,0.000000,0.000000,0.000000,50
"TOTAL_TAGS=1000,prefix_length=48",SGCT,total_energy_uj,88407.571393,1917.014705,91604.651038,531.369366,50
"TOTAL_TAGS=1000,prefix_length=48",SGCT,total_listening_energy_uj,88215.818372,1914.777805,91410.211263,530.749329,50
"TOTAL_TAGS=1000,prefix_length=48",SGCT,total_transmission_energy_uj,191.753020,2.649935,195.547675,0.734524,50
"TOTAL_TAGS=1000,prefix_length=48",SGCT,total_bits,157386.080000,1426.118034,159434.300000,395.299751,50
"TOTAL_TAGS=1000,prefix_length=48",SGCT,avg_tag_bits,82.012760,0.160831,82.298850,0.044580,50
"TOTAL_TAGS=1000,prefix_length=48",SGCT,avg_reader_bits,75.373320,1.291994,77.220350,0.358122,50
"TOTAL_TAGS=1000,prefix_length=48",SGCT,avg_total_bits,157.386080,1.426118,159.434300,0.395300,50
"TOTAL_TAGS=1000,prefix_length=48",SGCT,avg_query_efficiency,2.071307,0.051929,2.144833,0.014394,50
"TOTAL_TAGS=1000,prefix_length=48",SGCT,peak_stack_depth,230.020000,4.800043,237.550000,1.330504,50
"TOTAL_TAGS=1000,prefix_length=48",SGCT,progressive_probe_count,248.060000,7.135453,258.000000,1.977847,50
"TOTAL_TAGS=1000,prefix_length=48",SGCT,signature_grouping_trigger_count,236.020000,5.084952,243.000000,1.409477,50
"TOTAL_TAGS=1000,prefix_length=48",SGCT,local_short_id_trigger_count,231.020000,4.800043,238.550000,1.330504,50
"TOTAL_TAGS=1000,prefix_length=48",SGCT,signature_groups_pruned,57986.100000,1222.588209,59903.250000,338.884162,50
"TOTAL_TAGS=1000,prefix_length=48",SGCT,sparse_signature_groups,1235.020000,5.084952,1242.000000,1.409477,50
"TOTAL_TAGS=1000,prefix_length=48",SGCT,signature_marker_bits,1989.140000,5.598870,1998.000000,1.551928,50
"TOTAL_TAGS=1000,prefix_length=48",SGCT,signature_marker_tag_bits,1989.140000,5.598870,1998.000000,1.551928,50
"TOTAL_TAGS=1000,prefix_length=48",SGCT,signature_non_idle_marker_count,1235.020000,5.084952,1242.000000,1.409477,50
"TOTAL_TAGS=1000,prefix_length=48",SGCT,signature_collision_groups,235.020000,5.084952,242.000000,1.409477,50
"TOTAL_TAGS=1000,prefix_length=48",SGCT,signature_singleton_groups,1000.000000,0.000000,1000.000000,0.000000,50
"TOTAL_TAGS=1000,prefix_length=48",SGCT,low_d_fallback_count,0.000000,0.000000,0.000000,0.000000,50
"TOTAL_TAGS=1000,prefix_length=48",SGCT,suffix_signature_trigger_count,0.000000,0.000000,0.000000,0.000000,50
"TOTAL_TAGS=1000,prefix_length=48",SGCT,hash_short_id_round_count,0.000000,0.000000,0.000000,0.000000,50
"TOTAL_TAGS=1000,prefix_length=48",SGCT,hash_short_id_split_count,0.000000,0.000000,0.000000,0.000000,50
"TOTAL_TAGS=1000,prefix_length=48",SGCT,hash_short_id_collision_groups,0.000000,0.000000,0.000000,0.000000,50
"TOTAL_TAGS=1000,prefix_length=48",SGCT,hash_short_id_singleton_groups,0.000000,0.000000,0.000000,0.000000,50
"TOTAL_TAGS=1000,prefix_length=48",SGCT,small_cluster_guard_count,0.000000,0.000000,0.000000,0.000000,50
"TOTAL_TAGS=1000,prefix_length=48",SGCT,max_signature_d,8.000000,0.000000,8.000000,0.000000,50
"TOTAL_TAGS=1000,prefix_length=48",SGCT,epc_verification_count,1000.000000,0.000000,1000.000000,0.000000,50
"TOTAL_TAGS=1000,prefix_length=48",SGCT,verify_fail_count,0.000000,0.000000,0.000000,0.000000,50
"TOTAL_TAGS=1000,prefix_length=48",SGCT,avg_tag_responses,4.002620,0.014777,4.028550,0.004096,50
"TOTAL_TAGS=1000,prefix_length=64",DQTA(k_max=3),total_protocol_time_ms,1609.073275,23.171870,1645.807250,6.422915,50
"TOTAL_TAGS=1000,prefix_length=64",DQTA(k_max=3),throughput_tags_per_sec,621.602904,9.012804,636.802494,2.498222,50
"TOTAL_TAGS=1000,prefix_length=64",DQTA(k_max=3),system_efficiency,0.334954,0.005011,0.343048,0.001389,50
"TOTAL_TAGS=1000,prefix_length=64",DQTA(k_max=3),collision_slots,927.520000,15.922311,953.200000,4.413440,50
"TOTAL_TAGS=1000,prefix_length=64",DQTA(k_max=3),idle_slots,1058.620000,41.435413,1123.100000,11.485311,50
"TOTAL_TAGS=1000,prefix_length=64",DQTA(k_max=3),total_energy_uj,81132.512427,1488.583561,83229.605900,412.614312,50
"TOTAL_TAGS=1000,prefix_length=64",DQTA(k_max=3),total_listening_energy_uj,80847.714737,1485.723670,82942.658800,411.821591,50
"TOTAL_TAGS=1000,prefix_length=64",DQTA(k_max=3),total_transmission_energy_uj,284.797690,3.477168,290.175575,0.963822,50
"TOTAL_TAGS=1000,prefix_length=64",DQTA(k_max=3),total_bits,299074.040000,2222.415160,302328.100000,616.022053,50
"TOTAL_TAGS=1000,prefix_length=64",DQTA(k_max=3),avg_tag_bits,208.900260,0.726098,209.998200,0.201264,50
"TOTAL_TAGS=1000,prefix_length=64",DQTA(k_max=3),avg_reader_bits,90.173780,1.586083,92.741400,0.439640,50
"TOTAL_TAGS=1000,prefix_length=64",DQTA(k_max=3),avg_total_bits,299.074040,2.222415,302.328100,0.616022,50
"TOTAL_TAGS=1000,prefix_length=64",DQTA(k_max=3),avg_query_efficiency,1.078458,0.018661,1.111236,0.005173,50
"TOTAL_TAGS=1000,prefix_length=64",DQTA(k_max=3),peak_stack_depth,19.520000,0.862838,21.000000,0.239167,50
"TOTAL_TAGS=1000,prefix_length=64",DQTA(k_max=3),avg_tag_responses,4.054160,0.017805,4.079200,0.004935,50
"TOTAL_TAGS=1000,prefix_length=64",DRCT,total_protocol_time_ms,2331.865725,35.194716,2386.080875,9.755477,50
"TOTAL_TAGS=1000,prefix_length=64",DRCT,throughput_tags_per_sec,428.936974,6.478775,439.330026,1.795825,50
"TOTAL_TAGS=1000,prefix_length=64",DRCT,system_efficiency,0.331236,0.005306,0.339769,0.001471,50
"TOTAL_TAGS=1000,prefix_length=64",DRCT,collision_slots,1508.880000,24.216405,1545.550000,6.712445,50
"TOTAL_TAGS=1000,prefix_length=64",DRCT,idle_slots,510.880000,24.216405,547.550000,6.712445,50
"TOTAL_TAGS=1000,prefix_length=64",DRCT,total_energy_uj,120364.887245,2281.045098,123767.192206,632.273443,50
"TOTAL_TAGS=1000,prefix_length=64",DRCT,energy_per_tag_uj,120.364887,2.281045,123.767192,0.632273,50
"TOTAL_TAGS=1000,prefix_length=64",DRCT,total_reader_tx_energy_uj,307.407080,5.014029,315.074800,1.389818,50
"TOTAL_TAGS=1000,prefix_length=64",DRCT,total_tag_tx_energy_uj,161.880690,0.175813,162.169350,0.048733,50
"TOTAL_TAGS=1000,prefix_length=64",DRCT,total_listening_energy_uj,119895.599475,2276.808241,123293.342381,631.099046,50
"TOTAL_TAGS=1000,prefix_length=64",DRCT,total_transmission_energy_uj,469.287770,5.108154,477.153025,1.415908,50
"TOTAL_TAGS=1000,prefix_length=64",DRCT,total_bits,477464.920000,2707.509171,481693.300000,750.483253,50
"TOTAL_TAGS=1000,prefix_length=64",DRCT,avg_tag_bits,323.761380,0.351625,324.338700,0.097466,50
"TOTAL_TAGS=1000,prefix_length=64",DRCT,avg_reader_bits,153.703540,2.507014,157.537400,0.694909,50
"TOTAL_TAGS=1000,prefix_length=64",DRCT,avg_total_bits,477.464920,2.707509,481.693300,0.750483,50
"TOTAL_TAGS=1000,prefix_length=64",DRCT,avg_query_efficiency,0.662910,0.010627,0.680000,0.002946,50
"TOTAL_TAGS=1000,prefix_length=64",DRCT,peak_stack_depth,9.580000,0.537948,10.000000,0.149112,50
"TOTAL_TAGS=1000,prefix_length=64",DRCT,avg_tag_responses,75.306900,0.058638,75.399600,0.016254,50
"TOTAL_TAGS=1000,prefix_length=64",EAQ_CBB,total_protocol_time_ms,2732.702025,21.866985,2766.788687,6.061219,50
"TOTAL_TAGS=1000,prefix_length=64",EAQ_CBB,throughput_tags_per_sec,365.961186,2.934158,371.117804,0.813307,50
"TOTAL_TAGS=1000,prefix_length=64",EAQ_CBB,system_efficiency,0.546868,0.004598,0.555001,0.001275,50
"TOTAL_TAGS=1000,prefix_length=64",EAQ_CBB,collision_slots,828.720000,15.342405,852.200000,4.252698,50
"TOTAL_TAGS=1000,prefix_length=64",EAQ_CBB,idle_slots,0.000000,0.000000,0.000000,0.000000,50
"TOTAL_TAGS=1000,prefix_length=64",EAQ_CBB,total_energy_uj,137031.989080,1453.633255,138931.212450,402.926581,50
"TOTAL_TAGS=1000,prefix_length=64",EAQ_CBB,total_listening_energy_uj,136607.911130,1450.930791,138506.619725,402.177497,50
"TOTAL_TAGS=1000,prefix_length=64",EAQ_CBB,total_transmission_energy_uj,424.077950,3.276709,429.210975,0.908257,50
"TOTAL_TAGS=1000,prefix_length=64",EAQ_CBB,total_bits,250611.940000,1996.169653,253592.350000,553.309998,50
"TOTAL_TAGS=1000,prefix_length=64",EAQ_CBB,avg_tag_bits,51.430620,0.574573,52.318250,0.159264,50
"TOTAL_TAGS=1000,prefix_length=64",EAQ_CBB,avg_reader_bits,199.181320,1.527496,201.588300,0.423400,50
"TOTAL_TAGS=1000,prefix_length=64",EAQ_CBB,avg_total_bits,250.611940,1.996170,253.592350,0.553310,50
"TOTAL_TAGS=1000,prefix_length=64",EAQ_CBB,avg_query_efficiency,1.207088,0.022465,1.247201,0.006227,50
"TOTAL_TAGS=1000,prefix_length=64",EAQ_CBB,peak_stack_depth,248.760000,2.263824,252.000000,0.627500,50
"TOTAL_TAGS=1000,prefix_length=64",EAQ_CBB,avg_tag_responses,3.785000,0.036057,3.844200,0.009995,50
"TOTAL_TAGS=1000,prefix_length=64",EMDT,total_protocol_time_ms,1333.727450,38.943000,1390.947000,10.794449,50
"TOTAL_TAGS=1000,prefix_length=64",EMDT,throughput_tags_per_sec,750.406298,21.958367,782.557227,6.086549,50
"TOTAL_TAGS=1000,prefix_length=64",EMDT,system_efficiency,0.566279,0.028202,0.606999,0.007817,50
"TOTAL_TAGS=1000,prefix_length=64",EMDT,collision_slots,557.760000,44.041520,624.850000,12.207687,50
"TOTAL_TAGS=1000,prefix_length=64",EMDT,idle_slots,212.420000,44.715011,273.100000,12.394369,50
"TOTAL_TAGS=1000,prefix_length=64",EMDT,total_energy_uj,66636.866515,2122.534541,69509.079013,588.336558,50
"TOTAL_TAGS=1000,prefix_length=64",EMDT,total_listening_energy_uj,66511.204595,2123.426674,69383.531812,588.583845,50
"TOTAL_TAGS=1000,prefix_length=64",EMDT,total_transmission_energy_uj,125.661920,2.218056,129.682200,0.614814,50
"TOTAL_TAGS=1000,prefix_length=64",EMDT,total_bits,167371.840000,2249.530557,171264.300000,623.538058,50
"TOTAL_TAGS=1000,prefix_length=64",EMDT,avg_tag_bits,139.387840,1.580494,141.907200,0.438091,50
"TOTAL_TAGS=1000,prefix_length=64",EMDT,avg_reader_bits,27.984000,0.760013,29.376600,0.210665,50
"TOTAL_TAGS=1000,prefix_length=64",EMDT,avg_total_bits,167.371840,2.249531,171.264300,0.623538,50
"TOTAL_TAGS=1000,prefix_length=64",EMDT,avg_query_efficiency,1.803968,0.143951,2.018369,0.039901,50
"TOTAL_TAGS=1000,prefix_length=64",EMDT,peak_stack_depth,34.260000,1.482001,37.000000,0.410790,50
"TOTAL_TAGS=1000,prefix_length=64",EMDT,avg_tag_responses,4.526980,0.068192,4.620200,0.018902,50
"TOTAL_TAGS=1000,prefix_length=64",HT_EEAC,total_protocol_time_ms,2605.277550,64.548865,2710.507875,17.892032,50
"TOTAL_TAGS=1000,prefix_length=64",HT_EEAC,throughput_tags_per_sec,384.065449,9.442431,396.644497,2.617308,50
"TOTAL_TAGS=1000,prefix_length=64",HT_EEAC,system_efficiency,0.213486,0.007438,0.223385,0.002062,50
"TOTAL_TAGS=1000,prefix_length=64",HT_EEAC,collision_slots,2520.640000,94.687620,2682.600000,26.246069,50
"TOTAL_TAGS=1000,prefix_length=64",HT_EEAC,idle_slots,1169.140000,116.134336,1357.250000,32.190796,50
"TOTAL_TAGS=1000,prefix_length=64",HT_EEAC,total_energy_uj,148177.354915,3584.104521,154331.958538,993.463088,50
"TOTAL_TAGS=1000,prefix_length=64",HT_EEAC,total_listening_energy_uj,147894.839475,3577.838173,154033.978537,991.726144,50
"TOTAL_TAGS=1000,prefix_length=64",HT_EEAC,total_transmission_energy_uj,282.515440,7.843651,295.040600,2.174149,50
"TOTAL_TAGS=1000,prefix_length=64",HT_EEAC,total_bits,255505.400000,4853.354998,263676.100000,1345.281370,50
"TOTAL_TAGS=1000,prefix_length=64",HT_EEAC,avg_tag_bits,152.330240,1.515002,154.921600,0.419937,50
"TOTAL_TAGS=1000,prefix_length=64",HT_EEAC,avg_reader_bits,103.175160,3.637271,109.144200,1.008200,50
"TOTAL_TAGS=1000,prefix_length=64",HT_EEAC,avg_total_bits,255.505400,4.853355,263.676100,1.345281,50
"TOTAL_TAGS=1000,prefix_length=64",HT_EEAC,avg_query_efficiency,0.397268,0.014760,0.417842,0.004091,50
"TOTAL_TAGS=1000,prefix_length=64",HT_EEAC,avg_tag_responses,85.411980,11.516926,104.292550,3.192329,50
"TOTAL_TAGS=1000,prefix_length=64",LAPCT,total_protocol_time_ms,2927.921975,1.105082,2929.652187,0.306313,50
"TOTAL_TAGS=1000,prefix_length=64",LAPCT,throughput_tags_per_sec,341.539203,0.128853,341.655200,0.035716,50
"TOTAL_TAGS=1000,prefix_length=64",LAPCT,system_efficiency,0.490110,0.000246,0.490436,0.000068,50
"TOTAL_TAGS=1000,prefix_length=64",LAPCT,collision_slots,1040.360000,1.025392,1041.000000,0.284224,50
"TOTAL_TAGS=1000,prefix_length=64",LAPCT,idle_slots,0.000000,0.000000,0.000000,0.000000,50
"TOTAL_TAGS=1000,prefix_length=64",LAPCT,total_energy_uj,147463.856353,74.881074,147605.304625,20.755975,50
"TOTAL_TAGS=1000,prefix_length=64",LAPCT,total_listening_energy_uj,146949.134952,74.406995,147089.442625,20.624567,50
"TOTAL_TAGS=1000,prefix_length=64",LAPCT,total_transmission_energy_uj,514.721400,0.564328,515.709775,0.156424,50
"TOTAL_TAGS=1000,prefix_length=64",LAPCT,total_bits,402343.500000,825.322479,403821.750000,228.767720,50
"TOTAL_TAGS=1000,prefix_length=64",LAPCT,avg_tag_bits,193.310400,0.728306,194.608000,0.201876,50
"TOTAL_TAGS=1000,prefix_length=64",LAPCT,avg_reader_bits,209.033100,0.108214,209.215550,0.029996,50
"TOTAL_TAGS=1000,prefix_length=64",LAPCT,avg_total_bits,402.343500,0.825322,403.821750,0.228768,50
"TOTAL_TAGS=1000,prefix_length=64",LAPCT,avg_query_efficiency,0.961207,0.000949,0.962464,0.000263,50
"TOTAL_TAGS=1000,prefix_length=64",LAPCT,peak_stack_depth,14.480000,0.862838,16.000000,0.239167,50
"TOTAL_TAGS=1000,prefix_length=64",LAPCT,avg_tag_responses,8.313000,0.029269,8.369200,0.008113,50
"TOTAL_TAGS=1000,prefix_length=64",NLHQT(n=2),total_protocol_time_ms,1120.351800,10.012494,1137.090125,2.775322,50
"TOTAL_TAGS=1000,prefix_length=64",NLHQT(n=2),throughput_tags_per_sec,892.646487,7.959682,905.222242,2.206311,50
"TOTAL_TAGS=1000,prefix_length=64",NLHQT(n=2),system_efficiency,0.354507,0.003170,0.359609,0.000879,50
"TOTAL_TAGS=1000,prefix_length=64",NLHQT(n=2),collision_slots,1821.040000,25.252973,1861.750000,6.999767,50
"TOTAL_TAGS=1000,prefix_length=64",NLHQT(n=2),idle_slots,0.000000,0.000000,0.000000,0.000000,50
"TOTAL_TAGS=1000,prefix_length=64",NLHQT(n=2),total_energy_uj,56347.942150,552.983233,57308.440775,153.279132,50
"TOTAL_TAGS=1000,prefix_length=64",NLHQT(n=2),total_listening_energy_uj,56189.093470,551.934633,57147.696725,152.988475,50
"TOTAL_TAGS=1000,prefix_length=64",NLHQT(n=2),total_transmission_energy_uj,158.848680,1.218848,160.892200,0.337847,50
"TOTAL_TAGS=1000,prefix_length=64",NLHQT(n=2),total_bits,137776.080000,655.194249,138861.800000,181.610580,50
"TOTAL_TAGS=1000,prefix_length=64",NLHQT(n=2),avg_tag_bits,77.802320,0.063801,77.904800,0.017685,50
"TOTAL_TAGS=1000,prefix_length=64",NLHQT(n=2),avg_reader_bits,59.973760,0.594240,60.973100,0.164715,50
"TOTAL_TAGS=1000,prefix_length=64",NLHQT(n=2),avg_total_bits,137.776080,0.655194,138.861800,0.181611,50
"TOTAL_TAGS=1000,prefix_length=64",NLHQT(n=2),avg_query_efficiency,0.549240,0.007604,0.561546,0.002108,50
"TOTAL_TAGS=1000,prefix_length=64",NLHQT(n=2),peak_stack_depth,15.840000,0.738448,17.000000,0.204687,50
"TOTAL_TAGS=1000,prefix_length=64",NLHQT(n=2),avg_tag_responses,7.901160,0.031901,7.952400,0.008842,50
"TOTAL_TAGS=1000,prefix_length=64",SGCT,total_protocol_time_ms,931.058100,27.095331,976.086562,7.510443,50
"TOTAL_TAGS=1000,prefix_length=64",SGCT,throughput_tags_per_sec,1074.943168,31.457721,1130.545821,8.719635,50
"TOTAL_TAGS=1000,prefix_length=64",SGCT,system_efficiency,0.826446,0.011250,0.846169,0.003118,50
"TOTAL_TAGS=1000,prefix_length=64",SGCT,collision_slots,210.220000,16.446934,237.950000,4.558857,50
"TOTAL_TAGS=1000,prefix_length=64",SGCT,idle_slots,0.000000,0.000000,0.000000,0.000000,50
"TOTAL_TAGS=1000,prefix_length=64",SGCT,total_energy_uj,35648.947623,666.149135,36831.808706,184.647120,50
"TOTAL_TAGS=1000,prefix_length=64",SGCT,total_listening_energy_uj,35536.983443,662.177739,36712.982056,183.546305,50
"TOTAL_TAGS=1000,prefix_length=64",SGCT,total_transmission_energy_uj,111.964180,3.999392,118.644050,1.108575,50
"TOTAL_TAGS=1000,prefix_length=64",SGCT,total_bits,83357.180000,2199.919096,87080.050000,609.786463,50
"TOTAL_TAGS=1000,prefix_length=64",SGCT,avg_tag_bits,36.500120,0.274880,36.965050,0.076193,50
"TOTAL_TAGS=1000,prefix_length=64",SGCT,avg_reader_bits,46.857060,1.933233,50.073850,0.535865,50
"TOTAL_TAGS=1000,prefix_length=64",SGCT,avg_total_bits,83.357180,2.199919,87.080050,0.609786,50
"TOTAL_TAGS=1000,prefix_length=64",SGCT,avg_query_efficiency,4.786193,0.384341,5.501208,0.106534,50
"TOTAL_TAGS=1000,prefix_length=64",SGCT,peak_stack_depth,104.620000,8.148845,117.650000,2.258745,50
"TOTAL_TAGS=1000,prefix_length=64",SGCT,progressive_probe_count,105.220000,8.209725,119.200000,2.275620,50
"TOTAL_TAGS=1000,prefix_length=64",SGCT,signature_grouping_trigger_count,105.860000,8.231374,119.750000,2.281620,50
"TOTAL_TAGS=1000,prefix_length=64",SGCT,local_short_id_trigger_count,1.000000,0.000000,1.000000,0.000000,50
"TOTAL_TAGS=1000,prefix_length=64",SGCT,signature_groups_pruned,4669.040000,123.476009,4877.250000,34.225804,50
"TOTAL_TAGS=1000,prefix_length=64",SGCT,sparse_signature_groups,1104.720000,8.233927,1118.200000,2.282328,50
"TOTAL_TAGS=1000,prefix_length=64",SGCT,signature_marker_bits,1218.320000,17.064631,1247.300000,4.730074,50
"TOTAL_TAGS=1000,prefix_length=64",SGCT,signature_marker_tag_bits,1218.320000,17.064631,1247.300000,4.730074,50
"TOTAL_TAGS=1000,prefix_length=64",SGCT,signature_non_idle_marker_count,1104.720000,8.233927,1118.200000,2.282328,50
"TOTAL_TAGS=1000,prefix_length=64",SGCT,signature_collision_groups,105.000000,8.243736,118.750000,2.285047,50
"TOTAL_TAGS=1000,prefix_length=64",SGCT,signature_singleton_groups,999.720000,0.701020,1000.000000,0.194313,50
"TOTAL_TAGS=1000,prefix_length=64",SGCT,low_d_fallback_count,0.140000,0.350510,1.000000,0.097156,50
"TOTAL_TAGS=1000,prefix_length=64",SGCT,suffix_signature_trigger_count,1.000000,0.000000,1.000000,0.000000,50
"TOTAL_TAGS=1000,prefix_length=64",SGCT,hash_short_id_round_count,0.000000,0.000000,0.000000,0.000000,50
"TOTAL_TAGS=1000,prefix_length=64",SGCT,hash_short_id_split_count,0.000000,0.000000,0.000000,0.000000,50
"TOTAL_TAGS=1000,prefix_length=64",SGCT,hash_short_id_collision_groups,0.000000,0.000000,0.000000,0.000000,50
"TOTAL_TAGS=1000,prefix_length=64",SGCT,hash_short_id_singleton_groups,0.000000,0.000000,0.000000,0.000000,50
"TOTAL_TAGS=1000,prefix_length=64",SGCT,small_cluster_guard_count,0.000000,0.000000,0.000000,0.000000,50
"TOTAL_TAGS=1000,prefix_length=64",SGCT,max_signature_d,12.000000,0.000000,12.000000,0.000000,50
"TOTAL_TAGS=1000,prefix_length=64",SGCT,epc_verification_count,1000.000000,0.000000,1000.000000,0.000000,50
"TOTAL_TAGS=1000,prefix_length=64",SGCT,verify_fail_count,0.000000,0.000000,0.000000,0.000000,50
"TOTAL_TAGS=1000,prefix_length=64",SGCT,avg_tag_responses,1.437640,0.034156,1.497700,0.009468,50
"TOTAL_TAGS=1000,prefix_length=72",DQTA(k_max=3),total_protocol_time_ms,1603.166400,25.223963,1641.708875,6.991726,50
"TOTAL_TAGS=1000,prefix_length=72",DQTA(k_max=3),throughput_tags_per_sec,623.916650,9.799453,638.840675,2.716270,50
"TOTAL_TAGS=1000,prefix_length=72",DQTA(k_max=3),system_efficiency,0.334599,0.005679,0.342971,0.001574,50
"TOTAL_TAGS=1000,prefix_length=72",DQTA(k_max=3),collision_slots,925.720000,16.372002,950.100000,4.538087,50
"TOTAL_TAGS=1000,prefix_length=72",DQTA(k_max=3),idle_slots,1063.780000,44.257728,1129.300000,12.267616,50
"TOTAL_TAGS=1000,prefix_length=72",DQTA(k_max=3),total_energy_uj,81045.597783,1387.301651,83264.797575,384.540399,50
"TOTAL_TAGS=1000,prefix_length=72",DQTA(k_max=3),total_listening_energy_uj,80778.767382,1384.094364,82994.348675,383.651384,50
"TOTAL_TAGS=1000,prefix_length=72",DQTA(k_max=3),total_transmission_energy_uj,266.830400,3.725125,272.499250,1.032552,50
"TOTAL_TAGS=1000,prefix_length=72",DQTA(k_max=3),total_bits,241436.200000,2172.491244,244909.850000,602.183850,50
"TOTAL_TAGS=1000,prefix_length=72",DQTA(k_max=3),avg_tag_bits,144.028000,0.472362,144.865150,0.130932,50
"TOTAL_TAGS=1000,prefix_length=72",DQTA(k_max=3),avg_reader_bits,97.408200,1.762969,100.075850,0.488670,50
"TOTAL_TAGS=1000,prefix_length=72",DQTA(k_max=3),avg_total_bits,241.436200,2.172491,244.909850,0.602184,50
"TOTAL_TAGS=1000,prefix_length=72",DQTA(k_max=3),avg_query_efficiency,1.080571,0.019084,1.109878,0.005290,50
"TOTAL_TAGS=1000,prefix_length=72",DQTA(k_max=3),peak_stack_depth,19.460000,0.994064,21.550000,0.275540,50
"TOTAL_TAGS=1000,prefix_length=72",DQTA(k_max=3),avg_tag_responses,4.054060,0.019889,4.089200,0.005513,50
"TOTAL_TAGS=1000,prefix_length=72",DRCT,total_protocol_time_ms,2432.704950,48.003254,2519.534187,13.305823,50
"TOTAL_TAGS=1000,prefix_length=72",DRCT,throughput_tags_per_sec,411.221449,8.089603,424.553826,2.242323,50
"TOTAL_TAGS=1000,prefix_length=72",DRCT,system_efficiency,0.330043,0.006647,0.340368,0.001842,50
"TOTAL_TAGS=1000,prefix_length=72",DRCT,collision_slots,1514.560000,30.645544,1569.100000,8.494512,50
"TOTAL_TAGS=1000,prefix_length=72",DRCT,idle_slots,516.560000,30.645544,571.100000,8.494512,50
"TOTAL_TAGS=1000,prefix_length=72",DRCT,total_energy_uj,126187.199670,2660.961990,130629.069550,737.581033,50
"TOTAL_TAGS=1000,prefix_length=72",DRCT,energy_per_tag_uj,126.187200,2.660962,130.629069,0.737581,50
"TOTAL_TAGS=1000,prefix_length=72",DRCT,total_reader_tx_energy_uj,331.721960,6.901283,344.174200,1.912938,50
"TOTAL_TAGS=1000,prefix_length=72",DRCT,total_tag_tx_energy_uj,173.517110,0.136883,173.730825,0.037942,50
"TOTAL_TAGS=1000,prefix_length=72",DRCT,total_listening_energy_uj,125681.960600,2654.925881,130117.192975,735.907909,50
"TOTAL_TAGS=1000,prefix_length=72",DRCT,total_transmission_energy_uj,505.239070,7.012869,517.908625,1.943868,50
"TOTAL_TAGS=1000,prefix_length=72",DRCT,total_bits,512895.200000,3676.379092,519557.050000,1019.040294,50
"TOTAL_TAGS=1000,prefix_length=72",DRCT,avg_tag_bits,347.034220,0.273767,347.461650,0.075884,50
"TOTAL_TAGS=1000,prefix_length=72",DRCT,avg_reader_bits,165.860980,3.450641,172.087100,0.956469,50
"TOTAL_TAGS=1000,prefix_length=72",DRCT,avg_total_bits,512.895200,3.676379,519.557050,1.019040,50
"TOTAL_TAGS=1000,prefix_length=72",DRCT,avg_query_efficiency,0.660522,0.013311,0.681199,0.003690,50
"TOTAL_TAGS=1000,prefix_length=72",DRCT,peak_stack_depth,9.700000,0.614452,11.000000,0.170317,50
"TOTAL_TAGS=1000,prefix_length=72",DRCT,avg_tag_responses,83.298380,0.068198,83.416000,0.018903,50
"TOTAL_TAGS=1000,prefix_length=72",EAQ_CBB,total_protocol_time_ms,2794.243900,23.639019,2832.216562,6.552402,50
"TOTAL_TAGS=1000,prefix_length=72",EAQ_CBB,throughput_tags_per_sec,357.903704,3.032234,362.682490,0.840492,50
"TOTAL_TAGS=1000,prefix_length=72",EAQ_CBB,system_efficiency,0.546990,0.004729,0.554386,0.001311,50
"TOTAL_TAGS=1000,prefix_length=72",EAQ_CBB,collision_slots,828.320000,15.786122,854.000000,4.375690,50
"TOTAL_TAGS=1000,prefix_length=72",EAQ_CBB,idle_slots,0.000000,0.000000,0.000000,0.000000,50
"TOTAL_TAGS=1000,prefix_length=72",EAQ_CBB,total_energy_uj,140172.656148,1450.317640,142447.475906,402.007540,50
"TOTAL_TAGS=1000,prefix_length=72",EAQ_CBB,total_listening_energy_uj,139741.027687,1447.511608,142010.767256,401.229747,50
"TOTAL_TAGS=1000,prefix_length=72",EAQ_CBB,total_transmission_energy_uj,431.628460,3.544656,437.233275,0.982529,50
"TOTAL_TAGS=1000,prefix_length=72",EAQ_CBB,total_bits,245961.560000,2010.455194,249186.250000,557.269748,50
"TOTAL_TAGS=1000,prefix_length=72",EAQ_CBB,avg_tag_bits,40.196440,0.386692,40.836650,0.107186,50
"TOTAL_TAGS=1000,prefix_length=72",EAQ_CBB,avg_reader_bits,205.765120,1.696546,208.483300,0.470259,50
"TOTAL_TAGS=1000,prefix_length=72",EAQ_CBB,avg_total_bits,245.961560,2.010455,249.186250,0.557270,50
"TOTAL_TAGS=1000,prefix_length=72",EAQ_CBB,avg_query_efficiency,1.207694,0.023094,1.244098,0.006401,50
"TOTAL_TAGS=1000,prefix_length=72",EAQ_CBB,peak_stack_depth,249.260000,2.028471,252.550000,0.562263,50
"TOTAL_TAGS=1000,prefix_length=72",EAQ_CBB,avg_tag_responses,3.776720,0.033393,3.831100,0.009256,50
"TOTAL_TAGS=1000,prefix_length=72",EMDT,total_protocol_time_ms,1340.265750,43.668200,1406.497500,12.104208,50
"TOTAL_TAGS=1000,prefix_length=72",EMDT,throughput_tags_per_sec,746.888962,24.084740,782.256346,6.675949,50
"TOTAL_TAGS=1000,prefix_length=72",EMDT,system_efficiency,0.563074,0.030949,0.613119,0.008579,50
"TOTAL_TAGS=1000,prefix_length=72",EMDT,collision_slots,565.200000,49.319450,637.750000,13.670654,50
"TOTAL_TAGS=1000,prefix_length=72",EMDT,idle_slots,216.060000,49.905384,292.200000,13.833067,50
"TOTAL_TAGS=1000,prefix_length=72",EMDT,total_energy_uj,67250.036135,2581.199046,71274.948937,715.471873,50
"TOTAL_TAGS=1000,prefix_length=72",EMDT,total_listening_energy_uj,67124.074855,2582.202806,71151.965737,715.750101,50
"TOTAL_TAGS=1000,prefix_length=72",EMDT,total_transmission_energy_uj,125.961280,2.244432,129.972800,0.622125,50
"TOTAL_TAGS=1000,prefix_length=72",EMDT,total_bits,167540.240000,2330.372227,171996.600000,645.946226,50
"TOTAL_TAGS=1000,prefix_length=72",EMDT,avg_tag_bits,139.412800,1.680842,142.778400,0.465906,50
"TOTAL_TAGS=1000,prefix_length=72",EMDT,avg_reader_bits,28.127440,0.758455,29.368900,0.210233,50
"TOTAL_TAGS=1000,prefix_length=72",EMDT,avg_total_bits,167.540240,2.330372,171.996600,0.645946,50
"TOTAL_TAGS=1000,prefix_length=72",EMDT,avg_query_efficiency,1.782372,0.154090,2.030435,0.042712,50
"TOTAL_TAGS=1000,prefix_length=72",EMDT,peak_stack_depth,33.920000,1.468583,36.000000,0.407070,50
"TOTAL_TAGS=1000,prefix_length=72",EMDT,avg_tag_responses,4.542560,0.077008,4.668750,0.021346,50
"TOTAL_TAGS=1000,prefix_length=72",HT_EEAC,total_protocol_time_ms,2607.511350,58.829792,2685.280500,16.306786,50
"TOTAL_TAGS=1000,prefix_length=72",HT_EEAC,throughput_tags_per_sec,383.702218,8.813504,396.875285,2.442979,50
"TOTAL_TAGS=1000,prefix_length=72",HT_EEAC,system_efficiency,0.213069,0.006656,0.222794,0.001845,50
"TOTAL_TAGS=1000,prefix_length=72",HT_EEAC,collision_slots,2516.980000,104.529947,2672.650000,28.974223,50
"TOTAL_TAGS=1000,prefix_length=72",HT_EEAC,idle_slots,1180.720000,86.442865,1334.000000,23.960740,50
"TOTAL_TAGS=1000,prefix_length=72",HT_EEAC,total_energy_uj,148401.672460,4231.375336,154066.365863,1172.877404,50
"TOTAL_TAGS=1000,prefix_length=72",HT_EEAC,total_listening_energy_uj,148118.837820,4225.463811,153776.402663,1171.238813,50
"TOTAL_TAGS=1000,prefix_length=72",HT_EEAC,total_transmission_energy_uj,282.834640,6.985354,292.395400,1.936241,50
"TOTAL_TAGS=1000,prefix_length=72",HT_EEAC,total_bits,255621.080000,4598.073851,261624.400000,1274.521046,50
"TOTAL_TAGS=1000,prefix_length=72",HT_EEAC,avg_tag_bits,152.271680,1.672479,154.762400,0.463588,50
"TOTAL_TAGS=1000,prefix_length=72",HT_EEAC,avg_reader_bits,103.349400,3.149115,107.862700,0.872890,50
"TOTAL_TAGS=1000,prefix_length=72",HT_EEAC,avg_total_bits,255.621080,4.598074,261.624400,1.274521,50
"TOTAL_TAGS=1000,prefix_length=72",HT_EEAC,avg_query_efficiency,0.397988,0.016883,0.427268,0.004680,50
"TOTAL_TAGS=1000,prefix_length=72",HT_EEAC,avg_tag_responses,83.994880,13.176657,105.888100,3.652383,50
"TOTAL_TAGS=1000,prefix_length=72",LAPCT,total_protocol_time_ms,2972.732825,1.229600,2974.590312,0.340828,50
"TOTAL_TAGS=1000,prefix_length=72",LAPCT,throughput_tags_per_sec,336.390865,0.139071,336.508325,0.038548,50
"TOTAL_TAGS=1000,prefix_length=72",LAPCT,system_efficiency,0.490119,0.000268,0.490436,0.000074,50
"TOTAL_TAGS=1000,prefix_length=72",LAPCT,collision_slots,1040.320000,1.114652,1041.000000,0.308966,50
"TOTAL_TAGS=1000,prefix_length=72",LAPCT,idle_slots,0.000000,0.000000,0.000000,0.000000,50
"TOTAL_TAGS=1000,prefix_length=72",LAPCT,total_energy_uj,149693.026957,81.785581,149854.313050,22.669807,50
"TOTAL_TAGS=1000,prefix_length=72",LAPCT,total_listening_energy_uj,149192.221938,81.430788,149352.552750,22.571463,50
"TOTAL_TAGS=1000,prefix_length=72",LAPCT,total_transmission_energy_uj,500.805020,0.456387,501.575100,0.126504,50
"TOTAL_TAGS=1000,prefix_length=72",LAPCT,total_bits,351522.340000,607.811249,352497.750000,168.476683,50
"TOTAL_TAGS=1000,prefix_length=72",LAPCT,avg_tag_bits,134.826440,0.512654,135.616400,0.142101,50
"TOTAL_TAGS=1000,prefix_length=72",LAPCT,avg_reader_bits,216.695900,0.109492,216.885650,0.030350,50
"TOTAL_TAGS=1000,prefix_length=72",LAPCT,avg_total_bits,351.522340,0.607811,352.497750,0.168477,50
"TOTAL_TAGS=1000,prefix_length=72",LAPCT,avg_query_efficiency,0.961244,0.001031,0.962464,0.000286,50
"TOTAL_TAGS=1000,prefix_length=72",LAPCT,peak_stack_depth,14.440000,0.704504,15.550000,0.195279,50
"TOTAL_TAGS=1000,prefix_length=72",LAPCT,avg_tag_responses,8.314140,0.028442,8.368550,0.007884,50
"TOTAL_TAGS=1000,prefix_length=72",NLHQT(n=2),total_protocol_time_ms,1033.061950,9.489312,1047.668500,2.630303,50
"TOTAL_TAGS=1000,prefix_length=72",NLHQT(n=2),throughput_tags_per_sec,968.076398,8.913870,983.272089,2.470799,50
"TOTAL_TAGS=1000,prefix_length=72",NLHQT(n=2),system_efficiency,0.354807,0.003213,0.360185,0.000891,50
"TOTAL_TAGS=1000,prefix_length=72",NLHQT(n=2),collision_slots,1818.660000,25.468356,1856.100000,7.059468,50
"TOTAL_TAGS=1000,prefix_length=72",NLHQT(n=2),idle_slots,0.000000,0.000000,0.000000,0.000000,50
"TOTAL_TAGS=1000,prefix_length=72",NLHQT(n=2),total_energy_uj,51944.030330,548.098993,52938.150637,151.925290,50
"TOTAL_TAGS=1000,prefix_length=72",NLHQT(n=2),total_listening_energy_uj,51793.329670,547.046965,52786.016837,151.633683,50
"TOTAL_TAGS=1000,prefix_length=72",NLHQT(n=2),total_transmission_energy_uj,150.700660,1.251971,152.628500,0.347029,50
"TOTAL_TAGS=1000,prefix_length=72",NLHQT(n=2),total_bits,121696.280000,675.667472,122735.800000,187.285468,50
"TOTAL_TAGS=1000,prefix_length=72",NLHQT(n=2),avg_tag_bits,61.794600,0.068864,61.899500,0.019088,50
"TOTAL_TAGS=1000,prefix_length=72",NLHQT(n=2),avg_reader_bits,59.901680,0.609497,60.840400,0.168944,50
"TOTAL_TAGS=1000,prefix_length=72",NLHQT(n=2),avg_total_bits,121.696280,0.675667,122.735800,0.187285,50
"TOTAL_TAGS=1000,prefix_length=72",NLHQT(n=2),avg_query_efficiency,0.549961,0.007728,0.562953,0.002142,50
"TOTAL_TAGS=1000,prefix_length=72",NLHQT(n=2),peak_stack_depth,15.900000,0.735402,17.000000,0.203843,50
"TOTAL_TAGS=1000,prefix_length=72",NLHQT(n=2),avg_tag_responses,7.897620,0.034512,7.950850,0.009566,50
"TOTAL_TAGS=1000,prefix_length=72",SGCT,total_protocol_time_ms,889.190000,30.518794,943.717625,8.459378,50
"TOTAL_TAGS=1000,prefix_length=72",SGCT,throughput_tags_per_sec,1125.915165,38.572949,1176.029860,10.691876,50
"TOTAL_TAGS=1000,prefix_length=72",SGCT,system_efficiency,0.826316,0.011974,0.844101,0.003319,50
"TOTAL_TAGS=1000,prefix_length=72",SGCT,collision_slots,210.440000,17.572195,242.000000,4.870764,50
"TOTAL_TAGS=1000,prefix_length=72",SGCT,idle_slots,0.000000,0.000000,0.000000,0.000000,50
"TOTAL_TAGS=1000,prefix_length=72",SGCT,total_energy_uj,33261.451265,757.762413,34648.498000,210.041025,50
"TOTAL_TAGS=1000,prefix_length=72",SGCT,total_listening_energy_uj,33152.019155,753.286237,34531.005325,208.800292,50
"TOTAL_TAGS=1000,prefix_length=72",SGCT,total_transmission_energy_uj,109.432110,4.515442,117.492675,1.251617,50
"TOTAL_TAGS=1000,prefix_length=72",SGCT,total_bits,75294.060000,2413.004177,79604.700000,668.850634,50
"TOTAL_TAGS=1000,prefix_length=72",SGCT,avg_tag_bits,27.437340,0.216361,27.845500,0.059972,50
"TOTAL_TAGS=1000,prefix_length=72",SGCT,avg_reader_bits,47.856720,2.206183,51.793550,0.611523,50
"TOTAL_TAGS=1000,prefix_length=72",SGCT,avg_total_bits,75.294060,2.413004,79.604700,0.668851,50
"TOTAL_TAGS=1000,prefix_length=72",SGCT,avg_query_efficiency,4.784569,0.400909,5.415595,0.111126,50
"TOTAL_TAGS=1000,prefix_length=72",SGCT,peak_stack_depth,104.940000,8.723438,121.000000,2.418014,50
"TOTAL_TAGS=1000,prefix_length=72",SGCT,progressive_probe_count,105.220000,8.786098,121.000000,2.435382,50
"TOTAL_TAGS=1000,prefix_length=72",SGCT,signature_grouping_trigger_count,99.360000,9.052590,115.100000,2.509250,50
"TOTAL_TAGS=1000,prefix_length=72",SGCT,local_short_id_trigger_count,1.000000,0.000000,1.000000,0.000000,50
"TOTAL_TAGS=1000,prefix_length=72",SGCT,signature_groups_pruned,4578.260000,135.186162,4814.400000,37.471692,50
"TOTAL_TAGS=1000,prefix_length=72",SGCT,sparse_signature_groups,1091.500000,9.992344,1108.550000,2.769736,50
"TOTAL_TAGS=1000,prefix_length=72",SGCT,signature_marker_bits,1205.580000,18.658138,1240.000000,5.171772,50
"TOTAL_TAGS=1000,prefix_length=72",SGCT,signature_marker_tag_bits,1205.580000,18.658138,1240.000000,5.171772,50
"TOTAL_TAGS=1000,prefix_length=72",SGCT,signature_non_idle_marker_count,1091.500000,9.992344,1108.550000,2.769736,50
"TOTAL_TAGS=1000,prefix_length=72",SGCT,signature_collision_groups,105.220000,8.786098,121.000000,2.435382,50
"TOTAL_TAGS=1000,prefix_length=72",SGCT,signature_singleton_groups,986.280000,5.127119,995.100000,1.421165,50
"TOTAL_TAGS=1000,prefix_length=72",SGCT,low_d_fallback_count,6.860000,2.563559,11.550000,0.710582,50
"TOTAL_TAGS=1000,prefix_length=72",SGCT,suffix_signature_trigger_count,1.000000,0.000000,1.000000,0.000000,50
"TOTAL_TAGS=1000,prefix_length=72",SGCT,hash_short_id_round_count,0.000000,0.000000,0.000000,0.000000,50
"TOTAL_TAGS=1000,prefix_length=72",SGCT,hash_short_id_split_count,0.000000,0.000000,0.000000,0.000000,50
"TOTAL_TAGS=1000,prefix_length=72",SGCT,hash_short_id_collision_groups,0.000000,0.000000,0.000000,0.000000,50
"TOTAL_TAGS=1000,prefix_length=72",SGCT,hash_short_id_singleton_groups,0.000000,0.000000,0.000000,0.000000,50
"TOTAL_TAGS=1000,prefix_length=72",SGCT,small_cluster_guard_count,0.000000,0.000000,0.000000,0.000000,50
"TOTAL_TAGS=1000,prefix_length=72",SGCT,max_signature_d,12.000000,0.000000,12.000000,0.000000,50
"TOTAL_TAGS=1000,prefix_length=72",SGCT,epc_verification_count,1000.000000,0.000000,1000.000000,0.000000,50
"TOTAL_TAGS=1000,prefix_length=72",SGCT,verify_fail_count,0.000000,0.000000,0.000000,0.000000,50
"TOTAL_TAGS=1000,prefix_length=72",SGCT,avg_tag_responses,1.438600,0.036089,1.501300,0.010003,50
"TOTAL_TAGS=1000,prefix_length=80",DQTA(k_max=3),total_protocol_time_ms,1583.629200,34.554479,1630.494375,9.578013,50
"TOTAL_TAGS=1000,prefix_length=80",DQTA(k_max=3),throughput_tags_per_sec,631.760326,14.005762,662.472532,3.882199,50
"TOTAL_TAGS=1000,prefix_length=80",DQTA(k_max=3),system_efficiency,0.338647,0.006826,0.347168,0.001892,50
"TOTAL_TAGS=1000,prefix_length=80",DQTA(k_max=3),collision_slots,916.560000,22.180300,945.000000,6.148066,50
"TOTAL_TAGS=1000,prefix_length=80",DQTA(k_max=3),idle_slots,1037.560000,55.032888,1141.000000,15.254338,50
"TOTAL_TAGS=1000,prefix_length=80",DQTA(k_max=3),total_energy_uj,80100.910225,1985.964561,83086.675237,550.481291,50
"TOTAL_TAGS=1000,prefix_length=80",DQTA(k_max=3),total_listening_energy_uj,79853.941585,1981.197515,82832.722037,549.159933,50
"TOTAL_TAGS=1000,prefix_length=80",DQTA(k_max=3),total_transmission_energy_uj,246.968640,5.195904,253.582175,1.440231,50
"TOTAL_TAGS=1000,prefix_length=80",DQTA(k_max=3),total_bits,182895.780000,2721.856526,186397.950000,754.460137,50
"TOTAL_TAGS=1000,prefix_length=80",DQTA(k_max=3),avg_tag_bits,79.215280,0.200221,79.501950,0.055499,50
"TOTAL_TAGS=1000,prefix_length=80",DQTA(k_max=3),avg_reader_bits,103.680500,2.557276,106.929200,0.708841,50
"TOTAL_TAGS=1000,prefix_length=80",DQTA(k_max=3),avg_total_bits,182.895780,2.721857,186.397950,0.754460,50
"TOTAL_TAGS=1000,prefix_length=80",DQTA(k_max=3),avg_query_efficiency,1.091673,0.026873,1.149835,0.007449,50
"TOTAL_TAGS=1000,prefix_length=80",DQTA(k_max=3),peak_stack_depth,19.440000,0.929340,21.000000,0.257600,50
"TOTAL_TAGS=1000,prefix_length=80",DQTA(k_max=3),avg_tag_responses,4.038140,0.022984,4.069000,0.006371,50
"TOTAL_TAGS=1000,prefix_length=80",DRCT,total_protocol_time_ms,2464.961125,34.756196,2521.629562,9.633926,50
"TOTAL_TAGS=1000,prefix_length=80",DRCT,throughput_tags_per_sec,405.764908,5.717705,415.569710,1.584867,50
"TOTAL_TAGS=1000,prefix_length=80",DRCT,system_efficiency,0.338017,0.004747,0.346285,0.001316,50
"TOTAL_TAGS=1000,prefix_length=80",DRCT,collision_slots,1478.500000,20.788782,1512.150000,5.762356,50
"TOTAL_TAGS=1000,prefix_length=80",DRCT,idle_slots,480.500000,20.788782,514.150000,5.762356,50
"TOTAL_TAGS=1000,prefix_length=80",DRCT,total_energy_uj,128480.036302,2164.866297,131178.120794,600.070322,50
"TOTAL_TAGS=1000,prefix_length=80",DRCT,energy_per_tag_uj,128.480036,2.164866,131.178121,0.600070,50
"TOTAL_TAGS=1000,prefix_length=80",DRCT,total_reader_tx_energy_uj,345.728280,5.013080,353.901900,1.389555,50
"TOTAL_TAGS=1000,prefix_length=80",DRCT,total_tag_tx_energy_uj,185.050390,0.080557,185.185675,0.022329,50
"TOTAL_TAGS=1000,prefix_length=80",DRCT,total_listening_energy_uj,127949.257632,2160.920325,130644.752744,598.976555,50
"TOTAL_TAGS=1000,prefix_length=80",DRCT,total_transmission_energy_uj,530.778670,5.080396,539.077675,1.408214,50
"TOTAL_TAGS=1000,prefix_length=80",DRCT,total_bits,542964.920000,2642.283504,547302.500000,732.403621,50
"TOTAL_TAGS=1000,prefix_length=80",DRCT,avg_tag_bits,370.100780,0.161114,370.371350,0.044659,50
"TOTAL_TAGS=1000,prefix_length=80",DRCT,avg_reader_bits,172.864140,2.506540,176.950950,0.694777,50
"TOTAL_TAGS=1000,prefix_length=80",DRCT,avg_total_bits,542.964920,2.642284,547.302500,0.732404,50
"TOTAL_TAGS=1000,prefix_length=80",DRCT,avg_query_efficiency,0.676492,0.009507,0.693049,0.002635,50
"TOTAL_TAGS=1000,prefix_length=80",DRCT,peak_stack_depth,9.680000,0.586933,10.550000,0.162689,50
"TOTAL_TAGS=1000,prefix_length=80",DRCT,avg_tag_responses,91.202600,0.046070,91.284550,0.012770,50
"TOTAL_TAGS=1000,prefix_length=80",EAQ_CBB,total_protocol_time_ms,2855.759425,28.021168,2904.547000,7.767071,50
"TOTAL_TAGS=1000,prefix_length=80",EAQ_CBB,throughput_tags_per_sec,350.202359,3.411895,354.541128,0.945729,50
"TOTAL_TAGS=1000,prefix_length=80",EAQ_CBB,system_efficiency,0.547085,0.005306,0.553772,0.001471,50
"TOTAL_TAGS=1000,prefix_length=80",EAQ_CBB,collision_slots,828.040000,17.858811,859.100000,4.950210,50
"TOTAL_TAGS=1000,prefix_length=80",EAQ_CBB,idle_slots,0.000000,0.000000,0.000000,0.000000,50
"TOTAL_TAGS=1000,prefix_length=80",EAQ_CBB,total_energy_uj,143408.959035,1398.176775,145582.449781,387.554829,50
"TOTAL_TAGS=1000,prefix_length=80",EAQ_CBB,total_listening_energy_uj,142969.678585,1394.492632,145138.022306,386.533637,50
"TOTAL_TAGS=1000,prefix_length=80",EAQ_CBB,total_transmission_energy_uj,439.280450,4.218352,446.674775,1.169267,50
"TOTAL_TAGS=1000,prefix_length=80",EAQ_CBB,total_bits,241528.540000,2261.012318,245485.750000,626.720640,50
"TOTAL_TAGS=1000,prefix_length=80",EAQ_CBB,avg_tag_bits,29.184420,0.286191,29.632400,0.079328,50
"TOTAL_TAGS=1000,prefix_length=80",EAQ_CBB,avg_reader_bits,212.344120,2.061047,215.954600,0.571293,50
"TOTAL_TAGS=1000,prefix_length=80",EAQ_CBB,avg_total_bits,241.528540,2.261012,245.485750,0.626721,50
"TOTAL_TAGS=1000,prefix_length=80",EAQ_CBB,avg_query_efficiency,1.208213,0.025661,1.241010,0.007113,50
"TOTAL_TAGS=1000,prefix_length=80",EAQ_CBB,peak_stack_depth,247.800000,2.373321,251.000000,0.657851,50
"TOTAL_TAGS=1000,prefix_length=80",EAQ_CBB,avg_tag_responses,3.785120,0.037868,3.856300,0.010496,50
"TOTAL_TAGS=1000,prefix_length=80",EMDT,total_protocol_time_ms,1330.482350,35.501238,1390.331375,9.840441,50
"TOTAL_TAGS=1000,prefix_length=80",EMDT,throughput_tags_per_sec,752.129422,19.987394,783.466297,5.540223,50
"TOTAL_TAGS=1000,prefix_length=80",EMDT,system_efficiency,0.568563,0.025432,0.608048,0.007049,50
"TOTAL_TAGS=1000,prefix_length=80",EMDT,collision_slots,554.680000,39.315801,616.600000,10.897784,50
"TOTAL_TAGS=1000,prefix_length=80",EMDT,idle_slots,207.620000,41.627057,281.050000,11.538431,50
"TOTAL_TAGS=1000,prefix_length=80",EMDT,total_energy_uj,66667.272475,2142.486732,70356.861425,593.867024,50
"TOTAL_TAGS=1000,prefix_length=80",EMDT,total_listening_energy_uj,66541.595515,2143.328725,70233.279825,594.100412,50
"TOTAL_TAGS=1000,prefix_length=80",EMDT,total_transmission_energy_uj,125.676960,2.165186,128.787800,0.600159,50
"TOTAL_TAGS=1000,prefix_length=80",EMDT,total_bits,167462.640000,2120.301882,170345.500000,587.717697,50
"TOTAL_TAGS=1000,prefix_length=80",EMDT,avg_tag_bits,139.498880,1.448751,141.551200,0.401573,50
"TOTAL_TAGS=1000,prefix_length=80",EMDT,avg_reader_bits,27.963760,0.767357,29.220400,0.212701,50
"TOTAL_TAGS=1000,prefix_length=80",EMDT,avg_total_bits,167.462640,2.120302,170.345500,0.587718,50
"TOTAL_TAGS=1000,prefix_length=80",EMDT,avg_query_efficiency,1.811729,0.128595,2.030177,0.035645,50
"TOTAL_TAGS=1000,prefix_length=80",EMDT,peak_stack_depth,34.000000,1.212183,36.000000,0.336000,50
"TOTAL_TAGS=1000,prefix_length=80",EMDT,avg_tag_responses,4.523800,0.068238,4.631100,0.018915,50
"TOTAL_TAGS=1000,prefix_length=80",HT_EEAC,total_protocol_time_ms,2602.179600,60.823201,2689.409250,16.859331,50
"TOTAL_TAGS=1000,prefix_length=80",HT_EEAC,throughput_tags_per_sec,384.501804,9.109530,400.997146,2.525033,50
"TOTAL_TAGS=1000,prefix_length=80",HT_EEAC,system_efficiency,0.213755,0.006965,0.226094,0.001931,50
"TOTAL_TAGS=1000,prefix_length=80",HT_EEAC,collision_slots,2513.780000,107.585996,2660.400000,29.821317,50
"TOTAL_TAGS=1000,prefix_length=80",HT_EEAC,idle_slots,1169.260000,100.849415,1317.550000,27.954032,50
"TOTAL_TAGS=1000,prefix_length=80",HT_EEAC,total_energy_uj,148282.542275,4155.034502,154286.389175,1151.716804,50
"TOTAL_TAGS=1000,prefix_length=80",HT_EEAC,total_listening_energy_uj,148000.378275,4149.059464,153995.362575,1150.060608,50
"TOTAL_TAGS=1000,prefix_length=80",HT_EEAC,total_transmission_energy_uj,282.164000,7.262326,292.392800,2.013014,50
"TOTAL_TAGS=1000,prefix_length=80",HT_EEAC,total_bits,255247.360000,4719.853205,261856.400000,1308.276561,50
"TOTAL_TAGS=1000,prefix_length=80",HT_EEAC,avg_tag_bits,152.220480,1.721376,154.566400,0.477141,50
"TOTAL_TAGS=1000,prefix_length=80",HT_EEAC,avg_reader_bits,103.026880,3.300844,107.670200,0.914947,50
"TOTAL_TAGS=1000,prefix_length=80",HT_EEAC,avg_total_bits,255.247360,4.719853,261.856400,1.308277,50
"TOTAL_TAGS=1000,prefix_length=80",HT_EEAC,avg_query_efficiency,0.398540,0.017497,0.431538,0.004850,50
"TOTAL_TAGS=1000,prefix_length=80",HT_EEAC,avg_tag_responses,83.131140,10.100605,100.741050,2.799745,50
"TOTAL_TAGS=1000,prefix_length=80",LAPCT,total_protocol_time_ms,3017.322625,1.505271,3020.251188,0.417240,50
"TOTAL_TAGS=1000,prefix_length=80",LAPCT,throughput_tags_per_sec,331.419728,0.165241,331.558872,0.045803,50
"TOTAL_TAGS=1000,prefix_length=80",LAPCT,system_efficiency,0.490148,0.000291,0.490701,0.000081,50
"TOTAL_TAGS=1000,prefix_length=80",LAPCT,collision_slots,1040.200000,1.212183,1041.000000,0.336000,50
"TOTAL_TAGS=1000,prefix_length=80",LAPCT,idle_slots,0.000000,0.000000,0.000000,0.000000,50
"TOTAL_TAGS=1000,prefix_length=80",LAPCT,total_energy_uj,151913.933800,99.307934,152098.958206,27.526755,50
"TOTAL_TAGS=1000,prefix_length=80",LAPCT,total_listening_energy_uj,151427.102910,98.972058,151611.253356,27.433655,50
"TOTAL_TAGS=1000,prefix_length=80",LAPCT,total_transmission_energy_uj,486.830890,0.432414,487.641950,0.119859,50
"TOTAL_TAGS=1000,prefix_length=80",LAPCT,total_bits,300717.080000,490.652537,301643.650000,136.001944,50
"TOTAL_TAGS=1000,prefix_length=80",LAPCT,avg_tag_bits,76.402180,0.373079,77.102150,0.103412,50
"TOTAL_TAGS=1000,prefix_length=80",LAPCT,avg_reader_bits,224.314900,0.129914,224.568650,0.036010,50
"TOTAL_TAGS=1000,prefix_length=80",LAPCT,avg_total_bits,300.717080,0.490653,301.643650,0.136002,50
"TOTAL_TAGS=1000,prefix_length=80",LAPCT,avg_query_efficiency,0.961355,0.001122,0.963485,0.000311,50
"TOTAL_TAGS=1000,prefix_length=80",LAPCT,peak_stack_depth,14.280000,0.640153,15.000000,0.177441,50
"TOTAL_TAGS=1000,prefix_length=80",LAPCT,avg_tag_responses,8.307100,0.035908,8.372250,0.009953,50
"TOTAL_TAGS=1000,prefix_length=80",NLHQT(n=2),total_protocol_time_ms,935.410000,8.203733,946.045750,2.273959,50
"TOTAL_TAGS=1000,prefix_length=80",NLHQT(n=2),throughput_tags_per_sec,1069.130591,9.384761,1083.320295,2.601323,50
"TOTAL_TAGS=1000,prefix_length=80",NLHQT(n=2),system_efficiency,0.359836,0.003066,0.364445,0.000850,50
"TOTAL_TAGS=1000,prefix_length=80",NLHQT(n=2),collision_slots,1779.240000,23.691521,1814.650000,6.566955,50
"TOTAL_TAGS=1000,prefix_length=80",NLHQT(n=2),idle_slots,0.000000,0.000000,0.000000,0.000000,50
"TOTAL_TAGS=1000,prefix_length=80",NLHQT(n=2),total_energy_uj,47127.246680,501.682990,47858.006600,139.059430,50
"TOTAL_TAGS=1000,prefix_length=80",NLHQT(n=2),total_listening_energy_uj,46986.655000,500.724192,47716.343950,138.793665,50
"TOTAL_TAGS=1000,prefix_length=80",NLHQT(n=2),total_transmission_energy_uj,140.591680,1.126169,142.088500,0.312158,50
"TOTAL_TAGS=1000,prefix_length=80",NLHQT(n=2),total_bits,104497.160000,599.073719,105287.600000,166.054763,50
"TOTAL_TAGS=1000,prefix_length=80",NLHQT(n=2),avg_tag_bits,45.601760,0.051277,45.681800,0.014213,50
"TOTAL_TAGS=1000,prefix_length=80",NLHQT(n=2),avg_reader_bits,58.895400,0.551163,59.629800,0.152774,50
"TOTAL_TAGS=1000,prefix_length=80",NLHQT(n=2),avg_total_bits,104.497160,0.599074,105.287600,0.166055,50
"TOTAL_TAGS=1000,prefix_length=80",NLHQT(n=2),avg_query_efficiency,0.562135,0.007480,0.573428,0.002073,50
"TOTAL_TAGS=1000,prefix_length=80",NLHQT(n=2),peak_stack_depth,15.860000,0.926041,17.000000,0.256685,50
"TOTAL_TAGS=1000,prefix_length=80",NLHQT(n=2),avg_tag_responses,7.848200,0.030494,7.892550,0.008452,50
"TOTAL_TAGS=1000,prefix_length=80",SGCT,total_protocol_time_ms,697.940850,18.109137,723.737375,5.019597,50
"TOTAL_TAGS=1000,prefix_length=80",SGCT,throughput_tags_per_sec,1433.739339,37.498765,1495.994608,10.394127,50
"TOTAL_TAGS=1000,prefix_length=80",SGCT,system_efficiency,0.836807,0.012512,0.856972,0.003468,50
"TOTAL_TAGS=1000,prefix_length=80",SGCT,collision_slots,195.280000,17.823442,221.100000,4.940406,50
"TOTAL_TAGS=1000,prefix_length=80",SGCT,idle_slots,0.000000,0.000000,0.000000,0.000000,50
"TOTAL_TAGS=1000,prefix_length=80",SGCT,total_energy_uj,28934.963648,465.029843,29565.738388,128.899696,50
"TOTAL_TAGS=1000,prefix_length=80",SGCT,total_listening_energy_uj,28849.571347,462.296794,29476.223687,128.142134,50
"TOTAL_TAGS=1000,prefix_length=80",SGCT,total_transmission_energy_uj,85.392300,2.780509,89.383300,0.770718,50
"TOTAL_TAGS=1000,prefix_length=80",SGCT,total_bits,55853.640000,1426.012390,57917.650000,395.270468,50
"TOTAL_TAGS=1000,prefix_length=80",SGCT,avg_tag_bits,17.543320,0.059265,17.623100,0.016428,50
"TOTAL_TAGS=1000,prefix_length=80",SGCT,avg_reader_bits,38.310320,1.378448,40.282800,0.382086,50
"TOTAL_TAGS=1000,prefix_length=80",SGCT,avg_total_bits,55.853640,1.426012,57.917650,0.395270,50
"TOTAL_TAGS=1000,prefix_length=80",SGCT,avg_query_efficiency,5.164001,0.484491,5.991824,0.134294,50
"TOTAL_TAGS=1000,prefix_length=80",SGCT,peak_stack_depth,98.680000,8.821217,111.550000,2.445117,50
"TOTAL_TAGS=1000,prefix_length=80",SGCT,progressive_probe_count,97.640000,8.911721,110.550000,2.470203,50
"TOTAL_TAGS=1000,prefix_length=80",SGCT,signature_grouping_trigger_count,9.400000,2.672612,14.000000,0.740810,50
"TOTAL_TAGS=1000,prefix_length=80",SGCT,local_short_id_trigger_count,1.000000,0.000000,1.000000,0.000000,50
"TOTAL_TAGS=1000,prefix_length=80",SGCT,signature_groups_pruned,3315.660000,37.170654,3373.550000,10.303180,50
"TOTAL_TAGS=1000,prefix_length=80",SGCT,sparse_signature_groups,914.740000,11.367354,933.550000,3.150870,50
"TOTAL_TAGS=1000,prefix_length=80",SGCT,signature_marker_bits,1019.640000,6.343115,1030.100000,1.758222,50
"TOTAL_TAGS=1000,prefix_length=80",SGCT,signature_marker_tag_bits,1019.640000,6.343115,1030.100000,1.758222,50
"TOTAL_TAGS=1000,prefix_length=80",SGCT,signature_non_idle_marker_count,914.740000,11.367354,933.550000,3.150870,50
"TOTAL_TAGS=1000,prefix_length=80",SGCT,signature_collision_groups,97.640000,8.911721,110.550000,2.470203,50
"TOTAL_TAGS=1000,prefix_length=80",SGCT,signature_singleton_groups,817.100000,19.541949,848.650000,5.416752,50
"TOTAL_TAGS=1000,prefix_length=80",SGCT,low_d_fallback_count,89.240000,9.599235,102.550000,2.660772,50
"TOTAL_TAGS=1000,prefix_length=80",SGCT,suffix_signature_trigger_count,1.000000,0.000000,1.000000,0.000000,50
"TOTAL_TAGS=1000,prefix_length=80",SGCT,hash_short_id_round_count,0.000000,0.000000,0.000000,0.000000,50
"TOTAL_TAGS=1000,prefix_length=80",SGCT,hash_short_id_split_count,0.000000,0.000000,0.000000,0.000000,50
"TOTAL_TAGS=1000,prefix_length=80",SGCT,hash_short_id_collision_groups,0.000000,0.000000,0.000000,0.000000,50
"TOTAL_TAGS=1000,prefix_length=80",SGCT,hash_short_id_singleton_groups,0.000000,0.000000,0.000000,0.000000,50
"TOTAL_TAGS=1000,prefix_length=80",SGCT,small_cluster_guard_count,0.000000,0.000000,0.000000,0.000000,50
"TOTAL_TAGS=1000,prefix_length=80",SGCT,max_signature_d,12.000000,0.000000,12.000000,0.000000,50
"TOTAL_TAGS=1000,prefix_length=80",SGCT,epc_verification_count,1000.000000,0.000000,1000.000000,0.000000,50
"TOTAL_TAGS=1000,prefix_length=80",SGCT,verify_fail_count,0.000000,0.000000,0.000000,0.000000,50
"TOTAL_TAGS=1000,prefix_length=80",SGCT,avg_tag_responses,1.405080,0.036947,1.457100,0.010241,50
"TOTAL_TAGS=10000,prefix_length=0",DQTA(k_max=3),total_protocol_time_ms,16380.742100,71.890917,16487.232875,19.927146,50
"TOTAL_TAGS=10000,prefix_length=0",DQTA(k_max=3),throughput_tags_per_sec,610.484460,2.675451,614.605376,0.741597,50
"TOTAL_TAGS=10000,prefix_length=0",DQTA(k_max=3),system_efficiency,0.330422,0.001774,0.333276,0.000492,50
"TOTAL_TAGS=10000,prefix_length=0",DQTA(k_max=3),collision_slots,9281.680000,65.014422,9380.300000,18.021078,50
"TOTAL_TAGS=10000,prefix_length=0",DQTA(k_max=3),idle_slots,10983.540000,128.649851,11151.650000,35.659919,50
"TOTAL_TAGS=10000,prefix_length=0",DQTA(k_max=3),total_energy_uj,8212887.860623,39073.906593,8279474.029169,10830.734333,50
"TOTAL_TAGS=10000,prefix_length=0",DQTA(k_max=3),total_listening_energy_uj,8207659.937182,39066.060571,8274225.877719,10828.559527,50
"TOTAL_TAGS=10000,prefix_length=0",DQTA(k_max=3),total_transmission_energy_uj,5227.923440,9.585131,5242.701775,2.656863,50
"TOTAL_TAGS=10000,prefix_length=0",DQTA(k_max=3),total_bits,9442935.220000,12059.793876,9461963.450000,3342.804316,50
"TOTAL_TAGS=10000,prefix_length=0",DQTA(k_max=3),avg_tag_bits,910.529800,0.979350,912.121995,0.271462,50
"TOTAL_TAGS=10000,prefix_length=0",DQTA(k_max=3),avg_reader_bits,33.763722,0.247458,34.128655,0.068592,50
"TOTAL_TAGS=10000,prefix_length=0",DQTA(k_max=3),avg_total_bits,944.293522,1.205979,946.196345,0.334280,50
"TOTAL_TAGS=10000,prefix_length=0",DQTA(k_max=3),avg_query_efficiency,1.077443,0.007530,1.088116,0.002087,50
"TOTAL_TAGS=10000,prefix_length=0",DQTA(k_max=3),peak_stack_depth,27.460000,0.862128,29.000000,0.238970,50
"TOTAL_TAGS=10000,prefix_length=0",DQTA(k_max=3),avg_tag_responses,5.165458,0.006105,5.175200,0.001692,50
"TOTAL_TAGS=10000,prefix_length=0",DRCT,total_protocol_time_ms,15241.644800,76.746544,15359.806062,21.273057,50
"TOTAL_TAGS=10000,prefix_length=0",DRCT,throughput_tags_per_sec,656.113465,3.302579,661.175543,0.915428,50
"TOTAL_TAGS=10000,prefix_length=0",DRCT,system_efficiency,0.346198,0.002636,0.350395,0.000731,50
"TOTAL_TAGS=10000,prefix_length=0",DRCT,collision_slots,14442.440000,109.955308,14600.100000,30.478056,50
"TOTAL_TAGS=10000,prefix_length=0",DRCT,idle_slots,4444.440000,109.955308,4602.100000,30.478056,50
"TOTAL_TAGS=10000,prefix_length=0",DRCT,total_energy_uj,7632507.994160,39746.094896,7684594.631188,11017.055425,50
"TOTAL_TAGS=10000,prefix_length=0",DRCT,energy_per_tag_uj,763.250799,3.974609,768.459463,1.101706,50
"TOTAL_TAGS=10000,prefix_length=0",DRCT,total_reader_tx_energy_uj,1164.710760,9.292039,1178.464100,2.575622,50
"TOTAL_TAGS=10000,prefix_length=0",DRCT,total_tag_tx_energy_uj,736.958290,1.505688,739.729000,0.417356,50
"TOTAL_TAGS=10000,prefix_length=0",DRCT,total_listening_energy_uj,7630606.325110,39737.235158,7682680.562712,11014.599631,50
"TOTAL_TAGS=10000,prefix_length=0",DRCT,total_transmission_energy_uj,1901.669050,9.880349,1916.709600,2.738693,50
"TOTAL_TAGS=10000,prefix_length=0",DRCT,total_bits,2056271.960000,6298.101969,2066481.150000,1745.744799,50
"TOTAL_TAGS=10000,prefix_length=0",DRCT,avg_tag_bits,147.391658,0.301138,147.945800,0.083471,50
"TOTAL_TAGS=10000,prefix_length=0",DRCT,avg_reader_bits,58.235538,0.464602,58.923205,0.128781,50
"TOTAL_TAGS=10000,prefix_length=0",DRCT,avg_total_bits,205.627196,0.629810,206.648115,0.174574,50
"TOTAL_TAGS=10000,prefix_length=0",DRCT,avg_query_efficiency,0.692443,0.005274,0.700838,0.001462,50
"TOTAL_TAGS=10000,prefix_length=0",DRCT,peak_stack_depth,13.040000,0.449943,14.000000,0.124718,50
"TOTAL_TAGS=10000,prefix_length=0",DRCT,avg_tag_responses,14.623872,0.022906,14.664185,0.006349,50
"TOTAL_TAGS=10000,prefix_length=0",EAQ_CBB,total_protocol_time_ms,22369.487050,42.503781,22437.773688,11.781447,50
"TOTAL_TAGS=10000,prefix_length=0",EAQ_CBB,throughput_tags_per_sec,447.039102,0.849994,448.083219,0.235606,50
"TOTAL_TAGS=10000,prefix_length=0",EAQ_CBB,system_efficiency,0.546284,0.001542,0.548225,0.000427,50
"TOTAL_TAGS=10000,prefix_length=0",EAQ_CBB,collision_slots,8305.640000,51.596061,8388.200000,14.301698,50
"TOTAL_TAGS=10000,prefix_length=0",EAQ_CBB,idle_slots,0.000000,0.000000,0.000000,0.000000,50
"TOTAL_TAGS=10000,prefix_length=0",EAQ_CBB,total_energy_uj,11191949.668518,24157.224736,11231479.391700,6696.041071,50
"TOTAL_TAGS=10000,prefix_length=0",EAQ_CBB,total_listening_energy_uj,11188322.003377,24151.945581,11227842.122250,6694.577764,50
"TOTAL_TAGS=10000,prefix_length=0",EAQ_CBB,total_transmission_energy_uj,3627.665140,6.567423,3638.243325,1.820397,50
"TOTAL_TAGS=10000,prefix_length=0",EAQ_CBB,total_bits,2869140.920000,7836.350902,2882237.700000,2172.125650,50
"TOTAL_TAGS=10000,prefix_length=0",EAQ_CBB,avg_tag_bits,140.707780,0.615666,141.776160,0.170654,50
"TOTAL_TAGS=10000,prefix_length=0",EAQ_CBB,avg_reader_bits,146.206312,0.183947,146.503070,0.050988,50
"TOTAL_TAGS=10000,prefix_length=0",EAQ_CBB,avg_total_bits,286.914092,0.783635,288.223770,0.217213,50
"TOTAL_TAGS=10000,prefix_length=0",EAQ_CBB,avg_query_efficiency,1.204047,0.007500,1.213489,0.002079,50
"TOTAL_TAGS=10000,prefix_length=0",EAQ_CBB,peak_stack_depth,2457.040000,7.079606,2469.100000,1.962367,50
"TOTAL_TAGS=10000,prefix_length=0",EAQ_CBB,avg_tag_responses,3.788116,0.013070,3.811050,0.003623,50
"TOTAL_TAGS=10000,prefix_length=0",EMDT,total_protocol_time_ms,13686.426650,95.119742,13833.707625,26.365847,50
"TOTAL_TAGS=10000,prefix_length=0",EMDT,throughput_tags_per_sec,730.685455,5.073042,738.204896,1.406175,50
"TOTAL_TAGS=10000,prefix_length=0",EMDT,system_efficiency,0.501621,0.004773,0.508004,0.001323,50
"TOTAL_TAGS=10000,prefix_length=0",EMDT,collision_slots,5953.820000,99.654442,6101.850000,27.622802,50
"TOTAL_TAGS=10000,prefix_length=0",EMDT,idle_slots,3983.320000,111.239114,4172.900000,30.833909,50
"TOTAL_TAGS=10000,prefix_length=0",EMDT,total_energy_uj,6841738.161805,60617.898344,6940029.833188,16802.424176,50
"TOTAL_TAGS=10000,prefix_length=0",EMDT,total_listening_energy_uj,6840512.057325,60617.223205,6938797.493788,16802.237037,50
"TOTAL_TAGS=10000,prefix_length=0",EMDT,total_transmission_energy_uj,1226.104480,7.588785,1236.944000,2.103504,50
"TOTAL_TAGS=10000,prefix_length=0",EMDT,total_bits,1720646.480000,6152.517514,1730514.000000,1705.390847,50
"TOTAL_TAGS=10000,prefix_length=0",EMDT,avg_tag_bits,147.679232,0.343015,148.223360,0.095079,50
"TOTAL_TAGS=10000,prefix_length=0",EMDT,avg_reader_bits,24.385416,0.308548,24.842070,0.085525,50
"TOTAL_TAGS=10000,prefix_length=0",EMDT,avg_total_bits,172.064648,0.615252,173.051400,0.170539,50
"TOTAL_TAGS=10000,prefix_length=0",EMDT,avg_query_efficiency,1.680054,0.028063,1.721363,0.007779,50
"TOTAL_TAGS=10000,prefix_length=0",EMDT,peak_stack_depth,46.880000,1.364865,49.550000,0.378321,50
"TOTAL_TAGS=10000,prefix_length=0",EMDT,avg_tag_responses,5.314722,0.021110,5.345240,0.005852,50
"TOTAL_TAGS=10000,prefix_length=0",HT_EEAC,total_protocol_time_ms,79511.607450,1608.336320,81786.924375,445.808083,50
"TOTAL_TAGS=10000,prefix_length=0",HT_EEAC,throughput_tags_per_sec,125.817810,2.523868,129.880997,0.699580,50
"TOTAL_TAGS=10000,prefix_length=0",HT_EEAC,system_efficiency,0.061664,0.001321,0.063794,0.000366,50
"TOTAL_TAGS=10000,prefix_length=0",HT_EEAC,collision_slots,146291.160000,3545.569879,151320.500000,982.781830,50
"TOTAL_TAGS=10000,prefix_length=0",HT_EEAC,idle_slots,5950.820000,147.685088,6138.900000,40.936218,50
"TOTAL_TAGS=10000,prefix_length=0",HT_EEAC,total_energy_uj,46815207.958219,1044443.256887,48425299.222846,289504.900528,50
"TOTAL_TAGS=10000,prefix_length=0",HT_EEAC,total_listening_energy_uj,46806338.981819,1044265.053073,48416228.735247,289455.504951,50
"TOTAL_TAGS=10000,prefix_length=0",HT_EEAC,total_transmission_energy_uj,8868.976400,182.589181,9127.163800,50.611139,50
"TOTAL_TAGS=10000,prefix_length=0",HT_EEAC,total_bits,7029982.120000,133824.592762,7219427.900000,37094.284596,50
"TOTAL_TAGS=10000,prefix_length=0",HT_EEAC,avg_tag_bits,346.065856,5.672912,354.112800,1.572451,50
"TOTAL_TAGS=10000,prefix_length=0",HT_EEAC,avg_reader_bits,356.932356,7.712205,367.829990,2.137714,50
"TOTAL_TAGS=10000,prefix_length=0",HT_EEAC,avg_total_bits,702.998212,13.382459,721.942790,3.709428,50
"TOTAL_TAGS=10000,prefix_length=0",HT_EEAC,avg_query_efficiency,0.068396,0.001641,0.071051,0.000455,50
"TOTAL_TAGS=10000,prefix_length=0",HT_EEAC,avg_tag_responses,253.926858,12.634985,277.138880,3.502239,50
"TOTAL_TAGS=10000,prefix_length=0",LAPCT,total_protocol_time_ms,25910.410525,0.847853,25911.560000,0.235013,50
"TOTAL_TAGS=10000,prefix_length=0",LAPCT,throughput_tags_per_sec,385.945256,0.012629,385.967291,0.003501,50
"TOTAL_TAGS=10000,prefix_length=0",LAPCT,system_efficiency,0.498966,0.000023,0.498977,0.000006,50
"TOTAL_TAGS=10000,prefix_length=0",LAPCT,collision_slots,10041.440000,0.929340,10043.000000,0.257600,50
"TOTAL_TAGS=10000,prefix_length=0",LAPCT,idle_slots,0.000000,0.000000,0.000000,0.000000,50
"TOTAL_TAGS=10000,prefix_length=0",LAPCT,total_energy_uj,12970574.687918,564.019581,12971497.037931,156.338252,50
"TOTAL_TAGS=10000,prefix_length=0",LAPCT,total_listening_energy_uj,12962831.399768,562.195996,12963755.299156,155.832780,50
"TOTAL_TAGS=10000,prefix_length=0",LAPCT,total_transmission_energy_uj,7743.288150,4.813447,7748.215450,1.334219,50
"TOTAL_TAGS=10000,prefix_length=0",LAPCT,total_bits,10924676.400000,9444.384668,10934112.000000,2617.849870,50
"TOTAL_TAGS=10000,prefix_length=0",LAPCT,avg_tag_bits,940.404310,0.938688,941.325745,0.260191,50
"TOTAL_TAGS=10000,prefix_length=0",LAPCT,avg_reader_bits,152.063330,0.013908,152.082760,0.003855,50
"TOTAL_TAGS=10000,prefix_length=0",LAPCT,avg_total_bits,1092.467640,0.944438,1093.411200,0.261785,50
"TOTAL_TAGS=10000,prefix_length=0",LAPCT,avg_query_efficiency,0.995873,0.000092,0.995917,0.000026,50
"TOTAL_TAGS=10000,prefix_length=0",LAPCT,peak_stack_depth,17.780000,0.708260,19.000000,0.196320,50
"TOTAL_TAGS=10000,prefix_length=0",LAPCT,avg_tag_responses,11.615256,0.010842,11.626540,0.003005,50
"TOTAL_TAGS=10000,prefix_length=0",NLHQT(n=2),total_protocol_time_ms,18434.559750,53.629852,18512.203375,14.865437,50
"TOTAL_TAGS=10000,prefix_length=0",NLHQT(n=2),throughput_tags_per_sec,542.463893,1.580041,545.408314,0.437965,50
"TOTAL_TAGS=10000,prefix_length=0",NLHQT(n=2),system_efficiency,0.354527,0.001033,0.356501,0.000286,50
"TOTAL_TAGS=10000,prefix_length=0",NLHQT(n=2),collision_slots,18206.860000,82.129070,18329.000000,22.765017,50
"TOTAL_TAGS=10000,prefix_length=0",NLHQT(n=2),idle_slots,0.000000,0.000000,0.000000,0.000000,50
"TOTAL_TAGS=10000,prefix_length=0",NLHQT(n=2),total_energy_uj,9222456.915145,32593.245517,9268737.555850,9034.386731,50
"TOTAL_TAGS=10000,prefix_length=0",NLHQT(n=2),total_listening_energy_uj,9220099.471645,32589.493640,9266375.176450,9033.346764,50
"TOTAL_TAGS=10000,prefix_length=0",NLHQT(n=2),total_transmission_energy_uj,2357.443500,4.374534,2363.816700,1.212559,50
"TOTAL_TAGS=10000,prefix_length=0",NLHQT(n=2),total_bits,2747124.600000,2343.869685,2750538.600000,649.687530,50
"TOTAL_TAGS=10000,prefix_length=0",NLHQT(n=2),avg_tag_bits,209.120380,0.021877,209.151590,0.006064,50
"TOTAL_TAGS=10000,prefix_length=0",NLHQT(n=2),avg_reader_bits,65.592080,0.213532,65.903310,0.059188,50
"TOTAL_TAGS=10000,prefix_length=0",NLHQT(n=2),avg_total_bits,274.712460,0.234387,275.053860,0.064969,50
"TOTAL_TAGS=10000,prefix_length=0",NLHQT(n=2),avg_query_efficiency,0.549254,0.002481,0.554003,0.000688,50
"TOTAL_TAGS=10000,prefix_length=0",NLHQT(n=2),peak_stack_depth,21.060000,0.711710,22.000000,0.197276,50
"TOTAL_TAGS=10000,prefix_length=0",NLHQT(n=2),avg_tag_responses,9.560190,0.010939,9.575795,0.003032,50
"TOTAL_TAGS=10000,prefix_length=0",SGCT,total_protocol_time_ms,11245.049775,37.257375,11295.948812,10.327218,50
"TOTAL_TAGS=10000,prefix_length=0",SGCT,throughput_tags_per_sec,889.289761,2.947768,894.476881,0.817080,50
"TOTAL_TAGS=10000,prefix_length=0",SGCT,system_efficiency,0.840832,0.002890,0.845899,0.000801,50
"TOTAL_TAGS=10000,prefix_length=0",SGCT,collision_slots,1893.120000,40.863456,1948.550000,11.326772,50
"TOTAL_TAGS=10000,prefix_length=0",SGCT,idle_slots,0.000000,0.000000,0.000000,0.000000,50
"TOTAL_TAGS=10000,prefix_length=0",SGCT,total_energy_uj,5649335.416113,21244.557940,5677109.155581,5888.691025,50
"TOTAL_TAGS=10000,prefix_length=0",SGCT,total_listening_energy_uj,5648011.209403,21240.482704,5675781.186256,5887.561427,50
"TOTAL_TAGS=10000,prefix_length=0",SGCT,total_transmission_energy_uj,1324.206710,5.046967,1331.226800,1.398948,50
"TOTAL_TAGS=10000,prefix_length=0",SGCT,total_bits,1654196.380000,3026.795071,1658425.750000,838.984790,50
"TOTAL_TAGS=10000,prefix_length=0",SGCT,avg_tag_bits,132.279070,0.068461,132.375460,0.018976,50
"TOTAL_TAGS=10000,prefix_length=0",SGCT,avg_reader_bits,33.140568,0.235669,33.468260,0.065324,50
"TOTAL_TAGS=10000,prefix_length=0",SGCT,avg_total_bits,165.419638,0.302680,165.842575,0.083898,50
"TOTAL_TAGS=10000,prefix_length=0",SGCT,avg_query_efficiency,5.284707,0.114530,5.489319,0.031746,50
"TOTAL_TAGS=10000,prefix_length=0",SGCT,peak_stack_depth,258.600000,1.678191,262.000000,0.465171,50
"TOTAL_TAGS=10000,prefix_length=0",SGCT,progressive_probe_count,948.420000,20.398169,976.550000,5.654084,50
"TOTAL_TAGS=10000,prefix_length=0",SGCT,signature_grouping_trigger_count,945.700000,20.488175,973.000000,5.679032,50
"TOTAL_TAGS=10000,prefix_length=0",SGCT,local_short_id_trigger_count,257.000000,0.000000,257.000000,0.000000,50
"TOTAL_TAGS=10000,prefix_length=0",SGCT,signature_groups_pruned,65866.500000,307.322622,66276.000000,85.185485,50
"TOTAL_TAGS=10000,prefix_length=0",SGCT,sparse_signature_groups,10944.700000,20.488175,10972.000000,5.679032,50
"TOTAL_TAGS=10000,prefix_length=0",SGCT,signature_marker_bits,21412.920000,42.555050,21473.550000,11.795658,50
"TOTAL_TAGS=10000,prefix_length=0",SGCT,signature_marker_tag_bits,21412.920000,42.555050,21473.550000,11.795658,50
"TOTAL_TAGS=10000,prefix_length=0",SGCT,signature_non_idle_marker_count,10944.700000,20.488175,10972.000000,5.679032,50
"TOTAL_TAGS=10000,prefix_length=0",SGCT,signature_collision_groups,944.700000,20.488175,972.000000,5.679032,50
"TOTAL_TAGS=10000,prefix_length=0",SGCT,signature_singleton_groups,10000.000000,0.000000,10000.000000,0.000000,50
"TOTAL_TAGS=10000,prefix_length=0",SGCT,low_d_fallback_count,0.000000,0.000000,0.000000,0.000000,50
"TOTAL_TAGS=10000,prefix_length=0",SGCT,suffix_signature_trigger_count,0.000000,0.000000,0.000000,0.000000,50
"TOTAL_TAGS=10000,prefix_length=0",SGCT,hash_short_id_round_count,0.000000,0.000000,0.000000,0.000000,50
"TOTAL_TAGS=10000,prefix_length=0",SGCT,hash_short_id_split_count,0.000000,0.000000,0.000000,0.000000,50
"TOTAL_TAGS=10000,prefix_length=0",SGCT,hash_short_id_collision_groups,0.000000,0.000000,0.000000,0.000000,50
"TOTAL_TAGS=10000,prefix_length=0",SGCT,hash_short_id_singleton_groups,0.000000,0.000000,0.000000,0.000000,50
"TOTAL_TAGS=10000,prefix_length=0",SGCT,small_cluster_guard_count,0.000000,0.000000,0.000000,0.000000,50
"TOTAL_TAGS=10000,prefix_length=0",SGCT,max_signature_d,8.000000,0.000000,8.000000,0.000000,50
"TOTAL_TAGS=10000,prefix_length=0",SGCT,epc_verification_count,10000.000000,0.000000,10000.000000,0.000000,50
"TOTAL_TAGS=10000,prefix_length=0",SGCT,verify_fail_count,0.000000,0.000000,0.000000,0.000000,50
"TOTAL_TAGS=10000,prefix_length=0",SGCT,avg_tag_responses,4.283128,0.008489,4.295400,0.002353,50
"TOTAL_TAGS=10000,prefix_length=16",DQTA(k_max=3),total_protocol_time_ms,16296.789850,74.331863,16431.689250,20.603741,50
"TOTAL_TAGS=10000,prefix_length=16",DQTA(k_max=3),throughput_tags_per_sec,613.630285,2.797689,617.999583,0.775480,50
"TOTAL_TAGS=10000,prefix_length=16",DQTA(k_max=3),system_efficiency,0.330837,0.002063,0.333787,0.000572,50
"TOTAL_TAGS=10000,prefix_length=16",DQTA(k_max=3),collision_slots,9272.480000,60.511844,9374.900000,16.773027,50
"TOTAL_TAGS=10000,prefix_length=16",DQTA(k_max=3),idle_slots,10955.040000,157.866381,11210.200000,43.758328,50
"TOTAL_TAGS=10000,prefix_length=16",DQTA(k_max=3),total_energy_uj,8167052.020293,39229.443754,8231546.900763,10873.847035,50
"TOTAL_TAGS=10000,prefix_length=16",DQTA(k_max=3),total_listening_energy_uj,8162355.569032,39220.625704,8226839.370012,10871.402796,50
"TOTAL_TAGS=10000,prefix_length=16",DQTA(k_max=3),total_transmission_energy_uj,4696.451260,10.464938,4714.193125,2.900733,50
"TOTAL_TAGS=10000,prefix_length=16",DQTA(k_max=3),total_bits,7935991.340000,11293.961747,7954431.300000,3130.526480,50
"TOTAL_TAGS=10000,prefix_length=16",DQTA(k_max=3),avg_tag_bits,745.035428,0.824678,746.319980,0.228589,50
"TOTAL_TAGS=10000,prefix_length=16",DQTA(k_max=3),avg_reader_bits,48.563706,0.331504,49.134385,0.091888,50
"TOTAL_TAGS=10000,prefix_length=16",DQTA(k_max=3),avg_total_bits,793.599134,1.129396,795.443130,0.313053,50
"TOTAL_TAGS=10000,prefix_length=16",DQTA(k_max=3),avg_query_efficiency,1.078505,0.007040,1.089942,0.001951,50
"TOTAL_TAGS=10000,prefix_length=16",DQTA(k_max=3),peak_stack_depth,27.400000,0.808122,29.000000,0.224000,50
"TOTAL_TAGS=10000,prefix_length=16",DQTA(k_max=3),avg_tag_responses,5.163858,0.006436,5.174215,0.001784,50
"TOTAL_TAGS=10000,prefix_length=16",DRCT,total_protocol_time_ms,17280.335300,118.624452,17468.405125,32.881021,50
"TOTAL_TAGS=10000,prefix_length=16",DRCT,throughput_tags_per_sec,578.719108,3.959011,584.268288,1.097382,50
"TOTAL_TAGS=10000,prefix_length=16",DRCT,system_efficiency,0.346217,0.002492,0.349293,0.000691,50
"TOTAL_TAGS=10000,prefix_length=16",DRCT,collision_slots,14441.540000,104.518373,14652.450000,28.971015,50
"TOTAL_TAGS=10000,prefix_length=16",DRCT,idle_slots,4443.540000,104.518373,4654.450000,28.971015,50
"TOTAL_TAGS=10000,prefix_length=16",DRCT,total_energy_uj,8660400.501332,61974.149047,8769558.583756,17178.357691,50
"TOTAL_TAGS=10000,prefix_length=16",DRCT,energy_per_tag_uj,866.040050,6.197415,876.955858,1.717836,50
"TOTAL_TAGS=10000,prefix_length=16",DRCT,total_reader_tx_energy_uj,1658.072320,16.093414,1683.640700,4.460867,50
"TOTAL_TAGS=10000,prefix_length=16",DRCT,total_tag_tx_energy_uj,969.577920,1.664276,972.359350,0.461314,50
"TOTAL_TAGS=10000,prefix_length=16",DRCT,total_listening_energy_uj,8657772.851092,61958.139732,8766894.561656,17173.920136,50
"TOTAL_TAGS=10000,prefix_length=16",DRCT,total_transmission_energy_uj,2627.650240,16.917417,2652.970150,4.689269,50
"TOTAL_TAGS=10000,prefix_length=16",DRCT,total_bits,2768192.000000,10012.989482,2783517.100000,2775.459083,50
"TOTAL_TAGS=10000,prefix_length=16",DRCT,avg_tag_bits,193.915584,0.332855,194.471870,0.092263,50
"TOTAL_TAGS=10000,prefix_length=16",DRCT,avg_reader_bits,82.903616,0.804671,84.182035,0.223043,50
"TOTAL_TAGS=10000,prefix_length=16",DRCT,avg_total_bits,276.819200,1.001299,278.351710,0.277546,50
"TOTAL_TAGS=10000,prefix_length=16",DRCT,avg_query_efficiency,0.692482,0.004986,0.698634,0.001382,50
"TOTAL_TAGS=10000,prefix_length=16",DRCT,peak_stack_depth,12.960000,0.493219,13.550000,0.136713,50
"TOTAL_TAGS=10000,prefix_length=16",DRCT,avg_tag_responses,30.619182,0.022545,30.659530,0.006249,50
"TOTAL_TAGS=10000,prefix_length=16",EAQ_CBB,total_protocol_time_ms,23626.266875,63.505085,23719.353250,17.602711,50
"TOTAL_TAGS=10000,prefix_length=16",EAQ_CBB,throughput_tags_per_sec,423.260724,1.138129,425.113303,0.315473,50
"TOTAL_TAGS=10000,prefix_length=16",EAQ_CBB,system_efficiency,0.545948,0.001940,0.549089,0.000538,50
"TOTAL_TAGS=10000,prefix_length=16",EAQ_CBB,collision_slots,8317.000000,65.036567,8411.100000,18.027217,50
"TOTAL_TAGS=10000,prefix_length=16",EAQ_CBB,idle_slots,0.000000,0.000000,0.000000,0.000000,50
"TOTAL_TAGS=10000,prefix_length=16",EAQ_CBB,total_energy_uj,11814270.576565,36912.908780,11874316.296962,10231.736300,50
"TOTAL_TAGS=10000,prefix_length=16",EAQ_CBB,total_listening_energy_uj,11810487.239995,36904.358869,11870525.903413,10229.366385,50
"TOTAL_TAGS=10000,prefix_length=16",EAQ_CBB,total_transmission_energy_uj,3783.336570,9.610960,3797.873650,2.664022,50
"TOTAL_TAGS=10000,prefix_length=16",EAQ_CBB,total_bits,2779986.300000,9253.829891,2794166.900000,2565.030780,50
"TOTAL_TAGS=10000,prefix_length=16",EAQ_CBB,avg_tag_bits,118.442402,0.605251,119.364010,0.167767,50
"TOTAL_TAGS=10000,prefix_length=16",EAQ_CBB,avg_reader_bits,159.556228,0.337697,160.052680,0.093605,50
"TOTAL_TAGS=10000,prefix_length=16",EAQ_CBB,avg_total_bits,277.998630,0.925383,279.416690,0.256503,50
"TOTAL_TAGS=10000,prefix_length=16",EAQ_CBB,avg_query_efficiency,1.202429,0.009416,1.217730,0.002610,50
"TOTAL_TAGS=10000,prefix_length=16",EAQ_CBB,peak_stack_depth,2458.480000,6.749875,2468.100000,1.870970,50
"TOTAL_TAGS=10000,prefix_length=16",EAQ_CBB,avg_tag_responses,3.789676,0.015589,3.813080,0.004321,50
"TOTAL_TAGS=10000,prefix_length=16",EMDT,total_protocol_time_ms,13717.258900,109.658649,13894.353750,30.395827,50
"TOTAL_TAGS=10000,prefix_length=16",EMDT,throughput_tags_per_sec,729.054303,5.831211,738.067241,1.616329,50
"TOTAL_TAGS=10000,prefix_length=16",EMDT,system_efficiency,0.499813,0.006160,0.509203,0.001707,50
"TOTAL_TAGS=10000,prefix_length=16",EMDT,collision_slots,5981.820000,112.392114,6152.500000,31.153505,50
"TOTAL_TAGS=10000,prefix_length=16",EMDT,idle_slots,4028.620000,155.265919,4260.150000,43.037517,50
"TOTAL_TAGS=10000,prefix_length=16",EMDT,total_energy_uj,6862500.421835,66562.000635,6967387.201038,18450.045271,50
"TOTAL_TAGS=10000,prefix_length=16",EMDT,total_listening_energy_uj,6861274.184075,66561.298871,6966168.921238,18449.850752,50
"TOTAL_TAGS=10000,prefix_length=16",EMDT,total_transmission_energy_uj,1226.237760,8.396494,1239.632400,2.327390,50
"TOTAL_TAGS=10000,prefix_length=16",EMDT,total_bits,1720329.600000,7100.505127,1731267.000000,1968.159608,50
"TOTAL_TAGS=10000,prefix_length=16",EMDT,avg_tag_bits,147.628096,0.418188,148.251600,0.115916,50
"TOTAL_TAGS=10000,prefix_length=16",EMDT,avg_reader_bits,24.404864,0.332666,24.933260,0.092210,50
"TOTAL_TAGS=10000,prefix_length=16",EMDT,avg_total_bits,172.032960,0.710051,173.126700,0.196816,50
"TOTAL_TAGS=10000,prefix_length=16",EMDT,avg_query_efficiency,1.672311,0.031476,1.723160,0.008725,50
"TOTAL_TAGS=10000,prefix_length=16",EMDT,peak_stack_depth,46.780000,1.418392,49.000000,0.393158,50
"TOTAL_TAGS=10000,prefix_length=16",EMDT,avg_tag_responses,5.321436,0.022461,5.353485,0.006226,50
"TOTAL_TAGS=10000,prefix_length=16",HT_EEAC,total_protocol_time_ms,79535.075850,1406.961981,81818.043000,389.989964,50
"TOTAL_TAGS=10000,prefix_length=16",HT_EEAC,throughput_tags_per_sec,125.769075,2.214482,129.140155,0.613823,50
"TOTAL_TAGS=10000,prefix_length=16",HT_EEAC,system_efficiency,0.061636,0.001161,0.063392,0.000322,50
"TOTAL_TAGS=10000,prefix_length=16",HT_EEAC,collision_slots,146325.180000,3084.393909,151327.400000,854.950373,50
"TOTAL_TAGS=10000,prefix_length=16",HT_EEAC,idle_slots,5974.240000,174.987412,6289.800000,48.504036,50
"TOTAL_TAGS=10000,prefix_length=16",HT_EEAC,total_energy_uj,46764486.070785,931037.135028,48252415.031436,258070.327312,50
"TOTAL_TAGS=10000,prefix_length=16",HT_EEAC,total_listening_energy_uj,46755614.294865,930882.777153,48243263.983836,258027.541492,50
"TOTAL_TAGS=10000,prefix_length=16",HT_EEAC,total_transmission_energy_uj,8871.775920,159.871324,9131.168000,44.314070,50
"TOTAL_TAGS=10000,prefix_length=16",HT_EEAC,total_bits,7031790.120000,116919.272705,7221512.800000,32408.368948,50
"TOTAL_TAGS=10000,prefix_length=16",HT_EEAC,avg_tag_bits,346.120288,4.935030,354.123840,1.367921,50
"TOTAL_TAGS=10000,prefix_length=16",HT_EEAC,avg_reader_bits,357.058724,6.761487,368.027440,1.874189,50
"TOTAL_TAGS=10000,prefix_length=16",HT_EEAC,avg_total_bits,703.179012,11.691927,722.151280,3.240837,50
"TOTAL_TAGS=10000,prefix_length=16",HT_EEAC,avg_query_efficiency,0.068371,0.001434,0.070614,0.000398,50
"TOTAL_TAGS=10000,prefix_length=16",HT_EEAC,avg_tag_responses,252.932808,10.371028,268.816360,2.874702,50
"TOTAL_TAGS=10000,prefix_length=16",LAPCT,total_protocol_time_ms,26899.502475,0.773742,26900.819375,0.214470,50
"TOTAL_TAGS=10000,prefix_length=16",LAPCT,throughput_tags_per_sec,371.754088,0.010693,371.770095,0.002964,50
"TOTAL_TAGS=10000,prefix_length=16",LAPCT,system_efficiency,0.498968,0.000024,0.498977,0.000007,50
"TOTAL_TAGS=10000,prefix_length=16",LAPCT,collision_slots,10041.360000,0.963836,10043.000000,0.267162,50
"TOTAL_TAGS=10000,prefix_length=16",LAPCT,idle_slots,0.000000,0.000000,0.000000,0.000000,50
"TOTAL_TAGS=10000,prefix_length=16",LAPCT,total_energy_uj,13464561.664908,521.465757,13465412.249194,144.542933,50
"TOTAL_TAGS=10000,prefix_length=16",LAPCT,total_listening_energy_uj,13457348.591447,519.714223,13458196.126844,144.057433,50
"TOTAL_TAGS=10000,prefix_length=16",LAPCT,total_transmission_energy_uj,7213.073460,4.172801,7216.851475,1.156641,50
"TOTAL_TAGS=10000,prefix_length=16",LAPCT,total_bits,9386427.300000,8238.676497,9393630.350000,2283.644615,50
"TOTAL_TAGS=10000,prefix_length=16",LAPCT,avg_tag_bits,770.652076,0.820645,771.366715,0.227471,50
"TOTAL_TAGS=10000,prefix_length=16",LAPCT,avg_reader_bits,167.990654,0.012369,168.011710,0.003429,50
"TOTAL_TAGS=10000,prefix_length=16",LAPCT,avg_total_bits,938.642730,0.823868,939.363035,0.228364,50
"TOTAL_TAGS=10000,prefix_length=16",LAPCT,avg_query_efficiency,0.995881,0.000096,0.995917,0.000026,50
"TOTAL_TAGS=10000,prefix_length=16",LAPCT,peak_stack_depth,17.740000,0.599660,19.000000,0.166217,50
"TOTAL_TAGS=10000,prefix_length=16",LAPCT,avg_tag_responses,11.616408,0.011441,11.626875,0.003171,50
"TOTAL_TAGS=10000,prefix_length=16",NLHQT(n=2),total_protocol_time_ms,16715.549250,51.192468,16786.539000,14.189828,50
"TOTAL_TAGS=10000,prefix_length=16",NLHQT(n=2),throughput_tags_per_sec,598.250875,1.833024,601.242046,0.508088,50
"TOTAL_TAGS=10000,prefix_length=16",NLHQT(n=2),system_efficiency,0.354471,0.001041,0.356110,0.000289,50
"TOTAL_TAGS=10000,prefix_length=16",NLHQT(n=2),collision_slots,18211.320000,82.811179,18330.300000,22.954088,50
"TOTAL_TAGS=10000,prefix_length=16",NLHQT(n=2),idle_slots,0.000000,0.000000,0.000000,0.000000,50
"TOTAL_TAGS=10000,prefix_length=16",NLHQT(n=2),total_energy_uj,8363281.077945,35203.461170,8415701.378800,9757.901597,50
"TOTAL_TAGS=10000,prefix_length=16",NLHQT(n=2),total_listening_energy_uj,8361083.347765,35199.705862,8413497.298500,9756.860679,50
"TOTAL_TAGS=10000,prefix_length=16",NLHQT(n=2),total_transmission_energy_uj,2197.730180,4.510403,2204.170300,1.250220,50
"TOTAL_TAGS=10000,prefix_length=16",NLHQT(n=2),total_bits,2427258.760000,2405.228315,2430702.500000,666.695275,50
"TOTAL_TAGS=10000,prefix_length=16",NLHQT(n=2),avg_tag_bits,177.119156,0.020985,177.151830,0.005817,50
"TOTAL_TAGS=10000,prefix_length=16",NLHQT(n=2),avg_reader_bits,65.606720,0.220542,65.921570,0.061131,50
"TOTAL_TAGS=10000,prefix_length=16",NLHQT(n=2),avg_total_bits,242.725876,0.240523,243.070250,0.066670,50
"TOTAL_TAGS=10000,prefix_length=16",NLHQT(n=2),avg_query_efficiency,0.549120,0.002499,0.553061,0.000693,50
"TOTAL_TAGS=10000,prefix_length=16",NLHQT(n=2),peak_stack_depth,21.040000,0.832013,22.550000,0.230622,50
"TOTAL_TAGS=10000,prefix_length=16",NLHQT(n=2),avg_tag_responses,9.559578,0.010493,9.575915,0.002908,50
"TOTAL_TAGS=10000,prefix_length=16",SGCT,total_protocol_time_ms,10623.600450,46.573691,10695.311438,12.909569,50
"TOTAL_TAGS=10000,prefix_length=16",SGCT,throughput_tags_per_sec,941.318210,4.131379,948.796751,1.145160,50
"TOTAL_TAGS=10000,prefix_length=16",SGCT,system_efficiency,0.840862,0.002967,0.846213,0.000823,50
"TOTAL_TAGS=10000,prefix_length=16",SGCT,collision_slots,1892.700000,41.931066,1957.100000,11.622698,50
"TOTAL_TAGS=10000,prefix_length=16",SGCT,idle_slots,0.000000,0.000000,0.000000,0.000000,50
"TOTAL_TAGS=10000,prefix_length=16",SGCT,total_energy_uj,5338987.090978,26824.139852,5377471.608156,7435.272226,50
"TOTAL_TAGS=10000,prefix_length=16",SGCT,total_listening_energy_uj,5337682.306577,26819.286085,5376157.830281,7433.926831,50
"TOTAL_TAGS=10000,prefix_length=16",SGCT,total_transmission_energy_uj,1304.784400,6.502373,1314.774025,1.802366,50
"TOTAL_TAGS=10000,prefix_length=16",SGCT,total_bits,1524448.700000,3761.816513,1530195.650000,1042.722339,50
"TOTAL_TAGS=10000,prefix_length=16",SGCT,avg_tag_bits,116.274200,0.069330,116.374485,0.019217,50
"TOTAL_TAGS=10000,prefix_length=16",SGCT,avg_reader_bits,36.170670,0.308167,36.645080,0.085420,50
"TOTAL_TAGS=10000,prefix_length=16",SGCT,avg_total_bits,152.444870,0.376182,153.019565,0.104272,50
"TOTAL_TAGS=10000,prefix_length=16",SGCT,avg_query_efficiency,5.286016,0.117859,5.502521,0.032669,50
"TOTAL_TAGS=10000,prefix_length=16",SGCT,peak_stack_depth,258.340000,1.451389,261.000000,0.402305,50
"TOTAL_TAGS=10000,prefix_length=16",SGCT,progressive_probe_count,948.040000,21.042193,980.550000,5.832598,50
"TOTAL_TAGS=10000,prefix_length=16",SGCT,signature_grouping_trigger_count,945.660000,20.920267,977.550000,5.798802,50
"TOTAL_TAGS=10000,prefix_length=16",SGCT,local_short_id_trigger_count,257.000000,0.000000,257.000000,0.000000,50
"TOTAL_TAGS=10000,prefix_length=16",SGCT,signature_groups_pruned,65865.900000,313.803998,66344.250000,86.982030,50
"TOTAL_TAGS=10000,prefix_length=16",SGCT,sparse_signature_groups,10944.660000,20.920267,10976.550000,5.798802,50
"TOTAL_TAGS=10000,prefix_length=16",SGCT,signature_marker_bits,21412.240000,42.605720,21474.400000,11.809703,50
"TOTAL_TAGS=10000,prefix_length=16",SGCT,signature_marker_tag_bits,21412.240000,42.605720,21474.400000,11.809703,50
"TOTAL_TAGS=10000,prefix_length=16",SGCT,signature_non_idle_marker_count,10944.660000,20.920267,10976.550000,5.798802,50
"TOTAL_TAGS=10000,prefix_length=16",SGCT,signature_collision_groups,944.660000,20.920267,976.550000,5.798802,50
"TOTAL_TAGS=10000,prefix_length=16",SGCT,signature_singleton_groups,10000.000000,0.000000,10000.000000,0.000000,50
"TOTAL_TAGS=10000,prefix_length=16",SGCT,low_d_fallback_count,0.000000,0.000000,0.000000,0.000000,50
"TOTAL_TAGS=10000,prefix_length=16",SGCT,suffix_signature_trigger_count,0.000000,0.000000,0.000000,0.000000,50
"TOTAL_TAGS=10000,prefix_length=16",SGCT,hash_short_id_round_count,0.000000,0.000000,0.000000,0.000000,50
"TOTAL_TAGS=10000,prefix_length=16",SGCT,hash_short_id_split_count,0.000000,0.000000,0.000000,0.000000,50
"TOTAL_TAGS=10000,prefix_length=16",SGCT,hash_short_id_collision_groups,0.000000,0.000000,0.000000,0.000000,50
"TOTAL_TAGS=10000,prefix_length=16",SGCT,hash_short_id_singleton_groups,0.000000,0.000000,0.000000,0.000000,50
"TOTAL_TAGS=10000,prefix_length=16",SGCT,small_cluster_guard_count,0.000000,0.000000,0.000000,0.000000,50
"TOTAL_TAGS=10000,prefix_length=16",SGCT,max_signature_d,8.000000,0.000000,8.000000,0.000000,50
"TOTAL_TAGS=10000,prefix_length=16",SGCT,epc_verification_count,10000.000000,0.000000,10000.000000,0.000000,50
"TOTAL_TAGS=10000,prefix_length=16",SGCT,verify_fail_count,0.000000,0.000000,0.000000,0.000000,50
"TOTAL_TAGS=10000,prefix_length=16",SGCT,avg_tag_responses,4.282924,0.008535,4.295480,0.002366,50
"TOTAL_TAGS=10000,prefix_length=32",DQTA(k_max=3),total_protocol_time_ms,16232.790150,75.282453,16350.071750,20.867231,50
"TOTAL_TAGS=10000,prefix_length=32",DQTA(k_max=3),throughput_tags_per_sec,616.050039,2.860048,620.885194,0.792765,50
"TOTAL_TAGS=10000,prefix_length=32",DQTA(k_max=3),system_efficiency,0.330680,0.001585,0.332850,0.000439,50
"TOTAL_TAGS=10000,prefix_length=32",DQTA(k_max=3),collision_slots,9278.920000,58.974861,9367.400000,16.346998,50
"TOTAL_TAGS=10000,prefix_length=32",DQTA(k_max=3),idle_slots,10962.440000,131.313173,11183.950000,36.398155,50
"TOTAL_TAGS=10000,prefix_length=32",DQTA(k_max=3),total_energy_uj,8134572.377690,40482.400238,8194207.843288,11221.148853,50
"TOTAL_TAGS=10000,prefix_length=32",DQTA(k_max=3),total_listening_energy_uj,8130404.242790,40472.115498,8190029.236163,11218.298068,50
"TOTAL_TAGS=10000,prefix_length=32",DQTA(k_max=3),total_transmission_energy_uj,4168.134900,11.493495,4184.358700,3.185834,50
"TOTAL_TAGS=10000,prefix_length=32",DQTA(k_max=3),total_bits,6432846.240000,10717.440481,6446722.100000,2970.722938,50
"TOTAL_TAGS=10000,prefix_length=32",DQTA(k_max=3),avg_tag_bits,579.837172,0.687191,580.742450,0.190480,50
"TOTAL_TAGS=10000,prefix_length=32",DQTA(k_max=3),avg_reader_bits,63.447452,0.418944,64.074270,0.116125,50
"TOTAL_TAGS=10000,prefix_length=32",DQTA(k_max=3),avg_total_bits,643.284624,1.071744,644.672210,0.297072,50
"TOTAL_TAGS=10000,prefix_length=32",DQTA(k_max=3),avg_query_efficiency,1.077754,0.006862,1.089811,0.001902,50
"TOTAL_TAGS=10000,prefix_length=32",DQTA(k_max=3),peak_stack_depth,27.420000,0.758355,28.550000,0.210205,50
"TOTAL_TAGS=10000,prefix_length=32",DQTA(k_max=3),avg_tag_responses,5.164380,0.007070,5.173800,0.001960,50
"TOTAL_TAGS=10000,prefix_length=32",DRCT,total_protocol_time_ms,19240.889825,103.784088,19393.739313,28.767482,50
"TOTAL_TAGS=10000,prefix_length=32",DRCT,throughput_tags_per_sec,519.741320,2.806877,524.340469,0.778027,50
"TOTAL_TAGS=10000,prefix_length=32",DRCT,system_efficiency,0.346206,0.002235,0.349848,0.000620,50
"TOTAL_TAGS=10000,prefix_length=32",DRCT,collision_slots,14441.860000,93.118974,14573.200000,25.811263,50
"TOTAL_TAGS=10000,prefix_length=32",DRCT,idle_slots,4443.860000,93.118974,4575.200000,25.811263,50
"TOTAL_TAGS=10000,prefix_length=32",DRCT,total_energy_uj,9642369.089038,60050.699927,9729800.367456,16645.204796,50
"TOTAL_TAGS=10000,prefix_length=32",DRCT,energy_per_tag_uj,964.236909,6.005070,972.980037,1.664520,50
"TOTAL_TAGS=10000,prefix_length=32",DRCT,total_reader_tx_energy_uj,2138.526440,14.097301,2158.503600,3.907573,50
"TOTAL_TAGS=10000,prefix_length=32",DRCT,total_tag_tx_energy_uj,1202.735700,1.255717,1204.941850,0.348067,50
"TOTAL_TAGS=10000,prefix_length=32",DRCT,total_listening_energy_uj,9639027.826898,60038.098750,9726431.637881,16641.711928,50
"TOTAL_TAGS=10000,prefix_length=32",DRCT,total_transmission_energy_uj,3341.262140,14.645674,3363.092900,4.059574,50
"TOTAL_TAGS=10000,prefix_length=32",DRCT,total_bits,3474734.620000,8377.101159,3488437.600000,2322.013974,50
"TOTAL_TAGS=10000,prefix_length=32",DRCT,avg_tag_bits,240.547140,0.251143,240.988370,0.069613,50
"TOTAL_TAGS=10000,prefix_length=32",DRCT,avg_reader_bits,106.926322,0.704865,107.925180,0.195379,50
"TOTAL_TAGS=10000,prefix_length=32",DRCT,avg_total_bits,347.473462,0.837710,348.843760,0.232201,50
"TOTAL_TAGS=10000,prefix_length=32",DRCT,avg_query_efficiency,0.692460,0.004471,0.699744,0.001239,50
"TOTAL_TAGS=10000,prefix_length=32",DRCT,peak_stack_depth,13.080000,0.600680,14.000000,0.166500,50
"TOTAL_TAGS=10000,prefix_length=32",DRCT,avg_tag_responses,46.617356,0.022558,46.650380,0.006253,50
"TOTAL_TAGS=10000,prefix_length=32",EAQ_CBB,total_protocol_time_ms,24849.818325,64.572672,24958.208813,17.898632,50
"TOTAL_TAGS=10000,prefix_length=32",EAQ_CBB,throughput_tags_per_sec,402.420092,1.045792,404.028216,0.289879,50
"TOTAL_TAGS=10000,prefix_length=32",EAQ_CBB,system_efficiency,0.546586,0.001716,0.549206,0.000476,50
"TOTAL_TAGS=10000,prefix_length=32",EAQ_CBB,collision_slots,8295.560000,57.451012,8392.700000,15.924608,50
"TOTAL_TAGS=10000,prefix_length=32",EAQ_CBB,idle_slots,0.000000,0.000000,0.000000,0.000000,50
"TOTAL_TAGS=10000,prefix_length=32",EAQ_CBB,total_energy_uj,12427998.010900,37857.442621,12483256.491819,10493.547723,50
"TOTAL_TAGS=10000,prefix_length=32",EAQ_CBB,total_listening_energy_uj,12424063.525000,37849.077498,12479306.395194,10491.229029,50
"TOTAL_TAGS=10000,prefix_length=32",EAQ_CBB,total_transmission_energy_uj,3934.485900,9.883740,3950.938600,2.739633,50
"TOTAL_TAGS=10000,prefix_length=32",EAQ_CBB,total_bits,2687445.840000,8199.164314,2700915.500000,2272.692397,50
"TOTAL_TAGS=10000,prefix_length=32",EAQ_CBB,avg_tag_bits,96.027052,0.441607,96.784570,0.122407,50
"TOTAL_TAGS=10000,prefix_length=32",EAQ_CBB,avg_reader_bits,172.717532,0.387678,173.365390,0.107459,50
"TOTAL_TAGS=10000,prefix_length=32",EAQ_CBB,avg_total_bits,268.744584,0.819916,270.091550,0.227269,50
"TOTAL_TAGS=10000,prefix_length=32",EAQ_CBB,avg_query_efficiency,1.205521,0.008351,1.218310,0.002315,50
"TOTAL_TAGS=10000,prefix_length=32",EAQ_CBB,peak_stack_depth,2456.900000,6.201547,2466.550000,1.718981,50
"TOTAL_TAGS=10000,prefix_length=32",EAQ_CBB,avg_tag_responses,3.786112,0.014021,3.810080,0.003886,50
"TOTAL_TAGS=10000,prefix_length=32",EMDT,total_protocol_time_ms,13692.749500,102.794455,13881.492875,28.493169,50
"TOTAL_TAGS=10000,prefix_length=32",EMDT,throughput_tags_per_sec,730.353778,5.473087,738.077076,1.517062,50
"TOTAL_TAGS=10000,prefix_length=32",EMDT,system_efficiency,0.501821,0.005720,0.511186,0.001586,50
"TOTAL_TAGS=10000,prefix_length=32",EMDT,collision_slots,5959.000000,104.904232,6152.650000,29.077970,50
"TOTAL_TAGS=10000,prefix_length=32",EMDT,idle_slots,3970.960000,137.478601,4176.900000,38.107124,50
"TOTAL_TAGS=10000,prefix_length=32",EMDT,total_energy_uj,6851457.086680,66558.389792,6962431.392712,18449.044397,50
"TOTAL_TAGS=10000,prefix_length=32",EMDT,total_listening_energy_uj,6850228.560760,66558.609274,6961195.847113,18449.105234,50
"TOTAL_TAGS=10000,prefix_length=32",EMDT,total_transmission_energy_uj,1228.525920,7.258557,1239.544600,2.011969,50
"TOTAL_TAGS=10000,prefix_length=32",EMDT,total_bits,1722585.360000,6366.592276,1732237.600000,1764.729344,50
"TOTAL_TAGS=10000,prefix_length=32",EMDT,avg_tag_bits,147.776320,0.394006,148.418240,0.109213,50
"TOTAL_TAGS=10000,prefix_length=32",EMDT,avg_reader_bits,24.482216,0.281639,24.924460,0.078066,50
"TOTAL_TAGS=10000,prefix_length=32",EMDT,avg_total_bits,172.258536,0.636659,173.223760,0.176473,50
"TOTAL_TAGS=10000,prefix_length=32",EMDT,avg_query_efficiency,1.678642,0.029450,1.721455,0.008163,50
"TOTAL_TAGS=10000,prefix_length=32",EMDT,peak_stack_depth,46.820000,1.859230,50.000000,0.515352,50
"TOTAL_TAGS=10000,prefix_length=32",EMDT,avg_tag_responses,5.318208,0.020013,5.357680,0.005547,50
"TOTAL_TAGS=10000,prefix_length=32",HT_EEAC,total_protocol_time_ms,79796.089950,1603.074699,81920.454750,444.349636,50
"TOTAL_TAGS=10000,prefix_length=32",HT_EEAC,throughput_tags_per_sec,125.369387,2.538793,129.701036,0.703718,50
"TOTAL_TAGS=10000,prefix_length=32",HT_EEAC,system_efficiency,0.061427,0.001335,0.063719,0.000370,50
"TOTAL_TAGS=10000,prefix_length=32",HT_EEAC,collision_slots,146895.260000,3490.553437,151560.200000,967.532050,50
"TOTAL_TAGS=10000,prefix_length=32",HT_EEAC,idle_slots,5974.840000,159.978233,6178.300000,44.343704,50
"TOTAL_TAGS=10000,prefix_length=32",HT_EEAC,total_energy_uj,46936323.394339,1035242.132067,48381534.481116,286954.478848,50
"TOTAL_TAGS=10000,prefix_length=32",HT_EEAC,total_listening_energy_uj,46927421.947859,1035065.474292,48372352.243316,286905.511811,50
"TOTAL_TAGS=10000,prefix_length=32",HT_EEAC,total_transmission_energy_uj,8901.446480,182.327290,9143.002800,50.538546,50
"TOTAL_TAGS=10000,prefix_length=32",HT_EEAC,total_bits,7053466.360000,133029.090559,7229811.000000,36873.782636,50
"TOTAL_TAGS=10000,prefix_length=32",HT_EEAC,avg_tag_bits,347.032416,5.584885,354.496320,1.548051,50
"TOTAL_TAGS=10000,prefix_length=32",HT_EEAC,avg_reader_bits,358.314220,7.721361,368.539820,2.140252,50
"TOTAL_TAGS=10000,prefix_length=32",HT_EEAC,avg_total_bits,705.346636,13.302909,722.981100,3.687378,50
"TOTAL_TAGS=10000,prefix_length=32",HT_EEAC,avg_query_efficiency,0.068114,0.001635,0.070875,0.000453,50
"TOTAL_TAGS=10000,prefix_length=32",HT_EEAC,avg_tag_responses,255.456028,10.511751,273.375780,2.913709,50
"TOTAL_TAGS=10000,prefix_length=32",LAPCT,total_protocol_time_ms,27888.860775,0.944873,27890.188437,0.261905,50
"TOTAL_TAGS=10000,prefix_length=32",LAPCT,throughput_tags_per_sec,358.566099,0.012148,358.586251,0.003367,50
"TOTAL_TAGS=10000,prefix_length=32",LAPCT,system_efficiency,0.498966,0.000023,0.498977,0.000006,50
"TOTAL_TAGS=10000,prefix_length=32",LAPCT,collision_slots,10041.440000,0.929340,10043.000000,0.257600,50
"TOTAL_TAGS=10000,prefix_length=32",LAPCT,idle_slots,0.000000,0.000000,0.000000,0.000000,50
"TOTAL_TAGS=10000,prefix_length=32",LAPCT,total_energy_uj,13958873.218625,610.472964,13959839.956187,169.214472,50
"TOTAL_TAGS=10000,prefix_length=32",LAPCT,total_listening_energy_uj,13952191.225855,609.236973,13953156.801088,168.871873,50
"TOTAL_TAGS=10000,prefix_length=32",LAPCT,total_transmission_energy_uj,6681.992770,2.787136,6684.843425,0.772555,50
"TOTAL_TAGS=10000,prefix_length=32",LAPCT,total_bits,7846318.160000,5367.265337,7852034.350000,1487.730049,50
"TOTAL_TAGS=10000,prefix_length=32",LAPCT,avg_tag_bits,600.709570,0.530399,601.284510,0.147019,50
"TOTAL_TAGS=10000,prefix_length=32",LAPCT,avg_reader_bits,183.922246,0.014123,183.942415,0.003915,50
"TOTAL_TAGS=10000,prefix_length=32",LAPCT,avg_total_bits,784.631816,0.536727,785.203435,0.148773,50
"TOTAL_TAGS=10000,prefix_length=32",LAPCT,avg_query_efficiency,0.995873,0.000092,0.995917,0.000026,50
"TOTAL_TAGS=10000,prefix_length=32",LAPCT,peak_stack_depth,17.620000,0.696639,19.000000,0.193099,50
"TOTAL_TAGS=10000,prefix_length=32",LAPCT,avg_tag_responses,11.615018,0.009553,11.625520,0.002648,50
"TOTAL_TAGS=10000,prefix_length=32",NLHQT(n=2),total_protocol_time_ms,14997.701450,48.558447,15082.293125,13.459715,50
"TOTAL_TAGS=10000,prefix_length=32",NLHQT(n=2),throughput_tags_per_sec,666.775683,2.156655,669.815773,0.597794,50
"TOTAL_TAGS=10000,prefix_length=32",NLHQT(n=2),system_efficiency,0.354360,0.001098,0.355898,0.000304,50
"TOTAL_TAGS=10000,prefix_length=32",NLHQT(n=2),collision_slots,18220.120000,87.556312,18370.750000,24.269371,50
"TOTAL_TAGS=10000,prefix_length=32",NLHQT(n=2),idle_slots,0.000000,0.000000,0.000000,0.000000,50
"TOTAL_TAGS=10000,prefix_length=32",NLHQT(n=2),total_energy_uj,7504192.137655,28405.319613,7558428.025900,7873.552895,50
"TOTAL_TAGS=10000,prefix_length=32",NLHQT(n=2),total_listening_energy_uj,7502154.027915,28400.906167,7556382.268150,7872.329550,50
"TOTAL_TAGS=10000,prefix_length=32",NLHQT(n=2),total_transmission_energy_uj,2038.109740,4.819801,2046.440850,1.335981,50
"TOTAL_TAGS=10000,prefix_length=32",NLHQT(n=2),total_bits,2107457.120000,2574.048385,2111898.900000,713.489811,50
"TOTAL_TAGS=10000,prefix_length=32",NLHQT(n=2),avg_tag_bits,145.120300,0.022904,145.160550,0.006349,50
"TOTAL_TAGS=10000,prefix_length=32",NLHQT(n=2),avg_reader_bits,65.625412,0.235543,66.032760,0.065289,50
"TOTAL_TAGS=10000,prefix_length=32",NLHQT(n=2),avg_total_bits,210.745712,0.257405,211.189890,0.071349,50
"TOTAL_TAGS=10000,prefix_length=32",NLHQT(n=2),avg_query_efficiency,0.548856,0.002631,0.552550,0.000729,50
"TOTAL_TAGS=10000,prefix_length=32",NLHQT(n=2),peak_stack_depth,21.020000,0.769044,22.550000,0.213168,50
"TOTAL_TAGS=10000,prefix_length=32",NLHQT(n=2),avg_tag_responses,9.560150,0.011452,9.580275,0.003174,50
"TOTAL_TAGS=10000,prefix_length=32",SGCT,total_protocol_time_ms,10001.386925,65.879349,10120.351500,18.260824,50
"TOTAL_TAGS=10000,prefix_length=32",SGCT,throughput_tags_per_sec,999.903803,6.580246,1009.774933,1.823951,50
"TOTAL_TAGS=10000,prefix_length=32",SGCT,system_efficiency,0.840919,0.003552,0.846246,0.000985,50
"TOTAL_TAGS=10000,prefix_length=32",SGCT,collision_slots,1891.960000,50.264184,1983.250000,13.932521,50
"TOTAL_TAGS=10000,prefix_length=32",SGCT,idle_slots,0.000000,0.000000,0.000000,0.000000,50
"TOTAL_TAGS=10000,prefix_length=32",SGCT,total_energy_uj,5023979.299265,32872.755585,5069011.509619,9111.862969,50
"TOTAL_TAGS=10000,prefix_length=32",SGCT,total_listening_energy_uj,5022694.057265,32864.297796,5067718.048644,9109.518590,50
"TOTAL_TAGS=10000,prefix_length=32",SGCT,total_transmission_energy_uj,1285.242000,9.417422,1302.402300,2.610376,50
"TOTAL_TAGS=10000,prefix_length=32",SGCT,total_bits,1394666.280000,5321.955153,1404300.700000,1475.170707,50
"TOTAL_TAGS=10000,prefix_length=32",SGCT,avg_tag_bits,100.272704,0.082513,100.411280,0.022872,50
"TOTAL_TAGS=10000,prefix_length=32",SGCT,avg_reader_bits,39.193924,0.450464,40.009885,0.124862,50
"TOTAL_TAGS=10000,prefix_length=32",SGCT,avg_total_bits,139.466628,0.532196,140.430070,0.147517,50
"TOTAL_TAGS=10000,prefix_length=32",SGCT,avg_query_efficiency,5.289171,0.140135,5.503882,0.038843,50
"TOTAL_TAGS=10000,prefix_length=32",SGCT,peak_stack_depth,258.600000,1.511858,261.550000,0.419066,50
"TOTAL_TAGS=10000,prefix_length=32",SGCT,progressive_probe_count,947.580000,25.193204,993.300000,6.983200,50
"TOTAL_TAGS=10000,prefix_length=32",SGCT,signature_grouping_trigger_count,945.380000,25.098085,990.400000,6.956834,50
"TOTAL_TAGS=10000,prefix_length=32",SGCT,local_short_id_trigger_count,257.000000,0.000000,257.000000,0.000000,50
"TOTAL_TAGS=10000,prefix_length=32",SGCT,signature_groups_pruned,65861.700000,376.471277,66537.000000,104.352514,50
"TOTAL_TAGS=10000,prefix_length=32",SGCT,sparse_signature_groups,10944.380000,25.098085,10989.400000,6.956834,50
"TOTAL_TAGS=10000,prefix_length=32",SGCT,signature_marker_bits,21411.540000,51.619570,21501.000000,14.308215,50
"TOTAL_TAGS=10000,prefix_length=32",SGCT,signature_marker_tag_bits,21411.540000,51.619570,21501.000000,14.308215,50
"TOTAL_TAGS=10000,prefix_length=32",SGCT,signature_non_idle_marker_count,10944.380000,25.098085,10989.400000,6.956834,50
"TOTAL_TAGS=10000,prefix_length=32",SGCT,signature_collision_groups,944.380000,25.098085,989.400000,6.956834,50
"TOTAL_TAGS=10000,prefix_length=32",SGCT,signature_singleton_groups,10000.000000,0.000000,10000.000000,0.000000,50
"TOTAL_TAGS=10000,prefix_length=32",SGCT,low_d_fallback_count,0.000000,0.000000,0.000000,0.000000,50
"TOTAL_TAGS=10000,prefix_length=32",SGCT,suffix_signature_trigger_count,0.000000,0.000000,0.000000,0.000000,50
"TOTAL_TAGS=10000,prefix_length=32",SGCT,hash_short_id_round_count,0.000000,0.000000,0.000000,0.000000,50
"TOTAL_TAGS=10000,prefix_length=32",SGCT,hash_short_id_split_count,0.000000,0.000000,0.000000,0.000000,50
"TOTAL_TAGS=10000,prefix_length=32",SGCT,hash_short_id_collision_groups,0.000000,0.000000,0.000000,0.000000,50
"TOTAL_TAGS=10000,prefix_length=32",SGCT,hash_short_id_singleton_groups,0.000000,0.000000,0.000000,0.000000,50
"TOTAL_TAGS=10000,prefix_length=32",SGCT,small_cluster_guard_count,0.000000,0.000000,0.000000,0.000000,50
"TOTAL_TAGS=10000,prefix_length=32",SGCT,max_signature_d,8.000000,0.000000,8.000000,0.000000,50
"TOTAL_TAGS=10000,prefix_length=32",SGCT,epc_verification_count,10000.000000,0.000000,10000.000000,0.000000,50
"TOTAL_TAGS=10000,prefix_length=32",SGCT,verify_fail_count,0.000000,0.000000,0.000000,0.000000,50
"TOTAL_TAGS=10000,prefix_length=32",SGCT,avg_tag_responses,4.282748,0.010338,4.300910,0.002865,50
"TOTAL_TAGS=10000,prefix_length=48",DQTA(k_max=3),total_protocol_time_ms,16143.265550,75.372643,16259.537000,20.892231,50
"TOTAL_TAGS=10000,prefix_length=48",DQTA(k_max=3),throughput_tags_per_sec,619.466580,2.890530,623.141994,0.801214,50
"TOTAL_TAGS=10000,prefix_length=48",DQTA(k_max=3),system_efficiency,0.330896,0.001949,0.334017,0.000540,50
"TOTAL_TAGS=10000,prefix_length=48",DQTA(k_max=3),collision_slots,9266.240000,52.506000,9351.000000,14.553921,50
"TOTAL_TAGS=10000,prefix_length=48",DQTA(k_max=3),idle_slots,10955.760000,151.975100,11166.550000,42.125349,50
"TOTAL_TAGS=10000,prefix_length=48",DQTA(k_max=3),total_energy_uj,8086943.712808,45514.505306,8160541.103419,12615.977215,50
"TOTAL_TAGS=10000,prefix_length=48",DQTA(k_max=3),total_listening_energy_uj,8083307.291888,45504.903220,8156892.166919,12613.315653,50
"TOTAL_TAGS=10000,prefix_length=48",DQTA(k_max=3),total_transmission_energy_uj,3636.420920,10.751237,3654.191850,2.980091,50
"TOTAL_TAGS=10000,prefix_length=48",DQTA(k_max=3),total_bits,4927169.740000,7913.954714,4940198.850000,2193.636329,50
"TOTAL_TAGS=10000,prefix_length=48",DQTA(k_max=3),avg_tag_bits,414.527904,0.366030,415.107915,0.101458,50
"TOTAL_TAGS=10000,prefix_length=48",DQTA(k_max=3),avg_reader_bits,78.189070,0.458282,78.930190,0.127029,50
"TOTAL_TAGS=10000,prefix_length=48",DQTA(k_max=3),avg_total_bits,492.716974,0.791395,494.019885,0.219364,50
"TOTAL_TAGS=10000,prefix_length=48",DQTA(k_max=3),avg_query_efficiency,1.079220,0.006110,1.087537,0.001694,50
"TOTAL_TAGS=10000,prefix_length=48",DQTA(k_max=3),peak_stack_depth,27.420000,0.730949,29.000000,0.202609,50
"TOTAL_TAGS=10000,prefix_length=48",DQTA(k_max=3),avg_tag_responses,5.163702,0.005760,5.173180,0.001597,50
"TOTAL_TAGS=10000,prefix_length=48",DRCT,total_protocol_time_ms,21203.110850,139.800365,21368.056125,38.750684,50
"TOTAL_TAGS=10000,prefix_length=48",DRCT,throughput_tags_per_sec,471.649049,3.117196,476.469986,0.864043,50
"TOTAL_TAGS=10000,prefix_length=48",DRCT,system_efficiency,0.345131,0.002092,0.347950,0.000580,50
"TOTAL_TAGS=10000,prefix_length=48",DRCT,collision_slots,14486.780000,87.631019,14604.650000,24.290079,50
"TOTAL_TAGS=10000,prefix_length=48",DRCT,idle_slots,4488.780000,87.631019,4606.650000,24.290079,50
"TOTAL_TAGS=10000,prefix_length=48",DRCT,total_energy_uj,10636592.160700,80399.500567,10737181.090750,22285.604566,50
"TOTAL_TAGS=10000,prefix_length=48",DRCT,energy_per_tag_uj,1063.659216,8.039950,1073.718109,2.228560,50
"TOTAL_TAGS=10000,prefix_length=48",DRCT,total_reader_tx_energy_uj,2618.981600,20.134958,2643.666000,5.581126,50
"TOTAL_TAGS=10000,prefix_length=48",DRCT,total_tag_tx_energy_uj,1435.049980,0.916973,1436.363150,0.254172,50
"TOTAL_TAGS=10000,prefix_length=48",DRCT,total_listening_energy_uj,10632538.129120,80381.084146,10733101.398300,22280.499794,50
"TOTAL_TAGS=10000,prefix_length=48",DRCT,total_transmission_energy_uj,4054.031580,20.685086,4079.226250,5.733613,50
"TOTAL_TAGS=10000,prefix_length=48",DRCT,total_bits,4179590.760000,11239.791382,4192978.500000,3115.511220,50
"TOTAL_TAGS=10000,prefix_length=48",DRCT,avg_tag_bits,287.009996,0.183395,287.272630,0.050834,50
"TOTAL_TAGS=10000,prefix_length=48",DRCT,avg_reader_bits,130.949080,1.006748,132.183300,0.279056,50
"TOTAL_TAGS=10000,prefix_length=48",DRCT,avg_total_bits,417.959076,1.123979,419.297850,0.311551,50
"TOTAL_TAGS=10000,prefix_length=48",DRCT,avg_query_efficiency,0.690309,0.004184,0.695948,0.001160,50
"TOTAL_TAGS=10000,prefix_length=48",DRCT,peak_stack_depth,13.020000,0.514682,14.000000,0.142663,50
"TOTAL_TAGS=10000,prefix_length=48",DRCT,avg_tag_responses,62.623050,0.019910,62.655705,0.005519,50
"TOTAL_TAGS=10000,prefix_length=48",EAQ_CBB,total_protocol_time_ms,26126.115700,79.879775,26269.893062,22.141544,50
"TOTAL_TAGS=10000,prefix_length=48",EAQ_CBB,throughput_tags_per_sec,382.762275,1.168789,384.200500,0.323972,50
"TOTAL_TAGS=10000,prefix_length=48",EAQ_CBB,system_efficiency,0.545847,0.001859,0.548131,0.000515,50
"TOTAL_TAGS=10000,prefix_length=48",EAQ_CBB,collision_slots,8320.360000,62.480286,8432.700000,17.318652,50
"TOTAL_TAGS=10000,prefix_length=48",EAQ_CBB,idle_slots,0.000000,0.000000,0.000000,0.000000,50
"TOTAL_TAGS=10000,prefix_length=48",EAQ_CBB,total_energy_uj,13068634.695090,49870.286022,13160512.739919,13823.338031,50
"TOTAL_TAGS=10000,prefix_length=48",EAQ_CBB,total_listening_energy_uj,13064541.237140,49859.789762,13156406.466119,13820.428616,50
"TOTAL_TAGS=10000,prefix_length=48",EAQ_CBB,total_transmission_energy_uj,4093.457950,12.016829,4114.701725,3.330895,50
"TOTAL_TAGS=10000,prefix_length=48",EAQ_CBB,total_bits,2600874.380000,8326.777849,2615634.400000,2308.065064,50
"TOTAL_TAGS=10000,prefix_length=48",EAQ_CBB,avg_tag_bits,73.886054,0.324278,74.468570,0.089885,50
"TOTAL_TAGS=10000,prefix_length=48",EAQ_CBB,avg_reader_bits,186.201384,0.525851,187.149170,0.145758,50
"TOTAL_TAGS=10000,prefix_length=48",EAQ_CBB,avg_total_bits,260.087438,0.832678,261.563440,0.230807,50
"TOTAL_TAGS=10000,prefix_length=48",EAQ_CBB,avg_query_efficiency,1.201937,0.008998,1.213033,0.002494,50
"TOTAL_TAGS=10000,prefix_length=48",EAQ_CBB,peak_stack_depth,2456.380000,6.499262,2465.550000,1.801504,50
"TOTAL_TAGS=10000,prefix_length=48",EAQ_CBB,avg_tag_responses,3.792416,0.014096,3.815700,0.003907,50
"TOTAL_TAGS=10000,prefix_length=48",EMDT,total_protocol_time_ms,13656.873850,105.106175,13820.952750,29.133945,50
"TOTAL_TAGS=10000,prefix_length=48",EMDT,throughput_tags_per_sec,732.274570,5.645039,743.024629,1.564725,50
"TOTAL_TAGS=10000,prefix_length=48",EMDT,system_efficiency,0.503102,0.005530,0.514175,0.001533,50
"TOTAL_TAGS=10000,prefix_length=48",EMDT,collision_slots,5920.780000,107.094902,6089.700000,29.685192,50
"TOTAL_TAGS=10000,prefix_length=48",EMDT,idle_slots,3958.240000,130.214667,4137.500000,36.093664,50
"TOTAL_TAGS=10000,prefix_length=48",EMDT,total_energy_uj,6828527.496040,64802.969960,6923580.537813,17962.466844,50
"TOTAL_TAGS=10000,prefix_length=48",EMDT,total_listening_energy_uj,6827300.445880,64802.331315,6922348.791213,17962.289820,50
"TOTAL_TAGS=10000,prefix_length=48",EMDT,total_transmission_energy_uj,1227.050160,7.523181,1239.032400,2.085319,50
"TOTAL_TAGS=10000,prefix_length=48",EMDT,total_bits,1721826.360000,6305.695316,1733016.600000,1747.849568,50
"TOTAL_TAGS=10000,prefix_length=48",EMDT,avg_tag_bits,147.773504,0.369715,148.513200,0.102480,50
"TOTAL_TAGS=10000,prefix_length=48",EMDT,avg_reader_bits,24.409132,0.300489,24.913460,0.083291,50
"TOTAL_TAGS=10000,prefix_length=48",EMDT,avg_total_bits,172.182636,0.630570,173.301660,0.174785,50
"TOTAL_TAGS=10000,prefix_length=48",EMDT,avg_query_efficiency,1.689510,0.030676,1.747091,0.008503,50
"TOTAL_TAGS=10000,prefix_length=48",EMDT,peak_stack_depth,46.600000,1.442786,49.000000,0.399920,50
"TOTAL_TAGS=10000,prefix_length=48",EMDT,avg_tag_responses,5.310392,0.022007,5.341000,0.006100,50
"TOTAL_TAGS=10000,prefix_length=48",HT_EEAC,total_protocol_time_ms,79388.980800,1725.394842,82207.234125,478.255050,50
"TOTAL_TAGS=10000,prefix_length=48",HT_EEAC,throughput_tags_per_sec,126.020015,2.721932,130.409184,0.754481,50
"TOTAL_TAGS=10000,prefix_length=48",HT_EEAC,system_efficiency,0.061769,0.001428,0.064080,0.000396,50
"TOTAL_TAGS=10000,prefix_length=48",HT_EEAC,collision_slots,146010.140000,3782.578890,152132.450000,1048.477376,50
"TOTAL_TAGS=10000,prefix_length=48",HT_EEAC,idle_slots,5968.420000,161.508336,6178.100000,44.767827,50
"TOTAL_TAGS=10000,prefix_length=48",HT_EEAC,total_energy_uj,46677419.811950,1187420.169104,48698617.588204,329136.078647,50
"TOTAL_TAGS=10000,prefix_length=48",HT_EEAC,total_listening_energy_uj,46668564.674190,1187227.029217,48689451.553604,329082.543002,50
"TOTAL_TAGS=10000,prefix_length=48",HT_EEAC,total_transmission_energy_uj,8855.137760,196.041013,9175.843800,54.339796,50
"TOTAL_TAGS=10000,prefix_length=48",HT_EEAC,total_bits,7019690.560000,143391.307586,7253368.500000,39746.042655,50
"TOTAL_TAGS=10000,prefix_length=48",HT_EEAC,avg_tag_bits,345.616224,6.052126,355.411920,1.677564,50
"TOTAL_TAGS=10000,prefix_length=48",HT_EEAC,avg_reader_bits,356.352832,8.290181,369.943970,2.297921,50
"TOTAL_TAGS=10000,prefix_length=48",HT_EEAC,avg_total_bits,701.969056,14.339131,725.336850,3.974604,50
"TOTAL_TAGS=10000,prefix_length=48",HT_EEAC,avg_query_efficiency,0.068533,0.001763,0.071373,0.000489,50
"TOTAL_TAGS=10000,prefix_length=48",HT_EEAC,avg_tag_responses,252.606392,14.204011,277.588880,3.937151,50
"TOTAL_TAGS=10000,prefix_length=48",LAPCT,total_protocol_time_ms,28878.293725,0.978556,28879.750625,0.271242,50
"TOTAL_TAGS=10000,prefix_length=48",LAPCT,throughput_tags_per_sec,346.280847,0.011734,346.300160,0.003253,50
"TOTAL_TAGS=10000,prefix_length=48",LAPCT,system_efficiency,0.498968,0.000022,0.498977,0.000006,50
"TOTAL_TAGS=10000,prefix_length=48",LAPCT,collision_slots,10041.360000,0.875051,10043.000000,0.242552,50
"TOTAL_TAGS=10000,prefix_length=48",LAPCT,idle_slots,0.000000,0.000000,0.000000,0.000000,50
"TOTAL_TAGS=10000,prefix_length=48",LAPCT,total_energy_uj,14453056.693540,690.883391,14453971.516781,191.503106,50
"TOTAL_TAGS=10000,prefix_length=48",LAPCT,total_listening_energy_uj,14446904.783090,689.749424,14447818.278756,191.188786,50
"TOTAL_TAGS=10000,prefix_length=48",LAPCT,total_transmission_energy_uj,6151.910450,2.018601,6154.573725,0.559528,50
"TOTAL_TAGS=10000,prefix_length=48",LAPCT,total_bits,6308181.640000,3782.933986,6313084.350000,1048.575803,50
"TOTAL_TAGS=10000,prefix_length=48",LAPCT,avg_tag_bits,430.963522,0.370422,431.443925,0.102676,50
"TOTAL_TAGS=10000,prefix_length=48",LAPCT,avg_reader_bits,199.854642,0.013551,199.876210,0.003756,50
"TOTAL_TAGS=10000,prefix_length=48",LAPCT,avg_total_bits,630.818164,0.378293,631.308435,0.104858,50
"TOTAL_TAGS=10000,prefix_length=48",LAPCT,avg_query_efficiency,0.995881,0.000087,0.995917,0.000024,50
"TOTAL_TAGS=10000,prefix_length=48",LAPCT,peak_stack_depth,17.740000,0.632778,19.000000,0.175397,50
"TOTAL_TAGS=10000,prefix_length=48",LAPCT,avg_tag_responses,11.617652,0.009518,11.631185,0.002638,50
"TOTAL_TAGS=10000,prefix_length=48",NLHQT(n=2),total_protocol_time_ms,13267.331150,40.107392,13325.139250,11.117202,50
"TOTAL_TAGS=10000,prefix_length=48",NLHQT(n=2),throughput_tags_per_sec,753.737841,2.278174,757.023690,0.631478,50
"TOTAL_TAGS=10000,prefix_length=48",NLHQT(n=2),system_efficiency,0.354501,0.001058,0.356002,0.000293,50
"TOTAL_TAGS=10000,prefix_length=48",NLHQT(n=2),collision_slots,18208.880000,84.268192,18333.650000,23.357951,50
"TOTAL_TAGS=10000,prefix_length=48",NLHQT(n=2),idle_slots,0.000000,0.000000,0.000000,0.000000,50
"TOTAL_TAGS=10000,prefix_length=48",NLHQT(n=2),total_energy_uj,6640121.058545,24008.074175,6674668.203037,6654.698644,50
"TOTAL_TAGS=10000,prefix_length=48",NLHQT(n=2),total_listening_energy_uj,6638243.670905,24004.047350,6672787.565388,6653.582466,50
"TOTAL_TAGS=10000,prefix_length=48",NLHQT(n=2),total_transmission_energy_uj,1877.387640,4.492637,1883.936550,1.245296,50
"TOTAL_TAGS=10000,prefix_length=48",NLHQT(n=2),total_bits,1787085.720000,2405.407582,1790603.700000,666.744965,50
"TOTAL_TAGS=10000,prefix_length=48",NLHQT(n=2),avg_tag_bits,113.118920,0.022230,113.153280,0.006162,50
"TOTAL_TAGS=10000,prefix_length=48",NLHQT(n=2),avg_reader_bits,65.589652,0.219354,65.908980,0.060802,50
"TOTAL_TAGS=10000,prefix_length=48",NLHQT(n=2),avg_total_bits,178.708572,0.240541,179.060370,0.066674,50
"TOTAL_TAGS=10000,prefix_length=48",NLHQT(n=2),avg_query_efficiency,0.549194,0.002539,0.552801,0.000704,50
"TOTAL_TAGS=10000,prefix_length=48",NLHQT(n=2),peak_stack_depth,20.960000,0.727310,22.000000,0.201600,50
"TOTAL_TAGS=10000,prefix_length=48",NLHQT(n=2),avg_tag_responses,9.559460,0.011115,9.576640,0.003081,50
"TOTAL_TAGS=10000,prefix_length=48",SGCT,total_protocol_time_ms,9367.406225,74.578201,9465.224000,20.672023,50
"TOTAL_TAGS=10000,prefix_length=48",SGCT,throughput_tags_per_sec,1067.598047,8.546396,1082.066740,2.368940,50
"TOTAL_TAGS=10000,prefix_length=48",SGCT,system_efficiency,0.841507,0.003511,0.847436,0.000973,50
"TOTAL_TAGS=10000,prefix_length=48",SGCT,collision_slots,1883.640000,49.435078,1948.300000,13.702705,50
"TOTAL_TAGS=10000,prefix_length=48",SGCT,idle_slots,0.000000,0.000000,0.000000,0.000000,50
"TOTAL_TAGS=10000,prefix_length=48",SGCT,total_energy_uj,4706406.207365,42861.192517,4771308.701419,11880.516432,50
"TOTAL_TAGS=10000,prefix_length=48",SGCT,total_listening_energy_uj,4705142.181345,42851.765952,4770033.546069,11877.903522,50
"TOTAL_TAGS=10000,prefix_length=48",SGCT,total_transmission_energy_uj,1264.026020,10.817586,1278.199600,2.998482,50
"TOTAL_TAGS=10000,prefix_length=48",SGCT,total_bits,1263974.800000,6026.484043,1271816.150000,1670.456151,50
"TOTAL_TAGS=10000,prefix_length=48",SGCT,avg_tag_bits,84.261572,0.083363,84.366095,0.023107,50
"TOTAL_TAGS=10000,prefix_length=48",SGCT,avg_reader_bits,42.135908,0.520330,42.819435,0.144228,50
"TOTAL_TAGS=10000,prefix_length=48",SGCT,avg_total_bits,126.397480,0.602648,127.181615,0.167046,50
"TOTAL_TAGS=10000,prefix_length=48",SGCT,avg_query_efficiency,5.312525,0.142196,5.554713,0.039415,50
"TOTAL_TAGS=10000,prefix_length=48",SGCT,peak_stack_depth,258.260000,1.613843,261.000000,0.447335,50
"TOTAL_TAGS=10000,prefix_length=48",SGCT,progressive_probe_count,943.400000,24.641925,975.650000,6.830393,50
"TOTAL_TAGS=10000,prefix_length=48",SGCT,signature_grouping_trigger_count,941.240000,24.809939,973.650000,6.876964,50
"TOTAL_TAGS=10000,prefix_length=48",SGCT,local_short_id_trigger_count,257.000000,0.000000,257.000000,0.000000,50
"TOTAL_TAGS=10000,prefix_length=48",SGCT,signature_groups_pruned,65799.600000,372.149081,66285.750000,103.154463,50
"TOTAL_TAGS=10000,prefix_length=48",SGCT,sparse_signature_groups,10940.240000,24.809939,10972.650000,6.876964,50
"TOTAL_TAGS=10000,prefix_length=48",SGCT,signature_marker_bits,21405.060000,51.193275,21469.300000,14.190052,50
"TOTAL_TAGS=10000,prefix_length=48",SGCT,signature_marker_tag_bits,21405.060000,51.193275,21469.300000,14.190052,50
"TOTAL_TAGS=10000,prefix_length=48",SGCT,signature_non_idle_marker_count,10940.240000,24.809939,10972.650000,6.876964,50
"TOTAL_TAGS=10000,prefix_length=48",SGCT,signature_collision_groups,940.240000,24.809939,972.650000,6.876964,50
"TOTAL_TAGS=10000,prefix_length=48",SGCT,signature_singleton_groups,10000.000000,0.000000,10000.000000,0.000000,50
"TOTAL_TAGS=10000,prefix_length=48",SGCT,low_d_fallback_count,0.000000,0.000000,0.000000,0.000000,50
"TOTAL_TAGS=10000,prefix_length=48",SGCT,suffix_signature_trigger_count,0.000000,0.000000,0.000000,0.000000,50
"TOTAL_TAGS=10000,prefix_length=48",SGCT,hash_short_id_round_count,0.000000,0.000000,0.000000,0.000000,50
"TOTAL_TAGS=10000,prefix_length=48",SGCT,hash_short_id_split_count,0.000000,0.000000,0.000000,0.000000,50
"TOTAL_TAGS=10000,prefix_length=48",SGCT,hash_short_id_collision_groups,0.000000,0.000000,0.000000,0.000000,50
"TOTAL_TAGS=10000,prefix_length=48",SGCT,hash_short_id_singleton_groups,0.000000,0.000000,0.000000,0.000000,50
"TOTAL_TAGS=10000,prefix_length=48",SGCT,small_cluster_guard_count,0.000000,0.000000,0.000000,0.000000,50
"TOTAL_TAGS=10000,prefix_length=48",SGCT,max_signature_d,8.000000,0.000000,8.000000,0.000000,50
"TOTAL_TAGS=10000,prefix_length=48",SGCT,epc_verification_count,10000.000000,0.000000,10000.000000,0.000000,50
"TOTAL_TAGS=10000,prefix_length=48",SGCT,verify_fail_count,0.000000,0.000000,0.000000,0.000000,50
"TOTAL_TAGS=10000,prefix_length=48",SGCT,avg_tag_responses,4.281444,0.010199,4.294260,0.002827,50
"TOTAL_TAGS=10000,prefix_length=64",DQTA(k_max=3),total_protocol_time_ms,16087.873475,79.531499,16213.896125,22.045007,50
"TOTAL_TAGS=10000,prefix_length=64",DQTA(k_max=3),throughput_tags_per_sec,621.601086,3.074525,625.933897,0.852215,50
"TOTAL_TAGS=10000,prefix_length=64",DQTA(k_max=3),system_efficiency,0.330693,0.001823,0.333565,0.000505,50
"TOTAL_TAGS=10000,prefix_length=64",DQTA(k_max=3),collision_slots,9278.080000,53.063243,9364.100000,14.708381,50
"TOTAL_TAGS=10000,prefix_length=64",DQTA(k_max=3),idle_slots,10962.380000,149.986515,11176.150000,41.574141,50
"TOTAL_TAGS=10000,prefix_length=64",DQTA(k_max=3),total_energy_uj,8054703.173905,55770.514380,8146405.004662,15458.797892,50
"TOTAL_TAGS=10000,prefix_length=64",DQTA(k_max=3),total_listening_energy_uj,8051593.602125,55760.398611,8143276.338187,15455.993944,50
"TOTAL_TAGS=10000,prefix_length=64",DQTA(k_max=3),total_transmission_energy_uj,3109.571780,11.776058,3128.960075,3.264157,50
"TOTAL_TAGS=10000,prefix_length=64",DQTA(k_max=3),total_bits,3424859.380000,7329.071837,3436574.350000,2031.515067,50
"TOTAL_TAGS=10000,prefix_length=64",DQTA(k_max=3),avg_tag_bits,249.343132,0.209793,249.637210,0.058152,50
"TOTAL_TAGS=10000,prefix_length=64",DQTA(k_max=3),avg_reader_bits,93.142806,0.542406,94.037665,0.150347,50
"TOTAL_TAGS=10000,prefix_length=64",DQTA(k_max=3),avg_total_bits,342.485938,0.732907,343.657435,0.203152,50
"TOTAL_TAGS=10000,prefix_length=64",DQTA(k_max=3),avg_query_efficiency,1.077844,0.006167,1.087016,0.001709,50
"TOTAL_TAGS=10000,prefix_length=64",DQTA(k_max=3),peak_stack_depth,27.500000,0.762648,29.000000,0.211395,50
"TOTAL_TAGS=10000,prefix_length=64",DQTA(k_max=3),avg_tag_responses,5.165618,0.006165,5.174020,0.001709,50
"TOTAL_TAGS=10000,prefix_length=64",DRCT,total_protocol_time_ms,23145.288300,152.037474,23366.764250,42.142638,50
"TOTAL_TAGS=10000,prefix_length=64",DRCT,throughput_tags_per_sec,432.071643,2.837373,436.015750,0.786480,50
"TOTAL_TAGS=10000,prefix_length=64",DRCT,system_efficiency,0.344888,0.002187,0.347976,0.000606,50
"TOTAL_TAGS=10000,prefix_length=64",DRCT,collision_slots,14497.040000,91.999547,14638.500000,25.500974,50
"TOTAL_TAGS=10000,prefix_length=64",DRCT,idle_slots,4499.040000,91.999547,4640.500000,25.500974,50
"TOTAL_TAGS=10000,prefix_length=64",DRCT,total_energy_uj,11610975.811855,91361.328550,11748870.535256,25324.068263,50
"TOTAL_TAGS=10000,prefix_length=64",DRCT,energy_per_tag_uj,1161.097581,9.136133,1174.887053,2.532407,50
"TOTAL_TAGS=10000,prefix_length=64",DRCT,total_reader_tx_energy_uj,3096.744080,22.024493,3128.618600,6.104878,50
"TOTAL_TAGS=10000,prefix_length=64",DRCT,total_tag_tx_energy_uj,1667.671600,0.587919,1668.502325,0.162963,50
"TOTAL_TAGS=10000,prefix_length=64",DRCT,total_listening_energy_uj,11606211.396175,91342.385133,11744074.708131,25318.817415,50
"TOTAL_TAGS=10000,prefix_length=64",DRCT,total_transmission_energy_uj,4764.415680,22.449707,4796.985700,6.222741,50
"TOTAL_TAGS=10000,prefix_length=64",DRCT,total_bits,4883715.240000,11883.500688,4901619.950000,3293.938337,50
"TOTAL_TAGS=10000,prefix_length=64",DRCT,avg_tag_bits,333.534320,0.117584,333.700465,0.032593,50
"TOTAL_TAGS=10000,prefix_length=64",DRCT,avg_reader_bits,154.837204,1.101225,156.430930,0.305244,50
"TOTAL_TAGS=10000,prefix_length=64",DRCT,avg_total_bits,488.371524,1.188350,490.161995,0.329394,50
"TOTAL_TAGS=10000,prefix_length=64",DRCT,avg_query_efficiency,0.689823,0.004375,0.696001,0.001213,50
"TOTAL_TAGS=10000,prefix_length=64",DRCT,peak_stack_depth,13.000000,0.606092,14.000000,0.168000,50
"TOTAL_TAGS=10000,prefix_length=64",DRCT,avg_tag_responses,78.623104,0.021753,78.652905,0.006030,50
"TOTAL_TAGS=10000,prefix_length=64",EAQ_CBB,total_protocol_time_ms,27368.019175,80.360513,27501.267062,22.274798,50
"TOTAL_TAGS=10000,prefix_length=64",EAQ_CBB,throughput_tags_per_sec,365.393066,1.072017,367.145894,0.297148,50
"TOTAL_TAGS=10000,prefix_length=64",EAQ_CBB,system_efficiency,0.545957,0.001675,0.548658,0.000464,50
"TOTAL_TAGS=10000,prefix_length=64",EAQ_CBB,collision_slots,8316.640000,56.233391,8410.400000,15.587101,50
"TOTAL_TAGS=10000,prefix_length=64",EAQ_CBB,idle_slots,0.000000,0.000000,0.000000,0.000000,50
"TOTAL_TAGS=10000,prefix_length=64",EAQ_CBB,total_energy_uj,13696123.829433,47008.191591,13765933.586713,13030.005930,50
"TOTAL_TAGS=10000,prefix_length=64",EAQ_CBB,total_listening_energy_uj,13691876.930082,46997.561068,13761668.346262,13027.059299,50
"TOTAL_TAGS=10000,prefix_length=64",EAQ_CBB,total_transmission_energy_uj,4246.899350,12.176907,4266.772125,3.375266,50
"TOTAL_TAGS=10000,prefix_length=64",EAQ_CBB,total_bits,2509719.220000,7547.135873,2521668.150000,2091.959334,50
"TOTAL_TAGS=10000,prefix_length=64",EAQ_CBB,avg_tag_bits,51.502606,0.211209,51.873185,0.058544,50
"TOTAL_TAGS=10000,prefix_length=64",EAQ_CBB,avg_reader_bits,199.469316,0.561734,200.395870,0.155705,50
"TOTAL_TAGS=10000,prefix_length=64",EAQ_CBB,avg_total_bits,250.971922,0.754714,252.166815,0.209196,50
"TOTAL_TAGS=10000,prefix_length=64",EAQ_CBB,avg_query_efficiency,1.202462,0.008116,1.215614,0.002250,50
"TOTAL_TAGS=10000,prefix_length=64",EAQ_CBB,peak_stack_depth,2458.400000,5.689231,2467.550000,1.576974,50
"TOTAL_TAGS=10000,prefix_length=64",EAQ_CBB,avg_tag_responses,3.790024,0.013113,3.811010,0.003635,50
"TOTAL_TAGS=10000,prefix_length=64",EMDT,total_protocol_time_ms,13693.525600,123.319175,13865.598250,34.182331,50
"TOTAL_TAGS=10000,prefix_length=64",EMDT,throughput_tags_per_sec,730.330512,6.616628,740.050111,1.834036,50
"TOTAL_TAGS=10000,prefix_length=64",EMDT,system_efficiency,0.501426,0.006265,0.511758,0.001737,50
"TOTAL_TAGS=10000,prefix_length=64",EMDT,collision_slots,5958.980000,127.651069,6137.550000,35.383071,50
"TOTAL_TAGS=10000,prefix_length=64",EMDT,idle_slots,3987.180000,140.874338,4174.650000,39.048374,50
"TOTAL_TAGS=10000,prefix_length=64",EMDT,total_energy_uj,6850571.582700,65261.112985,6950593.143425,18089.457611,50
"TOTAL_TAGS=10000,prefix_length=64",EMDT,total_listening_energy_uj,6849345.300300,65259.719942,6949365.649625,18089.071480,50
"TOTAL_TAGS=10000,prefix_length=64",EMDT,total_transmission_energy_uj,1226.282400,7.512378,1238.311400,2.082325,50
"TOTAL_TAGS=10000,prefix_length=64",EMDT,total_bits,1720669.680000,6275.562989,1731456.400000,1739.497313,50
"TOTAL_TAGS=10000,prefix_length=64",EMDT,avg_tag_bits,147.670464,0.379046,148.278400,0.105066,50
"TOTAL_TAGS=10000,prefix_length=64",EMDT,avg_reader_bits,24.396504,0.304570,24.833710,0.084422,50
"TOTAL_TAGS=10000,prefix_length=64",EMDT,avg_total_bits,172.066968,0.627556,173.145640,0.173950,50
"TOTAL_TAGS=10000,prefix_length=64",EMDT,avg_query_efficiency,1.678907,0.036563,1.733922,0.010135,50
"TOTAL_TAGS=10000,prefix_length=64",EMDT,peak_stack_depth,46.600000,1.106567,48.000000,0.306725,50
"TOTAL_TAGS=10000,prefix_length=64",EMDT,avg_tag_responses,5.316766,0.027054,5.355355,0.007499,50
"TOTAL_TAGS=10000,prefix_length=64",HT_EEAC,total_protocol_time_ms,79343.962800,1732.430071,82112.138250,480.205116,50
"TOTAL_TAGS=10000,prefix_length=64",HT_EEAC,throughput_tags_per_sec,126.092637,2.763255,131.031877,0.765935,50
"TOTAL_TAGS=10000,prefix_length=64",HT_EEAC,system_efficiency,0.061809,0.001452,0.064420,0.000402,50
"TOTAL_TAGS=10000,prefix_length=64",HT_EEAC,collision_slots,145920.740000,3785.900631,151963.850000,1049.398115,50
"TOTAL_TAGS=10000,prefix_length=64",HT_EEAC,idle_slots,5956.220000,109.678806,6108.100000,30.401414,50
"TOTAL_TAGS=10000,prefix_length=64",HT_EEAC,total_energy_uj,46687497.753372,1205458.287378,48724509.185174,334135.989941,50
"TOTAL_TAGS=10000,prefix_length=64",HT_EEAC,total_listening_energy_uj,46678647.801212,1205264.413509,48715323.033774,334082.250847,50
"TOTAL_TAGS=10000,prefix_length=64",HT_EEAC,total_transmission_energy_uj,8849.952160,196.924021,9164.644000,54.584554,50
"TOTAL_TAGS=10000,prefix_length=64",HT_EEAC,total_bits,7016024.960000,143883.481622,7245888.200000,39882.466338,50
"TOTAL_TAGS=10000,prefix_length=64",HT_EEAC,avg_tag_bits,345.473184,6.057441,355.142160,1.679037,50
"TOTAL_TAGS=10000,prefix_length=64",HT_EEAC,avg_reader_bits,356.129312,8.332378,369.446660,2.309617,50
"TOTAL_TAGS=10000,prefix_length=64",HT_EEAC,avg_total_bits,701.602496,14.388348,724.588820,3.988247,50
"TOTAL_TAGS=10000,prefix_length=64",HT_EEAC,avg_query_efficiency,0.068576,0.001788,0.071740,0.000495,50
"TOTAL_TAGS=10000,prefix_length=64",HT_EEAC,avg_tag_responses,253.618946,11.869592,271.687665,3.290083,50
"TOTAL_TAGS=10000,prefix_length=64",LAPCT,total_protocol_time_ms,29867.887375,1.259341,29869.440937,0.349072,50
"TOTAL_TAGS=10000,prefix_length=64",LAPCT,throughput_tags_per_sec,334.807745,0.014117,334.836151,0.003913,50
"TOTAL_TAGS=10000,prefix_length=64",LAPCT,system_efficiency,0.498967,0.000025,0.498977,0.000007,50
"TOTAL_TAGS=10000,prefix_length=64",LAPCT,collision_slots,10041.400000,0.989743,10043.000000,0.274343,50
"TOTAL_TAGS=10000,prefix_length=64",LAPCT,idle_slots,0.000000,0.000000,0.000000,0.000000,50
"TOTAL_TAGS=10000,prefix_length=64",LAPCT,total_energy_uj,14947485.960055,890.792007,14948727.903931,246.914947,50
"TOTAL_TAGS=10000,prefix_length=64",LAPCT,total_listening_energy_uj,14941864.866445,889.615869,14943105.986581,246.588938,50
"TOTAL_TAGS=10000,prefix_length=64",LAPCT,total_transmission_energy_uj,5621.093610,1.551536,5622.573000,0.430064,50
"TOTAL_TAGS=10000,prefix_length=64",LAPCT,total_bits,4768484.400000,2783.970458,4771037.650000,771.677241,50
"TOTAL_TAGS=10000,prefix_length=64",LAPCT,avg_tag_bits,261.058346,0.268633,261.301100,0.074461,50
"TOTAL_TAGS=10000,prefix_length=64",LAPCT,avg_reader_bits,215.790094,0.015169,215.812055,0.004205,50
"TOTAL_TAGS=10000,prefix_length=64",LAPCT,avg_total_bits,476.848440,0.278397,477.103765,0.077168,50
"TOTAL_TAGS=10000,prefix_length=64",LAPCT,avg_query_efficiency,0.995877,0.000098,0.995917,0.000027,50
"TOTAL_TAGS=10000,prefix_length=64",LAPCT,peak_stack_depth,17.720000,0.640153,19.000000,0.177441,50
"TOTAL_TAGS=10000,prefix_length=64",LAPCT,avg_tag_responses,11.617358,0.011504,11.630080,0.003189,50
"TOTAL_TAGS=10000,prefix_length=64",NLHQT(n=2),total_protocol_time_ms,11560.622450,28.048408,11605.595000,7.774622,50
"TOTAL_TAGS=10000,prefix_length=64",NLHQT(n=2),throughput_tags_per_sec,865.010310,2.095847,867.735281,0.580939,50
"TOTAL_TAGS=10000,prefix_length=64",NLHQT(n=2),system_efficiency,0.354102,0.000884,0.355295,0.000245,50
"TOTAL_TAGS=10000,prefix_length=64",NLHQT(n=2),collision_slots,18240.620000,70.563299,18361.500000,19.559149,50
"TOTAL_TAGS=10000,prefix_length=64",NLHQT(n=2),idle_slots,0.000000,0.000000,0.000000,0.000000,50
"TOTAL_TAGS=10000,prefix_length=64",NLHQT(n=2),total_energy_uj,5786063.927840,16832.411820,5811353.057238,4665.706516,50
"TOTAL_TAGS=10000,prefix_length=64",NLHQT(n=2),total_listening_energy_uj,5784344.630280,16829.761278,5809631.948537,4664.971824,50
"TOTAL_TAGS=10000,prefix_length=64",NLHQT(n=2),total_transmission_energy_uj,1719.297560,3.601828,1724.920250,0.998376,50
"TOTAL_TAGS=10000,prefix_length=64",NLHQT(n=2),total_bits,1468118.680000,1935.452681,1471132.300000,536.480112,50
"TOTAL_TAGS=10000,prefix_length=64",NLHQT(n=2),avg_tag_bits,81.129320,0.019257,81.158820,0.005338,50
"TOTAL_TAGS=10000,prefix_length=64",NLHQT(n=2),avg_reader_bits,65.682548,0.175642,65.956940,0.048685,50
"TOTAL_TAGS=10000,prefix_length=64",NLHQT(n=2),avg_total_bits,146.811868,0.193545,147.113230,0.053648,50
"TOTAL_TAGS=10000,prefix_length=64",NLHQT(n=2),avg_query_efficiency,0.548235,0.002117,0.551097,0.000587,50
"TOTAL_TAGS=10000,prefix_length=64",NLHQT(n=2),peak_stack_depth,21.100000,0.707107,22.000000,0.196000,50
"TOTAL_TAGS=10000,prefix_length=64",NLHQT(n=2),avg_tag_responses,9.564660,0.009628,9.579410,0.002669,50
"TOTAL_TAGS=10000,prefix_length=64",SGCT,total_protocol_time_ms,8770.737550,62.458567,8863.521000,17.312631,50
"TOTAL_TAGS=10000,prefix_length=64",SGCT,throughput_tags_per_sec,1140.211614,8.116959,1153.296470,2.249906,50
"TOTAL_TAGS=10000,prefix_length=64",SGCT,system_efficiency,0.839799,0.002601,0.844031,0.000721,50
"TOTAL_TAGS=10000,prefix_length=64",SGCT,collision_slots,1907.720000,36.886500,1964.100000,10.224416,50
"TOTAL_TAGS=10000,prefix_length=64",SGCT,idle_slots,0.000000,0.000000,0.000000,0.000000,50
"TOTAL_TAGS=10000,prefix_length=64",SGCT,total_energy_uj,4405052.558533,37437.383286,4474752.533700,10377.113216,50
"TOTAL_TAGS=10000,prefix_length=64",SGCT,total_listening_energy_uj,4403804.370752,37429.978757,4473491.647000,10375.060785,50
"TOTAL_TAGS=10000,prefix_length=64",SGCT,total_transmission_energy_uj,1248.187780,9.194932,1262.020150,2.548705,50
"TOTAL_TAGS=10000,prefix_length=64",SGCT,total_bits,1135305.920000,5047.365333,1143020.350000,1399.058292,50
"TOTAL_TAGS=10000,prefix_length=64",SGCT,avg_tag_bits,68.161604,0.062238,68.255710,0.017252,50
"TOTAL_TAGS=10000,prefix_length=64",SGCT,avg_reader_bits,45.368988,0.444827,46.033540,0.123300,50
"TOTAL_TAGS=10000,prefix_length=64",SGCT,avg_total_bits,113.530592,0.504737,114.302035,0.139906,50
"TOTAL_TAGS=10000,prefix_length=64",SGCT,avg_query_efficiency,5.243779,0.101311,5.411550,0.028082,50
"TOTAL_TAGS=10000,prefix_length=64",SGCT,peak_stack_depth,258.320000,1.346803,261.000000,0.373315,50
"TOTAL_TAGS=10000,prefix_length=64",SGCT,progressive_probe_count,954.360000,18.443250,982.550000,5.112208,50
"TOTAL_TAGS=10000,prefix_length=64",SGCT,signature_grouping_trigger_count,947.220000,18.245816,972.550000,5.057482,50
"TOTAL_TAGS=10000,prefix_length=64",SGCT,local_short_id_trigger_count,257.000000,0.000000,257.000000,0.000000,50
"TOTAL_TAGS=10000,prefix_length=64",SGCT,signature_groups_pruned,65896.440000,273.750010,66281.350000,75.879631,50
"TOTAL_TAGS=10000,prefix_length=64",SGCT,sparse_signature_groups,10939.080000,18.337917,10964.550000,5.083011,50
"TOTAL_TAGS=10000,prefix_length=64",SGCT,signature_marker_bits,21417.680000,39.322549,21475.300000,10.899654,50
"TOTAL_TAGS=10000,prefix_length=64",SGCT,signature_marker_tag_bits,21417.680000,39.322549,21475.300000,10.899654,50
"TOTAL_TAGS=10000,prefix_length=64",SGCT,signature_non_idle_marker_count,10939.080000,18.337917,10964.550000,5.083011,50
"TOTAL_TAGS=10000,prefix_length=64",SGCT,signature_collision_groups,953.360000,18.443250,981.550000,5.112208,50
"TOTAL_TAGS=10000,prefix_length=64",SGCT,signature_singleton_groups,9985.720000,4.607182,9991.100000,1.277046,50
"TOTAL_TAGS=10000,prefix_length=64",SGCT,low_d_fallback_count,7.140000,2.303591,11.550000,0.638523,50
"TOTAL_TAGS=10000,prefix_length=64",SGCT,suffix_signature_trigger_count,0.000000,0.000000,0.000000,0.000000,50
"TOTAL_TAGS=10000,prefix_length=64",SGCT,hash_short_id_round_count,0.000000,0.000000,0.000000,0.000000,50
"TOTAL_TAGS=10000,prefix_length=64",SGCT,hash_short_id_split_count,0.000000,0.000000,0.000000,0.000000,50
"TOTAL_TAGS=10000,prefix_length=64",SGCT,hash_short_id_collision_groups,0.000000,0.000000,0.000000,0.000000,50
"TOTAL_TAGS=10000,prefix_length=64",SGCT,hash_short_id_singleton_groups,0.000000,0.000000,0.000000,0.000000,50
"TOTAL_TAGS=10000,prefix_length=64",SGCT,small_cluster_guard_count,0.000000,0.000000,0.000000,0.000000,50
"TOTAL_TAGS=10000,prefix_length=64",SGCT,max_signature_d,8.000000,0.000000,8.000000,0.000000,50
"TOTAL_TAGS=10000,prefix_length=64",SGCT,epc_verification_count,10000.000000,0.000000,10000.000000,0.000000,50
"TOTAL_TAGS=10000,prefix_length=64",SGCT,verify_fail_count,0.000000,0.000000,0.000000,0.000000,50
"TOTAL_TAGS=10000,prefix_length=64",SGCT,avg_tag_responses,4.286392,0.007921,4.298440,0.002196,50
"TOTAL_TAGS=10000,prefix_length=72",DQTA(k_max=3),total_protocol_time_ms,16061.980475,94.447654,16218.346563,26.179554,50
"TOTAL_TAGS=10000,prefix_length=72",DQTA(k_max=3),throughput_tags_per_sec,622.609256,3.648845,628.295340,1.011408,50
"TOTAL_TAGS=10000,prefix_length=72",DQTA(k_max=3),system_efficiency,0.330492,0.001862,0.333302,0.000516,50
"TOTAL_TAGS=10000,prefix_length=72",DQTA(k_max=3),collision_slots,9284.480000,60.189917,9384.500000,16.683794,50
"TOTAL_TAGS=10000,prefix_length=72",DQTA(k_max=3),idle_slots,10974.400000,140.477320,11205.900000,38.938327,50
"TOTAL_TAGS=10000,prefix_length=72",DQTA(k_max=3),total_energy_uj,8047186.310957,50460.943492,8139826.667313,13987.059929,50
"TOTAL_TAGS=10000,prefix_length=72",DQTA(k_max=3),total_listening_energy_uj,8044340.149868,50448.398974,8136958.473688,13983.582766,50
"TOTAL_TAGS=10000,prefix_length=72",DQTA(k_max=3),total_transmission_energy_uj,2846.161090,13.794874,2868.991700,3.823744,50
"TOTAL_TAGS=10000,prefix_length=72",DQTA(k_max=3),total_bits,2673497.360000,7578.380452,2685969.250000,2100.619890,50
"TOTAL_TAGS=10000,prefix_length=72",DQTA(k_max=3),avg_tag_bits,166.722242,0.105931,166.915145,0.029363,50
"TOTAL_TAGS=10000,prefix_length=72",DQTA(k_max=3),avg_reader_bits,100.627494,0.667603,101.733805,0.185050,50
"TOTAL_TAGS=10000,prefix_length=72",DQTA(k_max=3),avg_total_bits,267.349736,0.757838,268.596925,0.210062,50
"TOTAL_TAGS=10000,prefix_length=72",DQTA(k_max=3),avg_query_efficiency,1.077110,0.006957,1.087465,0.001928,50
"TOTAL_TAGS=10000,prefix_length=72",DQTA(k_max=3),peak_stack_depth,27.320000,0.683329,28.000000,0.189409,50
"TOTAL_TAGS=10000,prefix_length=72",DQTA(k_max=3),avg_tag_responses,5.166126,0.006342,5.177750,0.001758,50
"TOTAL_TAGS=10000,prefix_length=72",DRCT,total_protocol_time_ms,24025.092650,150.194370,24270.909000,41.631755,50
"TOTAL_TAGS=10000,prefix_length=72",DRCT,throughput_tags_per_sec,416.247430,2.602610,419.872098,0.721407,50
"TOTAL_TAGS=10000,prefix_length=72",DRCT,system_efficiency,0.345757,0.002226,0.348823,0.000617,50
"TOTAL_TAGS=10000,prefix_length=72",DRCT,collision_slots,14460.620000,93.100317,14614.950000,25.806091,50
"TOTAL_TAGS=10000,prefix_length=72",DRCT,idle_slots,4462.620000,93.100317,4616.950000,25.806091,50
"TOTAL_TAGS=10000,prefix_length=72",DRCT,total_energy_uj,12066572.753630,83749.542959,12202948.198669,23214.188941,50
"TOTAL_TAGS=10000,prefix_length=72",DRCT,energy_per_tag_uj,1206.657275,8.374954,1220.294820,2.321419,50
"TOTAL_TAGS=10000,prefix_length=72",DRCT,total_reader_tx_energy_uj,3321.940400,21.719432,3357.453100,6.020319,50
"TOTAL_TAGS=10000,prefix_length=72",DRCT,total_tag_tx_energy_uj,1783.772120,0.388456,1784.393300,0.107674,50
"TOTAL_TAGS=10000,prefix_length=72",DRCT,total_listening_energy_uj,12061467.041110,83730.309989,12197816.457594,23208.857834,50
"TOTAL_TAGS=10000,prefix_length=72",DRCT,total_transmission_energy_uj,5105.712520,22.019710,5141.464850,6.103552,50
"TOTAL_TAGS=10000,prefix_length=72",DRCT,total_bits,5228514.440000,11468.217912,5246750.050000,3178.827824,50
"TOTAL_TAGS=10000,prefix_length=72",DRCT,avg_tag_bits,356.754424,0.077691,356.878660,0.021535,50
"TOTAL_TAGS=10000,prefix_length=72",DRCT,avg_reader_bits,166.097020,1.085972,167.872655,0.301016,50
"TOTAL_TAGS=10000,prefix_length=72",DRCT,avg_total_bits,522.851444,1.146822,524.675005,0.317883,50
"TOTAL_TAGS=10000,prefix_length=72",DRCT,avg_query_efficiency,0.691561,0.004453,0.697696,0.001234,50
"TOTAL_TAGS=10000,prefix_length=72",DRCT,peak_stack_depth,13.020000,0.428095,14.000000,0.118662,50
"TOTAL_TAGS=10000,prefix_length=72",DRCT,avg_tag_responses,86.612986,0.022892,86.646435,0.006345,50
"TOTAL_TAGS=10000,prefix_length=72",EAQ_CBB,total_protocol_time_ms,27979.468700,71.457414,28108.430813,19.806985,50
"TOTAL_TAGS=10000,prefix_length=72",EAQ_CBB,throughput_tags_per_sec,357.407213,0.912759,358.978285,0.253004,50
"TOTAL_TAGS=10000,prefix_length=72",EAQ_CBB,system_efficiency,0.546208,0.001416,0.548673,0.000393,50
"TOTAL_TAGS=10000,prefix_length=72",EAQ_CBB,collision_slots,8308.160000,47.474745,8393.400000,13.159328,50
"TOTAL_TAGS=10000,prefix_length=72",EAQ_CBB,idle_slots,0.000000,0.000000,0.000000,0.000000,50
"TOTAL_TAGS=10000,prefix_length=72",EAQ_CBB,total_energy_uj,13998612.436595,40114.231163,14070514.552650,11119.097592,50
"TOTAL_TAGS=10000,prefix_length=72",EAQ_CBB,total_listening_energy_uj,13994290.077045,40105.652762,14066182.284175,11116.719780,50
"TOTAL_TAGS=10000,prefix_length=72",EAQ_CBB,total_transmission_energy_uj,4322.359550,10.813978,4341.921025,2.997482,50
"TOTAL_TAGS=10000,prefix_length=72",EAQ_CBB,total_bits,2463662.140000,6261.606796,2474565.550000,1735.628854,50
"TOTAL_TAGS=10000,prefix_length=72",EAQ_CBB,avg_tag_bits,40.330982,0.134154,40.601470,0.037186,50
"TOTAL_TAGS=10000,prefix_length=72",EAQ_CBB,avg_reader_bits,206.035232,0.513433,206.958210,0.142317,50
"TOTAL_TAGS=10000,prefix_length=72",EAQ_CBB,avg_total_bits,246.366214,0.626161,247.456555,0.173563,50
"TOTAL_TAGS=10000,prefix_length=72",EAQ_CBB,avg_query_efficiency,1.203674,0.006878,1.215687,0.001907,50
"TOTAL_TAGS=10000,prefix_length=72",EAQ_CBB,peak_stack_depth,2457.200000,7.626484,2468.550000,2.113954,50
"TOTAL_TAGS=10000,prefix_length=72",EAQ_CBB,avg_tag_responses,3.788716,0.010953,3.808600,0.003036,50
"TOTAL_TAGS=10000,prefix_length=72",EMDT,total_protocol_time_ms,13713.177150,96.942271,13861.447375,26.871027,50
"TOTAL_TAGS=10000,prefix_length=72",EMDT,throughput_tags_per_sec,729.261307,5.152634,737.403406,1.428237,50
"TOTAL_TAGS=10000,prefix_length=72",EMDT,system_efficiency,0.500625,0.005934,0.510873,0.001645,50
"TOTAL_TAGS=10000,prefix_length=72",EMDT,collision_slots,5979.020000,97.501542,6129.600000,27.026048,50
"TOTAL_TAGS=10000,prefix_length=72",EMDT,idle_slots,3998.760000,157.952403,4246.400000,43.782172,50
"TOTAL_TAGS=10000,prefix_length=72",EMDT,total_energy_uj,6857865.826040,55936.084401,6946313.652638,15504.691560,50
"TOTAL_TAGS=10000,prefix_length=72",EMDT,total_listening_energy_uj,6856639.387560,55936.602774,6945084.459438,15504.835246,50
"TOTAL_TAGS=10000,prefix_length=72",EMDT,total_transmission_energy_uj,1226.438480,8.363551,1240.357000,2.318258,50
"TOTAL_TAGS=10000,prefix_length=72",EMDT,total_bits,1720544.920000,7261.830727,1732118.900000,2012.876782,50
"TOTAL_TAGS=10000,prefix_length=72",EMDT,avg_tag_bits,147.643424,0.433101,148.278160,0.120049,50
"TOTAL_TAGS=10000,prefix_length=72",EMDT,avg_reader_bits,24.411068,0.322919,24.953830,0.089509,50
"TOTAL_TAGS=10000,prefix_length=72",EMDT,avg_total_bits,172.054492,0.726183,173.211890,0.201288,50
"TOTAL_TAGS=10000,prefix_length=72",EMDT,avg_query_efficiency,1.672951,0.027267,1.715372,0.007558,50
"TOTAL_TAGS=10000,prefix_length=72",EMDT,peak_stack_depth,46.900000,1.593994,50.000000,0.441833,50
"TOTAL_TAGS=10000,prefix_length=72",EMDT,avg_tag_responses,5.322338,0.019635,5.349820,0.005443,50
"TOTAL_TAGS=10000,prefix_length=72",HT_EEAC,total_protocol_time_ms,79734.549750,1306.995369,82080.868125,362.280633,50
"TOTAL_TAGS=10000,prefix_length=72",HT_EEAC,throughput_tags_per_sec,125.449037,2.047897,129.036392,0.567648,50
"TOTAL_TAGS=10000,prefix_length=72",HT_EEAC,system_efficiency,0.061473,0.001075,0.063381,0.000298,50
"TOTAL_TAGS=10000,prefix_length=72",HT_EEAC,collision_slots,146796.200000,2854.913795,151876.250000,791.341730,50
"TOTAL_TAGS=10000,prefix_length=72",HT_EEAC,idle_slots,5926.780000,167.809086,6165.300000,46.514306,50
"TOTAL_TAGS=10000,prefix_length=72",HT_EEAC,total_energy_uj,46914679.973274,849891.662182,48509685.195399,235577.949780,50
"TOTAL_TAGS=10000,prefix_length=72",HT_EEAC,total_listening_energy_uj,46905785.792554,849746.577718,48500532.445799,235537.734419,50
"TOTAL_TAGS=10000,prefix_length=72",HT_EEAC,total_transmission_energy_uj,8894.180720,148.592748,9161.279000,41.187808,50
"TOTAL_TAGS=10000,prefix_length=72",HT_EEAC,total_bits,7048644.760000,108526.372251,7243121.500000,30081.975632,50
"TOTAL_TAGS=10000,prefix_length=72",HT_EEAC,avg_tag_bits,346.873920,4.567862,355.002000,1.266147,50
"TOTAL_TAGS=10000,prefix_length=72",HT_EEAC,avg_reader_bits,357.990556,6.289339,369.315650,1.743316,50
"TOTAL_TAGS=10000,prefix_length=72",HT_EEAC,avg_total_bits,704.864476,10.852637,724.312150,3.008198,50
"TOTAL_TAGS=10000,prefix_length=72",HT_EEAC,avg_query_efficiency,0.068147,0.001320,0.070389,0.000366,50
"TOTAL_TAGS=10000,prefix_length=72",HT_EEAC,avg_tag_responses,254.393056,9.450484,274.269430,2.619541,50
"TOTAL_TAGS=10000,prefix_length=72",LAPCT,total_protocol_time_ms,30362.173925,1.196155,30363.741562,0.331557,50
"TOTAL_TAGS=10000,prefix_length=72",LAPCT,throughput_tags_per_sec,329.357181,0.012976,329.382313,0.003597,50
"TOTAL_TAGS=10000,prefix_length=72",LAPCT,system_efficiency,0.498965,0.000021,0.498977,0.000006,50
"TOTAL_TAGS=10000,prefix_length=72",LAPCT,collision_slots,10041.480000,0.862838,10043.000000,0.239167,50
"TOTAL_TAGS=10000,prefix_length=72",LAPCT,idle_slots,0.000000,0.000000,0.000000,0.000000,50
"TOTAL_TAGS=10000,prefix_length=72",LAPCT,total_energy_uj,15194379.606798,761.470660,15195448.779025,211.068898,50
"TOTAL_TAGS=10000,prefix_length=72",LAPCT,total_listening_energy_uj,15189024.010728,760.914725,15190092.744725,210.914801,50
"TOTAL_TAGS=10000,prefix_length=72",LAPCT,total_transmission_energy_uj,5355.596070,0.866424,5356.600375,0.240161,50
"TOTAL_TAGS=10000,prefix_length=72",LAPCT,total_bits,3998685.120000,1451.273946,4000480.050000,402.272614,50
"TOTAL_TAGS=10000,prefix_length=72",LAPCT,avg_tag_bits,176.118278,0.137342,176.290900,0.038069,50
"TOTAL_TAGS=10000,prefix_length=72",LAPCT,avg_reader_bits,223.750234,0.014048,223.771265,0.003894,50
"TOTAL_TAGS=10000,prefix_length=72",LAPCT,avg_total_bits,399.868512,0.145127,400.048005,0.040227,50
"TOTAL_TAGS=10000,prefix_length=72",LAPCT,avg_query_efficiency,0.995869,0.000086,0.995917,0.000024,50
"TOTAL_TAGS=10000,prefix_length=72",LAPCT,peak_stack_depth,17.740000,0.694292,19.000000,0.192448,50
"TOTAL_TAGS=10000,prefix_length=72",LAPCT,avg_tag_responses,11.616524,0.008862,11.629555,0.002456,50
"TOTAL_TAGS=10000,prefix_length=72",NLHQT(n=2),total_protocol_time_ms,10690.265600,28.322644,10730.831000,7.850636,50
"TOTAL_TAGS=10000,prefix_length=72",NLHQT(n=2),throughput_tags_per_sec,935.436885,2.476868,938.908008,0.686553,50
"TOTAL_TAGS=10000,prefix_length=72",NLHQT(n=2),system_efficiency,0.354484,0.000971,0.355988,0.000269,50
"TOTAL_TAGS=10000,prefix_length=72",NLHQT(n=2),collision_slots,18210.220000,77.289356,18331.950000,21.423516,50
"TOTAL_TAGS=10000,prefix_length=72",NLHQT(n=2),idle_slots,0.000000,0.000000,0.000000,0.000000,50
"TOTAL_TAGS=10000,prefix_length=72",NLHQT(n=2),total_energy_uj,5346469.203890,16154.977995,5370298.139350,4477.931440,50
"TOTAL_TAGS=10000,prefix_length=72",NLHQT(n=2),total_listening_energy_uj,5344831.347850,16151.879337,5368656.388600,4477.072536,50
"TOTAL_TAGS=10000,prefix_length=72",NLHQT(n=2),total_transmission_energy_uj,1637.856040,3.846605,1643.459300,1.066224,50
"TOTAL_TAGS=10000,prefix_length=72",NLHQT(n=2),total_bits,1307322.200000,2049.974903,1310302.600000,568.224053,50
"TOTAL_TAGS=10000,prefix_length=72",NLHQT(n=2),avg_tag_bits,65.119224,0.018334,65.148310,0.005082,50
"TOTAL_TAGS=10000,prefix_length=72",NLHQT(n=2),avg_reader_bits,65.612996,0.188142,65.887240,0.052150,50
"TOTAL_TAGS=10000,prefix_length=72",NLHQT(n=2),avg_total_bits,130.732220,0.204997,131.030260,0.056822,50
"TOTAL_TAGS=10000,prefix_length=72",NLHQT(n=2),avg_query_efficiency,0.549152,0.002329,0.552766,0.000646,50
"TOTAL_TAGS=10000,prefix_length=72",NLHQT(n=2),peak_stack_depth,21.080000,0.695173,22.000000,0.192692,50
"TOTAL_TAGS=10000,prefix_length=72",NLHQT(n=2),avg_tag_responses,9.561380,0.009280,9.576410,0.002572,50
"TOTAL_TAGS=10000,prefix_length=72",SGCT,total_protocol_time_ms,8060.917050,69.133006,8185.077688,19.162692,50
"TOTAL_TAGS=10000,prefix_length=72",SGCT,throughput_tags_per_sec,1240.642888,10.619178,1258.252934,2.943486,50
"TOTAL_TAGS=10000,prefix_length=72",SGCT,system_efficiency,0.840026,0.003200,0.845245,0.000887,50
"TOTAL_TAGS=10000,prefix_length=72",SGCT,collision_slots,1904.560000,45.376052,1988.500000,12.577600,50
"TOTAL_TAGS=10000,prefix_length=72",SGCT,idle_slots,0.000000,0.000000,0.000000,0.000000,50
"TOTAL_TAGS=10000,prefix_length=72",SGCT,total_energy_uj,4061303.581990,41086.954022,4119052.561150,11388.722613,50
"TOTAL_TAGS=10000,prefix_length=72",SGCT,total_listening_energy_uj,4060122.503760,41078.766135,4117863.723375,11386.453046,50
"TOTAL_TAGS=10000,prefix_length=72",SGCT,total_transmission_energy_uj,1181.078230,10.221844,1199.478325,2.833351,50
"TOTAL_TAGS=10000,prefix_length=72",SGCT,total_bits,1032841.460000,5342.429571,1042487.750000,1480.845926,50
"TOTAL_TAGS=10000,prefix_length=72",SGCT,avg_tag_bits,58.973646,0.033690,59.029015,0.009338,50
"TOTAL_TAGS=10000,prefix_length=72",SGCT,avg_reader_bits,44.310500,0.503420,45.215630,0.139541,50
"TOTAL_TAGS=10000,prefix_length=72",SGCT,avg_total_bits,103.284146,0.534243,104.248775,0.148085,50
"TOTAL_TAGS=10000,prefix_length=72",SGCT,avg_query_efficiency,5.253469,0.124781,5.461990,0.034587,50
"TOTAL_TAGS=10000,prefix_length=72",SGCT,peak_stack_depth,258.880000,1.319245,261.000000,0.365676,50
"TOTAL_TAGS=10000,prefix_length=72",SGCT,progressive_probe_count,952.780000,22.688026,994.750000,6.288800,50
"TOTAL_TAGS=10000,prefix_length=72",SGCT,signature_grouping_trigger_count,712.180000,17.621520,741.550000,4.884436,50
"TOTAL_TAGS=10000,prefix_length=72",SGCT,local_short_id_trigger_count,257.000000,0.000000,257.000000,0.000000,50
"TOTAL_TAGS=10000,prefix_length=72",SGCT,signature_groups_pruned,62605.040000,264.635056,63054.750000,73.353095,50
"TOTAL_TAGS=10000,prefix_length=72",SGCT,sparse_signature_groups,10469.840000,22.749174,10497.550000,6.305749,50
"TOTAL_TAGS=10000,prefix_length=72",SGCT,signature_marker_bits,20944.900000,35.592507,20999.250000,9.865740,50
"TOTAL_TAGS=10000,prefix_length=72",SGCT,signature_marker_tag_bits,20944.900000,35.592507,20999.250000,9.865740,50
"TOTAL_TAGS=10000,prefix_length=72",SGCT,signature_non_idle_marker_count,10469.840000,22.749174,10497.550000,6.305749,50
"TOTAL_TAGS=10000,prefix_length=72",SGCT,signature_collision_groups,951.780000,22.688026,993.750000,6.288800,50
"TOTAL_TAGS=10000,prefix_length=72",SGCT,signature_singleton_groups,9518.060000,28.653746,9566.000000,7.942413,50
"TOTAL_TAGS=10000,prefix_length=72",SGCT,low_d_fallback_count,240.600000,14.371173,263.100000,3.983486,50
"TOTAL_TAGS=10000,prefix_length=72",SGCT,suffix_signature_trigger_count,0.000000,0.000000,0.000000,0.000000,50
"TOTAL_TAGS=10000,prefix_length=72",SGCT,hash_short_id_round_count,0.000000,0.000000,0.000000,0.000000,50
"TOTAL_TAGS=10000,prefix_length=72",SGCT,hash_short_id_split_count,0.000000,0.000000,0.000000,0.000000,50
"TOTAL_TAGS=10000,prefix_length=72",SGCT,hash_short_id_collision_groups,0.000000,0.000000,0.000000,0.000000,50
"TOTAL_TAGS=10000,prefix_length=72",SGCT,hash_short_id_singleton_groups,0.000000,0.000000,0.000000,0.000000,50
"TOTAL_TAGS=10000,prefix_length=72",SGCT,small_cluster_guard_count,0.000000,0.000000,0.000000,0.000000,50
"TOTAL_TAGS=10000,prefix_length=72",SGCT,max_signature_d,8.000000,0.000000,8.000000,0.000000,50
"TOTAL_TAGS=10000,prefix_length=72",SGCT,epc_verification_count,10000.000000,0.000000,10000.000000,0.000000,50
"TOTAL_TAGS=10000,prefix_length=72",SGCT,verify_fail_count,0.000000,0.000000,0.000000,0.000000,50
"TOTAL_TAGS=10000,prefix_length=72",SGCT,avg_tag_responses,4.285368,0.009057,4.301940,0.002511,50
"TOTAL_TAGS=10000,prefix_length=80",DQTA(k_max=3),total_protocol_time_ms,14780.510225,79.706066,14901.445875,22.093394,50
"TOTAL_TAGS=10000,prefix_length=80",DQTA(k_max=3),throughput_tags_per_sec,676.585955,3.656652,683.537987,1.013572,50
"TOTAL_TAGS=10000,prefix_length=80",DQTA(k_max=3),system_efficiency,0.367721,0.001840,0.370417,0.000510,50
"TOTAL_TAGS=10000,prefix_length=80",DQTA(k_max=3),collision_slots,8581.880000,50.074491,8658.700000,13.879941,50
"TOTAL_TAGS=10000,prefix_length=80",DQTA(k_max=3),idle_slots,8613.320000,118.082199,8804.750000,32.730716,50
"TOTAL_TAGS=10000,prefix_length=80",DQTA(k_max=3),total_energy_uj,7404013.889972,47959.469091,7476443.488950,13293.686600,50
"TOTAL_TAGS=10000,prefix_length=80",DQTA(k_max=3),total_listening_energy_uj,7401602.698212,47949.909153,7474019.547700,13291.036720,50
"TOTAL_TAGS=10000,prefix_length=80",DQTA(k_max=3),total_transmission_energy_uj,2411.191760,11.834331,2429.177000,3.280309,50
"TOTAL_TAGS=10000,prefix_length=80",DQTA(k_max=3),total_bits,1841724.880000,6025.537597,1850932.150000,1670.193810,50
"TOTAL_TAGS=10000,prefix_length=80",DQTA(k_max=3),avg_tag_bits,84.817200,0.026469,84.856685,0.007337,50
"TOTAL_TAGS=10000,prefix_length=80",DQTA(k_max=3),avg_reader_bits,99.355288,0.588209,100.247395,0.163043,50
"TOTAL_TAGS=10000,prefix_length=80",DQTA(k_max=3),avg_total_bits,184.172488,0.602554,185.093215,0.167019,50
"TOTAL_TAGS=10000,prefix_length=80",DQTA(k_max=3),avg_query_efficiency,1.165285,0.006815,1.177870,0.001889,50
"TOTAL_TAGS=10000,prefix_length=80",DQTA(k_max=3),peak_stack_depth,27.540000,0.813408,29.000000,0.225465,50
"TOTAL_TAGS=10000,prefix_length=80",DQTA(k_max=3),avg_tag_responses,5.065916,0.004898,5.073000,0.001358,50
"TOTAL_TAGS=10000,prefix_length=80",DRCT,total_protocol_time_ms,21784.426450,105.940374,21965.667625,29.365173,50
"TOTAL_TAGS=10000,prefix_length=80",DRCT,throughput_tags_per_sec,459.054157,2.229960,461.861738,0.618113,50
"TOTAL_TAGS=10000,prefix_length=80",DRCT,system_efficiency,0.398274,0.001966,0.400744,0.000545,50
"TOTAL_TAGS=10000,prefix_length=80",DRCT,collision_slots,12553.460000,62.059948,12659.850000,17.202140,50
"TOTAL_TAGS=10000,prefix_length=80",DRCT,idle_slots,2555.460000,62.059948,2661.850000,17.202140,50
"TOTAL_TAGS=10000,prefix_length=80",DRCT,total_energy_uj,10946867.722425,50728.695699,11036846.776981,14061.277054,50
"TOTAL_TAGS=10000,prefix_length=80",DRCT,energy_per_tag_uj,1094.686772,5.072870,1103.684678,1.406128,50
"TOTAL_TAGS=10000,prefix_length=80",DRCT,total_reader_tx_energy_uj,3072.439480,15.271839,3098.531000,4.233138,50
"TOTAL_TAGS=10000,prefix_length=80",DRCT,total_tag_tx_energy_uj,1893.081860,0.228807,1893.448175,0.063422,50
"TOTAL_TAGS=10000,prefix_length=80",DRCT,total_listening_energy_uj,10941902.201085,50714.575881,11031847.336456,14057.363240,50
"TOTAL_TAGS=10000,prefix_length=80",DRCT,total_transmission_energy_uj,4965.521340,15.473643,4991.901800,4.289075,50
"TOTAL_TAGS=10000,prefix_length=80",DRCT,total_bits,5322383.460000,8041.696900,5336007.100000,2229.044657,50
"TOTAL_TAGS=10000,prefix_length=80",DRCT,avg_tag_bits,378.616372,0.045761,378.689635,0.012684,50
"TOTAL_TAGS=10000,prefix_length=80",DRCT,avg_reader_bits,153.621974,0.763592,154.926550,0.211657,50
"TOTAL_TAGS=10000,prefix_length=80",DRCT,avg_total_bits,532.238346,0.804170,533.600710,0.222904,50
"TOTAL_TAGS=10000,prefix_length=80",DRCT,avg_query_efficiency,0.796612,0.003934,0.801552,0.001090,50
"TOTAL_TAGS=10000,prefix_length=80",DRCT,peak_stack_depth,13.040000,0.449943,14.000000,0.124718,50
"TOTAL_TAGS=10000,prefix_length=80",DRCT,avg_tag_responses,94.137674,0.014009,94.159140,0.003883,50
"TOTAL_TAGS=10000,prefix_length=80",EAQ_CBB,total_protocol_time_ms,28611.563000,93.584623,28753.638063,25.940334,50
"TOTAL_TAGS=10000,prefix_length=80",EAQ_CBB,throughput_tags_per_sec,349.512710,1.143904,351.258074,0.317074,50
"TOTAL_TAGS=10000,prefix_length=80",EAQ_CBB,system_efficiency,0.546042,0.001767,0.548727,0.000490,50
"TOTAL_TAGS=10000,prefix_length=80",EAQ_CBB,collision_slots,8313.800000,59.222514,8404.200000,16.415643,50
"TOTAL_TAGS=10000,prefix_length=80",EAQ_CBB,idle_slots,0.000000,0.000000,0.000000,0.000000,50
"TOTAL_TAGS=10000,prefix_length=80",EAQ_CBB,total_energy_uj,14313178.048595,58687.830091,14397644.443931,16267.436551,50
"TOTAL_TAGS=10000,prefix_length=80",EAQ_CBB,total_listening_energy_uj,14308777.137195,58675.378916,14393222.162181,16263.985262,50
"TOTAL_TAGS=10000,prefix_length=80",EAQ_CBB,total_transmission_energy_uj,4400.911400,14.171458,4422.434175,3.928128,50
"TOTAL_TAGS=10000,prefix_length=80",EAQ_CBB,total_bits,2419416.640000,7716.530890,2431124.250000,2138.913237,50
"TOTAL_TAGS=10000,prefix_length=80",EAQ_CBB,avg_tag_bits,29.194792,0.106533,29.363015,0.029530,50
"TOTAL_TAGS=10000,prefix_length=80",EAQ_CBB,avg_reader_bits,212.746872,0.688323,213.791470,0.190793,50
"TOTAL_TAGS=10000,prefix_length=80",EAQ_CBB,avg_total_bits,241.941664,0.771653,243.112425,0.213891,50
"TOTAL_TAGS=10000,prefix_length=80",EAQ_CBB,avg_query_efficiency,1.202879,0.008580,1.215953,0.002378,50
"TOTAL_TAGS=10000,prefix_length=80",EAQ_CBB,peak_stack_depth,2455.240000,6.720544,2464.550000,1.862840,50
"TOTAL_TAGS=10000,prefix_length=80",EAQ_CBB,avg_tag_responses,3.790644,0.013467,3.810110,0.003733,50
"TOTAL_TAGS=10000,prefix_length=80",EMDT,total_protocol_time_ms,13677.750200,101.017897,13851.533500,28.000732,50
"TOTAL_TAGS=10000,prefix_length=80",EMDT,throughput_tags_per_sec,731.153388,5.388273,738.661705,1.493553,50
"TOTAL_TAGS=10000,prefix_length=80",EMDT,system_efficiency,0.502158,0.005380,0.509869,0.001491,50
"TOTAL_TAGS=10000,prefix_length=80",EMDT,collision_slots,5942.360000,104.689777,6113.550000,29.018526,50
"TOTAL_TAGS=10000,prefix_length=80",EMDT,idle_slots,3973.920000,129.468906,4210.100000,35.886950,50
"TOTAL_TAGS=10000,prefix_length=80",EMDT,total_energy_uj,6843842.814925,62852.774506,6953578.905412,17421.900243,50
"TOTAL_TAGS=10000,prefix_length=80",EMDT,total_listening_energy_uj,6842616.237405,62852.878802,6952350.070213,17421.929153,50
"TOTAL_TAGS=10000,prefix_length=80",EMDT,total_transmission_energy_uj,1226.577520,6.382131,1236.969800,1.769036,50
"TOTAL_TAGS=10000,prefix_length=80",EMDT,total_bits,1721150.360000,5502.280428,1730529.900000,1525.154323,50
"TOTAL_TAGS=10000,prefix_length=80",EMDT,avg_tag_bits,147.714880,0.340034,148.264160,0.094253,50
"TOTAL_TAGS=10000,prefix_length=80",EMDT,avg_reader_bits,24.400156,0.252509,24.768480,0.069992,50
"TOTAL_TAGS=10000,prefix_length=80",EMDT,avg_total_bits,172.115036,0.550228,173.052990,0.152515,50
"TOTAL_TAGS=10000,prefix_length=80",EMDT,avg_query_efficiency,1.683343,0.029527,1.725285,0.008184,50
"TOTAL_TAGS=10000,prefix_length=80",EMDT,peak_stack_depth,46.760000,1.450686,49.000000,0.402110,50
"TOTAL_TAGS=10000,prefix_length=80",EMDT,avg_tag_responses,5.313364,0.021123,5.343055,0.005855,50
"TOTAL_TAGS=10000,prefix_length=80",HT_EEAC,total_protocol_time_ms,79079.547300,1631.247379,81730.398375,452.158705,50
"TOTAL_TAGS=10000,prefix_length=80",HT_EEAC,throughput_tags_per_sec,126.507819,2.616116,130.081894,0.725150,50
"TOTAL_TAGS=10000,prefix_length=80",HT_EEAC,system_efficiency,0.062030,0.001373,0.063902,0.000381,50
"TOTAL_TAGS=10000,prefix_length=80",HT_EEAC,collision_slots,145365.740000,3578.160306,151124.550000,991.815435,50
"TOTAL_TAGS=10000,prefix_length=80",HT_EEAC,idle_slots,5925.100000,132.669799,6159.650000,36.774192,50
"TOTAL_TAGS=10000,prefix_length=80",HT_EEAC,total_energy_uj,46453206.436159,1112926.371524,48129258.285436,308487.451432,50
"TOTAL_TAGS=10000,prefix_length=80",HT_EEAC,total_listening_energy_uj,46444386.713279,1112746.403334,48120190.219636,308437.566795,50
"TOTAL_TAGS=10000,prefix_length=80",HT_EEAC,total_transmission_energy_uj,8819.722880,185.324866,9121.090600,51.369432,50
"TOTAL_TAGS=10000,prefix_length=80",HT_EEAC,total_bits,6994250.320000,135586.090503,7214356.700000,37582.546860,50
"TOTAL_TAGS=10000,prefix_length=80",HT_EEAC,avg_tag_bits,344.585184,5.725056,353.799280,1.586905,50
"TOTAL_TAGS=10000,prefix_length=80",HT_EEAC,avg_reader_bits,354.839848,7.835802,367.594150,2.171974,50
"TOTAL_TAGS=10000,prefix_length=80",HT_EEAC,avg_total_bits,699.425032,13.558609,721.435670,3.758255,50
"TOTAL_TAGS=10000,prefix_length=80",HT_EEAC,avg_query_efficiency,0.068833,0.001701,0.071195,0.000471,50
"TOTAL_TAGS=10000,prefix_length=80",HT_EEAC,avg_tag_responses,249.711994,11.407521,268.618205,3.162004,50
"TOTAL_TAGS=10000,prefix_length=80",LAPCT,total_protocol_time_ms,30839.286275,1.114961,30840.356250,0.309051,50
"TOTAL_TAGS=10000,prefix_length=80",LAPCT,throughput_tags_per_sec,324.261720,0.011724,324.291613,0.003250,50
"TOTAL_TAGS=10000,prefix_length=80",LAPCT,system_efficiency,0.498971,0.000016,0.498977,0.000005,50
"TOTAL_TAGS=10000,prefix_length=80",LAPCT,collision_slots,10041.240000,0.656521,10043.000000,0.181978,50
"TOTAL_TAGS=10000,prefix_length=80",LAPCT,idle_slots,0.000000,0.000000,0.000000,0.000000,50
"TOTAL_TAGS=10000,prefix_length=80",LAPCT,total_energy_uj,15432621.971047,758.295514,15433575.210581,210.188793,50
"TOTAL_TAGS=10000,prefix_length=80",LAPCT,total_listening_energy_uj,15427534.822207,757.912686,15428487.759206,210.082678,50
"TOTAL_TAGS=10000,prefix_length=80",LAPCT,total_transmission_energy_uj,5087.148840,0.485557,5087.481900,0.134590,50
"TOTAL_TAGS=10000,prefix_length=80",LAPCT,total_bits,3231316.860000,661.060898,3231723.300000,183.236732,50
"TOTAL_TAGS=10000,prefix_length=80",LAPCT,avg_tag_bits,91.698992,0.057434,91.744965,0.015920,50
"TOTAL_TAGS=10000,prefix_length=80",LAPCT,avg_reader_bits,231.432694,0.012405,231.447500,0.003438,50
"TOTAL_TAGS=10000,prefix_length=80",LAPCT,avg_total_bits,323.131686,0.066106,323.172330,0.018324,50
"TOTAL_TAGS=10000,prefix_length=80",LAPCT,avg_query_efficiency,0.995893,0.000065,0.995917,0.000018,50
"TOTAL_TAGS=10000,prefix_length=80",LAPCT,peak_stack_depth,17.740000,0.564602,18.550000,0.156500,50
"TOTAL_TAGS=10000,prefix_length=80",LAPCT,avg_tag_responses,11.574540,0.008478,11.584015,0.002350,50
"TOTAL_TAGS=10000,prefix_length=80",NLHQT(n=2),total_protocol_time_ms,9184.707950,14.456596,9204.239000,4.007164,50
"TOTAL_TAGS=10000,prefix_length=80",NLHQT(n=2),throughput_tags_per_sec,1088.768890,1.713899,1091.369704,0.475069,50
"TOTAL_TAGS=10000,prefix_length=80",NLHQT(n=2),system_efficiency,0.378069,0.000475,0.378797,0.000132,50
"TOTAL_TAGS=10000,prefix_length=80",NLHQT(n=2),collision_slots,16450.220000,33.237728,16502.300000,9.213028,50
"TOTAL_TAGS=10000,prefix_length=80",NLHQT(n=2),idle_slots,0.000000,0.000000,0.000000,0.000000,50
"TOTAL_TAGS=10000,prefix_length=80",NLHQT(n=2),total_energy_uj,4595816.261330,7472.100108,4606884.179250,2071.160481,50
"TOTAL_TAGS=10000,prefix_length=80",NLHQT(n=2),total_listening_energy_uj,4594374.061690,7470.527775,4605441.119850,2070.724653,50
"TOTAL_TAGS=10000,prefix_length=80",NLHQT(n=2),total_transmission_energy_uj,1442.199640,2.012229,1445.044500,0.557761,50
"TOTAL_TAGS=10000,prefix_length=80",NLHQT(n=2),total_bits,1079854.760000,1021.749831,1081294.200000,283.214604,50
"TOTAL_TAGS=10000,prefix_length=80",NLHQT(n=2),avg_tag_bits,47.833992,0.003950,47.839600,0.001095,50
"TOTAL_TAGS=10000,prefix_length=80",NLHQT(n=2),avg_reader_bits,60.151484,0.100104,60.293160,0.027748,50
"TOTAL_TAGS=10000,prefix_length=80",NLHQT(n=2),avg_total_bits,107.985476,0.102175,108.129420,0.028321,50
"TOTAL_TAGS=10000,prefix_length=80",NLHQT(n=2),avg_query_efficiency,0.607897,0.001228,0.609780,0.000340,50
"TOTAL_TAGS=10000,prefix_length=80",NLHQT(n=2),peak_stack_depth,21.100000,0.677631,22.000000,0.187830,50
"TOTAL_TAGS=10000,prefix_length=80",NLHQT(n=2),avg_tag_responses,9.309154,0.005536,9.317810,0.001534,50
"TOTAL_TAGS=10000,prefix_length=80",SGCT,total_protocol_time_ms,5490.737500,0.000000,5490.737500,0.000000,50
"TOTAL_TAGS=10000,prefix_length=80",SGCT,throughput_tags_per_sec,1821.248967,0.000000,1821.248967,0.000000,50
"TOTAL_TAGS=10000,prefix_length=80",SGCT,system_efficiency,0.951203,0.000000,0.951203,0.000000,50
"TOTAL_TAGS=10000,prefix_length=80",SGCT,collision_slots,513.000000,0.000000,513.000000,0.000000,50
"TOTAL_TAGS=10000,prefix_length=80",SGCT,idle_slots,0.000000,0.000000,0.000000,0.000000,50
"TOTAL_TAGS=10000,prefix_length=80",SGCT,total_energy_uj,2775151.440345,3777.573494,2780456.655413,1047.089951,50
"TOTAL_TAGS=10000,prefix_length=80",SGCT,total_listening_energy_uj,2774354.990345,3777.573494,2779660.205413,1047.089951,50
"TOTAL_TAGS=10000,prefix_length=80",SGCT,total_transmission_energy_uj,796.450000,0.000000,796.450000,0.000000,50
"TOTAL_TAGS=10000,prefix_length=80",SGCT,total_bits,713225.000000,0.000000,713225.000000,0.000000,50
"TOTAL_TAGS=10000,prefix_length=80",SGCT,avg_tag_bits,42.000000,0.000000,42.000000,0.000000,50
"TOTAL_TAGS=10000,prefix_length=80",SGCT,avg_reader_bits,29.322500,0.000000,29.322500,0.000000,50
"TOTAL_TAGS=10000,prefix_length=80",SGCT,avg_total_bits,71.322500,0.000000,71.322500,0.000000,50
"TOTAL_TAGS=10000,prefix_length=80",SGCT,avg_query_efficiency,19.493177,0.000000,19.493177,0.000000,50
"TOTAL_TAGS=10000,prefix_length=80",SGCT,peak_stack_depth,256.000000,0.000000,256.000000,0.000000,50
"TOTAL_TAGS=10000,prefix_length=80",SGCT,progressive_probe_count,257.000000,0.000000,257.000000,0.000000,50
"TOTAL_TAGS=10000,prefix_length=80",SGCT,signature_grouping_trigger_count,257.000000,0.000000,257.000000,0.000000,50
"TOTAL_TAGS=10000,prefix_length=80",SGCT,local_short_id_trigger_count,257.000000,0.000000,257.000000,0.000000,50
"TOTAL_TAGS=10000,prefix_length=80",SGCT,signature_groups_pruned,55536.000000,0.000000,55536.000000,0.000000,50
"TOTAL_TAGS=10000,prefix_length=80",SGCT,sparse_signature_groups,10256.000000,0.000000,10256.000000,0.000000,50
"TOTAL_TAGS=10000,prefix_length=80",SGCT,signature_marker_bits,20000.000000,0.000000,20000.000000,0.000000,50
"TOTAL_TAGS=10000,prefix_length=80",SGCT,signature_marker_tag_bits,20000.000000,0.000000,20000.000000,0.000000,50
"TOTAL_TAGS=10000,prefix_length=80",SGCT,signature_non_idle_marker_count,10256.000000,0.000000,10256.000000,0.000000,50
"TOTAL_TAGS=10000,prefix_length=80",SGCT,signature_collision_groups,256.000000,0.000000,256.000000,0.000000,50
"TOTAL_TAGS=10000,prefix_length=80",SGCT,signature_singleton_groups,10000.000000,0.000000,10000.000000,0.000000,50
"TOTAL_TAGS=10000,prefix_length=80",SGCT,low_d_fallback_count,0.000000,0.000000,0.000000,0.000000,50
"TOTAL_TAGS=10000,prefix_length=80",SGCT,suffix_signature_trigger_count,0.000000,0.000000,0.000000,0.000000,50
"TOTAL_TAGS=10000,prefix_length=80",SGCT,hash_short_id_round_count,0.000000,0.000000,0.000000,0.000000,50
"TOTAL_TAGS=10000,prefix_length=80",SGCT,hash_short_id_split_count,0.000000,0.000000,0.000000,0.000000,50
"TOTAL_TAGS=10000,prefix_length=80",SGCT,hash_short_id_collision_groups,0.000000,0.000000,0.000000,0.000000,50
"TOTAL_TAGS=10000,prefix_length=80",SGCT,hash_short_id_singleton_groups,0.000000,0.000000,0.000000,0.000000,50
"TOTAL_TAGS=10000,prefix_length=80",SGCT,small_cluster_guard_count,0.000000,0.000000,0.000000,0.000000,50
"TOTAL_TAGS=10000,prefix_length=80",SGCT,max_signature_d,8.000000,0.000000,8.000000,0.000000,50
"TOTAL_TAGS=10000,prefix_length=80",SGCT,epc_verification_count,10000.000000,0.000000,10000.000000,0.000000,50
"TOTAL_TAGS=10000,prefix_length=80",SGCT,verify_fail_count,0.000000,0.000000,0.000000,0.000000,50
"TOTAL_TAGS=10000,prefix_length=80",SGCT,avg_tag_responses,4.000000,0.000000,4.000000,0.000000,50
